Handle,Title,Body (HTML),Vendor,Product Category,Type,Tags,Published,Option1 Name,Option1 Value,Option1 Linked To,Option2 Name,Option2 Value,Option2 Linked To,Option3 Name,Option3 Value,Option3 Linked To,Variant SKU,Variant Grams,Variant Inventory Tracker,Variant Inventory Qty,Variant Inventory Policy,Variant Fulfillment Service,Variant Price,Variant Compare At Price,Variant Requires Shipping,Variant Taxable,Unit Price Total Measure,Unit Price Total Measure Unit,Unit Price Base Measure,Unit Price Base Measure Unit,Variant Barcode,Image Src,Image Position,Image Alt Text,Gift Card,SEO Title,SEO Description,Waitlist Emails (product.metafields.custom.waitlist_emails),Art style (product.metafields.shopify.art-style),Carry options (product.metafields.shopify.carry-options),Color (product.metafields.shopify.color-pattern),Genre (product.metafields.shopify.genre),Media format (product.metafields.shopify.media-format),Neckline (product.metafields.shopify.neckline),Orientation (product.metafields.shopify.orientation),Sleeve length type (product.metafields.shopify.sleeve-length-type),Theme (product.metafields.shopify.theme),Tote handle type (product.metafields.shopify.tote-handle-type),Complementary products (product.metafields.shopify--discovery--product_recommendation.complementary_products),Related products (product.metafields.shopify--discovery--product_recommendation.related_products),Related products settings (product.metafields.shopify--discovery--product_recommendation.related_products_display),Search product boosts (product.metafields.shopify--discovery--product_search_boost.queries),Variant Image,Variant Weight Unit,Variant Tax Code,Cost per item,Status
when-a-man-loves-a-woman-vhs,When a Man Loves a Woman,"<p>A wife and mother of two daughters, Alice Green (Meg Ryan) has developed a severe drinking problem. While her husband, Michael (Andy Garcia), has been patient in dealing with this issue, it soon becomes clear that he has been enabling her alcoholism. When her addiction threatens her children's safety, Alice decides to enter a rehab clinic. Upon returning home, she finds that her new lifestyle causes an unexpected rift with Michael, leading to some soul-searching for the couple.</p>",VHS,Media > Videos,,"Formatted, Rental, Romantic Comedy, VHS",true,Genre,Romantic Comedy,,,,,,,,,0.0,shopify,1,deny,manual,0.00,,false,false,,,,,17254906,https://cdn.shopify.com/s/files/1/0671/0552/1726/files/images_a0feedb2-e5ad-45a1-913e-5fab981519ab.jpg?v=1788195159,1,When a Man Loves a Woman poster,false,,,,,,,romantic-comedy,,,,,,,,,,,,lb,,,active
mr-wonderful-vhs,Mr. Wonderful,"<p>Gus (Matt Dillon) is a New Yorker with an entrepreneurial spirit. He'd like to quit his job and open a bowling alley, but financial obligations from his ex-marriage are standing in his way. Gus owes alimony to Leonora (Annabella Sciorra), but if she remarries, he'll be flush with cash. So he embarks on a scheme to find her a husband. Leonora is in a relationship with Tom (William Hurt), but like Gus, she's a romantic -- and soon Gus and Leonora find they may still have a spark left.</p>",VHS,Media > Videos,,"Formatted, Rental, Romantic Comedy, VHS",true,Genre,Romantic Comedy,,,,,,,,,0.0,shopify,1,deny,manual,0.00,,false,false,,,,,17287674,https://cdn.shopify.com/s/files/1/0671/0552/1726/files/images_c935e2a8-3993-4afe-a5a1-c68c1929d955.jpg?v=1788195159,1,Mr. Wonderful poster,false,,,,,,,romantic-comedy,,,,,,,,,,,,lb,,,active
sabrina-1995-vhs,Sabrina (1995),"<p>Sabrina Fairchild is a chauffeur's daughter who grew up with the wealthy Larrabee family. She always had unreciprocated feelings for David, the family's younger son and playboy. But after returning from Paris, Sabrina has become a glamorous woman who gets David's attention. His older, work-minded brother Linus thinks their courtship is bad for the family business and tries to break them up -- but then he starts to fall for her too.</p>",VHS,Media > Videos,,"Formatted, Rental, Romantic Comedy, VHS",true,Genre,Romantic Comedy,,,,,,,,,0.0,shopify,1,deny,manual,0.00,,false,false,,,,,17320442,https://cdn.shopify.com/s/files/1/0671/0552/1726/files/images_857d60a8-3f4b-43ea-8acb-c230c498634d.jpg?v=1788195158,1,Sabrina (1995) poster,false,,,,,,,romantic-comedy,,,,,,,,,,,,lb,,,active
the-big-chill-vhs-floor-sale,The Big Chill,<p>Seven old college friends gather for a weekend reunion after the funeral of one of their own.</p>,VHS,Media > Videos,,"Comedy, Floor Sale, Formatted, VHS",true,Genre,Comedy,,,,,,,,,0.0,shopify,1,deny,manual,6.00,,false,false,,,,,18270714,https://cdn.shopify.com/s/files/1/0671/0552/1726/files/rU8kjMEL5Mn0EWm3gOShPHBEZ4l_6ed6498a-eb43-45f6-b614-89de960e4097.jpg?v=1788195157,1,The Big Chill (1983) poster,false,,,,,,,comedy,,,,,,,,,,,,lb,,,active
tricks-of-the-trade-vhs,Tricks of the Trade,"<p>After her picture perfect husband is murdered in a prostitute's apartment, Beverly Hills homemaker Catherine is devastated. But she doesn't spend too long mourning, because she's soon on a mission to put her husband's killer behind bars. To do so, she forms an unlikely partnership with Marla, the Hollywood hooker who serviced the deceased. Under Marla's guidance, the pair navigate the seedier side of Los Angeles to put this mystery to rest.</p>",VHS,Media > Videos,,"Comedy, Floor Sale, Formatted, VHS",true,Genre,Comedy,,,,,,,,,0.0,shopify,1,deny,manual,5.00,,true,true,,,,,18303482,https://cdn.shopify.com/s/files/1/0671/0552/1726/files/l87PoLsIGGw22PJIoiVKlAcCRyM_b7c07dc6-959f-41b3-a683-8554af242575.jpg?v=1788267282,1,Tricks of the Trade (1988) poster,false,,,,,,,comedy,,,,,,,,,,,,lb,,,active
dirty-rotten-scoundrels-vhs,Dirty Rotten Scoundrels,"<p>Con artist Lawrence Jamieson is a longtime resident of a luxurious coastal resort, where he enjoys the lavish fruits of his deceptions -- that is, until a competitor, Freddy Benson, shows up. When the new guy's lowbrow tactics impinge on his own sophisticated work and believing him to be the infamous conman 'The Jackal', Lawrence resolves to get rid of him. Confident of his own duplicitous talents, he challenges Freddy to a winner-takes-all competition: whoever swindles their latest mark, American heiress Janet Colgate, out of $50,000 first can stay, while the other must leave town.</p>",VHS,Media > Videos,,"Comedy, Floor Sale, Formatted, VHS",true,Genre,Comedy,,,,,,,,,0.0,shopify,1,deny,manual,7.00,,false,false,,,,,18434554,https://cdn.shopify.com/s/files/1/0671/0552/1726/files/3176xH21fSetstKpEtAD1giHbyT.jpg?v=1788195157,1,Dirty Rotten Scoundrels (1988) poster,false,,,,,,,comedy,,,,,,,,,,,,lb,,,active
theory-of-flight-vhs,Theory of Flight,"<p>Richard is assigned public service after crashing his homemade aircraft, leading him to meet Jane, a young woman dying of motor neuron disease. After they strike up a friendship, Jane asks Richard to help fulfill her deepest wish: to lose her virginity before her death.</p>",VHS,Media > Videos,,"Floor Sale, Formatted, Romantic Comedy, VHS",true,Genre,Romantic Comedy,,,,,,,,,0.0,shopify,1,deny,manual,6.00,,false,false,,,,,18467322,https://cdn.shopify.com/s/files/1/0671/0552/1726/files/wnvKxQ2PwqLf1QOtblr8ICrxXTi.jpg?v=1788195156,1,Theory of Flight (1999) poster,false,,,,,,,romantic-comedy,,,,,,,,,,,,lb,,,active
last-days-of-planet-earth-vhs,Last Days of Planet Earth,<p>Dr. Nishiyama has to combat increasingly bizarre events on which seem all too familiar to the French prophet Nostradamus's predictions.</p>,VHS,Media > Videos,,"Floor Sale, Formatted, Sci-Fi, VHS",true,Genre,Sci-Fi,,,,,,,,,0.0,shopify,1,deny,manual,18.00,,false,false,,,,,18762234,https://cdn.shopify.com/s/files/1/0671/0552/1726/files/1sB4Yyl1iSA6826WMjvu7YMcs5y.jpg?v=1788195155,1,Last Days of Planet Earth (1981) poster,false,,,,,,,sci-fi,,,,,,,,,,,,lb,,,active
100-girls-vhs,100 Girls,"<p>Matthew, a college freshman, meets his dream girl in a dorm elevator during a blackout. He never sees her face, but instantly falls in love. In the morning, the power is restored, but the ""dream girl"" has vanished. All Matthew knows is that she lives in an all-girls dorm. He sets out on a semester-long journey to find his mystery girl among a hundred female suspects. Could it be Wendy? Dora? Arlene? Patty? Cynthia? Or the 95 other girls, any of whom could have been in that elevator with Matthew.</p>",VHS,Media > Videos,,"Comedy, Floor Sale, Formatted, VHS",true,Genre,Comedy,,,,,,,,,0.0,shopify,1,deny,manual,14.00,,false,false,,,,,18795002,https://cdn.shopify.com/s/files/1/0671/0552/1726/files/sspDghFACtzitHyNV4sMBQcQKsg.jpg?v=1788195154,1,100 Girls (2000) poster,false,,,,,,,comedy,,,,,,,,,,,,lb,,,active
novocane-vhs,Novocane,<p>Novocaine is a 2001 American black comedy thriller starring Steve Martin as a dentist drawn into a web of crime.</p>,VHS,Media > Videos,,"Comedy, Floor Sale, Formatted, VHS",true,Genre,Comedy,,,,,,,,,0.0,shopify,1,deny,manual,5.00,,false,false,,,,,18827770,https://cdn.shopify.com/s/files/1/0671/0552/1726/files/Novocaine-Poster.jpg?v=1788272189,1,Novocane poster,false,,,,,,,comedy,,,,,,,,,,,,lb,,,active
10-rillington-place-vhs,10 Rillington Place,"<p>The story of British serial killer John Christie, who committed most or all of his crimes in the titular terraced house, and the miscarriage of justice involving Timothy Evans.</p>",VHS,Media > Videos,,"Floor Sale, Formatted, Thriller, VHS",true,Genre,Thriller,,,,,,,,,0.0,shopify,1,deny,manual,10.00,,false,false,,,,,18860538,https://cdn.shopify.com/s/files/1/0671/0552/1726/files/aQP2rSIciaeb2FGPeOQIWsCysts.jpg?v=1788195153,1,10 Rillington Place (1971) poster,false,,,,,,,thriller,,,,,,,,,,,,lb,,,active
over-her-dead-body-vhs,Over Her Dead Body,"<p>After his fiancée, Kate, dies in an accident on their wedding day, veterinarian Henry grows depressed. To help him move on, his sister has him visit psychic Ashley and gives her Kate's diary. Ashley uses the journal's details to convincingly deliver the fake message that Kate wants Henry to move on. However, Kate's ghost is watching over Ashley and Henry. Furious when they fall for each other, she vows to sabotage their relationship.</p>",VHS,Media > Videos,,"Comedy, Floor Sale, Formatted, VHS",true,Genre,Comedy,,,,,,,,,0.0,shopify,1,deny,manual,7.00,,false,false,,,,,18958842,https://cdn.shopify.com/s/files/1/0671/0552/1726/files/85moNqAncGlJXEwt4Ja3DfNbiQY.jpg?v=1788195153,1,Over Her Dead Body (2008) poster,false,,,,,,,comedy,,,,,,,,,,,,lb,,,active
crooked-lines-vhs,Crooked Lines,"<p>Johnny, Chris, Sal, and Joe are four petty crooks thrown together for the job of a lifetime. $1 million in mob money being held at a delicatessen for pick-up seems like an easy score until the bumbling quartet collaborate to mess the whole thing up. Suddenly the Brooklyn mafia and police are on their trail and the fool proof plan now looks like a death trap.</p>",VHS,Media > Videos,,"Comedy, Floor Sale, Formatted, VHS",true,Genre,Comedy,,,,,,,,,0.0,shopify,1,deny,manual,7.00,,false,false,,,,,18991610,https://cdn.shopify.com/s/files/1/0671/0552/1726/files/coTH1Dp8oSmQ6ZH220KLixTRmmP.jpg?v=1788195152,1,Crooked Lines (2003) poster,false,,,,,,,comedy,,,,,,,,,,,,lb,,,active
on-a-clear-day-you-can-see-forever-vhs,On a Clear Day You Can See Forever,"<p>Daisy Gamble, an unusual woman who hears phones before they ring, and does wonders with her flowers, wants to quit smoking to please her fiancé, Warren. She goes to a doctor of hypnosis to do it. But once she's under, her doctor finds out that she can regress into past lives and different personalities, and he finds himself falling in love with one of them.</p>",VHS,Media > Videos,,"Floor Sale, Formatted, Musical, VHS",true,Genre,Musical,,,,,,,,,0.0,shopify,1,deny,manual,5.00,,false,false,,,,,19024378,https://cdn.shopify.com/s/files/1/0671/0552/1726/files/maUgkAqcTTBpMbZoxUmuxtb9mzk.jpg?v=1788195151,1,On a Clear Day You Can See Forever (1970) poster,false,,,,,,,musical,,,,,,,,,,,,lb,,,active
options-vhs,Options,"<p>An MBA goes to Africa to make a deal, but comes out with a Princess.</p>",VHS,Media > Videos,,"Floor Sale, Formatted, Romantic Comedy, VHS",true,Genre,Romantic Comedy,,,,,,,,,0.0,shopify,1,deny,manual,7.00,,true,true,,,,,73452026,https://cdn.shopify.com/s/files/1/0671/0552/1726/files/kbXYv4cq4A6YUwppzFlYQb31oGe.jpg?v=1788267282,1,Options (1989) poster,false,,,,,,,romantic-comedy,,,,,,,,,,,,lb,,,active
the-mirror-has-two-faces-vhs,The Mirror Has Two Faces,"<p>Rose Morgan, who still lives with her mother, is a professor of Romantic Literature who desperately longs for passion in her life. Gregory Larkin, a mathematics professor, has been burned by passionate relationships and longs for a sexless union based on friendship and respect.</p>",VHS,Media > Videos,,"Floor Sale, Formatted, Romantic Comedy, VHS",true,Genre,Romantic Comedy,,,,,,,,,0.0,shopify,1,deny,manual,5.00,,true,true,,,,,73517562,https://cdn.shopify.com/s/files/1/0671/0552/1726/files/ekk8MKMp3tlJjcMuhOgKsMCRrvR.jpg?v=1788267281,1,The Mirror Has Two Faces (1996) poster,false,,,,,,,romantic-comedy,,,,,,,,,,,,lb,,,active
10-things-i-hate-about-you-vhs,10 Things I Hate About You,"<p>On the first day at his new school, Cameron instantly falls for Bianca, the gorgeous girl of his dreams. The only problem is that Bianca is forbidden to date until her ill-tempered, completely un-dateable older sister Kat goes out, too. In an attempt to solve his problem, Cameron singles out the only guy who could possibly be a match for Kat: a mysterious bad boy with a nasty reputation of his own.</p>",VHS,Media > Videos,,"Floor Sale, Formatted, Romantic Comedy, VHS",true,Genre,Romantic Comedy,,,,,,,,,0.0,shopify,1,deny,manual,8.00,,false,false,,,,,73812474,https://cdn.shopify.com/s/files/1/0671/0552/1726/files/ujERk3aKABXU3NDXOAxEQYTHe9A_ef9614d2-0a37-4e37-9f4d-5794eada6c1f.jpg?v=1788195150,1,10 Things I Hate About You (1999) poster,false,,,,,,,romantic-comedy,,,,,,,,,,,,lb,,,active
outside-providence-vhs,Outside Providence,"<p>In this coming-of-age comedy, Tim Dunphy is leading a go-nowhere existence, spending his days smoking pot and hanging out with his best friend, Drugs Delaney. But Tim's lazy days of getting high are jettisoned after a brush with the law convinces his blue-collar dad to send him to a Connecticut prep school. The one saving grace of the new school is Jane, a fellow student Tim falls for immediately.</p>",VHS,Media > Videos,,"Comedy, Floor Sale, Formatted, VHS",true,Genre,Comedy,,,,,,,,,0.0,shopify,1,deny,manual,6.00,,false,false,,,,,73845242,https://cdn.shopify.com/s/files/1/0671/0552/1726/files/xSqewkFWR0zs7OkXLOd10VnxFPN.jpg?v=1788195149,1,Outside Providence (1999) poster,false,,,,,,,comedy,,,,,,,,,,,,lb,,,active
once-upon-a-crime-vhs,Once Upon a Crime,"<p>On their way to Monte Carlo, Monaco, Marilyn and her husband, Neil, meet several other married couples, including Julian and Phoebe, who are traveling with a lost dog they plan to return to its wealthy owner for a large reward. But, when the dog's mistress is murdered, the travelers become the prime suspects, and Inspector Bonnard is determined to track them all down.</p>",VHS,Media > Videos,,"Comedy, Floor Sale, Formatted, VHS",true,Genre,Comedy,,,,,,,,,0.0,shopify,1,deny,manual,4.00,,false,false,,,,,73943546,https://cdn.shopify.com/s/files/1/0671/0552/1726/files/13zU7il6WMJ0QlXTMokJyBYSsYE.jpg?v=1788195148,1,Once Upon a Crime (1992) poster,false,,,,,,,comedy,,,,,,,,,,,,lb,,,active
trick-vhs,Trick,"<p>Gabriel is a young, aspiring musical composer whose life seems stuck in the First Act. When his new musical number gets a critical reception, a theatre colleague, Perry, tells Gabriel that he needs to get a life before he can write about one – so he heads straight for his local gay bar.</p>",VHS,Media > Videos,,"Comedy, Floor Sale, Formatted, VHS",true,Genre,Comedy,,,,,,,,,0.0,shopify,1,deny,manual,8.00,,false,false,,,,,73976314,https://cdn.shopify.com/s/files/1/0671/0552/1726/files/3uphUbyfQkiKPt29WIO1vrX0Zyx.jpg?v=1788195148,1,Trick (1999) poster,false,,,,,,,comedy,,,,,,,,,,,,lb,,,active
trial-and-error-vhs,Trial and Error,"<p>When lawyer Charlie is sent to a small Nevada town to file a continuance request for a client, his actor friend Richard turns up to throw a surprise bachelor party celebrating his upcoming marriage to the boss's daughter. When Charlie is too hung-over to make it to court for the hearing, Richard fills in, inadvertently committing felony fraud, and Charlie is left with no choice but to coach the clueless Richard through the whole trial.</p>",VHS,Media > Videos,,"Comedy, Floor Sale, Formatted, VHS",true,Genre,Comedy,,,,,,,,,0.0,shopify,1,deny,manual,5.00,,true,true,,,,,74009082,https://cdn.shopify.com/s/files/1/0671/0552/1726/files/menUTMx04eYe8EYKhJnGYA4gK6Q_a787d59d-260f-4bdd-b8ee-118e946cc7e8.jpg?v=1788267281,1,Trial and Error (1997) poster,false,,,,,,,comedy,,,,,,,,,,,,lb,,,active
pcu-vhs,PCU,"<p>Nervous high school senior Tom Lawrence visits Port Chester University, where he gets a taste of politically correct college life when he's guided by fraternity wild man Droz and his housemates at The Pit. But Droz and his pals have rivals in nasty preppy Rand McPherson and the school's steely president. With their house threatened with expulsion, Droz and company decide to throw a raging party where the various factions will collide.</p>",VHS,Media > Videos,,"Comedy, Floor Sale, Formatted, VHS",true,Genre,Comedy,,,,,,,,,0.0,shopify,1,deny,manual,18.00,,false,false,,,,,74041850,https://cdn.shopify.com/s/files/1/0671/0552/1726/files/xTToUzy9Im9nu2W8fz7TPWoDWN5.jpg?v=1788195147,1,PCU (1994) poster,false,,,,,,,comedy,,,,,,,,,,,,lb,,,active
the-rosebud-beach-hotel-vhs,The Rosebud Beach Hotel,"<p>After taking over a failing Miami hotel with her workaholic fiancé, Elliot, Tracy thinks Liza has seduced her better half-to-be. She then tries to have an affair of her own, and arranges for hookers to become bellhops. Meanwhile, her rich daddy hires an inept arsonist to blow up the place.</p>",VHS,Media > Videos,,"Comedy, Floor Sale, Formatted, VHS",true,Genre,Comedy,,,,,,,,,0.0,shopify,1,deny,manual,14.00,,false,false,,,,,74107386,https://cdn.shopify.com/s/files/1/0671/0552/1726/files/9zxgHa4bNwYFpwd2XwmlnRWi01C.jpg?v=1788195146,1,The Rosebud Beach Hotel (1984) poster,false,,,,,,,comedy,,,,,,,,,,,,lb,,,active
stay-hungry-vhs,Stay Hungry,"<p>A dishonest businessman asks rich layabout Craig Blake to help him buy a gym, which will be demolished for a development project in Alabama. But after spending time with weightlifter Joe Santo and gym worker Mary Tate Farnsworth, Craig wants out of the deal. The property negotiations turn ugly, causing a brawl at the gym and a spectacle at a big bodybuilding meet, as Craig learns that it's not easy to turn your back on fair-weather friends.</p>",VHS,Media > Videos,,"Comedy, Floor Sale, Formatted, VHS",true,Genre,Comedy,,,,,,,,,0.0,shopify,1,deny,manual,5.00,,true,true,,,,,74140154,https://cdn.shopify.com/s/files/1/0671/0552/1726/files/6WNMcRYtk74QNL53ZxVIDjpBbzF.jpg?v=1788267281,1,Stay Hungry (1976) poster,false,,,,,,,comedy,,,,,,,,,,,,lb,,,active
men-dont-leave-vhs,Men Don't Leave,"<p>A widowed mother and her two sons move to Baltimore and struggle to adjust to urban life, encountering numerous eccentric characters along the way.</p>",VHS,Media > Videos,,"Comedy, Floor Sale, Formatted, VHS",true,Genre,Comedy,,,,,,,,,0.0,shopify,1,deny,manual,5.00,,false,false,,,,,74205690,https://cdn.shopify.com/s/files/1/0671/0552/1726/files/8sgKZiKaOh8QJxSbrW2Ds2wvWr9.jpg?v=1788195146,1,Men Don't Leave (1990) poster,false,,,,,,,comedy,,,,,,,,,,,,lb,,,active
hello-again-vhs,Hello Again,<p>A suburban housewife chokes to death and is brought back to life by a spell cast by her wacky sister.</p>,VHS,Media > Videos,,"Comedy, Floor Sale, Formatted, VHS",true,Genre,Comedy,,,,,,,,,0.0,shopify,1,deny,manual,5.00,,true,true,,,,,74238458,https://cdn.shopify.com/s/files/1/0671/0552/1726/files/mbNJ7Qe33XtN2aenO0ildCOpG0y.jpg?v=1788267280,1,Hello Again (1987) poster,false,,,,,,,comedy,,,,,,,,,,,,lb,,,active
someone-like-you-vhs,Someone Like You,"<p>Jane Goodale has everything going for her. She's a producer on a popular daytime talk show, and is in a hot romance with the show's dashing executive producer Ray. But when the relationship goes terribly awry, Jane begins an extensive study of the male animal, including her womanizing roommate Eddie. Jane puts her studies and romantic misadventure to use as a pseudonymous sex columnist -- and becomes a sensation.</p>",VHS,Media > Videos,,"Floor Sale, Formatted, Romantic Comedy, VHS",true,Genre,Romantic Comedy,,,,,,,,,0.0,shopify,1,deny,manual,5.00,,false,false,,,,,74500602,https://cdn.shopify.com/s/files/1/0671/0552/1726/files/9cMkJSl2TI4xe8lKNFduinafKpe_7cdb9554-a5e8-4882-8b93-df078f356ef1.jpg?v=1788195143,1,Someone Like You (2001) poster,false,,,,,,,romantic-comedy,,,,,,,,,,,,lb,,,active
pushing-tin-vhs,Pushing Tin,<p>Two air traffic controllers who thrive on living dangerously compete to outdo each other on several levels.</p>,VHS,Media > Videos,,"Comedy, Floor Sale, Formatted, VHS",true,Genre,Comedy,,,,,,,,,0.0,shopify,1,deny,manual,5.00,,false,false,,,,,74533370,https://cdn.shopify.com/s/files/1/0671/0552/1726/files/61FWajJNKeS27DO4KgvS5LUgcHh.jpg?v=1788195143,1,Pushing Tin (1999) poster,false,,,,,,,comedy,,,,,,,,,,,,lb,,,active
little-city-vhs,Little City,"<p>Best friends Adam and Kevin have a lot in common. Probably too much! In fact, Kevin is carrying on a torrid affair with Adam's girlfriend, Nina, on the side! And if this triangle wasn't crowded enough, the arrival of a seductive newcomer in town, Rebecca, promptly adds a whole new set of twists to an already tangled mix! Here's a hilarious look at how modern relationships have never been so complicated ... or so much fun!</p>",VHS,Media > Videos,,"Comedy, Floor Sale, Formatted, VHS",true,Genre,Comedy,,,,,,,,,0.0,shopify,1,deny,manual,5.00,,false,false,,,,,74566138,https://cdn.shopify.com/s/files/1/0671/0552/1726/files/3jbcNcs3kk9y7g2ENmRA9Ppdkyn.jpg?v=1788195141,1,Little City (1997) poster,false,,,,,,,comedy,,,,,,,,,,,,lb,,,active
red-dawn-vhs-rental,Red Dawn,"<p>In an alternate 1980s, the United States stands alone as communism grows stronger. When Soviet soldiers invade a small Colorado town, brothers Jed and Matt Eckert escape with friends to the forest. With their father, Tom, a prisoner of the invading army, the children decide to fight against the Soviets. As the country comes under increasing attack, the group teams up with Lt. Col. Andrew Tanner to take back their town.</p>",VHS,Media > Videos,,"Action, Formatted, Rental, VHS",true,Genre,Action,,,,,,,,,0.0,shopify,1,deny,manual,0.00,,false,false,,,,,05244922,https://cdn.shopify.com/s/files/1/0671/0552/1726/files/images_6a8cc7d8-4c51-4538-9f33-1861a7d79bc7.jpg?v=1788195140,1,Red Dawn poster,false,,,,,,,action,,,,,,,,,,,,lb,,,active
stepmonster-vhs,Stepmonster,"<p>No one, especially his father (Alan Thicke), believes a boy who says his future stepmother (Robin Riker) is a murdering monster.</p>",VHS,Media > Videos,,"Comedy, Formatted, Rental, VHS",true,Genre,Comedy,,,,,,,,,0.0,shopify,1,deny,manual,0.00,,false,false,,,,,05310458,https://cdn.shopify.com/s/files/1/0671/0552/1726/files/images_e46cb34c-1209-48d9-9508-c798931ed59a.jpg?v=1788195140,1,Stepmonster poster,false,,,,,,,comedy,,,,,,,,,,,,lb,,,active
murder-at-16-hours-vhs-rental,Murder at 1600,"<p>A secretary is found dead in a White House bathroom during an international crisis, and Detective Harlan Regis is in charge of the investigation. Despite resistance from the Secret Service, Regis partners with agent Nina Chance. As political tensions rise, they learn that the crime could be part of an elaborate cover-up. Framed as traitors, the pair and Regis' partner break into the White House to expose the true culprit.</p>",VHS,Media > Videos,,"Formatted, Rental, Thriller, VHS",true,Genre,Thriller,,,,,,,,,0.0,shopify,1,deny,manual,0.00,,false,false,,,,,05375994,https://cdn.shopify.com/s/files/1/0671/0552/1726/files/images_35e92966-d4d4-4fda-a028-82c61b826df5.jpg?v=1788195139,1,Murder at 1600 poster,false,,,,,,,thriller,,,,,,,,,,,,lb,,,active
hope-floats-vhs-rental,Hope Floats,"<p>Birdee Pruitt (Sandra Bullock) has been humiliated on live television by her best friend, Connie (Rosanna Arquette), who's been sleeping with Birdee's husband, Bill (Michael Paré). Birdee tries starting over with her daughter, Bernice (Mae Whitman), by returning to her small Texas hometown, but she's faced with petty old acquaintances who are thrilled to see Birdee unhappy -- except for her friend Justin (Harry Connick Jr.). As he helps Birdee get back on her feet, love begins to blossom.</p>",VHS,Media > Videos,,"Formatted, Rental, Romantic Comedy, VHS",true,Genre,Romantic Comedy,,,,,,,,,0.0,shopify,1,deny,manual,0.00,,false,false,,,,,05408762,https://cdn.shopify.com/s/files/1/0671/0552/1726/files/images_156f8083-8535-44d0-95d4-23374c64961b.jpg?v=1788195138,1,Hope Floats poster,false,,,,,,,romantic-comedy,,,,,,,,,,,,lb,,,active
the-royal-tenenbaums-dvd,The Royal Tenenbaums,"<p>Royal Tenenbaum and his wife Etheline had three children and then they separated. All three children are extraordinary --- all geniuses. Virtually all memory of the brilliance of the young Tenenbaums was subsequently erased by two decades of betrayal, failure, and disaster. Most of this was generally considered to be their father's fault. ""The Royal Tenenbaums"" is the story of the family's sudden, unexpected reunion one recent winter.</p>",DVD,Media > Videos,,"Comedy, Criterion Collection, DVD, Floor Sale, Formatted",true,Genre,Comedy,,,,,,,,,0.0,shopify,1,deny,manual,10.00,,false,false,,,,,27625466,https://cdn.shopify.com/s/files/1/0671/0552/1726/files/nG7hZJn7wQTSDCQT39Gy3s3tbrp.jpg?v=1788195137,1,The Royal Tenenbaums (2001) poster,false,,,,,,,comedy,,,,,,,,,,,,lb,,,active
fear-and-loathing-in-las-vegas-dvd,Fear and Loathing in Las Vegas,"<p>Raoul Duke and his attorney Dr. Gonzo drive a red convertible across the Mojave desert to Las Vegas with a suitcase full of drugs to cover a motorcycle race. As their consumption of drugs increases at an alarming rate, the stoned duo trash their hotel room and fear legal repercussions. Duke begins to drive back to L.A., but after an odd run-in with a cop, he returns to Sin City and continues his wild drug binge.</p>",DVD,Media > Videos,,"Comedy, Criterion Collection, DVD, Floor Sale, Formatted",true,Genre,Comedy,,,,,,,,,0.0,shopify,1,deny,manual,10.00,,false,false,,,,,27756538,https://cdn.shopify.com/s/files/1/0671/0552/1726/files/tisNLcMkxryU2zxhi0PiyDFqhm0_6e9207a6-9d0e-416d-866e-661d8a65c1cf.jpg?v=1788195136,1,Fear and Loathing in Las Vegas (1998) poster,false,,,,,,,comedy,,,,,,,,,,,,lb,,,active
clockwork-orange-dvd,Clockwork Orange,"<p>In a near-future Britain, young Alexander DeLarge and his pals get their kicks beating and raping anyone they please. When not destroying the lives of others, Alex swoons to the music of Beethoven. The state, eager to crack down on juvenile crime, gives an incarcerated Alex the option to undergo an invasive procedure that'll rob him of all personal agency. In a time when conscience is a commodity, can Alex change his tune?</p>",DVD,Media > Videos,,"Drama, DVD, Floor Sale, Formatted",true,Genre,Drama,,,,,,,,,0.0,shopify,1,deny,manual,5.00,,true,true,,,,,27887610,https://cdn.shopify.com/s/files/1/0671/0552/1726/files/4sHeTAp65WrSSuc05nRBKddhBxO.jpg?v=1788267280,1,Clockwork Orange (1971) poster,false,,,,,,,drama,,,,,,,,,,,,lb,,,active
state-and-main-dvd,State And Main,<p>The residents of a small Vermont town don't know what hit them when a beleaguered Hollywood film crew brings a chaotic shoot to their quaint village.</p>,DVD,Media > Videos,,"Comedy, DVD, Floor Sale, Formatted",true,Genre,Comedy,,,,,,,,,0.0,shopify,1,deny,manual,5.00,,false,false,,,,,27920378,https://cdn.shopify.com/s/files/1/0671/0552/1726/files/348hvpWeSGdAQlCrGvKbpC0FpQN.jpg?v=1788195136,1,State And Main (2000) poster,false,,,,,,,comedy,,,,,,,,,,,,lb,,,active
a-perfect-murder-dvd,A Perfect Murder,"<p>Millionaire industrialist Steven Taylor is a man who has everything but what he craves most: the love and fidelity of his wife. A hugely successful player in the New York financial world, he considers her to be his most treasured acquisition. But she needs more than simply the role of dazzling accessory.</p>",DVD,Media > Videos,,"DVD, Floor Sale, Formatted, Thriller",true,Genre,Thriller,,,,,,,,,0.0,shopify,1,deny,manual,5.00,,false,false,,,,,27953146,https://cdn.shopify.com/s/files/1/0671/0552/1726/files/wC0ax12N9GQ8vMXPEs4nES5AAiB.jpg?v=1788195135,1,A Perfect Murder (1998) poster,false,,,,,,,thriller,,,,,,,,,,,,lb,,,active
kill-bill-volume-2-bluray,Kill Bill Volume 2,"<p>The Bride unwaveringly continues on her roaring rampage of revenge against the band of assassins who had tried to kill her and her unborn child. She visits each of her former associates one-by-one, checking off the victims on her Death List Five until there's nothing left to do … but kill Bill.</p>",Blu-Ray,Media > Videos,,"Action, Blu-Ray, Floor Sale, Formatted",true,Genre,Action,,,,,,,,,0.0,shopify,1,deny,manual,6.00,,false,false,,,,,28215290,https://cdn.shopify.com/s/files/1/0671/0552/1726/files/2yhg0mZQMhDyvUQ4rG1IZ4oIA8L.jpg?v=1788195134,1,Kill Bill Volume 2 (2004) poster,false,,,,,,,action,,,,,,,,,,,,lb,,,active
django-unchained-bluray,Django Unchained,"<p>With the help of a German bounty hunter, a freed slave sets out to rescue his wife from a brutal Mississippi plantation owner.</p>",Blu-Ray,Media > Videos,,"Action, Blu-Ray, Floor Sale, Formatted",true,Genre,Action,,,,,,,,,0.0,shopify,1,deny,manual,6.00,,false,false,,,,,28248058,https://cdn.shopify.com/s/files/1/0671/0552/1726/files/7oWY8VDWW7thTzWh3OKYRkWUlD5_a19ac0de-c35c-4268-be47-9dbc6214bf75.jpg?v=1788195134,1,Django Unchained (2012) poster,false,,,,,,,action,,,,,,,,,,,,lb,,,active
fantasia-dvd,Fantasia,"<p>Walt Disney's timeless masterpiece is an extravaganza of sight and sound! See the music come to life, hear the pictures burst into song and experience the excitement that is Fantasia over and over again.</p>",DVD,Media > Videos,,"DVD, Floor Sale, Formatted, Kids & Family",true,Genre,Kids & Family,,,,,,,,,0.0,shopify,1,deny,manual,5.00,,true,true,,,,,28411898,https://cdn.shopify.com/s/files/1/0671/0552/1726/files/5m9njnidjR0syG2gpVPVgcEMB2X.jpg?v=1788267279,1,Fantasia (1940) poster,false,,,,,,,kids-family,,,,,,,,,,,,lb,,,active
lotto-land-vhs-floor-sale-comedy,Lotto Land,"<p>This film tells two interwoven stories of two single-parent families in a poor, racially-mixed neighborhood in Brooklyn. The first story is about a young black man (with aspirations of getting away from his friends who are involved in drugs) who falls in love with a latino girl (who is heading off to college on a full scholarship). The second is about their parents, (she works in the neighborhood liquor store; he works for the phone company). The story takes place against the backdrop of a winning lottery ticket worth $27 million being sold to someone in the neighborhood from the liquor store.</p>",VHS,Media > Videos,,"Comedy, Floor Sale, Formatted, VHS",true,Genre,Comedy,,,,,,,,,0.0,shopify,1,deny,manual,8.00,,false,false,,,,,99165946,https://cdn.shopify.com/s/files/1/0671/0552/1726/files/mWtbZoPAAYPwckYyMdrRdm5wV5F.jpg?v=1788195133,1,Lotto Land (1995) poster,false,,,,,,,comedy,,,,,,,,,,,,lb,,,active
the-night-we-never-met-vhs-floor-sale-comedy,The Night We Never Met,"<p>Sam has a problem with his roommates: they are disgusting, and don't seem to share his views on responsibility, privacy, and basic hygine. Such is his discomfort with his living arrangements that he agrees to share the occupancy of another flat: he gets two nights a week, the owner (a sleazy frat-boy yuppie named Brian, soon to be married) and Ellen (a would-be painter seeking relief from her boring marriage) each get their seperate nights in the flat. Things go extremely well until Sam and Brian swap nights without telling Ellen, who attributes the ""nice"" things that happen around the place to the slob Brian, while berating the responsible Sam for his hedonistic lifestyle.</p>",VHS,Media > Videos,,"Comedy, Floor Sale, Formatted, VHS",true,Genre,Comedy,,,,,,,,,0.0,shopify,1,deny,manual,5.00,,false,false,,,,,99428090,https://cdn.shopify.com/s/files/1/0671/0552/1726/files/hE76yhW9dOzweQJxSZEZRI6hWqw_eb87074f-46ca-49b6-9a2e-fa83fbdecd70.jpg?v=1788195132,1,The Night We Never Met (1993) poster,false,,,,,,,comedy,,,,,,,,,,,,lb,,,active
shake-rattle-rock-vhs-floor-sale-comedy,"Shake, Rattle & Rock",<p>A TV star meets with opposition from adults who object to the opening of a rock 'n' roll palace for teens.</p>,VHS,Media > Videos,,"Comedy, Floor Sale, Formatted, VHS",true,Genre,Comedy,,,,,,,,,0.0,shopify,1,deny,manual,6.00,,false,false,,,,,99460858,https://cdn.shopify.com/s/files/1/0671/0552/1726/files/ar3PggnQs2Fti6ux9HGJk3KYs4t_504d623c-9e6a-449b-8f03-f9081ba41047.jpg?v=1788195132,1,"Shake, Rattle & Rock (1956) poster",false,,,,,,,comedy,,,,,,,,,,,,lb,,,active
moonstruck-vhs-floor-sale-drama,Moonstruck,"<p>37-year-old Italian-American widow Loretta Castorini believes she is unlucky in love, and so accepts a marriage proposal from her boyfriend Johnny, even though she doesn't love him. When she meets his estranged younger brother Ronny, an emotional and passionate man, she finds herself drawn to him. She tries to resist, but Ronny, who blames his brother for the loss of his hand, has no scruples about aggressively pursuing her while Johnny is out of the country. As Loretta falls for Ronny, she learns that she's not the only one in her family with a secret romance.</p>",VHS,Media > Videos,,"Drama, Floor Sale, Formatted, VHS",true,Genre,Drama,,,,,,,,,0.0,shopify,1,deny,manual,5.00,,false,false,,,,,99493626,https://cdn.shopify.com/s/files/1/0671/0552/1726/files/2mnVWpvsHEHHnfvLn1NXYVvBGl5.jpg?v=1788195131,1,Moonstruck (1987) poster,false,,,,,,,drama,,,,,,,,,,,,lb,,,active
my-stepmother-is-an-alien-vhs-floor-sale-comedy,My Stepmother is an Alien,"<p>Trying to rescue her home planet from destruction, a gorgeous extraterrestrial named Celeste arrives on Earth and begins her scientific research. She woos quirky scientist Dr. Steve Mills, a widower with a young daughter. Before long, Celeste finds herself in love with Steve and her new life on Earth, where she experiences true intimacy for the first time. But when she loses sight of her mission, she begins to question where she belongs.</p>",VHS,Media > Videos,,"Comedy, Floor Sale, Formatted, VHS",true,Genre,Comedy,,,,,,,,,0.0,shopify,1,deny,manual,8.00,,false,false,,,,,99591930,https://cdn.shopify.com/s/files/1/0671/0552/1726/files/SIt5FbgvoxlZr8ay3cfi79pV6z_ef458bf1-dff6-4977-9ba3-8506cafc44f7.jpg?v=1788195130,1,My Stepmother is an Alien (1988) poster,false,,,,,,,comedy,,,,,,,,,,,,lb,,,active
romy-and-michelles-high-school-reunion-vhs-floor-sale-comedy,Romy and Michelle's High School Reunion,"<p>Two not-too-bright party girls reinvent themselves for their high school reunion. Armed with a borrowed Jaguar, new clothes and the story of their success as the inventors of Post-It notes, Romy and Michele descend on their alma mater, but their façade crumbles quickly.</p>",VHS,Media > Videos,,"Comedy, Floor Sale, Formatted, VHS",true,Genre,Comedy,,,,,,,,,0.0,shopify,1,deny,manual,7.00,,false,false,,,,,99690234,https://cdn.shopify.com/s/files/1/0671/0552/1726/files/yLxgglhaP2QfWVZTdrv7mZgvuHL.jpg?v=1788195129,1,Romy and Michelle's High School Reunion (1997) poster,false,,,,,,,comedy,,,,,,,,,,,,lb,,,active
billy-madison-vhs-floor-sale-comedy,Billy Madison,"<p>Billy Madison is the 27 year-old son of Bryan Madison, a very rich man who has made his living in the hotel industry. Billy stands to inherit his father's empire, but only if he can make it through all 12 grades, 2 weeks per grade, to prove that he has what it takes to run the family business.</p>",VHS,Media > Videos,,"Comedy, Floor Sale, Formatted, VHS",true,Genre,Comedy,,,,,,,,,0.0,shopify,1,deny,manual,6.00,,false,false,,,,,99723002,https://cdn.shopify.com/s/files/1/0671/0552/1726/files/sOdgtJdFalL9kRKaeJItARLTAEq_a937ecc3-433d-492f-b588-83566da69f9e.jpg?v=1788195128,1,Billy Madison (1995) poster,false,,,,,,,comedy,,,,,,,,,,,,lb,,,active
tequila-body-shots-vhs-floor-sale-horror,Tequila Body Shots,<p>Things take a strange turn for Johnny and his two buddies when he gets mind reading powers from a medicine man's tequila while on a road trip in Mexico. Johnny must race to save them from the clutches of evil forces... at a deadly party in hell!</p>,VHS,Media > Videos,,"Floor Sale, Formatted, Horror, VHS",true,Genre,Horror,,,,,,,,,0.0,shopify,1,deny,manual,8.00,,false,false,,,,,99755770,https://cdn.shopify.com/s/files/1/0671/0552/1726/files/9QUrrz7gEGfHkuB9VteQ7OTUW9q_a638e36e-02e3-441d-8eaa-e586fb1bc372.jpg?v=1788195127,1,Tequila Body Shots (1999) poster,false,,,,,,,horror,,,,,,,,,,,,lb,,,active
late-night-sessions-vhs-floor-sale-thriller,Late Night Sessions,"<p>When local thugs, Danny and Dax, decide to launch their new dance club the same night as couple Ben and Zoie's ""United Get Down"" rave, a fierce competition arises with dramatic consequences. In probing issues of spirituality, relationships, love, morality and the struggle to fine oneself, Late Night Sessions exposes modern youth in all its exuberance. And contradictions.</p>",VHS,Media > Videos,,"Floor Sale, Formatted, Thriller, VHS",true,Genre,Thriller,,,,,,,,,0.0,shopify,1,deny,manual,8.00,,false,false,,,,,99788538,https://cdn.shopify.com/s/files/1/0671/0552/1726/files/5fuac0grB8aJEH2TylXAPatxivb.jpg?v=1788195127,1,Late Night Sessions (1999) poster,false,,,,,,,thriller,,,,,,,,,,,,lb,,,active
north-dallas-forty-vhs-floor-sale-comedy,North Dallas Forty,<p>A semi-fictional account of life as a professional football player. Loosely based on the Dallas Cowboys team of the early 1970s.</p>,VHS,Media > Videos,,"Comedy, Floor Sale, Formatted, VHS",true,Genre,Comedy,,,,,,,,,0.0,shopify,1,deny,manual,7.00,,false,false,,,,,00181754,https://cdn.shopify.com/s/files/1/0671/0552/1726/files/v5TjfmQT81YTJYs398ZbKWWoEKV.jpg?v=1788195125,1,North Dallas Forty (1979) poster,false,,,,,,,comedy,,,,,,,,,,,,lb,,,active
instant-karma-vhs-floor-sale-romantic-comedy,Instant Karma,<p>The writer of a bad TV series begins to rethink his life when he meets and falls in love with a beautiful actress.</p>,VHS,Media > Videos,,"Floor Sale, Formatted, Romantic Comedy, VHS",true,Genre,Romantic Comedy,,,,,,,,,0.0,shopify,1,deny,manual,7.00,,true,true,,,,,00214522,https://cdn.shopify.com/s/files/1/0671/0552/1726/files/uysVThBGhjC1sZrPJggHwhgZie4.jpg?v=1788267279,1,Instant Karma (1990) poster,false,,,,,,,romantic-comedy,,,,,,,,,,,,lb,,,active
flirting-vhs-floor-sale-romantic-comedy,Flirting,<p>Two freethinking teenagers - a boy and a girl - confront with authoritarian teachers in their boarding schools. The other students treat this differently.</p>,VHS,Media > Videos,,"Floor Sale, Formatted, Romantic Comedy, VHS",true,Genre,Romantic Comedy,,,,,,,,,0.0,shopify,1,deny,manual,7.00,,true,true,,,,,00247290,https://cdn.shopify.com/s/files/1/0671/0552/1726/files/a4WVST3uUSzxwKR5wlsiREVj50d.jpg?v=1788267279,1,Flirting (1991) poster,false,,,,,,,romantic-comedy,,,,,,,,,,,,lb,,,active
tollbooth-vhs-floor-sale-romantic-comedy,Tollbooth,"<p>A young woman’s dreams of love are trapped in an empty life of broken promises and futile hopes, as she desperately awaits the return of her long-missing father. In order to win her heart, a local tollbooth operator sets out to find him.  One fateful evening at the tollbooth, in a feverish collision between reality and dreams, their lives change, enabling them to start anew.</p>",VHS,Media > Videos,,"Floor Sale, Formatted, Romantic Comedy, VHS",true,Genre,Romantic Comedy,,,,,,,,,0.0,shopify,1,deny,manual,8.00,,false,false,,,,,00312826,https://cdn.shopify.com/s/files/1/0671/0552/1726/files/nPD73h1UDbBpOvErGDig0Z5iDiQ.jpg?v=1788195125,1,Tollbooth (1994) poster,false,,,,,,,romantic-comedy,,,,,,,,,,,,lb,,,active
the-freshman-vhs-rental-comedy,The Freshman,"<p>Clark Kellogg (Matthew Broderick) is robbed moments after arriving in New York, so when he sees his mugger several days later, he confronts him. The man promises to return his property and get him a job with his uncle, Carmine Sabatini (Marlon Brando), who turns out to be a Mafia boss. As Clark continues his shady work for Carmine, he discovers an elaborate underworld that has caught the attention of the authorities. As things come to a head, not everything is what it seems.</p>",VHS,Media > Videos,,"Comedy, Formatted, Rental, VHS",true,Genre,Comedy,,,,,,,,,0.0,shopify,1,deny,manual,0.00,,false,false,,,,,18171386,https://cdn.shopify.com/s/files/1/0671/0552/1726/files/MV5BMDk1NDkzZGMtMWRkNi00Y2VkLTlhYTctNjE2MDkyYTUyYjc3XkEyXkFqcGc_._V1_FMjpg_UX1000_7cd9178f-9487-49de-a729-d3a73c156cff.jpg?v=1788195124,1,The Freshman poster,false,,,,,,,comedy,,,,,,,,,,,,lb,,,active
mafia-vhs-rental-comedy,Mafia,"<p>Mafia! (also known as Jane Austen's Mafia!) is a 1998 satirical comedy directed by Jim Abrahams. It is a slapstick parody of classic gangster films, primarily focusing on The Godfather and Casino, while also poking fun at other iconic movies.</p>",VHS,Media > Videos,,"Comedy, Formatted, Rental, VHS",true,Genre,Comedy,,,,,,,,,0.0,shopify,1,deny,manual,0.00,,false,false,,,,,18236922,https://cdn.shopify.com/s/files/1/0671/0552/1726/files/16e08ce9-8a63-47ec-b939-61e68f41e4e2_bf34f4a2-d03e-4164-aeb8-87a413de0155.jpg?v=1788195123,1,Mafia poster,false,,,,,,,comedy,,,,,,,,,,,,lb,,,active
down-to-you-vhs-rental-comedy,Down to You,"<p>College coeds in New York City, Al (Freddie Prinze Jr.), the son of a celebrity chef (Henry Winkler), and Imogen (Julia Stiles), a talented artist, become smitten the second they lay eyes on one another at a bar. However, the road to happiness is not a smooth one. Outside forces, including a predatory porn star (Selma Blair) who wants to lure Al into her bed, threaten to pull apart the young lovers before their romance has a chance to really flourish.</p>",VHS,Media > Videos,,"Comedy, Formatted, Rental, VHS",true,Genre,Comedy,,,,,,,,,0.0,shopify,1,deny,manual,0.00,,false,false,,,,,18302458,https://cdn.shopify.com/s/files/1/0671/0552/1726/files/61hiKUz6XSL._AC_UF894_1000_QL80_9bd89011-4cc2-441a-a8ae-9e999168442e.jpg?v=1788195122,1,Down to You poster,false,,,,,,,comedy,,,,,,,,,,,,lb,,,active
the-smokers-vhs-rental-comedy,The Smokers,"<p>Three teens (Dominique Swain, Busy Philipps, Keri Lynn Pratt) start with petty mischief but soon begin to cause more trouble, particularly for men who mistreat them on dates.</p>",VHS,Media > Videos,,"Comedy, Formatted, Rental, VHS",true,Genre,Comedy,,,,,,,,,0.0,shopify,1,deny,manual,0.00,,false,false,,,,,18367994,https://cdn.shopify.com/s/files/1/0671/0552/1726/files/Smokersdvd_966bcd52-5dd5-487b-b23c-164a328b6b69.jpg?v=1788195121,1,The Smokers poster,false,,,,,,,comedy,,,,,,,,,,,,lb,,,active
from-the-earth-to-the-moon-vhs-rental-scifi,From the Earth to the Moon,"<p>Following the Civil War, demolition expert Victor Barbicane (Joseph Cotten) develops the world's most powerful explosive, Power X. When other countries warn that the weaponization of Power X may be seen as an act of war, Barbicane and his rival, Stuyvesant Nicholl (George Sanders), join forces to create a Power X-fueled rocket to the moon. With Barbicane's assistant, Ben (Don Dubbins), and Nicholl's stowaway daughter, Virginia (Debra Paget), the two men set forth into outer space.</p>",VHS,Media > Videos,,"Formatted, Rental, Sci-Fi, VHS",true,Genre,Sci-Fi,,,,,,,,,0.0,shopify,1,deny,manual,0.00,,false,false,,,,,18400762,https://cdn.shopify.com/s/files/1/0671/0552/1726/files/91L6vpXUOsL._AC_UF1000_1000_QL80_6a892210-e8d7-42bd-8a7b-d3a918ae075c.jpg?v=1788195121,1,From the Earth to the Moon poster,false,,,,,,,sci-fi,,,,,,,,,,,,lb,,,active
glitz-vhs-rental-action,Glitz,"<p>Glitz is a 1988 made-for-television crime thriller based on the novel by Elmore Leonard. The story follows Vincent Marra (Jimmy Smits), a Miami detective who travels to Atlantic City to investigate the murder of his girlfriend, only to become the target of a sadistic ex-con (John Diehl) he once testified against.</p>",VHS,Media > Videos,,"Action, Formatted, Rental, VHS",true,Genre,Action,,,,,,,,,0.0,shopify,1,deny,manual,0.00,,false,false,,,,,18433530,https://cdn.shopify.com/s/files/1/0671/0552/1726/files/MV5BMTI1OTg1MjM4NF5BMl5BanBnXkFtZTcwNDg3ODkxMQ_._V1_FMjpg_UX1000_5b3dbded-650c-4b65-884c-d9e3abe949a5.jpg?v=1788195120,1,Glitz poster,false,,,,,,,action,,,,,,,,,,,,lb,,,active
the-lost-empire-vhs-rental-action,The Lost Empire,"<p>American scholar Nick is smitten when he meets mysterious beauty Kwan. What Nick doesn't know is that Kwan is a goddess who will lead him into a mythic world of giants, dragons and cannibals.</p>",VHS,Media > Videos,,"Action, Formatted, Rental, VHS",true,Genre,Action,,,,,,,,,0.0,shopify,1,deny,manual,0.00,,false,false,,,,,18466298,https://cdn.shopify.com/s/files/1/0671/0552/1726/files/MV5BMTQzOTQwMDY1NF5BMl5BanBnXkFtZTcwODc4NzMyMQ_._V1_9f6a9a6d-7c94-498f-a4fe-4dddc67d1ed4.jpg?v=1788195119,1,The Lost Empire poster,false,,,,,,,action,,,,,,,,,,,,lb,,,active
fortunes-of-war-vhs-rental-action,Fortunes of War,"<p>Fortunes of War (1994) is an action-thriller and adventure film starring Matt Salinger and Haing S. Ngor. The plot follows an American relief worker and his friends who are unknowingly hired to smuggle goods into the Cambodian jungles, resulting in a desperate fight for survival.</p>",VHS,Media > Videos,,"Action, Formatted, Rental, VHS",true,Genre,Action,,,,,,,,,0.0,shopify,1,deny,manual,0.00,,false,false,,,,,18728442,https://cdn.shopify.com/s/files/1/0671/0552/1726/files/MV5BMTk4OTAxNjQyOF5BMl5BanBnXkFtZTcwNjIwNTUyMQ_._V1_c6447871-b2d6-47b7-bf06-187e50de5bee.jpg?v=1788195118,1,Fortunes of War poster,false,,,,,,,action,,,,,,,,,,,,lb,,,active
sniper-vhs-rental-action,Sniper,"<p>During a mission to kill Panamanian rebel Miguel Alvarez (Frederick Miragliotta), veteran American sniper Thomas Beckett (Tom Berenger) loses his partner, Doug Papich (Aden Young), to another assassin's bullet. Papich's replacement is sharpshooter Richard Miller (Billy Zane), who is higher ranked than Beckett but has no experience in the field, placing the two men at odds. Dropped into the jungle, the bickering duo have a week to find and kill Alvarez.</p>",VHS,Media > Videos,,"Action, Formatted, Rental, VHS",true,Genre,Action,,,,,,,,,0.0,shopify,1,deny,manual,0.00,,false,false,,,,,18761210,https://cdn.shopify.com/s/files/1/0671/0552/1726/files/51D52W5BRJL._AC_UF1000_1000_QL80_d77d1cc0-eede-44ca-9bf0-0f6b5de4707b.jpg?v=1788195118,1,Sniper poster,false,,,,,,,action,,,,,,,,,,,,lb,,,active
platoon-vhs-rental-drama,Platoon,"<p>Chris Taylor is a young, naive American who, upon his arrival in Vietnam, quickly discovers that he must do battle not only with the Viet Cong, but also with the gnawing fear, physical exhaustion, and intense anger growing within him.</p>",VHS,Media > Videos,,"Drama, Formatted, Rental, VHS",true,Genre,Drama,,,,,,,,,0.0,shopify,1,deny,manual,0.00,,false,false,,,,,18793978,https://cdn.shopify.com/s/files/1/0671/0552/1726/files/61juOMdMMIL._AC_UF1000_1000_QL80_2364787d-e247-40b0-b20d-fd7f128303f1.jpg?v=1788195117,1,Platoon poster,false,,,,,,,drama,,,,,,,,,,,,lb,,,active
point-break-vhs-rental-action,Point Break,"<p>After a string of bizarre bank robberies in Southern California, with the crooks donning masks of various former presidents, a federal agent, Johnny Utah (Keanu Reeves), infiltrates the suspected gang. But this is no ordinary group of robbers. They're surfers -- led by the charismatic Bodhi (Patrick Swayze) -- who are addicted to the rush of thievery. But when Utah falls in love with a female surfer, Tyler (Lori Petty), who is close to the gang, it complicates his sense of duty.</p>",VHS,Media > Videos,,"Action, Formatted, Rental, VHS",true,Genre,Action,,,,,,,,,0.0,shopify,1,deny,manual,0.00,,false,false,,,,,18826746,https://cdn.shopify.com/s/files/1/0671/0552/1726/files/Pointbreaktheatrical_dd61c006-2ad3-4f61-a3de-6eeaaa6ab222.jpg?v=1788195116,1,Point Break poster,false,,,,,,,action,,,,,,,,,,,,lb,,,active
fortress-vhs-rental-action,Fortress,"<p>As the teacher at a small school in rural Australia, Sally Jones (Rachel Ward) leads a rather mundane life. However, for her and nine of her students, all of that changes when a band of criminals breaks into their school to take them hostage. Dragging the teacher and children to the outback, the kidnappers intend to hold their victims for ransom. But Jones has other plans. Leading her pupils, Jones turns on her captors and fights to first survive and then escape.</p>",VHS,Media > Videos,,"Action, Formatted, Rental, VHS",true,Genre,Action,,,,,,,,,0.0,shopify,1,deny,manual,0.00,,false,false,,,,,18859514,https://cdn.shopify.com/s/files/1/0671/0552/1726/files/MV5BMTYxMjM0NjI5MF5BMl5BanBnXkFtZTYwMjgwMTg4._V1.jpg?v=1788195115,1,Fortress poster,false,,,,,,,action,,,,,,,,,,,,lb,,,active
undercurrent-vhs-rental-action,Undercurrent,<p>A lowly nightclub manager accepts an offer to seduce another man's wife and soon finds himself caught in a dangerous web of lies.</p>,VHS,Media > Videos,,"Action, Formatted, Rental, VHS",true,Genre,Action,,,,,,,,,0.0,shopify,1,deny,manual,0.00,,false,false,,,,,18892282,https://cdn.shopify.com/s/files/1/0671/0552/1726/files/images_dc6a66a1-dfce-417e-8111-b43cd40c7cbf.jpg?v=1788195115,1,Undercurrent poster,false,,,,,,,action,,,,,,,,,,,,lb,,,active
memphis-belle-vhs-rental-drama,Memphis Belle,"<p>At a U.S. Army Air Force base in England, the crew members of B-17 bomber Memphis Belle prepare for their 25th and final sortie into enemy German territory. Bomber Capt. Dennis Dearborn (Matthew Modine) knows the mission is a dangerous one, but he's under pressure from Army public relations man Lt. Col. Bruce Derringer (John Lithgow) to earn a decisive victory for the Allies. Now, the Memphis Belle prepares to take flight as apprehension and dissention grow among Dearborn's crew.</p>",VHS,Media > Videos,,"Drama, Formatted, Rental, VHS",true,Genre,Drama,,,,,,,,,0.0,shopify,1,deny,manual,0.00,,false,false,,,,,18925050,https://cdn.shopify.com/s/files/1/0671/0552/1726/files/images_cf6c015a-fb2b-4607-8762-f663ceddd99e.jpg?v=1788195114,1,Memphis Belle poster,false,,,,,,,drama,,,,,,,,,,,,lb,,,active
showdown-vhs-rental-action,Showdown,"<p>A man falls in love with the girlfriend of another man who is the best kickboxer in his club. In order to stand a chance against him, the man gets help from a martial arts champion.</p>",VHS,Media > Videos,,"Action, Formatted, Rental, VHS",true,Genre,Action,,,,,,,,,0.0,shopify,1,deny,manual,0.00,,false,false,,,,,18957818,https://cdn.shopify.com/s/files/1/0671/0552/1726/files/images_23cf4807-b566-4dd8-870f-a0a024cff5c8.jpg?v=1788195113,1,Showdown poster,false,,,,,,,action,,,,,,,,,,,,lb,,,active
knockaround-guys-vhs-rental-action,Knockaround Guys,"<p>The film follows four sons (Barry Pepper, Vin Diesel, Seth Green, Andrew Davoli) of well-known Brooklyn-based mobsters (Dennis Hopper, John Malkovich) and their desperate fight to retrieve a bag of cash in a small Montana town ruled by a powerful sheriff. As they unite to find the money, they come face-to-face with the bloodshed and betrayal that is their birthright.</p>",VHS,Media > Videos,,"Action, Formatted, Rental, VHS",true,Genre,Action,,,,,,,,,0.0,shopify,1,deny,manual,0.00,,false,false,,,,,18990586,https://cdn.shopify.com/s/files/1/0671/0552/1726/files/images_12e0d9b4-e050-4a00-a73b-e0bc3bcc5c3f.jpg?v=1788195112,1,Knockaround Guys poster,false,,,,,,,action,,,,,,,,,,,,lb,,,active
pow-the-escape-vhs-rental-action,P.O.W. The Escape,"<p>At the end of the Vietnam War, Colonel James Cooper embarks on a life-threatening liberation mission to free American prisoners imprisoned in a secret Vietcong camp.</p>",VHS,Media > Videos,,"Action, Formatted, Rental, VHS",true,Genre,Action,,,,,,,,,0.0,shopify,1,deny,manual,0.00,,false,false,,,,,19023354,https://cdn.shopify.com/s/files/1/0671/0552/1726/files/images_91becf1a-4f28-4d7b-b5a2-065986b110f0.jpg?v=1788195112,1,P.O.W. The Escape poster,false,,,,,,,action,,,,,,,,,,,,lb,,,active
guarding-tess-vhs-rental-comedy,Guarding Tess,"<p>Doug Chesnic (Nicolas Cage), an agent with the Secret Service Uniformed Division, is assigned to protect former first lady Tess Carlisle (Shirley MacLaine). Chesnic finds the job demeaning and a challenge because of Tess' high-maintenance personality and petty demands. He's desperate to get another assignment, but she insists that he remain head of her security detail, using her influence with the current president to get her way. When she's kidnapped, however, Chesnic's feelings change.</p>",VHS,Media > Videos,,"Comedy, Formatted, Rental, VHS",true,Genre,Comedy,,,,,,,,,0.0,shopify,1,deny,manual,0.00,,false,false,,,,,19056122,https://cdn.shopify.com/s/files/1/0671/0552/1726/files/images_43d9c230-d2be-450f-b2e7-4e0118a51949.jpg?v=1788195111,1,Guarding Tess poster,false,,,,,,,comedy,,,,,,,,,,,,lb,,,active
greedy-vhs-rental-comedy,Greedy,"<p>Elderly Uncle Joe (Kirk Douglas) made his fortune as a businessman, and now his heirs are maneuvering to ensure they get their portions of it once he dies. Uncle Joe isn't too keen on most of his ungrateful family members, though, so they call on the old man's favorite nephew, Daniel (Michael J. Fox), to make their case. He doesn't much care about the money, but as his obnoxious relatives gather at Joe's mansion, Daniel realizes he and the aging millionaire share a contempt for their own family.</p>",VHS,Media > Videos,,"Comedy, Formatted, Rental, VHS",true,Genre,Comedy,,,,,,,,,0.0,shopify,1,deny,manual,0.00,,false,false,,,,,19088890,https://cdn.shopify.com/s/files/1/0671/0552/1726/files/images_036626a2-05ec-4a49-8ba2-80aa94bff2be.jpg?v=1788195110,1,Greedy poster,false,,,,,,,comedy,,,,,,,,,,,,lb,,,active
bright-lights-big-city-vhs-rental-drama,"Bright Lights, Big City","<p>In this adaptation of Jay McInerney's novel, Jamie Conway moves from small-town Kansas to New York City to work at a magazine. However, a number of things are making him miserable: He would rather be a writer, his wife has left him and his mother has recently died. So he takes to partying with his yuppie friend Tad, abusing alcohol and cocaine. But he quickly finds himself becoming more and more dependent on drinking and drugs.</p>",VHS,Media > Videos,,"Drama, Formatted, Rental, VHS",true,Genre,Drama,,,,,,,,,0.0,shopify,1,deny,manual,0.00,,false,false,,,,,19383802,https://cdn.shopify.com/s/files/1/0671/0552/1726/files/images_f706e337-f55c-475d-818c-59b9531372d1.jpg?v=1788195109,1,"Bright Lights, Big City poster",false,,,,,,,drama,,,,,,,,,,,,lb,,,active
the-cowboy-way-vhs-rental-comedy,The Cowboy Way,"<p>When their friend and mentor Nacho (Joaquín Martínez) goes missing after trying to bring his daughter, Teresa (Cara Buono), to the U.S. from Cuba, rodeo riders Pepper (Woody Harrelson) and Sonny (Kiefer Sutherland) leave New Mexico for New York City. When they arrive, however, they find Nacho's been killed and his daughter is still being held by the smugglers. Now it's up to Pepper and Sonny to find Nacho's killer, rescue his daughter and somehow survive life in the big city.</p>",VHS,Media > Videos,,"Comedy, Formatted, Rental, VHS",true,Genre,Comedy,,,,,,,,,0.0,shopify,1,deny,manual,0.00,,false,false,,,,,19416570,https://cdn.shopify.com/s/files/1/0671/0552/1726/files/images_88b6a8f6-4c4a-4a38-9d38-ee22712165cc.jpg?v=1788195109,1,The Cowboy Way poster,false,,,,,,,comedy,,,,,,,,,,,,lb,,,active
showtime-vhs-rental-comedy,Showtime,"<p>When a no-nonsense LAPD detective (Robert De Niro) is forced to star in a reality-based television show with a frustrated actor-turned-LAPD-patrolman (Eddie Murphy), they find their lives turned upside down by a powerhouse producer (Rene Russo) and her very intrusive camera crew.</p>",VHS,Media > Videos,,"Comedy, Formatted, Rental, VHS",true,Genre,Comedy,,,,,,,,,0.0,shopify,1,deny,manual,0.00,,false,false,,,,,19449338,https://cdn.shopify.com/s/files/1/0671/0552/1726/files/images_cfc25cbc-775f-425f-a914-9b2386a5d52e.jpg?v=1788195108,1,Showtime poster,false,,,,,,,comedy,,,,,,,,,,,,lb,,,active
the-wind-and-the-lion-vhs-rental-action,The Wind and the Lion,"<p>John Milius fictionalizes the historical story of President Roosevelt's attempts to deal with the kidnapping of an American citizen by a Moroccan Sheikh. Leaving cynicism way behind, Milius veers away from conspiracy theories and turns instead to adventure with plenty of action.</p>",VHS,Media > Videos,,"Action, Formatted, Rental, VHS",true,Genre,Action,,,,,,,,,0.0,shopify,1,deny,manual,0.00,,false,false,,,,,19482106,https://cdn.shopify.com/s/files/1/0671/0552/1726/files/images_aa0ba6e1-e968-4f6c-b1a0-35a87a9973c1.jpg?v=1788195107,1,The Wind and the Lion poster,false,,,,,,,action,,,,,,,,,,,,lb,,,active
radioland-murders-vhs-rental-comedy,Radioland Murders,"<p>The secretary at radio station WBN, Penny Henderson is frantically trying to keep things in order as a broadcast goes on the air. Chaos breaks loose, however, when a series of murders occurs in the building, accompanied by an enigmatic voice over the airwaves. Penny's writer husband, Roger, tries to deduce who the killer is, but he also happens to be the prime suspect. As he evades the law, Roger gets closer to uncovering the identity of the murderer.</p>",VHS,Media > Videos,,"Comedy, Formatted, Rental, VHS",true,Genre,Comedy,,,,,,,,,0.0,shopify,1,deny,manual,0.00,,false,false,,,,,57656826,https://cdn.shopify.com/s/files/1/0671/0552/1726/files/images_215eb7e2-96b6-4017-b417-881d37238a64.jpg?v=1788195106,1,Radioland Murders poster,false,,,,,,,comedy,,,,,,,,,,,,lb,,,active
my-fair-lady-vhs-rental-musical,My Fair Lady,"<p>In this beloved musical, pompous phonetics professor Henry Higgins (Rex Harrison) is so sure of his abilities that he takes it upon himself to transform a Cockney working-class girl into someone who can pass for a cultured member of high society. His subject turns out to be the lovely Eliza Doolittle (Audrey Hepburn), who agrees to speech lessons to improve her job prospects. Higgins and Eliza clash, then form an unlikely bond -- one that is threatened by an aristocratic suitor (Jeremy Brett).</p>",VHS,Media > Videos,,"Formatted, Musical, Rental, VHS",true,Genre,Musical,,,,,,,,,0.0,shopify,1,deny,manual,0.00,,false,false,,,,,57689594,https://cdn.shopify.com/s/files/1/0671/0552/1726/files/images_9e93dbf5-40af-4e90-af35-d71e52fe0565.jpg?v=1788195106,1,My Fair Lady poster,false,,,,,,,musical,,,,,,,,,,,,lb,,,active
a-few-good-men-vhs-rental-drama,A Few Good Men,"<p>Lt. Daniel Kaffee (Tom Cruise) is a military lawyer defending two U.S. Marines charged with killing a fellow Marine at the Guantánamo Bay Naval Base in Cuba. Although Kaffee is known for seeking plea bargains, a fellow lawyer, Lt. Cdr. JoAnne Galloway (Demi Moore), convinces him that the accused marines were most likely carrying out an order from a commanding officer. Kaffee takes a risk by calling Col. Nathan R. Jessep (Jack Nicholson) to the stand in an effort to uncover the conspiracy.</p>",VHS,Media > Videos,,"Drama, Formatted, Rental, VHS",true,Genre,Drama,,,,,,,,,0.0,shopify,1,deny,manual,0.00,,false,false,,,,,57722362,https://cdn.shopify.com/s/files/1/0671/0552/1726/files/images_e20e86e3-2696-4071-9d3f-b7c359018868.jpg?v=1788195105,1,A Few Good Men poster,false,,,,,,,drama,,,,,,,,,,,,lb,,,active
the-private-life-of-sherlock-holmes-vhs-floor-sale-comedy,The Private Life of Sherlock Holmes,"<p>When a bored Sherlock eagerly takes the case of Gabrielle Valladon following an attempt on her life, the search for her missing husband leads to Loch Ness and the legendary monster.</p>",VHS,Media > Videos,,"Comedy, Floor Sale, Formatted, VHS",true,Genre,Comedy,,,,,,,,,0.0,shopify,1,deny,manual,7.00,,false,false,,,,,63161850,https://cdn.shopify.com/s/files/1/0671/0552/1726/files/vQSYu0DXkqTOEfWF21AzaqXxYCZ.jpg?v=1788195104,1,The Private Life of Sherlock Holmes (1970) poster,false,,,,,,,comedy,,,,,,,,,,,,lb,,,active
holy-man-vhs-floor-sale-comedy,Holy Man,"<p>In a world governed by commerce, Ricky and Kate, dedicated employees, find their lives forever changed when they encounter the enigmatic stranger G. As they navigate the realm of commerce, their paths intertwine in a surreal dance of love, loss, and redemption. G's presence, amplified through the pervasive influence of globalized television, casts a spell that reverberates beyond Ricky and Kate, impacting the lives of those who bear witness to their intertwined destinies.</p>",VHS,Media > Videos,,"Comedy, Floor Sale, Formatted, VHS",true,Genre,Comedy,,,,,,,,,0.0,shopify,1,deny,manual,5.00,,false,false,,,,,63194618,https://cdn.shopify.com/s/files/1/0671/0552/1726/files/sfJBsOdSbgLLarO6GIS0dWzFcCv.jpg?v=1788195104,1,Holy Man (1998) poster,false,,,,,,,comedy,,,,,,,,,,,,lb,,,active
ride-vhs-floor-sale-comedy,Ride,"<p>Overbearing mom, Jackie, travels cross-country to be with her son, Angelo, after he drops out of college to become a surfer. She meets a surf instructor who convinces her to try to accept her son's wishes and allow him to follow his dreams.</p>",VHS,Media > Videos,,"Comedy, Floor Sale, Formatted, VHS",true,Genre,Comedy,,,,,,,,,0.0,shopify,1,deny,manual,7.00,,false,false,,,,,63227386,https://cdn.shopify.com/s/files/1/0671/0552/1726/files/vozQNEvIKWkQIIiaMPvTOArxGkH.jpg?v=1788267399,1,Ride (2014) poster,false,,,,,,,comedy,,,,,,,,,,,,lb,,,active
gallagher-melon-crazy-vhs-floor-sale-comedy,Gallagher: Melon Crazy,"<p>A concert by stand-up comic Gallagher, featuring his usual plays on words and his patented bizarre use of props, climaxing with his finding a new use for watermelons.</p>",VHS,Media > Videos,,"Comedy, Floor Sale, Formatted, VHS",true,Genre,Comedy,,,,,,,,,0.0,shopify,1,deny,manual,6.00,,false,false,,,,,63489530,https://cdn.shopify.com/s/files/1/0671/0552/1726/files/cM3Oi0hr4U7E4aSPdQ5aTvAAIfm_b1d9ca15-f3f9-41fa-b896-c37a60648bd8.jpg?v=1788195102,1,Gallagher: Melon Crazy (1984) poster,false,,,,,,,comedy,,,,,,,,,,,,lb,,,active
get-bruce-vhs-floor-sale-comedy,Get Bruce,"<p>Affectionate tribute to Bruce Vilanch, who writes material for celebrities who make public appearances, from Oscar hosts and award recipients to Presidents. We meet his mom and see photos of his childhood; in Chicago, he writes for the Tribune and then heads West. Whoopi Goldberg, Billy Crystal, Robin Williams, and Bette Midler talk with him and to the camera about working with Bruce, and we also watch Bruce help others prepare for Liz Taylor's 60th, Bill Clinton's 50th, and an AIDS awards banquet where the hirsute, rotund Vilanch lets his emotions show.</p>",VHS,Media > Videos,,"Comedy, Floor Sale, Formatted, VHS",true,Genre,Comedy,,,,,,,,,0.0,shopify,1,deny,manual,6.00,,false,false,,,,,63522298,https://cdn.shopify.com/s/files/1/0671/0552/1726/files/f1uXB5YuDmaadM6wq5qTAIiK6Sr.jpg?v=1788195101,1,Get Bruce (1999) poster,false,,,,,,,comedy,,,,,,,,,,,,lb,,,active
high-season-vhs-floor-sale-comedy,High Season,"<p>On the isle of Rhodes, Katherine, an expatriate English photographer, lives with her daughter. A young local wants to encourage tourism, so he commissions a sculpture of the Unknown Tourist for the town square; the sculptor he brings to Rhodes is Kate's ex-husband. Also there to see Kate is Sharp, an aging antiquarian and her dear friend. He has something important to tell her. As Kate, her ex, and Sharp sort out things that go back years, two English tourists bumble about, one thinking he's fallen in love with Kate, his wife thinking she's found her own lover. A rare vase, a spy, old friendships, the statue's unveiling, and off-hand English sorting-out play into the resolution.</p>",VHS,Media > Videos,,"Comedy, Floor Sale, Formatted, VHS",true,Genre,Comedy,,,,,,,,,0.0,shopify,1,deny,manual,8.00,,false,false,,,,,63555066,https://cdn.shopify.com/s/files/1/0671/0552/1726/files/b3KqJglV3ADqJ6WrmOTFiqaB7j.jpg?v=1788195101,1,High Season (1987) poster,false,,,,,,,comedy,,,,,,,,,,,,lb,,,active
fletch-lives-vhs-floor-sale-comedy,Fletch Lives,"<p>Fletch is a fish out of water in small-town Louisiana, where he's checking out a tumbledown mansion he's inherited. When a woman he flirts with turns up dead, he becomes a suspect and must find the killer and clear his name.</p>",VHS,Media > Videos,,"Comedy, Floor Sale, Formatted, VHS",true,Genre,Comedy,,,,,,,,,0.0,shopify,1,deny,manual,8.00,,false,false,,,,,63620602,https://cdn.shopify.com/s/files/1/0671/0552/1726/files/A30iCFQVKXvQzGHEE4hyVC0QtrD.jpg?v=1788195099,1,Fletch Lives (1989) poster,false,,,,,,,comedy,,,,,,,,,,,,lb,,,active
getting-it-right-vhs-floor-sale-comedy,Getting it Right,"<p>Gavin is 31 years old and still lives with his parents. He is awfully shy but before he knows it there are three women interested in him. Lady Minerva Munday has a casual way of life and lives in a basement, Joan is an over-sexed millionairess, married to a Greek architect. But Gavin prefers the ugly assistant in the barbershop.</p>",VHS,Media > Videos,,"Comedy, Floor Sale, Formatted, VHS",true,Genre,Comedy,,,,,,,,,0.0,shopify,1,deny,manual,6.00,,false,false,,,,,63686138,https://cdn.shopify.com/s/files/1/0671/0552/1726/files/bwLXdy17z5qk3WA8xLh4skM55p1_3af49f65-9718-49ae-b690-b489c6b72c6a.jpg?v=1788195099,1,Getting it Right (1989) poster,false,,,,,,,comedy,,,,,,,,,,,,lb,,,active
the-january-man-vhs-floor-sale-comedy,The January Man,"<p>Nick and Frank Starkey were both policemen. A scandal forced Nick to leave the force, now a serial killer has driven the police to take him back. A web that includes Frank's wife, bribery, and corruption all are in the background as Nick tries to uncover the secret of where the killer will strike next, and finally must lay a trap without the police.</p>",VHS,Media > Videos,,"Comedy, Floor Sale, Formatted, VHS",true,Genre,Comedy,,,,,,,,,0.0,shopify,1,deny,manual,5.00,,false,false,,,,,63718906,https://cdn.shopify.com/s/files/1/0671/0552/1726/files/5CZznrNvFLacr0mb4CYmlpJ4Tsw_d4cd04ac-b8ef-4c47-bf5d-bb36c78ac92e.jpg?v=1788195098,1,The January Man (1989) poster,false,,,,,,,comedy,,,,,,,,,,,,lb,,,active
something-wild-vhs-floor-sale-comedy,Something Wild,"<p>A free-spirited woman ""kidnaps"" a yuppie for a weekend of adventure. But the fun quickly takes a dangerous turn when her ex-con husband shows up.</p>",VHS,Media > Videos,,"Comedy, Floor Sale, Formatted, VHS",true,Genre,Comedy,,,,,,,,,0.0,shopify,1,deny,manual,6.00,,true,true,,,,,63784442,https://cdn.shopify.com/s/files/1/0671/0552/1726/files/344lhBozqFWKxBb4fp6azYQMLEy.jpg?v=1788267278,1,Something Wild (1986) poster,false,,,,,,,comedy,,,,,,,,,,,,lb,,,active
heart-condition-vhs-floor-sale-comedy,Heart Condition,"<p>Racist police officer Jack Moony has a vendetta against Napoleon Stone, a charismatic black lawyer who is sleeping with Jack's old flame Crystal Gerrity. Jack has a heart attack, but his life is saved when he receives Stone's heart, since Stone died mysteriously the same night as Jack was stricken. Stone is not completely gone, however, and as a ghost he is all too happy to give Jack advice on how he should do his job and live his life.</p>",VHS,Media > Videos,,"Comedy, Floor Sale, Formatted, VHS",true,Genre,Comedy,,,,,,,,,0.0,shopify,1,deny,manual,6.00,,false,false,,,,,63817210,https://cdn.shopify.com/s/files/1/0671/0552/1726/files/2ApuvU24UEBlWeBiQGRyyOYFeqe.jpg?v=1788195097,1,Heart Condition (1990) poster,false,,,,,,,comedy,,,,,,,,,,,,lb,,,active
floundering-vhs-floor-sale-comedy,Floundering,"<p>John Boyz lives close to where they film ""Baywatch"", but you'd never know it. His life is full of bizarre friends, sweaty sex, pistol wielding gangsters, bungling bureaucrats, police fanatics, revolutionaries, and weirdos. All John wants is a little peace of mind and a little piece of the action, but in ""Floundering"" it wont come easy.</p>",VHS,Media > Videos,,"Comedy, Floor Sale, Formatted, VHS",true,Genre,Comedy,,,,,,,,,0.0,shopify,1,deny,manual,10.00,,false,false,,,,,63849978,https://cdn.shopify.com/s/files/1/0671/0552/1726/files/sTW4JE8SOn5x50bhzYd47SOhWtQ.jpg?v=1788195097,1,Floundering (1994) poster,false,,,,,,,comedy,,,,,,,,,,,,lb,,,active
when-harry-met-sally-vhs-floor-sale-comedy,When Harry Met Sally,"<p>Sex always gets in the way of friendships between men and women. At least, that's what Harry Burns believes. So when Harry meets Sally Albright and a deep friendship blossoms between them, Harry's determined not to let his attraction to Sally destroy it. But when a night of weakness ends in a morning of panic, can the pair avoid succumbing to Harry's fears by remaining friends and admitting they just might be the perfect match for each other?</p>",VHS,Media > Videos,,"Comedy, Floor Sale, Formatted, VHS",true,Genre,Comedy,,,,,,,,,0.0,shopify,1,deny,manual,5.00,,false,false,,,,,64112122,https://cdn.shopify.com/s/files/1/0671/0552/1726/files/rFOiFUhTMtDetqCGClC9PIgnC1P.jpg?v=1788195096,1,When Harry Met Sally (1989) poster,false,,,,,,,comedy,,,,,,,,,,,,lb,,,active
two-ninas-vhs-floor-sale-comedy,Two Ninas,"<p>After a long lonely period of involuntary celibacy, Marty Sachs decides that he has had enough of New York and wants to pack up and run the family business in Maine. Yet before he leaves, he meets two available, attractive women, both named Nina. Nina Cohen shares many of the same eccentric interests as Marty, but she has grow gun-shy from one too many bad relationships. Blonde bombshell Nina Harris literally knocks Marty off his feet in an ill-fated attempt at snagging a cab.</p>",VHS,Media > Videos,,"Comedy, Floor Sale, Formatted, VHS",true,Genre,Comedy,,,,,,,,,0.0,shopify,1,deny,manual,5.00,,false,false,,,,,64144890,https://cdn.shopify.com/s/files/1/0671/0552/1726/files/mXoKLwgAOMB3rrtZ1V1qtHTblTs.jpg?v=1788195095,1,Two Ninas (2000) poster,false,,,,,,,comedy,,,,,,,,,,,,lb,,,active
roadie-vhs-floor-sale-comedy,Roadie,"<p>A young Texas good ol' boy has a knack with electronic equipment, and that talent gets him a job as a roadie with a raucous traveling rock-and-roll show.</p>",VHS,Media > Videos,,"Comedy, Floor Sale, Formatted, VHS",true,Genre,Comedy,,,,,,,,,0.0,shopify,1,deny,manual,7.00,,false,false,,,,,64210426,https://cdn.shopify.com/s/files/1/0671/0552/1726/files/4vAzTfw0g70BM1dAx7vdRNIhKMm.jpg?v=1788195095,1,Roadie (1980) poster,false,,,,,,,comedy,,,,,,,,,,,,lb,,,active
protocol-vhs-floor-sale-comedy,Protocol,"<p>A Washington waitress saves the Emir of Ohtar's life, launching her diplomatic career and a scandal.</p>",VHS,Media > Videos,,"Comedy, Floor Sale, Formatted, VHS",true,Genre,Comedy,,,,,,,,,0.0,shopify,1,deny,manual,5.00,,true,true,,,,,64243194,https://cdn.shopify.com/s/files/1/0671/0552/1726/files/7iCRH6gcLhYCQBpiJisKNKuTqwE.jpg?v=1788267278,1,Protocol (1984) poster,false,,,,,,,comedy,,,,,,,,,,,,lb,,,active
the-other-sister-vhs-rental-drama,The Other Sister,"<p>Carla Tate (Juliette Lewis) has never been like her sisters. Sent at a young age to a school for children with intellectual impairments, a maturing Carla returns to her family home in San Francisco. Her overbearing mother, Elizabeth (Diane Keaton), and patient father, Radley (Tom Skerritt), struggle to come to terms with Carla's growing independence as she embarks on her dream of attending college and pursues a romance with Danny (Giovanni Ribisi), a young man with a similar disability.</p>",VHS,Media > Videos,,"Drama, Formatted, Rental, VHS",true,Genre,Drama,,,,,,,,,0.0,shopify,1,deny,manual,0.00,,false,false,,,,,23593978,https://cdn.shopify.com/s/files/1/0671/0552/1726/files/250px-Other_sister_poster_0b30e3a8-02b6-45a6-8695-c9b5230592b3.jpg?v=1788195093,1,The Other Sister poster,false,,,,,,,drama,,,,,,,,,,,,lb,,,active
tumbleweeds-screener-vhs-rental-drama,Tumbleweeds (Screener),"<p>Whenever trouble strikes in one of her relationships, single mother Mary Jo Walker (Janet McTeer) and her daughter, Ava (Kimberly J. Brown), pack up and move to another city, a routine Ava is tiring of. This time, they are helped on their move to San Diego by trucker Jack Ranson (Gavin O'Connor). While Ava settles in, getting a leading part in the school play, Jack starts dating Mary Jo but soon reveals himself to be controlling and aggressive. Mary Jo prepares to flee again, angering Ava.</p>",VHS,Media > Videos,,"Drama, Formatted, Rental, VHS",true,Genre,Drama,,,,,,,,,0.0,shopify,1,deny,manual,0.00,,false,false,,,,,23725050,https://cdn.shopify.com/s/files/1/0671/0552/1726/files/images_f68d5e49-7715-4206-8319-0e3faa43cfdc.jpg?v=1788195092,1,Tumbleweeds (Screener) poster,false,,,,,,,drama,,,,,,,,,,,,lb,,,active
bach-and-broccoli-vhs-rental-kids-family,Bach and Broccoli,"<p>Bachelor Jonathan's only passion is Bach music. The last thing he thought he needed was a long-lost niece, at least that was what he thought before the arrival of 11- year-old Fanny and her skunk Broccoli. Newly orphaned Fanny has a wonderful outloo.</p>",VHS,Media > Videos,,"Formatted, Kids & Family, Rental, VHS",true,Genre,Kids & Family,,,,,,,,,0.0,shopify,1,deny,manual,0.00,,false,false,,,,,23856122,https://cdn.shopify.com/s/files/1/0671/0552/1726/files/images_81929129-dcd4-4a23-90ed-5e1faa0f15ef.jpg?v=1788195092,1,Bach and Broccoli poster,false,,,,,,,kids-family,,,,,,,,,,,,lb,,,active
brooklyn-babylon-vhs-rental-drama,Brooklyn Babylon,<p>A charming rap musician (Tariq Trotter) falls in love with a woman (Karen Goberman) from a conservative Jewish family.</p>,VHS,Media > Videos,,"Drama, Formatted, Rental, VHS",true,Genre,Drama,,,,,,,,,0.0,shopify,1,deny,manual,0.00,,false,false,,,,,24019962,https://cdn.shopify.com/s/files/1/0671/0552/1726/files/images_435f0824-ee7d-4d28-b130-0069c41c013d.jpg?v=1788195091,1,Brooklyn Babylon poster,false,,,,,,,drama,,,,,,,,,,,,lb,,,active
bullitt-vhs-rental-action,Bullitt,"<p>Senator Walter Chalmers (Robert Vaughn) is aiming to take down mob boss Pete Ross (Vic Tayback) with the help of testimony from the criminal's hothead brother Johnny (Pat Renella), who is in protective custody in San Francisco under the watch of police lieutenant Frank Bullitt (Steve McQueen). When a pair of mob hitmen enter the scene, Bullitt follows their trail through a maze of complications and double-crosses. This thriller includes one of the most famous car chases ever filmed.</p>",VHS,Media > Videos,,"Action, Formatted, Rental, VHS",true,Genre,Action,,,,,,,,,0.0,shopify,1,deny,manual,0.00,,false,false,,,,,24216570,https://cdn.shopify.com/s/files/1/0671/0552/1726/files/images_b77f93c3-4ccd-4229-840c-55a47b489e46.jpg?v=1788195090,1,Bullitt poster,false,,,,,,,action,,,,,,,,,,,,lb,,,active
rare-birds-screener-vhs-floor-sale-comedy,Rare Birds (Screener),<p>Rare Birds is a 2001 Canadian comedy-drama about a failing restaurant owner who invents a rare bird sighting to attract customers.</p>,VHS,Media > Videos,,"Comedy, Floor Sale, Formatted, VHS",true,Genre,Comedy,,,,,,,,,0.0,shopify,1,deny,manual,6.00,,false,false,,,,,30573562,https://cdn.shopify.com/s/files/1/0671/0552/1726/files/Rare_birds_poster.jpg?v=1788272188,1,Rare Birds (Screener) poster,false,,,,,,,comedy,,,,,,,,,,,,lb,,,active
on-the-edge-vhs-floor-sale-comedy,On the Edge,"<p>A compendium of three short science-fiction films, each with a decidedly feminist slant.</p>",VHS,Media > Videos,,"Comedy, Floor Sale, Formatted, VHS",true,Genre,Comedy,,,,,,,,,0.0,shopify,1,deny,manual,18.00,,true,true,,,,,30639098,https://cdn.shopify.com/s/files/1/0671/0552/1726/files/7AbTdZV5ZgxDEzzrAKdYaEiAprR.jpg?v=1788267278,1,On the Edge (2001) poster,false,,,,,,,comedy,,,,,,,,,,,,lb,,,active
oh-heavenly-dog-vhs-floor-sale-comedy,Oh Heavenly Dog,"<p>Browning is a PI with a bad cold, who's sent to investigate a case by a mysterious client.  He stumbles across the body of a young woman and is stabbed to death, and when he wakes up in heaven, they tell him he's ""marginal material,"" and they can only decide on his final destination through one last assignment: to go back and solve his own murder. As a dog. A cute fluffy little dog (Benji). Undaunted, Browning begins to investigate the case as best he can around his canine disabilities (dialing the phone presents a special challenge) to solve the murders, save the girl, and see justice done.</p>",VHS,Media > Videos,,"Comedy, Floor Sale, Formatted, VHS",true,Genre,Comedy,,,,,,,,,0.0,shopify,1,deny,manual,18.00,,false,false,,,,,30770170,https://cdn.shopify.com/s/files/1/0671/0552/1726/files/snlRys3j7LI5i4u3uw3mvFWBqXQ.jpg?v=1788195090,1,Oh Heavenly Dog (1980) poster,false,,,,,,,comedy,,,,,,,,,,,,lb,,,active
9-to-5-vhs-floor-sale-comedy,9 to 5,<p>A contemporary remake of the 1980 classic about three female office employees who decide to take revenge against their rude and sexist boss.</p>,VHS,Media > Videos,,"Comedy, Floor Sale, Formatted, VHS",true,Genre,Comedy,,,,,,,,,0.0,shopify,1,deny,manual,6.00,,true,true,,,,,30966778,,,,false,,,,,,,comedy,,,,,,,,,,,,lb,,,active
talkin-dirty-after-dark-vhs-floor-sale-comedy,Talkin' Dirty After Dark,"<p>Terry is an up and coming comedian, but believes politics will get him the big breaks and more time at the popular Dukie's Comedy Club. Just so happens that Terry is 'sleeping' with Ruby Lynn Sinclair, the wife of club owner Dukie Sinclair. What follows is a night of comedy, romance, comedy, action, comedy, and Terry achieving his initial goal: getting $67 dollars to pay his phone bil</p>",VHS,Media > Videos,,"Comedy, Floor Sale, Formatted, VHS",true,Genre,Comedy,,,,,,,,,0.0,shopify,1,deny,manual,5.00,,false,false,,,,,31196154,https://cdn.shopify.com/s/files/1/0671/0552/1726/files/bNTfwzDkpXQEFSr1vOxPpcWYDej.jpg?v=1788195089,1,Talkin' Dirty After Dark (1991) poster,false,,,,,,,comedy,,,,,,,,,,,,lb,,,active
porkys-revenge-vhs-floor-sale-comedy,Porky's Revenge,"<p>As graduation nears for the class of 1955 at Angel Beach High, the gang once again faces off against their old enemy, Porky, who wants them to throw the school's championship basketball game since he has bet on the opposing team.</p>",VHS,Media > Videos,,"Comedy, Floor Sale, Formatted, VHS",true,Genre,Comedy,,,,,,,,,0.0,shopify,1,deny,manual,6.00,,false,false,,,,,31589370,https://cdn.shopify.com/s/files/1/0671/0552/1726/files/Ad3F9Fm7zdZmBqBSvJIAJRfac9m_1a1d809c-4496-47c7-a510-d69f2e64e407.jpg?v=1788195088,1,Porky's Revenge (1985) poster,false,,,,,,,comedy,,,,,,,,,,,,lb,,,active
omega-doom-vhs-floor-sale-sci-fi,Omega Doom,"<p>After earth is taken over by an army of robots, the small number of humans left are forced into hiding. In the nuclear winter, only droids walk the face of the earth, in fear of the rumored human resurgence, and in search of a hidden cache of weapons. One robot, his evil circuits destroyed, enters a small town where a robot civil war is taking place.</p>",VHS,Media > Videos,,"Floor Sale, Formatted, Sci-Fi, VHS",true,Genre,Sci-Fi,,,,,,,,,0.0,shopify,1,deny,manual,8.00,,false,false,,,,,31720442,https://cdn.shopify.com/s/files/1/0671/0552/1726/files/j8gSAdGQRxf4eGOSueff1LjZREW.jpg?v=1788195087,1,Omega Doom (1996) poster,false,,,,,,,sci-fi,,,,,,,,,,,,lb,,,active
love-and-a-bullet-vhs-floor-sale-action,Love and a Bullet,"<p>Malik Bishop is the best killer in the business, but when his crimelord employer wants his girlfriend, who may be unfaithful, eliminated, Bishop doesn't count on falling in love with the woman. Now he must choose between his heart and, perhaps, his life.</p>",VHS,Media > Videos,,"Action, Floor Sale, Formatted, VHS",true,Genre,Action,,,,,,,,,0.0,shopify,1,deny,manual,8.00,,false,false,,,,,71957498,https://cdn.shopify.com/s/files/1/0671/0552/1726/files/67fIrwMiSQ26Q2uUo1jz6B6kxID.jpg?v=1788195086,1,Love and a Bullet (2002) poster,false,,,,,,,action,,,,,,,,,,,,lb,,,active
traffic-vhs-floor-sale-thriller,Traffic,"<p>An exploration of the United States of America's war on drugs from multiple perspectives. For the new head of the Office of National Drug Control Policy, the war becomes personal when he discovers his well-educated daughter is abusing cocaine within their comfortable suburban home. In Mexico, a flawed, but noble policeman agrees to testify against a powerful general in league with a cartel, and in San Diego, a drug kingpin's sheltered trophy wife must learn her husband's ruthless business after he is arrested, endangering her luxurious lifestyle.</p>",VHS,Media > Videos,,"Floor Sale, Formatted, Thriller, VHS",true,Genre,Thriller,,,,,,,,,0.0,shopify,1,deny,manual,6.00,,true,true,,,,,72711162,https://cdn.shopify.com/s/files/1/0671/0552/1726/files/jbccmnqE4oAPI67bApgt2JiRPz8.jpg?v=1788267277,1,Traffic (2000) poster,false,,,,,,,thriller,,,,,,,,,,,,lb,,,active
chat-room-vhs-floor-sale-comedy,Chat Room,"<p>Bryony makes a dark commitment to the love of her life, only she's never met him.</p>",VHS,Media > Videos,,"Comedy, Floor Sale, Formatted, VHS",true,Genre,Comedy,,,,,,,,,0.0,shopify,1,deny,manual,7.00,,false,false,,,,,74546170,https://cdn.shopify.com/s/files/1/0671/0552/1726/files/tPRpp8vJjXPZQWhv0ftiQgHcHkO.jpg?v=1788195086,1,Chat Room (2016) poster,false,,,,,,,comedy,,,,,,,,,,,,lb,,,active
black-dog-vhs-floor-sale-action,Black Dog,<p>An ex-con takes a job driving a truck cross country. What he doesn't know is that the truck is filled with illegal weapons and now he must fight to survive and save his family.</p>,VHS,Media > Videos,,"Action, Floor Sale, Formatted, VHS",true,Genre,Action,,,,,,,,,0.0,shopify,1,deny,manual,4.00,,true,true,,,,,75398138,https://cdn.shopify.com/s/files/1/0671/0552/1726/files/8hvt4L3EXWq3ANutok32ODQIGwV.jpg?v=1788267277,1,Black Dog (1998) poster,false,,,,,,,action,,,,,,,,,,,,lb,,,active
the-eighteenth-angel-vhs-floor-sale-horror,The Eighteenth Angel,<p>Mythology and religious dogma are slowly revealed when an attractive young woman is approached by a modeling agency that pulls her into an underworld of priests that are not Christian but rather want to resurrect Satan by collecting the souls of 18 beautiful children.</p>,VHS,Media > Videos,,"Floor Sale, Formatted, Horror, VHS",true,Genre,Horror,,,,,,,,,0.0,shopify,1,deny,manual,8.00,,false,false,,,,,76282874,https://cdn.shopify.com/s/files/1/0671/0552/1726/files/p7t4aLbYvnw6ktvC50W6On5Iw9K.jpg?v=1788195084,1,The Eighteenth Angel (1997) poster,false,,,,,,,horror,,,,,,,,,,,,lb,,,active
rumble-fish-vhs-floor-sale-drama,Rumble Fish,"<p>Absent-minded street thug Rusty James struggles to live up to his legendary older brother's reputation, and longs for the days of gang warfare.</p>",VHS,Media > Videos,,"Drama, Floor Sale, Formatted, VHS",true,Genre,Drama,,,,,,,,,0.0,shopify,1,deny,manual,10.00,,false,false,,,,,77167610,https://cdn.shopify.com/s/files/1/0671/0552/1726/files/nwIUWs7cexC8Wk9c6ey8nFltAZd.jpg?v=1788195084,1,Rumble Fish (1983) poster,false,,,,,,,drama,,,,,,,,,,,,lb,,,active
inside-out-bluray-floor-sale-kids-family,Inside Out,"<p>When 11-year-old Riley moves to a new city, her Emotions team up to help her through the transition. Joy, Fear, Anger, Disgust and Sadness work together, but when Joy and Sadness get lost, they must journey through unfamiliar places to get back home.</p>",Blu-Ray,Media > Videos,,"Blu-Ray, Floor Sale, Formatted, Kids & Family",true,Genre,Kids & Family,,,,,,,,,0.0,shopify,1,deny,manual,6.00,,true,true,,,,,98613498,https://cdn.shopify.com/s/files/1/0671/0552/1726/files/2H1TmgdfNtsKlU9jKdeNyYL5y8T.jpg?v=1788267277,1,Inside Out (2015) poster,false,,,,,,,kids-family,,,,,,,,,,,,lb,,,active
planes-bluray-floor-sale-kids-family,Planes,"<p>Dusty is a cropdusting plane who dreams of competing in a famous aerial race. The problem? He is hopelessly afraid of heights. With the support of his mentor Skipper and a host of new friends, Dusty sets off to make his dreams come true.</p>",Blu-Ray,Media > Videos,,"Blu-Ray, Floor Sale, Formatted, Kids & Family",true,Genre,Kids & Family,,,,,,,,,0.0,shopify,1,deny,manual,6.00,,true,true,,,,,98646266,https://cdn.shopify.com/s/files/1/0671/0552/1726/files/i2xgU0y0p77WTrB0oIkbpdaWq8R.jpg?v=1788267276,1,Planes (2013) poster,false,,,,,,,kids-family,,,,,,,,,,,,lb,,,active
how-to-train-your-dragon-2-bluray-floor-sale-kids-family,How to Train Your Dragon 2,"<p>Five years after uniting the dragons and Vikings of Berk, Hiccup and Toothless soar beyond their homeland, charting the vast unknown. During one of their adventures, the pair discover a secret cave that houses hundreds of wild dragons -- and a mysterious dragon rider with a startling connection to Hiccup. And as the ruthless dragon conqueror Drago Bludvist rises to seize control of both dragons and people alike, Hiccup must step into his role as a true leader and, alongside his friends and Toothless, protect Berk from a devastating war.</p>",Blu-Ray,Media > Videos,,"Blu-Ray, Floor Sale, Formatted, Kids & Family",true,Genre,Kids & Family,,,,,,,,,0.0,shopify,1,deny,manual,6.00,,true,true,,,,,98679034,https://cdn.shopify.com/s/files/1/0671/0552/1726/files/d13Uj86LdbDLrfDoHR5aDOFYyJC_373f18d8-28f7-40ba-a1ae-5daaccd817ee.jpg?v=1788267276,1,How to Train Your Dragon 2 (2014) poster,false,,,,,,,kids-family,,,,,,,,,,,,lb,,,active
the-jungle-book-live-action-bluray-floor-sale-kids-family,The Jungle Book (Live Action),"<p>The Jungle Book is a 2016 live-action/photorealistic remake of Disney's 1967 animated film, following the boy Mowgli raised by wolves in the Indian jungle.</p>",Blu-Ray,Media > Videos,,"Blu-Ray, Floor Sale, Formatted, Kids & Family",true,Genre,Kids & Family,,,,,,,,,0.0,shopify,1,deny,manual,7.00,,false,false,,,,,98777338,https://cdn.shopify.com/s/files/1/0671/0552/1726/files/The_Jungle_Book__282016_29.jpg?v=1788272187,1,The Jungle Book (Live Action) poster,false,,,,,,,kids-family,,,,,,,,,,,,lb,,,active
journey-2-bluray-floor-sale-kids-family,Journey 2,"<p>After the Korean War, Young-gu and his family establish a successful restaurant in Seoul. Their son grows up to graduate from university and eventually becomes a prosecutor, fulfilling his parents’ hopes for upward mobility.  Proud but socially awkward, Young-gu becomes involved in a series of comedic situations that test those around him. Over time, his sincerity wins people over, and the family looks ahead to a stable and happy future.</p>",Blu-Ray,Media > Videos,,"Blu-Ray, Floor Sale, Formatted, Kids & Family",true,Genre,Kids & Family,,,,,,,,,0.0,shopify,1,deny,manual,6.00,,false,false,,,,,98842874,https://cdn.shopify.com/s/files/1/0671/0552/1726/files/bNABlHPA9KEp5GGEn70s91Stspo_93d11992-168b-4e24-b83b-f5e264984405.jpg?v=1788195083,1,Journey 2 (1973) poster,false,,,,,,,kids-family,,,,,,,,,,,,lb,,,active
the-little-mermaid-3-movie-collection-bluray-floor-sale-kids-family,The Little Mermaid (3 Movie Collection),"<p>The Little Mermaid: 3-Movie Collection gathers Disney's The Little Mermaid (1989) with its sequels/prequels, following the mermaid princess Ariel.</p>",Blu-Ray,Media > Videos,,"Blu-Ray, Floor Sale, Formatted, Kids & Family",true,Genre,Kids & Family,,,,,,,,,0.0,shopify,1,deny,manual,11.00,,false,false,,,,,98875642,,,,false,,,,,,,kids-family,,,,,,,,,,,,lb,,,active
dragons-gift-of-the-night-fury-bluray-floor-sale-kids-family,Dragons: Gift of the Night Fury,<p>Hiccup and Toothless go on an exciting adventure and discover an island of new dragons.</p>,Blu-Ray,Media > Videos,,"Blu-Ray, Floor Sale, Formatted, Kids & Family",true,Genre,Kids & Family,,,,,,,,,0.0,shopify,1,deny,manual,6.00,,false,false,,,,,98908410,https://cdn.shopify.com/s/files/1/0671/0552/1726/files/tieHyFlHwnU4gdKY9vBNCW7U5iw.jpg?v=1788195082,1,Dragons: Gift of the Night Fury (2011) poster,false,,,,,,,kids-family,,,,,,,,,,,,lb,,,active
lion-king-live-action-bluray-floor-sale-4k-kids-family,Lion King (Live Action),"<p>The Lion King is a 2019 photorealistically animated remake of Disney's 1994 classic, following a young lion prince's journey to reclaim his throne.</p>",4K,Media > Videos,,"4K, Floor Sale, Formatted, Kids & Family",true,Genre,Kids & Family,,,,,,,,,0.0,shopify,1,deny,manual,10.00,,false,false,,,,,99236090,https://cdn.shopify.com/s/files/1/0671/0552/1726/files/Disney_The_Lion_King_2019.jpg?v=1788272185,1,Lion King (Live Action) poster,false,,,,,,,kids-family,,,,,,,,,,,,lb,,,active
incredibles-2-bluray-floor-sale-kids-family,Incredibles 2,"<p>Elastigirl springs into action to save the day, while Mr. Incredible faces his greatest challenge yet – taking care of the problems of his three children.</p>",Blu-Ray,Media > Videos,,"Blu-Ray, Floor Sale, Formatted, Kids & Family",true,Genre,Kids & Family,,,,,,,,,0.0,shopify,1,deny,manual,7.00,,false,false,,,,,99301626,https://cdn.shopify.com/s/files/1/0671/0552/1726/files/9lFKBtaVIhP7E2Pk0IY1CwTKTMZ.jpg?v=1788195082,1,Incredibles 2 (2018) poster,false,,,,,,,kids-family,,,,,,,,,,,,lb,,,active
the-last-airbender-bluray-floor-sale-kids-family,The Last Airbender,"<p>A century has passed since the Fire Nation declared war on the other three nations of air, water, and earth in its attempt for global domination. Aang, the long-lost Avatar, is found by Water Tribe siblings Katara and Sokka and must learn to master water, earth, and fire bending to defeat the Fire Nation and restore balance to the world.</p>",Blu-Ray,Media > Videos,,"Blu-Ray, Floor Sale, Formatted, Kids & Family",true,Genre,Kids & Family,,,,,,,,,0.0,shopify,1,deny,manual,6.00,,false,false,,,,,99367162,https://cdn.shopify.com/s/files/1/0671/0552/1726/files/zgwRTYWEEPivTwjB9S03HtmMcbM.jpg?v=1788195081,1,The Last Airbender (2010) poster,false,,,,,,,kids-family,,,,,,,,,,,,lb,,,active
shrek-the-third-dvd-floor-sale-kids-family,Shrek the Third,"<p>After the King of Far Far Away dies, Shrek and Fiona are to succede. However, Shrek wants to return to his cozy swamp and live in peace and quiet, so when he finds out there is another heir to the throne, he and Donkey set off to bring him back to rule the kingdom.</p>",DVD,Media > Videos,,"DVD, Floor Sale, Formatted, Kids & Family",true,Genre,Kids & Family,,,,,,,,,0.0,shopify,1,deny,manual,5.00,,false,false,,,,,99399930,https://cdn.shopify.com/s/files/1/0671/0552/1726/files/n4SexGGQzI26E269tfpa80MZaGV_e3bbd42f-33c6-4d21-98c9-c3adb9bf5900.jpg?v=1788195080,1,Shrek the Third (2007) poster,false,,,,,,,kids-family,,,,,,,,,,,,lb,,,active
robinhood-dvd-floor-sale-kids-family,Robinhood,"<p>Ram, a modern-day Robin Hood, is a master thief who unexpectedly finds himself switching sides. When fate forces him to become the personal security officer for Neera, a rollercoaster ride of action, comedy, and unexpected twists follows.</p>",DVD,Media > Videos,,"DVD, Floor Sale, Formatted, Kids & Family",true,Genre,Kids & Family,,,,,,,,,0.0,shopify,1,deny,manual,5.00,,false,false,,,,,99465466,https://cdn.shopify.com/s/files/1/0671/0552/1726/files/zeH5oAM1A3zgXbvQ3L9GiDs3ldQ.jpg?v=1788195079,1,Robinhood (2025) poster,false,,,,,,,kids-family,,,,,,,,,,,,lb,,,active
lilo-stitch-2-dvd-floor-sale-kids-family,Lilo & Stitch 2,"<p>The second instalment in the live-action adaptation franchise, now with Angel. Plot TBA.</p>",DVD,Media > Videos,,"DVD, Floor Sale, Formatted, Kids & Family",true,Genre,Kids & Family,,,,,,,,,0.0,shopify,1,deny,manual,5.00,,false,false,,,,,99858682,https://cdn.shopify.com/s/files/1/0671/0552/1726/files/4AtxkITOlRUQaiVa3rS1OZvZLkA.jpg?v=1788195078,1,Lilo & Stitch 2 (2028) poster,false,,,,,,,kids-family,,,,,,,,,,,,lb,,,active
life-of-pi-dvd-floor-sale-drama,Life of Pi,"<p>The story of an Indian boy named Pi, a zookeeper's son who finds himself in the company of a hyena, zebra, orangutan, and a Bengal tiger after a shipwreck sets them adrift in the Pacific Ocean.</p>",DVD,Media > Videos,,"Drama, DVD, Floor Sale, Formatted",true,Genre,Drama,,,,,,,,,0.0,shopify,1,deny,manual,5.00,,true,true,,,,,65755130,https://cdn.shopify.com/s/files/1/0671/0552/1726/files/iLgRu4hhSr6V1uManX6ukDriiSc_9fbb4fa7-1e92-408e-a2b4-e99131a9013b.jpg?v=1788267276,1,Life of Pi (2012) poster,false,,,,,,,drama,,,,,,,,,,,,lb,,,active
lake-house-dvd-floor-sale-drama,Lake House,"<p>After the tragic death of her sister Tonya years before, Mae returns to her family's lake house to finally come to terms with the death of her sister. When she returns, she starts to realize things are far from normal, as a series of paranormal events take place involving around a mysterious figure.</p>",DVD,Media > Videos,,"Drama, DVD, Floor Sale, Formatted",true,Genre,Drama,,,,,,,,,0.0,shopify,1,deny,manual,5.00,,false,false,,,,,65787898,https://cdn.shopify.com/s/files/1/0671/0552/1726/files/nDyjITpBPikePMS60Dv5gpDTQuL_5cb302ac-922f-48d1-b8f1-c49823ad9752.jpg?v=1788195078,1,Lake House poster,false,,,,,,,drama,,,,,,,,,,,,lb,,,active
last-samurai-dvd-floor-sale-drama,Last Samurai,"<p>Nathan Algren is an American hired to instruct the Japanese army in the ways of modern warfare, which finds him learning to respect the samurai and the honorable principles that rule them. Pressed to destroy the samurai's way of life in the name of modernization and open trade, Algren decides to become an ultimate warrior himself and to fight for their right to exist.</p>",DVD,Media > Videos,,"Drama, DVD, Floor Sale, Formatted",true,Genre,Drama,,,,,,,,,0.0,shopify,1,deny,manual,6.00,,true,true,,,,,65984506,https://cdn.shopify.com/s/files/1/0671/0552/1726/files/a8jmJPs5eZBARmnuEEvZwbjwyz4.jpg?v=1788267275,1,Last Samurai (2003) poster,false,,,,,,,drama,,,,,,,,,,,,lb,,,active
jack-the-giant-slayer-dvd-floor-sale-fantasy,Jack the Giant Slayer,"<p>The story of an ancient war that is reignited when a young farmhand unwittingly opens a gateway between our world and a fearsome race of giants. Unleashed on the Earth for the first time in centuries, the giants strive to reclaim the land they once lost, forcing the young man, Jack into the battle of his life to stop them. Fighting for a kingdom, its people, and the love of a brave princess, he comes face to face with the unstoppable warriors he thought only existed in legend–and gets the chance to become a legend himself.</p>",DVD,Media > Videos,,"DVD, Fantasy, Floor Sale, Formatted",true,Genre,Fantasy,,,,,,,,,0.0,shopify,1,deny,manual,5.00,,false,false,,,,,66017274,https://cdn.shopify.com/s/files/1/0671/0552/1726/files/9jSI7saUX9Qz0JLh19jX2ulEwL7.jpg?v=1788195077,1,Jack the Giant Slayer (2013) poster,false,,,,,,,fantasy,,,,,,,,,,,,lb,,,active
ink-heart-dvd-floor-sale-kids-family,Ink Heart,"<p>The adventures of a father and his young daughter, in their search for a long lost book that will help reunite a missing, close relative.</p>",DVD,Media > Videos,,"DVD, Floor Sale, Formatted, Kids & Family",true,Genre,Kids & Family,,,,,,,,,0.0,shopify,1,deny,manual,5.00,,false,false,,,,,66279418,https://cdn.shopify.com/s/files/1/0671/0552/1726/files/eXFK5aBDzUPSynAhSKMJy7xLxqE_2d504281-28c3-4e7e-89f0-58ab3aa46f4f.jpg?v=1788195076,1,Ink Heart (2008) poster,false,,,,,,,kids-family,,,,,,,,,,,,lb,,,active
the-impossible-dvd-floor-sale-drama,The Impossible,"<p>In December 2004, close-knit family Maria, Henry and their three sons begin their winter vacation in Thailand. But the day after Christmas, the idyllic holiday turns into an incomprehensible nightmare when a terrifying roar rises from the depths of the sea, followed by a wall of black water that devours everything in its path. Though Maria and her family face their darkest hour, unexpected displays of kindness and courage ameliorate their terror.</p>",DVD,Media > Videos,,"Drama, DVD, Floor Sale, Formatted",true,Genre,Drama,,,,,,,,,0.0,shopify,1,deny,manual,5.00,,false,false,,,,,66312186,https://cdn.shopify.com/s/files/1/0671/0552/1726/files/k0DLCiDbnYywOHiISALbl2EH2NE.jpg?v=1788195075,1,The Impossible (2012) poster,false,,,,,,,drama,,,,,,,,,,,,lb,,,active
the-immortals-dvd-floor-sale-action,Immortals,"<p>Theseus is a mortal man chosen by Zeus to lead the fight against the ruthless King Hyperion, who is on a rampage across Greece to obtain a weapon that can destroy humanity.</p>",DVD,Media > Videos,,"Action, DVD, Floor Sale, Formatted",true,Genre,Action,,,,,,,,,0.0,shopify,1,deny,manual,5.00,,true,true,,,,,66344954,https://cdn.shopify.com/s/files/1/0671/0552/1726/files/4SPPX5KIyaQ9O8n5rLvvUIiIhpF_3c4b7fef-f26d-45a8-a58e-6bb60d6ad7c3.jpg?v=1788267274,1,Immortals (2011) poster,false,,,,,,,action,,,,,,,,,,,,lb,,,active
identity-thief-bluray-floor-sale-comedy,Identity Thief,"<p>When a mild-mannered businessman learns his identity has been stolen, he hits the road in an attempt to foil the thief -- a trip that puts him in the path of a deceptively harmless-looking woman.</p>",Blu-Ray,Media > Videos,,"Blu-Ray, Comedy, Floor Sale, Formatted",true,Genre,Comedy,,,,,,,,,0.0,shopify,1,deny,manual,6.00,,true,true,,,,,66377722,https://cdn.shopify.com/s/files/1/0671/0552/1726/files/lIliJCGoWT6tEVaDivLpXEf038w.jpg?v=1788267275,1,Identity Thief (2013) poster,false,,,,,,,comedy,,,,,,,,,,,,lb,,,active
knowing-bluray-floor-sale-sci-fi,Knowing,<p>A teacher opens a time capsule that has been dug up at his son's elementary school; in it are some chilling predictions -- some that have already occurred and others that are about to -- that lead him to believe his family plays a role in the events that are about to unfold.</p>,Blu-Ray,Media > Videos,,"Blu-Ray, Floor Sale, Formatted, Sci-Fi",true,Genre,Sci-Fi,,,,,,,,,0.0,shopify,1,deny,manual,6.00,,true,true,,,,,66410490,https://cdn.shopify.com/s/files/1/0671/0552/1726/files/OG0mxQt4YaNIWiz8EKJSHe9lPh_6b3ea949-5acb-4121-8055-d27e5b2ab197.jpg?v=1788267274,1,Knowing (2009) poster,false,,,,,,,sci-fi,,,,,,,,,,,,lb,,,active
i-robot-bluray-floor-sale-sci-fi,"I, Robot","<p>In 2035, where robots are commonplace and abide by the three laws of robotics, a technophobic cop investigates an apparent suicide. Suspecting that a robot may be responsible for the death, his investigation leads him to believe that humanity may be in danger.</p>",Blu-Ray,Media > Videos,,"Blu-Ray, Floor Sale, Formatted, Sci-Fi",true,Genre,Sci-Fi,,,,,,,,,0.0,shopify,1,deny,manual,6.00,,true,true,,,,,66476026,https://cdn.shopify.com/s/files/1/0671/0552/1726/files/efwv6F2lGaghjPpBRSINHtoEiZB_330d145e-0093-4839-9d94-8a262a7922e6.jpg?v=1788267274,1,"I, Robot (2004) poster",false,,,,,,,sci-fi,,,,,,,,,,,,lb,,,active
the-hunchback-of-nortre-dame-dvd-floor-sale-kids-family,The Hunchback of Nortre Dame,"<p>The Hunchback of Notre Dame is a 1996 Disney animated musical drama loosely based on Victor Hugo's novel, following Quasimodo, the bell-ringer of Notre Dame Cathedral.</p>",DVD,Media > Videos,,"DVD, Floor Sale, Formatted, Kids & Family",true,Genre,Kids & Family,,,,,,,,,0.0,shopify,1,deny,manual,5.00,,false,false,,,,,66508794,https://cdn.shopify.com/s/files/1/0671/0552/1726/files/The_Hunchback_of_Notre_Dame_1996_poster.jpg?v=1788272184,1,The Hunchback of Nortre Dame poster,false,,,,,,,kids-family,,,,,,,,,,,,lb,,,active
howard-the-duck-dvd-floor-sale-kids-family,Howard the Duck,"<p>A scientific experiment unknowingly brings extraterrestrial life forms to the Earth through a laser beam. First is the cigar-smoking drake, Howard, from the duck's planet. A few kids try to keep him from the greedy scientists and help him back to his planet, but then a much less friendly being arrives through the beam...</p>",DVD,Media > Videos,,"DVD, Floor Sale, Formatted, Kids & Family",true,Genre,Kids & Family,,,,,,,,,0.0,shopify,1,deny,manual,5.00,,false,false,,,,,66541562,https://cdn.shopify.com/s/files/1/0671/0552/1726/files/eU0dWo8PJgsSAZFbcyHiUpuLSyW.jpg?v=1788195075,1,Howard the Duck (1986) poster,false,,,,,,,kids-family,,,,,,,,,,,,lb,,,active
the-interview-bluray-floor-sale-comedy,The Interview,"<p>Dave Skylark and his producer Aaron Rapaport run the celebrity tabloid show ""Skylark Tonight"". When they land an interview with a surprise fan, North Korean dictator Kim Jong-un, they are recruited by the CIA to turn their trip to Pyongyang into an assassination mission.</p>",Blu-Ray,Media > Videos,,"Blu-Ray, Comedy, Floor Sale, Formatted",true,Genre,Comedy,,,,,,,,,0.0,shopify,1,deny,manual,6.00,,true,true,,,,,66574330,https://cdn.shopify.com/s/files/1/0671/0552/1726/files/tIDC4xT65l7a8qbgg8GvwD5g8c5.jpg?v=1788267273,1,The Interview (2014) poster,false,,,,,,,comedy,,,,,,,,,,,,lb,,,active
interview-with-a-vampire-dvd-floor-sale-horror,Interview With a Vampire,"<p>A vampire relates his epic life story of love, betrayal, loneliness, and dark hunger to an over-curious reporter.</p>",DVD,Media > Videos,,"DVD, Floor Sale, Formatted, Horror",true,Genre,Horror,,,,,,,,,0.0,shopify,1,deny,manual,5.00,,false,false,,,,,66607098,https://cdn.shopify.com/s/files/1/0671/0552/1726/files/2162lAT2MP36MyJd2sttmj5du5T.jpg?v=1788195074,1,Interview With a Vampire (1994) poster,false,,,,,,,horror,,,,,,,,,,,,lb,,,active
the-lazarus-effect-bluray-floor-sale-horror,The Lazarus Effect,"<p>Medical researcher Frank, his fiancee Zoe and their team have achieved the impossible: they have found a way to revive the dead. After a successful, but unsanctioned, experiment on a lifeless animal, they are ready to make their work public. However, when their dean learns what they've done, he shuts them down. Zoe is killed during an attempt to recreate the experiment, leading Frank to test the process on her. Zoe is revived -- but something evil is within her.</p>",Blu-Ray,Media > Videos,,"Blu-Ray, Floor Sale, Formatted, Horror",true,Genre,Horror,,,,,,,,,0.0,shopify,1,deny,manual,6.00,,true,true,,,,,66869242,https://cdn.shopify.com/s/files/1/0671/0552/1726/files/4aq0TOLvITU3iWRUfxlRc83lMz1.jpg?v=1788267273,1,The Lazarus Effect (2015) poster,false,,,,,,,horror,,,,,,,,,,,,lb,,,active
shutter-island-dvd-floor-sale-horror,Shutter Island,"<p>World War II soldier-turned-U.S. Marshal Teddy Daniels investigates the disappearance of a patient from a hospital for the criminally insane, but his efforts are compromised by troubling visions and a mysterious doctor.</p>",DVD,Media > Videos,,"DVD, Floor Sale, Formatted, Horror",true,Genre,Horror,,,,,,,,,0.0,shopify,1,deny,manual,5.00,,false,false,,,,,66902010,https://cdn.shopify.com/s/files/1/0671/0552/1726/files/nrmXQ0zcZUL8jFLrakWc90IR8z9.jpg?v=1788195073,1,Shutter Island (2010) poster,false,,,,,,,horror,,,,,,,,,,,,lb,,,active
sleepy-hollow-dvd-floor-sale-horror,Sleepy Hollow,"<p>Skeptical young detective Ichabod Crane gets transferred to the hamlet of Sleepy Hollow, New York, where he is tasked with investigating the decapitations of three people – murders the townsfolk attribute to a legendary specter, The Headless Horseman.</p>",DVD,Media > Videos,,"DVD, Floor Sale, Formatted, Horror",true,Genre,Horror,,,,,,,,,0.0,shopify,1,deny,manual,5.00,,true,true,,,,,66934778,https://cdn.shopify.com/s/files/1/0671/0552/1726/files/1GuK965FLJxqUw9fd1pmvjbFAlv_0bf6b108-d462-40d8-a13a-2219aa4e5940.jpg?v=1788267273,1,Sleepy Hollow (1999) poster,false,,,,,,,horror,,,,,,,,,,,,lb,,,active
i-spit-on-your-grave-2-dvd-floor-sale-horror,I Spit on Your Grave 2,"<p>Broke, and in desperate need to update her portfolio, New York City model Katie calls a number from a tear-off flyer offering free photos. But this innocent attempt quickly turns into an unthinkable kidnapping nightmare where she's ripped away from everyone and everything she knows.</p>",DVD,Media > Videos,,"DVD, Floor Sale, Formatted, Horror",true,Genre,Horror,,,,,,,,,0.0,shopify,1,deny,manual,5.00,,false,false,,,,,67000314,https://cdn.shopify.com/s/files/1/0671/0552/1726/files/wit1VRI9sAbCstuwm3KPgxfYYqo_0d6f08d7-a40d-4ac3-b870-b5d0587f8baa.jpg?v=1788195073,1,I Spit on Your Grave 2 (2013) poster,false,,,,,,,horror,,,,,,,,,,,,lb,,,active
the-last-exorcism-bluray-floor-sale-horror,The Last Exorcism,"<p>After years of performing “exorcisms” and taking believers’ money, Reverend Marcus travels to rural Louisiana with a film crew so he can dispel what he believes is the myth of demonic possession. The dynamic reverend is certain that this will be another routine “exorcism” on a disturbed religious fanatic but instead comes upon the blood-soaked farm of the Sweetzer family and a true evil he would have never thought imaginable.</p>",Blu-Ray,Media > Videos,,"Blu-Ray, Floor Sale, Formatted, Horror",true,Genre,Horror,,,,,,,,,0.0,shopify,1,deny,manual,6.00,,true,true,,,,,67033082,https://cdn.shopify.com/s/files/1/0671/0552/1726/files/eOo9tgGjxdsQEgqc6g7E1NL8460.jpg?v=1788267273,1,The Last Exorcism (2010) poster,false,,,,,,,horror,,,,,,,,,,,,lb,,,active
robin-hood-prince-of-thieves-dvd-floor-sale-action,Robin Hood: Prince of Thieves,"<p>Nobleman crusader Robin of Locksley breaks out of a Jerusalem prison with the help of Moorish fellow prisoner Azeem and travels back home to England. But upon arrival he discovers his dead father in the ruins of his family estate, killed by the vicious sheriff of Nottingham, Robin and Azeem join forces with outlaws Little John and Will Scarlett to save the kingdom from the sheriff's villainy.</p>",DVD,Media > Videos,,"Action, DVD, Floor Sale, Formatted",true,Genre,Action,,,,,,,,,0.0,shopify,1,deny,manual,5.00,,false,false,,,,,58095354,https://cdn.shopify.com/s/files/1/0671/0552/1726/files/hbRnWUNJkKKVN5mkcuC5ooqjE4e_c97169c6-344e-4c64-9b28-d11ebc061f20.jpg?v=1788195072,1,Robin Hood: Prince of Thieves (1991) poster,false,,,,,,,action,,,,,,,,,,,,lb,,,active
the-lord-of-the-rings-the-motion-picture-trilogy-bluray-floor-sale-4k-fantasy,The Lord of the Rings: The Motion Picture Trilogy,"<p>The Lord of the Rings trilogy comprises Peter Jackson's three epic fantasy films (2001–2003) adapting J.R.R. Tolkien's novels, starring Elijah Wood as Frodo Baggins.</p>",4K,Media > Videos,,"4K, Fantasy, Floor Sale, Formatted",true,Genre,Fantasy,,,,,,,,,0.0,shopify,1,deny,manual,48.00,,false,false,,,,,58193658,https://cdn.shopify.com/s/files/1/0671/0552/1726/files/Lord_Rings_Fellowship_Ring.jpg?v=1788272184,1,The Lord of the Rings: The Motion Picture Trilogy poster,false,,,,,,,fantasy,,,,,,,,,,,,lb,,,active
independence-day-dvd-floor-sale-sci-fi,Independence Day,"<p>Strange phenomena surface around the globe. The skies ignite. Terror races through the world's major cities. As these extraordinary events unfold, it becomes increasingly clear that a force of incredible magnitude has arrived. Its mission: total annihilation over the Fourth of July weekend. The last hope to stop the destruction is an unlikely group of people united by fate and unimaginable circumstances.</p>",DVD,Media > Videos,,"DVD, Floor Sale, Formatted, Sci-Fi",true,Genre,Sci-Fi,,,,,,,,,0.0,shopify,1,deny,manual,5.00,,true,true,,,,,58259194,https://cdn.shopify.com/s/files/1/0671/0552/1726/files/p0BPQGSPoSa8Ml0DAf2mB2kCU0R_3858d986-fe9b-4092-a6b4-636f14e002ae.jpg?v=1788267272,1,Independence Day (1996) poster,false,,,,,,,sci-fi,,,,,,,,,,,,lb,,,active
the-incredible-journey-of-mary-bryant-dvd-floor-sale-action,The Incredible Journey of Mary Bryant,"<p>The Incredible Journey of Mary Bryant is a 2005 Australian miniseries loosely based on the life of Mary Bryant, a young woman convicted of theft and transported to an Australian penal colony.</p>",DVD,Media > Videos,,"Action, DVD, Floor Sale, Formatted",true,Genre,Action,,,,,,,,,0.0,shopify,1,deny,manual,5.00,,false,false,,,,,58291962,https://cdn.shopify.com/s/files/1/0671/0552/1726/files/The_Incredible_Journey_of_Mary_Bryant_cover.jpg?v=1788272182,1,The Incredible Journey of Mary Bryant poster,false,,,,,,,action,,,,,,,,,,,,lb,,,active
the-league-of-extraordinary-gentlemen-dvd-floor-sale-action,The League of Extraordinary Gentlemen,"<p>To prevent a world war from breaking out, famous characters from Victorian literature band together to do battle against a cunning villain.</p>",DVD,Media > Videos,,"Action, DVD, Floor Sale, Formatted",true,Genre,Action,,,,,,,,,0.0,shopify,1,deny,manual,5.00,,false,false,,,,,58390266,https://cdn.shopify.com/s/files/1/0671/0552/1726/files/kdAuVFP63XXxnb983ry2pLCKd9S_750e4468-92b9-4385-ad44-fbb55f7d09dc.jpg?v=1788195071,1,The League of Extraordinary Gentlemen (2003) poster,false,,,,,,,action,,,,,,,,,,,,lb,,,active
lincon-and-lee-at-antietam-dvd-floor-sale-documentary,Lincon and Lee at Antietam,,DVD,Media > Videos,,"Documentary, DVD, Floor Sale, Formatted",true,Genre,Documentary,,,,,,,,,0.0,shopify,1,deny,manual,4.00,,false,false,,,,,58455802,,,,false,,,,,,,documentary,,,,,,,,,,,,lb,,,active
kingdom-of-heaven-dvd-floor-sale-action,Kingdom of Heaven,"<p>After his wife dies, a blacksmith named Balian is thrust into royalty, political intrigue and bloody holy wars during the Crusades.</p>",DVD,Media > Videos,,"Action, DVD, Floor Sale, Formatted",true,Genre,Action,,,,,,,,,0.0,shopify,1,deny,manual,5.00,,false,false,,,,,58717946,https://cdn.shopify.com/s/files/1/0671/0552/1726/files/rNaBe4TwbMef71sgscqabpGKsxh.jpg?v=1788195070,1,Kingdom of Heaven (2005) poster,false,,,,,,,action,,,,,,,,,,,,lb,,,active
king-kong-dvd-floor-sale-action,King Kong,"<p>In 1933 New York, an overly ambitious movie producer coerces his cast and hired ship crew to travel to mysterious Skull Island, where they encounter Kong, a giant ape who is immediately smitten with the leading lady.</p>",DVD,Media > Videos,,"Action, DVD, Floor Sale, Formatted",true,Genre,Action,,,,,,,,,0.0,shopify,1,deny,manual,5.00,,true,true,,,,,58783482,https://cdn.shopify.com/s/files/1/0671/0552/1726/files/6a2HY6UmD7XiDD3NokgaBAXEsD2_cd7e3752-3ea3-4453-abeb-0ddd1fd0d34a.jpg?v=1788267272,1,King Kong (2005) poster,false,,,,,,,action,,,,,,,,,,,,lb,,,active
the-lincoln-lawyer-bluray-floor-sale-drama,The Lincoln Lawyer,"<p>Mick Haller is a charismatic defense attorney who does business out of his Lincoln Continental sedan. Mick spends most of his time defending petty crooks and other bottom-feeders, so it comes as quite a surprise when he lands the case of a lifetime: defending a Beverly Hills playboy who is accused of attempted murder. However, what Mick initially thinks is an open-and-shut case with a big monetary reward develops into something more sinister.</p>",Blu-Ray,Media > Videos,,"Blu-Ray, Drama, Floor Sale, Formatted",true,Genre,Drama,,,,,,,,,0.0,shopify,1,deny,manual,6.00,,false,false,,,,,58816250,https://cdn.shopify.com/s/files/1/0671/0552/1726/files/gOn8Ve9Yi8fxjRkmLr5BZoOc7KV_60754bc5-1b45-4081-94d2-de419f0231da.jpg?v=1788195070,1,The Lincoln Lawyer (2011) poster,false,,,,,,,drama,,,,,,,,,,,,lb,,,active
the-lincoln-lawyer-dvd-floor-sale-drama,The Lincoln Lawyer,"<p>Mick Haller is a charismatic defense attorney who does business out of his Lincoln Continental sedan. Mick spends most of his time defending petty crooks and other bottom-feeders, so it comes as quite a surprise when he lands the case of a lifetime: defending a Beverly Hills playboy who is accused of attempted murder. However, what Mick initially thinks is an open-and-shut case with a big monetary reward develops into something more sinister.</p>",DVD,Media > Videos,,"Drama, DVD, Floor Sale, Formatted",true,Genre,Drama,,,,,,,,,0.0,shopify,1,deny,manual,5.00,,false,false,,,,,58849018,https://cdn.shopify.com/s/files/1/0671/0552/1726/files/gOn8Ve9Yi8fxjRkmLr5BZoOc7KV.jpg?v=1788195069,1,The Lincoln Lawyer (2011) poster,false,,,,,,,drama,,,,,,,,,,,,lb,,,active
london-has-fallen-bluray-floor-sale-action,London Has Fallen,"<p>In London for the Prime Minister's funeral, Mike Banning discovers a plot to assassinate all the attending world leaders.</p>",Blu-Ray,Media > Videos,,"Action, Blu-Ray, Floor Sale, Formatted",true,Genre,Action,,,,,,,,,0.0,shopify,1,deny,manual,6.00,,false,false,,,,,59045626,https://cdn.shopify.com/s/files/1/0671/0552/1726/files/iEbLkYzyiUdOKNK4WNBFyGH7r2Y.jpg?v=1788195068,1,London Has Fallen (2016) poster,false,,,,,,,action,,,,,,,,,,,,lb,,,active
john-wick-bluray-floor-sale-action,John Wick,<p>Ex-hitman John Wick comes out of retirement to track down the gangsters that took everything from him.</p>,Blu-Ray,Media > Videos,,"Action, Blu-Ray, Floor Sale, Formatted",true,Genre,Action,,,,,,,,,0.0,shopify,1,deny,manual,6.00,,false,false,,,,,59078394,https://cdn.shopify.com/s/files/1/0671/0552/1726/files/wXqWR7dHncNRbxoEGybEy7QTe9h.jpg?v=1788195067,1,John Wick (2014) poster,false,,,,,,,action,,,,,,,,,,,,lb,,,active
joe-dirt-dvd-floor-sale-comedy,Joe Dirt,"<p>Joe Dirt is a janitor with a mullet hairdo, acid-washed jeans and a dream to find the parents that he lost at the Grand Canyon when he was a belligerent, trailer park-raised eight-year-old. Now, blasting Van Halen in his jacked-up economy car, the irrepressibly optimistic Joe hits the road alone in search of his folks.</p>",DVD,Media > Videos,,"Comedy, DVD, Floor Sale, Formatted",true,Genre,Comedy,,,,,,,,,0.0,shopify,1,deny,manual,5.00,,false,false,,,,,59176698,https://cdn.shopify.com/s/files/1/0671/0552/1726/files/yykDEtHk6DMtZK8EaxW88YyQ054.jpg?v=1788195067,1,Joe Dirt (2001) poster,false,,,,,,,comedy,,,,,,,,,,,,lb,,,active
jack-reacher-dvd-floor-sale-action,Jack Reacher,"<p>One morning in an ordinary town, five people are shot dead in a seemingly random attack. All evidence points to a single suspect: an ex-military sniper who is quickly brought into custody. The interrogation yields one written note: 'Get Jack Reacher!'. Reacher, an enigmatic ex-Army investigator, believes the authorities have the right man but agrees to help the sniper's defense attorney. However, the more Reacher delves into the case, the less clear-cut it appears. So begins an extraordinary chase for the truth, pitting Jack Reacher against an unexpected enemy, with a skill for violence and a secret to keep.</p>",DVD,Media > Videos,,"Action, DVD, Floor Sale, Formatted",true,Genre,Action,,,,,,,,,0.0,shopify,1,deny,manual,5.00,,false,false,,,,,59307770,https://cdn.shopify.com/s/files/1/0671/0552/1726/files/uQBbjrLVsUibWxNDGA4Czzo8lwz.jpg?v=1788195066,1,Jack Reacher (2012) poster,false,,,,,,,action,,,,,,,,,,,,lb,,,active
it-follows-bluray-floor-sale-horror,It Follows,<p>A young woman is followed by an unknown supernatural force after a sexual encounter.</p>,Blu-Ray,Media > Videos,,"Blu-Ray, Floor Sale, Formatted, Horror",true,Genre,Horror,,,,,,,,,0.0,shopify,1,deny,manual,6.00,,true,true,,,,,59569914,https://cdn.shopify.com/s/files/1/0671/0552/1726/files/iwnQ1JH1wdWrGYkgWySptJ5284A.jpg?v=1788267271,1,It Follows (2015) poster,false,,,,,,,horror,,,,,,,,,,,,lb,,,active
the-italian-job-bluray-floor-sale-action,The Italian Job,"<p>Charlie Croker pulled off the crime of a lifetime. The one thing that he didn't plan on was being double-crossed. Along with a drop-dead gorgeous safecracker, Croker and his team take off to re-steal the loot and end up in a pulse-pounding, pedal-to-the-metal chase that careens up, down, above and below the streets of Los Angeles.</p>",Blu-Ray,Media > Videos,,"Action, Blu-Ray, Floor Sale, Formatted",true,Genre,Action,,,,,,,,,0.0,shopify,1,deny,manual,6.00,,true,true,,,,,59602682,https://cdn.shopify.com/s/files/1/0671/0552/1726/files/eSkjK4kctyrWpFhxl35GPvSs6tI_8af1aea6-8549-4a74-ada1-0310b79aa096.jpg?v=1788267271,1,The Italian Job (2003) poster,false,,,,,,,action,,,,,,,,,,,,lb,,,active
godzilla-2014-bluray-floor-sale-action,Godzilla (2014),"<p>Ford Brody, a Navy bomb expert, has just reunited with his family in San Francisco when he is forced to go to Japan to help his estranged father, Joe. Soon, both men are swept up in an escalating crisis when an ancient alpha predator arises from the sea to combat malevolent adversaries that threaten the survival of humanity. The creatures leave colossal destruction in their wake, as they make their way toward their final battleground: San Francisco.</p>",Blu-Ray,Media > Videos,,"Action, Blu-Ray, Floor Sale, Formatted",true,Genre,Action,,,,,,,,,0.0,shopify,1,deny,manual,6.00,,false,false,,,,,74454522,https://cdn.shopify.com/s/files/1/0671/0552/1726/files/z0CpCYiaUikJrcftPnb0jYCYmoo.jpg?v=1788195065,1,Godzilla (2014) poster,false,,,,,,,action,,,,,,,,,,,,lb,,,active
horrible-bosses-2-bluray-floor-sale-comedy,Horrible Bosses 2,"<p>Dale, Kurt and Nick decide to start their own business but things don't go as planned because of a slick investor, prompting the trio to pull off a harebrained and misguided kidnapping scheme.</p>",Blu-Ray,Media > Videos,,"Blu-Ray, Comedy, Floor Sale, Formatted",true,Genre,Comedy,,,,,,,,,0.0,shopify,1,deny,manual,6.00,,false,false,,,,,74847738,https://cdn.shopify.com/s/files/1/0671/0552/1726/files/boBOkwIqgrs8noxBUSDkkicKa4K.jpg?v=1788195065,1,Horrible Bosses 2 (2014) poster,false,,,,,,,comedy,,,,,,,,,,,,lb,,,active
hop-bluray-floor-sale-kids-family,Hop,"<p>E.B., the Easter Bunny's teenage son, heads to Hollywood, determined to become a drummer in a rock 'n' roll band. In L.A., he's taken in by Fred after the out-of-work slacker hits E.B. with his car.</p>",Blu-Ray,Media > Videos,,"Blu-Ray, Floor Sale, Formatted, Kids & Family",true,Genre,Kids & Family,,,,,,,,,0.0,shopify,1,deny,manual,6.00,,true,true,,,,,74880506,https://cdn.shopify.com/s/files/1/0671/0552/1726/files/2FrDmwXWjRE1zpNP288YncRt5RF.jpg?v=1788267271,1,Hop (2011) poster,false,,,,,,,kids-family,,,,,,,,,,,,lb,,,active
horton-hears-a-who-robots-space-chimps-bluray-floor-sale-kids-family,Horton Hears a Who! / Robots / Space Chimps,"<p>A triple feature pairing three animated family films: Dr. Seuss' Horton Hears a Who! (2008), Robots (2005), and Space Chimps (2008).</p>",Blu-Ray,Media > Videos,,"Blu-Ray, Floor Sale, Formatted, Kids & Family",true,Genre,Kids & Family,,,,,,,,,0.0,shopify,1,deny,manual,6.00,,false,false,,,,,74913274,https://cdn.shopify.com/s/files/1/0671/0552/1726/files/91cQwGapFvL._SX385.jpg?v=1788272181,1,Horton Hears a Who! / Robots / Space Chimps poster,false,,,,,,,kids-family,,,,,,,,,,,,lb,,,active
indiana-jones-the-complete-adventures-bluray-floor-sale-action,Indiana Jones: The Complete Adventures,"<p>A collection of the four Indiana Jones adventure films — Raiders of the Lost Ark, Temple of Doom, Last Crusade, and Kingdom of the Crystal Skull — starring Harrison Ford.</p>",Blu-Ray,Media > Videos,,"Action, Blu-Ray, Floor Sale, Formatted",true,Genre,Action,,,,,,,,,0.0,shopify,1,deny,manual,22.00,,false,false,,,,,74978810,https://cdn.shopify.com/s/files/1/0671/0552/1726/files/61H6fi5GEdL._SX522.jpg?v=1788272181,1,Indiana Jones: The Complete Adventures poster,false,,,,,,,action,,,,,,,,,,,,lb,,,active
kill-bill-volume-1-2-bluray-floor-sale-action,Kill Bill: Volume 1 & 2,<p>Kill Bill: Volume 1 &amp; 2 are Quentin Tarantino's martial-arts revenge films starring Uma Thurman as a former assassin seeking vengeance.</p>,Blu-Ray,Media > Videos,,"Action, Blu-Ray, Floor Sale, Formatted",true,Genre,Action,,,,,,,,,0.0,shopify,1,deny,manual,11.00,,false,false,,,,,75077114,https://cdn.shopify.com/s/files/1/0671/0552/1726/files/51SDiqsZpFL.jpg?v=1788272179,1,Kill Bill: Volume 1 & 2 poster,false,,,,,,,action,,,,,,,,,,,,lb,,,active
the-hunger-games-mockingjay-part-2-bluray-floor-sale-action,The Hunger Games: Mockingjay Part 2,"<p>As the war between the Capitol and the districts reaches its peak, Katniss Everdeen embarks on a perilous mission to liberate Panem and confront President Snow. Joined by a team of trusted allies, she navigates deadly traps, shifting loyalties, and the heavy cost of rebellion, determined to bring freedom to her people and end the Hunger Games once and for all.</p>",Blu-Ray,Media > Videos,,"Action, Blu-Ray, Floor Sale, Formatted",true,Genre,Action,,,,,,,,,0.0,shopify,1,deny,manual,7.00,,false,false,,,,,75109882,https://cdn.shopify.com/s/files/1/0671/0552/1726/files/lImKHDfExAulp16grYm8zD5eONE.jpg?v=1788195063,1,The Hunger Games: Mockingjay Part 2 (2015) poster,false,,,,,,,action,,,,,,,,,,,,lb,,,active
the-hunger-games-mockingjay-part-1-bluray-floor-sale-action,The Hunger Games: Mockingjay Part 1,"<p>After surviving the Quarter Quell, Katniss finds herself in the hidden stronghold of District 13, where the rebellion against the Capitol is gaining momentum. Struggling with the weight of becoming the symbol of resistance, she must navigate fragile alliances while trying to protect those she loves. As propaganda battles rage and Panem moves closer to full-scale war, Katniss is forced to confront the true cost of revolution.</p>",Blu-Ray,Media > Videos,,"Action, Blu-Ray, Floor Sale, Formatted",true,Genre,Action,,,,,,,,,0.0,shopify,1,deny,manual,6.00,,false,false,,,,,75142650,https://cdn.shopify.com/s/files/1/0671/0552/1726/files/4FAA18ZIja70d1Tu5hr5cj2q1sB.jpg?v=1788195063,1,The Hunger Games: Mockingjay Part 1 (2014) poster,false,,,,,,,action,,,,,,,,,,,,lb,,,active
the-hunger-games-catching-fire-bluray-floor-sale-action,The Hunger Games: Catching Fire,"<p>After surviving the Hunger Games, Katniss and Peeta struggle with the consequences of their victory as unrest spreads across Panem. Forced back into the spotlight, they become symbols of hope and resistance while the Capitol prepares a new and deadly challenge that will change the future of the nation forever.</p>",Blu-Ray,Media > Videos,,"Action, Blu-Ray, Floor Sale, Formatted",true,Genre,Action,,,,,,,,,0.0,shopify,1,deny,manual,6.00,,false,false,,,,,75175418,https://cdn.shopify.com/s/files/1/0671/0552/1726/files/vrQHDXjVmbYzadOXQ0UaObunoy2_cd2ecc8d-8d62-414e-9a6e-b426cb18f56f.jpg?v=1788195062,1,The Hunger Games: Catching Fire (2013) poster,false,,,,,,,action,,,,,,,,,,,,lb,,,active
lincoln-bluray-floor-sale-drama,Lincoln,"<p>The revealing story of the 16th US President's tumultuous final months in office. In a nation divided by war and the strong winds of change, Lincoln pursues a course of action designed to end the war, unite the country and abolish slavery. With the moral courage and fierce determination to succeed, his choices during this critical moment will change the fate of generations to come.</p>",Blu-Ray,Media > Videos,,"Blu-Ray, Drama, Floor Sale, Formatted",true,Genre,Drama,,,,,,,,,0.0,shopify,1,deny,manual,7.00,,true,true,,,,,75306490,https://cdn.shopify.com/s/files/1/0671/0552/1726/files/7mUYEkv9W3ek61eetZCfMQYVoi.jpg?v=1788267271,1,Lincoln (2012) poster,false,,,,,,,drama,,,,,,,,,,,,lb,,,active
the-ice-house-dvd-floor-sale-drama,The Ice House,,DVD,Media > Videos,,"Drama, DVD, Floor Sale, Formatted",true,Genre,Drama,,,,,,,,,0.0,shopify,1,deny,manual,5.00,,true,true,,,,,75339258,https://cdn.shopify.com/s/files/1/0671/0552/1726/files/oPtSbxlxg5y6iWHQ7ik2BqawXbU.jpg?v=1788267270,1,The Ice House (1916) poster,false,,,,,,,drama,,,,,,,,,,,,lb,,,active
gnomeo-juliet-bluray-floor-sale-kids-family,Gnomeo & Juliet,"<p>A version of Shakespeare's play, set in the world of warring indoor and outdoor gnomes. Garden gnomes Gnomeo and Juliet have as many obstacles to overcome as their quasi namesakes when they are caught up in a feud between neighbors. But with plastic pink flamingos and lawnmower races in the mix, can this young couple find lasting happiness?</p>",Blu-Ray,Media > Videos,,"Blu-Ray, Floor Sale, Formatted, Kids & Family",true,Genre,Kids & Family,,,,,,,,,0.0,shopify,1,deny,manual,6.00,,false,false,,,,,76453370,https://cdn.shopify.com/s/files/1/0671/0552/1726/files/vVQwgfS9gSFviVT4gS7tZAmhRFc.jpg?v=1788195062,1,Gnomeo & Juliet (2011) poster,false,,,,,,,kids-family,,,,,,,,,,,,lb,,,active
hocus-pocus-dvd-floor-sale-kids-family,Hocus Pocus,"<p>After 300 years of slumber, three sister witches are accidentally resurrected in Salem on Halloween night, and it is up to three kids and their newfound feline friend to put an end to the witches' reign of terror once and for all.</p>",DVD,Media > Videos,,"DVD, Floor Sale, Formatted, Kids & Family",true,Genre,Kids & Family,,,,,,,,,0.0,shopify,1,deny,manual,6.00,,true,true,,,,,76518906,https://cdn.shopify.com/s/files/1/0671/0552/1726/files/by4D4Q9NlUjFSEUA1yrxq6ksXmk_19638fb5-e1f9-4b92-b3a0-d3aa6bc349a4.jpg?v=1788267270,1,Hocus Pocus (1993) poster,false,,,,,,,kids-family,,,,,,,,,,,,lb,,,active
hitman-bluray-floor-sale-action,Hitman,"<p>A genetically engineered assassin with deadly aim, known only as ""Agent 47"" eliminates strategic targets for a top-secret organization. But when he's double-crossed, the hunter becomes the prey as 47 finds himself in a life-or-death game of international intrigue.</p>",Blu-Ray,Media > Videos,,"Action, Blu-Ray, Floor Sale, Formatted",true,Genre,Action,,,,,,,,,0.0,shopify,1,deny,manual,6.00,,true,true,,,,,76682746,https://cdn.shopify.com/s/files/1/0671/0552/1726/files/h69UJOOKlrHcvhl5H2LY74N61DQ_b7f539ee-4687-4943-9a56-70e4b5d4ca94.jpg?v=1788267270,1,Hitman (2007) poster,false,,,,,,,action,,,,,,,,,,,,lb,,,active
the-hunger-games-bluray-floor-sale-action,The Hunger Games,"<p>In a dystopian society where the Capitol forces each district to send two young tributes to fight to the death in a televised spectacle, a girl volunteers to take her sister’s place, setting the stage for a struggle of survival and defiance.</p>",Blu-Ray,Media > Videos,,"Action, Blu-Ray, Floor Sale, Formatted",true,Genre,Action,,,,,,,,,0.0,shopify,1,deny,manual,6.00,,false,false,,,,,76813818,https://cdn.shopify.com/s/files/1/0671/0552/1726/files/apa5G43Hha7kH7wJG0gkkHT7FA9_8e9f31dd-f92e-486e-9400-fc99b8964a82.jpg?v=1788195061,1,The Hunger Games (2012) poster,false,,,,,,,action,,,,,,,,,,,,lb,,,active
hugo-bluray-floor-sale-kids-family,Hugo,"<p>Orphaned and alone except for an uncle, Hugo Cabret lives in the walls of a train station in 1930s Paris. Hugo's job is to oil and maintain the station's clocks, but to him, his more important task is to protect a broken automaton and notebook left to him by his late father. Accompanied by the goddaughter of an embittered toy merchant, Hugo embarks on a quest to solve the mystery of the automaton and find a place he can call home.</p>",Blu-Ray,Media > Videos,,"Blu-Ray, Floor Sale, Formatted, Kids & Family",true,Genre,Kids & Family,,,,,,,,,0.0,shopify,1,deny,manual,6.00,,true,true,,,,,76846586,https://cdn.shopify.com/s/files/1/0671/0552/1726/files/1dxRq3o3l3bVWNRvvSb7rRf68qp_01549cea-851d-4954-b9bd-fef7893a0694.jpg?v=1788267269,1,Hugo (2011) poster,false,,,,,,,kids-family,,,,,,,,,,,,lb,,,active
harry-potter-complete-8-film-collection-bluray-floor-sale-kids-family,Harry Potter: Complete 8-Film Collection,"<p>The complete 8-film Harry Potter collection based on J.K. Rowling's novels, following Harry Potter's journey through Hogwarts and his battle against Lord Voldemort.</p>",Blu-Ray,Media > Videos,,"Blu-Ray, Floor Sale, Formatted, Kids & Family",true,Genre,Kids & Family,,,,,,,,,0.0,shopify,1,deny,manual,42.00,,false,false,,,,,76879354,,,,false,,,,,,,kids-family,,,,,,,,,,,,lb,,,active
the-good-dinosaur-bluray-floor-sale-kids-family,The Good Dinosaur,<p>An epic journey into the world of dinosaurs where an Apatosaurus named Arlo makes an unlikely human friend.</p>,Blu-Ray,Media > Videos,,"Blu-Ray, Floor Sale, Formatted, Kids & Family",true,Genre,Kids & Family,,,,,,,,,0.0,shopify,1,deny,manual,6.00,,false,false,,,,,76944890,https://cdn.shopify.com/s/files/1/0671/0552/1726/files/8RSkxOO80btfKjyiC5ZiTaCHIT8_951feca1-ae4b-48d3-b1b8-87b5e52168f4.jpg?v=1788195060,1,The Good Dinosaur (2015) poster,false,,,,,,,kids-family,,,,,,,,,,,,lb,,,active
impostor-bluray-floor-sale-sci-fi,Impostor,<p>A top-secret government weapons designer is arrested by a clandestine government organization on suspicion of being a clone created by the hostile alien race wanting to take over Earth.</p>,Blu-Ray,Media > Videos,,"Blu-Ray, Floor Sale, Formatted, Sci-Fi",true,Genre,Sci-Fi,,,,,,,,,0.0,shopify,1,deny,manual,6.00,,true,true,,,,,25146618,https://cdn.shopify.com/s/files/1/0671/0552/1726/files/7Uy4JbalP0mEyKnFW2IorQDmbBa.jpg?v=1788267269,1,Impostor (2001) poster,false,,,,,,,sci-fi,,,,,,,,,,,,lb,,,active
immortals-bluray-floor-sale-action,Immortals,"<p>Theseus is a mortal man chosen by Zeus to lead the fight against the ruthless King Hyperion, who is on a rampage across Greece to obtain a weapon that can destroy humanity.</p>",Blu-Ray,Media > Videos,,"Action, Blu-Ray, Floor Sale, Formatted",true,Genre,Action,,,,,,,,,0.0,shopify,1,deny,manual,6.00,,true,true,,,,,25605370,https://cdn.shopify.com/s/files/1/0671/0552/1726/files/4SPPX5KIyaQ9O8n5rLvvUIiIhpF.jpg?v=1788267268,1,Immortals (2011) poster,false,,,,,,,action,,,,,,,,,,,,lb,,,active
ip-man-bluray-floor-sale-action,IP Man,"<p>A semi-biographical account of Yip Man, the first martial arts master to teach the Chinese martial art of Wing Chun. The film focuses on events surrounding Ip that took place in the city of Foshan between the 1930s to 1940s during the Second Sino-Japanese War. Directed by Wilson Yip, the film stars Donnie Yen in the lead role, and features fight choreography by Sammo Hung.</p>",Blu-Ray,Media > Videos,,"Action, Blu-Ray, Floor Sale, Formatted",true,Genre,Action,,,,,,,,,0.0,shopify,1,deny,manual,6.00,,false,false,,,,,25900282,https://cdn.shopify.com/s/files/1/0671/0552/1726/files/9bUIrDKnesNbBL1nAl1nt7gtocE.jpg?v=1788195059,1,IP Man (2008) poster,false,,,,,,,action,,,,,,,,,,,,lb,,,active
i-am-number-four-bluray-floor-sale-sci-fi,I Am Number Four,"<p>A teenage fugitive with an incredible secret races to stay one step ahead of the mysterious forces seeking destroy him. With three dead and one on the run, the race to find the elusive Number Four begins. Outwardly normal teen John Smith never gets too comfortable in the same identity, and along with his guardian, Henri, he is constantly moving from town to town. With each passing day, John gains a stronger grasp on his extraordinary new powers, and his bond to the beings that share his fantastic fate grows stronger.</p>",Blu-Ray,Media > Videos,,"Blu-Ray, Floor Sale, Formatted, Sci-Fi",true,Genre,Sci-Fi,,,,,,,,,0.0,shopify,1,deny,manual,6.00,,false,false,,,,,25933050,https://cdn.shopify.com/s/files/1/0671/0552/1726/files/2NrP3h3GEsrPXX60bmjKuYWAvl9.jpg?v=1788195058,1,I Am Number Four (2011) poster,false,,,,,,,sci-fi,,,,,,,,,,,,lb,,,active
i-frankenstein-bluray-floor-sale-horror,"I, Frankenstein","<p>200 years after his shocking creation, Dr. Frankenstein's creature, Adam, still walks the earth. But when he finds himself in the middle of a war over the fate of humanity, Adam discovers he holds the key that could destroy humankind.</p>",Blu-Ray,Media > Videos,,"Blu-Ray, Floor Sale, Formatted, Horror",true,Genre,Horror,,,,,,,,,0.0,shopify,1,deny,manual,6.00,,false,false,,,,,27800826,https://cdn.shopify.com/s/files/1/0671/0552/1726/files/a53tIl4k20zCZCNyq73kiXkwWkl_355a36ac-790e-4bf4-8582-5e51246370c8.jpg?v=1788195057,1,"I, Frankenstein (2014) poster",false,,,,,,,horror,,,,,,,,,,,,lb,,,active
wreck-it-ralph-bluray-floor-sale-kids-family,Wreck-It Ralph,"<p>Wreck-It Ralph is the 9-foot-tall, 643-pound villain of an arcade video game named Fix-It Felix Jr., in which the game's titular hero fixes buildings that Ralph destroys. Wanting to prove he can be a good guy and not just a villain, Ralph escapes his game and lands in Hero's Duty, a first-person shooter where he helps the game's hero battle against alien invaders. He later enters Sugar Rush, a kart racing game set on tracks made of candies, cookies and other sweets. There, Ralph meets Vanellope von Schweetz who has learned that her game is faced with a dire threat that could affect the entire arcade, and one that Ralph may have inadvertently started.</p>",Blu-Ray,Media > Videos,,"Blu-Ray, Floor Sale, Formatted, Kids & Family",true,Genre,Kids & Family,,,,,,,,,0.0,shopify,1,deny,manual,6.00,,false,false,,,,,27833594,https://cdn.shopify.com/s/files/1/0671/0552/1726/files/nrEupcBwf4O1zihCM34NoXusZDq.jpg?v=1788195057,1,Wreck-It Ralph (2012) poster,false,,,,,,,kids-family,,,,,,,,,,,,lb,,,active
where-the-wild-things-are-the-neverending-story-bluray-floor-sale-kids-family,Where the Wild Things Are / The Neverending Story,"<p>A double feature pairing Where the Wild Things Are (2009) and The NeverEnding Story (1984), fantasy adventure films.</p>",Blu-Ray,Media > Videos,,"Blu-Ray, Floor Sale, Formatted, Kids & Family",true,Genre,Kids & Family,,,,,,,,,0.0,shopify,1,deny,manual,11.00,,false,false,,,,,28128506,,,,false,,,,,,,kids-family,,,,,,,,,,,,lb,,,active
up-bluray-floor-sale-kids-family,UP,"<p>Carl Fredricksen spent his entire life dreaming of exploring the globe and experiencing life to its fullest. But at age 78, life seems to have passed him by, until a twist of fate (and a persistent 8-year old Wilderness Explorer named Russell) gives him a new lease on life.</p>",Blu-Ray,Media > Videos,,"Blu-Ray, Floor Sale, Formatted, Kids & Family",true,Genre,Kids & Family,,,,,,,,,0.0,shopify,1,deny,manual,7.00,,false,false,,,,,28194042,https://cdn.shopify.com/s/files/1/0671/0552/1726/files/mFvoEwSfLqbcWwFsDjQebn9bzFe_e85c1331-5526-4a64-8b23-8da3399a2e1e.jpg?v=1788195056,1,UP (2009) poster,false,,,,,,,kids-family,,,,,,,,,,,,lb,,,active
tomorrowland-bluray-floor-sale-kids-family,Tomorrowland,"<p>Bound by a shared destiny, a bright, optimistic teen bursting with scientific curiosity and a former boy-genius inventor jaded by disillusionment embark on a danger-filled mission to unearth the secrets of an enigmatic place somewhere in time and space that exists in their collective memory as ""Tomorrowland.""</p>",Blu-Ray,Media > Videos,,"Blu-Ray, Floor Sale, Formatted, Kids & Family",true,Genre,Kids & Family,,,,,,,,,0.0,shopify,1,deny,manual,6.00,,true,true,,,,,28259578,https://cdn.shopify.com/s/files/1/0671/0552/1726/files/kziYpr5Nfw60P0My8aj1sgCEqed_f8b902d7-3848-4462-af58-f80bf6065a60.jpg?v=1788267268,1,Tomorrowland (2015) poster,false,,,,,,,kids-family,,,,,,,,,,,,lb,,,active
hairspray-dvd-floor-sale-musical,Hairspray,"<p>'Pleasantly plump' teenager Tracy Turnblad achieves her dream of becoming a regular on the Corny Collins Dance Show. Now a teen hero, she starts using her fame to speak out for the causes she believes in, most of all integration. In doing so, she earns the wrath of the show's former star, Amber Von Tussle, as well as Amber's manipulative, pro-segregation parents. The rivalry comes to a head as Amber and Tracy vie for the title of Miss Auto Show 1963.</p>",DVD,Media > Videos,,"DVD, Floor Sale, Formatted, Musical",true,Genre,Musical,,,,,,,,,0.0,shopify,1,deny,manual,5.00,,true,true,,,,,28357882,https://cdn.shopify.com/s/files/1/0671/0552/1726/files/n78VVWG1jsEpMCtcye13wy1RiAx.jpg?v=1788267269,1,Hairspray (1988) poster,false,,,,,,,musical,,,,,,,,,,,,lb,,,active
the-legend-of-korra-dvd-floor-sale-kids-family,The Legend of Korra,"<p>The Legend of Korra is an American animated fantasy action series and sequel to Avatar: The Last Airbender, following Avatar Korra.</p>",DVD,Media > Videos,,"DVD, Floor Sale, Formatted, Kids & Family",true,Genre,Kids & Family,,,,,,,,,0.0,shopify,1,deny,manual,5.00,,false,false,,,,,28390650,https://cdn.shopify.com/s/files/1/0671/0552/1726/files/Legend_of_Korra_logo.png?v=1788272177,1,The Legend of Korra poster,false,,,,,,,kids-family,,,,,,,,,,,,lb,,,active
kin-bluray-floor-sale-4k-sci-fi,KIN,"<p>A young boy finds a powerful otherworldly weapon, which he uses to save his older adoptive brother from a crew of thugs. Before long, the two of them are also pursued by federal agents and mysterious mercenaries aiming to reclaim their asset.</p>",4K,Media > Videos,,"4K, Floor Sale, Formatted, Sci-Fi",true,Genre,Sci-Fi,,,,,,,,,0.0,shopify,1,deny,manual,10.00,,true,true,,,,,28423418,https://cdn.shopify.com/s/files/1/0671/0552/1726/files/oPE5GXHaTlu5eRcd4USuOX3A1mf.jpg?v=1788267267,1,KIN (2018) poster,false,,,,,,,sci-fi,,,,,,,,,,,,lb,,,active
legend-bluray-floor-sale-fantasy,Legend,"<p>Set in a timeless mythical forest inhabited by fairies, goblins, unicorns and mortals, this fantastic story follows a mystical forest dweller, chosen by fate, to undertake a heroic quest. He must save the beautiful Princess  Lili and defeat the demonic Lord of Darkness, or the world will be plunged into a never-ending ice age.</p>",Blu-Ray,Media > Videos,,"Blu-Ray, Fantasy, Floor Sale, Formatted",true,Genre,Fantasy,,,,,,,,,0.0,shopify,1,deny,manual,6.00,,true,true,,,,,28456186,https://cdn.shopify.com/s/files/1/0671/0552/1726/files/6n3PQSYpZRK5YPk2w8JEwED7AZk_598828dc-d8a2-49dc-b5be-f1b5c0075ea2.jpg?v=1788267267,1,Legend (1985) poster,false,,,,,,,fantasy,,,,,,,,,,,,lb,,,active
star-wars-the-last-jedi-bluray-floor-sale-sci-fi,Star Wars: The Last Jedi,"<p>Rey develops her newly discovered abilities with the guidance of Luke Skywalker, who is unsettled by the strength of her powers. Meanwhile, the Resistance prepares to do battle with the First Order.</p>",Blu-Ray,Media > Videos,,"Blu-Ray, Floor Sale, Formatted, Sci-Fi",true,Genre,Sci-Fi,,,,,,,,,0.0,shopify,1,deny,manual,6.00,,false,false,,,,,28751098,https://cdn.shopify.com/s/files/1/0671/0552/1726/files/ySaaKHOLAQU5HoZqWmzDIj1VvZ1_8be9f8a1-ff63-44e2-a6cc-0671c351e992.jpg?v=1788195055,1,Star Wars: The Last Jedi (2017) poster,false,,,,,,,sci-fi,,,,,,,,,,,,lb,,,active
star-wars-iv-v-vi-bluray-floor-sale-sci-fi,"Star Wars: IV, V, VI",,Blu-Ray,Media > Videos,,"Blu-Ray, Floor Sale, Formatted, Sci-Fi",true,Genre,Sci-Fi,,,,,,,,,0.0,shopify,1,deny,manual,16.00,,false,false,,,,,28783866,,,,false,,,,,,,sci-fi,,,,,,,,,,,,lb,,,active
romeo-must-die-bluray-floor-sale-action,Romeo Must Die,"<p>Two warring gang families (one African-American, the other Chinese) maneuver for bragging rights to the Oakland, California docks. Hang Sing and Trish O'Day uncover a trail of deceit that leaves most of the warring factions dead... or worse!</p>",Blu-Ray,Media > Videos,,"Action, Blu-Ray, Floor Sale, Formatted",true,Genre,Action,,,,,,,,,0.0,shopify,1,deny,manual,6.00,,false,false,,,,,33182714,https://cdn.shopify.com/s/files/1/0671/0552/1726/files/zKrnaTWW63y4Q1XLrdZQyQmcRWd_a956dac0-ff41-44d2-bb15-3f2a7d87f974.jpg?v=1788195054,1,Romeo Must Die (2000) poster,false,,,,,,,action,,,,,,,,,,,,lb,,,active
spider-man-3-dvd-floor-sale-action,Spider-Man 3,"<p>The seemingly invincible Spider-Man goes up against an all-new crop of villains—including the shape-shifting Sandman. While Spider-Man’s superpowers are altered by an alien organism, his alter ego, Peter Parker, deals with nemesis Eddie Brock and also gets caught up in a love triangle.</p>",DVD,Media > Videos,,"Action, DVD, Floor Sale, Formatted",true,Genre,Action,,,,,,,,,0.0,shopify,1,deny,manual,5.00,,false,false,,,,,33248250,https://cdn.shopify.com/s/files/1/0671/0552/1726/files/sJMTTGjtjvrMZ7G0oP9D13wNUum.jpg?v=1788195052,1,Spider-Man 3 (2007) poster,false,,,,,,,action,,,,,,,,,,,,lb,,,active
the-hunstman-bluray-floor-sale-fantasy,The Hunstman,"<p>The Huntsman: Winter's War is a 2016 fantasy action-adventure film, both a prequel and sequel to Snow White &amp; the Huntsman.</p>",Blu-Ray,Media > Videos,,"Blu-Ray, Fantasy, Floor Sale, Formatted",true,Genre,Fantasy,,,,,,,,,0.0,shopify,1,deny,manual,6.00,,false,false,,,,,33313786,https://cdn.shopify.com/s/files/1/0671/0552/1726/files/The_Huntsman__E2_80_93_Winter_27s_War_poster.jpg?v=1788272175,1,The Hunstman poster,false,,,,,,,fantasy,,,,,,,,,,,,lb,,,active
jupiter-ascending-bluray-floor-sale-sci-fi,Jupiter Ascending,"<p>In a universe where human genetic material is the most precious commodity, an impoverished young Earth woman becomes the key to strategic maneuvers and internal strife within a powerful dynasty…</p>",Blu-Ray,Media > Videos,,"Blu-Ray, Floor Sale, Formatted, Sci-Fi",true,Genre,Sci-Fi,,,,,,,,,0.0,shopify,1,deny,manual,6.00,,false,false,,,,,33346554,https://cdn.shopify.com/s/files/1/0671/0552/1726/files/2NCcAZ3M3F0FxENYmammBknwpVn.jpg?v=1788195052,1,Jupiter Ascending (2015) poster,false,,,,,,,sci-fi,,,,,,,,,,,,lb,,,active
justice-league-bluray-floor-sale-4k-action,Justice League,"<p>Fuelled by his restored faith in humanity and inspired by Superman's selfless act, Bruce Wayne and Diana Prince assemble a team of metahumans consisting of Barry Allen, Arthur Curry and Victor Stone to face the catastrophic threat of Steppenwolf and the Parademons who are on the hunt for three Mother Boxes on Earth.</p>",4K,Media > Videos,,"4K, Action, Floor Sale, Formatted",true,Genre,Action,,,,,,,,,0.0,shopify,1,deny,manual,10.00,,false,false,,,,,33608698,https://cdn.shopify.com/s/files/1/0671/0552/1726/files/eifGNCSDuxJeS1loAXil5bIGgvC.jpg?v=1788195051,1,Justice League (2017) poster,false,,,,,,,action,,,,,,,,,,,,lb,,,active
lions-for-lambs-dvd-floor-sale-action,Lions for Lambs,"<p>Three stories told simultaneously in ninety minutes of real time: a Republican Senator who's a presidential hopeful gives an hour-long interview to a skeptical television reporter, detailing a strategy for victory in Afghanistan; two special forces ambushed on an Afghani ridge await rescue as Taliban forces close in; a poli-sci professor at a California college invites a student to re-engage.</p>",DVD,Media > Videos,,"Action, DVD, Floor Sale, Formatted",true,Genre,Action,,,,,,,,,0.0,shopify,1,deny,manual,5.00,,false,false,,,,,33641466,https://cdn.shopify.com/s/files/1/0671/0552/1726/files/37L6IoLhTgLzq6XYWpWUlbbEzMj_38718cb3-e0f7-4732-8a8c-45b0d1cbeb35.jpg?v=1788195050,1,Lions for Lambs (2007) poster,false,,,,,,,action,,,,,,,,,,,,lb,,,active
how-the-west-was-won-dvd-floor-sale-action,How the West Was Won,"<p>The epic tale of the development of the American West from the 1830s through the Civil War to the end of the century, as seen through the eyes of one pioneer family.</p>",DVD,Media > Videos,,"Action, DVD, Floor Sale, Formatted",true,Genre,Action,,,,,,,,,0.0,shopify,1,deny,manual,5.00,,true,true,,,,,33674234,https://cdn.shopify.com/s/files/1/0671/0552/1726/files/rmwc89VMQR4rUSDfakd0Z6GyF6q.jpg?v=1788267268,1,How the West Was Won (1962) poster,false,,,,,,,action,,,,,,,,,,,,lb,,,active
journey-from-the-fall-dvd-floor-sale-drama,Journey from the Fall,"<p>Thirteen years after the end of the Vietnam War, a family who was tragically affected by the war are forced to emigrate to America.</p>",DVD,Media > Videos,,"Drama, DVD, Floor Sale, Formatted",true,Genre,Drama,,,,,,,,,0.0,shopify,1,deny,manual,5.00,,false,false,,,,,33772538,https://cdn.shopify.com/s/files/1/0671/0552/1726/files/20QLLHVKEkkABlRf17e9jWYcibe.jpg?v=1788195050,1,Journey from the Fall (2007) poster,false,,,,,,,drama,,,,,,,,,,,,lb,,,active
tinkerbell-and-the-legend-of-the-neverbeast-bluray-floor-sale-kids-family,Tinkerbell and the Legend of the Neverbeast,"<p>An ancient myth of a massive creature sparks the curiosity of Tinker Bell and her good friend Fawn, an animal fairy who’s not afraid to break the rules to help an animal in need. But this creature is not welcome in Pixie Hollow — and the scout fairies are determined to capture the mysterious beast, who they fear will destroy their home. Fawn must convince her fairy friends to risk everything to rescue the NeverBeast.</p>",Blu-Ray,Media > Videos,,"Blu-Ray, Floor Sale, Formatted, Kids & Family",true,Genre,Kids & Family,,,,,,,,,0.0,shopify,1,deny,manual,6.00,,false,false,,,,,33805306,https://cdn.shopify.com/s/files/1/0671/0552/1726/files/3S0mmmpYStB3GqodRghcfOt81wQ.jpg?v=1788195050,1,Tinkerbell and the Legend of the Neverbeast (2014) poster,false,,,,,,,kids-family,,,,,,,,,,,,lb,,,active
toy-story-3-bluray-floor-sale-kids-family,Toy Story 3,"<p>Woody, Buzz, and the rest of Andy's toys haven't been played with in years. With Andy about to go to college, the gang find themselves accidentally left at a nefarious day care center. The toys must band together to escape and return home to Andy.</p>",Blu-Ray,Media > Videos,,"Blu-Ray, Floor Sale, Formatted, Kids & Family",true,Genre,Kids & Family,,,,,,,,,0.0,shopify,1,deny,manual,6.00,,false,false,,,,,33838074,https://cdn.shopify.com/s/files/1/0671/0552/1726/files/AbbXspMOwdvwWZgVN0nabZq03Ec.jpg?v=1788195050,1,Toy Story 3 (2010) poster,false,,,,,,,kids-family,,,,,,,,,,,,lb,,,active
the-help-dvd-floor-sale-drama,The Help,"<p>Aibileen Clark is a middle-aged African-American maid who has spent her life raising white children and has recently lost her only son; Minny Jackson is an African-American maid who has often offended her employers despite her family's struggles with money and her desperate need for jobs; and Eugenia ""Skeeter"" Phelan is a young white woman who has recently moved back home after graduating college to find out her childhood maid has mysteriously disappeared. These three stories intertwine to explain how life in Jackson, Mississippi revolves around ""the help""; yet they are always kept at a certain distance because of racial lines.</p>",DVD,Media > Videos,,"Drama, DVD, Floor Sale, Formatted",true,Genre,Drama,,,,,,,,,0.0,shopify,1,deny,manual,5.00,,false,false,,,,,33870842,https://cdn.shopify.com/s/files/1/0671/0552/1726/files/3kmfoWWEc9Vtyuaf9v5VipRgdjx_8ab34879-4548-4e8d-97e7-8ca368765c7f.jpg?v=1788195048,1,The Help (2011) poster,false,,,,,,,drama,,,,,,,,,,,,lb,,,active
hercules-live-action-extended-bluray-floor-sale-action,Hercules (Live Action) Extended,<p>Hercules is a 2014 action-adventure fantasy film starring Dwayne Johnson as the legendary Greek demigod turned mercenary.</p>,Blu-Ray,Media > Videos,,"Action, Blu-Ray, Floor Sale, Formatted",true,Genre,Action,,,,,,,,,0.0,shopify,1,deny,manual,6.00,,false,false,,,,,33903610,https://cdn.shopify.com/s/files/1/0671/0552/1726/files/Hercules__282014_film_29.jpg?v=1788272175,1,Hercules (Live Action) Extended poster,false,,,,,,,action,,,,,,,,,,,,lb,,,active
hannibal-lecter-2-pack-dvd-floor-sale-horror,Hannibal Lecter 2 Pack,"<p>A two-pack pairing The Silence of the Lambs (1991) and Hannibal (2001), thriller films featuring Anthony Hopkins as Dr. Hannibal Lecter.</p>",DVD,Media > Videos,,"DVD, Floor Sale, Formatted, Horror",true,Genre,Horror,,,,,,,,,0.0,shopify,1,deny,manual,8.00,,false,false,,,,,33969146,https://cdn.shopify.com/s/files/1/0671/0552/1726/files/81hGaS8BXNL._SY500.jpg?v=1788272174,1,Hannibal Lecter 2 Pack poster,false,,,,,,,horror,,,,,,,,,,,,lb,,,active
the-host-bluray-floor-sale-thriller,The Host,"<p>John has escaped from prison. Warwick is preparing for a dinner party. They are about to share a memorable evening: a bit of wine, some dancing, and captivating conversation. A perfect night in this disturbing black comedy.</p>",Blu-Ray,Media > Videos,,"Blu-Ray, Floor Sale, Formatted, Thriller",true,Genre,Thriller,,,,,,,,,0.0,shopify,1,deny,manual,6.00,,true,true,,,,,34296826,https://cdn.shopify.com/s/files/1/0671/0552/1726/files/wjuCHTowmkuy6kSChHR9BYTsBqO.jpg?v=1788267267,1,The Host (2002) poster,false,,,,,,,thriller,,,,,,,,,,,,lb,,,active
killers-bluray-floor-sale-comedy,Killers,"<p>When an elite assassin marries a beautiful computer whiz after a whirlwind romance, he gives up the gun and settles down with his new bride. That is, until he learns that someone from his past has put a contract out on his life.</p>",Blu-Ray,Media > Videos,,"Blu-Ray, Comedy, Floor Sale, Formatted",true,Genre,Comedy,,,,,,,,,0.0,shopify,1,deny,manual,6.00,,true,true,,,,,34362362,https://cdn.shopify.com/s/files/1/0671/0552/1726/files/9VB8vGV4Aznf6GUc9C7a1EzGHLz.jpg?v=1788267266,1,Killers (2010) poster,false,,,,,,,comedy,,,,,,,,,,,,lb,,,active
the-horse-whisperer-dvd-floor-sale-drama,The Horse Whisperer,<p>The mother of a severely traumatized daughter enlists the aid of a unique horse trainer to help the girl's equally injured horse.</p>,DVD,Media > Videos,,"Drama, DVD, Floor Sale, Formatted",true,Genre,Drama,,,,,,,,,0.0,shopify,1,deny,manual,5.00,,false,false,,,,,34427898,https://cdn.shopify.com/s/files/1/0671/0552/1726/files/ptkDeHY2mRJVyNRyxb9TgyAjTYs_e2009a8c-a37a-4dac-80a6-34be2f5f4564.jpg?v=1788195047,1,The Horse Whisperer (1998) poster,false,,,,,,,drama,,,,,,,,,,,,lb,,,active
dragon-tattoo-trilogy-dvd-floor-sale-thriller,Dragon Tattoo Trilogy,"<p>The Dragon Tattoo Trilogy comprises three Swedish crime thriller films based on Stieg Larsson's Millennium novels, beginning with The Girl with the Dragon Tattoo (2009).</p>",DVD,Media > Videos,,"DVD, Floor Sale, Formatted, Thriller",true,Genre,Thriller,,,,,,,,,0.0,shopify,1,deny,manual,13.00,,false,false,,,,,34526202,https://cdn.shopify.com/s/files/1/0671/0552/1726/files/The_Girl_with_the_Dragon_Tattoo__282009_film_29.jpg?v=1788272172,1,Dragon Tattoo Trilogy poster,false,,,,,,,thriller,,,,,,,,,,,,lb,,,active
to-kill-a-king-bluray-floor-sale-action,To Kill a King,"<p>A recounting of the relationship between General Fairfax and Oliver Cromwell, as they try to cope with the consequences of deposing King Charles I.</p>",Blu-Ray,Media > Videos,,"Action, Blu-Ray, Floor Sale, Formatted",true,Genre,Action,,,,,,,,,0.0,shopify,1,deny,manual,6.00,,true,true,,,,,34624506,https://cdn.shopify.com/s/files/1/0671/0552/1726/files/ruWWU2gr0C9ZZCjxnjorHIEb8Cy.jpg?v=1788267266,1,To Kill a King (2003) poster,false,,,,,,,action,,,,,,,,,,,,lb,,,active
lock-out-bluray-floor-sale-action,Lock Out,"<p>Set in the near future, Lockout follows a falsely convicted ex-government agent , whose one chance at obtaining freedom lies in the dangerous mission of rescuing the President's daughter from rioting convicts at an outer space maximum security prison.</p>",Blu-Ray,Media > Videos,,"Action, Blu-Ray, Floor Sale, Formatted",true,Genre,Action,,,,,,,,,0.0,shopify,1,deny,manual,6.00,,true,true,,,,,34657274,https://cdn.shopify.com/s/files/1/0671/0552/1726/files/i5QfNIcg6hc327IWUerea0EczP4_f6a81c06-d2c1-4ab2-9fcc-afaa6a996f77.jpg?v=1788267265,1,Lock Out (2012) poster,false,,,,,,,action,,,,,,,,,,,,lb,,,active
wild-card-bluray-floor-sale-action,Wild Card,"<p>When a Las Vegas bodyguard with lethal skills and a gambling problem gets in trouble with the mob, he has one last play… and it's all or nothing.</p>",Blu-Ray,Media > Videos,,"Action, Blu-Ray, Floor Sale, Formatted",true,Genre,Action,,,,,,,,,0.0,shopify,1,deny,manual,6.00,,true,true,,,,,66802682,https://cdn.shopify.com/s/files/1/0671/0552/1726/files/zN80Tlly8oMpKbVJv2TfRIj8dHG.jpg?v=1788267265,1,Wild Card (2015) poster,false,,,,,,,action,,,,,,,,,,,,lb,,,active
x-men-the-last-stand-bluray-floor-sale-action,X-Men: The Last Stand,"<p>When a cure is found to treat mutations, lines are drawn amongst the X-Men led by Professor Charles Xavier, and Magneto's Brotherhood of Mutants.</p>",Blu-Ray,Media > Videos,,"Action, Blu-Ray, Floor Sale, Formatted",true,Genre,Action,,,,,,,,,0.0,shopify,1,deny,manual,6.00,,false,false,,,,,66835450,https://cdn.shopify.com/s/files/1/0671/0552/1726/files/a2xicU8DpKtRizOHjQLC1JyCSRS.jpg?v=1788195046,1,X-Men: The Last Stand (2006) poster,false,,,,,,,action,,,,,,,,,,,,lb,,,active
x-men-first-class-bluray-floor-sale-action,X-Men: First Class,"<p>Before Charles Xavier and Erik Lensherr took the names Professor X and Magneto, they were two young men discovering their powers for the first time. Before they were arch-enemies, they were closest of friends, working together with other mutants (some familiar, some new), to stop the greatest threat the world has ever known.</p>",Blu-Ray,Media > Videos,,"Action, Blu-Ray, Floor Sale, Formatted",true,Genre,Action,,,,,,,,,0.0,shopify,1,deny,manual,6.00,,false,false,,,,,66900986,https://cdn.shopify.com/s/files/1/0671/0552/1726/files/hNEokmUke0dazoBhttFN0o3L7Xv.jpg?v=1788195046,1,X-Men: First Class (2011) poster,false,,,,,,,action,,,,,,,,,,,,lb,,,active
x-men-apocolypse-bluray-floor-sale-action,X-Men: Apocolypse,"<p>X-Men: Apocalypse is a 2016 superhero film and the ninth installment in the X-Men film series, featuring the mutants facing the ancient, all-powerful villain Apocalypse.</p>",Blu-Ray,Media > Videos,,"Action, Blu-Ray, Floor Sale, Formatted",true,Genre,Action,,,,,,,,,0.0,shopify,1,deny,manual,6.00,,false,false,,,,,66966522,https://cdn.shopify.com/s/files/1/0671/0552/1726/files/X-Men_-_Apocalypse.jpg?v=1788272172,1,X-Men: Apocolypse poster,false,,,,,,,action,,,,,,,,,,,,lb,,,active
the-wolverine-dvd-floor-sale-action,The Wolverine,"<p>Wolverine faces his ultimate nemesis - and tests of his physical, emotional, and mortal limits - in a life-changing voyage to modern-day Japan.</p>",DVD,Media > Videos,,"Action, DVD, Floor Sale, Formatted",true,Genre,Action,,,,,,,,,0.0,shopify,1,deny,manual,5.00,,false,false,,,,,66999290,https://cdn.shopify.com/s/files/1/0671/0552/1726/files/t2wVAcoRlKvEIVSbiYDb8d0QqqS.jpg?v=1788195045,1,The Wolverine (2013) poster,false,,,,,,,action,,,,,,,,,,,,lb,,,active
x-men-origins-wolverine-dvd-floor-sale-action,X-Men Origins: Wolverine,"<p>After seeking to live a normal life after 200 years, Logan sets out to avenge a death by undergoing the mutant Weapon X program and becoming Wolverine.</p>",DVD,Media > Videos,,"Action, DVD, Floor Sale, Formatted",true,Genre,Action,,,,,,,,,0.0,shopify,1,deny,manual,5.00,,false,false,,,,,67064826,https://cdn.shopify.com/s/files/1/0671/0552/1726/files/yj8LbTju1p7CUJg7US2unSBk33s_096cf31b-e4e2-4f82-9a32-00d0ad7b61fb.jpg?v=1788195044,1,X-Men Origins: Wolverine (2009) poster,false,,,,,,,action,,,,,,,,,,,,lb,,,active
x-men-dark-pheonix-bluray-floor-sale-4k-action,X-Men: Dark Pheonix,"<p>Dark Phoenix is a 2019 superhero film and the twelfth installment in the X-Men film series, following Jean Grey's transformation into the powerful and dangerous Phoenix.</p>",4K,Media > Videos,,"4K, Action, Floor Sale, Formatted",true,Genre,Action,,,,,,,,,0.0,shopify,1,deny,manual,10.00,,false,false,,,,,67130362,https://cdn.shopify.com/s/files/1/0671/0552/1726/files/Dark_Phoenix__28film_29.png?v=1788272171,1,X-Men: Dark Pheonix poster,false,,,,,,,action,,,,,,,,,,,,lb,,,active
zootopia-bluray-floor-sale-kids-family,Zootopia,"<p>Determined to prove herself, Officer Judy Hopps, the first bunny on Zootopia's police force, jumps at the chance to crack her first case - even if it means partnering with scam-artist fox Nick Wilde to solve the mystery.</p>",Blu-Ray,Media > Videos,,"Blu-Ray, Floor Sale, Formatted, Kids & Family",true,Genre,Kids & Family,,,,,,,,,0.0,shopify,1,deny,manual,6.00,,false,false,,,,,67228666,https://cdn.shopify.com/s/files/1/0671/0552/1726/files/hlK0e0wAQ3VLuJcsfIYPvb4JVud.jpg?v=1788195044,1,Zootopia (2016) poster,false,,,,,,,kids-family,,,,,,,,,,,,lb,,,active
zero-dark-thirty-bluray-floor-sale-thriller,Zero Dark Thirty,"<p>A chronicle of the decade-long hunt for al-Qaeda terrorist leader Osama bin Laden after the September 2001 attacks, and his death at the hands of the Navy S.E.A.L. Team 6 in May, 2011.</p>",Blu-Ray,Media > Videos,,"Blu-Ray, Floor Sale, Formatted, Thriller",true,Genre,Thriller,,,,,,,,,0.0,shopify,1,deny,manual,6.00,,false,false,,,,,67261434,https://cdn.shopify.com/s/files/1/0671/0552/1726/files/wNSdSSxowM3WIqmPJNg3RagYbwP.jpg?v=1788195043,1,Zero Dark Thirty (2012) poster,false,,,,,,,thriller,,,,,,,,,,,,lb,,,active
zombieland-bluray-floor-sale-horror,Zombieland,"<p>Columbus has made a habit of running from what scares him. Tallahassee doesn't have fears. If he did, he'd kick their ever-living ass. In a world overrun by zombies, these two are perfectly evolved survivors. But now, they're about to stare down the most terrifying prospect of all: each other.</p>",Blu-Ray,Media > Videos,,"Blu-Ray, Floor Sale, Formatted, Horror",true,Genre,Horror,,,,,,,,,0.0,shopify,1,deny,manual,6.00,,true,true,,,,,67294202,https://cdn.shopify.com/s/files/1/0671/0552/1726/files/dUkAmAyPVqubSBNRjRqCgHggZcK.jpg?v=1788267266,1,Zombieland (2009) poster,false,,,,,,,horror,,,,,,,,,,,,lb,,,active
tron-legacy-tron-the-original-classic-bluray-floor-sale-sci-fi,Tron Legacy / Tron: The Original Classic,"<p>A double feature pairing Tron (1982) with its sequel Tron: Legacy (2010), sci-fi films set inside a digital computer world.</p>",Blu-Ray,Media > Videos,,"Blu-Ray, Floor Sale, Formatted, Sci-Fi",true,Genre,Sci-Fi,,,,,,,,,0.0,shopify,1,deny,manual,11.00,,false,false,,,,,67359738,,,,false,,,,,,,sci-fi,,,,,,,,,,,,lb,,,active
shawshank-redemption-bluray-floor-sale-drama,Shawshank Redemption,"<p>Imprisoned in the 1940s for the double murder of his wife and her lover, upstanding banker Andy Dufresne begins a new life at the Shawshank prison, where he puts his accounting skills to work for an amoral warden. During his long stretch in prison, Dufresne comes to be admired by the other inmates -- including an older prisoner named Red -- for his integrity and unquenchable sense of hope.</p>",Blu-Ray,Media > Videos,,"Blu-Ray, Drama, Floor Sale, Formatted",true,Genre,Drama,,,,,,,,,0.0,shopify,1,deny,manual,6.00,,false,false,,,,,67392506,https://cdn.shopify.com/s/files/1/0671/0552/1726/files/9cqNxx0GxF0bflZmeSMuL5tnGzr.jpg?v=1788195043,1,Shawshank Redemption (1994) poster,false,,,,,,,drama,,,,,,,,,,,,lb,,,active
sherlock-holmes-a-game-of-shadow-bluray-floor-sale-action,Sherlock Holmes: a Game of Shadow,"<p>There is a new criminal mastermind at large (Professor Moriarty) and not only is he Holmes’ intellectual equal, but his capacity for evil and lack of conscience may give him an advantage over the detective.</p>",Blu-Ray,Media > Videos,,"Action, Blu-Ray, Floor Sale, Formatted",true,Genre,Action,,,,,,,,,0.0,shopify,1,deny,manual,7.00,,false,false,,,,,67490810,https://cdn.shopify.com/s/files/1/0671/0552/1726/files/2HsHurlnTOyU6yUS14gY6BQCyRs.jpg?v=1788195042,1,Sherlock Holmes: a Game of Shadow (2011) poster,false,,,,,,,action,,,,,,,,,,,,lb,,,active
transformers-the-last-knight-bluray-floor-sale-action,Transformers: The Last Knight,"<p>Humans and Transformers are at war. Optimus Prime is gone. The key to saving our future lies buried in the secrets of the past, in the hidden history of Transformers on Earth. Saving our world falls upon the shoulders of an unlikely alliance: Cade Yeager; Bumblebee; an English Lord; and an Oxford Professor.</p>",Blu-Ray,Media > Videos,,"Action, Blu-Ray, Floor Sale, Formatted",true,Genre,Action,,,,,,,,,0.0,shopify,1,deny,manual,6.00,,false,false,,,,,67654650,https://cdn.shopify.com/s/files/1/0671/0552/1726/files/s5HQf2Gb3lIO2cRcFwNL9sn1o1o.jpg?v=1788195041,1,Transformers: The Last Knight (2017) poster,false,,,,,,,action,,,,,,,,,,,,lb,,,active
logan-bluray-floor-sale-action,Logan,"<p>In the near future, a weary Logan cares for an ailing Professor X in a hideout on the Mexican border. But Logan's attempts to hide from the world and his legacy are upended when a young mutant arrives, pursued by dark forces.</p>",Blu-Ray,Media > Videos,,"Action, Blu-Ray, Floor Sale, Formatted",true,Genre,Action,,,,,,,,,0.0,shopify,1,deny,manual,6.00,,true,true,,,,,67687418,https://cdn.shopify.com/s/files/1/0671/0552/1726/files/fnbjcRDYn6YviCcePDnGdyAkYsB.jpg?v=1788267264,1,Logan (2017) poster,false,,,,,,,action,,,,,,,,,,,,lb,,,active
the-wolf-of-wallstreet-bluray-floor-sale-4k-drama,The Wolf of Wallstreet,"<p>The Wolf of Wall Street is a 2013 biographical crime comedy directed by Martin Scorsese, starring Leonardo DiCaprio as stockbroker Jordan Belfort.</p>",4K,Media > Videos,,"4K, Drama, Floor Sale, Formatted",true,Genre,Drama,,,,,,,,,0.0,shopify,1,deny,manual,10.00,,false,false,,,,,73167610,https://cdn.shopify.com/s/files/1/0671/0552/1726/files/The_Wolf_of_Wall_Street__282013_29.png?v=1788272169,1,The Wolf of Wallstreet poster,false,,,,,,,drama,,,,,,,,,,,,lb,,,active
wyatt-earp-bluray-floor-sale-drama,Wyatt Earp,"<p>From Wichita to Dodge City, to the O.K. Corral in Tombstone, Wyatt Earp is taught that nothing matters more than family and the law. Joined by his brothers and Doc Holliday, Earp wages war on the dreaded Clanton and McLaury gangs.</p>",Blu-Ray,Media > Videos,,"Blu-Ray, Drama, Floor Sale, Formatted",true,Genre,Drama,,,,,,,,,0.0,shopify,1,deny,manual,6.00,,true,true,,,,,73200378,https://cdn.shopify.com/s/files/1/0671/0552/1726/files/51LItgyecu2KMAtIchYogEykCIu_59bb2cf7-46c1-43f2-a2b0-0f9e4b71f5f6.jpg?v=1788267265,1,Wyatt Earp (1994) poster,false,,,,,,,drama,,,,,,,,,,,,lb,,,active
warm-bodies-bluray-floor-sale-romantic-comedy,Warm Bodies,"<p>After a zombie becomes involved with the girlfriend of one of his victims, their romance sets in motion a sequence of events that might transform the entire lifeless world.</p>",Blu-Ray,Media > Videos,,"Blu-Ray, Floor Sale, Formatted, Romantic Comedy",true,Genre,Romantic Comedy,,,,,,,,,0.0,shopify,1,deny,manual,6.00,,false,false,,,,,73233146,https://cdn.shopify.com/s/files/1/0671/0552/1726/files/pvVpl38YOBDOANb0pWbXFb8X3iZ.jpg?v=1788195041,1,Warm Bodies (2013) poster,false,,,,,,,romantic-comedy,,,,,,,,,,,,lb,,,active
whiskey-tango-fox-trot-bluray-floor-sale-comedy,Whiskey Tango Fox Trot,"<p>Whiskey Tango Foxtrot is a 2016 biographical war comedy-drama starring Tina Fey as a journalist covering the war in Afghanistan, based on the memoir The Taliban Shuffle.</p>",Blu-Ray,Media > Videos,,"Blu-Ray, Comedy, Floor Sale, Formatted",true,Genre,Comedy,,,,,,,,,0.0,shopify,1,deny,manual,6.00,,false,false,,,,,73265914,https://cdn.shopify.com/s/files/1/0671/0552/1726/files/Whiskey_Tango_Foxtrot_poster.png?v=1788272168,1,Whiskey Tango Fox Trot poster,false,,,,,,,comedy,,,,,,,,,,,,lb,,,active
vice-bluray-floor-sale-sci-fi,Vice,"<p>Julian Michaels has designed the ultimate resort: VICE, where anything goes and the customers can play out their wildest fantasies with artificial inhabitants who look, think and feel like humans. When an artificial becomes self-aware and escapes, she finds herself caught in the crossfire between Julian's mercenaries and a cop who is hell-bent on shutting down Vice, and stopping the violence once and for all.</p>",Blu-Ray,Media > Videos,,"Blu-Ray, Floor Sale, Formatted, Sci-Fi",true,Genre,Sci-Fi,,,,,,,,,0.0,shopify,1,deny,manual,6.00,,true,true,,,,,73331450,https://cdn.shopify.com/s/files/1/0671/0552/1726/files/cBwZIq1QFasmsC9Wi3HvyEljfYN.jpg?v=1788267264,1,Vice (2015) poster,false,,,,,,,sci-fi,,,,,,,,,,,,lb,,,active
a-walk-in-the-clouds-dvd-floor-sale-drama,A Walk in the Clouds,<p>World War II vet Paul Sutton falls for a pregnant and unwed woman who persuades him -- during their first encounter -- to pose as her husband so she can face her family.</p>,DVD,Media > Videos,,"Drama, DVD, Floor Sale, Formatted",true,Genre,Drama,,,,,,,,,0.0,shopify,1,deny,manual,5.00,,true,true,,,,,73593594,https://cdn.shopify.com/s/files/1/0671/0552/1726/files/xencQzZnUWDRAOUydjf9PWet8Ae.jpg?v=1788267263,1,A Walk in the Clouds (1995) poster,false,,,,,,,drama,,,,,,,,,,,,lb,,,active
the-wedding-date-dvd-floor-sale-romantic-comedy,The Wedding Date,"<p>With the wedding of her younger sister fast approaching, Kat Ellis faces the undesirable prospect of traveling alone to London for the ceremony. While this is bad enough, Jeffrey, the man who left her as they moved closer to marriage, happens to be the groom's best man. Determined to show everyone -- most of all Jeffrey -- that her romantic life is as full and thrilling as ever, Kat hires a charming male escort as her date.</p>",DVD,Media > Videos,,"DVD, Floor Sale, Formatted, Romantic Comedy",true,Genre,Romantic Comedy,,,,,,,,,0.0,shopify,1,deny,manual,5.00,,true,true,,,,,73691898,https://cdn.shopify.com/s/files/1/0671/0552/1726/files/x3o3VMEdwct54uLZmuzI4iyi2Zh_b0cba953-5079-43b4-a913-b30584e463b5.jpg?v=1788267263,1,The Wedding Date (2005) poster,false,,,,,,,romantic-comedy,,,,,,,,,,,,lb,,,active
the-x-files-i-want-to-believe-dvd-floor-sale-sci-fi,The X Files: I Want to Believe,<p>Mulder and Scully are called back to duty by the FBI when a former priest claims to be receiving psychic visions pertaining to a kidnapped agent.</p>,DVD,Media > Videos,,"DVD, Floor Sale, Formatted, Sci-Fi",true,Genre,Sci-Fi,,,,,,,,,0.0,shopify,1,deny,manual,5.00,,false,false,,,,,73724666,https://cdn.shopify.com/s/files/1/0671/0552/1726/files/3zQMhutUMJP6lK49x7i2YfsOHL9.jpg?v=1788195040,1,The X Files: I Want to Believe (2008) poster,false,,,,,,,sci-fi,,,,,,,,,,,,lb,,,active
suicide-squad-bluray-floor-sale-action,Suicide Squad,"<p>From DC Comics comes the Suicide Squad, an antihero team of incarcerated supervillains who act as deniable assets for the United States government, undertaking high-risk black ops missions in exchange for commuted prison sentences.</p>",Blu-Ray,Media > Videos,,"Action, Blu-Ray, Floor Sale, Formatted",true,Genre,Action,,,,,,,,,0.0,shopify,1,deny,manual,6.00,,true,true,,,,,73757434,https://cdn.shopify.com/s/files/1/0671/0552/1726/files/sk3FZgh3sRrmr8vyhaitNobMcfh.jpg?v=1788267262,1,Suicide Squad (2016) poster,false,,,,,,,action,,,,,,,,,,,,lb,,,active
some-kind-of-hate-bluray-floor-sale-horror,Some Kind of Hate,"<p>When troubled teen Lincoln is subjected to severe bullying, he accidentally conjures the vengeful ghost of Moira Karp. Once a teenage girl pushed to suicide, Moira is now an unstoppable force on a mission of gruesome retribution. But when she goes too far, Lincoln must prevent her from spiraling out of control.</p>",Blu-Ray,Media > Videos,,"Blu-Ray, Floor Sale, Formatted, Horror",true,Genre,Horror,,,,,,,,,0.0,shopify,1,deny,manual,6.00,,false,false,,,,,73822970,https://cdn.shopify.com/s/files/1/0671/0552/1726/files/61dDiDbYgs3dXRVomk976Lf5G7Z.jpg?v=1788195039,1,Some Kind of Hate (2015) poster,false,,,,,,,horror,,,,,,,,,,,,lb,,,active
x-men-origins-wolverine-bluray-floor-sale-action,X-Men Origins: Wolverine,"<p>After seeking to live a normal life after 200 years, Logan sets out to avenge a death by undergoing the mutant Weapon X program and becoming Wolverine.</p>",Blu-Ray,Media > Videos,,"Action, Blu-Ray, Floor Sale, Formatted",true,Genre,Action,,,,,,,,,0.0,shopify,1,deny,manual,6.00,,false,false,,,,,73921274,https://cdn.shopify.com/s/files/1/0671/0552/1726/files/yj8LbTju1p7CUJg7US2unSBk33s_19bea256-41c2-4173-b41d-b05a0c19d537.jpg?v=1788195038,1,X-Men Origins: Wolverine (2009) poster,false,,,,,,,action,,,,,,,,,,,,lb,,,active
tombstone-bluray-floor-sale-action,Tombstone,"<p>Legendary marshal Wyatt Earp, now a weary gunfighter, joins his brothers Morgan and Virgil to pursue their collective fortune in the thriving mining town of Tombstone. But Earp is forced to don a badge again and get help from his notorious pal Doc Holliday when a gang of renegade brigands and rustlers begins terrorizing the town.</p>",Blu-Ray,Media > Videos,,"Action, Blu-Ray, Floor Sale, Formatted",true,Genre,Action,,,,,,,,,0.0,shopify,1,deny,manual,6.00,,true,true,,,,,73986810,https://cdn.shopify.com/s/files/1/0671/0552/1726/files/wGFCvylul8iEQhJOKfwZGGvXMzA_2eb1ce5e-5b69-4ca4-a6bf-369c64ae26e0.jpg?v=1788267262,1,Tombstone (1993) poster,false,,,,,,,action,,,,,,,,,,,,lb,,,active
the-water-horse-dvd-floor-sale-kids-family,The Water Horse,<p>A lonely boy discovers a mysterious egg that hatches a sea creature of Scottish legend.</p>,DVD,Media > Videos,,"DVD, Floor Sale, Formatted, Kids & Family",true,Genre,Kids & Family,,,,,,,,,0.0,shopify,1,deny,manual,5.00,,false,false,,,,,74314490,https://cdn.shopify.com/s/files/1/0671/0552/1726/files/h9DV6KItNutJmrPzT1xrAO6fIzy.jpg?v=1788195038,1,The Water Horse (2007) poster,false,,,,,,,kids-family,,,,,,,,,,,,lb,,,active
untracable-dvd-floor-sale-thriller,Untracable,<p>Untraceable is a 2008 psychological thriller starring Diane Lane as an FBI agent tracking a killer who broadcasts murders live online.</p>,DVD,Media > Videos,,"DVD, Floor Sale, Formatted, Thriller",true,Genre,Thriller,,,,,,,,,0.0,shopify,1,deny,manual,5.00,,false,false,,,,,74380026,https://cdn.shopify.com/s/files/1/0671/0552/1726/files/Untraceableposter08.jpg?v=1788272167,1,Untracable poster,false,,,,,,,thriller,,,,,,,,,,,,lb,,,active
underworld-evolution-dvd-floor-sale-horror,Underworld Evolution,"<p>As the war between the vampires and the Lycans rages on, Selene, a former member of the Death Dealers (an elite vampire special forces unit that hunts werewolves), and Michael, the werewolf hybrid, work together in an effort to unlock the secrets of their respective bloodlines.</p>",DVD,Media > Videos,,"DVD, Floor Sale, Formatted, Horror",true,Genre,Horror,,,,,,,,,0.0,shopify,1,deny,manual,5.00,,false,false,,,,,74412794,https://cdn.shopify.com/s/files/1/0671/0552/1726/files/oJaQG353uOzOqffQ5K2hg03k4Vp_ecbf30ec-5bdd-4fe0-9a72-9e84e790ee26.jpg?v=1788195037,1,Underworld Evolution (2006) poster,false,,,,,,,horror,,,,,,,,,,,,lb,,,active
underworld-awakening-dvd-floor-sale-horror,Underworld Awakening,"<p>Having escaped years of imprisonment, vampire warrioress Selene finds herself in a changed world where humans have discovered the existence of both Vampire and Lycan clans and are conducting an all-out war to eradicate both immortal species. Now Selene must battle the humans and a frightening new breed of super Lycans to ensure the death dealers' survival.</p>",DVD,Media > Videos,,"DVD, Floor Sale, Formatted, Horror",true,Genre,Horror,,,,,,,,,0.0,shopify,1,deny,manual,5.00,,false,false,,,,,74445562,https://cdn.shopify.com/s/files/1/0671/0552/1726/files/jN0uuc8U6M3sTg9zEaliJV60Stf.jpg?v=1788195037,1,Underworld Awakening (2012) poster,false,,,,,,,horror,,,,,,,,,,,,lb,,,active
star-trek-into-darkness-bluray-floor-sale-sci-fi,Star Trek: Into Darkness,"<p>V For Vendetta, Watchmen, Constantine</p>",Blu-Ray,Media > Videos,,"Blu-Ray, Floor Sale, Formatted, Sci-Fi",true,Genre,Sci-Fi,,,,,,,,,0.0,shopify,1,deny,manual,6.00,,false,false,,,,,10555898,https://cdn.shopify.com/s/files/1/0671/0552/1726/files/Aim3kVNh1MPIxPEFeJrl9e9Uf1a_251b8cf3-79d7-49c6-98f8-dc093cb8e4ab.jpg?v=1788195036,1,Star Trek: Into Darkness (2013) poster,false,,,,,,,sci-fi,,,,,,,,,,,,lb,,,active
star-trek-beyond-bluray-floor-sale-sci-fi,Star Trek: Beyond,"<p>The USS Enterprise crew explores the furthest reaches of uncharted space, where they encounter a mysterious new enemy who puts them and everything the Federation stands for to the test.</p>",Blu-Ray,Media > Videos,,"Blu-Ray, Floor Sale, Formatted, Sci-Fi",true,Genre,Sci-Fi,,,,,,,,,0.0,shopify,1,deny,manual,6.00,,false,false,,,,,10588666,https://cdn.shopify.com/s/files/1/0671/0552/1726/files/cnQp8GmOWahIgQaH60Kwez3TNzw.jpg?v=1788195035,1,Star Trek: Beyond (2016) poster,false,,,,,,,sci-fi,,,,,,,,,,,,lb,,,active
star-trek-the-next-generation-all-good-things-bluray-floor-sale-sci-fi,Star Trek The Next Generation: All Good Things,"<p>Capt. Picard finds himself shifting continually into the past, future and present and must use that to discover a threat to humanity's existence.</p>",Blu-Ray,Media > Videos,,"Blu-Ray, Floor Sale, Formatted, Sci-Fi",true,Genre,Sci-Fi,,,,,,,,,0.0,shopify,1,deny,manual,6.00,,false,false,,,,,10621434,https://cdn.shopify.com/s/files/1/0671/0552/1726/files/mIoOtww4fqwAowPxW6sVHRIeVoc_d942ccb8-fcef-4a26-b7b5-48cf1306345d.jpg?v=1788195035,1,Star Trek The Next Generation: All Good Things (2014) poster,false,,,,,,,sci-fi,,,,,,,,,,,,lb,,,active
star-trek-2-disc-special-edition-bluray-floor-sale-sci-fi,Star Trek: 2 Disc Special Edition,,Blu-Ray,Media > Videos,,"Blu-Ray, Floor Sale, Formatted, Sci-Fi",true,Genre,Sci-Fi,,,,,,,,,0.0,shopify,1,deny,manual,7.00,,false,false,,,,,10654202,,,,false,,,,,,,sci-fi,,,,,,,,,,,,lb,,,active
star-trek-the-voyage-home-dvd-floor-sale-sci-fi,Star Trek: The Voyage Home,"<p>When a huge alien probe enters the galaxy and begins to vaporize Earth's oceans, Kirk and his crew must travel back in time in order to bring back whales and save the planet.</p>",DVD,Media > Videos,,"DVD, Floor Sale, Formatted, Sci-Fi",true,Genre,Sci-Fi,,,,,,,,,0.0,shopify,1,deny,manual,5.00,,false,false,,,,,10686970,https://cdn.shopify.com/s/files/1/0671/0552/1726/files/xY5TzGXJOB3L9rhZ1MbbPyVlW5J_8a362be0-20c0-4739-9b8f-0b509581658a.jpg?v=1788195034,1,Star Trek: The Voyage Home (1986) poster,false,,,,,,,sci-fi,,,,,,,,,,,,lb,,,active
suspence-collection-dvd-floor-sale-thriller,Suspense Collection,<p>A 4-film thriller collection titled '4 Film Favorites: Suspense Collection.'</p>,DVD,Media > Videos,,"DVD, Floor Sale, Formatted, Thriller",true,Genre,Thriller,,,,,,,,,0.0,shopify,1,deny,manual,11.00,,false,false,,,,,10719738,https://cdn.shopify.com/s/files/1/0671/0552/1726/files/91CuCpV5hML._SY500.jpg?v=1788272166,1,Suspense Collection poster,false,,,,,,,thriller,,,,,,,,,,,,lb,,,active
triple-feature-v-for-vendetta-bluray-floor-sale-action,Triple Feature: V for Vendetta +,"<p>A triple feature pairing V for Vendetta (2005), Watchmen (2009), and Constantine (2005), dystopian and supernatural graphic-novel adaptations.</p>",Blu-Ray,Media > Videos,,"Action, Blu-Ray, Floor Sale, Formatted",true,Genre,Action,,,,,,,,,0.0,shopify,1,deny,manual,11.00,,false,false,,,,,10752506,,,,false,,,,,,,action,,,,,,,,,,,,lb,,,active
valkyrie-dvd-floor-sale-action,Valkyrie,"<p>Wounded in Africa during World War II, Nazi Col. Claus von Stauffenberg returns to his native Germany and joins the Resistance in a daring plan to create a shadow government and assassinate Adolf Hitler. When events unfold so that he becomes a central player, he finds himself tasked with both leading the coup and personally killing the Führer.</p>",DVD,Media > Videos,,"Action, DVD, Floor Sale, Formatted",true,Genre,Action,,,,,,,,,0.0,shopify,1,deny,manual,5.00,,true,true,,,,,10785274,https://cdn.shopify.com/s/files/1/0671/0552/1726/files/8eoRtXswC8IQDsqW7iJWO56NhAv_aef9cc66-630e-4ee4-854a-cc8cc40db6bf.jpg?v=1788267262,1,Valkyrie (2008) poster,false,,,,,,,action,,,,,,,,,,,,lb,,,active
vantage-point-dvd-floor-sale-action,Vantage Point,"<p>During an historic counter-terrorism summit in Spain, the President of the United States is struck down by an assassin's bullet. Eight strangers have a perfect view of the kill, but what did they really see? As the minutes leading up to the fatal shot are replayed through the eyes of each eyewitness, the reality of the assassination takes shape.</p>",DVD,Media > Videos,,"Action, DVD, Floor Sale, Formatted",true,Genre,Action,,,,,,,,,0.0,shopify,1,deny,manual,5.00,,true,true,,,,,10818042,https://cdn.shopify.com/s/files/1/0671/0552/1726/files/9xA1KaGoYQJveY3C87J41Au5Kkn.jpg?v=1788267261,1,Vantage Point (2008) poster,false,,,,,,,action,,,,,,,,,,,,lb,,,active
venom-bluray-floor-sale-action,Venom,"<p>Investigative journalist Eddie Brock attempts a comeback following a scandal, but accidentally becomes the host of Venom, a violent, super powerful alien symbiote. Soon, he must rely on his newfound powers to protect the world from a shadowy organization looking for a symbiote of their own.</p>",Blu-Ray,Media > Videos,,"Action, Blu-Ray, Floor Sale, Formatted",true,Genre,Action,,,,,,,,,0.0,shopify,1,deny,manual,6.00,,true,true,,,,,10883578,https://cdn.shopify.com/s/files/1/0671/0552/1726/files/2uNW4WbgBXL25BAbXGLnLqX71Sw.jpg?v=1788267261,1,Venom (2018) poster,false,,,,,,,action,,,,,,,,,,,,lb,,,active
troy-directors-cut-bluray-floor-sale-action,Troy: Directors Cut,"<p>In year 1250 B.C. during the late Bronze age, two emerging nations begin to clash. Paris, the Trojan prince, convinces Helen, Queen of Sparta, to leave her husband Menelaus, and sail with him back to Troy. After Menelaus finds out that his wife was taken by the Trojans, he asks his brother Agamemnon to help him get her back. Agamemnon sees this as an opportunity for power. They set off with 1,000 ships holding 50,000 Greeks to Troy.</p>",Blu-Ray,Media > Videos,,"Action, Blu-Ray, Floor Sale, Formatted",true,Genre,Action,,,,,,,,,0.0,shopify,1,deny,manual,6.00,,true,true,,,,,11145722,https://cdn.shopify.com/s/files/1/0671/0552/1726/files/a07wLy4ONfpsjnBqMwhlWTJTcm_33781e43-9b66-4a7b-acff-f3afd2aa4f37.jpg?v=1788267261,1,Troy: (2004) poster,false,,,,,,,action,,,,,,,,,,,,lb,,,active
war-horse-dvd-foor-sale-drama,War Horse,"<p>On the brink of the First World War, Albert's beloved horse Joey is sold to the Cavalry by his father. Against the backdrop of the Great War, Joey begins an odyssey full of danger, joy, and sorrow, and he transforms everyone he meets along the way. Meanwhile, Albert, unable to forget his equine friend, searches the battlefields of France to find Joey and bring him home.</p>",DVD,Media > Videos,,"Drama, DVD, Floor Sale, Formatted",true,Genre,Drama,,,,,,,,,0.0,shopify,1,deny,manual,5.00,,false,false,,,,,11211258,https://cdn.shopify.com/s/files/1/0671/0552/1726/files/3aRHhvvngFPJFy5uAjo7GVr3PhL.jpg?v=1788195033,1,War Horse (2011) poster,false,,,,,,,drama,,,,,,,,,,,,lb,,,active
in-time-bluray-floor-sale-thriller,In Time,"<p>In the not-too-distant future, the aging gene has been switched off. To avoid overpopulation, time has become the currency and the way people pay for luxuries and necessities. The rich can live forever, while the rest struggle to negotiate for their immortality. A poor young man who suddenly comes into a fortune of time finds himself on the run from a corrupt police force known as the ""time keepers"".</p>",Blu-Ray,Media > Videos,,"Blu-Ray, Floor Sale, Formatted, Thriller",true,Genre,Thriller,,,,,,,,,0.0,shopify,1,deny,manual,6.00,,true,true,,,,,49515002,https://cdn.shopify.com/s/files/1/0671/0552/1726/files/3Mwj2sIONQckOZP3YwsUXF7U5I4.jpg?v=1788267260,1,In Time (2011) poster,false,,,,,,,thriller,,,,,,,,,,,,lb,,,active
i-kill-giants-bluray-floor-sale-fantasy,I Kill Giants,"<p>Sophia, a new high school student, tries to make friends with Barbara, who tells her that “she kills giants,” protecting this way her hometown and its inhabitants, who do not understand her strange behavior.</p>",Blu-Ray,Media > Videos,,"Blu-Ray, Fantasy, Floor Sale, Formatted",true,Genre,Fantasy,,,,,,,,,0.0,shopify,1,deny,manual,7.00,,false,false,,,,,49547770,https://cdn.shopify.com/s/files/1/0671/0552/1726/files/cvit6HDbXHE6W5kGPd47jd0wthQ.jpg?v=1788195032,1,I Kill Giants (2017) poster,false,,,,,,,fantasy,,,,,,,,,,,,lb,,,active
tomb-raider-bluray-floor-sale-action,Tomb Raider,"<p>Lara Croft, the fiercely independent daughter of a missing adventurer, must push herself beyond her limits when she finds herself on the island where her father disappeared.</p>",Blu-Ray,Media > Videos,,"Action, Blu-Ray, Floor Sale, Formatted",true,Genre,Action,,,,,,,,,0.0,shopify,1,deny,manual,6.00,,false,false,,,,,49580538,https://cdn.shopify.com/s/files/1/0671/0552/1726/files/s4Qn5LF6OwK4rIifmthIDtbqDSs_933194c4-dec6-41e4-895f-9e24d4c0d251.jpg?v=1788195031,1,Tomb Raider (2018) poster,false,,,,,,,action,,,,,,,,,,,,lb,,,active
transcendence-bluray-floor-sale-sci-fi,Transcendence,"<p>Two leading computer scientists work toward their goal of Technological Singularity,  as a radical anti-technology organization fights to prevent them from creating a world where computers can transcend the abilities of the human brain.</p>",Blu-Ray,Media > Videos,,"Blu-Ray, Floor Sale, Formatted, Sci-Fi",true,Genre,Sci-Fi,,,,,,,,,0.0,shopify,1,deny,manual,6.00,,true,true,,,,,49613306,https://cdn.shopify.com/s/files/1/0671/0552/1726/files/i3JqPtiJWnidaif3UA2K2Eng0hp.jpg?v=1788267260,1,Transcendence (2014) poster,false,,,,,,,sci-fi,,,,,,,,,,,,lb,,,active
indiana-jones-and-the-kingdom-of-the-crystal-skull-dvd-floor-sale-action,Indiana Jones: and the Kingdom of the Crystal Skull,"<p>Set during the Cold War, the Soviets—led by sword-wielding Irina Spalko—are in search of a crystal skull which has supernatural powers related to a mystical Lost City of Gold. Indy is coerced to head to Peru at the behest of a young man whose friend—and Indy's colleague—Professor Oxley has been captured for his knowledge of the skull's whereabouts.</p>",DVD,Media > Videos,,"Action, DVD, Floor Sale, Formatted",true,Genre,Action,,,,,,,,,0.0,shopify,1,deny,manual,5.00,,false,false,,,,,49646074,https://cdn.shopify.com/s/files/1/0671/0552/1726/files/56As6XEM1flWvprX4LgkPl8ii4K.jpg?v=1788195031,1,Indiana Jones: and the Kingdom of the Crystal Skull (2008) poster,false,,,,,,,action,,,,,,,,,,,,lb,,,active
the-guns-of-navarone-dvd-floor-sale-action,The Guns of Navarone,"<p>A team of allied saboteurs are assigned an impossible mission: infiltrate an impregnable Nazi-held island and destroy the two enormous long-range field guns that prevent the rescue of 2,000 trapped British soldiers.</p>",DVD,Media > Videos,,"Action, DVD, Floor Sale, Formatted",true,Genre,Action,,,,,,,,,0.0,shopify,1,deny,manual,5.00,,false,false,,,,,49678842,https://cdn.shopify.com/s/files/1/0671/0552/1726/files/j6VSFnm20GlkUi8yb7hM5Qfc1fA.jpg?v=1788195030,1,The Guns of Navarone (1961) poster,false,,,,,,,action,,,,,,,,,,,,lb,,,active
legends-of-the-fall-dvd-floor-sale-drama,Legends of the Fall,"<p>In early 20th-century Montana, Col. William Ludlow lives on a ranch in the wilderness with his sons, Alfred, Tristan, and Samuel. Eventually, the unconventional but close-knit family are bound by loyalty, tested by war, and torn apart by love, as told over the course of several decades in this epic saga.</p>",DVD,Media > Videos,,"Drama, DVD, Floor Sale, Formatted",true,Genre,Drama,,,,,,,,,0.0,shopify,1,deny,manual,5.00,,true,true,,,,,49711610,https://cdn.shopify.com/s/files/1/0671/0552/1726/files/89DRDb6mmNkIekqSeAzz13faQDt_96793f0e-e643-42f2-92e2-1da8945409a1.jpg?v=1788267260,1,Legends of the Fall (1994) poster,false,,,,,,,drama,,,,,,,,,,,,lb,,,active
hitman-agent-47-bluray-floor-sale-action,Hitman Agent 47,<p>An assassin teams up with a woman to help her find her father and uncover the mysteries of her ancestry.</p>,Blu-Ray,Media > Videos,,"Action, Blu-Ray, Floor Sale, Formatted",true,Genre,Action,,,,,,,,,0.0,shopify,1,deny,manual,5.00,,false,false,,,,,49744378,https://cdn.shopify.com/s/files/1/0671/0552/1726/files/cx9AOBOv9Qf5ufZYQMbfTV7w7VY.jpg?v=1788195029,1,Hitman Agent 47 (2015) poster,false,,,,,,,action,,,,,,,,,,,,lb,,,active
the-dark-side-bluray-floor-sale-horror,The Hallow,"<p>Deep within the darkness of secluded forest land in rural Ireland dwells an ancient evil. Feared by the nearby superstitious villagers as cursed creatures who prey upon the lost, their secrets have been kept from civilization and remain on their hallowed ground. But when a conservationist from London moves in with his wife and infant child in order to survey the land for future construction, his actions unwittingly disturb the horde of demonic forces. Alone in a remote wilderness, he must now ensure his family's survival from their relentless attacks.</p>",Blu-Ray,Media > Videos,,"Blu-Ray, Floor Sale, Formatted, Horror",true,Genre,Horror,,,,,,,,,0.0,shopify,1,deny,manual,7.00,,false,false,,,,,49777146,https://cdn.shopify.com/s/files/1/0671/0552/1726/files/sOT4KqFPlvxTeEwyHOcn8agJnsI.jpg?v=1787922487,1,The Hallow (2015) poster,false,,,,,,,horror,,,,,,,,,,,,lb,,,active
xxx-bluray-floor-sale-action,XXX,"<p>Xander Cage is your standard adrenaline junkie with no fear and a lousy attitude. When the US Government ""recruits"" him to go on a mission, he's not exactly thrilled. His mission: to gather information on an organization that may just be planning the destruction of the world, led by the nihilistic Yorgi.</p>",Blu-Ray,Media > Videos,,"Action, Blu-Ray, Floor Sale, Formatted",true,Genre,Action,,,,,,,,,0.0,shopify,1,deny,manual,6.00,,true,true,,,,,49809914,https://cdn.shopify.com/s/files/1/0671/0552/1726/files/xeEw3eLeSFmJgXZzmF2Efww0q3s_70e6aa84-15d1-4c15-9f32-b9ec326b8b6a.jpg?v=1788267259,1,XXX (2002) poster,false,,,,,,,action,,,,,,,,,,,,lb,,,active
transporter-refueled-bluray-floor-sale-action,Transporter Refueled,"<p>The fast-paced action movie is again set in the criminal underworld in France, where Frank Martin is known as The Transporter, because he is the best driver and mercenary money can buy. In this installment, he meets Anna and they attempt to take down a group of ruthless Russian human traffickers who also have kidnapped Frank’s father.</p>",Blu-Ray,Media > Videos,,"Action, Blu-Ray, Floor Sale, Formatted",true,Genre,Action,,,,,,,,,0.0,shopify,1,deny,manual,6.00,,false,false,,,,,49842682,https://cdn.shopify.com/s/files/1/0671/0552/1726/files/71kaQfdrMy0LHSeLRADsvlDGCgb.jpg?v=1788195029,1,Transporter Refueled (2015) poster,false,,,,,,,action,,,,,,,,,,,,lb,,,active
wolfman-bluray-floor-sale-thriller,Wolfman,<p>A man finds out that his family has a werewolf curse put upon them.</p>,Blu-Ray,Media > Videos,,"Blu-Ray, Floor Sale, Formatted, Thriller",true,Genre,Thriller,,,,,,,,,0.0,shopify,1,deny,manual,6.00,,true,true,,,,,49875450,https://cdn.shopify.com/s/files/1/0671/0552/1726/files/3LypV5ukcjuMWGGCQtNh76vxsna.jpg?v=1788267259,1,Wolfman (1979) poster,false,,,,,,,thriller,,,,,,,,,,,,lb,,,active
wrath-of-the-titans-dvd-floor-sale-action,Wrath of the Titans,"<p>Perseus tries to live a quieter life as a village fisherman while – dangerously weakened by humanity's lack of devotion – the gods are losing control of the long-imprisoned Titans and their ferocious leader, Kronos.</p>",DVD,Media > Videos,,"Action, DVD, Floor Sale, Formatted",true,Genre,Action,,,,,,,,,0.0,shopify,1,deny,manual,6.00,,false,false,,,,,49908218,https://cdn.shopify.com/s/files/1/0671/0552/1726/files/b9n2R3xZWQ8MVZgndQoV34stS0h_0f2ff1d4-5eb9-4f50-9a72-b9921c9a2db0.jpg?v=1788195028,1,Wrath of the Titans (2012) poster,false,,,,,,,action,,,,,,,,,,,,lb,,,active
the-wind-and-the-lion-dvd-floor-sale-drama,The Wind and the Lion,"<p>At the beginning of the 20th century an American woman is abducted in Morocco by Berbers, and the attempts to free her range from diplomatic pressure to military intervention.</p>",DVD,Media > Videos,,"Drama, DVD, Floor Sale, Formatted",true,Genre,Drama,,,,,,,,,0.0,shopify,1,deny,manual,5.00,,false,false,,,,,49940986,https://cdn.shopify.com/s/files/1/0671/0552/1726/files/3QLqEZL1kBBfKjVz3nAm5vJruRZ.jpg?v=1788195027,1,The Wind and the Lion (1975) poster,false,,,,,,,drama,,,,,,,,,,,,lb,,,active
gods-of-egypt-dvd-floor-sale-action,Gods of Egypt,<p>A common thief joins a mythical god on a quest through Egypt.</p>,DVD,Media > Videos,,"Action, DVD, Floor Sale, Formatted",true,Genre,Action,,,,,,,,,0.0,shopify,1,deny,manual,6.00,,false,false,,,,,50006522,https://cdn.shopify.com/s/files/1/0671/0552/1726/files/hzH7fwaTyQNITLo40Hu3R7cVMqv.jpg?v=1788195027,1,Gods of Egypt (2016) poster,false,,,,,,,action,,,,,,,,,,,,lb,,,active
an-inconvenient-truth-dvd-floor-sale-documentary,An Inconvenient Truth,<p>A documentary on Al Gore's campaign to make the issue of global warming a recognized problem worldwide.</p>,DVD,Media > Videos,,"Documentary, DVD, Floor Sale, Formatted",true,Genre,Documentary,,,,,,,,,0.0,shopify,1,deny,manual,5.00,,false,false,,,,,50072058,https://cdn.shopify.com/s/files/1/0671/0552/1726/files/zrYT5UHE2UIsofwkv6KK2Tsu5a.jpg?v=1788195026,1,An Inconvenient Truth (2006) poster,false,,,,,,,documentary,,,,,,,,,,,,lb,,,active
king-of-kings-dvd-floor-sale-drama,King of Kings,"<p>Who is Jesus, and why does he impact all he meets? He is respected and reviled, emulated and accused, beloved, betrayed, and finally crucified. Yet that terrible fate would not be the end of the story.</p>",DVD,Media > Videos,,"Drama, DVD, Floor Sale, Formatted",true,Genre,Drama,,,,,,,,,0.0,shopify,1,deny,manual,4.00,,true,true,,,,,50399738,https://cdn.shopify.com/s/files/1/0671/0552/1726/files/fp1Nx4FASTGldFuQyGXN0HF6Jgk.jpg?v=1788267259,1,King of Kings (1961) poster,false,,,,,,,drama,,,,,,,,,,,,lb,,,active
white-house-down-dvd-floor-sale-action,White House Down,"<p>Capitol Policeman John Cale has just been denied his dream job with the Secret Service protecting President James Sawyer. Not wanting to let down his little girl with the news, he takes her on a tour of the White House, when the complex is overtaken by a heavily armed paramilitary group. Now, with the nation's government falling into chaos and time running out, it's up to Cale to save the president, his daughter, and the country.</p>",DVD,Media > Videos,,"Action, DVD, Floor Sale, Formatted",true,Genre,Action,,,,,,,,,0.0,shopify,1,deny,manual,4.00,,false,false,,,,,92998138,https://cdn.shopify.com/s/files/1/0671/0552/1726/files/6TeIVKPw7nXXWy2zKmDmlnSwzb7_818f73f0-26fc-41e0-95be-8f4845052d4a.jpg?v=1788195025,1,White House Down (2013) poster,false,,,,,,,action,,,,,,,,,,,,lb,,,active
whale-rider-dvd-floor-sale-drama,Whale Rider,"<p>A contemporary story of love, rejection, and triumph as a young Māori girl fights to fulfill a destiny her grandfather refuses to recognize.</p>",DVD,Media > Videos,,"Drama, DVD, Floor Sale, Formatted",true,Genre,Drama,,,,,,,,,0.0,shopify,1,deny,manual,6.00,,false,false,,,,,93030906,https://cdn.shopify.com/s/files/1/0671/0552/1726/files/cVBZQZq091KtwBm2qObOv0JTFcH.jpg?v=1788195028,1,Whale Rider (2003) poster,false,,,,,,,drama,,,,,,,,,,,,lb,,,active
titanic-bluray-floor-sale-drama,Titanic,"<p>101-year-old Rose DeWitt Bukater tells the story of her life aboard the Titanic, 84 years later. A young Rose boards the ship with her mother and fiancé. Meanwhile, Jack Dawson and Fabrizio De Rossi win third-class tickets aboard the ship. Rose tells the whole story from Titanic's departure through to its death—on its first and last voyage—on April 15, 1912.</p>",Blu-Ray,Media > Videos,,"Blu-Ray, Drama, Floor Sale, Formatted",true,Genre,Drama,,,,,,,,,0.0,shopify,1,deny,manual,7.00,,true,true,,,,,93096442,https://cdn.shopify.com/s/files/1/0671/0552/1726/files/9xjZS2rlVxm8SFx8kPC3aIGCOYQ_e4ab94b0-e68c-4a5e-bd1d-6009a78bc175.jpg?v=1788267258,1,Titanic (1997) poster,false,,,,,,,drama,,,,,,,,,,,,lb,,,active
the-twilight-saga-eclipse-dvd-floor-sale-fantasy,The Twilight Saga: Eclipse,"<p>Bella once again finds herself surrounded by danger as Seattle is ravaged by a string of mysterious killings and a malicious vampire continues her quest for revenge. In the midst of it all, she is forced to choose between her love for Edward and her friendship with Jacob, knowing that her decision has the potential to ignite the ageless struggle between vampire and werewolf. With her graduation quickly approaching, Bella is confronted with the most important decision of her life.</p>",DVD,Media > Videos,,"DVD, Fantasy, Floor Sale, Formatted",true,Genre,Fantasy,,,,,,,,,0.0,shopify,1,deny,manual,5.00,,false,false,,,,,93194746,https://cdn.shopify.com/s/files/1/0671/0552/1726/files/dK4Gi1UdMiHzHc7r7CZQG4IQ9Sr.jpg?v=1788195024,1,The Twilight Saga: Eclipse (2010) poster,false,,,,,,,fantasy,,,,,,,,,,,,lb,,,active
legion-bluray-floor-sale-horror,Legion,"<p>When God loses faith in humankind, he sends his legion of angels to bring on the Apocalypse. Humanity's only hope for survival lies in a group of strangers trapped in an out-of-the-way, desert diner with the Archangel Michael.</p>",Blu-Ray,Media > Videos,,"Blu-Ray, Floor Sale, Formatted, Horror",true,Genre,Horror,,,,,,,,,0.0,shopify,1,deny,manual,6.00,,true,true,,,,,93227514,https://cdn.shopify.com/s/files/1/0671/0552/1726/files/ykocDqwg5PRUopnBVb1x1DWnEJF.jpg?v=1788267258,1,Legion (2010) poster,false,,,,,,,horror,,,,,,,,,,,,lb,,,active
transformers-4-movie-collection-bluray-floor-sale-action,Transformers 4 Movie Collection,"<p>A collection of the first four Transformers action films, based on the Hasbro toy line, starring Shia LaBeouf and Megan Fox.</p>",Blu-Ray,Media > Videos,,"Action, Blu-Ray, Floor Sale, Formatted",true,Genre,Action,,,,,,,,,0.0,shopify,1,deny,manual,12.00,,false,false,,,,,93325818,https://cdn.shopify.com/s/files/1/0671/0552/1726/files/51ZdN5ZYMVL._SX466.jpg?v=1788272165,1,Transformers 4 Movie Collection poster,false,,,,,,,action,,,,,,,,,,,,lb,,,active
trainspotting-bluray-floor-sale-comedy,Trainspotting,"<p>Heroin addict Mark Renton stumbles through bad ideas and sobriety attempts with his unreliable friends --Sick Boy, Begbie, Spud and Tommy. He also has an underage girlfriend, Diane, along for the ride. After cleaning up and moving from Edinburgh to London, Mark finds he can't escape the life he left behind as Begbie and Sick Boy come knocking.</p>",Blu-Ray,Media > Videos,,"Blu-Ray, Comedy, Floor Sale, Formatted",true,Genre,Comedy,,,,,,,,,0.0,shopify,1,deny,manual,8.00,,false,false,,,,,93358586,https://cdn.shopify.com/s/files/1/0671/0552/1726/files/1jUC02qsqS2NxBMFarbIhcQtazV_2b9c4b88-b404-450c-a82f-b08c1d7e829e.jpg?v=1788195023,1,Trainspotting (1996) poster,false,,,,,,,comedy,,,,,,,,,,,,lb,,,active
the-twilight-saga-new-moon-dvd-floor-sale-fantasy,The Twilight Saga: New Moon,"<p>Forks, Washington resident Bella Swan is reeling from the departure of her vampire love, Edward Cullen, and finds comfort in her friendship with Jacob Black, a werewolf. But before she knows it, she's thrust into a centuries-old conflict, and her desire to be with Edward at any cost leads her to take greater and greater risks.</p>",DVD,Media > Videos,,"DVD, Fantasy, Floor Sale, Formatted",true,Genre,Fantasy,,,,,,,,,0.0,shopify,1,deny,manual,5.00,,false,false,,,,,93391354,https://cdn.shopify.com/s/files/1/0671/0552/1726/files/k2qTooPlHffgNABNWxeJdGMglPK_9e9fc450-0511-4019-b229-f35f5a5345da.jpg?v=1788195023,1,The Twilight Saga: New Moon (2009) poster,false,,,,,,,fantasy,,,,,,,,,,,,lb,,,active
warcraft-bluray-floor-sale-fantasy,Warcraft,"<p>The peaceful realm of Azeroth stands on the brink of war as its civilization faces a fearsome race of invaders: orc warriors fleeing their dying home to colonize another. As a portal opens to connect the two worlds, one army faces destruction and the other faces extinction. From opposing sides, two heroes are set on a collision course that will decide the fate of their family, their people, and their home.</p>",Blu-Ray,Media > Videos,,"Blu-Ray, Fantasy, Floor Sale, Formatted",true,Genre,Fantasy,,,,,,,,,0.0,shopify,1,deny,manual,6.00,,false,false,,,,,93555194,https://cdn.shopify.com/s/files/1/0671/0552/1726/files/eGi5aoxaZveqNLtE7BZJCuWwR3G.jpg?v=1788195022,1,Warcraft (2016) poster,false,,,,,,,fantasy,,,,,,,,,,,,lb,,,active
traitor-dvd-floor-sale-thriller,Traitor,"<p>When straight arrow FBI agent Roy Clayton heads up the investigation into a dangerous international conspiracy, all clues seem to lead back to former U.S. Special Operations officer Samir Horn.</p>",DVD,Media > Videos,,"DVD, Floor Sale, Formatted, Thriller",true,Genre,Thriller,,,,,,,,,0.0,shopify,1,deny,manual,5.00,,true,true,,,,,93686266,https://cdn.shopify.com/s/files/1/0671/0552/1726/files/va4Uo7L2b4d96JTdRMclO9L2hY0.jpg?v=1788267258,1,Traitor (2008) poster,false,,,,,,,thriller,,,,,,,,,,,,lb,,,active
uhf-dvd-floor-sale-comedy,UHF,<p>The eccentric new manager of a UHF television channel tries to save the station from financial ruin with an odd array of programming.</p>,DVD,Media > Videos,,"Comedy, DVD, Floor Sale, Formatted",true,Genre,Comedy,,,,,,,,,0.0,shopify,1,deny,manual,8.00,,false,false,,,,,93751802,https://cdn.shopify.com/s/files/1/0671/0552/1726/files/wxx5YQLKVH1WMSRXQAUnC76r4iY.jpg?v=1788195021,1,UHF (1989) poster,false,,,,,,,comedy,,,,,,,,,,,,lb,,,active
sully-bluray-floor-sale-drama,Sully,"<p>On 15 January 2009, the world witnessed the 'Miracle on the Hudson' when Captain 'Sully' Sullenberger glided his disabled plane onto the Hudson River, saving the lives of all 155 souls aboard. However, even as Sully was being heralded by the public and the media for his unprecedented feat of aviation skill, an investigation was unfolding that threatened to destroy his reputation and career.</p>",Blu-Ray,Media > Videos,,"Blu-Ray, Drama, Floor Sale, Formatted",true,Genre,Drama,,,,,,,,,0.0,shopify,1,deny,manual,6.00,,false,false,,,,,93882874,https://cdn.shopify.com/s/files/1/0671/0552/1726/files/4vs83YcJ8TsabADDtaeCJ6ZTjYY_841dc6fb-73fc-4410-b80f-5b77e8013084.jpg?v=1788195021,1,Sully (2016) poster,false,,,,,,,drama,,,,,,,,,,,,lb,,,active
season-of-the-witch-bluray-floor-sale-action,Season of the Witch,"<p>A 14th century Crusader returns with his comrade to a homeland devastated by the Black Plague. The Church commands the two knights to transport a witch to a remote abbey, where monks will perform a ritual in hopes of ending the pestilence.</p>",Blu-Ray,Media > Videos,,"Action, Blu-Ray, Floor Sale, Formatted",true,Genre,Action,,,,,,,,,0.0,shopify,1,deny,manual,7.00,,true,true,,,,,94931450,https://cdn.shopify.com/s/files/1/0671/0552/1726/files/dNVqi8EsBtnnwfR6TgiWM51JOuS_de5728ac-f4be-471a-8af7-71e3c1d3a5e0.jpg?v=1788267257,1,Season of the Witch (2011) poster,false,,,,,,,action,,,,,,,,,,,,lb,,,active
the-searchers-dvd-floor-sale-action,The Searchers,<p>Jocke has grown up in one of Stockholm's rough suburbs. Nowadays he spends the daytime getting into trouble at school and going into Stockholm in the evenings and getting into even more trouble. After being sentenced to prison he meets Tony. After their release they begin a series of robberies.</p>,DVD,Media > Videos,,"Action, DVD, Floor Sale, Formatted",true,Genre,Action,,,,,,,,,0.0,shopify,1,deny,manual,5.00,,true,true,,,,,94996986,https://cdn.shopify.com/s/files/1/0671/0552/1726/files/lWkOfWaV87QIkvi7vbiAiBu0NOB_70c44966-c8ae-48a3-820f-b0f40f91d807.jpg?v=1788267257,1,The Searchers (1993) poster,false,,,,,,,action,,,,,,,,,,,,lb,,,active
twilight-dvd-floor-sale-fantasy,Twilight,"<p>When Bella Swan moves to a small town in the Pacific Northwest, she falls in love with Edward Cullen, a mysterious classmate who reveals himself to be a 108-year-old vampire. Despite Edward's repeated cautions, Bella can't stay away from him, a fatal move that endangers her own life.</p>",DVD,Media > Videos,,"DVD, Fantasy, Floor Sale, Formatted",true,Genre,Fantasy,,,,,,,,,0.0,shopify,1,deny,manual,5.00,,true,true,,,,,95062522,https://cdn.shopify.com/s/files/1/0671/0552/1726/files/3Gkb6jm6962ADUPaCBqzz9CTbn9.jpg?v=1788267256,1,Twilight (2008) poster,false,,,,,,,fantasy,,,,,,,,,,,,lb,,,active
seal-team-six-the-raid-on-osama-bin-laden-dvd-floor-sale-action,Seal Team Six: The Raid on Osama Bin Laden,"<p>When the rumored whereabouts of Osama bin Laden are revealed, the CIA readies a team of seasoned U.S. Navy SEALs for the mission of a lifetime. Despite inconclusive evidence that bin Laden is inside the compound, and ignoring the possible ramifications of an unannounced attack on Pakistani soil, the Pentagon orders the attack. The SEAL Team bands together to complete their mission of justice in a riveting final showdown.</p>",DVD,Media > Videos,,"Action, DVD, Floor Sale, Formatted",true,Genre,Action,,,,,,,,,0.0,shopify,1,deny,manual,5.00,,false,false,,,,,95095290,https://cdn.shopify.com/s/files/1/0671/0552/1726/files/hau6iHAIWJmlnaaZ0QRYZu9T6B1.jpg?v=1788195020,1,Seal Team Six: The Raid on Osama Bin Laden (2012) poster,false,,,,,,,action,,,,,,,,,,,,lb,,,active
oz-the-great-and-powerful-bluray-floor-sale-kids-family,Oz The Great and Powerful,"<p>Oscar Diggs, a small-time circus illusionist and con-artist, is whisked from Kansas to the Land of Oz where the inhabitants assume he's the great wizard of prophecy, there to save Oz from the clutches of evil.</p>",Blu-Ray,Media > Videos,,"Blu-Ray, Floor Sale, Formatted, Kids & Family",true,Genre,Kids & Family,,,,,,,,,0.0,shopify,1,deny,manual,5.00,,false,false,,,,,95128058,https://cdn.shopify.com/s/files/1/0671/0552/1726/files/tkzfAUEKoUp4YFNbZV9hfpZOz0z.jpg?v=1788195020,1,Oz The Great and Powerful (2013) poster,false,,,,,,,kids-family,,,,,,,,,,,,lb,,,active
star-trek-3-the-search-for-spock-dvd-floor-sale-sci-fi,Star Trek 3: The Search For Spock,<p>A surprise visit from Spock's father provides a startling revelation: McCoy is harboring Spock's living essence.</p>,DVD,Media > Videos,,"DVD, Floor Sale, Formatted, Sci-Fi",true,Genre,Sci-Fi,,,,,,,,,0.0,shopify,1,deny,manual,5.00,,false,false,,,,,95160826,https://cdn.shopify.com/s/files/1/0671/0552/1726/files/yqEj0oPfKBMCz7YcCARHDgH7VFm_18356e0c-a9db-4da6-9cc7-9ccfb9f2ebb8.jpg?v=1788195019,1,Star Trek 3: The Search For Spock (1984) poster,false,,,,,,,sci-fi,,,,,,,,,,,,lb,,,active
the-transporter-3-dvd-floor-sale-action,The Transporter 3,"<p>Frank Martin puts the driving gloves on to deliver Valentina, the kidnapped daughter of a Ukrainian government official, from Marseilles to Odessa on the Black Sea. En route, he has to contend with thugs who want to intercept Valentina's safe delivery and not let his personal feelings get in the way of his dangerous objective.</p>",DVD,Media > Videos,,"Action, DVD, Floor Sale, Formatted",true,Genre,Action,,,,,,,,,0.0,shopify,1,deny,manual,5.00,,false,false,,,,,95193594,https://cdn.shopify.com/s/files/1/0671/0552/1726/files/o4w9VF3GRZuXe9NHHvZ07pJespl.jpg?v=1788195018,1,The Transporter 3 (2008) poster,false,,,,,,,action,,,,,,,,,,,,lb,,,active
in-the-name-of-the-king-a-dungeon-siege-tale-dvd-floor-sale-fantasy,In The Name of the King - A Dungeon Siege Tale,"<p>A man named Farmer sets out to rescue his kidnapped wife and avenge the death of his son – two acts committed by the Krugs, a race of animal-warriors who are controlled by the evil Gallian.</p>",DVD,Media > Videos,,"DVD, Fantasy, Floor Sale, Formatted",true,Genre,Fantasy,,,,,,,,,0.0,shopify,1,deny,manual,5.00,,false,false,,,,,95226362,https://cdn.shopify.com/s/files/1/0671/0552/1726/files/bbN1lmDk1PT0GsTFCy179sk5nIF.jpg?v=1788195017,1,In The Name of the King - A Dungeon Siege Tale (2007) poster,false,,,,,,,fantasy,,,,,,,,,,,,lb,,,active
gone-with-the-wind-dvd-floor-sale-drama,Gone With the Wind,<p>The spoiled daughter of a Georgia plantation owner conducts a tumultuous romance with a cynical profiteer during the American Civil War and Reconstruction Era.</p>,DVD,Media > Videos,,"Drama, DVD, Floor Sale, Formatted",true,Genre,Drama,,,,,,,,,0.0,shopify,1,deny,manual,5.00,,true,true,,,,,95259130,https://cdn.shopify.com/s/files/1/0671/0552/1726/files/lNz2Ow0wGCAvzckW7EOjE03KcYv_a4d3e707-98cd-4823-a34d-8cef42fce6a1.jpg?v=1788267256,1,Gone With the Wind (1939) poster,false,,,,,,,drama,,,,,,,,,,,,lb,,,active
king-arthur-dvd-floor-sale-action,King Arthur,"<p>The story of the Arthurian legend, based on the 'Sarmatian hypothesis' which contends that the legend has a historical nucleus in the Sarmatian heavy cavalry troops stationed in Britain, and that the Roman-British military commander, Lucius Artorius Castus is the historical person behind the legend.</p>",DVD,Media > Videos,,"Action, DVD, Floor Sale, Formatted",true,Genre,Action,,,,,,,,,0.0,shopify,1,deny,manual,5.00,,true,true,,,,,95291898,https://cdn.shopify.com/s/files/1/0671/0552/1726/files/iKLZEAnjzr51Ij7TJtNejc5CN3i.jpg?v=1788267256,1,King Arthur (2004) poster,false,,,,,,,action,,,,,,,,,,,,lb,,,active
out-of-africa-dvd-floor-sale-drama,Out of Africa,"<p>Tells the life story of Danish author Karen Blixen, who at the beginning of the 20th century moved to Africa to build a new life for herself. The film is based on her 1937 autobiographical novel.</p>",DVD,Media > Videos,,"Drama, DVD, Floor Sale, Formatted",true,Genre,Drama,,,,,,,,,0.0,shopify,1,deny,manual,5.00,,false,false,,,,,95324666,https://cdn.shopify.com/s/files/1/0671/0552/1726/files/6oMKqh08TfxmvnoFR4mm1wZB67P.jpg?v=1788195017,1,Out of Africa (1985) poster,false,,,,,,,drama,,,,,,,,,,,,lb,,,active
superman-returns-dvd-floor-sale-action,Superman Returns,"<p>Superman returns to discover his 5-year absence has allowed Lex Luthor to walk free, and that those he was closest to felt abandoned and have moved on. Luthor plots his ultimate revenge that could see millions killed and change the face of the planet forever, as well as ridding himself of the Man of Steel.</p>",DVD,Media > Videos,,"Action, DVD, Floor Sale, Formatted",true,Genre,Action,,,,,,,,,0.0,shopify,1,deny,manual,5.00,,false,false,,,,,95357434,https://cdn.shopify.com/s/files/1/0671/0552/1726/files/385XwTQZDpRX2d3kxtnpiLrjBXw_e40fba7b-35b6-4411-9b69-c17aca382c5f.jpg?v=1788195016,1,Superman Returns (2006) poster,false,,,,,,,action,,,,,,,,,,,,lb,,,active
snow-white-the-huntsman-dvd-floor-sale-action,Snow White & The Huntsman,"<p>After the Evil Queen marries the King, she performs a violent coup in which the King is murdered and his daughter, Snow White, is taken captive. Almost a decade later, a grown Snow White is still in the clutches of the Queen. In order to obtain immortality, The Evil Queen needs the heart of Snow White. After Snow escapes the castle, the Queen sends the Huntsman to find her in the Dark Forest.</p>",DVD,Media > Videos,,"Action, DVD, Floor Sale, Formatted",true,Genre,Action,,,,,,,,,0.0,shopify,1,deny,manual,5.00,,false,false,,,,,95390202,https://cdn.shopify.com/s/files/1/0671/0552/1726/files/8HUa5kRubYbnAD5UVpnhTGGgMTW_04243083-3b26-4246-adaf-077b2e078740.jpg?v=1788195015,1,Snow White & The Huntsman (2012) poster,false,,,,,,,action,,,,,,,,,,,,lb,,,active
snitch-dvd-floor-sale-action,Snitch,"<p>Construction company owner John Matthews learns that his estranged son, Jason, has been arrested for drug trafficking. Facing an unjust prison sentence for a first time offender courtesy of mandatory minimum sentence laws, Jason has nothing to offer for leniency in good conscience. Desperately, John convinces the DEA and the opportunistic DA Joanne Keeghan to let him go undercover to help make arrests big enough to free his son in return. With the unwitting help of an ex-con employee, John enters the narcotics underworld where every move could be his last in an operation that will demand all his resources, wits and courage to survive.</p>",DVD,Media > Videos,,"Action, DVD, Floor Sale, Formatted",true,Genre,Action,,,,,,,,,0.0,shopify,1,deny,manual,5.00,,true,true,,,,,95422970,https://cdn.shopify.com/s/files/1/0671/0552/1726/files/1suKSCm8gVUIIOh4MgtWAtzkMe4.jpg?v=1788267255,1,Snitch (2013) poster,false,,,,,,,action,,,,,,,,,,,,lb,,,active
hancock-bluray-floor-sale-action,Hancock,"<p>Hancock is a down-and-out superhero who's forced to employ a PR expert to help repair his image when the public grows weary of all the damage he's inflicted during his lifesaving heroics. The agent's idea of imprisoning the antihero to make the world miss him proves successful, but will Hancock stick to his new sense of purpose or slip back into old habits?</p>",Blu-Ray,Media > Videos,,"Action, Blu-Ray, Floor Sale, Formatted",true,Genre,Action,,,,,,,,,0.0,shopify,1,deny,manual,6.00,,true,true,,,,,95455738,https://cdn.shopify.com/s/files/1/0671/0552/1726/files/7DyuV2G0hLEqHeueDfOqhZ2DVut.jpg?v=1788267255,1,Hancock (2008) poster,false,,,,,,,action,,,,,,,,,,,,lb,,,active
the-rite-bluray-floor-sale-horror,The Rite,"<p>Seminary student Michael Kovak reluctantly attends exorcism school at the Vatican. While he’s in Rome, Michael meets an unorthodox priest who introduces him to the darker side of his faith, uncovering the devil’s reach even to one of the holiest places on Earth.</p>",Blu-Ray,Media > Videos,,"Blu-Ray, Floor Sale, Formatted, Horror",true,Genre,Horror,,,,,,,,,0.0,shopify,1,deny,manual,7.00,,true,true,,,,,05572090,https://cdn.shopify.com/s/files/1/0671/0552/1726/files/gRTxM95huMwIDfZBJWjuifMTfpx.jpg?v=1788267255,1,The Rite (2011) poster,false,,,,,,,horror,,,,,,,,,,,,lb,,,active
rise-of-the-guardians-bluray-floor-sale-kids-family,Rise of the Guardians,"<p>When an evil spirit known as Pitch lays down the gauntlet to take over the world, the immortal Guardians must join forces for the first time to protect the hopes, beliefs and imagination of children all over the world.</p>",Blu-Ray,Media > Videos,,"Blu-Ray, Floor Sale, Formatted, Kids & Family",true,Genre,Kids & Family,,,,,,,,,0.0,shopify,1,deny,manual,6.00,,false,false,,,,,05998074,https://cdn.shopify.com/s/files/1/0671/0552/1726/files/yfzmfWGjcmyugH6FZ13WcsUGiNj.jpg?v=1788195015,1,Rise of the Guardians (2012) poster,false,,,,,,,kids-family,,,,,,,,,,,,lb,,,active
the-prince-bluray-floor-sale-action,The Prince,<p>A family man who turns out to be a retired mob enforcer must travel across the country to find his daughter who has gone missing.</p>,Blu-Ray,Media > Videos,,"Action, Blu-Ray, Floor Sale, Formatted",true,Genre,Action,,,,,,,,,0.0,shopify,1,deny,manual,6.00,,true,true,,,,,07374330,https://cdn.shopify.com/s/files/1/0671/0552/1726/files/22b2fmxhZveWSyWkgUz2y94fp3w.jpg?v=1788267254,1,The Prince (2014) poster,false,,,,,,,action,,,,,,,,,,,,lb,,,active
premium-rush-bluray-floor-sale-action,Premium Rush,"<p>In Manhattan, a bike messenger picks up an envelope that attracts the interest of a dirty cop, who pursues the cyclist throughout the city.</p>",Blu-Ray,Media > Videos,,"Action, Blu-Ray, Floor Sale, Formatted",true,Genre,Action,,,,,,,,,0.0,shopify,1,deny,manual,6.00,,false,false,,,,,07570938,https://cdn.shopify.com/s/files/1/0671/0552/1726/files/gHnGhJmE0LByOd4RS2mOASmUqQu.jpg?v=1788195015,1,Premium Rush (2012) poster,false,,,,,,,action,,,,,,,,,,,,lb,,,active
pulp-fiction-bluray-floor-sale-action,Pulp Fiction,"<p>A burger-loving hit man, his philosophical partner, a drug-addled gangster's moll and a washed-up boxer converge in this sprawling, comedic crime caper. Their adventures unfurl in three stories that ingeniously trip back and forth in time.</p>",Blu-Ray,Media > Videos,,"Action, Blu-Ray, Floor Sale, Formatted",true,Genre,Action,,,,,,,,,0.0,shopify,1,deny,manual,6.00,,false,false,,,,,07996922,https://cdn.shopify.com/s/files/1/0671/0552/1726/files/vQWk5YBFWF4bZaofAbv0tShwBvQ_11ad422e-d12e-4e55-b7b1-9418a4d82af5.jpg?v=1788195013,1,Pulp Fiction (1994) poster,false,,,,,,,action,,,,,,,,,,,,lb,,,active
richard-pryor-triple-feature-bluray-floor-sale-comedy,Richard Pryor Triple Feature,"<p>A triple feature pairing See No Evil, Hear No Evil, Stir Crazy, and The Toy, three comedies starring Richard Pryor.</p>",Blu-Ray,Media > Videos,,"Blu-Ray, Comedy, Floor Sale, Formatted",true,Genre,Comedy,,,,,,,,,0.0,shopify,1,deny,manual,8.00,,false,false,,,,,08717818,,,,false,,,,,,,comedy,,,,,,,,,,,,lb,,,active
a-quiet-place-4k-floor-sale-horror,A Quiet Place,<p>A family is forced to live in silence while hiding from creatures that hunt by sound.</p>,4K,Media > Videos,,"4K, Floor Sale, Formatted, Horror",true,Genre,Horror,,,,,,,,,0.0,shopify,1,deny,manual,16.00,,true,true,,,,,09143802,https://cdn.shopify.com/s/files/1/0671/0552/1726/files/nAU74GmpUk7t5iklEp3bufwDq4n.jpg?v=1788267254,1,A Quiet Place (2018) poster,false,,,,,,,horror,,,,,,,,,,,,lb,,,active
pearl-harbor-dvd-floor-sale-action,Pearl Harbor,"<p>The lifelong friendship between Rafe McCawley and Danny Walker is put to the ultimate test when the two ace fighter pilots become entangled in a love triangle with beautiful Naval nurse Evelyn Johnson. But the rivalry between the friends-turned-foes is immediately put on hold when they find themselves at the center of Japan's devastating attack on Pearl Harbor on Dec. 7, 1941.</p>",DVD,Media > Videos,,"Action, DVD, Floor Sale, Formatted",true,Genre,Action,,,,,,,,,0.0,shopify,1,deny,manual,7.00,,true,true,,,,,09405946,https://cdn.shopify.com/s/files/1/0671/0552/1726/files/y8A0Cvp8WQmZ3bjbnsL53lY0dsC.jpg?v=1788267254,1,Pearl Harbor (2001) poster,false,,,,,,,action,,,,,,,,,,,,lb,,,active
taladega-nights-dvd-floor-sale-comedy,Taladega Nights,<p>Talladega Nights: The Ballad of Ricky Bobby is a 2006 sports comedy starring Will Ferrell as a champion NASCAR driver whose life spirals after a humiliating defeat.</p>,DVD,Media > Videos,,"Comedy, DVD, Floor Sale, Formatted",true,Genre,Comedy,,,,,,,,,0.0,shopify,1,deny,manual,5.00,,false,false,,,,,09831930,https://cdn.shopify.com/s/files/1/0671/0552/1726/files/Talladega_nights.jpg?v=1788272162,1,Taladega Nights poster,false,,,,,,,comedy,,,,,,,,,,,,lb,,,active
solo-a-star-wars-story-bluray-floor-sale-sci-fi,Solo: A Star Wars Story,"<p>Through a series of daring escapades deep within a dark and dangerous criminal underworld, Han Solo meets his mighty future copilot Chewbacca and encounters the notorious gambler Lando Calrissian.</p>",Blu-Ray,Media > Videos,,"Blu-Ray, Floor Sale, Formatted, Sci-Fi",true,Genre,Sci-Fi,,,,,,,,,0.0,shopify,1,deny,manual,7.00,,false,false,,,,,10094074,https://cdn.shopify.com/s/files/1/0671/0552/1726/files/4oD6VEccFkorEBTEDXtpLAaz0Rl.jpg?v=1788195013,1,Solo: A Star Wars Story (2018) poster,false,,,,,,,sci-fi,,,,,,,,,,,,lb,,,active
rogue-one-a-star-wars-story-bluray-floor-sale-sci-fi,Rogue One: A Star Wars Story,<p>A rogue band of resistance fighters unite for a mission to steal the Death Star plans and bring a new hope to the galaxy.</p>,Blu-Ray,Media > Videos,,"Blu-Ray, Floor Sale, Formatted, Sci-Fi",true,Genre,Sci-Fi,,,,,,,,,0.0,shopify,1,deny,manual,7.00,,false,false,,,,,10520058,https://cdn.shopify.com/s/files/1/0671/0552/1726/files/i0yw1mFbB7sNGHCs7EXZPzFkdA1.jpg?v=1788195012,1,Rogue One: A Star Wars Story (2016) poster,false,,,,,,,sci-fi,,,,,,,,,,,,lb,,,active
thor-ragnarok-bluray-floor-sale-action,Thor Ragnarok,"<p>Thor is imprisoned on the other side of the universe and finds himself in a race against time to get back to Asgard to stop Ragnarok, the destruction of his home-world and the end of Asgardian civilization, at the hands of a powerful new threat, the ruthless Hela.</p>",Blu-Ray,Media > Videos,,"Action, Blu-Ray, Floor Sale, Formatted",true,Genre,Action,,,,,,,,,0.0,shopify,1,deny,manual,7.00,,false,false,,,,,11437562,https://cdn.shopify.com/s/files/1/0671/0552/1726/files/rzRwTcFvttcN1ZpX2xv4j3tSdJu.jpg?v=1788195012,1,Thor Ragnarok (2017) poster,false,,,,,,,action,,,,,,,,,,,,lb,,,active
thor-bluray-floor-sale-action,Thor,"<p>Against his father Odin's will, The Mighty Thor - a powerful but arrogant warrior god - recklessly reignites an ancient war. Thor is cast down to Earth and forced to live among humans as punishment. Once here, Thor learns what it takes to be a true hero when the most dangerous villain of his world sends the darkest forces of Asgard to invade Earth.</p>",Blu-Ray,Media > Videos,,"Action, Blu-Ray, Floor Sale, Formatted",true,Genre,Action,,,,,,,,,0.0,shopify,1,deny,manual,7.00,,true,true,,,,,11929082,https://cdn.shopify.com/s/files/1/0671/0552/1726/files/prSfAi1xGrhLQNxVSUFh61xQ4Qy_0b4ac01a-3702-402d-9558-85f866892316.jpg?v=1788267253,1,Thor (2011) poster,false,,,,,,,action,,,,,,,,,,,,lb,,,active
repo-men-bluray-floor-sale-action,Repo Men,"<p>In the future, medical technology has advanced to the point where people can buy artificial organs to extend their lives. But if they default on payments, an organization known as the Union sends agents to repossess the organs. Remy is one of the best agents in the business, but when he becomes the recipient of an artificial heart, he finds himself in the same dire straits as his many victims.</p>",Blu-Ray,Media > Videos,,"Action, Blu-Ray, Floor Sale, Formatted",true,Genre,Action,,,,,,,,,0.0,shopify,1,deny,manual,7.00,,false,false,,,,,12223994,https://cdn.shopify.com/s/files/1/0671/0552/1726/files/1ZA5kEKuA6HgbyzZXXlyU4piNI.jpg?v=1788195011,1,Repo Men (2010) poster,false,,,,,,,action,,,,,,,,,,,,lb,,,active
the-princess-and-the-frog-bluray-floor-sale-kids-family,The Princess and the Frog,"<p>A waitress, desperate to fulfill her dreams as a restaurant owner, is set on a journey to turn a frog prince back into a human being, but she has to face the same problem after she kisses him.</p>",Blu-Ray,Media > Videos,,"Blu-Ray, Floor Sale, Formatted, Kids & Family",true,Genre,Kids & Family,,,,,,,,,0.0,shopify,1,deny,manual,7.00,,false,false,,,,,12781050,https://cdn.shopify.com/s/files/1/0671/0552/1726/files/yprv5PbnEksoVj2v6XEnDBg9joR.jpg?v=1788195011,1,The Princess and the Frog (2009) poster,false,,,,,,,kids-family,,,,,,,,,,,,lb,,,active
the-princess-diaries-2-movie-collection-bluray-floor-sale-kids-family,The Princess Diaries - 2 Movie Collection,"<p>A collection pairing The Princess Diaries (2001) and its sequel The Princess Diaries 2: Royal Engagement (2004), starring Anne Hathaway.</p>",Blu-Ray,Media > Videos,,"Blu-Ray, Floor Sale, Formatted, Kids & Family",true,Genre,Kids & Family,,,,,,,,,0.0,shopify,1,deny,manual,8.00,,false,false,,,,,13043194,https://cdn.shopify.com/s/files/1/0671/0552/1726/files/51l1z46nB4L.jpg?v=1788272161,1,The Princess Diaries - 2 Movie Collection poster,false,,,,,,,kids-family,,,,,,,,,,,,lb,,,active
taken-2-bluray-floor-sale-action,Taken 2,"<p>In Istanbul, retired CIA operative Bryan Mills and his wife are taken hostage by the father of a kidnapper Mills killed while rescuing his daughter.</p>",Blu-Ray,Media > Videos,,"Action, Blu-Ray, Floor Sale, Formatted",true,Genre,Action,,,,,,,,,0.0,shopify,1,deny,manual,6.00,,false,false,,,,,40297210,https://cdn.shopify.com/s/files/1/0671/0552/1726/files/yzAlcuJhpnxRPjaj7AHBRbNPQCJ.jpg?v=1788195010,1,Taken 2 (2012) poster,false,,,,,,,action,,,,,,,,,,,,lb,,,active
prometheus-bluray-floor-sale-sci-fi,Prometheus,"<p>A team of explorers discover a clue to the origins of mankind on Earth, leading them on a journey to the darkest corners of the universe. There, they must fight a terrifying battle to save the future of the human race.</p>",Blu-Ray,Media > Videos,,"Blu-Ray, Floor Sale, Formatted, Sci-Fi",true,Genre,Sci-Fi,,,,,,,,,0.0,shopify,1,deny,manual,7.00,,true,true,,,,,41050874,https://cdn.shopify.com/s/files/1/0671/0552/1726/files/qsYQflQhOuhDpQ0W2aOcwqgDAeI.jpg?v=1788267253,1,Prometheus (2012) poster,false,,,,,,,sci-fi,,,,,,,,,,,,lb,,,active
riddick-trilogy-dvd-floor-sale-sci-fi,Riddick Trilogy,"<p>The Riddick Trilogy collects Pitch Black (2000), The Chronicles of Riddick: Dark Fury (2004), and The Chronicles of Riddick (2004), starring Vin Diesel.</p>",DVD,Media > Videos,,"DVD, Floor Sale, Formatted, Sci-Fi",true,Genre,Sci-Fi,,,,,,,,,0.0,shopify,1,deny,manual,8.00,,false,false,,,,,41575162,https://cdn.shopify.com/s/files/1/0671/0552/1726/files/711OxjssaUL._SX466.jpg?v=1788272160,1,Riddick Trilogy poster,false,,,,,,,sci-fi,,,,,,,,,,,,lb,,,active
resident-evil-afterlife-bluray-floor-sale-action,Resident Evil: Afterlife,"<p>In a world ravaged by a virus infection, turning its victims into the Undead, Alice continues on her journey to find survivors and lead them to safety. Her deadly battle with the Umbrella Corporation reaches new heights, but Alice gets some unexpected help from an old friend. A new lead that promises a safe haven from the Undead takes them to Los Angeles, but when they arrive the city is overrun by thousands of Undead - and Alice and her comrades are about to step into a deadly trap.</p>",Blu-Ray,Media > Videos,,"Action, Blu-Ray, Floor Sale, Formatted",true,Genre,Action,,,,,,,,,0.0,shopify,1,deny,manual,7.00,,false,false,,,,,42033914,https://cdn.shopify.com/s/files/1/0671/0552/1726/files/qZHDnt8bnsD2cSJfIbjWbCkIq3G.jpg?v=1788195009,1,Resident Evil: Afterlife (2010) poster,false,,,,,,,action,,,,,,,,,,,,lb,,,active
ready-player-one-4k-floor-sale-sci-fi,Ready Player One,"<p>When the creator of a popular video game system dies, a virtual contest is created to compete for his fortune.</p>",4K,Media > Videos,,"4K, Floor Sale, Formatted, Sci-Fi",true,Genre,Sci-Fi,,,,,,,,,0.0,shopify,1,deny,manual,14.00,,false,false,,,,,43377402,https://cdn.shopify.com/s/files/1/0671/0552/1726/files/pU1ULUq8D3iRxl1fdX2lZIzdHuI.jpg?v=1788195008,1,Ready Player One (2018) poster,false,,,,,,,sci-fi,,,,,,,,,,,,lb,,,active
petes-dragon-2016-bluray-floor-sale-kids-family,Pete's Dragon (2016),"<p>For years, old wood carver Mr. Meacham has delighted local children with his tales of the fierce dragon that resides deep in the woods of the Pacific Northwest. To his daughter, Grace, who works as a forest ranger, these stories are little more than tall tales... until she meets Pete, a mysterious 10-year-old with no family and no home who claims to live in the woods with a giant, green dragon named Elliott. And from Pete's descriptions, Elliott seems remarkably similar to the dragon from Mr. Meacham's stories. With the help of Natalie, an 11-year-old girl whose father Jack owns the local lumber mill, Grace sets out to determine where Pete came from, where he belongs, and the truth about this dragon.</p>",Blu-Ray,Media > Videos,,"Blu-Ray, Floor Sale, Formatted, Kids & Family",true,Genre,Kids & Family,,,,,,,,,0.0,shopify,1,deny,manual,7.00,,false,false,,,,,43868922,https://cdn.shopify.com/s/files/1/0671/0552/1726/files/A9x4Ogk8KUXTfU649NS6lS9TCmu.jpg?v=1788195008,1,Pete's Dragon (2016) poster,false,,,,,,,kids-family,,,,,,,,,,,,lb,,,active
real-steel-bluray-floor-sale-sci-fi,Real Steel,"<p>Charlie Kenton is a washed-up fighter who retired from the ring when robots took over the sport. After his robot is trashed, he reluctantly teams up with his estranged son to rebuild and train an unlikely contender.</p>",Blu-Ray,Media > Videos,,"Blu-Ray, Floor Sale, Formatted, Sci-Fi",true,Genre,Sci-Fi,,,,,,,,,0.0,shopify,1,deny,manual,7.00,,false,false,,,,,44425978,https://cdn.shopify.com/s/files/1/0671/0552/1726/files/4GIeI5K5YdDUkR3mNQBoScpSFEf.jpg?v=1788195007,1,Real Steel (2011) poster,false,,,,,,,sci-fi,,,,,,,,,,,,lb,,,active
a-time-to-kill-dvd-floor-sale-drama,A Time to Kill,"<p>A young lawyer defends a black man accused of murdering two white men who raped his 10-year-old daughter, sparking a rebirth of the KKK.</p>",DVD,Media > Videos,,"Drama, DVD, Floor Sale, Formatted",true,Genre,Drama,,,,,,,,,0.0,shopify,1,deny,manual,5.00,,true,true,,,,,44688122,https://cdn.shopify.com/s/files/1/0671/0552/1726/files/w8UCke112E9jrhjKcwG32kyhTx5.jpg?v=1788267253,1,A Time to Kill (1996) poster,false,,,,,,,drama,,,,,,,,,,,,lb,,,active
stir-of-echoes-bluray-floor-sale-horror,Stir of Echoes,"<p>After being hypnotized by his sister-in-law, Tom Witzky begins seeing haunting visions of a girl's ghost and a mystery begins to unfold around her.</p>",Blu-Ray,Media > Videos,,"Blu-Ray, Floor Sale, Formatted, Horror",true,Genre,Horror,,,,,,,,,0.0,shopify,1,deny,manual,7.00,,false,false,,,,,44950266,https://cdn.shopify.com/s/files/1/0671/0552/1726/files/9CyJ5aYF27cITX1WSUTENeP4wBE_e62ffd2a-8992-4f85-a855-3697d670954b.jpg?v=1788195006,1,Stir of Echoes (1999) poster,false,,,,,,,horror,,,,,,,,,,,,lb,,,active
tangled-bluray-floor-sale-kids-family,Tangled,"<p>Feisty teenager Rapunzel, who has long and magical hair, wants to go and see sky lanterns on her eighteenth birthday, but she's bound to a tower by her overprotective mother. She strikes a deal with Flynn Rider, a charming wanted thief, and the duo set off on an action-packed escapade.</p>",Blu-Ray,Media > Videos,,"Blu-Ray, Floor Sale, Formatted, Kids & Family",true,Genre,Kids & Family,,,,,,,,,0.0,shopify,1,deny,manual,7.00,,true,true,,,,,45540090,https://cdn.shopify.com/s/files/1/0671/0552/1726/files/ym7Kst6a4uodryxqbGOxmewF235.jpg?v=1788267252,1,Tangled (2010) poster,false,,,,,,,kids-family,,,,,,,,,,,,lb,,,active
speed-racer-dvd-floor-sale-action,Speed Racer,"<p>Speed Racer is a young and brilliant racing driver. When corruption in the racing leagues costs his brother his life, Speed must team up with the police and the mysterious Racer X to bring an end to the corruption and criminal activities.</p>",DVD,Media > Videos,,"Action, DVD, Floor Sale, Formatted",true,Genre,Action,,,,,,,,,0.0,shopify,1,deny,manual,5.00,,false,false,,,,,46523130,https://cdn.shopify.com/s/files/1/0671/0552/1726/files/rVNpkV6ksY1hqjkun1WCTxqyK9v.jpg?v=1788195006,1,Speed Racer (2008) poster,false,,,,,,,action,,,,,,,,,,,,lb,,,active
rango-dvd-floor-sale-kids-family,Rango,"<p>When Rango, a lost family pet, accidentally winds up in the gritty, gun-slinging Western town of Dirt, the theater-loving lizard suddenly finds himself the newly appointed sheriff. Welcomed as the last hope the town has been waiting for, Rango is forced to play his new role to the hilt and uncover the truth behind a looming water crisis—before his act catches up with him.</p>",DVD,Media > Videos,,"DVD, Floor Sale, Formatted, Kids & Family",true,Genre,Kids & Family,,,,,,,,,0.0,shopify,1,deny,manual,5.00,,true,true,,,,,46785274,https://cdn.shopify.com/s/files/1/0671/0552/1726/files/A5MP1guV8pbruieG0tnpPIbaJtt.jpg?v=1788267252,1,Rango (2011) poster,false,,,,,,,kids-family,,,,,,,,,,,,lb,,,active
star-wars-the-force-awakens-bluray-floor-sale-sci-fi,Star Wars The Force Awakens,"<p>Thirty years after defeating the Galactic Empire, Han Solo and his allies face a new threat from the evil Kylo Ren and his army of Stormtroopers.</p>",Blu-Ray,Media > Videos,,"Blu-Ray, Floor Sale, Formatted, Sci-Fi",true,Genre,Sci-Fi,,,,,,,,,0.0,shopify,1,deny,manual,8.00,,false,false,,,,,25141498,https://cdn.shopify.com/s/files/1/0671/0552/1726/files/wqnLdwVXoBjKibFRR5U3y0aDUhs_501895fc-9584-4937-b8b2-ba03c158ad28.jpg?v=1788195005,1,Star Wars The Force Awakens (2015) poster,false,,,,,,,sci-fi,,,,,,,,,,,,lb,,,active
django-unchained-dvd-floor-sale-action,Django Unchained,"<p>With the help of a German bounty hunter, a freed slave sets out to rescue his wife from a brutal Mississippi plantation owner.</p>",DVD,Media > Videos,,"Action, DVD, Floor Sale, Formatted",true,Genre,Action,,,,,,,,,0.0,shopify,1,deny,manual,5.00,,false,false,,,,,25174266,https://cdn.shopify.com/s/files/1/0671/0552/1726/files/7oWY8VDWW7thTzWh3OKYRkWUlD5.jpg?v=1788195005,1,Django Unchained (2012) poster,false,,,,,,,action,,,,,,,,,,,,lb,,,active
the-mummy-2017-bluray-floor-sale-action,The Mummy (2017),"<p>Though safely entombed in a crypt deep beneath the unforgiving desert, an ancient queen whose destiny was unjustly taken from her is awakened in our current day, bringing with her malevolence grown over millennia, and terrors that defy human comprehension.</p>",Blu-Ray,Media > Videos,,"Action, Blu-Ray, Floor Sale, Formatted",true,Genre,Action,,,,,,,,,0.0,shopify,1,deny,manual,6.00,,false,false,,,,,25436410,https://cdn.shopify.com/s/files/1/0671/0552/1726/files/zxkY8byBnCsXodEYpK8tmwEGXBI.jpg?v=1788195004,1,The Mummy (2017) poster,false,,,,,,,action,,,,,,,,,,,,lb,,,active
ted-bluray-floor-sale-comedy,Ted,"<p>John Bennett, a man whose childhood wish of bringing his teddy bear to life came true, now must decide between keeping the relationship with the bear or his girlfriend, Lori.</p>",Blu-Ray,Media > Videos,,"Blu-Ray, Comedy, Floor Sale, Formatted",true,Genre,Comedy,,,,,,,,,0.0,shopify,1,deny,manual,6.00,,true,true,,,,,25731322,https://cdn.shopify.com/s/files/1/0671/0552/1726/files/1QVZXQQHCEIj8lyUhdBYd2qOYtq.jpg?v=1788267251,1,Ted (2012) poster,false,,,,,,,comedy,,,,,,,,,,,,lb,,,active
the-sound-of-music-bluray-floor-sale-musical,The Sound of Music,"<p>In the years before World War II, a tomboyish postulant at an Austrian abbey is hired as a governess in the home of a widowed naval captain with seven children and brings a new love of life and music into the home.</p>",Blu-Ray,Media > Videos,,"Blu-Ray, Floor Sale, Formatted, Musical",true,Genre,Musical,,,,,,,,,0.0,shopify,1,deny,manual,6.00,,true,true,,,,,25796858,https://cdn.shopify.com/s/files/1/0671/0552/1726/files/c6CrUZypAsBCaRWX0M3RVRDbhNS.jpg?v=1788267251,1,The Sound of Music (1965) poster,false,,,,,,,musical,,,,,,,,,,,,lb,,,active
source-code-bluray-floor-sale-sci-fi,Source Code,"<p>When decorated soldier Captain Colter Stevens wakes up in the body of an unknown man, he discovers he's part of a mission to find the bomber of a Chicago commuter train.</p>",Blu-Ray,Media > Videos,,"Blu-Ray, Floor Sale, Formatted, Sci-Fi",true,Genre,Sci-Fi,,,,,,,,,0.0,shopify,1,deny,manual,6.00,,false,false,,,,,26059002,https://cdn.shopify.com/s/files/1/0671/0552/1726/files/nTr0lvAzeQmUjgSgDEHTJpnrxTz.jpg?v=1788195003,1,Source Code (2011) poster,false,,,,,,,sci-fi,,,,,,,,,,,,lb,,,active
spaceballs-bluray-floor-sale-comedy,Spaceballs,"<p>When the nefarious Dark Helmet hatches a plan to snatch Princess Vespa and steal her planet's air, space-bum-for-hire Lone Starr and his clueless sidekick fly to the rescue. Along the way, they meet Yogurt, who puts Lone Starr wise to the power of ""The Schwartz."" Can he master it in time to save the day?</p>",Blu-Ray,Media > Videos,,"Blu-Ray, Comedy, Floor Sale, Formatted",true,Genre,Comedy,,,,,,,,,0.0,shopify,1,deny,manual,6.00,,false,false,,,,,26321146,https://cdn.shopify.com/s/files/1/0671/0552/1726/files/kNbaxEsnCyWBTfANVPHayujBsxp_a0774111-5868-47ae-8e26-d2d6f31e4f45.jpg?v=1788195003,1,Spaceballs (1987) poster,false,,,,,,,comedy,,,,,,,,,,,,lb,,,active
star-trek-the-wrath-of-khan-dvd-floor-sale-sci-fi,Star Trek The Wrath of Khan,"<p>The starship Enterprise and its crew is pulled back into action when old nemesis, Khan, steals a top secret device called Project Genesis.</p>",DVD,Media > Videos,,"DVD, Floor Sale, Formatted, Sci-Fi",true,Genre,Sci-Fi,,,,,,,,,0.0,shopify,1,deny,manual,4.00,,false,false,,,,,26583290,https://cdn.shopify.com/s/files/1/0671/0552/1726/files/uPyLsKl8Z0LOoxeaFXsY5MxhR5s_5fa6123b-4cb3-42bb-a507-2bb28ca7c8ea.jpg?v=1788195002,1,Star Trek The Wrath of Khan (1982) poster,false,,,,,,,sci-fi,,,,,,,,,,,,lb,,,active
star-trek-first-contact-dvd-floor-sale-sci-fi,Star Trek First Contact,"<p>The Borg, a relentless race of cyborgs, are on a direct course for Earth. Violating orders to stay away from the battle, Captain Picard and the crew of the newly-commissioned USS Enterprise E pursue the Borg back in time to prevent the invaders from changing Federation history and assimilating the galaxy.</p>",DVD,Media > Videos,,"DVD, Floor Sale, Formatted, Sci-Fi",true,Genre,Sci-Fi,,,,,,,,,0.0,shopify,1,deny,manual,4.00,,false,false,,,,,26616058,https://cdn.shopify.com/s/files/1/0671/0552/1726/files/iqhHe893Vcf07jNkNQ31tu85dKG_1882e54a-6059-41a2-b7d9-213505088db3.jpg?v=1788195001,1,Star Trek First Contact (1996) poster,false,,,,,,,sci-fi,,,,,,,,,,,,lb,,,active
the-sorcerer-and-the-white-snake-bluray-floor-sale-action,The Sorcerer and the White Snake,<p>The Sorcerer and the White Snake is an ancient Chinese fable about a woman demon who falls in love with a mortal is brought to life through the latest advances in CGI and action techniques.</p>,Blu-Ray,Media > Videos,,"Action, Blu-Ray, Floor Sale, Formatted",true,Genre,Action,,,,,,,,,0.0,shopify,1,deny,manual,6.00,,false,false,,,,,26878202,https://cdn.shopify.com/s/files/1/0671/0552/1726/files/5Jfv3CtMULd41C5jpLR8PGAMgE3.jpg?v=1788195001,1,The Sorcerer and the White Snake (2011) poster,false,,,,,,,action,,,,,,,,,,,,lb,,,active
star-trek-5-the-final-frontier-dvd-floor-sale-sci-fi,Star Trek 5: The Final Frontier,<p>A renegade Vulcan with a startling secret hijacks the U.S.S. Enterprise in order to find a mythical planet.</p>,DVD,Media > Videos,,"DVD, Floor Sale, Formatted, Sci-Fi",true,Genre,Sci-Fi,,,,,,,,,0.0,shopify,1,deny,manual,4.00,,false,false,,,,,26976506,https://cdn.shopify.com/s/files/1/0671/0552/1726/files/uiXr41VLYsuug3CZbFrKLSNahuZ.jpg?v=1788195000,1,Star Trek 5: The Final Frontier (1989) poster,false,,,,,,,sci-fi,,,,,,,,,,,,lb,,,active
pans-labyrinth-dvd-floor-sale-foreign,Pan's Labyrinth,"<p>In post–civil war Spain, 10-year-old Ofelia moves with her pregnant mother to live under the control of her cruel stepfather. Drawn into a mysterious labyrinth, she meets a faun who reveals that she may be a lost princess from an underground kingdom. To return to her true father, she must complete a series of surreal and perilous tasks that blur the line between reality and fantasy.</p>",DVD,Media > Videos,,"DVD, Floor Sale, Foreign, Formatted",true,Genre,Foreign,,,,,,,,,0.0,shopify,1,deny,manual,5.00,,false,false,,,,,27533562,https://cdn.shopify.com/s/files/1/0671/0552/1726/files/z7xXihu5wHuSMWymq5VAulPVuvg.jpg?v=1788194999,1,Pan's Labyrinth (2006) poster,false,,,,,,,foreign,,,,,,,,,,,,lb,,,active
the-terminator-dvd-floor-sale-sci-fi,The Terminator,"<p>In the post-apocalyptic future, reigning tyrannical supercomputers teleport a cyborg assassin known as the ""Terminator"" back to 1984 to kill Sarah Connor, whose unborn son is destined to lead insurgents against 21st century mechanical hegemony. Meanwhile, the human-resistance movement dispatches a lone warrior to safeguard Sarah. Can he stop the virtually indestructible killing machine?</p>",DVD,Media > Videos,,"DVD, Floor Sale, Formatted, Sci-Fi",true,Genre,Sci-Fi,,,,,,,,,0.0,shopify,1,deny,manual,5.00,,true,true,,,,,27599098,https://cdn.shopify.com/s/files/1/0671/0552/1726/files/qvktm0BHcnmDpul4Hz01GIazWPr_25da3e92-beb5-4b52-ae2a-e87c2522d83c.jpg?v=1788267251,1,The Terminator (1984) poster,false,,,,,,,sci-fi,,,,,,,,,,,,lb,,,active
red-2-bluray-floor-sale-action,Red 2,<p>Retired C.I.A. agent Frank Moses reunites his unlikely team of elite operatives for a global quest to track down a missing portable nuclear device.</p>,Blu-Ray,Media > Videos,,"Action, Blu-Ray, Floor Sale, Formatted",true,Genre,Action,,,,,,,,,0.0,shopify,1,deny,manual,6.00,,false,false,,,,,27894010,https://cdn.shopify.com/s/files/1/0671/0552/1726/files/tbksijr6g340yFWRgI4JfwrtM9h.jpg?v=1788194998,1,Red 2 (2013) poster,false,,,,,,,action,,,,,,,,,,,,lb,,,active
rise-of-the-planet-of-the-apes-dvd-floor-sale-sci-fi,Rise of the Planet of the Apes,"<p>A highly intelligent chimpanzee named Caesar has been living a peaceful suburban life ever since he was born. But when he gets taken to a cruel primate facility, Caesar decides to revolt against those who have harmed him.</p>",DVD,Media > Videos,,"DVD, Floor Sale, Formatted, Sci-Fi",true,Genre,Sci-Fi,,,,,,,,,0.0,shopify,1,deny,manual,5.00,,false,false,,,,,28188922,https://cdn.shopify.com/s/files/1/0671/0552/1726/files/oqA45qMyyo1TtrnVEBKxqmTPhbN.jpg?v=1788194998,1,Rise of the Planet of the Apes (2011) poster,false,,,,,,,sci-fi,,,,,,,,,,,,lb,,,active
safe-bluray-floor-sale-action,Safe,"<p>After a former elite agent rescues a 12-year-old Chinese girl who's been abducted, they find themselves in the middle of a standoff between Triads, the Russian Mafia and high-level corrupt New York City politicians and police.</p>",Blu-Ray,Media > Videos,,"Action, Blu-Ray, Floor Sale, Formatted",true,Genre,Action,,,,,,,,,0.0,shopify,1,deny,manual,6.00,,true,true,,,,,68435962,https://cdn.shopify.com/s/files/1/0671/0552/1726/files/kOCpkoMUVae9UIf85gO71SyjLbW.jpg?v=1788267250,1,Safe (2012) poster,false,,,,,,,action,,,,,,,,,,,,lb,,,active
taken-dvd-floor-sale-action,Taken,"<p>Bryan Mills, a former government operative, is trying to reconnect with his teenage daughter Kim. After reluctantly agreeing with his ex-wife to let Kim go to Paris on vacation with a friend, his worst nightmare comes true. While on the phone with his daughter shortly after she arrives in Paris, she and her friend are abducted by a gang of human traffickers. Working against the clock, Bryan relies on his extensive training and skills to track down the ruthless gang that abducted her and launch a one-man war to rescue his daughter.</p>",DVD,Media > Videos,,"Action, DVD, Floor Sale, Formatted",true,Genre,Action,,,,,,,,,0.0,shopify,1,deny,manual,4.00,,true,true,,,,,68796410,https://cdn.shopify.com/s/files/1/0671/0552/1726/files/ognkaUSNgJe1a2pjB4UNdzEo5jT_0c969039-5d16-4f35-80b4-f83953fa10b5.jpg?v=1788267249,1,Taken (2008) poster,false,,,,,,,action,,,,,,,,,,,,lb,,,active
paranormal-activity-the-ghost-dimension-bluray-floor-sale-horror,Paranormal Activity: The Ghost Dimension,"<p>Using a special camera that can see spirits, a family must protect their daughter from an evil entity with a sinister plan.</p>",Blu-Ray,Media > Videos,,"Blu-Ray, Floor Sale, Formatted, Horror",true,Genre,Horror,,,,,,,,,0.0,shopify,1,deny,manual,6.00,,false,false,,,,,69320698,https://cdn.shopify.com/s/files/1/0671/0552/1726/files/1YpFQ2MQKzlDoa8diLWkapdRI8t.jpg?v=1788194997,1,Paranormal Activity: The Ghost Dimension (2015) poster,false,,,,,,,horror,,,,,,,,,,,,lb,,,active
parker-bluray-floor-sale-action,Parker,"<p>A thief with a unique code of professional ethics is double-crossed by his crew and left for dead. Assuming a new disguise and forming an unlikely alliance with a woman on the inside, he looks to hijack the score of the crew's latest heist.</p>",Blu-Ray,Media > Videos,,"Action, Blu-Ray, Floor Sale, Formatted",true,Genre,Action,,,,,,,,,0.0,shopify,1,deny,manual,5.00,,true,true,,,,,69386234,https://cdn.shopify.com/s/files/1/0671/0552/1726/files/u1cl4RsdqMjolVVsHwiLRPN1CT2.jpg?v=1788267249,1,Parker (2013) poster,false,,,,,,,action,,,,,,,,,,,,lb,,,active
reality-bites-bluray-floor-sale-comedy,Reality Bites,"<p>A small circle of friends suffering from post-collegiate blues must confront the hard truth about life, love and the pursuit of gainful employment. As they struggle to map out survival guides for the future, the Gen-X quartet soon begins to realize that reality isn't all it's cracked up to be.</p>",Blu-Ray,Media > Videos,,"Blu-Ray, Comedy, Floor Sale, Formatted",true,Genre,Comedy,,,,,,,,,0.0,shopify,1,deny,manual,6.00,,false,false,,,,,69713914,https://cdn.shopify.com/s/files/1/0671/0552/1726/files/qGDhodtpkpxkrFqokenGNJlzt6w.jpg?v=1788194997,1,Reality Bites (1994) poster,false,,,,,,,comedy,,,,,,,,,,,,lb,,,active
spirited-away-bluray-floor-sale-kids-family,Spirited Away,"<p>A young girl, Chihiro, becomes trapped in a strange new world of spirits. When her parents undergo a mysterious transformation, she must call upon the courage she never knew she had to free her family.</p>",Blu-Ray,Media > Videos,,"Blu-Ray, Floor Sale, Formatted, Kids & Family",true,Genre,Kids & Family,,,,,,,,,0.0,shopify,1,deny,manual,10.00,,false,false,,,,,69746682,https://cdn.shopify.com/s/files/1/0671/0552/1726/files/39wmItIWsg5sZMyRUHLkWBcuVCM.jpg?v=1788194996,1,Spirited Away (2001) poster,false,,,,,,,kids-family,,,,,,,,,,,,lb,,,active
spider-man-homecoming-bluray-floor-sale-action,Spider-Man: Homecoming,"<p>Following the events of Captain America: Civil War, Peter Parker, with the help of his mentor Tony Stark, tries to balance his life as an ordinary high school student in Queens, New York City, with fighting crime as his superhero alter ego Spider-Man as a new threat, the Vulture, emerges.</p>",Blu-Ray,Media > Videos,,"Action, Blu-Ray, Floor Sale, Formatted",true,Genre,Action,,,,,,,,,0.0,shopify,1,deny,manual,6.00,,false,false,,,,,70074362,https://cdn.shopify.com/s/files/1/0671/0552/1726/files/c24sv2weTHPsmDa7jEMN0m2P3RT_433ca6cb-1079-40de-947d-8ef866ccc5a3.jpg?v=1788194995,1,Spider-Man: Homecoming (2017) poster,false,,,,,,,action,,,,,,,,,,,,lb,,,active
resident-evil-dvd-floor-sale-action,Resident Evil,"<p>When a virus leaks from a top-secret facility, turning all resident researchers into ravenous zombies and their lab animals into mutated hounds from hell, the government sends in an elite military task force to contain the outbreak.</p>",DVD,Media > Videos,,"Action, DVD, Floor Sale, Formatted",true,Genre,Action,,,,,,,,,0.0,shopify,1,deny,manual,5.00,,true,true,,,,,70369274,https://cdn.shopify.com/s/files/1/0671/0552/1726/files/1UKNef590A0ZaMnxsscIcWuK1Em.jpg?v=1788267249,1,Resident Evil (2002) poster,false,,,,,,,action,,,,,,,,,,,,lb,,,active
the-notebook-dvd-floor-sale-drama,The Notebook,"<p>An epic love story centered around an older man who reads aloud to a woman with Alzheimer's. From a faded notebook, the old man's words bring to life the story about a couple who is separated by World War II, and is then passionately reunited, seven years later, after they have taken different paths.</p>",DVD,Media > Videos,,"Drama, DVD, Floor Sale, Formatted",true,Genre,Drama,,,,,,,,,0.0,shopify,1,deny,manual,5.00,,true,true,,,,,70434810,https://cdn.shopify.com/s/files/1/0671/0552/1726/files/rNzQyW4f8B8cQeg7Dgj3n6eT5k9.jpg?v=1788267249,1,The Notebook (2004) poster,false,,,,,,,drama,,,,,,,,,,,,lb,,,active
no-strings-attached-bluray-floor-sale-romantic-comedy,No Strings Attached,"<p>Emma is a busy doctor who sets up a seemingly perfect arrangement when she offers her best friend Adam a relationship with one rule: No strings attached. But when a fling becomes a thing, can sex friends stay best friends?</p>",Blu-Ray,Media > Videos,,"Blu-Ray, Floor Sale, Formatted, Romantic Comedy",true,Genre,Romantic Comedy,,,,,,,,,0.0,shopify,1,deny,manual,6.00,,true,true,,,,,70762490,https://cdn.shopify.com/s/files/1/0671/0552/1726/files/9C09L1U9S13J4Ut029Qhu0oLcTQ.jpg?v=1788267248,1,No Strings Attached (2011) poster,false,,,,,,,romantic-comedy,,,,,,,,,,,,lb,,,active
safe-house-dvd-floor-sale-action,Safe House,"<p>A dangerous CIA renegade resurfaces after a decade on the run. When the safe house he's remanded to is attacked by mercenaries, a rookie operative escapes with him. Now, the unlikely allies must stay alive long enough to uncover who wants them dead.</p>",DVD,Media > Videos,,"Action, DVD, Floor Sale, Formatted",true,Genre,Action,,,,,,,,,0.0,shopify,1,deny,manual,5.00,,true,true,,,,,71155706,https://cdn.shopify.com/s/files/1/0671/0552/1726/files/7SYBPjv5ywF6cI4BSFFtlDyChT2.jpg?v=1788267248,1,Safe House (2012) poster,false,,,,,,,action,,,,,,,,,,,,lb,,,active
the-prestige-bluray-floor-sale-drama,The Prestige,"<p>A mysterious story of two magicians whose intense rivalry leads them on a life-long battle for supremacy -- full of obsession, deceit and jealousy with dangerous and deadly consequences.</p>",Blu-Ray,Media > Videos,,"Blu-Ray, Drama, Floor Sale, Formatted",true,Genre,Drama,,,,,,,,,0.0,shopify,1,deny,manual,7.00,,false,false,,,,,71188474,https://cdn.shopify.com/s/files/1/0671/0552/1726/files/Ag2B2KHKQPukjH7WutmgnnSNurZ.jpg?v=1788194995,1,The Prestige (2006) poster,false,,,,,,,drama,,,,,,,,,,,,lb,,,active
predator-dvd-floor-sale-sci-fi,Predator,<p>A team of elite commandos on a secret mission in a Central American jungle come to find themselves hunted by an extraterrestrial warrior.</p>,DVD,Media > Videos,,"DVD, Floor Sale, Formatted, Sci-Fi",true,Genre,Sci-Fi,,,,,,,,,0.0,shopify,1,deny,manual,6.00,,true,true,,,,,71483386,https://cdn.shopify.com/s/files/1/0671/0552/1726/files/k3mW4qfJo6SKqe6laRyNGnbB9n5_c6eb1adb-c836-45cc-bdfd-e9d4ef2eb5b1.jpg?v=1788267248,1,Predator (1987) poster,false,,,,,,,sci-fi,,,,,,,,,,,,lb,,,active
the-chronicles-of-narnia-prince-caspian-bluray-floor-sale-kids-family,The Chronicles of Narnia: Prince Caspian,"<p>One year after their incredible adventures in the Lion, the Witch and the Wardrobe, Peter, Edmund, Lucy and Susan Pevensie return to Narnia to aid a young prince whose life has been threatened by the evil King Miraz. Now, with the help of a colorful cast of new characters, including Trufflehunter the badger and Nikabrik the dwarf, the Pevensie clan embarks on an incredible quest to ensure that Narnia is returned to its rightful heir.</p>",Blu-Ray,Media > Videos,,"Blu-Ray, Floor Sale, Formatted, Kids & Family",true,Genre,Kids & Family,,,,,,,,,0.0,shopify,1,deny,manual,6.00,,false,false,,,,,71679994,https://cdn.shopify.com/s/files/1/0671/0552/1726/files/qxz3WIyjZiSKUhaTIEJ3c1GcC9z_adac2ba9-b7b8-4afb-8d36-f60d7d7e3137.jpg?v=1788194995,1,The Chronicles of Narnia: Prince Caspian (2008) poster,false,,,,,,,kids-family,,,,,,,,,,,,lb,,,active
the-chronicles-of-narnia-the-voyage-of-the-dawn-treader-bluray-floor-sale-kids-family,The Chronicles of Narnia: The Voyage of the Dawn Treader,"<p>This time around Edmund and Lucy Pevensie, along with their pesky cousin Eustace Scrubb find themselves swallowed into a painting and on to a fantastic Narnian ship headed for the very edges of the world.</p>",Blu-Ray,Media > Videos,,"Blu-Ray, Floor Sale, Formatted, Kids & Family",true,Genre,Kids & Family,,,,,,,,,0.0,shopify,1,deny,manual,8.00,,false,false,,,,,71876602,https://cdn.shopify.com/s/files/1/0671/0552/1726/files/pP27zlm9yeKrCeDZLFLP2HKELot_453d68d1-dc2f-4472-9dc9-647123fe6d12.jpg?v=1788194993,1,The Chronicles of Narnia: The Voyage of the Dawn Treader (2010) poster,false,,,,,,,kids-family,,,,,,,,,,,,lb,,,active
the-posiedon-adventure-blackbeard-dvd-floor-sale-action,The Posiedon Adventure / Blackbeard,"<p>A double feature pairing The Poseidon Adventure (1972), a disaster film about survivors of a capsized ocean liner, with the pirate adventure film Blackbeard the Pirate (1952).</p>",DVD,Media > Videos,,"Action, DVD, Floor Sale, Formatted",true,Genre,Action,,,,,,,,,0.0,shopify,1,deny,manual,6.00,,false,false,,,,,71909370,https://cdn.shopify.com/s/files/1/0671/0552/1726/files/PoseidonAdventure.jpg?v=1788272159,1,The Posiedon Adventure / Blackbeard poster,false,,,,,,,action,,,,,,,,,,,,lb,,,active
poseidon-dvd-floor-sale-action,Poseidon,"<p>A packed cruise ship traveling the Atlantic is hit and overturned by a massive wave, compelling the passengers to begin a dramatic fight for their lives.</p>",DVD,Media > Videos,,"Action, DVD, Floor Sale, Formatted",true,Genre,Action,,,,,,,,,0.0,shopify,1,deny,manual,4.00,,false,false,,,,,72138746,https://cdn.shopify.com/s/files/1/0671/0552/1726/files/fDPdjGc8SUEDWfTwMaZlCE6NSi3.jpg?v=1788194993,1,Poseidon (2006) poster,false,,,,,,,action,,,,,,,,,,,,lb,,,active
pompeii-bluray-floor-sale-action,Pompeii,"<p>In 79 A.D., Milo, a slave turned gladiator, finds himself in a race against time to save his true love Cassia, the beautiful daughter of a wealthy merchant who has been unwillingly betrothed to a corrupt Roman Senator. As Mount Vesuvius erupts in a torrent of blazing lava, Milo must fight his way out of the arena in order to save his beloved as the once magnificent Pompeii crumbles around him.</p>",Blu-Ray,Media > Videos,,"Action, Blu-Ray, Floor Sale, Formatted",true,Genre,Action,,,,,,,,,0.0,shopify,1,deny,manual,6.00,,true,true,,,,,72433658,https://cdn.shopify.com/s/files/1/0671/0552/1726/files/dxxM3lLDjGRC50i5rhvfQziskAN.jpg?v=1788267247,1,Pompeii (2014) poster,false,,,,,,,action,,,,,,,,,,,,lb,,,active
pirates-of-the-caribbean-on-stranger-tides-bluray-floor-sale-action,Pirates of the Caribbean: On Stranger Tides,"<p>When Jack crosses paths with a woman from his past, he's not sure if it's love...or if she's a ruthless con artist using him to find the fabled Fountain of Youth.</p>",Blu-Ray,Media > Videos,,"Action, Blu-Ray, Floor Sale, Formatted",true,Genre,Action,,,,,,,,,0.0,shopify,1,deny,manual,6.00,,false,false,,,,,72499194,https://cdn.shopify.com/s/files/1/0671/0552/1726/files/keGfSvCmYj7CvdRx36OdVrAEibE.jpg?v=1788194992,1,Pirates of the Caribbean: On Stranger Tides (2011) poster,false,,,,,,,action,,,,,,,,,,,,lb,,,active
napoleon-dynamite-dvd-floor-sale-comedy,Napoleon Dynamite,"<p>A listless and alienated teenager decides to help his new friend win the class presidency in their small western high school, while he must deal with his bizarre family life back home.</p>",DVD,Media > Videos,,"Comedy, DVD, Floor Sale, Formatted",true,Genre,Comedy,,,,,,,,,0.0,shopify,1,deny,manual,8.00,,false,false,,,,,72892410,https://cdn.shopify.com/s/files/1/0671/0552/1726/files/6Iv6Uwa2SBLN0dSGM00rdrwN4MJ.jpg?v=1788194991,1,Napoleon Dynamite (2004) poster,false,,,,,,,comedy,,,,,,,,,,,,lb,,,active
my-fair-lady-dvd-floor-sale-musical,My Fair Lady,<p>A snobbish phonetics professor agrees to a wager that he can take a flower girl and make her presentable in high society.</p>,DVD,Media > Videos,,"DVD, Floor Sale, Formatted, Musical",true,Genre,Musical,,,,,,,,,0.0,shopify,1,deny,manual,5.00,,true,true,,,,,73089018,https://cdn.shopify.com/s/files/1/0671/0552/1726/files/bTXVc29lGSNclf94VIZ49W4gGKl_326d6dc2-5d4d-4fb9-93ca-aeec0370129f.jpg?v=1788267247,1,My Fair Lady (1964) poster,false,,,,,,,musical,,,,,,,,,,,,lb,,,active
ralph-breaks-the-internet-4k-floor-sale-kids-family,Ralph Breaks the Internet,"<p>Video game bad guy Ralph and fellow misfit Vanellope von Schweetz must risk it all by traveling to the World Wide Web in search of a replacement part to save Vanellope's video game, Sugar Rush. In way over their heads, Ralph and Vanellope rely on the citizens of the internet — the netizens — to help navigate their way, including an entrepreneur named Yesss, who is the head algorithm and the heart and soul of trend-making site BuzzzTube.</p>",4K,Media > Videos,,"4K, Floor Sale, Formatted, Kids & Family",true,Genre,Kids & Family,,,,,,,,,0.0,shopify,1,deny,manual,14.00,,false,false,,,,,13573370,https://cdn.shopify.com/s/files/1/0671/0552/1726/files/iVCrhBcpDaHGvv7CLYbK6PuXZo1.jpg?v=1788194991,1,Ralph Breaks the Internet (2018) poster,false,,,,,,,kids-family,,,,,,,,,,,,lb,,,active
next-dvd-floor-sale-action,Next,"<p>Las Vegas showroom magician Cris Johnson has a secret which torments him: he can see a few minutes into the future. Sick of the examinations he underwent as a child and the interest of the government and medical establishment in his power, he lies low under an assumed name in Vegas, performing cheap tricks and living off small-time gambling ""winnings."" But when a terrorist group threatens to detonate a nuclear device in Los Angeles, government agent Callie Ferris must use all her wiles to capture Cris and convince him to help her stop the cataclysm.</p>",DVD,Media > Videos,,"Action, DVD, Floor Sale, Formatted",true,Genre,Action,,,,,,,,,0.0,shopify,1,deny,manual,5.00,,true,true,,,,,14130426,https://cdn.shopify.com/s/files/1/0671/0552/1726/files/wtBOCJBCP0MWNjmBwjMAzbwgtTK.jpg?v=1788267246,1,Next (2007) poster,false,,,,,,,action,,,,,,,,,,,,lb,,,active
natural-born-killers-bluray-floor-sale-action,Natural Born Killers,<p>Two victims of traumatized childhoods become lovers and serial murderers irresponsibly glorified by the mass media.</p>,Blu-Ray,Media > Videos,,"Action, Blu-Ray, Floor Sale, Formatted",true,Genre,Action,,,,,,,,,0.0,shopify,1,deny,manual,8.00,,false,false,,,,,14392570,https://cdn.shopify.com/s/files/1/0671/0552/1726/files/fEKZwT91gxvkAoyPgpNXo8W5fu0.jpg?v=1788194990,1,Natural Born Killers (1994) poster,false,,,,,,,action,,,,,,,,,,,,lb,,,active
pacific-rim-bluray-floor-sale-sci-fi,Pacific Rim,"<p>Using massive piloted robots to combat the alien threat, earth's survivors take the fight to the invading alien force lurking in the depths of the Pacific Ocean. Nearly defenseless in the face of the relentless enemy, the forces of mankind have no choice but to turn to two unlikely heroes who now stand as earth's final hope against the mounting apocalypse.</p>",Blu-Ray,Media > Videos,,"Blu-Ray, Floor Sale, Formatted, Sci-Fi",true,Genre,Sci-Fi,,,,,,,,,0.0,shopify,1,deny,manual,6.00,,false,false,,,,,14425338,https://cdn.shopify.com/s/files/1/0671/0552/1726/files/8wo4eN8dWKaKlxhSvBz19uvj8gA.jpg?v=1788194990,1,Pacific Rim (2013) poster,false,,,,,,,sci-fi,,,,,,,,,,,,lb,,,active
the-short-films-of-david-lynch-dvd-floor-sale-special-interest,The Short Films of David Lynch,<p>A collection of visionary director David Lynch's short films from the first 29 years of his career is accompanied by a special introduction to each film by the director himself.</p>,DVD,Media > Videos,,"DVD, Floor Sale, Formatted, Genre needed, Issue, Special Interest",true,Genre,Default Title,,,,,,,,,0.0,shopify,1,deny,manual,42.00,,true,true,,,,,14654714,https://cdn.shopify.com/s/files/1/0671/0552/1726/files/86WCJiXMvPaXEnN02sFjiAbhdB_f4c029e0-6006-4596-93ee-5cef265c3faa.jpg?v=1788149351,1,The Short Films of David Lynch (2002) poster,false,,,,,,,,,,,,,,,,,,,lb,,,active
ray-bluray-floor-sale-drama,Ray,"<p>Born on a sharecropping plantation in Northern Florida, Ray Charles went blind at seven. Inspired by a fiercely independent mom who insisted he make his own way, He found his calling and his gift behind a piano keyboard. Touring across the Southern musical circuit, the soulful singer gained a reputation and then exploded with worldwide fame when he pioneered coupling gospel and country together.</p>",Blu-Ray,Media > Videos,,"Blu-Ray, Drama, Floor Sale, Formatted",true,Genre,Drama,,,,,,,,,0.0,shopify,1,deny,manual,6.00,,true,true,,,,,14687482,https://cdn.shopify.com/s/files/1/0671/0552/1726/files/tSPC7sO2XYNL9QcMmK88tuUALL5_cff0e321-b2a5-4f0e-8ca5-427ced274156.jpg?v=1788267246,1,Ray (2004) poster,false,,,,,,,drama,,,,,,,,,,,,lb,,,active
stardust-dvd-floor-sale-fantasy,Stardust,"<p>In a countryside town bordering on a magical land, a young man makes a promise to his beloved that he'll retrieve a fallen star by venturing into the magical realm. His journey takes him into a world beyond his wildest dreams and reveals his true identity.</p>",DVD,Media > Videos,,"DVD, Fantasy, Floor Sale, Formatted",true,Genre,Fantasy,,,,,,,,,0.0,shopify,1,deny,manual,5.00,,true,true,,,,,14949626,https://cdn.shopify.com/s/files/1/0671/0552/1726/files/7zbFmxy3DqKYL2M8Hop6uylp2Uy.jpg?v=1788267246,1,Stardust (2007) poster,false,,,,,,,fantasy,,,,,,,,,,,,lb,,,active
step-brothers-bluray-floor-sale-comedy,Step Brothers,"<p>Brennan Huff and Dale Doback might be grown men. But that doesn't stop them from living at home and turning into jealous, competitive stepbrothers when their single parents marry. Brennan's constant competition with Dale strains his mom's marriage to Dale's dad, leaving everyone to wonder whether they'll ever see eye to eye.</p>",Blu-Ray,Media > Videos,,"Blu-Ray, Comedy, Floor Sale, Formatted",true,Genre,Comedy,,,,,,,,,0.0,shopify,1,deny,manual,6.00,,false,false,,,,,14982394,https://cdn.shopify.com/s/files/1/0671/0552/1726/files/nvggBbEraUTAVR6ffP3AaBUWSHs.jpg?v=1788194989,1,Step Brothers (2008) poster,false,,,,,,,comedy,,,,,,,,,,,,lb,,,active
terminator-salvation-dvd-floor-sale-sci-fi,Terminator Salvation,"<p>All grown up in post-apocalyptic 2018, John Connor must lead the resistance of humans against the increasingly dominating militaristic robots. But when Marcus Wright appears, his existence confuses the mission as Connor tries to determine whether Wright has come from the future or the past -- and whether he's friend or foe.</p>",DVD,Media > Videos,,"DVD, Floor Sale, Formatted, Sci-Fi",true,Genre,Sci-Fi,,,,,,,,,0.0,shopify,1,deny,manual,5.00,,false,false,,,,,15244538,https://cdn.shopify.com/s/files/1/0671/0552/1726/files/gw6JhlekZgtKUFlDTezq3j5JEPK.jpg?v=1788194989,1,Terminator Salvation (2009) poster,false,,,,,,,sci-fi,,,,,,,,,,,,lb,,,active
the-phantom-of-the-opera-dvd-floor-sale-musical,The Phantom of the Opera,"<p>A comedy musical stage version of the Phantom of the Opera, filmed live on-stage during a performance in Florida.</p>",DVD,Media > Videos,,"DVD, Floor Sale, Formatted, Musical",true,Genre,Musical,,,,,,,,,0.0,shopify,1,deny,manual,5.00,,true,true,,,,,15506682,https://cdn.shopify.com/s/files/1/0671/0552/1726/files/wkalteomlwGtVmzuiGV4nH8D6sS_0cee52f3-776d-42fb-8356-2b7eb70e3f0b.jpg?v=1788267245,1,The Phantom of the Opera (1991) poster,false,,,,,,,musical,,,,,,,,,,,,lb,,,active
night-of-the-templar-dvd-floor-sale-action,Night of the Templar,"<p>The stage is set for retribution as an eclectic group is lured to a secluded European Castle under the guise of a promised ""fantasy weekend."" And as they read from an obscure storybook, a nefarious tale of avarice is reenacted for their entertainment. However, they are unaware that they have been gathered for their own personal and befitting executions.</p>",DVD,Media > Videos,,"Action, DVD, Floor Sale, Formatted",true,Genre,Action,,,,,,,,,0.0,shopify,1,deny,manual,7.00,,false,false,,,,,15539450,https://cdn.shopify.com/s/files/1/0671/0552/1726/files/3PmfIWyGMFYCEHyi89IdU1SoY7Q_6e0db58d-ac1b-4ae6-8b4f-a743dfbd2cfe.jpg?v=1788194988,1,Night of the Templar (2012) poster,false,,,,,,,action,,,,,,,,,,,,lb,,,active
olympus-has-fallen-bluray-floor-sale-action,Olympus Has Fallen,"<p>When the White House (Secret Service Code: ""Olympus"") is captured by a terrorist mastermind and the President is kidnapped, disgraced former Presidential guard Mike Banning finds himself trapped within the building. As the national security team scrambles to respond, they are forced to rely on Banning's inside knowledge to help retake the White House, save the President and avert an even bigger disaster.</p>",Blu-Ray,Media > Videos,,"Action, Blu-Ray, Floor Sale, Formatted",true,Genre,Action,,,,,,,,,0.0,shopify,1,deny,manual,6.00,,false,false,,,,,16096506,https://cdn.shopify.com/s/files/1/0671/0552/1726/files/u3GTFGwesNBNd0t1hiLaEk1iqZU.jpg?v=1788194987,1,Olympus Has Fallen (2013) poster,false,,,,,,,action,,,,,,,,,,,,lb,,,active
oceans-bluray-floor-sale-documentary,Oceans,"<p>An ecological drama/documentary, filmed throughout the globe. Part thriller, part meditation on the vanishing wonders of the sub-aquatic world.</p>",Blu-Ray,Media > Videos,,"Blu-Ray, Documentary, Floor Sale, Formatted",true,Genre,Documentary,,,,,,,,,0.0,shopify,1,deny,manual,6.00,,true,true,,,,,16293114,https://cdn.shopify.com/s/files/1/0671/0552/1726/files/kIT3G7QoV1vatMCL8TAA3xnkO2V.jpg?v=1788267245,1,Oceans (2010) poster,false,,,,,,,documentary,,,,,,,,,,,,lb,,,active
the-nutcracker-and-the-four-realms-4k-floor-sale-kids-family,The Nutcracker and the Four Realms,"<p>When Clara’s mother leaves her a mysterious gift, she embarks on a journey to four secret realms—where she discovers her greatest strength could change the world.</p>",4K,Media > Videos,,"4K, Floor Sale, Formatted, Kids & Family",true,Genre,Kids & Family,,,,,,,,,0.0,shopify,1,deny,manual,10.00,,false,false,,,,,16620794,https://cdn.shopify.com/s/files/1/0671/0552/1726/files/9vPDY8e7YxLwgVum7YZIUJbr4qc.jpg?v=1788194987,1,The Nutcracker and the Four Realms (2018) poster,false,,,,,,,kids-family,,,,,,,,,,,,lb,,,active
the-nuns-story-dvd-floor-sale-drama,The Nun's Story,"<p>After leaving a wealthy Belgian family to become a nun, Sister Luke struggles with her devotion to her vows during crisis, disappointment, and World War II.</p>",DVD,Media > Videos,,"Drama, DVD, Floor Sale, Formatted",true,Genre,Drama,,,,,,,,,0.0,shopify,1,deny,manual,5.00,,false,false,,,,,17112314,https://cdn.shopify.com/s/files/1/0671/0552/1726/files/4vNWFhPyjTehPpZsvTnTywwXSiF.jpg?v=1788194986,1,The Nun's Story (1959) poster,false,,,,,,,drama,,,,,,,,,,,,lb,,,active
pathfinder-bluray-floor-sale-action,Pathfinder,"<p>A Viking boy is left behind after his clan battles a Native American tribe. Raised within the tribe, he ultimately becomes their savior in a fight against the Norsemen.</p>",Blu-Ray,Media > Videos,,"Action, Blu-Ray, Floor Sale, Formatted",true,Genre,Action,,,,,,,,,0.0,shopify,1,deny,manual,6.00,,true,true,,,,,17145082,https://cdn.shopify.com/s/files/1/0671/0552/1726/files/mME7efKNTU7jzXTgFkI1t0aQUiz.jpg?v=1788267245,1,Pathfinder (2007) poster,false,,,,,,,action,,,,,,,,,,,,lb,,,active
night-at-the-museum-bluray-floor-sale-kids-family,Night at the Museum,"<p>Chaos reigns at the natural history museum when night watchman Larry Daley accidentally stirs up an ancient curse, awakening Attila the Hun, an army of gladiators, a Tyrannosaurus rex and other exhibits.</p>",Blu-Ray,Media > Videos,,"Blu-Ray, Floor Sale, Formatted, Kids & Family",true,Genre,Kids & Family,,,,,,,,,0.0,shopify,1,deny,manual,6.00,,false,false,,,,,28089594,https://cdn.shopify.com/s/files/1/0671/0552/1726/files/pDsAAYf6Zn0yiAGJ6lYGs6hoZ4E.jpg?v=1788194985,1,Night at the Museum (2006) poster,false,,,,,,,kids-family,,,,,,,,,,,,lb,,,active
the-nightmare-before-christmas-bluray-floor-sale-kids-family,The Nightmare Before Christmas,"<p>Tired of scaring humans every October 31 with the same old bag of tricks, Jack Skellington, the spindly king of Halloween Town, kidnaps Santa Claus and plans to deliver shrunken heads and other ghoulish gifts to children on Christmas morning. But as Christmas approaches, Jack's rag-doll girlfriend, Sally, tries to foil his misguided plans.</p>",Blu-Ray,Media > Videos,,"Blu-Ray, Floor Sale, Formatted, Kids & Family",true,Genre,Kids & Family,,,,,,,,,0.0,shopify,1,deny,manual,10.00,,false,false,,,,,28384506,https://cdn.shopify.com/s/files/1/0671/0552/1726/files/oQffRNjK8e19rF7xVYEN8ew0j7b_b344241c-6e98-46c6-a164-a2a4b3ea8b98.jpg?v=1788194984,1,The Nightmare Before Christmas (1993) poster,false,,,,,,,kids-family,,,,,,,,,,,,lb,,,active
nights-in-rodanthe-dvd-floor-sale-drama,Nights in Rodanthe,"<p>Adrienne is trying to decide whether to stay in her unhappy marriage or not, and her life changes when Paul, a doctor who is travelling to reconcile with his estranged son, checks into an inn where she is staying.</p>",DVD,Media > Videos,,"Drama, DVD, Floor Sale, Formatted",true,Genre,Drama,,,,,,,,,0.0,shopify,1,deny,manual,4.00,,false,false,,,,,28613882,https://cdn.shopify.com/s/files/1/0671/0552/1726/files/nyB5BeSNJUcWwKN7ypCMjbvnarq_4b6788e5-d9d0-4613-9ffc-823d0d8f9ad2.jpg?v=1788194984,1,Nights in Rodanthe (2008) poster,false,,,,,,,drama,,,,,,,,,,,,lb,,,active
nims-island-dvd-floor-sale-kids-family,Nims Island,<p>A young girl inhabits an isolated island with her scientist father and communicates with a reclusive author of the novel she's reading.</p>,DVD,Media > Videos,,"DVD, Floor Sale, Formatted, Kids & Family",true,Genre,Kids & Family,,,,,,,,,0.0,shopify,1,deny,manual,4.00,,false,false,,,,,28876026,https://cdn.shopify.com/s/files/1/0671/0552/1726/files/vhNoXDpc7T5OdmAuu8DMHLB39uo_be55250e-fd16-4396-9f3c-f659d94e4f17.jpg?v=1788194983,1,Nims Island (2008) poster,false,,,,,,,kids-family,,,,,,,,,,,,lb,,,active
platoon-bluray-floor-sale-action,Platoon,"<p>As a young and naive recruit in Vietnam, Chris Taylor faces a moral crisis when confronted with the horrors of war and the duality of man.</p>",Blu-Ray,Media > Videos,,"Action, Blu-Ray, Floor Sale, Formatted",true,Genre,Action,,,,,,,,,0.0,shopify,1,deny,manual,5.00,,false,false,,,,,29433082,https://cdn.shopify.com/s/files/1/0671/0552/1726/files/m3mmFkPQKvPZq5exmh0bDuXlD9T_d0a23702-379c-4c7e-b4c6-6615eb684cf8.jpg?v=1788194982,1,Platoon (1986) poster,false,,,,,,,action,,,,,,,,,,,,lb,,,active
pochahontas-pocahontas-ii-bluray-floor-sale-kids-family,Pochahontas / Pocahontas II,<p>A double feature pairing Disney's Pocahontas (1995) with its direct-to-video sequel Pocahontas II: Journey to a New World (1998).</p>,Blu-Ray,Media > Videos,,"Blu-Ray, Floor Sale, Formatted, Kids & Family",true,Genre,Kids & Family,,,,,,,,,0.0,shopify,1,deny,manual,8.00,,false,false,,,,,29662458,https://cdn.shopify.com/s/files/1/0671/0552/1726/files/PIIJTANW.jpg?v=1788272158,1,Pochahontas / Pocahontas II poster,false,,,,,,,kids-family,,,,,,,,,,,,lb,,,active
the-polar-express-dvd-floor-sale-kids-family,The Polar Express,"<p>When a doubting young boy takes an extraordinary train ride to the North Pole, he embarks on a journey of self-discovery that shows him that the wonder of life never fades for those who believe.</p>",DVD,Media > Videos,,"DVD, Floor Sale, Formatted, Kids & Family",true,Genre,Kids & Family,,,,,,,,,0.0,shopify,1,deny,manual,4.00,,false,false,,,,,29891834,https://cdn.shopify.com/s/files/1/0671/0552/1726/files/eOoCzH0MqeGr2taUZO4SwG416PF_2f2b35e8-1720-47c2-a026-084dfe4d53eb.jpg?v=1787922437,1,The Polar Express (2004) poster,false,,,,,,,kids-family,,,,,,,,,,,,lb,,,active
tale-from-earthsea-dvd-floor-sale-fantasy,Tale from Earthsea,"<p>Tales from Earthsea is a 2006 Japanese anime fantasy film from Studio Ghibli, directed by Gorō Miyazaki and based on Ursula K. Le Guin's Earthsea novels.</p>",DVD,Media > Videos,,"DVD, Fantasy, Floor Sale, Formatted",true,Genre,Fantasy,,,,,,,,,0.0,shopify,1,deny,manual,18.00,,false,false,,,,,30153978,https://cdn.shopify.com/s/files/1/0671/0552/1726/files/Gedo6sn.jpg?v=1788272158,1,Tale from Earthsea poster,false,,,,,,,fantasy,,,,,,,,,,,,lb,,,active
tammy-bluray-floor-sale-comedy,Tammy,"<p>For burger-joint employee Tammy, a bad day keeps getting worse. She wrecks her car, loses her job, and finds that her husband has been unfaithful. It's time to hit the road, but without money or transportation, Tammy's options are limited. Her only choice is a road trip with her hard-drinking grandmother Pearl, who has a car, cash, and an itch to see Niagara Falls. It's not the escape Tammy had in mind, but it may be what she needs.</p>",Blu-Ray,Media > Videos,,"Blu-Ray, Comedy, Floor Sale, Formatted",true,Genre,Comedy,,,,,,,,,0.0,shopify,1,deny,manual,6.00,,false,false,,,,,30448890,https://cdn.shopify.com/s/files/1/0671/0552/1726/files/efsVMziwE9BNTDX5fNmYVA5oAzJ.jpg?v=1788194982,1,Tammy (2014) poster,false,,,,,,,comedy,,,,,,,,,,,,lb,,,active
san-andreas-bluray-floor-sale-action,San Andreas,"<p>In the aftermath of a massive earthquake in California, a rescue-chopper pilot makes a dangerous journey across the state in order to rescue his estranged daughter.</p>",Blu-Ray,Media > Videos,,"Action, Blu-Ray, Floor Sale, Formatted",true,Genre,Action,,,,,,,,,0.0,shopify,1,deny,manual,6.00,,false,false,,,,,30973178,https://cdn.shopify.com/s/files/1/0671/0552/1726/files/2Gfjn962aaFSD6eST6QU3oLDZTo.jpg?v=1788194981,1,San Andreas (2015) poster,false,,,,,,,action,,,,,,,,,,,,lb,,,active
tarzan-bluray-floor-sale-action,Tarzan,"<p>One of the most classic and revered stories of all time, Edgar Rice Burroughs' Tarzan returns to the big screen for a new generation. Tarzan and Jane face a mercenary army dispatched by the evil CEO of Greystoke Energies, a man who took over the company from Tarzan's parents, after they died in a plane crash in the African jungle.</p>",Blu-Ray,Media > Videos,,"Action, Blu-Ray, Floor Sale, Formatted",true,Genre,Action,,,,,,,,,0.0,shopify,1,deny,manual,6.00,,true,true,,,,,31235322,https://cdn.shopify.com/s/files/1/0671/0552/1726/files/wIg7TclH6PUcvTWFh0QdtU5Wcvt.jpg?v=1788267244,1,Tarzan (2013) poster,false,,,,,,,action,,,,,,,,,,,,lb,,,active
state-of-play-dvd-floor-sale-thriller,State of Play,"<p>When a congressional aide is killed, a Washington, D.C. journalist starts investigating the case involving the Representative, his old college friend.</p>",DVD,Media > Videos,,"DVD, Floor Sale, Formatted, Thriller",true,Genre,Thriller,,,,,,,,,0.0,shopify,1,deny,manual,4.00,,true,true,,,,,31694074,https://cdn.shopify.com/s/files/1/0671/0552/1726/files/mWsfeSFUM3NxWa62UrA9IIn240B.jpg?v=1788267244,1,State of Play (2009) poster,false,,,,,,,thriller,,,,,,,,,,,,lb,,,active
sanctum-bluray-floor-sale-thriller,Sanctum,"<p>Master diver Frank McGuire has explored the South Pacific's Esa-ala Caves for months.  But when his exit is cut off in a flash flood, Frank's team—including 17-year-old son Josh and financier Carl Hurley are forced to radically alter plans.  With dwindling supplies, the crew must navigate an underwater labyrinth to make it out.</p>",Blu-Ray,Media > Videos,,"Blu-Ray, Floor Sale, Formatted, Thriller",true,Genre,Thriller,,,,,,,,,0.0,shopify,1,deny,manual,6.00,,true,true,,,,,31956218,https://cdn.shopify.com/s/files/1/0671/0552/1726/files/zRUNv1CbeVtmTCNr6RLHnxV2QYm.jpg?v=1788267244,1,Sanctum (2011) poster,false,,,,,,,thriller,,,,,,,,,,,,lb,,,active
passengers-bluray-floor-sale-sci-fi,Passengers,"<p>A spacecraft traveling to a distant colony planet and transporting thousands of people has a malfunction in its sleep chambers. As a result, two passengers are awakened 90 years early.</p>",Blu-Ray,Media > Videos,,"Blu-Ray, Floor Sale, Formatted, Sci-Fi",true,Genre,Sci-Fi,,,,,,,,,0.0,shopify,1,deny,manual,6.00,,true,true,,,,,32218362,https://cdn.shopify.com/s/files/1/0671/0552/1726/files/jK9S6HANSf2no64v1x1HxfcpmcA_f910f959-f815-429a-a0f9-ef2f49b07c74.jpg?v=1788267243,1,Passengers (2016) poster,false,,,,,,,sci-fi,,,,,,,,,,,,lb,,,active
the-peanuts-movie-bluray-floor-sale-kids-family,The Peanuts Movie,"<p>Snoopy embarks upon his greatest mission as he and his team take to the skies to pursue their arch-nemesis, while his best pal Charlie Brown begins his own epic quest.</p>",Blu-Ray,Media > Videos,,"Blu-Ray, Floor Sale, Formatted, Kids & Family",true,Genre,Kids & Family,,,,,,,,,0.0,shopify,1,deny,manual,6.00,,false,false,,,,,32480506,https://cdn.shopify.com/s/files/1/0671/0552/1726/files/aiwdwnl7RFs1vcBanOKr13ye3wE.jpg?v=1788194981,1,The Peanuts Movie (2015) poster,false,,,,,,,kids-family,,,,,,,,,,,,lb,,,active
street-fighter-the-legend-of-chun-li-bluray-floor-sale-action,Street Fighter: The Legend of Chun-Li,"<p>When a teenager, Chun-Li witnesses the kidnapping of her father by wealthy crime lord M. Bison. When she grows up, she goes on a quest for vengeance and becomes the famous crime-fighter of the Street Fighter universe.</p>",Blu-Ray,Media > Videos,,"Action, Blu-Ray, Floor Sale, Formatted",true,Genre,Action,,,,,,,,,0.0,shopify,1,deny,manual,5.00,,false,false,,,,,43367418,https://cdn.shopify.com/s/files/1/0671/0552/1726/files/lbNemoc9bRIAIVck0e2cv1cgftN.jpg?v=1788194980,1,Street Fighter: The Legend of Chun-Li (2009) poster,false,,,,,,,action,,,,,,,,,,,,lb,,,active
pirates-of-the-caribbean-4-movie-collection-bluray-floor-sale-action,Pirates of the Caribbean - 4 Movie Collection,<p>A collection of the first four Pirates of the Caribbean swashbuckling fantasy films starring Johnny Depp as Captain Jack Sparrow.</p>,Blu-Ray,Media > Videos,,"Action, Blu-Ray, Floor Sale, Formatted",true,Genre,Action,,,,,,,,,0.0,shopify,1,deny,manual,12.00,,false,false,,,,,43629562,,,,false,,,,,,,action,,,,,,,,,,,,lb,,,active
primal-fear-dvd-floor-sale-thriller,Primal Fear,"<p>Defense attorney Martin Vail takes on jobs for money and prestige rather than any sense of the greater good. His latest case involves an altar boy, accused of brutally murdering the archbishop of Chicago. Vail finds himself up against his ex-pupil and ex-lover, but as the case progresses and the Church's dark secrets are revealed, Vail finds that what appeared a simple case takes on a darker, more dangerous aspect.</p>",DVD,Media > Videos,,"DVD, Floor Sale, Formatted, Thriller",true,Genre,Thriller,,,,,,,,,0.0,shopify,1,deny,manual,5.00,,true,true,,,,,43662330,https://cdn.shopify.com/s/files/1/0671/0552/1726/files/qJf2TzE8nRTFbFMPJNW6c8mI0KU.jpg?v=1788267243,1,Primal Fear (1996) poster,false,,,,,,,thriller,,,,,,,,,,,,lb,,,active
the-chronicles-of-narnia-the-lion-the-with-and-the-wardrobe-bluray-floor-sale-kids-family,The Chronicles of Narnia: The Lion The With and the Wardrobe,<p>Four kids travel through a wardrobe to the land of Narnia and learn of their destiny to free it with the guidance of a mystical lion.</p>,Blu-Ray,Media > Videos,,"Blu-Ray, Floor Sale, Formatted, Kids & Family",true,Genre,Kids & Family,,,,,,,,,0.0,shopify,1,deny,manual,7.00,,true,true,,,,,43891706,https://cdn.shopify.com/s/files/1/0671/0552/1726/files/iREd0rNCjYdf5Ar0vfaW32yrkm.jpg?v=1788267243,1,The Chronicles of Narnia: The Lion The With and the Wardrobe (2005) poster,false,,,,,,,kids-family,,,,,,,,,,,,lb,,,active
somethings-gotta-give-dvd-floor-sale-romantic-comedy,Something's Gotta Give,"<p>When perpetually single, aging music industry exec Harry Sanborn, and his latest trophy girlfriend, Marin, arrive at her mother's beach house in the Hamptons, they find that her mother, playwright Erica Barry, also plans to stay for the weekend. Erica is scandalized by the relationship and Harry's sexist ways. But when Harry has a heart attack while there, and the doctor prescribes bedrest, his only option is to stay at the Barry home. Left in the care of Erica and his doctor, a love triangle starts to take shape.</p>",DVD,Media > Videos,,"DVD, Floor Sale, Formatted, Romantic Comedy",true,Genre,Romantic Comedy,,,,,,,,,0.0,shopify,1,deny,manual,5.00,,false,false,,,,,44153850,https://cdn.shopify.com/s/files/1/0671/0552/1726/files/1cpdqe0SpiHzzbOLq9GDUUlZdSl_f322fe56-ae75-4d85-a5b7-0d80c8584a0c.jpg?v=1788194979,1,Something's Gotta Give (2003) poster,false,,,,,,,romantic-comedy,,,,,,,,,,,,lb,,,active
santa-clause-3-the-escape-clause-bluray-floor-sale-kids-family,Santa Clause 3: The Escape Clause,"<p>Now that Santa and Mrs. Claus have the North Pole running smoothly, the Counsel of Legendary Figures has called an emergency meeting on Christmas Eve! The evil Jack Frost has been making trouble, looking to take over the holiday! So he launches a plan to sabotage the toy factory and compel Scott to invoke the little-known Escape Clause and wish he'd never become Santa.</p>",Blu-Ray,Media > Videos,,"Blu-Ray, Floor Sale, Formatted, Kids & Family",true,Genre,Kids & Family,,,,,,,,,0.0,shopify,1,deny,manual,6.00,,false,false,,,,,44186618,https://cdn.shopify.com/s/files/1/0671/0552/1726/files/pvaWMSRzRwtcxyHKNLX6phiQp8d.jpg?v=1788194979,1,Santa Clause 3: The Escape Clause (2006) poster,false,,,,,,,kids-family,,,,,,,,,,,,lb,,,active
saving-general-yang-bluray-floor-sale-action,Saving General Yang,"<p>When a rival nation sends troops to invade the Song Dynasty, the emperor sends general Yang Ye (Adam Cheng) to defend the nation. However, Yang's place in the court is shaky due to a feud with Pan Renmei caused by the accidental death of his son at the hands of one of Yang's sons. At the battle, Yang is abandoned by Pan's troops, leaving him trapped in the face of an attack by Yeli Yuan (Shao Bing), an enemy general who wants to kill Yang to avenge his father. After learning about their father's predicament, Yang Ye's seven sons set out to rescue their father at any cost.</p>",Blu-Ray,Media > Videos,,"Action, Blu-Ray, Floor Sale, Formatted",true,Genre,Action,,,,,,,,,0.0,shopify,1,deny,manual,8.00,,false,false,,,,,44448762,https://cdn.shopify.com/s/files/1/0671/0552/1726/files/aOaXWW8ihwrSqYtSJdz77IeAVbk.jpg?v=1788194979,1,Saving General Yang (2013) poster,false,,,,,,,action,,,,,,,,,,,,lb,,,active
the-passion-of-the-christ-bluray-floor-sale-drama,The Passion of the Christ,<p>A graphic portrayal of the last twelve hours of Jesus of Nazareth's life.</p>,Blu-Ray,Media > Videos,,"Blu-Ray, Drama, Floor Sale, Formatted",true,Genre,Drama,,,,,,,,,0.0,shopify,1,deny,manual,6.00,,false,false,,,,,44710906,https://cdn.shopify.com/s/files/1/0671/0552/1726/files/rBM5o2HpmCfDejuIPybI09tkY3V.jpg?v=1788194978,1,The Passion of the Christ (2004) poster,false,,,,,,,drama,,,,,,,,,,,,lb,,,active
ratatouille-bluray-floor-sale-kids-family,Ratatouille,"<p>In one of Paris's finest restaurants, Remy, a determined young rat, dreams of becoming a renowned French chef. Torn between his family's wishes and his true calling, Remy and his pal Linguini set in motion a hilarious chain of events that turns the City of Lights upside down.</p>",Blu-Ray,Media > Videos,,"Blu-Ray, Floor Sale, Formatted, Kids & Family",true,Genre,Kids & Family,,,,,,,,,0.0,shopify,1,deny,manual,7.00,,false,false,,,,,45235194,https://cdn.shopify.com/s/files/1/0671/0552/1726/files/t3vaWRPSf6WjDSamIkKDs1iQWna.jpg?v=1788194978,1,Ratatouille (2007) poster,false,,,,,,,kids-family,,,,,,,,,,,,lb,,,active
in-search-of-the-dragon-vhs-floor-sale-documentary,In Search of the Dragon,"<p>Follows the story of a handicapped street musician, Maurice Chan, as he explains what life is like for him in Hong Kong. In the process we go on a journey back in time to the Walled City of Kowloon.  Once dubbed the 'sleaziest' place in Hong Kong, it was an island of Chinese sovereignty within the British colony. As a result of a secret political compromise between the Chinese and British Governments the Walled City was destroyed in 1992. This decision resulted in the displacement of the Walled City's 40,000 residents. The documentary gives the story of modern day Hong Kong from a personal viewpoint and shows historical links to a place the authorities preferred to forget.</p>",VHS,Media > Videos,,"Documentary, Floor Sale, Formatted, VHS",true,Genre,Documentary,,,,,,,,,0.0,shopify,1,deny,manual,12.00,,false,false,,,,,35139578,,,,false,,,,,,,documentary,,,,,,,,,,,,lb,,,active
elton-john-live-at-msg-vhs-floor-sale-musical,Elton John Live at MSG,<p>Elton John: One Night Only is a concert video capturing his greatest hits performed live at Madison Square Garden.</p>,VHS,Media > Videos,,"Floor Sale, Formatted, Musical, VHS",true,Genre,Musical,,,,,,,,,0.0,shopify,1,deny,manual,6.00,,false,false,,,,,35205114,https://cdn.shopify.com/s/files/1/0671/0552/1726/files/51861N0SZPL._AC.jpg?v=1788272155,1,Elton John Live at MSG poster,false,,,,,,,musical,,,,,,,,,,,,lb,,,active
hook-vhs-floor-sale-kids-family,Hook,"<p>The boy who wasn't supposed to grow up—Peter Pan—does just that, becoming a soulless corporate lawyer whose workaholism could cost him his wife and kids. During his trip to see Granny Wendy in London, the vengeful Capt. Hook kidnaps Peter's kids and forces Peter to return to Neverland.</p>",VHS,Media > Videos,,"Floor Sale, Formatted, Kids & Family, VHS",true,Genre,Kids & Family,,,,,,,,,0.0,shopify,1,deny,manual,7.00,,true,true,,,,,35237882,https://cdn.shopify.com/s/files/1/0671/0552/1726/files/a6rB1lGXoGms7gWxRfJneQmAjNV_8e6b3b64-82b6-43e7-81d0-1c6e8c1b8074.jpg?v=1788267242,1,Hook (1991) poster,false,,,,,,,kids-family,,,,,,,,,,,,lb,,,active
big-vhs-floor-sale-kids-family,Big,"<p>When a young boy makes a wish at a carnival machine to be big, he wakes up the following morning to find that it has been granted and his body has grown older overnight, but he is still the same 13-year-old boy inside. Now he must learn how to cope with the unfamiliar world of grown-ups, including getting a job and having his first romantic encounter with a woman.</p>",VHS,Media > Videos,,"Floor Sale, Formatted, Kids & Family, VHS",true,Genre,Kids & Family,,,,,,,,,0.0,shopify,1,deny,manual,4.00,,false,false,,,,,35631098,https://cdn.shopify.com/s/files/1/0671/0552/1726/files/eWhCDJiwxvx3YXkAFRiHjimnF0j_6cd9fd7b-cdc1-47e8-9b5d-351b9ac08ae5.jpg?v=1788194976,1,Big (1988) poster,false,,,,,,,kids-family,,,,,,,,,,,,lb,,,active
the-witches-vhs-floor-sale-kids-family,The Witches,"<p>While staying at a hotel in England with his grandmother, Helga, a young boy named Luke inadvertently spies on a convention of witches. The Grand High Witch reveals a plan to turn all children into mice via a magical formula. When they discover the eavesdropper, the witches test the formula on him. Now, with the help of Helga and hotel manager Mr Stringer, Luke the mouse must fight back against the witches.</p>",VHS,Media > Videos,,"Floor Sale, Formatted, Kids & Family, VHS",true,Genre,Kids & Family,,,,,,,,,0.0,shopify,1,deny,manual,10.00,,true,true,,,,,35696634,https://cdn.shopify.com/s/files/1/0671/0552/1726/files/mPYBjVkeHakkPGY7WaKyyNU4RWm.jpg?v=1788267242,1,The Witches (1990) poster,false,,,,,,,kids-family,,,,,,,,,,,,lb,,,active
3-ninjas-kick-back-vhs-floor-sale-kids-family,3 Ninjas Kick Back,"<p>During a championship baseball match, the three brothers hear that their grandfather in Japan is in trouble, and head out to help him, conceding the match. When they arrive in Japan, they must use all their powers to defend him against his ancient enemy, who has returned to exact revenge.</p>",VHS,Media > Videos,,"Floor Sale, Formatted, Kids & Family, VHS",true,Genre,Kids & Family,,,,,,,,,0.0,shopify,1,deny,manual,8.00,,false,false,,,,,35794938,https://cdn.shopify.com/s/files/1/0671/0552/1726/files/kXuh3c0DyvqSGo0DBatoemBwEtz.jpg?v=1788194975,1,3 Ninjas Kick Back (1994) poster,false,,,,,,,kids-family,,,,,,,,,,,,lb,,,active
popeye-vhs-floor-sale-kids-family,Popeye,"<p>Popeye is a super-strong, spinach-scarfing sailor man who's searching for his father. During a storm that wrecks his ship, Popeye washes ashore and winds up rooming at the Oyl household, where he meets Olive. Before he can win her heart, he must first contend with Olive's fiancé, Bluto.</p>",VHS,Media > Videos,,"Floor Sale, Formatted, Kids & Family, VHS",true,Genre,Kids & Family,,,,,,,,,0.0,shopify,1,deny,manual,6.00,,false,false,,,,,35860474,https://cdn.shopify.com/s/files/1/0671/0552/1726/files/hCCp4pESgYY6uTFARYf4UYV1BdU.jpg?v=1788194974,1,Popeye (1980) poster,false,,,,,,,kids-family,,,,,,,,,,,,lb,,,active
the-undergrads-vhs-floor-sale-kids-family,The Undergrads,"<p>An elderly man discovers that his son wants to put him in an old-age home. However, the old man's grandson refuses to allow it, and the man and his grandson wind up becoming roommates at the boy's college dorm.</p>",VHS,Media > Videos,,"Floor Sale, Formatted, Kids & Family, VHS",true,Genre,Kids & Family,,,,,,,,,0.0,shopify,1,deny,manual,7.00,,false,false,,,,,35926010,https://cdn.shopify.com/s/files/1/0671/0552/1726/files/d6F7RG0FETVTqrc6b69unIYKSWm.jpg?v=1788194974,1,The Undergrads (1985) poster,false,,,,,,,kids-family,,,,,,,,,,,,lb,,,active
the-runnin-kind-vhs-floor-sale-thriller,The Runnin' Kind,"<p>As next in line to take over his father's law firm, Ohio rich kid Joey's life is all planned out. But a chance encounter with a gorgeous, free-spirited female rock drummer inspires Joey to chuck his plans and move to Los Angeles, where he hooks up with an all-girl rock band and learns the ins and outs of the L.A. music underground.</p>",VHS,Media > Videos,,"Floor Sale, Formatted, Thriller, VHS",true,Genre,Thriller,,,,,,,,,0.0,shopify,1,deny,manual,10.00,,false,false,,,,,35958778,https://cdn.shopify.com/s/files/1/0671/0552/1726/files/a6oeZyWtctCrINrNqcWsMwO0VIb.jpg?v=1788194973,1,The Runnin' Kind (1989) poster,false,,,,,,,thriller,,,,,,,,,,,,lb,,,active
last-lives-vhs-floor-sale-sci-fi,Last Lives,<p>A telepathic terrorist from a parallel universe kidnaps a woman on her wedding day. The groom tracks them down after receiving assistance from the inventor of a life restoring bracelet. The bride was considered the terrorists telepathic life partner.</p>,VHS,Media > Videos,,"Floor Sale, Formatted, Sci-Fi, VHS",true,Genre,Sci-Fi,,,,,,,,,0.0,shopify,1,deny,manual,8.00,,false,false,,,,,36057082,https://cdn.shopify.com/s/files/1/0671/0552/1726/files/r6XtAJqtEhayzCTo9xUawhg3je3_eacb62ab-af9a-41a2-b1c6-43dea4e226d5.jpg?v=1788194973,1,Last Lives (1997) poster,false,,,,,,,sci-fi,,,,,,,,,,,,lb,,,active
cube-zero-vhs-floor-sale-horror,Cube Zero,<p>A young programmer whose job is to watch over the reality-warping Cube defies orders to rescue an innocent mother trapped in one of its rooms.</p>,VHS,Media > Videos,,"Floor Sale, Formatted, Horror, VHS",true,Genre,Horror,,,,,,,,,0.0,shopify,1,deny,manual,15.00,,false,false,,,,,36319226,https://cdn.shopify.com/s/files/1/0671/0552/1726/files/m5ODgUYh5lMvRumBY63QJ4eVYp5.jpg?v=1788194972,1,Cube Zero (2004) poster,false,,,,,,,horror,,,,,,,,,,,,lb,,,active
its-a-wonderful-life-vhs-floor-sale-drama,It's a Wonderful Life,"<p>George Bailey has spent his entire life giving to the people of Bedford Falls.  All that prevents rich skinflint Mr. Potter from taking over the entire town is George's modest building and loan company.  But on Christmas Eve the business's $8,000 is lost and George's troubles begin.</p>",VHS,Media > Videos,,"Drama, Floor Sale, Formatted, VHS",true,Genre,Drama,,,,,,,,,0.0,shopify,1,deny,manual,7.00,,true,true,,,,,36351994,https://cdn.shopify.com/s/files/1/0671/0552/1726/files/bSqt9rhDZx1Q7UZ86dBPKdNomp2_52fbec71-43f7-4507-a01a-9267ea193024.jpg?v=1788267242,1,It's a Wonderful Life (1946) poster,false,,,,,,,drama,,,,,,,,,,,,lb,,,active
jurassic-world-dvd-floor-sale-action,Jurassic World,"<p>Twenty-two years after the events of Jurassic Park, Isla Nublar now features a fully functioning dinosaur theme park, Jurassic World, as originally envisioned by John Hammond.</p>",DVD,Media > Videos,,"Action, DVD, Floor Sale, Formatted",true,Genre,Action,,,,,,,,,0.0,shopify,1,deny,manual,6.00,,false,false,,,,,36417530,https://cdn.shopify.com/s/files/1/0671/0552/1726/files/rhr4y79GpxQF9IsfJItRXVaoGs4.jpg?v=1788194971,1,Jurassic World (2015) poster,false,,,,,,,action,,,,,,,,,,,,lb,,,active
the-squid-and-the-whale-running-with-scissors-bluray-rental-comedy,The Squid and the Whale / Running with Scissors,"<p>The Squid and the Whale: A pair of brothers living in Brooklyn are caught in the middle of, and deeply affected by, the divorce of their erudite parents, Bernard (Jeff Daniels) and Joan Berkman (Laura Linney). Older sibling Walt (Jesse Eisenberg) sides with dad and acts out at school, while younger brother Frank (Owen Kline) quietly backs up mom. The household tension rises further when Joan's writing career takes off and surpasses the failed ambitions of her professor ex-husband.</p>

<p>Running with Scissors: As the son of an alcoholic father and a mentally ill mother, young Augusten Burroughs faces a challenging childhood at the very least. His life takes an unexpected turn when his mother gives him to her unorthodox therapist, and the boy becomes a member of the doctor's own strange, extended family.</p>",Blu-Ray,Media > Videos,,"Blu-Ray, Comedy, Formatted, Rental",true,Genre,Comedy,,,,,,,,,0.0,shopify,1,deny,manual,0.00,,false,false,,,,,11906042,https://cdn.shopify.com/s/files/1/0671/0552/1726/files/images_c8f7ef6f-606c-4530-a03b-7f613074bb2e.jpg?v=1788194971,1,The Squid and the Whale / Running with Scissors poster,false,,,,,,,comedy,,,,,,,,,,,,lb,,,active
total-recall-bluray-rental-sci-fi,Total Recall,"<p>Douglas Quaid is a bored construction worker in the year 2084 who dreams of visiting colonized Mars. He visits ""Rekall,"" a company that plants false memories into people's brains, in order to experience the thrill of Mars without having to travel there. But something goes wrong during the procedure; Quaid discovers that his entire life is actually a false memory and that the people who implanted it in his head now want him dead.</p>",Blu-Ray,Media > Videos,,"Blu-Ray, Formatted, Rental, Sci-Fi",true,Genre,Sci-Fi,,,,,,,,,0.0,shopify,1,deny,manual,0.00,,false,false,,,,,11938810,https://cdn.shopify.com/s/files/1/0671/0552/1726/files/images_97495a1b-f854-4124-9346-d2528c5cd4e9.jpg?v=1788194970,1,Total Recall poster,false,,,,,,,sci-fi,,,,,,,,,,,,lb,,,active
howard-the-duck-bluray-rental-comedy,Howard The Duck,"<p>In this film based on the comic book character, Howard the Duck is suddenly beamed from Duckworld, a planet of intelligent ducks with arms and legs, to Earth, where he lands in Cleveland. There he saves rocker Beverly from thugs and forms a friendship with her. She introduces him to Phil, who works at a lab with scientist Dr. Jenning. When the doctor attempts to return Howard to his world, Jenning instead transfers an evil spirit into his own body.</p>",Blu-Ray,Media > Videos,,"Blu-Ray, Comedy, Formatted, Rental",true,Genre,Comedy,,,,,,,,,0.0,shopify,1,deny,manual,0.00,,false,false,,,,,11971578,https://cdn.shopify.com/s/files/1/0671/0552/1726/files/images_4cbb7d0f-b04e-4b59-8af4-ab1c84a0ea39.jpg?v=1788194969,1,Howard The Duck poster,false,,,,,,,comedy,,,,,,,,,,,,lb,,,active
halloween-iii-the-season-of-the-witch-dvd-rental-horror,Halloween III: The Season of the Witch,"<p>Hospital emergency room Dr. Daniel ""Dan"" Challis (Tom Atkins) and Ellie Grimbridge (Stacey Nelkin), the daughter of a murder victim, uncover a terrible plot by small-town mask maker Conal Cochran (Dan O'Herlihy), a madman who's planning a Halloween mass murder utilizing an ancient Celtic ritual. The ritual involves a boulder stolen from Stonehenge, the use of Silver Shamrock masks and a triggering device contained in a television commercial -- all designed to kill millions of children.</p>",DVD,Media > Videos,,"DVD, Formatted, Horror, Rental",true,Genre,Horror,,,,,,,,,0.0,shopify,1,deny,manual,0.00,,false,false,,,,,12037114,https://cdn.shopify.com/s/files/1/0671/0552/1726/files/images_18f4971e-420a-4759-b7eb-436c1b1eb33e.jpg?v=1788194968,1,Halloween III: The Season of the Witch poster,false,,,,,,,horror,,,,,,,,,,,,lb,,,active
bowfinger-bluray-rental-comedy,Bowfinger,"<p>On the verge of bankruptcy and desperate for his big break, aspiring filmmaker Bobby Bowfinger (Steve Martin) concocts a crazy plan to make his ultimate dream movie. Rallying a ragtag team that includes a starry-eyed ingénue (Heather Graham), a has-been diva (Christine Baranski) and a film studio gofer (Jamie Kennedy), he sets out to shoot a blockbuster featuring the biggest star in Hollywood, Kit Ramsey (Eddie Murphy) -- only without letting Ramsey know he's in the picture.</p>",Blu-Ray,Media > Videos,,"Blu-Ray, Comedy, Formatted, Rental",true,Genre,Comedy,,,,,,,,,0.0,shopify,1,deny,manual,0.00,,false,false,,,,,12069882,https://cdn.shopify.com/s/files/1/0671/0552/1726/files/images_17fbfbcc-8618-406d-9177-7c7259a24380.jpg?v=1788194968,1,Bowfinger poster,false,,,,,,,comedy,,,,,,,,,,,,lb,,,active
lord-of-the-rings-the-two-towers-bluray-rental-fantasy,Lord of the Rings: The Two Towers,"<p>The sequel to the Golden Globe-nominated and AFI Award-winning ""The Lord of the Rings: The Fellowship of the Ring,"" ""The Two Towers"" follows the continuing quest of Frodo and the Fellowship to destroy the One Ring. Frodo and Sam discover they are being followed by the mysterious Gollum. Aragorn, the Elf archer Legolas and Gimli the Dwarf encounter the besieged Rohan kingdom, whose once great King Theoden has fallen under Saruman's deadly spell.</p>",Blu-Ray,Media > Videos,,"Blu-Ray, Fantasy, Formatted, Rental",true,Genre,Fantasy,,,,,,,,,0.0,shopify,1,deny,manual,0.00,,false,false,,,,,12102650,https://cdn.shopify.com/s/files/1/0671/0552/1726/files/images_af92124c-7c14-4e41-8d6f-954ca94802a5.jpg?v=1788194967,1,Lord of the Rings: The Two Towers poster,false,,,,,,,fantasy,,,,,,,,,,,,lb,,,active
super-mario-bros-1993-dvd-rental-kids-family,Super Mario Bros. (1993),"<p>Brooklyn plumbers Mario and Luigi get the shock of their lives when they discover a parallel world populated by the intelligent descendants of dinosaurs. It seems they weren't destroyed by a meteor millions of years ago but hurled into another dimension and, now, they have plans to rule our world. It's up to our unlikely heroes to battle the evil King Koopa and his Goomba guards, free the beautiful Princess Daisy and save mankind in this adventure of a lifetime.</p>",DVD,Media > Videos,,"DVD, Formatted, Kids & Family, Rental",true,Genre,Kids & Family,,,,,,,,,0.0,shopify,1,deny,manual,0.00,,false,false,,,,,12168186,https://cdn.shopify.com/s/files/1/0671/0552/1726/files/images_bc9ee7aa-6737-4471-8376-3a54a2bcd9eb.jpg?v=1788194967,1,Super Mario Bros. (1993) poster,false,,,,,,,kids-family,,,,,,,,,,,,lb,,,active
caddyshack-vhs-rental-comedy,Caddyshack,"<p>Danny Noonan (Michael O'Keefe), a teen down on his luck, works as a caddy at the snob-infested Bushwood Country Club to raise money for his college education. In an attempt to gain votes for a college scholarship reserved for caddies, Noonan volunteers to caddy for a prominent and influential club member (Ted Knight). Meanwhile, Danny struggles to prepare for the high pressure Caddy Day golf tournament while absorbing New Age advice from wealthy golf guru Ty Webb (Chevy Chase).</p>",VHS,Media > Videos,,"Comedy, Formatted, Rental, VHS",true,Genre,Comedy,,,,,,,,,0.0,shopify,1,deny,manual,0.00,,false,false,,,,,12200954,https://cdn.shopify.com/s/files/1/0671/0552/1726/files/images_a579afba-4681-4dd1-be8f-4a4c81ab6a3d.jpg?v=1788194966,1,Caddyshack poster,false,,,,,,,comedy,,,,,,,,,,,,lb,,,active
superbad-dvd-rental-comedy,Superbad,"<p>Two inseparable best friends navigate the last weeks of high school and are invited to a gigantic house party. Together with their nerdy friend, they spend a long day trying to score enough alcohol to supply the party and inebriate two girls in order to kick-start their sex lives before they go off to college. Their quest is complicated after one of them falls in with two inept cops who are determined to show him a good time.</p>",DVD,Media > Videos,,"Comedy, DVD, Formatted, Rental",true,Genre,Comedy,,,,,,,,,0.0,shopify,1,deny,manual,0.00,,false,false,,,,,12299258,https://cdn.shopify.com/s/files/1/0671/0552/1726/files/images_3efcad4a-b33d-4a00-aef6-f73ee2e1c3a1.jpg?v=1788194965,1,Superbad poster,false,,,,,,,comedy,,,,,,,,,,,,lb,,,active
the-burbs-bluray-rental-comedy,The Burbs,"<p>Settling in for some time off in his suburban home, Ray Peterson's vacation becomes a horror when the Klopeks, a suspiciously odd family, move in down the block. Enlisting the aid of his paranoid buddy, Art, and his militia-man neighbor, Rumsfield, Ray sends his son and wife away on a trip while he investigates the Klopeks. When a neighbor disappears, Ray and his cohorts risk their lives to save their cul-de-sac from the clutches of evil.</p>",Blu-Ray,Media > Videos,,"Blu-Ray, Comedy, Formatted, Rental",true,Genre,Comedy,,,,,,,,,0.0,shopify,1,deny,manual,0.00,,false,false,,,,,12332026,https://cdn.shopify.com/s/files/1/0671/0552/1726/files/images_ca223268-7057-4d01-9712-019d9db9f9ed.jpg?v=1788194965,1,The Burbs poster,false,,,,,,,comedy,,,,,,,,,,,,lb,,,active
batman-4-film-collection-bluray-rental-action,Batman - 4 Film Collection,"<p>bundles the classic live-action films released between 1989 and 1997: Batman (1989), Batman Returns (1992), Batman Forever (1995), and Batman &amp; Robin (1997).</p>",Blu-Ray,Media > Videos,,"Action, Blu-Ray, Formatted, Rental",true,Genre,Action,,,,,,,,,0.0,shopify,1,deny,manual,0.00,,false,false,,,,,12364794,https://cdn.shopify.com/s/files/1/0671/0552/1726/files/images_e9922c80-0355-4ab3-a0a0-ef2706f47b9c.jpg?v=1788194964,1,Batman - 4 Film Collection poster,false,,,,,,,action,,,,,,,,,,,,lb,,,active
who-framed-roger-rabbit-bluray-rental-kids-family,Who Framed Roger Rabbit?,"<p>Down-on-his-luck private eye Eddie Valiant (Bob Hoskins) gets hired by cartoon producer R.K. Maroon (Alan Tilvern) to investigate an adultery scandal involving Jessica Rabbit (Kathleen Turner), the sultry wife of Maroon's biggest star, Roger Rabbit (Charles Fleischer). But when Marvin Acme (Stubby Kaye), Jessica's alleged paramour and the owner of Toontown, is found murdered, the villainous Judge Doom (Christopher Lloyd) vows to catch and destroy Roger.</p>",Blu-Ray,Media > Videos,,"Blu-Ray, Formatted, Kids & Family, Rental",true,Genre,Kids & Family,,,,,,,,,0.0,shopify,1,deny,manual,0.00,,false,false,,,,,12397562,https://cdn.shopify.com/s/files/1/0671/0552/1726/files/images_78af2f4e-9e1d-4d1e-8c47-6846ea2dfd1e.jpg?v=1788194963,1,Who Framed Roger Rabbit? poster,false,,,,,,,kids-family,,,,,,,,,,,,lb,,,active
beverly-hills-cop-trilogy-dvd-rental-action,Beverly Hills Cop Trilogy,<p>The Beverly Hills Cop trilogy follows fast-talking Detroit detective Axel Foley as he clashes with the stuffy Beverly Hills Police Department. The original 1984 classic was followed by two sequels</p>,DVD,Media > Videos,,"Action, DVD, Formatted, Rental",true,Genre,Action,,,,,,,,,0.0,shopify,1,deny,manual,0.00,,false,false,,,,,12659706,https://cdn.shopify.com/s/files/1/0671/0552/1726/files/images_1c8a34b9-95b7-458e-99b8-e38515184b65.jpg?v=1788194962,1,Beverly Hills Cop Trilogy poster,false,,,,,,,action,,,,,,,,,,,,lb,,,active
critters-4-film-collection-dvd-rental-horror,Critters 4 Film Collection,"<p>The Critters 4 Film Collection bundles all four sci-fi horror cult classics: Critters (1986), Critters 2: The Main Course (1988), Critters 3 (1991), and Critters 4 (1992).</p>",DVD,Media > Videos,,"DVD, Formatted, Horror, Rental",true,Genre,Horror,,,,,,,,,0.0,shopify,1,deny,manual,0.00,,false,false,,,,,12725242,https://cdn.shopify.com/s/files/1/0671/0552/1726/files/images_d8d26ad5-50b5-4dc1-84be-aef152098827.jpg?v=1788194961,1,Critters 4 Film Collection poster,false,,,,,,,horror,,,,,,,,,,,,lb,,,active
speed-4k-rental-action,Speed,"<p>Los Angeles police officer Jack (Keanu Reeves) angers retired bomb squad member Howard Payne (Dennis Hopper) by foiling his attempt at taking hostages. In revenge, Payne arms a bus with a bomb that will explode if it drops below 50 miles per hour. With the help of spunky passenger Annie (Sandra Bullock), Jack and his partner Harry (Jeff Daniels) try to save the people on the bus before the bomb goes off, while also trying to figure out how Payne is monitoring them.</p>",4K,Media > Videos,,"4K, Action, Formatted, Rental",true,Genre,Action,,,,,,,,,0.0,shopify,1,deny,manual,0.00,,false,false,,,,,12758010,https://cdn.shopify.com/s/files/1/0671/0552/1726/files/images_f342610f-a8bc-45bf-952e-43511e7653e8.jpg?v=1788194960,1,Speed poster,false,,,,,,,action,,,,,,,,,,,,lb,,,active
tombstone-bluray-rental-action,Tombstone,"<p>Wyatt Earp and his brothers, Morgan and Virgil, have left their gunslinger ways behind them to settle down and start a business in the town of Tombstone, Ariz. While they aren't looking to find trouble, trouble soon finds them when they become targets of the ruthless Cowboy gang. Now, together with Wyatt's best friend, Doc Holliday, the brothers pick up their guns once more to restore order to a lawless land.</p>",Blu-Ray,Media > Videos,,"Action, Blu-Ray, Formatted, Rental",true,Genre,Action,,,,,,,,,0.0,shopify,1,deny,manual,0.00,,false,false,,,,,12856314,https://cdn.shopify.com/s/files/1/0671/0552/1726/files/images_82293811-69ce-4ff6-b744-40bbc41c8330.jpg?v=1788194959,1,Tombstone poster,false,,,,,,,action,,,,,,,,,,,,lb,,,active
mad-max-fury-road-bluray-rental-action,Mad Max Fury Road,"<p>Years after the collapse of civilization, the tyrannical Immortan Joe enslaves apocalypse survivors inside the desert fortress the Citadel. When the warrior Imperator Furiosa leads the despot's five wives in a daring escape, she forges an alliance with Max Rockatansky, a loner and former captive. Fortified in the massive, armored truck the War Rig, they try to outrun the ruthless warlord and his henchmen in a deadly high-speed chase through the Wasteland.</p>",Blu-Ray,Media > Videos,,"Action, Blu-Ray, Formatted, Rental",true,Genre,Action,,,,,,,,,0.0,shopify,1,deny,manual,0.00,,false,false,,,,,12889082,https://cdn.shopify.com/s/files/1/0671/0552/1726/files/images_65f4b9d0-18db-467c-a666-ebec2fa4189d.jpg?v=1788194959,1,Mad Max Fury Road poster,false,,,,,,,action,,,,,,,,,,,,lb,,,active
jurassic-world-bluray-rental-action,Jurassic World,"<p>Located off the coast of Costa Rica, the Jurassic World luxury resort provides a habitat for an array of genetically engineered dinosaurs, including the vicious and intelligent Indominus rex. When the massive creature escapes, it sets off a chain reaction that causes the other dinos to run amok. Now, it's up to a former military man and animal expert to use his special skills to save two young brothers and the rest of the tourists from an all-out, prehistoric assault.</p>",Blu-Ray,Media > Videos,,"Action, Blu-Ray, Formatted, Rental",true,Genre,Action,,,,,,,,,0.0,shopify,1,deny,manual,0.00,,false,false,,,,,12921850,https://cdn.shopify.com/s/files/1/0671/0552/1726/files/images_2a3ab88e-2444-4ca2-9375-e670dc23c970.jpg?v=1788194958,1,Jurassic World poster,false,,,,,,,action,,,,,,,,,,,,lb,,,active
lord-of-the-rings-the-return-of-the-king-bluray-rental-fantasy,Lord of the Rings: The Return of the King,"<p>The culmination of nearly 10 years' work and conclusion to Peter Jackson's epic trilogy based on the timeless J.R.R. Tolkien classic, ""The Lord of the Rings: The Return of the King"" presents the final confrontation between the forces of good and evil fighting for control of the future of Middle-earth. Hobbits Frodo and Sam reach Mordor in their quest to destroy the `one ring', while Aragorn leads the forces of good against Sauron's evil army at the stone city of Minas Tirith.</p>",Blu-Ray,Media > Videos,,"Blu-Ray, Fantasy, Formatted, Rental",true,Genre,Fantasy,,,,,,,,,0.0,shopify,1,deny,manual,0.00,,false,false,,,,,12954618,https://cdn.shopify.com/s/files/1/0671/0552/1726/files/images_d85e2436-3a96-4760-8b6c-87b893f536fa.jpg?v=1788194957,1,Lord of the Rings: The Return of the King poster,false,,,,,,,fantasy,,,,,,,,,,,,lb,,,active
lord-of-the-rings-the-fellowship-of-the-ring-bluray-rental-fantasy,Lord of the Rings: The Fellowship of the Ring,"<p>The future of civilization rests in the fate of the One Ring, which has been lost for centuries. Powerful forces are unrelenting in their search for it. But fate has placed it in the hands of a young Hobbit named Frodo Baggins (Elijah Wood), who inherits the Ring and steps into legend. A daunting task lies ahead for Frodo when he becomes the Ring-bearer - to destroy the One Ring in the fires of Mount Doom where it was forged.</p>",Blu-Ray,Media > Videos,,"Blu-Ray, Fantasy, Formatted, Rental",true,Genre,Fantasy,,,,,,,,,0.0,shopify,1,deny,manual,0.00,,false,false,,,,,12987386,https://cdn.shopify.com/s/files/1/0671/0552/1726/files/images_7b91a18c-f930-41fd-a253-d2735f00a7bd.jpg?v=1788194957,1,Lord of the Rings: The Fellowship of the Ring poster,false,,,,,,,fantasy,,,,,,,,,,,,lb,,,active
blade-runner-2049-bluray-rental-sci-fi,Blade Runner 2049,"<p>Officer K (Ryan Gosling), a new Blade Runner for the Los Angeles Police Department, unearths a long-buried secret that has the potential to plunge what's left of society into chaos. His discovery leads him on a quest to find Rick Deckard (Harrison Ford), a former Blade Runner who's been missing for 30 years.</p>",Blu-Ray,Media > Videos,,"Blu-Ray, Formatted, Rental, Sci-Fi",true,Genre,Sci-Fi,,,,,,,,,0.0,shopify,1,deny,manual,0.00,,false,false,,,,,13020154,https://cdn.shopify.com/s/files/1/0671/0552/1726/files/images_9c52d799-4416-44e9-b218-3ae254fd9e92.jpg?v=1788194956,1,Blade Runner 2049 poster,false,,,,,,,sci-fi,,,,,,,,,,,,lb,,,active
killing-me-softly-vhs-floor-sale-thriller,Killing Me Softly,<p>A woman grows suspicious of her controlling husband after she discovers secrets about the women in his past.</p>,VHS,Media > Videos,,"Floor Sale, Formatted, Thriller, VHS",true,Genre,Thriller,,,,,,,,,0.0,shopify,1,deny,manual,5.00,,true,true,,,,,29922298,https://cdn.shopify.com/s/files/1/0671/0552/1726/files/pgfFJw7mqAmJdZizrJ6oOK0ejOZ.jpg?v=1788267241,1,Killing Me Softly (2002) poster,false,,,,,,,thriller,,,,,,,,,,,,lb,,,active
desperate-measures-vhs-floor-sale-thriller,Desperate Measures,"<p>San Francisco police officer Frank Connor is in a frantic search for a compatible bone marrow donor for his gravely ill son. There's only one catch the potential donor is convicted multiple murderer Peter McCabe who sees a trip to the hospital as the perfect opportunity to get what he wants most: freedom. With McCabe's escape, the entire hospital becomes a battleground and Connor must pursue and, ironically, protect the deadly fugitive who is his son's only hope for survival.</p>",VHS,Media > Videos,,"Floor Sale, Formatted, Thriller, VHS",true,Genre,Thriller,,,,,,,,,0.0,shopify,1,deny,manual,5.00,,true,true,,,,,29955066,https://cdn.shopify.com/s/files/1/0671/0552/1726/files/74ibzyjLp2dizmiua5nHn4llG0l.jpg?v=1788267241,1,Desperate Measures (1998) poster,false,,,,,,,thriller,,,,,,,,,,,,lb,,,active
the-good-thief-vhs-floor-sale-thriller,The Good Thief,<p>An aging gambler on a losing streak attempts to rob a casino in Monte Carlo. But someone's already tipped off the cops before he even makes a move.</p>,VHS,Media > Videos,,"Floor Sale, Formatted, Thriller, VHS",true,Genre,Thriller,,,,,,,,,0.0,shopify,1,deny,manual,9.00,,true,true,,,,,29987834,https://cdn.shopify.com/s/files/1/0671/0552/1726/files/TMlSiPuj9LymfwPiKFiRRnhkRq.jpg?v=1788267240,1,The Good Thief (2003) poster,false,,,,,,,thriller,,,,,,,,,,,,lb,,,active
perfect-alibi-vhs-floor-sale-thriller,Perfect Alibi,"<p>Melanie is married to Keith Bauers, she has two beautiful children and she is rich. She decides to engage a girl au pair, Janine, who arrives from France. Everything seems to run perfectly. Janine looks shy and timid and well disposed towards the family. But casually Paula, Melanies's sister, finds out that Janine and Keith are lovers and afterwards she dies in an accident.</p>",VHS,Media > Videos,,"Floor Sale, Formatted, Thriller, VHS",true,Genre,Thriller,,,,,,,,,0.0,shopify,1,deny,manual,15.00,,true,true,,,,,30020602,https://cdn.shopify.com/s/files/1/0671/0552/1726/files/88NekdFUH5g0GSIpIN8GhokZJNh.jpg?v=1788267241,1,Perfect Alibi (1995) poster,false,,,,,,,thriller,,,,,,,,,,,,lb,,,active
write-to-kill-vhs-floor-sale-thriller,Write to Kill,"<p>In this thriller, Jamie Sanford is murdered by a group of counterfeiters when he attempts to expose them in order to secure an early parole. However, when aspiring writer Clark learns of his brothers death, he sets out to exact revenge and bring the guilty to justice while being framed for his brothers murder.</p>",VHS,Media > Videos,,"Floor Sale, Formatted, Thriller, VHS",true,Genre,Thriller,,,,,,,,,0.0,shopify,1,deny,manual,15.00,,true,true,,,,,30282746,https://cdn.shopify.com/s/files/1/0671/0552/1726/files/jRv0vuhmU4oXahaWED8FtcU4o1U.jpg?v=1788267240,1,Write to Kill (1991) poster,false,,,,,,,thriller,,,,,,,,,,,,lb,,,active
provovateur-vhs-floor-sale-thriller,Provovateur,,VHS,Media > Videos,,"Floor Sale, Formatted, Thriller, VHS",true,Genre,Thriller,,,,,,,,,0.0,shopify,1,deny,manual,15.00,,false,false,,,,,30315514,,,,false,,,,,,,thriller,,,,,,,,,,,,lb,,,active
witch-hunt-vhs-floor-sale-thriller,Witch Hunt,"<p>When five young women gather to play a witch-themed board game, they begin to suspect one of them may actually be a witch.</p>",VHS,Media > Videos,,"Floor Sale, Formatted, Thriller, VHS",true,Genre,Thriller,,,,,,,,,0.0,shopify,1,deny,manual,16.00,,true,true,,,,,30348282,https://cdn.shopify.com/s/files/1/0671/0552/1726/files/pNrdzyE39G6brgCF1YmrW73aecy.jpg?v=1788267240,1,Witch Hunt (2017) poster,false,,,,,,,thriller,,,,,,,,,,,,lb,,,active
just-cause-vhs-floor-sale-thriller,Just Cause,<p>A Harvard professor is lured back into the courtroom after twenty-five years to take the case of a young black man condemned to death for the horrific murder of a child.</p>,VHS,Media > Videos,,"Floor Sale, Formatted, Thriller, VHS",true,Genre,Thriller,,,,,,,,,0.0,shopify,1,deny,manual,5.00,,true,true,,,,,30381050,https://cdn.shopify.com/s/files/1/0671/0552/1726/files/hbkS4UpgHcGhLlGy9YCX4WIJ4lu.jpg?v=1788267239,1,Just Cause (1995) poster,false,,,,,,,thriller,,,,,,,,,,,,lb,,,active
4-dogs-playing-poker-vhs-floor-sale-thriller,4 Dogs Playing Poker,"<p>With the help of their mentor Felix, a group of the best friends and first-time thieves steal a valuable statuette for a ruthless black market art dealer. After the amateurs botch the delivery of the objet d'art, the dealer kills Felix and forces the remaining four to ""find"" $1 million within a week's time or face certain death.</p>",VHS,Media > Videos,,"Floor Sale, Formatted, Thriller, VHS",true,Genre,Thriller,,,,,,,,,0.0,shopify,1,deny,manual,8.00,,false,false,,,,,30413818,https://cdn.shopify.com/s/files/1/0671/0552/1726/files/6v4Cx2uf3S1UvBvAhKv2kAMz4hq.jpg?v=1788194955,1,4 Dogs Playing Poker (2000) poster,false,,,,,,,thriller,,,,,,,,,,,,lb,,,active
incident-at-deception-ridge-vhs-floor-sale-thriller,Incident at Deception Ridge,"<p>When a double-crossing husband runs off with his wife's ransom money, her kidnappers come after him and the missing money. He leads them on a treacherous journey through the wilderness.</p>",VHS,Media > Videos,,"Floor Sale, Formatted, Thriller, VHS",true,Genre,Thriller,,,,,,,,,0.0,shopify,1,deny,manual,8.00,,false,false,,,,,30446586,https://cdn.shopify.com/s/files/1/0671/0552/1726/files/8ChXf2jZcgjRjSogN1VTONAlBAs.jpg?v=1788194955,1,Incident at Deception Ridge (1994) poster,false,,,,,,,thriller,,,,,,,,,,,,lb,,,active
first-born-vhs-floor-sale-thriller,First Born,"<p>Laura's expecting. Her husband, Steven's a loving guy but has little time for her. Her mom lives thousands of miles away. Forced to give up on her dreams, she's always been a bit edgy. A C-section drives her over the edge, making her see things in a different light. A creepy babysitter doesn't make things any better. She begins seeing things, trusts no one, as she goes into self-destruct mode.</p>",VHS,Media > Videos,,"Floor Sale, Formatted, Thriller, VHS",true,Genre,Thriller,,,,,,,,,0.0,shopify,1,deny,manual,5.00,,true,true,,,,,30479354,https://cdn.shopify.com/s/files/1/0671/0552/1726/files/khZhhaRd3imZBJE5R0HfRypvS33.jpg?v=1788267240,1,First Born (2007) poster,false,,,,,,,thriller,,,,,,,,,,,,lb,,,active
your-ticket-is-no-longer-valid-vhs-floor-sale-thriller,Your Ticket is No Longer Valid,"<p>Set within the super-rich jet-set society of Paris, Richard Harris portrays a man whose life is gradually being destroyed. From sexual trauma to financial disaster, he slowly descends into a world of insanity, perversion and finally the bottomless pit!</p>",VHS,Media > Videos,,"Floor Sale, Formatted, Thriller, VHS",true,Genre,Thriller,,,,,,,,,0.0,shopify,1,deny,manual,19.00,,false,false,,,,,30512122,https://cdn.shopify.com/s/files/1/0671/0552/1726/files/19JuTqmNyNWXjmEfw18PIrMn2Ko.jpg?v=1788194954,1,Your Ticket is No Longer Valid (1981) poster,false,,,,,,,thriller,,,,,,,,,,,,lb,,,active
goodbye-lover-vhs-floor-sale-thriller,Goodbye Lover,<p>Police investigate when a man having an affair with his brother's wife disappears suddenly.</p>,VHS,Media > Videos,,"Floor Sale, Formatted, Thriller, VHS",true,Genre,Thriller,,,,,,,,,0.0,shopify,1,deny,manual,5.00,,false,false,,,,,30708730,https://cdn.shopify.com/s/files/1/0671/0552/1726/files/fE4wFIX2GUrhTkK0VuQ88Kd6ew6.jpg?v=1788194953,1,Goodbye Lover (1999) poster,false,,,,,,,thriller,,,,,,,,,,,,lb,,,active
jezebels-kiss-vhs-floor-sale-thriller,Jezebel's Kiss,<p>A young woman comes to a small town and starts to take vengeance through seduction and manipulation for the grave injustice that was done to her family a long time ago.</p>,VHS,Media > Videos,,"Floor Sale, Formatted, Thriller, VHS",true,Genre,Thriller,,,,,,,,,0.0,shopify,1,deny,manual,15.00,,false,false,,,,,31003642,https://cdn.shopify.com/s/files/1/0671/0552/1726/files/kIKbsL8kj4drklhAeL7lsVwc0uA.jpg?v=1788194953,1,Jezebel's Kiss (1990) poster,false,,,,,,,thriller,,,,,,,,,,,,lb,,,active
death-dreams-vhs-floor-sale-thriller,Death Dreams,"<p>Despite her husband's doubts, a woman reaches out to her dead daughter with a psychiatrist's help.</p>",VHS,Media > Videos,,"Floor Sale, Formatted, Thriller, VHS",true,Genre,Thriller,,,,,,,,,0.0,shopify,1,deny,manual,8.00,,false,false,,,,,49779706,https://cdn.shopify.com/s/files/1/0671/0552/1726/files/qPJ6XMGCaRizE6aAWu9gigDgx3I_73001296-30be-4f99-b1fa-08fa9e8fabbf.jpg?v=1788194952,1,Death Dreams (1991) poster,false,,,,,,,thriller,,,,,,,,,,,,lb,,,active
the-24th-day-vhs-floor-sale-thriller,The 24th Day,<p>Tom and Dan's one-night stand turns into an intense power-play between captor and captive.</p>,VHS,Media > Videos,,"Floor Sale, Formatted, Thriller, VHS",true,Genre,Thriller,,,,,,,,,0.0,shopify,1,deny,manual,11.00,,false,false,,,,,49845242,https://cdn.shopify.com/s/files/1/0671/0552/1726/files/ocNjvdbiStUk987OemlMfhtnI2k_84b640ac-c013-43db-8d0b-49e68fde9cfa.jpg?v=1788194951,1,The 24th Day (2004) poster,false,,,,,,,thriller,,,,,,,,,,,,lb,,,active
undefeatable-vhs-floor-sale-action,Undefeatable,"<p>The film follows Kristi Jones who, along with her gang, take part in Mafia-run street fights to earn money for her sister's college education. Kristi's sister hopes to become a doctor and pay for Kristi's education.</p>",VHS,Media > Videos,,"Action, Floor Sale, Formatted, VHS",true,Genre,Action,,,,,,,,,0.0,shopify,1,deny,manual,20.00,,false,false,,,,,49878010,https://cdn.shopify.com/s/files/1/0671/0552/1726/files/zGueu0lvOJGgJBUj2G8RKeNeLZi.jpg?v=1788194951,1,Undefeatable (1993) poster,false,,,,,,,action,,,,,,,,,,,,lb,,,active
last-plane-out-vhs-floor-sale-action,Last Plane Out,<p>An American journalist covering the civil war in Nicaragua falls in love with a beautiful Sandinista rebel.</p>,VHS,Media > Videos,,"Action, Floor Sale, Formatted, VHS",true,Genre,Action,,,,,,,,,0.0,shopify,1,deny,manual,11.00,,false,false,,,,,49910778,https://cdn.shopify.com/s/files/1/0671/0552/1726/files/2DzIfeE4rMl4asZ840XodkjmfgH.jpg?v=1788194950,1,Last Plane Out (1983) poster,false,,,,,,,action,,,,,,,,,,,,lb,,,active
illtown-vhs-floor-sale-action,illtown,<p>Two young lovers are torn between their part-time criminal activity and the enticement of family and home.</p>,VHS,Media > Videos,,"Action, Floor Sale, Formatted, VHS",true,Genre,Action,,,,,,,,,0.0,shopify,1,deny,manual,11.00,,false,false,,,,,49943546,https://cdn.shopify.com/s/files/1/0671/0552/1726/files/biiuspF2nCXHE0ipMP2p8pWZV9o.jpg?v=1788194949,1,illtown (1996) poster,false,,,,,,,action,,,,,,,,,,,,lb,,,active
mesmerized-vhs-floor-sale-drama,Mesmerized,"<p>An orphan weds an older man in circa-1900 New Zealand, then finds out he's a miser who spies on her.</p>",VHS,Media > Videos,,"Drama, Floor Sale, Formatted, VHS",true,Genre,Drama,,,,,,,,,0.0,shopify,1,deny,manual,8.00,,false,false,,,,,50107386,https://cdn.shopify.com/s/files/1/0671/0552/1726/files/gE12XOvEU0wJEw2GvlmgcpLKjBx.jpg?v=1788194949,1,Mesmerized (1985) poster,false,,,,,,,drama,,,,,,,,,,,,lb,,,active
the-suicide-club-vhs-floor-sale-horror,The Suicide Club,"<p>Prince Florizel of Bohemia discovers a secret club where desperate men gamble with their lives, and vows to bring it to an end.</p>",VHS,Media > Videos,,"Floor Sale, Formatted, Horror, VHS",true,Genre,Horror,,,,,,,,,0.0,shopify,1,deny,manual,12.00,,true,true,,,,,50140154,https://cdn.shopify.com/s/files/1/0671/0552/1726/files/x6SY3xC0yDEBw74Nbdflr6BebE9.jpg?v=1788267239,1,The Suicide Club (1970) poster,false,,,,,,,horror,,,,,,,,,,,,lb,,,active
4-days-vhs-floor-sale-thriller,4 Days,"<p>11 members of an internet suicide site gathered in an abandoned school. They included a former baseball player who retired because of his injuries, a cancer patient whose death was declared, and a high school girl being pessimistic of her school score. While having the last supper after completely preparing the equipment and method for their suicide, they listen to each other's stories.</p>",VHS,Media > Videos,,"Floor Sale, Formatted, Thriller, VHS",true,Genre,Thriller,,,,,,,,,0.0,shopify,1,deny,manual,7.00,,false,false,,,,,50172922,https://cdn.shopify.com/s/files/1/0671/0552/1726/files/40V0QPvsS5Fuj21ivz8NgSuhvle.jpg?v=1788194948,1,4 Days (2008) poster,false,,,,,,,thriller,,,,,,,,,,,,lb,,,active
temptation-1994-vhs-floor-sale-thriller,Temptation (1994),"<p>After five years in prison for insurance fraud the sailor Lanarsky is released. Together with his buddy Bone he gets a job as seamen on board the yacht owned by the wife of his insurance fraud-partner Michael Reddick. Lanarsky has a question to his former partner who he thinks tried to cheat him. But Michael Reddich himself has another insurance plan ready where he will kill everybody on board the yacht, blow it up and then claim the life-insurance for his wife. But Lanarsky and the wife Lee escape and follow Michael to the nearby Cayman Island where the final showdown takes place.</p>",VHS,Media > Videos,,"Floor Sale, Formatted, Thriller, VHS",true,Genre,Thriller,,,,,,,,,0.0,shopify,1,deny,manual,6.00,,false,false,,,,,50205690,https://cdn.shopify.com/s/files/1/0671/0552/1726/files/zQIatNGiIY8Nw0qOsRHgDEvNpBA.jpg?v=1788194947,1,Temptation (1994) poster,false,,,,,,,thriller,,,,,,,,,,,,lb,,,active
death-hunt-1981-vhs-floor-sale-thriller,Death Hunt (1981),"<p>Yukon Territory, Canada, November 1931. Albert Johnson, a trapper who lives alone in the mountains, buys a dog almost dead after a brutal dogfight, a good deed that will put him in trouble.</p>",VHS,Media > Videos,,"Floor Sale, Formatted, Thriller, VHS",true,Genre,Thriller,,,,,,,,,0.0,shopify,1,deny,manual,10.00,,false,false,,,,,50566138,https://cdn.shopify.com/s/files/1/0671/0552/1726/files/j9nVLvOv2Sz3KekD7elwGZII8F9.jpg?v=1788194946,1,Death Hunt (1981) poster,false,,,,,,,thriller,,,,,,,,,,,,lb,,,active
dead-man-out-vhs-floor-sale-thriller,Dead Man Out,<p>A psychiatrist is sent to evaluate if a convicted multiple murderer who's awaiting execution on Death Row for eighth year now and whose behavior during that time got more and more erratic is still mentally fit to be executed.</p>,VHS,Media > Videos,,"Floor Sale, Formatted, Thriller, VHS",true,Genre,Thriller,,,,,,,,,0.0,shopify,1,deny,manual,15.00,,false,false,,,,,50598906,https://cdn.shopify.com/s/files/1/0671/0552/1726/files/kwH7oVDC38HU9HbgU47WCXuZH0m.jpg?v=1788194945,1,Dead Man Out (1989) poster,false,,,,,,,thriller,,,,,,,,,,,,lb,,,active
the-joyriders-vhs-floor-sale-thriller,The Joyriders,<p>The close-knit relationship among a trio of homeless teenagers is changed forever after they kidnap a suicidal septuagenarian for his car and money.</p>,VHS,Media > Videos,,"Floor Sale, Formatted, Thriller, VHS",true,Genre,Thriller,,,,,,,,,0.0,shopify,1,deny,manual,6.00,,false,false,,,,,50631674,https://cdn.shopify.com/s/files/1/0671/0552/1726/files/qC3rQkaVdelJdQwCkNxUJgvqxdb.jpg?v=1788194944,1,The Joyriders (1999) poster,false,,,,,,,thriller,,,,,,,,,,,,lb,,,active
nowhere-to-run-1989-vhs-floor-sale-thriller,Nowhere to Run (1989),"<p>Rural Texas, 1960 -- An age of good times and innocence, when growing up was supposed to be easy. Six high school seniors know the terrible secret that will make the difference in the biggest election in the county's history. Now they must make the most difficult decision of their lives. They must become adults. Written by Concorde - New Horizons</p>",VHS,Media > Videos,,"Floor Sale, Formatted, Thriller, VHS",true,Genre,Thriller,,,,,,,,,0.0,shopify,1,deny,manual,7.00,,false,false,,,,,50697210,https://cdn.shopify.com/s/files/1/0671/0552/1726/files/zIdmapiTSCqPxC97Sjpb4MwjplR.jpg?v=1788194943,1,Nowhere to Run (1989) poster,false,,,,,,,thriller,,,,,,,,,,,,lb,,,active
jigsaw-1990-vhs-floor-sale-thriller,Jigsaw (1990),"<p>On the first morning of her honeymoon after a whirlwind 3 week romance, successful business woman Virginia Bond finds herself both a widow and the prime suspect in her husband's murder. Desperately attempting to piece together the jigsaw of her husband's life, Virginia and police detective Broulle uncover political and business connections involving mullions of dollars worth of real estate. As the true picture of the man she impulsively married emerges, Virginia plunges deeper into a web of danger and conspiracy.</p>",VHS,Media > Videos,,"Floor Sale, Formatted, Thriller, VHS",true,Genre,Thriller,,,,,,,,,0.0,shopify,1,deny,manual,11.00,,false,false,,,,,50729978,https://cdn.shopify.com/s/files/1/0671/0552/1726/files/4cE4TMAZPxhmoqtr3HSC3D42qE1_193ca1d5-3c5b-4531-a838-6ee1b00af3c1.jpg?v=1788194943,1,Jigsaw (1990) poster,false,,,,,,,thriller,,,,,,,,,,,,lb,,,active
shallow-grave-1994-vhs-floor-sale-thriller,Shallow Grave (1994),"<p>When David, Juliet, and Alex find their new roommate dead with a large sum of money, they agree to hide the body and keep the cash. However, this newfound fortune gradually corrodes their friendship.</p>",VHS,Media > Videos,,"Floor Sale, Formatted, Thriller, VHS",true,Genre,Thriller,,,,,,,,,0.0,shopify,1,deny,manual,7.00,,false,false,,,,,50795514,https://cdn.shopify.com/s/files/1/0671/0552/1726/files/gqvSKLbfIg1mja1ulVkVcLhdwWF.jpg?v=1788194942,1,Shallow Grave (1994) poster,false,,,,,,,thriller,,,,,,,,,,,,lb,,,active
ignition-vhs-floor-sale-thriller,Ignition,<p>A web of intrigue and conspiracy lies beneath the euphoria as the U.S. is about to put a man on the moon for the first time in over thirty years</p>,VHS,Media > Videos,,"Floor Sale, Formatted, Thriller, VHS",true,Genre,Thriller,,,,,,,,,0.0,shopify,1,deny,manual,11.00,,true,true,,,,,51057658,https://cdn.shopify.com/s/files/1/0671/0552/1726/files/6ntSTjI6ePjciTPvcFY7kTqmsOo.jpg?v=1788267239,1,Ignition (2002) poster,false,,,,,,,thriller,,,,,,,,,,,,lb,,,active
identity-vhs-floor-sale-thriller,Identity,"<p>Complete strangers stranded at a remote desert motel during a raging storm soon find themselves the target of a deranged murderer. As their numbers thin out, the travelers begin to turn on each other, as each tries to figure out who the killer is.</p>",VHS,Media > Videos,,"Floor Sale, Formatted, Thriller, VHS",true,Genre,Thriller,,,,,,,,,0.0,shopify,1,deny,manual,5.00,,false,false,,,,,51090426,https://cdn.shopify.com/s/files/1/0671/0552/1726/files/sYgimsiBywqVwJI8H4sETke8m7v.jpg?v=1788194941,1,Identity (2003) poster,false,,,,,,,thriller,,,,,,,,,,,,lb,,,active
kinjite-forbidden-subjects-vhs-floor-sale-thriller,Kinjite Forbidden Subjects,<p>A brutal Los Angeles police lieutenant is determined to bust up an organization that forces underage girls into prostitution.</p>,VHS,Media > Videos,,"Floor Sale, Formatted, Thriller, VHS",true,Genre,Thriller,,,,,,,,,0.0,shopify,1,deny,manual,8.00,,false,false,,,,,63582970,https://cdn.shopify.com/s/files/1/0671/0552/1726/files/7Xajyek8VgKTt43hfvs8SIpBE4B_9f8725fa-8d8e-4d37-8142-aebd0e4c9ae9.jpg?v=1788194940,1,Kinjite Forbidden Subjects (1989) poster,false,,,,,,,thriller,,,,,,,,,,,,lb,,,active
lethal-weapon-4-vhs-floor-sale-action,Lethal Weapon 4,"<p>With personal crises and age weighing in on them, LAPD officers Riggs and Murtaugh must contend with a deadly Chinese crime lord trying to get his brother out of prison.</p>",VHS,Media > Videos,,"Action, Floor Sale, Formatted, VHS",true,Genre,Action,,,,,,,,,0.0,shopify,1,deny,manual,5.00,,false,false,,,,,63615738,https://cdn.shopify.com/s/files/1/0671/0552/1726/files/pTLliHRoG0Qwp6qycmrMB4bD3mr_be1b6aae-a6b3-4b7f-b521-c111fa913785.jpg?v=1788194939,1,Lethal Weapon 4 (1998) poster,false,,,,,,,action,,,,,,,,,,,,lb,,,active
hong-kong-97-vhs-floor-sale-thriller,Hong Kong '97,"<p>Hong Kong 97 takes place in Hong Kong right before the transfer of power from Britain to China. Reginald Cameron, an assassin affiliated with a large corporation with interests in the colony, guns down key members of the Chinese envoy which will take charge of Hong Kong the next day. Suddenly, he becomes a target for every two-bit mercenary in the city. With the help of his company mentor, a clueless friend, and his ex-girlfriend, Cameron must unravel the motives behind his sudden target status and escape Hong Kong alive.</p>",VHS,Media > Videos,,"Floor Sale, Formatted, Thriller, VHS",true,Genre,Thriller,,,,,,,,,0.0,shopify,1,deny,manual,10.00,,false,false,,,,,63648506,https://cdn.shopify.com/s/files/1/0671/0552/1726/files/gcVkSUbjpIM10jxSJYHc8RyaP3h_565d43e0-bf66-4d39-b5f6-ebdabbdf423f.jpg?v=1788194939,1,Hong Kong '97 (1994) poster,false,,,,,,,thriller,,,,,,,,,,,,lb,,,active
johnny-handsome-vhs-floor-sale-thriller,Johnny Handsome,"<p>A career criminal who has been deformed since birth is given a new face by a kindly doctor and paroled from prison. It appears that he has gone straight, but he is really planning his revenge on the man who killed his mentor and sent him to prison.</p>",VHS,Media > Videos,,"Floor Sale, Formatted, Thriller, VHS",true,Genre,Thriller,,,,,,,,,0.0,shopify,1,deny,manual,5.00,,false,false,,,,,63681274,https://cdn.shopify.com/s/files/1/0671/0552/1726/files/ec0fMt4CwtWJ0VxeJr9nnhdS867_0d914a98-a087-4b67-baa7-59d5630a1cdc.jpg?v=1788194938,1,Johnny Handsome (1989) poster,false,,,,,,,thriller,,,,,,,,,,,,lb,,,active
nairobi-affair-vhs-floor-sale-action,Nairobi Affair,"<p>A former green beret is hired by the Kenyan government to stop increasingly bold and violent poachers. As if that wasn't hard enough, he has to deal with his estranged father, now a safari guide, and with the woman they both love.</p>",VHS,Media > Videos,,"Action, Floor Sale, Formatted, VHS",true,Genre,Action,,,,,,,,,0.0,shopify,1,deny,manual,8.00,,false,false,,,,,63943418,https://cdn.shopify.com/s/files/1/0671/0552/1726/files/k4mRHmx6ugAiI9W4txmdRm8YVFE.jpg?v=1788194938,1,Nairobi Affair (1984) poster,false,,,,,,,action,,,,,,,,,,,,lb,,,active
flight-of-black-angel-vhs-floor-sale-action,Flight of Black Angel,<p>A US Air Force pilot steals a nuclear bomb and sets off on what he believes is a divine mission against an American city.</p>,VHS,Media > Videos,,"Action, Floor Sale, Formatted, VHS",true,Genre,Action,,,,,,,,,0.0,shopify,1,deny,manual,10.00,,false,false,,,,,63976186,https://cdn.shopify.com/s/files/1/0671/0552/1726/files/d55mSfyJQJ9tSZjpuVqgWLdHanC_cd9afddc-84ea-4fcb-ab67-23050ab99415.jpg?v=1788194937,1,Flight of Black Angel (1991) poster,false,,,,,,,action,,,,,,,,,,,,lb,,,active
the-forgotton-one-vhs-floor-sale-thriller,The Forgotton One,<p>The Forgotten One is a 1989 horror-mystery film starring Terry O'Quinn as a widowed writer seduced by the ghost of a murdered woman in his new Victorian house.</p>,VHS,Media > Videos,,"Floor Sale, Formatted, Thriller, VHS",true,Genre,Thriller,,,,,,,,,0.0,shopify,1,deny,manual,20.00,,false,false,,,,,64008954,https://cdn.shopify.com/s/files/1/0671/0552/1726/files/MV5BZTA1NmJkNzEtNTEzMi00NzA4LTk5MTctMWM5YTRhNDdmM2JlXkEyXkFqcGc_._V1_FMjpg_UX1000.jpg?v=1788272154,1,The Forgotton One poster,false,,,,,,,thriller,,,,,,,,,,,,lb,,,active
the-wrecking-crew-1968-vhs-floor-sale-thriller,The Wrecking Crew (1968),"<p>When Count Contini attempts to destroy the world's economy by masterminding the theft of $1 billion in U.S. gold, ICE chief MacDonald summons secret agent Matt Helm to stop him.</p>",VHS,Media > Videos,,"Floor Sale, Formatted, Thriller, VHS",true,Genre,Thriller,,,,,,,,,0.0,shopify,1,deny,manual,4.00,,false,false,,,,,64074490,https://cdn.shopify.com/s/files/1/0671/0552/1726/files/rvuQCsZBaZ1k254gubEojOz9zss.jpg?v=1788194936,1,The Wrecking Crew (1968) poster,false,,,,,,,thriller,,,,,,,,,,,,lb,,,active
the-killing-man-vhs-floor-sale-action,The Killing Man,"<p>Harlin Garret loses his memory and finds himself closed in a facility claimed to belong to the state security services. The manager of this place tells Garrett he used to be a killer for the mob but Garrett refuses to believe. Then he is forced to kill people that are a ""Risk to the state security"", but the whole story gets complicated when Garret falls in love with one of his victims...</p>",VHS,Media > Videos,,"Action, Floor Sale, Formatted, VHS",true,Genre,Action,,,,,,,,,0.0,shopify,1,deny,manual,8.00,,false,false,,,,,64107258,https://cdn.shopify.com/s/files/1/0671/0552/1726/files/b5jTUSPP29WN2jGrPJXImfxMXk8.jpg?v=1788194936,1,The Killing Man (1995) poster,false,,,,,,,action,,,,,,,,,,,,lb,,,active
murder-in-the-orient-vhs-floor-sale-action,Murder in the Orient,"<p>American agent, with the help of a wise martial arts teacher, hunts down a pair of samurai swords that are worth millions of dollars.</p>",VHS,Media > Videos,,"Action, Floor Sale, Formatted, VHS",true,Genre,Action,,,,,,,,,0.0,shopify,1,deny,manual,8.00,,false,false,,,,,64205562,https://cdn.shopify.com/s/files/1/0671/0552/1726/files/m6Ro2JBSDS0eenmbVeGWJ44KP8A.jpg?v=1788194935,1,Murder in the Orient (1974) poster,false,,,,,,,action,,,,,,,,,,,,lb,,,active
zero-1984-vhs-floor-sale-action,Zero (1984),<p>Two young men are recruited into the Japanese air force just before outbreak of WW2 by the test pilot of Japans new super fighter - the Zero. The movie is told in reverse from the point of one of the young men who don't qualify for the pilot training and instead joins the ground crew. It chronicles the entire history of the famous fighter from the first prototype test flights all through the war.</p>,VHS,Media > Videos,,"Action, Floor Sale, Formatted, VHS",true,Genre,Action,,,,,,,,,0.0,shopify,1,deny,manual,15.00,,false,false,,,,,64238330,https://cdn.shopify.com/s/files/1/0671/0552/1726/files/nFgDg6ibOq6evWNgaXnLieHXIVn_ece53643-3404-44e4-82c6-67dba5d93ff0.jpg?v=1788194934,1,Zero (1984) poster,false,,,,,,,action,,,,,,,,,,,,lb,,,active
tusks-vhs-floor-sale-action,Tusks,"<p>Roger Singh is an animal poacher with hate in his heart, and revenge on his mind. Embittered by a recent stint in prison, Singh returns to the forbidden ivory trade only to lock horns with new game warden and former friend Mark Smith, whose testimony years before helped put Singh away.</p>",VHS,Media > Videos,,"Action, Floor Sale, Formatted, VHS",true,Genre,Action,,,,,,,,,0.0,shopify,1,deny,manual,10.00,,true,true,,,,,64271098,https://cdn.shopify.com/s/files/1/0671/0552/1726/files/mLd0XiaCSCbrKdNdZtRCrhQlSu4.jpg?v=1788267238,1,Tusks (1988) poster,false,,,,,,,action,,,,,,,,,,,,lb,,,active
quiet-cool-vhs-floor-sale-action,Quiet Cool,"<p>Joe Dylanne, a tough New York City police officer, is summoned to Northern California at the behest of Katy Greer, an old flame. Katy desperately needs Joe's help after the brutal killings of much of her family at the hands of rural marijuana dealers. Upon arriving in the area, Joe discovers that local law enforcement isn't helpful, and he must team up with Katy's survivalist nephew, to take down the murderous criminals.</p>",VHS,Media > Videos,,"Action, Floor Sale, Formatted, VHS",true,Genre,Action,,,,,,,,,0.0,shopify,1,deny,manual,10.00,,false,false,,,,,64303866,https://cdn.shopify.com/s/files/1/0671/0552/1726/files/r98VyBQ49I1OkjAu6w24qAve56V_0ad642b3-c749-45b3-ad23-7f7a33ed39cd.jpg?v=1788194934,1,Quiet Cool (1986) poster,false,,,,,,,action,,,,,,,,,,,,lb,,,active
picture-claire-vhs-floor-sale-thriller,Picture Claire,"<p>Quebec native Claire Beaucage has a one-night stand with a photographer of some renown. Despite the language barrier between them, he invites her to visit him in Toronto. She shows up on his doorstep after an arson attack leaves her homeless, but soon finds herself caught up in a case of murder and mistaken identity.</p>",VHS,Media > Videos,,"Floor Sale, Formatted, Thriller, VHS",true,Genre,Thriller,,,,,,,,,0.0,shopify,1,deny,manual,10.00,,false,false,,,,,64566010,https://cdn.shopify.com/s/files/1/0671/0552/1726/files/2wEsMBXd4GlEhwF2Kpo6jU35fn.jpg?v=1788194933,1,Picture Claire (2001) poster,false,,,,,,,thriller,,,,,,,,,,,,lb,,,active
bird-on-a-wire-vhs-floor-sale-action,Bird on a Wire,"<p>An FBI informant has kept his new identity secret for 15 years. Now an old flame has recognised him, and the bad guys are back for revenge.</p>",VHS,Media > Videos,,"Action, Floor Sale, Formatted, VHS",true,Genre,Action,,,,,,,,,0.0,shopify,1,deny,manual,4.00,,false,false,,,,,64664314,https://cdn.shopify.com/s/files/1/0671/0552/1726/files/vhsv2PrAPZ79ZpV64AJ2TiEI2zX.jpg?v=1788194933,1,Bird on a Wire (1990) poster,false,,,,,,,action,,,,,,,,,,,,lb,,,active
stander-vhs-floor-sale-thriller,Stander,"<p>The life and career of Andre Stander, a South African police officer turned bank robber.</p>",VHS,Media > Videos,,"Floor Sale, Formatted, Thriller, VHS",true,Genre,Thriller,,,,,,,,,0.0,shopify,1,deny,manual,5.00,,false,false,,,,,05689850,https://cdn.shopify.com/s/files/1/0671/0552/1726/files/qZdbA5MScI0dDeeyI2BzuI2lfut.jpg?v=1788194931,1,Stander (2003) poster,false,,,,,,,thriller,,,,,,,,,,,,lb,,,active
the-journeyman-vhs-floor-sale-thriller,The Journeyman,"<p>In the Wild West at the turn of the century, two young brothers watch as their Grandpa is gunned down in cold blood. The desperados kidnap the older boy while a priest takes in the younger one. Thirteen years later these two brothers will cross paths again as they both seek revenge, each in their own way.</p>",VHS,Media > Videos,,"Floor Sale, Formatted, Thriller, VHS",true,Genre,Thriller,,,,,,,,,0.0,shopify,1,deny,manual,8.00,,true,true,,,,,05755386,https://cdn.shopify.com/s/files/1/0671/0552/1726/files/z4Kh5wnKCZP4YTFe9CREVcOYVbm.jpg?v=1788267237,1,The Journeyman (2001) poster,false,,,,,,,thriller,,,,,,,,,,,,lb,,,active
the-hostage-tower-vhs-floor-sale-thriller,The Hostage Tower,"<p>A flamboyant master criminal and several specialists stage an audacious scheme to capture the Eiffel Tower and hold as hostage one of its visitors, the U.S. President's mother, while the head of a UN security force tries to stop them.</p>",VHS,Media > Videos,,"Floor Sale, Formatted, Thriller, VHS",true,Genre,Thriller,,,,,,,,,0.0,shopify,1,deny,manual,10.00,,false,false,,,,,05788154,https://cdn.shopify.com/s/files/1/0671/0552/1726/files/4nZJO87WlQOkJKVAwPF5bCIowa8_4b299548-4073-455f-85aa-81f19c0419b5.jpg?v=1788194931,1,The Hostage Tower (1980) poster,false,,,,,,,thriller,,,,,,,,,,,,lb,,,active
warriors-1994-vhs-floor-sale-action,Warriors (1994),<p>A government-trained killing machine must turn his lethal skills against his top-secret squad's AWOL leader</p>,VHS,Media > Videos,,"Action, Floor Sale, Formatted, VHS",true,Genre,Action,,,,,,,,,0.0,shopify,1,deny,manual,8.00,,false,false,,,,,05820922,https://cdn.shopify.com/s/files/1/0671/0552/1726/files/gdoeu0sWbeF8DISlPHOTIbvlBOQ.jpg?v=1788194930,1,Warriors (1994) poster,false,,,,,,,action,,,,,,,,,,,,lb,,,active
diamondbacks-vhs-floor-sale-action,Diamondbacks,"<p>The Diamondback Militia violently opposes certain U.S. policies regarding satellite info. After a lightning attack on a federal courthouse, the militia takes over a space shuttle tracking station. The goal: to take control of a multi-billion dollar communications satellite. Who will save the space shuttle and its crew?</p>",VHS,Media > Videos,,"Action, Floor Sale, Formatted, VHS",true,Genre,Action,,,,,,,,,0.0,shopify,1,deny,manual,8.00,,false,false,,,,,05853690,https://cdn.shopify.com/s/files/1/0671/0552/1726/files/lHCd4MV4ds26wBqucYVuuLFspAx_b087f1aa-aec0-4653-9bf3-e3af2a93d47a.jpg?v=1788194930,1,Diamondbacks (1998) poster,false,,,,,,,action,,,,,,,,,,,,lb,,,active
the-fourth-protocol-vhs-floor-sale-action,The Fourth Protocol,"<p>Led by Kim Philby, Plan Aurora is a plan that breaches the top-secret Fourth Protocol and turns the fears that shaped it into a living nightmare. A crack Soviet agent, placed under cover in a quiet English country town, begins to assemble a nuclear bomb, whilst an MI5 agent attempts to prevent its detonation.</p>",VHS,Media > Videos,,"Action, Floor Sale, Formatted, VHS",true,Genre,Action,,,,,,,,,0.0,shopify,1,deny,manual,5.00,,false,false,,,,,05886458,https://cdn.shopify.com/s/files/1/0671/0552/1726/files/7CQdgXMGUHfej4hCoOIEUq8gMUW_66cdd954-1389-4c85-8452-9d1940443629.jpg?v=1788194929,1,The Fourth Protocol (1987) poster,false,,,,,,,action,,,,,,,,,,,,lb,,,active
gotham-vhs-floor-sale-thriller,Gotham,<p>A New York private eye searches for a socialite who supposedly drowned 10 years before.</p>,VHS,Media > Videos,,"Floor Sale, Formatted, Thriller, VHS",true,Genre,Thriller,,,,,,,,,0.0,shopify,1,deny,manual,12.00,,true,true,,,,,06017530,https://cdn.shopify.com/s/files/1/0671/0552/1726/files/tH4mlVf9sbvgnzBbLsQHZwzPjDm.jpg?v=1788267237,1,Gotham (1988) poster,false,,,,,,,thriller,,,,,,,,,,,,lb,,,active
tornado,Tornado,"<p>An accountant sent to produce an evaluation of a tornado research project, and the scientist running the project pursue tornadoes and each other.</p>",VHS,Media > Videos,,"Action, Floor Sale, Formatted, VHS",true,Genre,Action,,,,,,,,,0.0,shopify,1,deny,manual,22.00,,true,true,,,,,32076026,https://cdn.shopify.com/s/files/1/0671/0552/1726/files/kzQNHyfqdbUdpJqHyqtZSQYxq5F.jpg?v=1788267237,1,Tornado (1996) poster,false,,,,,,,action,,,,,,,,,,,,lb,,,active
flubber-vhs-rental-kids-family,Flubber,"<p>Professor Philip Brainard is experimenting with new kinds of energy, and he thinks this project will save struggling Medfield College, where his girlfriend, Sara, is president. But when he discovers a lively, rubber-like substance dubbed flubber, he gets so excited, he absent-mindedly misses his own wedding. Sara dumps him, so he tries to use his discovery to win her back; unfortunately, the mischievous flubber seems to have a mind of its own.</p>",VHS,Media > Videos,,"Formatted, Kids & Family, Rental, VHS",true,Genre,Kids & Family,,,,,,,,,0.0,shopify,1,deny,manual,0.00,,false,false,,,,,83832570,https://cdn.shopify.com/s/files/1/0671/0552/1726/files/images_1fe40a35-662a-4103-b97b-74145663b7a7.jpg?v=1788194928,1,Flubber poster,false,,,,,,,kids-family,,,,,,,,,,,,lb,,,active
oliver-company-vhs-rental-kids-family,Oliver & Company,"<p>In this animated update of the classic Oliver Twist tale, Oliver (Joey Lawrence) is an orphaned kitten taken in by a gang of thieving dogs, led by cavalier canine Dodger (Billy Joel) and owned by down-and-out pickpocket Fagin (Dom DeLuise). While pulling a job in the streets of New York City, Oliver winds up being adopted by a rich girl, Jenny (Natalie Gregory), and landing on easy street. But through a series of events, a loan shark threatens the peaceful new arrangement.</p>",VHS,Media > Videos,,"Formatted, Kids & Family, Rental, VHS",true,Genre,Kids & Family,,,,,,,,,0.0,shopify,1,deny,manual,0.00,,false,false,,,,,84258554,https://cdn.shopify.com/s/files/1/0671/0552/1726/files/images_b3afb623-9934-4ca3-9127-924fd9e9cd0e.jpg?v=1788194927,1,Oliver & Company poster,false,,,,,,,kids-family,,,,,,,,,,,,lb,,,active
sleeping-beauty-vhs-rental-kids-family,Sleeping Beauty,"<p>Filled with jealousy, the evil witch Maleficent (Erdman Penner) curses Princess Aurora (Clyde Geronimi) to die on her 16th birthday.</p>",VHS,Media > Videos,,"Formatted, Kids & Family, Rental, VHS",true,Genre,Kids & Family,,,,,,,,,0.0,shopify,1,deny,manual,0.00,,false,false,,,,,84291322,https://cdn.shopify.com/s/files/1/0671/0552/1726/files/images_f020d262-96f2-4ea8-b11c-caa908d3eb98.jpg?v=1788194927,1,Sleeping Beauty poster,false,,,,,,,kids-family,,,,,,,,,,,,lb,,,active
zeus-and-roxanna-vhs-rental-kids-family,Zeus and Roxanna,"<p>Marine biologist Mary Beth is amused by the friendship which develops between her dolphin Roxanne and a dog called Zeus. She's even more surprised when she starts to fall for the dog's owner, rock composer Terry.</p>",VHS,Media > Videos,,"Formatted, Kids & Family, Rental, VHS",true,Genre,Kids & Family,,,,,,,,,0.0,shopify,1,deny,manual,0.00,,false,false,,,,,85044986,https://cdn.shopify.com/s/files/1/0671/0552/1726/files/images_4abbffb0-1417-4737-b6c6-5711f953cb59.jpg?v=1788194926,1,Zeus and Roxanna poster,false,,,,,,,kids-family,,,,,,,,,,,,lb,,,active
the-lion-king-vhs-rental-kids-family,The Lion King,"<p>This Disney animated feature follows the adventures of the young lion Simba (Jonathan Taylor Thomas), the heir of his father, Mufasa (James Earl Jones). Simba's wicked uncle, Scar (Jeremy Irons), plots to usurp Mufasa's throne by luring father and son into a stampede of wildebeests. But Simba escapes, and only Mufasa is killed. Simba returns as an adult (Matthew Broderick) to take back his homeland from Scar with the help of his friends Timon (Nathan Lane) and Pumbaa (Ernie Sabella).</p>",VHS,Media > Videos,,"Formatted, Kids & Family, Rental, VHS",true,Genre,Kids & Family,,,,,,,,,0.0,shopify,1,deny,manual,0.00,,false,false,,,,,85077754,https://cdn.shopify.com/s/files/1/0671/0552/1726/files/images_dfd33485-5ba3-4a72-923e-d9818a5421f6.jpg?v=1788194925,1,The Lion King poster,false,,,,,,,kids-family,,,,,,,,,,,,lb,,,active
peter-pan-vhs-rental-kids-family,Peter Pan,"<p>This Disney classic begins in London at the beginning of the century, Wendy Darling delights her brothers with the wonder of bedtime stories. She tells them how the mythical Peter Pan, the boy who never grew up, fights against the evil Captain Hook. One night the tale comes to life when the kids are visited by Peter Pan and whisked away to Never Land. There they meet the Lost Boys and Peter's nemesis: Captain Hook and his dangerous pirates.</p>",VHS,Media > Videos,,"Formatted, Kids & Family, Rental, VHS",true,Genre,Kids & Family,,,,,,,,,0.0,shopify,1,deny,manual,0.00,,false,false,,,,,85110522,https://cdn.shopify.com/s/files/1/0671/0552/1726/files/images_384003a7-0329-45e7-96cd-8d3c3c00975a.jpg?v=1788194925,1,Peter Pan poster,false,,,,,,,kids-family,,,,,,,,,,,,lb,,,active
snow-white-and-the-seven-dwarfs-vhs-rental-kids-family,Snow White and the Seven Dwarfs,"<p>The Grimm fairy tale gets a Technicolor treatment in Disney's first animated feature. Jealous of Snow White's beauty, the wicked queen orders the murder of her innocent stepdaughter, but later discovers that Snow White is still alive and hiding in a cottage with seven friendly little miners. Disguising herself as a hag, the queen brings a poisoned apple to Snow White, who falls into a death-like sleep that can be broken only by a kiss from the prince.</p>",VHS,Media > Videos,,"Formatted, Kids & Family, Rental, VHS",true,Genre,Kids & Family,,,,,,,,,0.0,shopify,1,deny,manual,0.00,,false,false,,,,,85143290,https://cdn.shopify.com/s/files/1/0671/0552/1726/files/images_bc56bfb5-c427-45e7-b738-515b464b9054.jpg?v=1788194924,1,Snow White and the Seven Dwarfs poster,false,,,,,,,kids-family,,,,,,,,,,,,lb,,,active
the-fox-and-the-hound-vhs-rental-kids-family,The Fox and the Hound,"<p>After his mother is killed, Tod the fox (Mickey Rooney) is taken in by the kindly Widow Tweed (Jeanette Nolan). He soon befriends the neighbor's new hound dog, Copper (Kurt Russell). The two are inseparable, but their friendship is hampered by their masters and by the fact that they are, by nature, enemies. They grow apart as they grow older; Copper has become a strong hunting dog and Tod a wild fox. The pair must overcome their inherent differences in order to salvage their friendship.</p>",VHS,Media > Videos,,"Formatted, Kids & Family, Rental, VHS",true,Genre,Kids & Family,,,,,,,,,0.0,shopify,1,deny,manual,0.00,,false,false,,,,,85241594,https://cdn.shopify.com/s/files/1/0671/0552/1726/files/images_f91c68a3-3b6f-438c-9cbe-4e5eb8ab87f3.jpg?v=1788194924,1,The Fox and the Hound poster,false,,,,,,,kids-family,,,,,,,,,,,,lb,,,active
cinderella-vhs-rental-kids-family,Cinderella,"<p>After her father unexpectedly dies, young Ella (Lily James) finds herself at the mercy of her cruel stepmother (Cate Blanchett) and stepsisters, who reduce her to scullery maid. Despite her circumstances, she refuses to despair. An invitation to a palace ball gives Ella hope that she might reunite with the dashing stranger (Richard Madden) she met in the woods, but her stepmother prevents her from going. Help arrives in the form of a kindly beggar woman who has a magic touch for ordinary things.</p>",VHS,Media > Videos,,"Formatted, Kids & Family, Rental, VHS",true,Genre,Kids & Family,,,,,,,,,0.0,shopify,1,deny,manual,0.00,,false,false,,,,,85307130,https://cdn.shopify.com/s/files/1/0671/0552/1726/files/images_9b26d263-9550-4716-8d25-961cdde080de.jpg?v=1788194923,1,Cinderella poster,false,,,,,,,kids-family,,,,,,,,,,,,lb,,,active
stuart-little-vhs-rental-kids-family,Stuart Little,"<p>When the Littles go to an orphanage to adopt a new family member, a charming young mouse named Stuart is chosen. While George is initially unwelcoming to his new brother, the family cat, Snowbell, is even less enthusiastic about having a mouse as his ""master"" and plots to get rid of him. Against these difficulties, Stuart resolves to face them with as much pluck, love and courage as he can muster. In doing so, he shows his beloved new family that great things can truly come in small packages.</p>",VHS,Media > Videos,,"Formatted, Kids & Family, Rental, VHS",true,Genre,Kids & Family,,,,,,,,,0.0,shopify,1,deny,manual,0.00,,false,false,,,,,85339898,https://cdn.shopify.com/s/files/1/0671/0552/1726/files/images_4cd276d5-95c4-48cb-9c01-a528da85aedc.jpg?v=1788194922,1,Stuart Little poster,false,,,,,,,kids-family,,,,,,,,,,,,lb,,,active
harriet-the-spy-vhs-rental-kids-family,Harriet the Spy,"<p>Harriet (Michelle Trachtenberg) may only be in the sixth grade, but she's already found her calling: to be a spy. In a private journal she takes everywhere, Harriet records suspicious activity and keeps a running list of observations on virtually everyone she knows. It seems harmless enough until, one day, someone finds the journal and exposes Harriet's critical thoughts about her classmates. Suddenly, even her best friends are against her, and Harriet resolves to take revenge.</p>",VHS,Media > Videos,,"Formatted, Kids & Family, Rental, VHS",true,Genre,Kids & Family,,,,,,,,,0.0,shopify,1,deny,manual,0.00,,false,false,,,,,85372666,https://cdn.shopify.com/s/files/1/0671/0552/1726/files/images_1ba5a0b3-af52-4e59-9430-10dc03b2399e.jpg?v=1788194921,1,Harriet the Spy poster,false,,,,,,,kids-family,,,,,,,,,,,,lb,,,active
101-dalmatians-vhs-rental-kids-family,101 Dalmatians,"<p>In a Disney animation classic, Dalmatian Pongo is tired of his bachelor-dog life. He spies lovely Perdita and maneuvers his master, Roger, into meeting Perdita's owner, Anita. The owners fall in love and marry, keeping Pongo and Perdita together too. After Perdita gives birth to a litter of 15 puppies, Anita's old school friend Cruella De Vil wants to buy them all. Roger declines her offer, so Cruella hires the criminal Badun brothers to steal them -- so she can have a fur coat.</p>",VHS,Media > Videos,,"Formatted, Kids & Family, Rental, VHS",true,Genre,Kids & Family,,,,,,,,,0.0,shopify,1,deny,manual,0.00,,false,false,,,,,85405434,https://cdn.shopify.com/s/files/1/0671/0552/1726/files/images_0525daa3-0441-47cc-a4eb-bafe907aae42.jpg?v=1788194921,1,101 Dalmatians poster,false,,,,,,,kids-family,,,,,,,,,,,,lb,,,active
alice-in-wonderland-dvd-rental-kids-family,Alice in Wonderland,"<p>A young girl when she first visited magical Underland, Alice Kingsleigh is now a teenager with no memory of the place -- except in her dreams. Her life takes a turn for the unexpected when, at a garden party for her fiancé and herself, she spots a certain white rabbit and tumbles down a hole after him. Reunited with her friends the Mad Hatter, the Cheshire Cat and others, Alice learns it is her destiny to end the Red Queen's reign of terror.</p>",DVD,Media > Videos,,"DVD, Formatted, Kids & Family, Rental",true,Genre,Kids & Family,,,,,,,,,0.0,shopify,1,deny,manual,0.00,,false,false,,,,,85438202,https://cdn.shopify.com/s/files/1/0671/0552/1726/files/images_7601f1b4-0dcc-4133-bbbf-8a3b500fa7f8.jpg?v=1788194920,1,Alice in Wonderland poster,false,,,,,,,kids-family,,,,,,,,,,,,lb,,,active
brave-bluray-rental-kids-family,Brave,"<p>Merida (Kelly Macdonald), the impetuous but courageous daughter of Scottish King Fergus (Billy Connolly) and Queen Elinor (Emma Thompson), is a skilled archer who wants to carve out her own path in life. Her defiance of an age-old tradition angers the Highland lords and leads to chaos in the kingdom. Merida seeks help from an eccentric witch (Julie Walters), who grants her an ill-fated wish. Now, Merida must discover the true meaning of courage and undo a beastly curse before it's too late.</p>",Blu-Ray,Media > Videos,,"Blu-Ray, Formatted, Kids & Family, Rental",true,Genre,Kids & Family,,,,,,,,,0.0,shopify,1,deny,manual,0.00,,false,false,,,,,85470970,https://cdn.shopify.com/s/files/1/0671/0552/1726/files/images_60539b06-e443-400e-9756-3bc55e856011.jpg?v=1788194919,1,Brave poster,false,,,,,,,kids-family,,,,,,,,,,,,lb,,,active
inside-out-bluray-rental-kids-family,Inside Out,"<p>Riley (Kaitlyn Dias) is a happy, hockey-loving 11-year-old Midwestern girl, but her world turns upside-down when she and her parents move to San Francisco. Riley's emotions -- led by Joy (Amy Poehler) -- try to guide her through this difficult, life-changing event. However, the stress of the move brings Sadness (Phyllis Smith) to the forefront. When Joy and Sadness are inadvertently swept into the far reaches of Riley's mind, the only emotions left in Headquarters are Anger, Fear and Disgust.</p>",Blu-Ray,Media > Videos,,"Blu-Ray, Formatted, Kids & Family, Rental",true,Genre,Kids & Family,,,,,,,,,0.0,shopify,1,deny,manual,0.00,,false,false,,,,,85503738,https://cdn.shopify.com/s/files/1/0671/0552/1726/files/images_b69d7287-164c-44ac-9ae5-44f4c3acc231.jpg?v=1788194919,1,Inside Out poster,false,,,,,,,kids-family,,,,,,,,,,,,lb,,,active
toy-story-2-dvd-rental-kids-family,Toy Story 2,"<p>When Woody is stolen by a toy collector, Buzz and his friends set out on a rescue mission to save Woody before he becomes a museum toy property.</p>",DVD,Media > Videos,,"DVD, Formatted, Kids & Family, Rental",true,Genre,Kids & Family,,,,,,,,,0.0,shopify,1,deny,manual,0.00,,false,false,,,,,85536506,https://cdn.shopify.com/s/files/1/0671/0552/1726/files/images_787685c5-3f53-4ab9-8835-6dacf5a80ecb.jpg?v=1788194918,1,Toy Story 2 poster,false,,,,,,,kids-family,,,,,,,,,,,,lb,,,active
30-days-of-night-dvd-floor-sale-horror,30 Days of Night,"<p>This is the story of an isolated Alaskan town that is plunged into darkness for a month each year when the sun sinks below the horizon. As the last rays of light fade, the town is attacked by a bloodthirsty gang of vampires bent on an uninterrupted orgy of destruction. Only the small town's husband-and-wife Sheriff team stand between the survivors and certain destruction.</p>",DVD,Media > Videos,,"DVD, Floor Sale, Formatted, Horror",true,Genre,Horror,,,,,,,,,0.0,shopify,1,deny,manual,6.00,,false,false,,,,,39800314,https://cdn.shopify.com/s/files/1/0671/0552/1726/files/7LwSrvFA0gz1KAlcrGcinoQPene_5cbc9e4b-d7fc-4ff8-9a14-44c3d4357d5d.jpg?v=1788194917,1,30 Days of Night (2007) poster,false,,,,,,,horror,,,,,,,,,,,,lb,,,active
the-ring-two-dvd-floor-sale-horror,The Ring Two,"<p>After the ordeal with Samara, Rachel and Aiden move to a rural town. But soon Rachel learns about the death of a girl in a similar fashion. To save Aiden, she must dig into Samara's past even further.</p>",DVD,Media > Videos,,"DVD, Floor Sale, Formatted, Horror",true,Genre,Horror,,,,,,,,,0.0,shopify,1,deny,manual,6.00,,false,false,,,,,39833082,https://cdn.shopify.com/s/files/1/0671/0552/1726/files/bHbz7z2pecTawhkqLpuC2m0qywe_7a76a243-a270-41e3-b812-50bb16028105.jpg?v=1788194917,1,The Ring Two (2005) poster,false,,,,,,,horror,,,,,,,,,,,,lb,,,active
the-thaw-dvd-floor-sale-horror,The Thaw,"<p>At a remote Arctic research station, four ecology students discover the real horror of global warming is not the melting ice, but what's frozen within it. A prehistoric parasite is released from the carcass of a Woolly Mammoth upon the unsuspecting students who are forced to quarantine and make necessary sacrifices, or risk infecting the rest of the world.</p>",DVD,Media > Videos,,"DVD, Floor Sale, Formatted, Horror",true,Genre,Horror,,,,,,,,,0.0,shopify,1,deny,manual,6.00,,true,true,,,,,39865850,https://cdn.shopify.com/s/files/1/0671/0552/1726/files/6oxJ75L6rB88TeSspcnPA7JqjWw.jpg?v=1788267236,1,The Thaw (2009) poster,false,,,,,,,horror,,,,,,,,,,,,lb,,,active
dejavu-dvd-floor-sale-sci-fi,DejaVu,"<p>""Mirna"" A young nurse, takes a job in a spooky house to help a disabled woman called ""Sofia"" In the house she has to deal with Sophia's strange husband and a constant feeling of deja vu.</p>",DVD,Media > Videos,,"DVD, Floor Sale, Formatted, Sci-Fi",true,Genre,Sci-Fi,,,,,,,,,0.0,shopify,1,deny,manual,6.00,,true,true,,,,,39898618,https://cdn.shopify.com/s/files/1/0671/0552/1726/files/paYUIgApAEZF6mhrI2igf2IGh8f_96544210-bdc4-47a0-873d-cf115b828522.jpg?v=1788267236,1,DejaVu (2015) poster,false,,,,,,,sci-fi,,,,,,,,,,,,lb,,,active
the-tigger-movie-vhs-floor-sale-kids-family,The Tigger Movie,"<p>Winnie the Pooh, Piglet, Owl, Kanga, Roo, and Rabbit are preparing a suitable winter home for Eeyore, the perennially dejected donkey, but Tigger's continual bouncing interrupts their efforts. Rabbit suggests that Tigger go find others of his kind to bounce with, but Tigger thinks ""the most wonderful thing about tiggers is"" he's ""the only one!"" Just in case though, the joyously jouncy feline sets out to see if he can find relatives.</p>",VHS,Media > Videos,,"Floor Sale, Formatted, Kids & Family, VHS",true,Genre,Kids & Family,,,,,,,,,0.0,shopify,1,deny,manual,5.00,,false,false,,,,,40029690,https://cdn.shopify.com/s/files/1/0671/0552/1726/files/9OdZKUdGfaBAUwRLbtWpFWKbILO_76533ef7-df17-481b-8a41-84151d4557f7.jpg?v=1788194916,1,The Tigger Movie (2000) poster,false,,,,,,,kids-family,,,,,,,,,,,,lb,,,active
bambi-vhs-floor-sale-kids-family,Bambi,"<p>Bambi's tale unfolds from season to season as the young prince of the forest learns about life, love, and friends.</p>",VHS,Media > Videos,,"Floor Sale, Formatted, Kids & Family, VHS",true,Genre,Kids & Family,,,,,,,,,0.0,shopify,1,deny,manual,5.00,,true,true,,,,,40160762,https://cdn.shopify.com/s/files/1/0671/0552/1726/files/wV9e2y4myJ4KMFsyFfWYcUOawyK_7cfbed91-0c91-466d-868a-748e3dc4e3c8.jpg?v=1788267239,1,Bambi (1942) poster,false,,,,,,,kids-family,,,,,,,,,,,,lb,,,active
herculese-against-th-moonmen-vhs-rental-sci-fi,Herculese Against th Moonmen,<p>The mythological hero battles giants and monsters in his efforts to free the peaceful Samar from their lunar captors.</p>,VHS,Media > Videos,,"Formatted, Rental, Sci-Fi, VHS",true,Genre,Sci-Fi,,,,,,,,,0.0,shopify,1,deny,manual,0.00,,false,false,,,,,47632634,https://cdn.shopify.com/s/files/1/0671/0552/1726/files/450_833cee02-a2b3-4a4b-bd77-c457216d8f87.webp?v=1788194915,1,Herculese Against th Moonmen poster,false,,,,,,,sci-fi,,,,,,,,,,,,lb,,,active
xchange-vhs-rental-sci-fi,Xchange,"<p>Thriller set in a future in which people can travel across the globe by swapping bodies with someone at their destination. A businessman discovers that his body has been hijacked by a terrorist, and with only a couple of days left before the life span of his cloned temporary body runs out, he must battle to win back his own physical being.</p>",VHS,Media > Videos,,"Formatted, Rental, Sci-Fi, VHS",true,Genre,Sci-Fi,,,,,,,,,0.0,shopify,1,deny,manual,0.00,,false,false,,,,,47698170,https://cdn.shopify.com/s/files/1/0671/0552/1726/files/images_8517cca2-fa6d-4b24-9b6a-0702eaa38457.jpg?v=1788194915,1,Xchange poster,false,,,,,,,sci-fi,,,,,,,,,,,,lb,,,active
deathfight-vhs-rental-action,Deathfight,<p>The heir to an Asian trading empire is framed for the murder of his mistress by his stepbrother and a deadly business rival.</p>,VHS,Media > Videos,,"Action, Formatted, Rental, VHS",true,Genre,Action,,,,,,,,,0.0,shopify,1,deny,manual,0.00,,false,false,,,,,47730938,https://cdn.shopify.com/s/files/1/0671/0552/1726/files/images_5b884b6e-2a13-46d6-88a4-ac8a2ba39c16.jpg?v=1788194914,1,Deathfight poster,false,,,,,,,action,,,,,,,,,,,,lb,,,active
foxfire-vhs-rental-thriller,Foxfire,"<p>Five high school girls turn the tables on a teacher who makes sexual advances, but the principal punishes them instead. In order to get her confiscated art supplies, Maddy Wirtz (Hedy Burress) and her new friends, including the fearless Legs (Angelina Jolie) and the disturbed Goldie (Jenny Shimizu), sneak into the school, leading to an accidental fire. The incident cements the girls' friendship, but attacks by the football team and their own personal demons threaten to pull the group apart.</p>",VHS,Media > Videos,,"Formatted, Rental, Thriller, VHS",true,Genre,Thriller,,,,,,,,,0.0,shopify,1,deny,manual,0.00,,false,false,,,,,47763706,https://cdn.shopify.com/s/files/1/0671/0552/1726/files/images_699d12c4-d55e-4d35-877c-e6dced51312d.jpg?v=1788194913,1,Foxfire poster,false,,,,,,,thriller,,,,,,,,,,,,lb,,,active
give-em-hell-harry-vhs-rental-comedy,Give 'Em Hell Harry!,"<p>President Harry S. Truman (James Whitmore) looks back on his life in this one-man performance. Over the course of the film, Truman talks about his upbringing on a farm, his service in World War I and his time as an aspiring politician in Missouri. He also provides details about his short stint as vice president under President Franklin D. Roosevelt. Following Roosevelt's death, Truman ascended to the presidency, and he addresses the weight of that responsibility with both humor and humility.</p>",VHS,Media > Videos,,"Comedy, Formatted, Rental, VHS",true,Genre,Comedy,,,,,,,,,0.0,shopify,1,deny,manual,0.00,,false,false,,,,,47796474,https://cdn.shopify.com/s/files/1/0671/0552/1726/files/images_69bd6525-57d2-4b1e-8eba-e4dc65ad917d.jpg?v=1788194912,1,Give 'Em Hell Harry! poster,false,,,,,,,comedy,,,,,,,,,,,,lb,,,active
johns-vhs-rental-drama,Johns,"<p>It's Christmas Eve, the day before John (David Arquette) -- a Los Angeles street prostitute -- turns 21. He's hoping to scrape together the cash to spend his birthday in a plush hotel, but, when his money is stolen while he sleeps in a park, John's plans fall apart. Suddenly, he's trying to stave off local gangster Jimmy the Warlock (Terrence Dashon Howard), hoping to calm down his speed-head girlfriend (Alanna Ubach) and dealing with the affections of a wide-eyed young hustler (Lukas Haas).</p>",VHS,Media > Videos,,"Drama, Formatted, Rental, VHS",true,Genre,Drama,,,,,,,,,0.0,shopify,1,deny,manual,0.00,,false,false,,,,,47829242,https://cdn.shopify.com/s/files/1/0671/0552/1726/files/Johns-scott-silver_9b6a5ce7-8f1d-4604-90d8-6dba3016930e.jpg?v=1788194912,1,Johns poster,false,,,,,,,drama,,,,,,,,,,,,lb,,,active
delta-heat-vhs-rental-thriller,Delta Heat,<p>A Los Angeles police detective (Anthony Edwards) goes to New Orleans on the trail of a deadly new designer drug.</p>,VHS,Media > Videos,,"Formatted, Rental, Thriller, VHS",true,Genre,Thriller,,,,,,,,,0.0,shopify,1,deny,manual,0.00,,false,false,,,,,47894778,https://cdn.shopify.com/s/files/1/0671/0552/1726/files/images_b4c4d3e3-7823-4b3a-909b-b5c3f4c42d50.jpg?v=1788194911,1,Delta Heat poster,false,,,,,,,thriller,,,,,,,,,,,,lb,,,active
no-contest-vhs-rental-thriller,No Contest,"<p>A Ms Galaxy beauty pageant is taken over by a gang of terrorists. After wiring the building with explosives, they demand $10 million dollars in ransom. It soon turns out that the police are not the only ones planning a valiant attempt at freedom.</p>",VHS,Media > Videos,,"Formatted, Rental, Thriller, VHS",true,Genre,Thriller,,,,,,,,,0.0,shopify,1,deny,manual,0.00,,false,false,,,,,47927546,https://cdn.shopify.com/s/files/1/0671/0552/1726/files/MV5BZWE0N2NkMWYtM2FjYy00MmZjLTg3MGItNDAxMTU5YzQxMDg3XkEyXkFqcGc_._V1_642287c8-c405-4e97-9e22-c63e129391dd.jpg?v=1788194910,1,No Contest poster,false,,,,,,,thriller,,,,,,,,,,,,lb,,,active
deep-cover-vhs-rental-action,Deep Cover,"<p>David Jason (Jeff Goldblum) is the biggest drug dealer in Los Angeles, and Russell Stevens (Larry Fishburne) is an undercover cop who wants to bring him down. Posing as a dealer, Stevens begins to earn the trust of the L.A. drug underworld, eventually making his way to Jason himself. But along the way he has to take his cover to depths he never thought he would have to see, including selling drugs and going to great lengths to eliminate potential competitors for Jason's drug cartel.</p>",VHS,Media > Videos,,"Action, Formatted, Rental, VHS",true,Genre,Action,,,,,,,,,0.0,shopify,1,deny,manual,0.00,,false,false,,,,,47960314,https://cdn.shopify.com/s/files/1/0671/0552/1726/files/images_70ed5540-a2da-4d5f-b77b-4e1377f458ad.jpg?v=1788194910,1,Deep Cover poster,false,,,,,,,action,,,,,,,,,,,,lb,,,active
minority-report-vhs-rental-sci-fi,Minority Report,"<p>Based on a story by famed science fiction writer Philip K. Dick, ""Minority Report"" is an action-detective thriller set in Washington D.C. in 2054, where police utilize a psychic technology to arrest and convict murderers before they commit their crime. Tom Cruise plays the head of this Precrime unit and is himself accused of the future murder of a man he hasn't even met.</p>",VHS,Media > Videos,,"Formatted, Rental, Sci-Fi, VHS",true,Genre,Sci-Fi,,,,,,,,,0.0,shopify,1,deny,manual,0.00,,false,false,,,,,47993082,https://cdn.shopify.com/s/files/1/0671/0552/1726/files/Minority_Report_Poster_2e24fe27-6e7e-475c-8359-42b60a6dec85.jpg?v=1788194909,1,Minority Report poster,false,,,,,,,sci-fi,,,,,,,,,,,,lb,,,active
heartburn-vhs-rental-romantic-comedy,Heartburn,"<p>Rachel Samstat (Meryl Streep), a New York food critic, beds Mark Forman (Jack Nicholson), a Washington, D.C., newspaper columnist. The two fall in love, and Rachel relinquishes her job and relocates to be with a man who views himself as unfit for marriage. They try to build a life together -- literally -- as they struggle with the construction crews renovating their home. When Rachel gets pregnant, Mark is enthusiastic, but then soon begins doubting whether he could be a family man.</p>",VHS,Media > Videos,,"Formatted, Rental, Romantic Comedy, VHS",true,Genre,Romantic Comedy,,,,,,,,,0.0,shopify,1,deny,manual,0.00,,false,false,,,,,48025850,https://cdn.shopify.com/s/files/1/0671/0552/1726/files/images_25ef3447-2354-4e86-9dba-231cbd8574de.jpg?v=1788194908,1,Heartburn poster,false,,,,,,,romantic-comedy,,,,,,,,,,,,lb,,,active
igby-goes-down-vhs-rental-drama,Igby Goes Down,"<p>Igby Slocumb (Kieran Culkin), a rebellious and sarcastic 17-year-old boy, is at war with the stifling world of old money privilege he was born into. With a schizophrenic father (Bill Pullman), a self-absorbed, distant mother (Susan Sarandon), and a shark-like young Republican big brother (Ryan Phillippe), Igby figures there must be a better life out there -- and sets about finding it.</p>",VHS,Media > Videos,,"Drama, Formatted, Rental, VHS",true,Genre,Drama,,,,,,,,,0.0,shopify,1,deny,manual,0.00,,false,false,,,,,48058618,https://cdn.shopify.com/s/files/1/0671/0552/1726/files/images_f269f615-3337-4752-bd14-824f6a99850e.jpg?v=1788194907,1,Igby Goes Down poster,false,,,,,,,drama,,,,,,,,,,,,lb,,,active
hearts-of-fire-vhs-rental-musical,Hearts of Fire,"<p>For as long as she can remember, Molly McGuire has picked guitar. Written songs. And dreamed about the day opportunity would knock. But opportunity never knocked. Instead it kicked the door down, grabbed her by the guitar strap and thrust her into a warld far different from her sleepy small town. Suddenly Molly's a rockstar, IF she can handle it.</p>",VHS,Media > Videos,,"Formatted, Musical, Rental, VHS",true,Genre,Musical,,,,,,,,,0.0,shopify,1,deny,manual,0.00,,false,false,,,,,48091386,https://cdn.shopify.com/s/files/1/0671/0552/1726/files/latest_cc4403f8-40ea-4e6b-b47e-070d7814440e.webp?v=1788194907,1,Hearts of Fire poster,false,,,,,,,musical,,,,,,,,,,,,lb,,,active
october-sky-vhs-rental-kids-family,October Sky,"<p>John Hickam is a West Virginia coal miner who loves his job and expects his sons, Jim and Homer, to follow in his footsteps. But Jim gets a football scholarship, and Homer becomes interested in rocket science after seeing Sputnik 1 crossing the sky. John disapproves of his son's new mania, but Homer begins building rockets with the help of friends and a sympathetic teacher. Rocketry, he hopes, will prove his ticket to a better life.</p>",VHS,Media > Videos,,"Formatted, Kids & Family, Rental, VHS",true,Genre,Kids & Family,,,,,,,,,0.0,shopify,1,deny,manual,0.00,,false,false,,,,,48124154,https://cdn.shopify.com/s/files/1/0671/0552/1726/files/images_dc26c06f-4ac2-4ec9-b36e-abfbc0bcc200.jpg?v=1788194906,1,October Sky poster,false,,,,,,,kids-family,,,,,,,,,,,,lb,,,active
lakota-woman-vhs-rental-drama,Lakota Woman,"<p>Raised on a Sioux reservation in the 1960s, young Lakota girl Mary Crow Dog (Irene Bedard) learns the history of her people at the foot of her grandfather Fool Bull (Floyd ""Red Crow"" Westerman), a survivor of the legendary massacre at Wounded Knee in 1890. Forced to attend a Catholic boarding school, she loses touch with her tribal heritage until becoming radicalized by a fellow student (Amy Moore Davis) and going forth to regain her Native American identity.</p>",VHS,Media > Videos,,"Drama, Formatted, Rental, VHS",true,Genre,Drama,,,,,,,,,0.0,shopify,1,deny,manual,0.00,,false,false,,,,,48156922,https://cdn.shopify.com/s/files/1/0671/0552/1726/files/images_3dcc9e8c-5455-4052-b1f2-b113e6819bab.jpg?v=1788194906,1,Lakota Woman poster,false,,,,,,,drama,,,,,,,,,,,,lb,,,active
a-world-apart-vhs-rental-thriller,A World Apart,"<p>Molly (Jodhi May), a white teenage girl living in Johannesburg during the 1960s, finds her life turned upside down when her leftist parents become targets of the pro-apartheid South African government. Molly's father, Gus (Jeroen Krabbé), is forced into exile, but her mother, Diana (Barbara Hershey), continues her activism. As her family's reputation leaves her shunned by fellow Caucasian peers, Molly grows closer to her mother and begins to understand the anti-apartheid cause.</p>",VHS,Media > Videos,,"Formatted, Rental, Thriller, VHS",true,Genre,Thriller,,,,,,,,,0.0,shopify,1,deny,manual,0.00,,false,false,,,,,48189690,https://cdn.shopify.com/s/files/1/0671/0552/1726/files/250px-A_world_apart_bd9084c3-3251-457b-aaba-d7dd207e0521.jpg?v=1788194905,1,A World Apart poster,false,,,,,,,thriller,,,,,,,,,,,,lb,,,active
the-yards-vhs-rental-thriller,The Yards,"<p>After serving time in prison for taking the fall for a group of his friends, Leo just wants to get his life back on track. So he goes to the one place he thinks will be safe -- home. There he takes a new job with his highly connected and influential uncle. But in the yards, where his uncle now pulls the strings, safe is not how they do business. Unwittingly, he's drawn into a world of sabotage, high stakes payoffs and even murder.</p>",VHS,Media > Videos,,"Formatted, Rental, Thriller, VHS",true,Genre,Thriller,,,,,,,,,0.0,shopify,1,deny,manual,0.00,,false,false,,,,,48222458,https://cdn.shopify.com/s/files/1/0671/0552/1726/files/images_e74ad9ee-d9e2-4253-8721-026ec9bed7be.jpg?v=1788194905,1,The Yards poster,false,,,,,,,thriller,,,,,,,,,,,,lb,,,active
you-can-count-on-me-vhs-rental-drama,You Can Count on Me,<p>Sammy is a single mother who is extremely protective of her 8-year-old son. She is satisfied with living in the small town she grew up in and working in a local bank. When her brother Terry visits he fits the void in the life of both her and her son. Temporarily free of the constraints of single motherhood she begins to break free of her normal routine. In a string of traumatic events Sammy is torn between helping her brother and her maternal instinct to protect her son from getting hurt.</p>,VHS,Media > Videos,,"Drama, Formatted, Rental, VHS",true,Genre,Drama,,,,,,,,,0.0,shopify,1,deny,manual,0.00,,false,false,,,,,48255226,https://cdn.shopify.com/s/files/1/0671/0552/1726/files/You_Can_Count_on_Me_d601d788-4c69-4dbc-bbb6-b05243de4935.png?v=1788194904,1,You Can Count on Me poster,false,,,,,,,drama,,,,,,,,,,,,lb,,,active
cast-away-vhs-rental-drama,Cast Away,"<p>Obsessively punctual FedEx executive Chuck Noland (Tom Hanks) is en route to an assignment in Malaysia when his plane crashes over the Pacific Ocean during a storm. The sole survivor of the flight, Chuck washes ashore on a deserted island. When his efforts to sail away and contact help fail, Chuck learns how to survive on the island, where he remains for years, accompanied by only his handmade volleyball friend, Wilson. Will Chuck ever return to civilization and reunite with his loved ones?</p>",VHS,Media > Videos,,"Drama, Formatted, Rental, VHS",true,Genre,Drama,,,,,,,,,0.0,shopify,1,deny,manual,0.00,,false,false,,,,,48287994,https://cdn.shopify.com/s/files/1/0671/0552/1726/files/images_07edd63c-de38-4ef5-969c-3d13f5614e7d.jpg?v=1788194903,1,Cast Away poster,false,,,,,,,drama,,,,,,,,,,,,lb,,,active
stella-vhs-rental-drama,Stella,"<p>A feisty working-class single mother sacrifices herself to give her child a better life with her estranged, but wealthy father. She would do anything for her daughter, including giving her up.</p>",VHS,Media > Videos,,"Drama, Formatted, Rental, VHS",true,Genre,Drama,,,,,,,,,0.0,shopify,1,deny,manual,0.00,,false,false,,,,,48320762,https://cdn.shopify.com/s/files/1/0671/0552/1726/files/images_9c359870-4ecd-49fc-95ea-4019716c7cf4.jpg?v=1788194902,1,Stella poster,false,,,,,,,drama,,,,,,,,,,,,lb,,,active
grand-canyon-vhs-rental-drama,Grand Canyon,<p>A diverse group of characters are thrown together through chance encounters while coping with urban chaos in L.A. The main focus is the growing friendship between an immigration lawyer (Kevin Kline) and a tow-truck driver (Danny Glover) who meet when Kline's car breaks down in a crime-ridden neighborhood.</p>,VHS,Media > Videos,,"Drama, Formatted, Rental, VHS",true,Genre,Drama,,,,,,,,,0.0,shopify,1,deny,manual,0.00,,false,false,,,,,48353530,https://cdn.shopify.com/s/files/1/0671/0552/1726/files/images_4213441c-3e60-4046-b983-162cf197eeb3.jpg?v=1788194902,1,Grand Canyon poster,false,,,,,,,drama,,,,,,,,,,,,lb,,,active
hells-kitchen-vhs-rental-thriller,Hell's Kitchen,<p>An ex-con returns to his home town after serving a five-year prison sentence. He approaches a former heavyweight contender to teach him the skills of boxing.</p>,VHS,Media > Videos,,"Formatted, Rental, Thriller, VHS",true,Genre,Thriller,,,,,,,,,0.0,shopify,1,deny,manual,0.00,,false,false,,,,,48386298,https://cdn.shopify.com/s/files/1/0671/0552/1726/files/images_557ac7e0-7d41-42d4-ae3c-050e189f58db.jpg?v=1788194901,1,Hell's Kitchen poster,false,,,,,,,thriller,,,,,,,,,,,,lb,,,active
jumpin-at-the-boneyard-vhs-rental-drama,Jumpin at the Boneyard,"<p>In this tough and uncompromising drama, unemployed Manny (Tim Roth) spends a painful day attempting to get his drug addict brother Danny (Alexis Arquette) straightened out.</p>",VHS,Media > Videos,,"Drama, Formatted, Rental, VHS",true,Genre,Drama,,,,,,,,,0.0,shopify,1,deny,manual,0.00,,false,false,,,,,48419066,https://cdn.shopify.com/s/files/1/0671/0552/1726/files/MV5BNjM3OTM1MTczMV5BMl5BanBnXkFtZTcwNTM5NjMyMQ_._V1_714b6b0c-ae75-4b97-8184-a4469f56422e.jpg?v=1788194900,1,Jumpin at the Boneyard poster,false,,,,,,,drama,,,,,,,,,,,,lb,,,active
in-between-vhs-rental-drama,In Between,<p>The souls of three strangers meet and reflect on the first day of the rest of eternity.</p>,VHS,Media > Videos,,"Drama, Formatted, Rental, VHS",true,Genre,Drama,,,,,,,,,0.0,shopify,1,deny,manual,0.00,,false,false,,,,,48451834,https://cdn.shopify.com/s/files/1/0671/0552/1726/files/MV5BZGRmZmI0YjUtN2JjZi00MzY1LTk2ZGUtOGVlNGQ2NWUwZmYxXkEyXkFqcGc_._V1_FMjpg_UX1000.jpg?v=1788194900,1,In Between poster,false,,,,,,,drama,,,,,,,,,,,,lb,,,active
jimmy-hollywood-vhs-rental-comedy,Jimmy Hollywood,"<p>Jimmy Alto (Joe Pesci) is an unemployed actor in Hollywood, Calif., who decides to allay his boredom by fighting crime. With assistance from his dim-witted buddy, William (Christian Slater), Jimmy forms a vigilante group and adopts the alias Jericho. Rather than take on criminals directly, Jimmy records them engaging in illegal activities and then gives the evidence to the cops. Inevitably, this pursuit winds up getting Jimmy and William into plenty of trouble.</p>",VHS,Media > Videos,,"Comedy, Formatted, Rental, VHS",true,Genre,Comedy,,,,,,,,,0.0,shopify,1,deny,manual,0.00,,false,false,,,,,66785018,https://cdn.shopify.com/s/files/1/0671/0552/1726/files/MV5BODgzYzA5Y2QtM2Y3OS00ODcyLWI4NGYtZDYyNWE0MmQ1MjA4XkEyXkFqcGc_._V1_FMjpg_UX1000_d629687a-9516-4ff2-9f41-74895bc1d759.jpg?v=1788194899,1,Jimmy Hollywood poster,false,,,,,,,comedy,,,,,,,,,,,,lb,,,active
leaving-normal-vhs-rental-comedy,Leaving Normal,"<p>A waitress with a past that's weighing her down, Darly decides to drive to Alaska to try and come to terms with her unfortunate history. Along the way, Darly meets Marianne, an impulsive young woman leaving an abusive relationship. The two hit the road together and keep driving north, bonding over the hardships that they have endured and meeting a number of eccentric characters as they get closer to their destination.</p>",VHS,Media > Videos,,"Comedy, Formatted, Rental, VHS",true,Genre,Comedy,,,,,,,,,0.0,shopify,1,deny,manual,0.00,,false,false,,,,,66817786,https://cdn.shopify.com/s/files/1/0671/0552/1726/files/images_7456cbdb-c7b6-47e0-9859-d3f5e14cfc37.jpg?v=1788194898,1,Leaving Normal poster,false,,,,,,,comedy,,,,,,,,,,,,lb,,,active
permanent-midnight-vhs-rental-drama,Permanent Midnight,"<p>As television writer Jerry Stahl (Ben Stiller) becomes more successful, his heroin habit grows worse. Already using when he comes to Los Angeles, Stahl finds his problems intensify when he moves in with his friend Nicky (Owen Wilson), also an addict. Eventually, Stahl marries producer Sandra (Elizabeth Hurley) to help her get a green card, and she gets him jobs on top television shows. However, more and more, he is unable to separate his addiction from his working life.</p>",VHS,Media > Videos,,"Drama, Formatted, Rental, VHS",true,Genre,Drama,,,,,,,,,0.0,shopify,1,deny,manual,0.00,,false,false,,,,,66850554,https://cdn.shopify.com/s/files/1/0671/0552/1726/files/51TlzzrFpsL._SY300_SX300_QL70_FMwebp.webp?v=1788194897,1,Permanent Midnight poster,false,,,,,,,drama,,,,,,,,,,,,lb,,,active
georgia-vhs-rental-drama,Georgia,"<p>Georgia Flood (Mare Winningham) is a well-to-do folk-singer with a stable family and a loving husband. Her younger sister, Sadie (Jennifer Jason Leigh), is the lead singer in a rowdy punk-rock band. Living in Georgia's shadow causes Sadie to become obsessed with her, and she tries everything she can to live up to her big sister's achievements. Unfortunately it is this very obsession --coupled with her self-destructive tendencies and rampant drug abuse-- that keep her spiraling down the drain.</p>",VHS,Media > Videos,,"Drama, Formatted, Rental, VHS",true,Genre,Drama,,,,,,,,,0.0,shopify,1,deny,manual,0.00,,false,false,,,,,66883322,https://cdn.shopify.com/s/files/1/0671/0552/1726/files/images_9665097e-32f3-473e-bd8d-a4d9fcfd6fec.jpg?v=1788194897,1,Georgia poster,false,,,,,,,drama,,,,,,,,,,,,lb,,,active
a-rumor-of-angels-vhs-rental-drama,A Rumor of Angels,"<p>Twelve-year-old James Neubauer (Trevor Morgan) is spending the summer in Maine. He's emotionally estranged from his father (Ray Liotta), resentful of his stepmother (Catherine McCormack), and haunted by the events surrounding his mother's death. James's summer takes a turn when he crashes through a fence owned by the local recluse, Maddy (Vanessa Redgrave). Reluctantly enlisted to repair the damage, he's at first put off by Maddy's personality and candor, but they eventually form a bond.</p>",VHS,Media > Videos,,"Drama, Formatted, Rental, VHS",true,Genre,Drama,,,,,,,,,0.0,shopify,1,deny,manual,0.00,,false,false,,,,,66916090,https://cdn.shopify.com/s/files/1/0671/0552/1726/files/p26341_p_v10_aa_f0548cfc-be33-4fb0-a015-84ed3fda012f.jpg?v=1788194896,1,A Rumor of Angels poster,false,,,,,,,drama,,,,,,,,,,,,lb,,,active
losing-isaiah-vhs-floor-sale-drama,Losing Isaiah,"<p>Khaila Richards, a crack-addicted single mother, accidentally leaves her baby in a dumpster while high and returns the next day in a panic to find he is missing. In reality, the baby has been adopted by a warm-hearted social worker, Margaret Lewin, and her husband, Charles. Years later, Khaila has gone through rehab and holds a steady job. After learning that her child is still alive, she challenges Margaret for the custody.</p>",VHS,Media > Videos,,"Drama, Floor Sale, Formatted, VHS",true,Genre,Drama,,,,,,,,,0.0,shopify,1,deny,manual,5.00,,false,false,,,,,29551354,https://cdn.shopify.com/s/files/1/0671/0552/1726/files/oHALKuPewtqIn2BcluZsGvcEG1P.jpg?v=1788194896,1,Losing Isaiah (1995) poster,false,,,,,,,drama,,,,,,,,,,,,lb,,,active
vamping-vhs-floor-sale-drama,Vamping,"<p>A down on his luck saxophonist agrees to help rob the home of a rich widow, then he unexpectedly falls for the woman.</p>",VHS,Media > Videos,,"Drama, Floor Sale, Formatted, VHS",true,Genre,Drama,,,,,,,,,0.0,shopify,1,deny,manual,15.00,,false,false,,,,,29616890,https://cdn.shopify.com/s/files/1/0671/0552/1726/files/5ZV5BlOn6M5ENWqbnW9PPWaoUx6_b4555781-726b-4fd4-a447-0f5cef28ac4f.jpg?v=1788194895,1,Vamping (1984) poster,false,,,,,,,drama,,,,,,,,,,,,lb,,,active
jfk-vhs-floor-sale-drama,JFK,<p>Follows the investigation into the assassination of President John F. Kennedy led by New Orleans district attorney Jim Garrison.</p>,VHS,Media > Videos,,"Drama, Floor Sale, Formatted, VHS",true,Genre,Drama,,,,,,,,,0.0,shopify,1,deny,manual,9.00,,false,false,,,,,29682426,https://cdn.shopify.com/s/files/1/0671/0552/1726/files/r0VWVTYlqdRCK5ZoOdNnHdqM2gt.jpg?v=1788194894,1,JFK (1991) poster,false,,,,,,,drama,,,,,,,,,,,,lb,,,active
heartwood-vhs-floor-sale-drama,Heartwood,"<p>When a large corporation threatens to take over a small town's primary business and put half of the town's population out of work, sawmill owner Logan Reeser is the only one who can stand in their way.</p>",VHS,Media > Videos,,"Drama, Floor Sale, Formatted, VHS",true,Genre,Drama,,,,,,,,,0.0,shopify,1,deny,manual,6.00,,false,false,,,,,29747962,https://cdn.shopify.com/s/files/1/0671/0552/1726/files/calRAbM6CSkimg5MTNwCyinGThP.jpg?v=1788194894,1,Heartwood (1998) poster,false,,,,,,,drama,,,,,,,,,,,,lb,,,active
the-proprietor-vhs-floor-sale-drama,The Proprietor,<p>An expatriated French novelist returns to Paris when she learns that her childhood home is being placed on the auction block.</p>,VHS,Media > Videos,,"Drama, Floor Sale, Formatted, VHS",true,Genre,Drama,,,,,,,,,0.0,shopify,1,deny,manual,5.00,,false,false,,,,,29813498,https://cdn.shopify.com/s/files/1/0671/0552/1726/files/pLaAfn6lziZiGH66ja98p4ZbVnj_271d0e16-ee76-4488-8457-273c99cc1966.jpg?v=1788194893,1,The Proprietor (1996) poster,false,,,,,,,drama,,,,,,,,,,,,lb,,,active
joe-goulds-secret-vhs-floor-sale-drama,Joe Gould's Secret,"<p>Around 1940, New Yorker staff writer Joe Mitchell meets Joe Gould, a Greenwich Village character who cadges meals, drinks, and contributions to the Joe Gould Fund and who is writing a voluminous Oral History of the World, a record of 20,000 conversations he's overheard. Mitchell is fascinated with this Harvard grad and writes a 1942 piece about him, ""Professor Seagull,"" bringing Gould some celebrity and an invitation to join the Greenwich Village Ravens, a poetry club he's often crashed. Gould's touchy, querulous personality and his frequent dropping in on Mitchell for hours of chat lead to a breakup, but the two Joes stay in touch until Gould's death and Mitchell's unveiling of the secret.</p>",VHS,Media > Videos,,"Drama, Floor Sale, Formatted, VHS",true,Genre,Drama,,,,,,,,,0.0,shopify,1,deny,manual,7.00,,false,false,,,,,29879034,https://cdn.shopify.com/s/files/1/0671/0552/1726/files/n7X4jmmRIRtqNQWXJt8LxZcS1Ja.jpg?v=1788194892,1,Joe Gould's Secret (2000) poster,false,,,,,,,drama,,,,,,,,,,,,lb,,,active
the-hanoi-hilton-vhs-floor-sale-action,The Hanoi Hilton,<p>Lionel Chetwynd's film documents the horrific struggles that faced American POWs held in the North Vietnamese prison Hoa Lo -- more infamously known as the Hanoi Hilton -- between 1964 and 1975. Williamson (Michael Moriarty) leads a group of American servicemen who are prisoners at the detention camp. He assumes command after Cathcart (Lawrence Pressman) is dragged off to be tortured.</p>,VHS,Media > Videos,,"Action, Floor Sale, Formatted, VHS",true,Genre,Action,,,,,,,,,0.0,shopify,1,deny,manual,10.00,,false,false,,,,,29944570,https://cdn.shopify.com/s/files/1/0671/0552/1726/files/48Jl0Do3c4VBvg24S7uJ7jvJAlo_3038870c-4487-4a2a-87e2-f0044a1ab7ca.jpg?v=1788194892,1,The Hanoi Hilton (1987) poster,false,,,,,,,action,,,,,,,,,,,,lb,,,active
the-hospital-vhs-floor-sale-comedy,The Hospital,"<p>Dr. Bock, the chief of medicine at a Manhattan hospital, is suicidal after the collapse of his personal life. When an intern is found dead in a hospital bed, it appears to Bock to be a case of unforgivable malpractice. Hours later, another doctor,  who happens to be responsible for another case of malpractice, is found dead. Despondent, Bock finds himself drawn to Barbara, the daughter of a comatose missionary.</p>",VHS,Media > Videos,,"Comedy, Floor Sale, Formatted, VHS",true,Genre,Comedy,,,,,,,,,0.0,shopify,1,deny,manual,9.00,,true,true,,,,,29977338,https://cdn.shopify.com/s/files/1/0671/0552/1726/files/mOxi0lUCv8F9HqS8u0cEIthwhc7.jpg?v=1788267234,1,The Hospital (1971) poster,false,,,,,,,comedy,,,,,,,,,,,,lb,,,active
the-hustler-vhs-floor-sale-drama,The Hustler,<p>Fast Eddie Felson is a small-time pool hustler with a lot of talent but a self-destructive attitude. His bravado causes him to challenge the legendary Minnesota Fats to a high-stakes match.</p>,VHS,Media > Videos,,"Drama, Floor Sale, Formatted, VHS",true,Genre,Drama,,,,,,,,,0.0,shopify,1,deny,manual,7.00,,true,true,,,,,30010106,https://cdn.shopify.com/s/files/1/0671/0552/1726/files/snItsSViawjaadW9mlWUmGwR41R.jpg?v=1788267234,1,The Hustler (1961) poster,false,,,,,,,drama,,,,,,,,,,,,lb,,,active
the-milagro-beanfield-war-vhs-floor-sale-comedy,The Milagro Beanfield War,<p>The accidental breakdown of an irrigation valve launches a hot confrontation between the mainly Latino farmers in a tiny New Mexico town and the real estate developers and politicians determined to acquire their land for a golf resort.</p>,VHS,Media > Videos,,"Comedy, Floor Sale, Formatted, VHS",true,Genre,Comedy,,,,,,,,,0.0,shopify,1,deny,manual,7.00,,false,false,,,,,30042874,https://cdn.shopify.com/s/files/1/0671/0552/1726/files/rVLZuiNfKua7C2x3rGUiAR8wGEc_b03fd060-5c39-4ca4-be9b-099c2ad9769a.jpg?v=1788194891,1,The Milagro Beanfield War (1988) poster,false,,,,,,,comedy,,,,,,,,,,,,lb,,,active
kansas-city-vhs-floor-sale-thriller,Kansas City,<p>A pair of kidnappings expose the complex power dynamics within the corrupt and unpredictable workings of 1930s Kansas City.</p>,VHS,Media > Videos,,"Floor Sale, Formatted, Thriller, VHS",true,Genre,Thriller,,,,,,,,,0.0,shopify,1,deny,manual,8.00,,true,true,,,,,30075642,https://cdn.shopify.com/s/files/1/0671/0552/1726/files/deD8SAbQYGvzcpRr50HUb9uj8xJ.jpg?v=1788267235,1,Kansas City (1996) poster,false,,,,,,,thriller,,,,,,,,,,,,lb,,,active
the-in-crowd-vhs-floor-sale-thriller,The In Crowd,"<p>A mentally disturbed young woman takes a job at a posh country club and falls in with a clique of wealthy college kids where she's taken under the wing of the clique's twisted leader, who harbors some dark secrets too terrifying to tell.</p>",VHS,Media > Videos,,"Floor Sale, Formatted, Thriller, VHS",true,Genre,Thriller,,,,,,,,,0.0,shopify,1,deny,manual,8.00,,true,true,,,,,30108410,https://cdn.shopify.com/s/files/1/0671/0552/1726/files/j77l405846qiLb8RGb1egu7ON3r.jpg?v=1788267234,1,The In Crowd (2000) poster,false,,,,,,,thriller,,,,,,,,,,,,lb,,,active
the-horse-whisperer-vhs-floor-sale-drama,The Horse Whisperer,<p>The mother of a severely traumatized daughter enlists the aid of a unique horse trainer to help the girl's equally injured horse.</p>,VHS,Media > Videos,,"Drama, Floor Sale, Formatted, VHS",true,Genre,Drama,,,,,,,,,0.0,shopify,1,deny,manual,7.00,,false,false,,,,,30337786,https://cdn.shopify.com/s/files/1/0671/0552/1726/files/ptkDeHY2mRJVyNRyxb9TgyAjTYs_1dc76003-2ab6-438f-965f-7a27eddc1c3d.jpg?v=1788194890,1,The Horse Whisperer (1998) poster,false,,,,,,,drama,,,,,,,,,,,,lb,,,active
mildred-pierce-vhs-floor-sale-drama,Mildred Pierce,<p>A hard-working mother inches towards disaster as she divorces her husband and starts a successful restaurant business to support her spoiled daughter.</p>,VHS,Media > Videos,,"Drama, Floor Sale, Formatted, VHS",true,Genre,Drama,,,,,,,,,0.0,shopify,1,deny,manual,8.00,,false,false,,,,,30403322,https://cdn.shopify.com/s/files/1/0671/0552/1726/files/3bqF5bJPjeITNeC8ydbUOQZfuqP_56f752f0-6826-4283-bcb5-bc4efb29e0f4.jpg?v=1788194889,1,Mildred Pierce (1945) poster,false,,,,,,,drama,,,,,,,,,,,,lb,,,active
tides-of-war-vhs-floor-sale-action,Tides of War,"<p>In the cold, dark waters off North Korea a U.S. Navy fast attack submarine meets with a mysterious disaster - it's attacked and nearly sunk by an ominous stealth submarine resulting in the deaths of the Executive Officer and the Engineering Officer.</p>",VHS,Media > Videos,,"Action, Floor Sale, Formatted, VHS",true,Genre,Action,,,,,,,,,0.0,shopify,1,deny,manual,7.00,,true,true,,,,,30501626,https://cdn.shopify.com/s/files/1/0671/0552/1726/files/xYAroHRpZAVSMkTSepNkZiRHqNX.jpg?v=1788267233,1,Tides of War (2005) poster,false,,,,,,,action,,,,,,,,,,,,lb,,,active
murphys-law-vhs-floor-sale-action,Murphy's Law,"<p>A tough police detective escapes from custody after being framed and arrested for the murder of his ex-wife, and must now find the real killer and prove his innocence.</p>",VHS,Media > Videos,,"Action, Floor Sale, Formatted, VHS",true,Genre,Action,,,,,,,,,0.0,shopify,1,deny,manual,12.00,,true,true,,,,,30731002,https://cdn.shopify.com/s/files/1/0671/0552/1726/files/YqnhhLlv3ISBeIvN0zVO8cUWZe.jpg?v=1788267233,1,Murphy's Law (1986) poster,false,,,,,,,action,,,,,,,,,,,,lb,,,active
stark-raving-mad-vhs-floor-sale-comedy,Stark Raving Mad,<p>A crook quietly plots his revenge against the boss who murdered his brother while working for him.</p>,VHS,Media > Videos,,"Comedy, Floor Sale, Formatted, VHS",true,Genre,Comedy,,,,,,,,,0.0,shopify,1,deny,manual,8.00,,true,true,,,,,30763770,https://cdn.shopify.com/s/files/1/0671/0552/1726/files/1MtKcti03XF7btAjr9wcTLrLZ4e.jpg?v=1788267232,1,Stark Raving Mad (2002) poster,false,,,,,,,comedy,,,,,,,,,,,,lb,,,active
24-hour-woman-vhs-floor-sale-comedy,24 Hour Woman,<p>Grace tries to be the perfect mother and TV producer but finds trouble in juggling both.</p>,VHS,Media > Videos,,"Comedy, Floor Sale, Formatted, VHS",true,Genre,Comedy,,,,,,,,,0.0,shopify,1,deny,manual,6.00,,false,false,,,,,30796538,https://cdn.shopify.com/s/files/1/0671/0552/1726/files/a4FKaaqTzBHCx09jgIgc7jZFbVB_0ca326f2-cdac-4070-9b47-6750a381653b.jpg?v=1788194889,1,24 Hour Woman (1999) poster,false,,,,,,,comedy,,,,,,,,,,,,lb,,,active
the-window-of-saint-pierre-vhs-floor-sale-drama,The Window of Saint-Pierre,"<p>The Widow of Saint-Pierre is a 2000 French-Canadian drama starring Juliette Binoche, loosely based on a true case involving a condemned man on a remote French island.</p>",VHS,Media > Videos,,"Drama, Floor Sale, Formatted, VHS",true,Genre,Drama,,,,,,,,,0.0,shopify,1,deny,manual,6.00,,false,false,,,,,30829306,https://cdn.shopify.com/s/files/1/0671/0552/1726/files/Veuvedesaintpierre.jpg?v=1788272153,1,The Window of Saint-Pierre poster,false,,,,,,,drama,,,,,,,,,,,,lb,,,active
wrangler-vhs-floor-sale-action,Wrangler,"<p>Hayoung, a successful dog trainer, is visited by her sister, Sora, who has a criminal record for murder. As Sora's bizarre behavior unsettles the training center and Hayoung's daily routine, buried truths and repressed desires start to rise to the surface.</p>",VHS,Media > Videos,,"Action, Floor Sale, Formatted, VHS",true,Genre,Action,,,,,,,,,0.0,shopify,1,deny,manual,8.00,,false,false,,,,,30894842,https://cdn.shopify.com/s/files/1/0671/0552/1726/files/k580gLw5GJLBBfFSp2DrMfrziwF.jpg?v=1788194888,1,Wrangler (2026) poster,false,,,,,,,action,,,,,,,,,,,,lb,,,active
red-desert-penitentiary-vhs-floor-sale-action,Red Desert Penitentiary,<p>Shooting begins on an adult western about a man who claims he was held captive in the desert for 20 years.</p>,VHS,Media > Videos,,"Action, Floor Sale, Formatted, VHS",true,Genre,Action,,,,,,,,,0.0,shopify,1,deny,manual,5.00,,false,false,,,,,70945274,https://cdn.shopify.com/s/files/1/0671/0552/1726/files/1IaPGyrj4WZxPxSgG5rSBuOe0DZ_d5fd28ff-fbf3-4a2c-b805-d217f92f6ac5.jpg?v=1788194887,1,Red Desert Penitentiary (1985) poster,false,,,,,,,action,,,,,,,,,,,,lb,,,active
killers-kiss-vhs-floor-sale-thriller,Killer's Kiss,"<p>Davey Gordon, a New York City boxer at the end of his career, falls for dancer Gloria Price. However, their budding relationship is interrupted by Gloria's violent boss, Vincent Rapallo, who has eyes for Gloria. The two decide to skip town, but before they can, Vincent and his thugs abduct Gloria, and Davey is forced to search for her among the most squalid corners of the city, with his enemy hiding in the shadows.</p>",VHS,Media > Videos,,"Floor Sale, Formatted, Thriller, VHS",true,Genre,Thriller,,,,,,,,,0.0,shopify,1,deny,manual,8.00,,false,false,,,,,70978042,https://cdn.shopify.com/s/files/1/0671/0552/1726/files/rLbad0lscycS4R3qTSrKguZ0Zz5_d047abc0-518e-4bea-a05a-48bb1c52f04e.jpg?v=1788194886,1,Killer's Kiss (1955) poster,false,,,,,,,thriller,,,,,,,,,,,,lb,,,active
sonic-impact-vhs-floor-sale-action,Sonic Impact,<p>A dangerous criminal hijacks a plane with his fellow prisoners and threatens to crash it into a populated area.  The agent who captured him sets out to stop him.</p>,VHS,Media > Videos,,"Action, Floor Sale, Formatted, VHS",true,Genre,Action,,,,,,,,,0.0,shopify,1,deny,manual,5.00,,false,false,,,,,71141882,https://cdn.shopify.com/s/files/1/0671/0552/1726/files/ojHkwCAMBdPPwo0dP0Q0AJpD0lu_9ee4e1c8-2c41-4d18-b07e-ec2bd598f661.jpg?v=1788194882,1,Sonic Impact (2000) poster,false,,,,,,,action,,,,,,,,,,,,lb,,,active
welcome-home-vhs-floor-sale-thriller,Welcome Home,"<p>Julien, 28, returns to his home town after spending the past 13 years in prison. Out on probation, he's obsessed with a girl... Emilie. And one day, he reaches for her: ""it's me"". She turns around, looks at him and starts to scream.</p>",VHS,Media > Videos,,"Floor Sale, Formatted, Thriller, VHS",true,Genre,Thriller,,,,,,,,,0.0,shopify,1,deny,manual,5.00,,true,true,,,,,71207418,https://cdn.shopify.com/s/files/1/0671/0552/1726/files/6gYRtLTkeTr8hsYaC7Ap5ObIbxs.jpg?v=1788267232,1,Welcome Home (2008) poster,false,,,,,,,thriller,,,,,,,,,,,,lb,,,active
jerry-mcaguire-vhs-floor-sale-drama,Jerry Mcaguire,<p>Jerry Maguire is a 1996 American sports romantic comedy-drama starring Tom Cruise as a sports agent who has a crisis of conscience.</p>,VHS,Media > Videos,,"Drama, Floor Sale, Formatted, VHS",true,Genre,Drama,,,,,,,,,0.0,shopify,1,deny,manual,6.00,,false,false,,,,,71240186,https://cdn.shopify.com/s/files/1/0671/0552/1726/files/Jerry_Maguire_movie_poster.jpg?v=1788272152,1,Jerry Mcaguire poster,false,,,,,,,drama,,,,,,,,,,,,lb,,,active
high-plains-drifer-vhs-floor-sale-action,High Plains Drifter,"<p>A gunfighting stranger comes to the small settlement of Lago. After gunning down three gunmen who tried to kill him, the townsfolk decide to hire the Stranger to hold off three outlaws who are on their way.</p>",VHS,Media > Videos,,"Action, Floor Sale, Formatted, VHS",true,Genre,Action,,,,,,,,,0.0,shopify,1,deny,manual,8.00,,false,false,,,,,71272954,https://cdn.shopify.com/s/files/1/0671/0552/1726/files/AjkJCFkqanK1OZqiHxc6Kl2wPQO_051fd00f-214f-4093-94f2-68d7e5cc44fb.jpg?v=1788194881,1,High Plains Drifter (1973) poster,false,,,,,,,action,,,,,,,,,,,,lb,,,active
what-comes-around-vhs-floor-sale-drama,What Comes Around,<p>Country singer Joe Hawkins must fight both drug addiction and his unscrupulous manager to get back on his feet.</p>,VHS,Media > Videos,,"Drama, Floor Sale, Formatted, VHS",true,Genre,Drama,,,,,,,,,0.0,shopify,1,deny,manual,5.00,,true,true,,,,,71305722,https://cdn.shopify.com/s/files/1/0671/0552/1726/files/eDwqxnapm8AtiCBtLnIZ69549dn.jpg?v=1788267232,1,What Comes Around (1985) poster,false,,,,,,,drama,,,,,,,,,,,,lb,,,active
king-of-the-hill-vhs-floor-sale-drama,King of the Hill,"<p>Based on the Depression-era bildungsroman memoir of writer A. E. Hotchner, the film follows the story of a boy struggling to survive on his own in a hotel in St. Louis after his mother is committed to a sanatorium with tuberculosis. His father, a German immigrant and traveling salesman working for the Hamilton Watch Company, is off on long trips from which the boy cannot be certain he will return.</p>",VHS,Media > Videos,,"Drama, Floor Sale, Formatted, VHS",true,Genre,Drama,,,,,,,,,0.0,shopify,1,deny,manual,6.00,,true,true,,,,,71338490,https://cdn.shopify.com/s/files/1/0671/0552/1726/files/s2sed4Wpa5NJobKhjiB7T0lmUVS.jpg?v=1788267231,1,King of the Hill (1993) poster,false,,,,,,,drama,,,,,,,,,,,,lb,,,active
forrest-gump-vhs-floor-sale-drama,Forrest Gump,"<p>A man with a low IQ has accomplished great things in his life and been present during significant historic events—in each case, far exceeding what anyone imagined he could do. But despite all he has achieved, his one true love eludes him.</p>",VHS,Media > Videos,,"Drama, Floor Sale, Formatted, VHS",true,Genre,Drama,,,,,,,,,0.0,shopify,1,deny,manual,6.00,,false,false,,,,,71404026,https://cdn.shopify.com/s/files/1/0671/0552/1726/files/Cw4hIUIAmSYfK9QfaUW5igp9La_956c9f76-e542-4dad-87f4-f14e90ef0562.jpg?v=1788194882,1,Forrest Gump (1994) poster,false,,,,,,,drama,,,,,,,,,,,,lb,,,active
love-valour-compassion-vhs-floor-sale-comedy,Love! Valour! Compassion!,"<p>A group of gay friends spend summer weekends together at a lakeside house in upstate New York. As the season progresses and secrets begin to surface, the complex relationships within the group are sometimes strained and sometimes strengthened.</p>",VHS,Media > Videos,,"Comedy, Floor Sale, Formatted, VHS",true,Genre,Comedy,,,,,,,,,0.0,shopify,1,deny,manual,7.00,,false,false,,,,,71436794,https://cdn.shopify.com/s/files/1/0671/0552/1726/files/1IcLQpZZUPgevqj05xFbg40jTle.jpg?v=1788194881,1,Love! Valour! Compassion! (1997) poster,false,,,,,,,comedy,,,,,,,,,,,,lb,,,active
map-of-the-human-heart-vhs-floor-sale-drama,Map of the Human Heart,"<p>In an Arctic village in 1931, British mapmaker Walter Russell selects 12-year-old Eskimo Avik as his guide. When the boy contracts tuberculosis, Walter flies him to a Montreal hospital, where Avik meets Albertine and is infatuated. A decade later, a grown Avik encounters Albertine again in London, where he's serving as a British combat pilot. Despite her relationship with Walter, she and Avik begin an affair.</p>",VHS,Media > Videos,,"Drama, Floor Sale, Formatted, VHS",true,Genre,Drama,,,,,,,,,0.0,shopify,1,deny,manual,7.00,,false,false,,,,,71469562,https://cdn.shopify.com/s/files/1/0671/0552/1726/files/ritKJM436bbvFhXlWKbwKzjs8SM.jpg?v=1788194880,1,Map of the Human Heart (1993) poster,false,,,,,,,drama,,,,,,,,,,,,lb,,,active
floor-sale-vhs-floor-sale-drama,Laws of Gravity,<p>The lives of two incompetent young men from Brooklyn spin out of control after a friend returns from Florida with guns to sell.</p>,VHS,Media > Videos,,"Drama, Floor Sale, Formatted, VHS",true,Genre,Drama,,,,,,,,,0.0,shopify,1,deny,manual,8.00,,false,false,,,,,71535098,https://cdn.shopify.com/s/files/1/0671/0552/1726/files/zFN3C7flx1xj3dxGEAsSK7Uz7bB_89cb0c2f-3396-4f87-81cb-413575acac33.jpg?v=1788194879,1,Laws of Gravity (1992) poster,false,,,,,,,drama,,,,,,,,,,,,lb,,,active
their-only-chance-vhs-floor-sale-drama,Their Only Chance,<p>Their Only Chance is a 1975 drama in which a young man overcomes tremendous odds in the snowy wilderness while releasing wild animals back into the wild.</p>,VHS,Media > Videos,,"Drama, Floor Sale, Formatted, VHS",true,Genre,Drama,,,,,,,,,0.0,shopify,1,deny,manual,5.00,,false,false,,,,,71567866,https://cdn.shopify.com/s/files/1/0671/0552/1726/files/MV5BYjBiZmFjOWUtOGI0Ni00N2ExLTg5OTMtMWE3ZTBmNDA1ZjZhXkEyXkFqcGc_._V1_FMjpg_UX1000.jpg?v=1788272151,1,Their Only Chance poster,false,,,,,,,drama,,,,,,,,,,,,lb,,,active
heat-vhs-floor-sale-thriller,Laguna Heat,<p>Tom Shepard returns to his home town of Laguna Beach to escape his turbulent past. But the tranquility is shattered when he gets involved in the investigation of a series of grisly and bizarre murders.</p>,VHS,Media > Videos,,"Floor Sale, Formatted, Thriller, VHS",true,Genre,Thriller,,,,,,,,,0.0,shopify,1,deny,manual,6.00,,false,false,,,,,71666170,https://cdn.shopify.com/s/files/1/0671/0552/1726/files/AvswuiM2ATLZq19gIoUFJV4IfNc_0380f462-7f1e-4612-a057-c4c780bd8e4e.jpg?v=1788194878,1,Laguna Heat (1987) poster,false,,,,,,,thriller,,,,,,,,,,,,lb,,,active
the-hard-word-vhs-floor-sale-action,The Hard Word,"<p>Three fraternal bank robbers, languishing in jail, discover a profitable (if not dodgy) way to spend their time. Crime can most certainly pay, if you ""know wot I mean?"" However when sex and greed rear-up between the good crims and the bad cops, the consequences are both bizarre and fatal.</p>",VHS,Media > Videos,,"Action, Floor Sale, Formatted, VHS",true,Genre,Action,,,,,,,,,0.0,shopify,1,deny,manual,5.00,,false,false,,,,,71698938,https://cdn.shopify.com/s/files/1/0671/0552/1726/files/8VBfmU9y6rX2CdZzPHmZeOmXiLm_833a354b-cb44-41d7-a06a-49f5e4e9a578.jpg?v=1788194877,1,The Hard Word (2002) poster,false,,,,,,,action,,,,,,,,,,,,lb,,,active
florida-straits-vhs-floor-sale-action,Florida Straits,<p>A man who spent 20 years in Cuban prison after the failure of the Bay of Pigs invasion and a boat captain and his crew go covertly to Cuba to find a cache of gold buried during the invasion. But can they trust each other?</p>,VHS,Media > Videos,,"Action, Floor Sale, Formatted, VHS",true,Genre,Action,,,,,,,,,0.0,shopify,1,deny,manual,6.00,,false,false,,,,,71731706,https://cdn.shopify.com/s/files/1/0671/0552/1726/files/rHNLfj3NJ0NjQ2a6EpQz2PAK6Qq.jpg?v=1788194877,1,Florida Straits (1986) poster,false,,,,,,,action,,,,,,,,,,,,lb,,,active
deep-blue-sea-vhs-rental-sci-fi,Deep Blue Sea,"<p>Scientists working in an underwater research facility genetically alter sharks while searching for an Alzheimer's cure. The experiment backfires when the intelligent sharks turn on the team. Starring Samuel L. Jackson, Thomas Jane, Saffron Burrows, and LL Cool J.</p>",VHS,Media > Videos,,"Formatted, Rental, Sci-Fi, VHS",true,Genre,Sci-Fi,,,,,,,,,0.0,shopify,1,deny,manual,0.00,,false,false,,,,,71895546,https://cdn.shopify.com/s/files/1/0671/0552/1726/files/images_11e026f1-8091-4508-b52a-bc1396095647.jpg?v=1788194876,1,Deep Blue Sea poster,false,,,,,,,sci-fi,,,,,,,,,,,,lb,,,active
the-courier-vhs-rental-thriller,The Courier,"<p>A motorcycle courier in Dublin discovers that the delivery company he works for is actually a front for a drug operation. After uncovering the criminal network, he gets pulled into a dangerous revenge mission. It’s a gritty Irish crime thriller with a strong cast and music by Elvis Costello.</p>",VHS,Media > Videos,,"Formatted, Rental, Thriller, VHS",true,Genre,Thriller,,,,,,,,,0.0,shopify,1,deny,manual,0.00,,false,false,,,,,71928314,https://cdn.shopify.com/s/files/1/0671/0552/1726/files/s-l400_364f7506-6145-4907-96c2-1e64b393e530.jpg?v=1788194875,1,The Courier poster,false,,,,,,,thriller,,,,,,,,,,,,lb,,,active
lethal-weapon-vhs-rental-action,Lethal Weapon,"<p>A veteran detective and a reckless younger cop are forced to work together, creating one of the defining buddy-cop franchises of the 1980s.</p>",VHS,Media > Videos,,"Action, Formatted, Rental, VHS",true,Genre,Action,,,,,,,,,0.0,shopify,1,deny,manual,0.00,,false,false,,,,,71961082,https://cdn.shopify.com/s/files/1/0671/0552/1726/files/images_e6af2415-b977-486d-9c7f-45fd744a8c96.jpg?v=1788194875,1,Lethal Weapon poster,false,,,,,,,action,,,,,,,,,,,,lb,,,active
sonny-vhs-rental-drama,Sonny,"<p>Nicolas Cage's directorial debut follows a young male escort in New Orleans trying to escape the life he was raised in. Stars James Franco, Brenda Blethyn, and Harry Dean Stanton.</p>",VHS,Media > Videos,,"Drama, Formatted, Rental, VHS",true,Genre,Drama,,,,,,,,,0.0,shopify,1,deny,manual,0.00,,false,false,,,,,71993850,https://cdn.shopify.com/s/files/1/0671/0552/1726/files/81Rmza_4SgL._AC_UF894_1000_QL80_7d8e582b-c8ab-4631-9d12-6a375f3e12ee.jpg?v=1788194874,1,Sonny poster,false,,,,,,,drama,,,,,,,,,,,,lb,,,active
twenty-bucks-vhs-rental-comedy,Twenty Bucks,"<p>Follows a single $20 bill as it passes through the lives of different people during the Great Depression era. Features Elisabeth Shue, Steve Buscemi, and Christopher Lloyd.</p>",VHS,Media > Videos,,"Comedy, Formatted, Rental, VHS",true,Genre,Comedy,,,,,,,,,0.0,shopify,1,deny,manual,0.00,,false,false,,,,,72026618,https://cdn.shopify.com/s/files/1/0671/0552/1726/files/images_b9fea797-0d29-406f-9b4f-17176ca825cb.jpg?v=1788194873,1,Twenty Bucks poster,false,,,,,,,comedy,,,,,,,,,,,,lb,,,active
the-ratings-game-vhs-rental-comedy,The Ratings Game,<p>Danny DeVito directs and stars as a small-time gangster trying to break into television by manipulating ratings. Also stars Rhea Perlman and features early appearances by comedy legends.</p>,VHS,Media > Videos,,"Comedy, Formatted, Rental, VHS",true,Genre,Comedy,,,,,,,,,0.0,shopify,1,deny,manual,0.00,,false,false,,,,,72059386,https://cdn.shopify.com/s/files/1/0671/0552/1726/files/images_c63cd8c6-5749-4ad7-aff1-408adad51ce6.jpg?v=1788194871,1,The Ratings Game poster,false,,,,,,,comedy,,,,,,,,,,,,lb,,,active
national-lampoons-last-resort-vhs-rental-comedy,National Lampoon's Last Resort,"<p>A group of people win a vacation to a remote tropical island resort, only to discover the ""paradise"" getaway is much stranger and more chaotic than expected.</p>",VHS,Media > Videos,,"Comedy, Formatted, Rental, VHS",true,Genre,Comedy,,,,,,,,,0.0,shopify,1,deny,manual,0.00,,false,false,,,,,72092154,https://cdn.shopify.com/s/files/1/0671/0552/1726/files/images_81b7bcda-6f16-454d-9776-f43046ac0a9c.jpg?v=1788194870,1,National Lampoon's Last Resort poster,false,,,,,,,comedy,,,,,,,,,,,,lb,,,active
eat-the-rich-vhs-rental-comedy,Eat the Rich,<p>A disgruntled restaurant worker and anti-establishment outsiders turn their anger toward the wealthy elite in this anarchic British dark comedy featuring Lemmy from Motörhead.</p>,VHS,Media > Videos,,"Comedy, Formatted, Rental, VHS",true,Genre,Comedy,,,,,,,,,0.0,shopify,1,deny,manual,0.00,,false,false,,,,,72124922,https://cdn.shopify.com/s/files/1/0671/0552/1726/files/images_cec49a91-cd6f-4fd9-af60-932bab761c6f.jpg?v=1788194870,1,Eat the Rich poster,false,,,,,,,comedy,,,,,,,,,,,,lb,,,active
death-in-brunswick-vhs-rental-comedy,Death in Brunswick,"<p>An unlucky man gets caught up in a messy situation involving a dead body, crime, and a failing restaurant. Australian cult comedy starring Sam Neill.</p>",VHS,Media > Videos,,"Comedy, Formatted, Rental, VHS",true,Genre,Comedy,,,,,,,,,0.0,shopify,1,deny,manual,0.00,,false,false,,,,,72157690,https://cdn.shopify.com/s/files/1/0671/0552/1726/files/images_e0f9c9ba-2184-4139-b042-73ba3957ab0e.jpg?v=1788194869,1,Death in Brunswick poster,false,,,,,,,comedy,,,,,,,,,,,,lb,,,active
three-amigos-vhs-rental-comedy,Three Amigos!,"<p>Three silent-film cowboys mistakenly believe they are hired to perform when they are actually needed to defend a Mexican village from bandits. Starring Steve Martin, Chevy Chase, and Martin Short.</p>",VHS,Media > Videos,,"Comedy, Formatted, Rental, VHS",true,Genre,Comedy,,,,,,,,,0.0,shopify,1,deny,manual,0.00,,false,false,,,,,72255994,https://cdn.shopify.com/s/files/1/0671/0552/1726/files/images_cee643a3-2030-43d4-87f1-bd8d2118b1c8.jpg?v=1788194868,1,Three Amigos! poster,false,,,,,,,comedy,,,,,,,,,,,,lb,,,active
how-to-get-ahead-in-advertising-vhs-rental-comedy,How to get Ahead in Advertising,"<p>A troubled advertising executive suffering a creative crisis develops a bizarre physical manifestation of his own inner conflict, leading to a surreal battle with himself. A sharp British satire about consumer culture and ambition.</p>",VHS,Media > Videos,,"Comedy, Formatted, Rental, VHS",true,Genre,Comedy,,,,,,,,,0.0,shopify,1,deny,manual,0.00,,false,false,,,,,72288762,https://cdn.shopify.com/s/files/1/0671/0552/1726/files/images_2cafa8b2-246f-4f5a-8bd7-0bf9dfaa6a5b.jpg?v=1788194867,1,How to get Ahead in Advertising poster,false,,,,,,,comedy,,,,,,,,,,,,lb,,,active
house-party-4-vhs-rental-comedy,House Party 4,"<p>A group of friends tries to throw the ultimate house party while dealing with relationships, rivalries, and the chaos of young adulthood. A later entry in the House Party franchise.</p>",VHS,Media > Videos,,"Comedy, Formatted, Rental, VHS",true,Genre,Comedy,,,,,,,,,0.0,shopify,1,deny,manual,0.00,,false,false,,,,,72321530,https://cdn.shopify.com/s/files/1/0671/0552/1726/files/images_2d9ca2ce-964f-420d-8b81-8bf39cb7307c.jpg?v=1788194866,1,House Party 4 poster,false,,,,,,,comedy,,,,,,,,,,,,lb,,,active
the-fisher-king-vhs-rental-drama,The Fisher King,<p>A disgraced radio shock jock seeks redemption by helping a homeless man searching for the Holy Grail. Starring Robin Williams and Jeff Bridges.</p>,VHS,Media > Videos,,"Drama, Formatted, Rental, VHS",true,Genre,Drama,,,,,,,,,0.0,shopify,1,deny,manual,0.00,,false,false,,,,,72354298,https://cdn.shopify.com/s/files/1/0671/0552/1726/files/images_baced5b3-eede-4d1f-843f-11ffaa1fa042.jpg?v=1788194865,1,The Fisher King poster,false,,,,,,,drama,,,,,,,,,,,,lb,,,active
40-carats-vhs-rental-romantic-comedy,40 Carats,"<p>A divorced woman begins a romance with a much younger man, challenging social expectations about age and relationships. Starring Liv Ullmann and Edward Albert.</p>",VHS,Media > Videos,,"Formatted, Rental, Romantic Comedy, VHS",true,Genre,Romantic Comedy,,,,,,,,,0.0,shopify,1,deny,manual,0.00,,false,false,,,,,72387066,https://cdn.shopify.com/s/files/1/0671/0552/1726/files/images_32e1bdda-9639-44cb-9d11-c792d7b6c52f.jpg?v=1788194865,1,40 Carats poster,false,,,,,,,romantic-comedy,,,,,,,,,,,,lb,,,active
she-gets-what-she-wants-vhs-rental-romantic-comedy,She Gets What She Wants,"<p>A popular Texas high school girl’s life is turned upside down when a charming French exchange student arrives and quickly becomes the new center of attention. A rivalry develops as the two compete for popularity, romance, and social status.</p>",VHS,Media > Videos,,"Formatted, Rental, Romantic Comedy, VHS",true,Genre,Romantic Comedy,,,,,,,,,0.0,shopify,1,deny,manual,0.00,,false,false,,,,,72419834,https://cdn.shopify.com/s/files/1/0671/0552/1726/files/OIP_344747fc-fe38-41ad-823b-b4192a85f458.webp?v=1788194864,1,She Gets What She Wants poster,false,,,,,,,romantic-comedy,,,,,,,,,,,,lb,,,active
national-lampoons-senior-trip-vhs-rental-comedy,National Lampoon's Senior Trip,<p>A group of high school students takes a chaotic cross-country trip after their class paper criticizes the principal and lands them in trouble. Starring Matt Frewer and Jeremy Renner.</p>,VHS,Media > Videos,,"Comedy, Formatted, Rental, VHS",true,Genre,Comedy,,,,,,,,,0.0,shopify,1,deny,manual,0.00,,false,false,,,,,72452602,https://cdn.shopify.com/s/files/1/0671/0552/1726/files/OIP_1c4c4e19-50c3-495a-aa78-79215e4a36e7.webp?v=1788194863,1,National Lampoon's Senior Trip poster,false,,,,,,,comedy,,,,,,,,,,,,lb,,,active
the-wedding-planner-vhs-rental-romantic-comedy,The Wedding Planner,"<p>A successful wedding planner falls for the groom of one of her clients, forcing her to choose between her career and her feelings. Starring Jennifer Lopez and Matthew McConaughey.</p>",VHS,Media > Videos,,"Formatted, Rental, Romantic Comedy, VHS",true,Genre,Romantic Comedy,,,,,,,,,0.0,shopify,1,deny,manual,0.00,,false,false,,,,,72485370,https://cdn.shopify.com/s/files/1/0671/0552/1726/files/7P6k6pgCGfCf5SZWxojMhmBJP5f.jpg?v=1788194863,1,The Wedding Planner poster,false,,,,,,,romantic-comedy,,,,,,,,,,,,lb,,,active
loser-vhs-rental-romantic-comedy,Loser,<p>A kindhearted college student struggles to fit in at a new school while falling for a classmate who is already involved with someone else. Starring Jason Biggs.</p>,VHS,Media > Videos,,"Formatted, Rental, Romantic Comedy, VHS",true,Genre,Romantic Comedy,,,,,,,,,0.0,shopify,1,deny,manual,0.00,,false,false,,,,,72518138,https://cdn.shopify.com/s/files/1/0671/0552/1726/files/OIP_4fb10ba8-90f5-4940-9e16-a53cdc19c363.webp?v=1788194862,1,Loser poster,false,,,,,,,romantic-comedy,,,,,,,,,,,,lb,,,active
shaun-of-the-dead-hot-fuzz-the-worlds-end-trilogy-bluray-rental-comedy,Shaun of the Dead / Hot Fuzz / The World's End Trilogy,"<p>A directionless electronics salesman must protect his friends and family when a zombie apocalypse overtakes London.<br>
An elite London police officer is reassigned to a quiet English village, where a string of suspicious “accidents” reveals a deadly conspiracy.<br>
Five childhood friends reunite for an epic pub crawl, only to discover their hometown has been taken over by extraterrestrials.</p>",Blu-Ray,Media > Videos,,"Blu-Ray, Comedy, Formatted, Rental",true,Genre,Comedy,,,,,,,,,0.0,shopify,1,deny,manual,0.00,,false,false,,,,,92006138,https://cdn.shopify.com/s/files/1/0671/0552/1726/files/7176simLkpL._SX425_380201f8-483d-424c-a325-b956e86bdc7a.jpg?v=1788194861,1,Shaun of the Dead / Hot Fuzz / The World's End Trilogy poster,false,,,,,,,comedy,,,,,,,,,,,,lb,,,active
ides-of-march-bluray-rental-drama,Ides of March,<p>An idealistic campaign staffer becomes entangled in scandal and political manipulation during a heated presidential primary.</p>,Blu-Ray,Media > Videos,,"Blu-Ray, Drama, Formatted, Rental",true,Genre,Drama,,,,,,,,,0.0,shopify,1,deny,manual,0.00,,false,false,,,,,92071674,https://cdn.shopify.com/s/files/1/0671/0552/1726/files/images_36c37592-ff8c-4787-b429-5d1ebdde8967.jpg?v=1788194860,1,Ides of March poster,false,,,,,,,drama,,,,,,,,,,,,lb,,,active
teenage-mutant-ninja-turtles-iii-bluray-rental-kids-family,Teenage Mutant Ninja Turtles III,"<p>The Ninja Turtles are transported to feudal Japan, where they become involved in a conflict between rival factions.</p>",Blu-Ray,Media > Videos,,"Blu-Ray, Formatted, Kids & Family, Rental",true,Genre,Kids & Family,,,,,,,,,0.0,shopify,1,deny,manual,0.00,,false,false,,,,,92104442,https://cdn.shopify.com/s/files/1/0671/0552/1726/files/images_b9c1f482-dcff-46bc-88a1-f3db58250f53.jpg?v=1788194859,1,Teenage Mutant Ninja Turtles III poster,false,,,,,,,kids-family,,,,,,,,,,,,lb,,,active
unsane-bluray-rental-thriller,Unsane,"<p>A woman finds herself involuntarily committed to a mental institution, where she believes her stalker may be working.</p>",Blu-Ray,Media > Videos,,"Blu-Ray, Formatted, Rental, Thriller",true,Genre,Thriller,,,,,,,,,0.0,shopify,1,deny,manual,0.00,,false,false,,,,,92169978,https://cdn.shopify.com/s/files/1/0671/0552/1726/files/images_aac02171-461f-435a-8b9f-3c78f60b97bd.jpg?v=1788194859,1,Unsane poster,false,,,,,,,thriller,,,,,,,,,,,,lb,,,active
where-we-disappear-bluray-rental-action,Where We Disappear,"<p>When Anastasia can take no more and kills her abusive husband, she is dragged away to face the horror of a Siberian gulag prison camp. Her arrival upsets the balance of power in the freezing cold shack she shares with the other inmates. They see her as weak and predict she will die within a week. With hostility and brutality all around her, Anastasia must fight to survive.</p>",Blu-Ray,Media > Videos,,"Action, Blu-Ray, Formatted, Rental",true,Genre,Action,,,,,,,,,0.0,shopify,1,deny,manual,0.00,,false,false,,,,,92202746,https://cdn.shopify.com/s/files/1/0671/0552/1726/files/images_4b5d1fba-9724-445c-a589-7938ddbdd406.jpg?v=1788194858,1,Where We Disappear poster,false,,,,,,,action,,,,,,,,,,,,lb,,,active
arizona-bluray-rental-comedy,Arizona,<p>Cassie is a single mother and real estate agent whose problems go from bad to worse when a disgruntled client kidnaps her.</p>,Blu-Ray,Media > Videos,,"Blu-Ray, Comedy, Formatted, Rental",true,Genre,Comedy,,,,,,,,,0.0,shopify,1,deny,manual,0.00,,false,false,,,,,92268282,https://cdn.shopify.com/s/files/1/0671/0552/1726/files/images_dc57c1fb-407a-4793-b7be-0e7d929b02cb.jpg?v=1788194857,1,Arizona poster,false,,,,,,,comedy,,,,,,,,,,,,lb,,,active
digimon-adventure-reunion-bluray-rental-kids-family,Digimon Adventure Reunion,"<p>It's been six years since that summer adventure when Taichi Yagami and the rest of the DigiDestined crossed over to the Digital World. And nearly three years have passed since the final battle between Hikari Yagami's group and BelialVamdemon. As the peaceful days passed by, at some point the gate to the Digital World closed. Not even the DigiDestined know what caused this, and time alone continues to pass.</p>",Blu-Ray,Media > Videos,,"Blu-Ray, Formatted, Kids & Family, Rental",true,Genre,Kids & Family,,,,,,,,,0.0,shopify,1,deny,manual,0.00,,false,false,,,,,92301050,https://cdn.shopify.com/s/files/1/0671/0552/1726/files/images_9191641b-9295-4301-b41f-2abb61aa8449.jpg?v=1788194856,1,Digimon Adventure Reunion poster,false,,,,,,,kids-family,,,,,,,,,,,,lb,,,active
frank-bluray-rental-comedy,Frank,"<p>A young aspiring musician finds himself far out of his element after he joins an eccentric pop group led by the enigmatic Frank, who wears a giant fake head. As the band prepare to record their debut album, their personal issues generate tension.</p>",Blu-Ray,Media > Videos,,"Blu-Ray, Comedy, Formatted, Rental",true,Genre,Comedy,,,,,,,,,0.0,shopify,1,deny,manual,0.00,,false,false,,,,,92366586,https://cdn.shopify.com/s/files/1/0671/0552/1726/files/images_e59575bb-a7f8-427f-8f98-b27f6ed12f53.jpg?v=1788194855,1,Frank poster,false,,,,,,,comedy,,,,,,,,,,,,lb,,,active
the-good-the-bad-the-ugly-bluray-rental-action,The Good The Bad The Ugly,"<p>In the Southwest during the Civil War, a mysterious stranger, Joe (Clint Eastwood), and a Mexican outlaw, Tuco (Eli Wallach), form an uneasy partnership -- Joe turns in the bandit for the reward money, then rescues him just as he is being hanged. When Joe's shot at the noose goes awry during one escapade, a furious Tuco tries to have him murdered. The men re-team abruptly, however, to beat out a sadistic criminal and the Union army and find $20,000 that a soldier has buried in the desert.</p>",Blu-Ray,Media > Videos,,"Action, Blu-Ray, Formatted, Rental",true,Genre,Action,,,,,,,,,0.0,shopify,1,deny,manual,0.00,,false,false,,,,,92399354,https://cdn.shopify.com/s/files/1/0671/0552/1726/files/images_64477be3-294b-40ed-93c1-7ab44c34e4a7.jpg?v=1788194855,1,The Good The Bad The Ugly poster,false,,,,,,,action,,,,,,,,,,,,lb,,,active
holiday-inn-bluray-rental-romantic-comedy,Holiday Inn,"<p>In this Irving Berlin musical, Jim (Bing Crosby) and Lila are members of a performing trio who plan to quit and run a country hotel. When Lila says she has fallen in love with the dancer in the act, Ted (Fred Astaire), Jim leaves town with a broken heart. After turning the inn into a holidays-only live entertainment venue, Jim winds up booking -- and falling for -- Linda (Marjorie Reynolds). But when Ted shows up at the place after being dumped by Lila, he too sets his sights on beautiful Linda.</p>",Blu-Ray,Media > Videos,,"Blu-Ray, Formatted, Rental, Romantic Comedy",true,Genre,Romantic Comedy,,,,,,,,,0.0,shopify,1,deny,manual,0.00,,false,false,,,,,92464890,https://cdn.shopify.com/s/files/1/0671/0552/1726/files/images_dfb50c15-e771-4fb1-84b9-cb581144d3eb.jpg?v=1788194854,1,Holiday Inn poster,false,,,,,,,romantic-comedy,,,,,,,,,,,,lb,,,active
moonwalkers-bluray-rental-comedy,Moonwalkers,"<p>In 60s London, an unstable CIA agent is forced to work with a shabby rock band manager to develop the biggest scam ever - to stage the moon landings. With or without the help of legendary filmmaker, Stanley Kubrick.</p>",Blu-Ray,Media > Videos,,"Blu-Ray, Comedy, Formatted, Rental",true,Genre,Comedy,,,,,,,,,0.0,shopify,1,deny,manual,0.00,,false,false,,,,,92497658,https://cdn.shopify.com/s/files/1/0671/0552/1726/files/images_cf15fccb-1660-4345-8569-a2e05fd9179f.jpg?v=1788194853,1,Moonwalkers poster,false,,,,,,,comedy,,,,,,,,,,,,lb,,,active
roger-corman-horror-collection-dvd-rental-horror,Roger Corman Horror Collection,"<p>Legendary filmmaker Roger Corman has directed<br>
over 50 films and produced nearly 400 more. In<br>
2010, he received an Honorary Oscar Award for his<br>
extraordinary contributions to the state of motion<br>
picture arts. Corman also helped launch the careers<br>
of such Hollywood luminaries as Jack Nicholson,<br>
Robert De Niro, Charles Bronson, Sylvester Stallone,<br>
Francis Ford Coppola, Martin Scorsese, Ron<br>
Howard, and James Cameron!</p>",DVD,Media > Videos,,"DVD, Formatted, Horror, Rental",true,Genre,Horror,,,,,,,,,0.0,shopify,1,deny,manual,0.00,,false,false,,,,,92563194,https://cdn.shopify.com/s/files/1/0671/0552/1726/files/images_7c1b18ff-e464-48c5-be99-91f1ea1c4540.jpg?v=1788194852,1,Roger Corman Horror Collection poster,false,,,,,,,horror,,,,,,,,,,,,lb,,,active
stoked-the-rise-and-fall-of-gator-dvd-rental-documentary,Stoked The Rise and Fall of Gator,"<p>This documentary film explores the life of former skateboarding pro Mark ""Gator"" Rogowski, who, in 1991, was sentenced to 31 years in jail after raping and murdering a female acquaintance. Filmmaker Helen Stickler chronicles Rogowski's tragic journey from cool, confident skateboarding icon to convicted murderer. His struggles with alcoholism and depression are also explored, and skate legends such as Tony Hawk and Stacy Peralta offer first-hand accounts of their experiences with Rogowski.</p>",DVD,Media > Videos,,"Documentary, DVD, Formatted, Rental",true,Genre,Documentary,,,,,,,,,0.0,shopify,1,deny,manual,0.00,,false,false,,,,,92595962,https://cdn.shopify.com/s/files/1/0671/0552/1726/files/images_f457242d-d4eb-4be2-b515-27e91f182fa3.jpg?v=1788194852,1,Stoked The Rise and Fall of Gator poster,false,,,,,,,documentary,,,,,,,,,,,,lb,,,active
bmw-films-presents-the-hire-dvd-rental-action,BMW Films Presents The Hire,<p>The BMW film series The Hire consists of eight short films (averaging about ten minutes each) produced for internet distribution in 2001 and 2002.</p>,DVD,Media > Videos,,"Action, DVD, Formatted, Rental",true,Genre,Action,,,,,,,,,0.0,shopify,1,deny,manual,0.00,,false,false,,,,,92661498,https://cdn.shopify.com/s/files/1/0671/0552/1726/files/images_087452b5-3c39-4596-bf85-4943e4242211.jpg?v=1788194851,1,BMW Films Presents The Hire poster,false,,,,,,,action,,,,,,,,,,,,lb,,,active
new-york-new-york-dvd-rental-drama,"New York, New York","<p>Jimmy Doyle (Robert De Niro), an aspiring saxophone player, meets established USO band singer Francine Evans (Liza Minnelli) during V-J Day celebrations at the end of World War II. The two become a musical double act and, more importantly, fall in love. They quickly get married and start a family, however, their volatile relationship disintegrates over time. Years later, when both of them have successful careers, Jimmy and Francine find their paths crossing once again.</p>",DVD,Media > Videos,,"Drama, DVD, Formatted, Rental",true,Genre,Drama,,,,,,,,,0.0,shopify,1,deny,manual,0.00,,false,false,,,,,92727034,https://cdn.shopify.com/s/files/1/0671/0552/1726/files/images_2dbf6c87-8bb0-4e22-b8c9-b3c8aa2f52a7.jpg?v=1788194850,1,"New York, New York poster",false,,,,,,,drama,,,,,,,,,,,,lb,,,active
voodoo-apocalypse-dvd-rental-comedy,Voodoo Apocalypse,<p>An apocalyptic battle between a couple of cops and Papa Voodoo and his funk band.</p>,DVD,Media > Videos,,"Comedy, DVD, Formatted, Rental",true,Genre,Comedy,,,,,,,,,0.0,shopify,1,deny,manual,0.00,,false,false,,,,,92759802,https://cdn.shopify.com/s/files/1/0671/0552/1726/files/images_565fef33-811f-4008-a450-719d496a400e.jpg?v=1788194849,1,Voodoo Apocalypse poster,false,,,,,,,comedy,,,,,,,,,,,,lb,,,active
best-in-show-vhs-rental-comedy,Best in Show,"<p>The tension is palpable, the excitement is mounting and the heady scent of competition is in the air as hundreds of eager contestants from across America prepare to take part in what is undoubtedly one of the greatest events of their lives -- the Mayflower Dog Show. The canine contestants and their owners are as wondrously diverse as the great country that has bred them.</p>",VHS,Media > Videos,,"Comedy, Formatted, Rental, VHS",true,Genre,Comedy,,,,,,,,,0.0,shopify,1,deny,manual,0.00,,false,false,,,,,99706618,https://cdn.shopify.com/s/files/1/0671/0552/1726/files/qkYBCMN26SxkQww4gLxUXQm5vr4_5d33abdf-5271-4f46-aa46-94d1a93823b1.jpg?v=1788194848,1,Best in Show poster,false,,,,,,,comedy,,,,,,,,,,,,lb,,,active
the-way-we-were-vhs-rental-drama,The Way We Were,"<p>Years after falling in love during college, a politically outspoken activist and an ambitious writer struggle to keep their relationship together as their differences grow in postwar America.</p>",VHS,Media > Videos,,"Drama, Formatted, Rental, VHS",true,Genre,Drama,,,,,,,,,0.0,shopify,1,deny,manual,0.00,,false,false,,,,,99739386,https://cdn.shopify.com/s/files/1/0671/0552/1726/files/Way_We_Were_The_e247030b-5d18-489b-aa7f-bf11e2bf865f.jpg?v=1788194848,1,The Way We Were poster,false,,,,,,,drama,,,,,,,,,,,,lb,,,active
dazed-and-confused-vhs-rental-sci-fi,Dazed and Confused,"<p>On the last day of school in 1976, a group of Texas teenagers cruise, party, and search for freedom during one unforgettable night.</p>",VHS,Media > Videos,,"Comedy, Formatted, Rental, Sci-Fi, VHS",true,Genre,Comedy,,,,,,,,,0.0,shopify,1,deny,manual,0.00,,false,false,,,,,99772154,https://cdn.shopify.com/s/files/1/0671/0552/1726/files/images_882d4237-9cda-4fd1-b6f8-b405bab14200.jpg?v=1788194847,1,Dazed and Confused poster,false,,,,,,,comedy; sci-fi,,,,,,,,,,,,lb,,,active
dune-vhs-rental-sci-fi,Dune,"<p>Young nobleman Paul Atreides journeys to the desert planet Arrakis, where political intrigue, giant sandworms, and a valuable resource shape the fate of the galaxy. (If your VHS is the 1984 David Lynch version, this description applies.)</p>",VHS,Media > Videos,,"Formatted, Rental, Sci-Fi, VHS",true,Genre,Sci-Fi,,,,,,,,,0.0,shopify,1,deny,manual,0.00,,false,false,,,,,99804922,https://cdn.shopify.com/s/files/1/0671/0552/1726/files/images_2c1b3498-886e-443b-b399-ab3cc420de97.jpg?v=1788194845,1,Dune poster,false,,,,,,,sci-fi,,,,,,,,,,,,lb,,,active
my-man-godfrey-vhs-rental-comedy,My Man Godfrey,"<p>A wealthy socialite hires a homeless man as her family's butler, only to discover he is far more sophisticated than anyone imagined in this classic screwball comedy.</p>",VHS,Media > Videos,,"Comedy, Formatted, Rental, VHS",true,Genre,Comedy,,,,,,,,,0.0,shopify,1,deny,manual,0.00,,false,false,,,,,99837690,https://cdn.shopify.com/s/files/1/0671/0552/1726/files/My_Man_Godfrey__281936_poster_-_Style_C_29.jpg?v=1788194848,1,My Man Godfrey poster,false,,,,,,,comedy,,,,,,,,,,,,lb,,,active
pretty-woman-vhs-rental-romantic-comedy,Pretty Woman,"<p>A wealthy businessman hires a spirited Hollywood escort to accompany him for a week, and their business arrangement unexpectedly turns into romance.</p>",VHS,Media > Videos,,"Formatted, Rental, Romantic Comedy, VHS",true,Genre,Romantic Comedy,,,,,,,,,0.0,shopify,1,deny,manual,0.00,,false,false,,,,,99870458,https://cdn.shopify.com/s/files/1/0671/0552/1726/files/Pretty_woman_movie_f1bc5580-d103-4984-bd30-c50a8fafb913.jpg?v=1788194844,1,Pretty Woman poster,false,,,,,,,romantic-comedy,,,,,,,,,,,,lb,,,active
the-x-files-vhs-rental-sci-fi,The X Files,<p>FBI agents Mulder and Scully uncover a global conspiracy involving extraterrestrial life while investigating a deadly virus.</p>,VHS,Media > Videos,,"Formatted, Rental, Sci-Fi, VHS",true,Genre,Sci-Fi,,,,,,,,,0.0,shopify,1,deny,manual,0.00,,false,false,,,,,99903226,https://cdn.shopify.com/s/files/1/0671/0552/1726/files/XFilesMoviePoster_8e677f2c-c756-43fe-8246-bdda8adf4c0e.jpg?v=1788194843,1,The X Files poster,false,,,,,,,sci-fi,,,,,,,,,,,,lb,,,active
the-boys-in-then-band-vhs-rental-drama,The Boys in then Band,"<p>A birthday party among a group of gay friends in New York City begins as a lively reunion but gradually turns into an emotionally charged evening as long-held resentments, insecurities, and truths come to the surface.</p>",VHS,Media > Videos,,"Drama, Formatted, Rental, VHS",true,Genre,Drama,,,,,,,,,0.0,shopify,1,deny,manual,0.00,,false,false,,,,,99935994,https://cdn.shopify.com/s/files/1/0671/0552/1726/files/images_6cbe4bc3-3da0-42c2-853a-506395894a11.jpg?v=1788194843,1,The Boys in then Band poster,false,,,,,,,drama,,,,,,,,,,,,lb,,,active
the-music-man-vhs-rental-musical,The Music Man,"<p>A charismatic traveling con man arrives in a small Midwestern town, convincing residents to start a boys' marching band despite knowing nothing about music. Along the way, he unexpectedly falls in love and begins to change his ways.</p>",VHS,Media > Videos,,"Formatted, Musical, Rental, VHS",true,Genre,Musical,,,,,,,,,0.0,shopify,1,deny,manual,0.00,,false,false,,,,,99968762,https://cdn.shopify.com/s/files/1/0671/0552/1726/files/images_2fa0ebe1-112a-46fa-95ae-26146ea13971.jpg?v=1788194842,1,The Music Man poster,false,,,,,,,musical,,,,,,,,,,,,lb,,,active
the-red-balloon-vhs-rental-kids-family,The Red Balloon,"<p>A young boy wandering the streets of Paris befriends a magical red balloon that seems to have a personality of its own. This beloved, nearly dialogue-free classic celebrates childhood imagination and friendship.</p>",VHS,Media > Videos,,"Formatted, Kids & Family, Rental, VHS",true,Genre,Kids & Family,,,,,,,,,0.0,shopify,1,deny,manual,0.00,,false,false,,,,,00001530,https://cdn.shopify.com/s/files/1/0671/0552/1726/files/images_64ee9243-6dae-4ce5-8eec-b2ddbda0e55d.jpg?v=1788194841,1,The Red Balloon poster,false,,,,,,,kids-family,,,,,,,,,,,,lb,,,active
deconstructing-harry-vhs-rental-comedy,Deconstructing Harry,"<p>A successful but troubled novelist finds his personal life unraveling as the people around him recognize themselves in his fictional stories. Woody Allen's dark comedy explores creativity, relationships, and self-reflection.</p>",VHS,Media > Videos,,"Comedy, Formatted, Rental, VHS",true,Genre,Comedy,,,,,,,,,0.0,shopify,1,deny,manual,0.00,,false,false,,,,,00034298,https://cdn.shopify.com/s/files/1/0671/0552/1726/files/images_eeaed016-97bd-4e80-a1fc-7eff91d221fe.jpg?v=1788194840,1,Deconstructing Harry poster,false,,,,,,,comedy,,,,,,,,,,,,lb,,,active
white-christmas-vhs-rental-musical,White Christmas,"<p>Two former Army buddies turned entertainers team up with a sister act to save a struggling Vermont inn by organizing a spectacular holiday show. Featuring classic songs by Irving Berlin, including ""White Christmas.""</p>",VHS,Media > Videos,,"Formatted, Musical, Rental, VHS",true,Genre,Musical,,,,,,,,,0.0,shopify,1,deny,manual,0.00,,false,false,,,,,00067066,https://cdn.shopify.com/s/files/1/0671/0552/1726/files/images_959fdcd0-85e5-4d6a-91d8-61e1a1296eb3.jpg?v=1788194839,1,White Christmas poster,false,,,,,,,musical,,,,,,,,,,,,lb,,,active
apocalypse-now-vhs-rental-drama,Apocalypse Now,"<p>During the Vietnam War, a U.S. Army captain is sent deep into the Cambodian jungle on a secret mission to find and eliminate a rogue colonel who has established his own mysterious and powerful command. A visually stunning and psychologically intense epic.</p>",VHS,Media > Videos,,"Drama, Formatted, Rental, VHS",true,Genre,Drama,,,,,,,,,0.0,shopify,1,deny,manual,0.00,,false,false,,,,,00099834,https://cdn.shopify.com/s/files/1/0671/0552/1726/files/images_aa0d6aae-2890-4d7c-9a1a-23acdab6acc7.jpg?v=1788194838,1,Apocalypse Now poster,false,,,,,,,drama,,,,,,,,,,,,lb,,,active
the-witches-of-salem-vhs-rental-drama,The Witches of Salem,"<p>Set during the Salem witch trials, this historical drama follows the hysteria and fear that spread through a Puritan community as accusations of witchcraft tear families apart and innocent lives are destroyed. Based on Arthur Miller's The Crucible.</p>",VHS,Media > Videos,,"Drama, Formatted, Rental, VHS",true,Genre,Drama,,,,,,,,,0.0,shopify,1,deny,manual,0.00,,false,false,,,,,00132602,https://cdn.shopify.com/s/files/1/0671/0552/1726/files/images_c5aaa642-6dd7-4944-abda-32944fa8ab81.jpg?v=1788194837,1,The Witches of Salem poster,false,,,,,,,drama,,,,,,,,,,,,lb,,,active
annie-hall-vhs-rental-romantic-comedy,Annie Hall,"<p>A neurotic New York comedian reflects on his relationship with the quirky and free-spirited Annie Hall, exploring love, memory, and the complexities of modern romance in Woody Allen's Oscar-winning classic.</p>",VHS,Media > Videos,,"Formatted, Rental, Romantic Comedy, VHS",true,Genre,Romantic Comedy,,,,,,,,,0.0,shopify,1,deny,manual,0.00,,false,false,,,,,00165370,https://cdn.shopify.com/s/files/1/0671/0552/1726/files/images_f331b1ed-f086-4680-849b-38a11cb178b2.jpg?v=1788194837,1,Annie Hall poster,false,,,,,,,romantic-comedy,,,,,,,,,,,,lb,,,active
dances-with-wolves-vhs-rental-drama,Dances with Wolves,"<p>A Union Army lieutenant stationed on the American frontier befriends a Lakota Sioux tribe, finding a new sense of belonging while witnessing the clash between Native Americans and westward expansion.</p>",VHS,Media > Videos,,"Drama, Formatted, Rental, VHS",true,Genre,Drama,,,,,,,,,0.0,shopify,1,deny,manual,0.00,,false,false,,,,,00198138,https://cdn.shopify.com/s/files/1/0671/0552/1726/files/images_f43fe463-dc3c-4946-a64d-d6fd752734d1.jpg?v=1788194836,1,Dances with Wolves poster,false,,,,,,,drama,,,,,,,,,,,,lb,,,active
all-dogs-go-to-heaven-vhs-rental-kids-family,All Dogs go to Heaven,"<p>After returning from the afterlife, a lovable but mischievous dog sets out for revenge against his former partner but instead learns the value of friendship, kindness, and redemption through an orphan girl with a special gift.</p>",VHS,Media > Videos,,"Formatted, Kids & Family, Rental, VHS",true,Genre,Kids & Family,,,,,,,,,0.0,shopify,1,deny,manual,0.00,,false,false,,,,,00230906,https://cdn.shopify.com/s/files/1/0671/0552/1726/files/images_fcfd0f8b-1db5-44cf-96b5-7bb84f2eec5d.jpg?v=1788194835,1,All Dogs go to Heaven poster,false,,,,,,,kids-family,,,,,,,,,,,,lb,,,active
the-secret-garden-vhs-rental-kids-family,The Secret Garden,"<p>Young, orphaned Mary Lennox (Gennie James) leaves her residence in India to live with her uncle Archibald Craven (Derek Jacobi) at his lavish manor in Yorkshire, England. Ignored by her heartless uncle, Mary finds refugee in a hidden garden tended by a boy named Dickon Sowerby (Barret Oliver). One day, Mary is amazed to discover a miraculous power emanating from the garden, which begins to thaw long-withheld affections in the Craven household -- even healing Archibald's ailing son.</p>",VHS,Media > Videos,,"Formatted, Kids & Family, Rental, VHS",true,Genre,Kids & Family,,,,,,,,,0.0,shopify,1,deny,manual,0.00,,false,false,,,,,00263674,https://cdn.shopify.com/s/files/1/0671/0552/1726/files/images_ba18839b-7447-487d-b608-c5d2b72ced40.jpg?v=1788194834,1,The Secret Garden poster,false,,,,,,,kids-family,,,,,,,,,,,,lb,,,active
casablanca-vhs-rental-drama,Casablanca,"<p>During World War II, an American nightclub owner in Casablanca is forced to choose between rekindling a romance with his former love and helping her and her husband escape the Nazis. Widely regarded as one of Hollywood's greatest classic films, it blends romance, sacrifice, and political intrigue.</p>",VHS,Media > Videos,,"Drama, Formatted, Rental, VHS",true,Genre,Drama,,,,,,,,,0.0,shopify,1,deny,manual,0.00,,false,false,,,,,00296442,https://cdn.shopify.com/s/files/1/0671/0552/1726/files/images_c0b1cc0c-5be8-411a-a83b-de1a86a35ac6.jpg?v=1788194833,1,Casablanca poster,false,,,,,,,drama,,,,,,,,,,,,lb,,,active
stardust-memories-dvd-rental-drama,Stardust Memories,"<p>Can a comedian evolve into a challenging artist? Not in the public's view, as Sandy Bates (Woody Allen) learns the hard way. The hostile comments persistently hurled at him indicate that audiences prefer his earlier slapstick comedies over his recent work: allegorical black-and-white head-scratchers in the vein of European art films. Invited to attend a retrospective of his work, the former funny man must come to terms with critics, audiences, lovers and, ultimately, himself.</p>",DVD,Media > Videos,,"Drama, DVD, Formatted, Rental",true,Genre,Drama,,,,,,,,,0.0,shopify,1,deny,manual,0.00,,false,false,,,,,17466874,https://cdn.shopify.com/s/files/1/0671/0552/1726/files/images_d255edd5-7148-4699-9b16-1d519c7a267c.jpg?v=1788194833,1,Stardust Memories poster,false,,,,,,,drama,,,,,,,,,,,,lb,,,active
guys-and-dolls-vhs-rental-musical,Guys and Dolls,"<p>Two gamblers make a bet involving a Salvation Army missionary and a nightclub singer, leading to romance, colorful musical numbers, and classic Broadway charm. Starring Marlon Brando, Frank Sinatra, Jean Simmons, and Vivian Blaine.</p>",VHS,Media > Videos,,"Formatted, Musical, Rental, VHS",true,Genre,Musical,,,,,,,,,0.0,shopify,1,deny,manual,0.00,,false,false,,,,,38945530,https://cdn.shopify.com/s/files/1/0671/0552/1726/files/images_44f32525-3cd1-454c-be5b-4981419ef876.jpg?v=1788194832,1,Guys and Dolls poster,false,,,,,,,musical,,,,,,,,,,,,lb,,,active
how-the-grinch-stole-christmas-vhs-rental-holiday,How the Grinch Stole Christmas,<p>The Grinch plans to ruin Christmas for the Whos of Whoville but discovers the true meaning of the holiday. Narrated by Boris Karloff.</p>,VHS,Media > Videos,,"Formatted, Holiday, Rental, VHS",true,Genre,Holiday,,,,,,,,,0.0,shopify,1,deny,manual,0.00,,false,false,,,,,38978298,https://cdn.shopify.com/s/files/1/0671/0552/1726/files/images_04623f8f-d464-484c-88c7-b058aec1bdbb.jpg?v=1788194831,1,How the Grinch Stole Christmas poster,false,,,,,,,holiday,,,,,,,,,,,,lb,,,active
jesus-christ-superstar-vhs-rental-musical,Jesus Christ Superstar,<p>Andrew Lloyd Webber and Tim Rice's rock opera retells the final days of Jesus through modern music and striking visuals.</p>,VHS,Media > Videos,,"Formatted, Musical, Rental, VHS",true,Genre,Musical,,,,,,,,,0.0,shopify,1,deny,manual,0.00,,false,false,,,,,39076602,https://cdn.shopify.com/s/files/1/0671/0552/1726/files/images_fc236f54-3672-49e3-806b-095936c1a093.jpg?v=1788194830,1,Jesus Christ Superstar poster,false,,,,,,,musical,,,,,,,,,,,,lb,,,active
almost-famous-vhs-rental-comedy,Almost Famous,"<p>A teenage aspiring music journalist goes on tour with an up-and-coming rock band in the 1970s, discovering the highs and lows of life on the road. Directed by Cameron Crowe.</p>",VHS,Media > Videos,,"Comedy, Formatted, Rental, VHS",true,Genre,Comedy,,,,,,,,,0.0,shopify,1,deny,manual,0.00,,false,false,,,,,39109370,https://cdn.shopify.com/s/files/1/0671/0552/1726/files/images_3d0867fd-9580-4f75-afa5-ce87369b162a.jpg?v=1788194829,1,Almost Famous poster,false,,,,,,,comedy,,,,,,,,,,,,lb,,,active
two-women-vhs-rental-drama,Two Women,"<p>During World War II, a mother and daughter flee Rome seeking safety in the countryside, only to face the brutal realities of war. Starring Sophia Loren in her Academy Award-winning performance.</p>",VHS,Media > Videos,,"Drama, Formatted, Rental, VHS",true,Genre,Drama,,,,,,,,,0.0,shopify,1,deny,manual,0.00,,false,false,,,,,39338746,https://cdn.shopify.com/s/files/1/0671/0552/1726/files/TwoWomenPoster_5b3ce807-5dc0-4211-9942-529296e032f0.jpg?v=1788194828,1,Two Women poster,false,,,,,,,drama,,,,,,,,,,,,lb,,,active
taxi-driver-vhs-rental-drama,Taxi Driver,"<p>A lonely Vietnam veteran working as a New York City taxi driver descends into obsession and violence as he attempts to ""clean up"" the city. Directed by Martin Scorsese and starring Robert De Niro.</p>",VHS,Media > Videos,,"Drama, Formatted, Rental, VHS",true,Genre,Drama,,,,,,,,,0.0,shopify,1,deny,manual,0.00,,false,false,,,,,39404282,https://cdn.shopify.com/s/files/1/0671/0552/1726/files/images_26c3ffc9-2917-4a91-9262-c64e70657f7c.jpg?v=1788194828,1,Taxi Driver poster,false,,,,,,,drama,,,,,,,,,,,,lb,,,active
youve-got-mail-vhs-rental-romatic-comedy,You've Got Mail,"<p>Two business rivals unknowingly fall in love through anonymous emails, unaware they're battling each other in real life. Starring Tom Hanks and Meg Ryan.</p>",VHS,Media > Videos,,"Formatted, Rental, Romantic Comedy, VHS",true,Genre,Romantic Comedy,,,,,,,,,0.0,shopify,1,deny,manual,0.00,,false,false,,,,,39437050,https://cdn.shopify.com/s/files/1/0671/0552/1726/files/p22186_p_v11_aq_0ae4d6d5-53d7-498b-9857-8b1948b350a8.jpg?v=1788194827,1,You've Got Mail poster,false,,,,,,,romantic-comedy,,,,,,,,,,,,lb,,,active
a-beautiful-mind-vhs-rental-drama,A Beautiful Mind,"<p>The life of brilliant mathematician John Nash, whose groundbreaking work is complicated by his struggle with schizophrenia. Starring Russell Crowe.</p>",VHS,Media > Videos,,"Drama, Formatted, Rental, VHS",true,Genre,Drama,,,,,,,,,0.0,shopify,1,deny,manual,0.00,,false,false,,,,,39535354,https://cdn.shopify.com/s/files/1/0671/0552/1726/files/A_Beautiful_Mind_Poster_0b8961f7-a79d-4dca-bb6e-6d9674bbcc87.jpg?v=1788194826,1,A Beautiful Mind poster,false,,,,,,,drama,,,,,,,,,,,,lb,,,active
high-fidelity-vhs-rental-comedy,High Fidelity,"<p>A record store owner reflects on his failed relationships while obsessing over music, mixtapes, and Top 5 lists. Starring John Cusack and based on Nick Hornby's novel.</p>",VHS,Media > Videos,,"Comedy, Formatted, Rental, VHS",true,Genre,Comedy,,,,,,,,,0.0,shopify,1,deny,manual,0.00,,false,false,,,,,39568122,https://cdn.shopify.com/s/files/1/0671/0552/1726/files/images_c6331e5b-7d69-4a1c-926b-25e002debc15.jpg?v=1788194825,1,High Fidelity poster,false,,,,,,,comedy,,,,,,,,,,,,lb,,,active
my-name-is-barbara-vhs-rental-musical,My Name is Barbara,"<p>Barbra Streisand's first television special features musical performances, comedy sketches, and the charisma that launched her television career.</p>",VHS,Media > Videos,,"Formatted, Musical, Rental, VHS",true,Genre,Musical,,,,,,,,,0.0,shopify,1,deny,manual,0.00,,false,false,,,,,39633658,https://cdn.shopify.com/s/files/1/0671/0552/1726/files/My-name-is-barbra_d4fdc521-1f54-49b5-893d-241569f61b04.jpg?v=1788194825,1,My Name is Barbara poster,false,,,,,,,musical,,,,,,,,,,,,lb,,,active
while-you-were-sleeping-vhs-rental-romatic-comedy,While You Were Sleeping,<p>A lonely transit worker is mistaken for the fiancée of a man in a coma and unexpectedly falls for his family—and his brother. Starring Sandra Bullock.</p>,VHS,Media > Videos,,"Formatted, Rental, Romantic Comedy, VHS",true,Genre,Romantic Comedy,,,,,,,,,0.0,shopify,1,deny,manual,0.00,,false,false,,,,,39895802,https://cdn.shopify.com/s/files/1/0671/0552/1726/files/p16680_p_v8_an_423fa4f3-c3a5-41e4-965b-6fc1641d1601.jpg?v=1788194824,1,While You Were Sleeping poster,false,,,,,,,romantic-comedy,,,,,,,,,,,,lb,,,active
frosty-the-snowman-vhs-rental-holiday,Frosty the Snowman,<p>A magical snowman comes to life and embarks on a heartwarming adventure with a group of children before winter comes to an end. Narrated by Jimmy Durante.</p>,VHS,Media > Videos,,"Formatted, Holiday, Rental, VHS",true,Genre,Holiday,,,,,,,,,0.0,shopify,1,deny,manual,0.00,,false,false,,,,,39961338,https://cdn.shopify.com/s/files/1/0671/0552/1726/files/MV5BZDM2Y2RiMjgtMDM1Zi00Mjk2LTg5ZGQtZTIwNTJjOTMxMGQxXkEyXkFqcGc_._V1_FMjpg_UX1000_23840807-3fd0-431e-8381-b4b0abbb8490.jpg?v=1788194823,1,Frosty the Snowman poster,false,,,,,,,holiday,,,,,,,,,,,,lb,,,active
wuthering-heights-vhs-rental-drama,Wuthering Heights,"<p>Emily Brontë's classic tale of love, revenge, and obsession between Heathcliff and Catherine on the Yorkshire moors.</p>",VHS,Media > Videos,,"Drama, Formatted, Rental, VHS",true,Genre,Drama,,,,,,,,,0.0,shopify,1,deny,manual,0.00,,false,false,,,,,40321786,https://cdn.shopify.com/s/files/1/0671/0552/1726/files/71QcKX6DvXL._AC_UF894_1000_QL80_aae0cfdc-146d-4c01-913f-b85b787caf8c.jpg?v=1788194822,1,Wuthering Heights poster,false,,,,,,,drama,,,,,,,,,,,,lb,,,active
south-park-bigger-longer-uncut-vhs-rental-musical,"South Park Bigger, Longer, Uncut","<p>Stan, Kyle, Cartman, and Kenny sneak into an R-rated movie, triggering an international crisis and an outrageous musical adventure.</p>",VHS,Media > Videos,,"Formatted, Musical, Rental, VHS",true,Genre,Musical,,,,,,,,,0.0,shopify,1,deny,manual,0.00,,false,false,,,,,40420090,https://cdn.shopify.com/s/files/1/0671/0552/1726/files/images_75194b9c-11f6-434c-8044-a01a887b7fb3.jpg?v=1788194821,1,"South Park Bigger, Longer, Uncut poster",false,,,,,,,musical,,,,,,,,,,,,lb,,,active
sixteen-candles-vhs-rental-comedy,Sixteen Candles,"<p>A teenager's sixteenth birthday is forgotten by her family as she navigates high school crushes, awkward moments, and growing up. Written and directed by John Hughes.</p>",VHS,Media > Videos,,"Comedy, Formatted, Rental, VHS",true,Genre,Comedy,,,,,,,,,0.0,shopify,1,deny,manual,0.00,,false,false,,,,,40551162,https://cdn.shopify.com/s/files/1/0671/0552/1726/files/p3678_p_v10_aa_1a65545a-74fa-4ddc-a7ff-9d680c90ed93.jpg?v=1788194821,1,Sixteen Candles poster,false,,,,,,,comedy,,,,,,,,,,,,lb,,,active
rear-window-vhs-rental-thriller,Rear Window,<p>A photographer confined to his apartment becomes convinced he's witnessed a murder while spying on his neighbors. Directed by Alfred Hitchcock and starring James Stewart and Grace Kelly.</p>,VHS,Media > Videos,,"Formatted, Rental, Thriller, VHS",true,Genre,Thriller,,,,,,,,,0.0,shopify,1,deny,manual,0.00,,false,false,,,,,40715002,https://cdn.shopify.com/s/files/1/0671/0552/1726/files/images_58f9664a-3f80-40b8-aafc-60910887bc35.jpg?v=1788194820,1,Rear Window poster,false,,,,,,,thriller,,,,,,,,,,,,lb,,,active
the-little-mermaid-vhs-rental-kids-family,The Little Mermaid,"<p>Ariel, a young mermaid, dreams of life on land and makes a dangerous bargain with the sea witch Ursula to pursue her dreams.</p>",VHS,Media > Videos,,"Formatted, Kids & Family, Rental, VHS",true,Genre,Kids & Family,,,,,,,,,0.0,shopify,1,deny,manual,0.00,,false,false,,,,,40780538,https://cdn.shopify.com/s/files/1/0671/0552/1726/files/images-1_dac589d7-50d2-43bc-a89b-5adca9a5e23c.jpg?v=1788194819,1,The Little Mermaid poster,false,,,,,,,kids-family,,,,,,,,,,,,lb,,,active
fantasia-vhs-rental-kids-family,Fantasia,"<p>Disney's groundbreaking animated classic combines orchestral music with imaginative animated sequences, including the iconic ""Sorcerer's Apprentice.""</p>",VHS,Media > Videos,,"Formatted, Kids & Family, Rental, VHS",true,Genre,Kids & Family,,,,,,,,,0.0,shopify,1,deny,manual,0.00,,false,false,,,,,40944378,https://cdn.shopify.com/s/files/1/0671/0552/1726/files/il_fullxfull.4240004834_fzdh_7d20ae50-c94a-4123-9b1c-94391812c0e8.jpg?v=1788194818,1,Fantasia poster,false,,,,,,,kids-family,,,,,,,,,,,,lb,,,active
leap-of-faith-vhs-floor-sale-comedy,Leap of Faith,"<p>Jonas Nightengale is a fraudulent Christian faith healer who makes a living travelling around America holding revival meetings and conducting 'miracles' with the help of his friend and manager, Jane, and their entourage.</p>",VHS,Media > Videos,,"Comedy, Floor Sale, Formatted, VHS",true,Genre,Comedy,,,,,,,,,0.0,shopify,1,deny,manual,6.00,,true,true,,,,,86234618,https://cdn.shopify.com/s/files/1/0671/0552/1726/files/iqIKuwQYdvoKKGFjjEPdXlUKYvk.jpg?v=1788267231,1,Leap of Faith (1992) poster,false,,,,,,,comedy,,,,,,,,,,,,lb,,,active
u-571-vhs-floor-sale-action,U-571,"<p>In the midst of World War II, the battle under the sea rages and the Nazis have the upper hand as the Allies are unable to crack their war codes. However, after a wrecked U-boat sends out an SOS signal, the Allies realise this is their chance to seize the 'enigma coding machine'.</p>",VHS,Media > Videos,,"Action, Floor Sale, Formatted, VHS",true,Genre,Action,,,,,,,,,0.0,shopify,1,deny,manual,5.00,,false,false,,,,,86300154,https://cdn.shopify.com/s/files/1/0671/0552/1726/files/7lc7jXmjQmITnfUBX7nN4kxKKbI.jpg?v=1788194818,1,U-571 (2000) poster,false,,,,,,,action,,,,,,,,,,,,lb,,,active
soul-assassin-vhs-floor-sale-thriller,Soul Assassin,<p>A security agent at an investment bank uncovers espionage that is linked to his girlfriend's murder. He vows to seek revenge on those responsible.</p>,VHS,Media > Videos,,"Floor Sale, Formatted, Thriller, VHS",true,Genre,Thriller,,,,,,,,,0.0,shopify,1,deny,manual,5.00,,false,false,,,,,86332922,https://cdn.shopify.com/s/files/1/0671/0552/1726/files/9xlhZxbP1LbLD3uZPzbOHjJZ2uY_68cf59b7-ded9-4656-9b7c-70f1aa43b74e.jpg?v=1788194815,1,Soul Assassin (2001) poster,false,,,,,,,thriller,,,,,,,,,,,,lb,,,active
deep-blue-sea-vhs-floor-sale-sci-fi,Deep Blue Sea,"<p>Researchers on the undersea lab Aquatica have genetically altered the brains of captive sharks to develop a cure for Alzheimer's disease. But there's an unexpected side effect: the sharks got smarter, faster, and more dangerous. After a big storm damages their remote research facility, they must fight for their lives.</p>",VHS,Media > Videos,,"Floor Sale, Formatted, Sci-Fi, VHS",true,Genre,Sci-Fi,,,,,,,,,0.0,shopify,1,deny,manual,7.00,,false,false,,,,,86398458,https://cdn.shopify.com/s/files/1/0671/0552/1726/files/fyn0zyCI4kIlbDoHH0Hzv09hDC5_fd6245b3-32ae-43fd-96fc-386b9d422547.jpg?v=1788194813,1,Deep Blue Sea (1999) poster,false,,,,,,,sci-fi,,,,,,,,,,,,lb,,,active
national-lampoons-vacation-vhs-floor-sale-comedy,National Lampoon's Vacation,"<p>Clark Griswold is on a quest to take his family to the Walley World theme park for a vacation, but things don't go exactly as planned.</p>",VHS,Media > Videos,,"Comedy, Floor Sale, Formatted, VHS",true,Genre,Comedy,,,,,,,,,0.0,shopify,1,deny,manual,6.00,,false,false,,,,,86431226,https://cdn.shopify.com/s/files/1/0671/0552/1726/files/q3DvoqY06yZnRp9faH6uge7n7VP_6aa2db72-3535-4d35-9852-add22007a1a5.jpg?v=1788194812,1,National Lampoon's Vacation (1983) poster,false,,,,,,,comedy,,,,,,,,,,,,lb,,,active
national-lampoons-european-vacation-vhs-floor-sale-comedy,National Lampoon's European Vacation,"<p>The Griswolds win a vacation to Europe on a game show, and so pack their bags for the continent. They do their best to catch the flavor of Europe, but they just don't know how to be be good tourists. Besides, they have trouble taking holidays in countries where they CAN speak the language.</p>",VHS,Media > Videos,,"Comedy, Floor Sale, Formatted, VHS",true,Genre,Comedy,,,,,,,,,0.0,shopify,1,deny,manual,6.00,,false,false,,,,,86463994,https://cdn.shopify.com/s/files/1/0671/0552/1726/files/hZL7g1oSDrA0Lx5wcHpEl99MYKi.jpg?v=1788194810,1,National Lampoon's European Vacation (1985) poster,false,,,,,,,comedy,,,,,,,,,,,,lb,,,active
the-modern-adventures-of-tom-sawyer-vhs-floor-sale-kids-family,The Modern Adventures of Tom Sawyer,"<p>Tom Sawyer and his side-kick Chuck try to earn tokens for a community rec center. But you know Tom, he always has a trick or two up his sleeve.</p>",VHS,Media > Videos,,"Floor Sale, Formatted, Kids & Family, VHS",true,Genre,Kids & Family,,,,,,,,,0.0,shopify,1,deny,manual,6.00,,false,false,,,,,86496762,https://cdn.shopify.com/s/files/1/0671/0552/1726/files/30fnrPOtZx2OP3unIv0N7afraF6.jpg?v=1788194809,1,The Modern Adventures of Tom Sawyer (1998) poster,false,,,,,,,kids-family,,,,,,,,,,,,lb,,,active
santa-clause-the-movie-vhs-floor-sale-holiday,Santa Clause: The Movie,"<p>Santa Claus: The Movie is a 1985 Christmas fantasy film starring Dudley Moore and John Lithgow, chronicling Santa's origin and a modern-day plot to undermine Christmas.</p>",VHS,Media > Videos,,"Floor Sale, Formatted, Holiday, VHS",true,Genre,Holiday,,,,,,,,,0.0,shopify,1,deny,manual,7.00,,false,false,,,,,86529530,https://cdn.shopify.com/s/files/1/0671/0552/1726/files/Santa-claus-movie-poster.jpg?v=1788272150,1,Santa Clause: The Movie poster,false,,,,,,,holiday,,,,,,,,,,,,lb,,,active
country-life-vhs-floor-sale-comedy,Country Life,"<p>The beautiful little village called Chuan Fan is undergoing a lively rural development program involving all aspects of village life and many folk practices relating to Buddhism. The two rural development specialists who arrive on the scene to help with modern health plans are well receives by the locals, except for the very conservative Chief of the village, who fears the young men from the city are after his overprotected daughters.</p>",VHS,Media > Videos,,"Comedy, Floor Sale, Formatted, VHS",true,Genre,Comedy,,,,,,,,,0.0,shopify,1,deny,manual,5.00,,true,true,,,,,86595066,https://cdn.shopify.com/s/files/1/0671/0552/1726/files/t2sIEOdK9WKoYJGmQiRvwwHI3Z9.jpg?v=1788267232,1,Country Life (1999) poster,false,,,,,,,comedy,,,,,,,,,,,,lb,,,active
the-paper-vhs-floor-sale-comedy,The Paper,"<p>Henry Hackett is the workaholic editor of a New York City tabloid. He loves his job, but the long hours and low pay are leading to discontent. Also, publisher Bernie White faces financial straits, and has hatchet-man Alicia Clark—Henry's nemesis—impose unpopular cutbacks.</p>",VHS,Media > Videos,,"Comedy, Floor Sale, Formatted, VHS",true,Genre,Comedy,,,,,,,,,0.0,shopify,1,deny,manual,5.00,,true,true,,,,,86627834,https://cdn.shopify.com/s/files/1/0671/0552/1726/files/pGPrFbucRLwVtCKCeinwAklAl0l.jpg?v=1788267230,1,The Paper (1994) poster,false,,,,,,,comedy,,,,,,,,,,,,lb,,,active
going-under-vhs-floor-sale-comedy,Going Under,<p>An American submarine races to get a nuclear weapon before a Russian submarine.</p>,VHS,Media > Videos,,"Comedy, Floor Sale, Formatted, VHS",true,Genre,Comedy,,,,,,,,,0.0,shopify,1,deny,manual,8.00,,true,true,,,,,86889978,https://cdn.shopify.com/s/files/1/0671/0552/1726/files/439SBxDGNledvQp3Bo75qt34PB3.jpg?v=1788267231,1,Going Under (1991) poster,false,,,,,,,comedy,,,,,,,,,,,,lb,,,active
shes-out-of-control-vhs-floor-sale-comedy,She's Out of Control,<p>A Los Angeles radio-station manager's girlfriend shows his teenage daughter how to be sexy.</p>,VHS,Media > Videos,,"Comedy, Floor Sale, Formatted, VHS",true,Genre,Comedy,,,,,,,,,0.0,shopify,1,deny,manual,5.00,,false,false,,,,,86922746,https://cdn.shopify.com/s/files/1/0671/0552/1726/files/wTQ4FIz8D0YsSSpcgGjR6EWFvhs.jpg?v=1788194808,1,She's Out of Control (1989) poster,false,,,,,,,comedy,,,,,,,,,,,,lb,,,active
foreign-body-vhs-floor-sale-comedy,Foreign Body,"<p>Banerjee stars as Ram Das, a jobless Indian man who, tired of life in Calcutta, steals money from his father in order to afford a passage to Britain and while there, falls in love with a white woman.</p>",VHS,Media > Videos,,"Comedy, Floor Sale, Formatted, VHS",true,Genre,Comedy,,,,,,,,,0.0,shopify,1,deny,manual,5.00,,false,false,,,,,86955514,https://cdn.shopify.com/s/files/1/0671/0552/1726/files/fjpjQYosYABLWShZHNgZ8yy5vU1.jpg?v=1788194808,1,Foreign Body (1986) poster,false,,,,,,,comedy,,,,,,,,,,,,lb,,,active
nuns-on-the-run-vhs-floor-sale-comedy,Nuns on the Run,"<p>Set up by their boss to be knocked off following a final heist, soon-to-retire crooks Brian Hope and Charlie McManus get wind of their impending demise and run off with the spoils of their crime. Fleeing their boss, the drug dealers they robbed, the police, and Brian's angry girlfriend, the duo take refuge in a training convent for nuns. In disguise, they convince Sister Superior that they're nuns, a charade they're forced to maintain as their enemies arrive.</p>",VHS,Media > Videos,,"Comedy, Floor Sale, Formatted, VHS",true,Genre,Comedy,,,,,,,,,0.0,shopify,1,deny,manual,4.00,,false,false,,,,,86988282,https://cdn.shopify.com/s/files/1/0671/0552/1726/files/adcFqqwa7df4LzvnI8Z0e90rI5H.jpg?v=1788194807,1,Nuns on the Run (1990) poster,false,,,,,,,comedy,,,,,,,,,,,,lb,,,active
stealing-harvard-vhs-floor-sale-comedy,Stealing Harvard,"<p>John and his girlfriend have vowed to marry once they save $30,000 for their dream house. But the minute they achieve their financial goal, John finds out his niece has been accepted at Harvard, and he's reminded of his promise to pay for her tuition (nearly $30,000). John's friend Duff convinces him to turn to petty crime to make the payment … but Duff's hare-brained schemes spin quickly out of control.</p>",VHS,Media > Videos,,"Comedy, Floor Sale, Formatted, VHS",true,Genre,Comedy,,,,,,,,,0.0,shopify,1,deny,manual,6.00,,false,false,,,,,87021050,https://cdn.shopify.com/s/files/1/0671/0552/1726/files/iCHAn0eVAXwybuzoQO598aKMVJD.jpg?v=1788194806,1,Stealing Harvard (2002) poster,false,,,,,,,comedy,,,,,,,,,,,,lb,,,active
for-richer-or-poorer-vhs-floor-sale-comedy,For Richer or Poorer,"<p>Brad Sexton and his wife, Caroline, are wealthy New Yorkers with both marital and financial problems. The latter issue becomes a pressing matter when they discover that their accountant has embezzled millions and pinned the blame on them. Forced to go on the lam, Brad and Caroline end up in an Amish area of Pennsylvania and decide to pose as members of the religious group to evade the IRS. As the two adapt to the simple Amish lifestyle, they begin to reconnect.</p>",VHS,Media > Videos,,"Comedy, Floor Sale, Formatted, VHS",true,Genre,Comedy,,,,,,,,,0.0,shopify,1,deny,manual,5.00,,false,false,,,,,87053818,https://cdn.shopify.com/s/files/1/0671/0552/1726/files/tPjqY9Qp5WOIBFKnyEpMBVwGr01.jpg?v=1788194805,1,For Richer or Poorer (1997) poster,false,,,,,,,comedy,,,,,,,,,,,,lb,,,active
first-monday-in-october-vhs-floor-sale-comedy,First Monday in October,"<p>For the first time in history a woman is appointed to the U.S. Supreme Court, where she becomes a friendly rival to a liberal associate.</p>",VHS,Media > Videos,,"Comedy, Floor Sale, Formatted, VHS",true,Genre,Comedy,,,,,,,,,0.0,shopify,1,deny,manual,8.00,,false,false,,,,,87086586,https://cdn.shopify.com/s/files/1/0671/0552/1726/files/8a4K7e83WoCTOwje4LEhTwtOu0a_75a7ffc7-cf29-444e-9df3-e93fdfa34fc4.jpg?v=1788194804,1,First Monday in October (1981) poster,false,,,,,,,comedy,,,,,,,,,,,,lb,,,active
terms-of-endearment-vhs-rental-drama,Terms of Endearment,"<p>Widow Aurora Greenway (Shirley MacLaine) and her daughter, Emma (Debra Winger), have a strong bond, but Emma marries teacher Flap Horton (Jeff Daniels) against her mother's wishes. When the marriage grows sour due to Flap's cheating, Emma eventually splits from him, returning to her mother, who is involved with a former astronaut (Jack Nicholson). Soon, Emma learns that she has terminal cancer. In the hospital, supported by Aurora, she tries to make peace with Flap and her children.</p>",VHS,Media > Videos,,"Drama, Formatted, Rental, VHS",true,Genre,Drama,,,,,,,,,0.0,shopify,1,deny,manual,0.00,,false,false,,,,,52726778,https://cdn.shopify.com/s/files/1/0671/0552/1726/files/MV5BMTk0ODM4NDk0MF5BMl5BanBnXkFtZTgwMTEzMDUxMDE_._V1_FMjpg_UX1000_a04d12c2-dccb-4929-8032-1acc4d0d80f8.jpg?v=1788194803,1,Terms of Endearment poster,false,,,,,,,drama,,,,,,,,,,,,lb,,,active
sense-and-sensibility-vhs-rental-drama,Sense and Sensibility,"<p>When Elinor Dashwood's father dies, her family's finances are crippled. After the Dashwoods move to a cottage in Devonshire, Elinor's sister Marianne is torn between the handsome John Willoughby and the older Colonel Brandon. Meanwhile, Elinor's romantic hopes with Edward Ferrars are hindered due to his prior engagement. Both Elinor and Marianne strive for love while the circumstances in their lives constantly change.</p>",VHS,Media > Videos,,"Drama, Formatted, Rental, VHS",true,Genre,Drama,,,,,,,,,0.0,shopify,1,deny,manual,0.00,,false,false,,,,,52988922,https://cdn.shopify.com/s/files/1/0671/0552/1726/files/images_e4719dcf-c758-496e-990f-e6c094270503.jpg?v=1788194802,1,Sense and Sensibility poster,false,,,,,,,drama,,,,,,,,,,,,lb,,,active
the-doom-generation-vhs-rental-comedy,The Doom Generation,"<p>Teens Jordan White (James Duval) and Amy Blue (Rose McGowan) pick up a handsome drifter named Xavier Red (Johnathon Schaech). Red tends to create combustible situations -- for example, a trip to a convenience store leads to a clerk getting decapitated. Afterward, the trio voyages through small-town America, where Amy is accosted by various men claiming to be her lovers, and she and Jordan find themselves drawn to Xavier. But can any amount of sex lift the sense of doom hanging over them?</p>",VHS,Media > Videos,,"Comedy, Formatted, Rental, VHS",true,Genre,Comedy,,,,,,,,,0.0,shopify,1,deny,manual,0.00,,false,false,,,,,53021690,https://cdn.shopify.com/s/files/1/0671/0552/1726/files/images_23f64b8d-8f41-4bf3-98ae-05554fb2163a.jpg?v=1788194802,1,The Doom Generation poster,false,,,,,,,comedy,,,,,,,,,,,,lb,,,active
joan-of-arc-vhs-rental-drama,Joan of Arc,"<p>During the Hundred Years' War, peasant girl Joan of Arc (Ingrid Bergman) hears voices instructing her to save France from the English. Convinced that these unsummoned murmurings are divine messages from God, Joan consults the uncrowned Charles VII (Jose Ferrer) who, startled by the accuracy of her clairvoyance, assembles an army and installs her as its leader and spiritual guide. Her victorious forces reclaim much of their homeland from the English, but she herself falls into enemy hands.</p>",VHS,Media > Videos,,"Drama, Formatted, Rental, VHS",true,Genre,Drama,,,,,,,,,0.0,shopify,1,deny,manual,0.00,,false,false,,,,,53054458,https://cdn.shopify.com/s/files/1/0671/0552/1726/files/images_653dce4e-5944-4c08-be69-2bf62618cfd8.jpg?v=1788194801,1,Joan of Arc poster,false,,,,,,,drama,,,,,,,,,,,,lb,,,active
sleepless-in-seattle-vhs-rental-romantic-comedy,Sleepless in Seattle,"<p>After the death of his wife, Sam Baldwin (Tom Hanks) moves to Seattle with his son, Jonah (Ross Malinger). When Jonah calls in to a talk-radio program to find a new wife for his father, Sam grudgingly gets on the line to discuss his feelings. Annie Reed (Meg Ryan), a reporter in Baltimore, hears Sam speak and falls for him, even though she is engaged. Unsure where it will lead, she writes Sam a letter asking him to meet her at the Empire State Building on Valentine's Day.</p>",VHS,Media > Videos,,"Formatted, Rental, Romantic Comedy, VHS",true,Genre,Romantic Comedy,,,,,,,,,0.0,shopify,1,deny,manual,0.00,,false,false,,,,,53087226,https://cdn.shopify.com/s/files/1/0671/0552/1726/files/Sleepless_in_seattle_e857ab46-14bd-4f85-9175-ae087c0a95b1.jpg?v=1788194800,1,Sleepless in Seattle poster,false,,,,,,,romantic-comedy,,,,,,,,,,,,lb,,,active
lets-make-it-legal-vhs-rental-romantic-comedy,Let's Make it Legal,"<p>A couple are divorcing because of his gambling after 20 years of marriage but are parting as friends. When an ex-flame starts making a play for her, hubby explains his lucky dice.</p>",VHS,Media > Videos,,"Formatted, Rental, Romantic Comedy, VHS",true,Genre,Romantic Comedy,,,,,,,,,0.0,shopify,1,deny,manual,0.00,,false,false,,,,,53185530,https://cdn.shopify.com/s/files/1/0671/0552/1726/files/MV5BMTIxMzQ4NTUyNl5BMl5BanBnXkFtZTYwOTYyMDQ5._V1_5e359004-ef63-4b40-8506-8046ca8121b0.jpg?v=1788194799,1,Let's Make it Legal poster,false,,,,,,,romantic-comedy,,,,,,,,,,,,lb,,,active
its-a-wonderful-life-vhs-rental-holiday,It's a Wonderful Life,"<p>George Bailey has so many problems he is thinking about ending it all - and it's Christmas! As the angels discuss George, we see his life in flashback. As George is about to jump from a bridge, he ends up rescuing his guardian angel, Clarence - who then shows George what his town would have looked like if it hadn't been for all his good deeds over the years.</p>",VHS,Media > Videos,,"Formatted, Holiday, Rental, VHS",true,Genre,Holiday,,,,,,,,,0.0,shopify,1,deny,manual,0.00,,false,false,,,,,53251066,https://cdn.shopify.com/s/files/1/0671/0552/1726/files/images_429cb7e8-61cd-47c2-9067-ec7345ce01e8.jpg?v=1788194798,1,It's a Wonderful Life poster,false,,,,,,,holiday,,,,,,,,,,,,lb,,,active
fargo-vhs-rental-thriller,Fargo,"<p>""Fargo"" is a reality-based crime drama set in Minnesota in 1987. Jerry Lundegaard (William H. Macy) is a car salesman in Minneapolis who has gotten himself into debt and is so desperate for money that he hires two thugs (Steve Buscemi), (Peter Stormare) to kidnap his own wife. Jerry will collect the ransom from her wealthy father (Harve Presnell), paying the thugs a small portion and keeping the rest to satisfy his debts. The scheme collapses when the thugs shoot a state trooper.</p>",VHS,Media > Videos,,"Formatted, Rental, Thriller, VHS",true,Genre,Thriller,,,,,,,,,0.0,shopify,1,deny,manual,0.00,,false,false,,,,,53349370,https://cdn.shopify.com/s/files/1/0671/0552/1726/files/images_ac45511a-6788-419a-aa15-6a2c498bf263.jpg?v=1788194798,1,Fargo poster,false,,,,,,,thriller,,,,,,,,,,,,lb,,,active
picnic-at-hanging-rock-vhs-rental-drama,Picnic at Hanging Rock,"<p>In the early 1900s, Miranda (Anne Lambert) attends a girls boarding school in Australia. One Valentine's Day, the school's typically strict headmistress (Rachel Roberts) treats the girls to a picnic field trip to an unusual but scenic volcanic formation called Hanging Rock. Despite rules against it, Miranda and several other girls venture off. It's not until the end of the day that the faculty realizes the girls and one of the teachers (Vivean Gray) have disappeared mysteriously.</p>",VHS,Media > Videos,,"Drama, Formatted, Rental, VHS",true,Genre,Drama,,,,,,,,,0.0,shopify,1,deny,manual,0.00,,false,false,,,,,53775354,https://cdn.shopify.com/s/files/1/0671/0552/1726/files/images_7d3aba2f-dfa4-4616-9aca-cccfad78ca87.jpg?v=1788194797,1,Picnic at Hanging Rock poster,false,,,,,,,drama,,,,,,,,,,,,lb,,,active
little-house-on-the-prairie-christmas-at-plum-creek-vhs-rental-holiday,Little House on the Prairie: Christmas at Plum Creek,<p>Christmas is coming and everyone is being secretive. Laura wants to buy something expensive for her mother and has to come up with a way to pay for it.</p>,VHS,Media > Videos,,"Formatted, Holiday, Rental, VHS",true,Genre,Holiday,,,,,,,,,0.0,shopify,1,deny,manual,0.00,,false,false,,,,,53840890,https://cdn.shopify.com/s/files/1/0671/0552/1726/files/images_8a523da1-2ce0-4991-9320-f44a49fac635.jpg?v=1788194796,1,Little House on the Prairie: Christmas at Plum Creek poster,false,,,,,,,holiday,,,,,,,,,,,,lb,,,active
little-women-vhs-rental-drama,Little Women,"<p>In this 1994 adaptation of Louisa May Alcott's classic, the March sisters confront growing pains, financial shortages, family tragedies and romantic rivalries in mid-19th-century Massachusetts. Jo struggles for independence and sometimes clashes with her beloved mother and her sisters Meg, Amy and Beth. She also contends with their cranky Aunt March, their impulsive neighbor Laurie and kindly linguistics professor Friedrich Bhaer.</p>",VHS,Media > Videos,,"Drama, Formatted, Rental, VHS",true,Genre,Drama,,,,,,,,,0.0,shopify,1,deny,manual,0.00,,false,false,,,,,53873658,https://cdn.shopify.com/s/files/1/0671/0552/1726/files/images_e0119832-cb68-49f0-a89b-ba336ca61469.jpg?v=1788194795,1,Little Women poster,false,,,,,,,drama,,,,,,,,,,,,lb,,,active
garden-state-vhs-rental-romantic-comedy,Garden State,"<p>After many years away, television bit part actor Andrew Largeman returns to his small hometown in New Jersey to attend his mother's funeral. There he is confronted by various aspects of the life he left behind, including his overbearing father. Largeman also meets compulsive liar and amateur musician Sam, with whom he feels an immediate connection. Together with several other figures from his past, Largeman heals old wounds and forges new friendships.</p>",VHS,Media > Videos,,"Formatted, Rental, Romantic Comedy, VHS",true,Genre,Romantic Comedy,,,,,,,,,0.0,shopify,1,deny,manual,0.00,,false,false,,,,,53906426,https://cdn.shopify.com/s/files/1/0671/0552/1726/files/images_492b0e46-a7e6-4b18-a84a-380d8b426f02.jpg?v=1788194794,1,Garden State poster,false,,,,,,,romantic-comedy,,,,,,,,,,,,lb,,,active
dark-victory-vhs-rental-romantic-comedy,Dark Victory,"<p>Socialite Judith Traherne (Bette Davis) lives a lavish but emotionally empty life. Riding horses is one of her few joys, and her stable master (Humphrey Bogart) is secretly in love with her. Told she has a brain tumor by her doctor, Frederick Steele (George Brent), Judith becomes distraught. After she decides to have surgery to remove the tumor, Judith realizes she is in love with Dr. Steele, but more troubling medical news may sabotage her new relationship, and her second chance at life.</p>",VHS,Media > Videos,,"Formatted, Rental, Romantic Comedy, VHS",true,Genre,Romantic Comedy,,,,,,,,,0.0,shopify,1,deny,manual,0.00,,false,false,,,,,53939194,https://cdn.shopify.com/s/files/1/0671/0552/1726/files/images_03354d65-bef2-4afb-8d65-fdfff1555e37.jpg?v=1788194794,1,Dark Victory poster,false,,,,,,,romantic-comedy,,,,,,,,,,,,lb,,,active
romeo-juliet-vhs-rental-drama,Romeo & Juliet,"<p>In the Italian city of Verona, the Montague and the Capulet families are perpetually feuding. When Romeo (Leonard Whiting), a handsome young Montague, disregards convention by attending a Capulet ball, he falls in love with the beautiful Juliet (Olivia Hussey), a Capulet. After a brief courtship, the two elope, creating even greater tension between their families. Italian director Franco Zeffirelli's film is considered one of the best screen versions of Shakespeare's classic love story.</p>",VHS,Media > Videos,,"Drama, Formatted, Rental, VHS",true,Genre,Drama,,,,,,,,,0.0,shopify,1,deny,manual,0.00,,false,false,,,,,54201338,https://cdn.shopify.com/s/files/1/0671/0552/1726/files/latest_25f2f2ff-1185-4531-93aa-98c52a09ec69.webp?v=1788194793,1,Romeo & Juliet poster,false,,,,,,,drama,,,,,,,,,,,,lb,,,active
monty-python-and-the-holy-grail-vhs-rental-comedy,Monty Python and the Holy Grail,"<p>A comedic send-up of the grim circumstances of the Middle Ages as told through the story of King Arthur and framed by a modern-day murder investigation. When the mythical king of the Britons leads his knights on a quest for the Holy Grail, they face a wide array of horrors, including a persistent Black Knight, a three-headed giant, a cadre of shrubbery-challenged knights, the perilous Castle Anthrax, a killer rabbit, a house of virgins, and a handful of rude Frenchmen.</p>",VHS,Media > Videos,,"Comedy, Formatted, Rental, VHS",true,Genre,Comedy,,,,,,,,,0.0,shopify,1,deny,manual,0.00,,false,false,,,,,54234106,https://cdn.shopify.com/s/files/1/0671/0552/1726/files/images_dcb39f62-121c-4364-8e3a-b95a23c2f95b.jpg?v=1788194792,1,Monty Python and the Holy Grail poster,false,,,,,,,comedy,,,,,,,,,,,,lb,,,active
rushmore-vhs-rental-comedy,Rushmore,"<p>When a beautiful first-grade teacher (Olivia Williams) arrives at a prep school, she soon attracts the attention of an ambitious teenager named Max (Jason Schwartzman), who quickly falls in love with her. Max turns to the father (Bill Murray) of two of his schoolmates for advice on how to woo the teacher. However, the situation soon gets complicated when Max's new friend becomes involved with her, setting the two pals against one another in a war for her attention.</p>",VHS,Media > Videos,,"Comedy, Formatted, Rental, VHS",true,Genre,Comedy,,,,,,,,,0.0,shopify,1,deny,manual,0.00,,false,false,,,,,54266874,https://cdn.shopify.com/s/files/1/0671/0552/1726/files/images_64d25a9c-c604-4549-9ea8-81a5b854620f.jpg?v=1788194791,1,Rushmore poster,false,,,,,,,comedy,,,,,,,,,,,,lb,,,active
newsies-vhs-rental-musical,Newsies,"<p>In this musical, homeless New York City newsboy Jack ""Cowboy"" Kelly (Christian Bale) befriends two newcomers to his trade, brothers David (David Moscow) and Les Jacobs (Luke Edwards). When publisher Joseph Pulitzer (Robert Duvall) sets new rules that make it harder for the young newspaper salesmen to make a buck, the boys go on strike. Bryan Denton (Bill Pullman), a journalist who's sympathetic to their plight, gives them some tips in public relations, as the newsboys' battle grips the city.</p>",VHS,Media > Videos,,"Formatted, Musical, Rental, VHS",true,Genre,Musical,,,,,,,,,0.0,shopify,1,deny,manual,0.00,,false,false,,,,,54299642,https://cdn.shopify.com/s/files/1/0671/0552/1726/files/images_42fb95b9-4071-40e0-ad09-3dfa3ebbb002.jpg?v=1788194791,1,Newsies poster,false,,,,,,,musical,,,,,,,,,,,,lb,,,active
heartsong-vhs-rental-musical,Heartsong,"<p>Heartsong is a unique musical experience in which you will share, with Dolly Parton, a lifetime of her Smoky Mountain inspiration.</p>",VHS,Media > Videos,,"Formatted, Musical, Rental, VHS",true,Genre,Musical,,,,,,,,,0.0,shopify,1,deny,manual,0.00,,false,false,,,,,54332410,https://cdn.shopify.com/s/files/1/0671/0552/1726/files/MV5BN2M2Mzk2MmQtZGE5YS00M2MzLTkzNzUtODJlYjM0ZjE1OTllXkEyXkFqcGc_._V1_44986e82-01d8-4dce-8aba-4da8283dcd5b.jpg?v=1788194790,1,Heartsong poster,false,,,,,,,musical,,,,,,,,,,,,lb,,,active
my-life-as-a-fairytale-vhs-rental-fantasy,My Life as a Fairytale,"<p>A wealthy patron and his daughter welcome the young Andersen into their home, and watch as his storytelling gifts flourish.</p>",VHS,Media > Videos,,"Fantasy, Formatted, Rental, VHS",true,Genre,Fantasy,,,,,,,,,0.0,shopify,1,deny,manual,0.00,,false,false,,,,,54365178,https://cdn.shopify.com/s/files/1/0671/0552/1726/files/MV5BMTY1ODk2OTc4NF5BMl5BanBnXkFtZTcwNjQ5MjMyMQ_._V1_FMjpg_UX1000_2fc5ee2e-547d-44ed-8114-41be377fb87e.jpg?v=1788194789,1,My Life as a Fairytale poster,false,,,,,,,fantasy,,,,,,,,,,,,lb,,,active
rookie-of-the-year-vhs-rental-kids-family,Rookie of the Year,"<p>A freak accident causes 12-year-old Little League player Henry (Thomas Ian Nicholas) to become such a powerful and accurate pitcher that the Chicago Cubs sign the junior high student to a contract. Unprepared for such a high-pressure environment, Henry falters until aging fast baller Chet Steadman (Gary Busey) takes him under his wing and teaches him how to play in the big leagues. Meanwhile, his mother's venal boyfriend (Bruce Altman) tries to sell Henry's contract to a hated opposing team.</p>",VHS,Media > Videos,,"Formatted, Kids & Family, Rental, VHS",true,Genre,Kids & Family,,,,,,,,,0.0,shopify,1,deny,manual,0.00,,false,false,,,,,54397946,https://cdn.shopify.com/s/files/1/0671/0552/1726/files/Rookie_of_the_year_13b13eba-3bc5-4a95-8a39-0c8eee3518d6.jpg?v=1788194788,1,Rookie of the Year poster,false,,,,,,,kids-family,,,,,,,,,,,,lb,,,active
hair-vhs-rental-musical,Hair,"<p>In New York City for the first time while on his way to enlist in the U.S. Army during the Vietnam War, Oklahoma farm hand Claude Hooper Bukowski (John Savage) meets up with a freewheeling group of Central Park hippies led by the irrepressible George Berger (Treat Williams). When the unlikely friends meet upper-middle-class debutante Sheila Franklin (Beverly D'Angelo), sparks fly between the country boy and the city girl, and Berger's troupe attempts to keep the young lovers together.</p>",VHS,Media > Videos,,"Formatted, Musical, Rental, VHS",true,Genre,Musical,,,,,,,,,0.0,shopify,1,deny,manual,0.00,,false,false,,,,,54430714,https://cdn.shopify.com/s/files/1/0671/0552/1726/files/Hairmovieposter_481fabb3-31aa-4fd0-8380-0f6925d2a8d3.jpg?v=1788194787,1,Hair poster,false,,,,,,,musical,,,,,,,,,,,,lb,,,active
a-summer-to-remember-vhs-rental-kids-family,A Summer to Remember,"<p>Toby is bitter since losing his hearing and refuses to accept his stepfather. But when an orangutan named Casey is thrown from a truck, the boy soon has a secret friend.</p>",VHS,Media > Videos,,"Formatted, Kids & Family, Rental, VHS",true,Genre,Kids & Family,,,,,,,,,0.0,shopify,1,deny,manual,0.00,,false,false,,,,,54463482,https://cdn.shopify.com/s/files/1/0671/0552/1726/files/images_2722b261-7d26-4e01-a1d6-8eb3c1a554b0.jpg?v=1788194787,1,A Summer to Remember poster,false,,,,,,,kids-family,,,,,,,,,,,,lb,,,active
the-secret-life-of-an-american-wife-vhs-rental-comedy,The Secret Life of an American Wife,"<p>Feeling restless after years of marriage and concerned that she's no longer attractive, housewife Victoria Layton (Anne Jackson) embarks on a quest to reaffirm her sex appeal. Victoria's husband, Tom (Patrick O'Neal), is a talent agent who represents a famous movie star (Walter Matthau) known for his womanizing ways, so she decides to take on the guise of a call girl to see if she can seduce the celebrity. Will she go through with bedding the actor, or will she remain faithful to her spouse?</p>",VHS,Media > Videos,,"Comedy, Formatted, Rental, VHS",true,Genre,Comedy,,,,,,,,,0.0,shopify,1,deny,manual,0.00,,false,false,,,,,54496250,https://cdn.shopify.com/s/files/1/0671/0552/1726/files/images_05dd0f6a-9843-4b20-87ec-2b5f95d4ffa0.jpg?v=1788194786,1,The Secret Life of an American Wife poster,false,,,,,,,comedy,,,,,,,,,,,,lb,,,active
faerie-tale-theater-the-princess-the-pea-vhs-rental-kids-family,Faerie Tale Theater: The Princess & The Pea,<p>A princess (Liza Minnelli) likes a lazy prince (Tom Conti) but is not so fond of his mother (Beatrice Straight); with Nancy Allen; directed by Tony Bill.</p>,VHS,Media > Videos,,"Formatted, Kids & Family, Rental, VHS",true,Genre,Kids & Family,,,,,,,,,0.0,shopify,1,deny,manual,0.00,,false,false,,,,,54529018,https://cdn.shopify.com/s/files/1/0671/0552/1726/files/284_fbe58048-5884-472e-8ef2-9158c25a8c3e.webp?v=1788194784,1,Faerie Tale Theater: The Princess & The Pea poster,false,,,,,,,kids-family,,,,,,,,,,,,lb,,,active
honey-i-blew-up-the-kids-vhs-rental-kids-famiy,"Honey, I Blew Up the Kids","<p>Scatterbrained scientist Wayne Szalinski develops a contraption that makes objects bigger. A routine test goes horribly wrong, however, when Wayne accidentally targets his 2-year-old son with the enlarging ray. The toddler experiences huge growth spurts every time he is exposed to electricity. When their child grows to become over 100 feet tall, Wayne and his wife, Diane, must use a shrink ray to cure his gigantism before he destroys all of Las Vegas.</p>",VHS,Media > Videos,,"Formatted, Kids & Family, Rental, VHS",true,Genre,Kids & Family,,,,,,,,,0.0,shopify,1,deny,manual,0.00,,false,false,,,,,54561786,https://cdn.shopify.com/s/files/1/0671/0552/1726/files/images_4d073d20-5ecc-4e84-b7be-c67721778ca8.jpg?v=1788194784,1,"Honey, I Blew Up the Kids poster",false,,,,,,,kids-family,,,,,,,,,,,,lb,,,active
overexposed-vhs-rental-thriller,Overexposed,"<p>A soap-opera star (Catherine Oxenberg) thinks someone's trying to kill her, but cannot figure out which someone.</p>",VHS,Media > Videos,,"Formatted, Rental, Thriller, VHS",true,Genre,Thriller,,,,,,,,,0.0,shopify,1,deny,manual,0.00,,false,false,,,,,54594554,https://cdn.shopify.com/s/files/1/0671/0552/1726/files/157169-overexposed-0-230-0-345-crop_47fabeab-70ad-49d1-a018-7d0dfea8a3a7.jpg?v=1788194783,1,Overexposed poster,false,,,,,,,thriller,,,,,,,,,,,,lb,,,active
the-land-of-faraway-vhs-rental-kids-family,The Land of Faraway,"<p>Two Swedish boys (Nicholas Pickard, Christian Bale) fight a fantasy-land Black Knight (Christopher Lee) who has turned children into birds.</p>",VHS,Media > Videos,,"Formatted, Kids & Family, Rental, VHS",true,Genre,Kids & Family,,,,,,,,,0.0,shopify,1,deny,manual,0.00,,false,false,,,,,54856698,https://cdn.shopify.com/s/files/1/0671/0552/1726/files/images_efdc0dd1-8003-494a-872b-4267f17b7161.jpg?v=1788194781,1,The Land of Faraway poster,false,,,,,,,kids-family,,,,,,,,,,,,lb,,,active
in-dreams-vhs-floor-sale-thriller,In Dreams,"<p>A suburban housewife learns that she has psychic connections to a serial killer, and can predict this person's motives through her dreams.</p>",VHS,Media > Videos,,"Floor Sale, Formatted, Thriller, VHS",true,Genre,Thriller,,,,,,,,,0.0,shopify,1,deny,manual,6.00,,true,true,,,,,34832378,https://cdn.shopify.com/s/files/1/0671/0552/1726/files/q3Q00fCgeZGjAYaiwbfTMuIrUb0.jpg?v=1788267229,1,In Dreams (1999) poster,false,,,,,,,thriller,,,,,,,,,,,,lb,,,active
infestation-vhs-floor-sale-horror,Infestation,"<p>The not too distant future. A deadly virus has swept across the Earth. Billions perished. The survivors moved underground . . . 30 years on and plagued with self-blame following a devastating crash, pilot Loki is coaxed back from the edge by his partner Sash. Together they must take on a new mission: Go Topside. Retrieve missing recon team. Hostility unknown. After a thunderous journey through the Earth's crust they discover the planet surface is not what it once was, only death survives. As they quickly uncover the fate that befell the first team, they are forced to make a choice, either stay and die or stay and fight. But what will kill them first, the mutants or the virus?</p>",VHS,Media > Videos,,"Floor Sale, Formatted, Horror, VHS",true,Genre,Horror,,,,,,,,,0.0,shopify,1,deny,manual,6.00,,true,true,,,,,34865146,https://cdn.shopify.com/s/files/1/0671/0552/1726/files/d5TG3I3HZd9I0bqb7VzoqMxMdEu.jpg?v=1788267230,1,Infestation (2005) poster,false,,,,,,,horror,,,,,,,,,,,,lb,,,active
homeroom-vhs-floor-sale-drama,Homeroom,"<p>Following the class of 2020 at Oakland High School in a year marked by seismic change, exploring the emotional world of teenagers coming of age against the backdrop of a rapidly changing world.</p>",VHS,Media > Videos,,"Drama, Floor Sale, Formatted, VHS",true,Genre,Drama,,,,,,,,,0.0,shopify,1,deny,manual,5.00,,false,false,,,,,35160058,https://cdn.shopify.com/s/files/1/0671/0552/1726/files/s43zgCiWVkf2agi6DedDYuQ9pT7_0d8b8548-3723-4002-b607-7d7187bf7578.jpg?v=1788194780,1,Homeroom (2021) poster,false,,,,,,,drama,,,,,,,,,,,,lb,,,active
final-desination-vhs-floor-sale-horror,Final Desination,<p>Final Destination is a 2000 supernatural horror film about a group of teens who cheat death after one has a premonition of a plane crash.</p>,VHS,Media > Videos,,"Floor Sale, Formatted, Horror, VHS",true,Genre,Horror,,,,,,,,,0.0,shopify,1,deny,manual,9.00,,false,false,,,,,35225594,https://cdn.shopify.com/s/files/1/0671/0552/1726/files/Final_Destination_movie.jpg?v=1788272149,1,Final Desination poster,false,,,,,,,horror,,,,,,,,,,,,lb,,,active
screamers-vhs-floor-sale-horror,Screamers,"<p>SIRIUS 6B, Year 2078. On a distant mining planet ravaged by a decade of war, scientists have created the perfect weapon: a blade-wielding, self-replicating race of killing devices known as Screamers designed for one purpose only -- to hunt down and destroy all enemy life forms.</p>",VHS,Media > Videos,,"Floor Sale, Formatted, Horror, VHS",true,Genre,Horror,,,,,,,,,0.0,shopify,1,deny,manual,8.00,,true,true,,,,,35389434,https://cdn.shopify.com/s/files/1/0671/0552/1726/files/eqgBf791rMZG7ywHfObpXeMpiRf.jpg?v=1788267229,1,Screamers (1995) poster,false,,,,,,,horror,,,,,,,,,,,,lb,,,active
imposter-vhs-floor-sale-sci-fi,Imposter,"<p>Impostor is a 2001 American science fiction psychological thriller based on the Philip K. Dick short story, starring Gary Sinise as a man accused of being an alien replicant.</p>",VHS,Media > Videos,,"Floor Sale, Formatted, Sci-Fi, VHS",true,Genre,Sci-Fi,,,,,,,,,0.0,shopify,1,deny,manual,6.00,,false,false,,,,,35422202,https://cdn.shopify.com/s/files/1/0671/0552/1726/files/Impostor__282002_movie_poster_29.jpg?v=1788272163,1,Imposter poster,false,,,,,,,sci-fi,,,,,,,,,,,,lb,,,active
wild-grizzly-vhs-floor-sale-horror,Wild Grizzly,"<p>A grizzly bear escapes from a wildlife park and leaves a trail of destruction through the mountain village of Pine Lake. After sixteen-year-old Josh is accused of having released the bear, he goes after it.</p>",VHS,Media > Videos,,"Floor Sale, Formatted, Horror, VHS",true,Genre,Horror,,,,,,,,,0.0,shopify,1,deny,manual,8.00,,false,false,,,,,35454970,https://cdn.shopify.com/s/files/1/0671/0552/1726/files/56SdNmO7xTdAyYp7swyyorLwZx0.jpg?v=1788194780,1,Wild Grizzly (2000) poster,false,,,,,,,horror,,,,,,,,,,,,lb,,,active
everybodys-famous-vhs-floor-sale-comedy,Everybody's Famous,"<p>Jean is a family man and factory worker who dreams of becoming a songwriter. Pinning his hopes on his teenage daughter, Marva, he takes her to singing contests in which the awkward and overweight girl struggles to belt out a tune. When Jean is suddenly fired because of cut backs, he is ashamed and even more desperate to have his daughter succeed. In a chance meeting Jean kidnaps the most famous pop star in the country and holds her hostage demanding to be heard by the music industry. Catching the attention of the media and the eyes of the nation, Jean and Marva realize that the show must go on until everyone is famous.</p>",VHS,Media > Videos,,"Comedy, Floor Sale, Formatted, VHS",true,Genre,Comedy,,,,,,,,,0.0,shopify,1,deny,manual,6.00,,false,false,,,,,35553274,https://cdn.shopify.com/s/files/1/0671/0552/1726/files/iPVRGoOQ6N9sMYYJW8OLT2CqDnO.jpg?v=1788194779,1,Everybody's Famous (2000) poster,false,,,,,,,comedy,,,,,,,,,,,,lb,,,active
just-visiting-vhs-floor-sale-comedy,Just Visiting,"<p>A knight and his valet are plagued by a witch, and to repair the damage they make use of the services of a wizard. However, something goes wrong and they are transported from the 12th century to the year 2000. There the knight meets some of his family and slowly learns what this new century is like. However, he still needs to get back to the 12th century to deal with the witch, so he starts looking for a wizard. Remake of  1993 French film Les Visiteurs (The Visitors).</p>",VHS,Media > Videos,,"Comedy, Floor Sale, Formatted, VHS",true,Genre,Comedy,,,,,,,,,0.0,shopify,1,deny,manual,5.00,,true,true,,,,,35618810,https://cdn.shopify.com/s/files/1/0671/0552/1726/files/7KqzbefXjADSUE8j2ZsrudvAArY.jpg?v=1788267228,1,Just Visiting (2001) poster,false,,,,,,,comedy,,,,,,,,,,,,lb,,,active
the-wiz-1978-vhs-floor-sale-musical,The Wiz (1978),"<p>Dorothy Gale, a shy kindergarten teacher, is swept away to the magic land of Oz where she embarks on a quest to return home.</p>",VHS,Media > Videos,,"Floor Sale, Formatted, Musical, VHS",true,Genre,Musical,,,,,,,,,0.0,shopify,1,deny,manual,8.00,,false,false,,,,,35651578,https://cdn.shopify.com/s/files/1/0671/0552/1726/files/rgfB8hBRSwbEb0SK7pt9mW9jsyP.jpg?v=1788194778,1,The Wiz (1978) poster,false,,,,,,,musical,,,,,,,,,,,,lb,,,active
the-mighty-quinn-vhs-floor-sale-drama,The Mighty Quinn,"<p>Police chief Xavier Quinn investigates the gruesome murder of Donald Pater, one of the wealthiest residents on a Caribbean island. He was found decapitated in his Jacuzzi. Although the local political establishment, especially crooked Governor Chalk, insists that small-time thief Maubee is responsible, Xavier has his doubts. This view is complicated by the police chief's personal history with Maubee: The men have been friends since childhood.</p>",VHS,Media > Videos,,"Drama, Floor Sale, Formatted, VHS",true,Genre,Drama,,,,,,,,,0.0,shopify,1,deny,manual,6.00,,false,false,,,,,35684346,https://cdn.shopify.com/s/files/1/0671/0552/1726/files/4slxiAx6kBl7h80df2xOobWRUTZ.jpg?v=1788194777,1,The Mighty Quinn (1989) poster,false,,,,,,,drama,,,,,,,,,,,,lb,,,active
the-waterboy-vhs-floor-sale-comedy,The Waterboy,<p>Bobby Boucher is a water boy for a struggling college football team. The coach discovers Boucher's hidden rage makes him a tackling machine whose bone-crushing power might vault his team into the playoffs.</p>,VHS,Media > Videos,,"Comedy, Floor Sale, Formatted, VHS",true,Genre,Comedy,,,,,,,,,0.0,shopify,1,deny,manual,6.00,,false,false,,,,,35749882,https://cdn.shopify.com/s/files/1/0671/0552/1726/files/miT42qWYC4D0n2mXNzJ9VfhheWW.jpg?v=1788194777,1,The Waterboy (1998) poster,false,,,,,,,comedy,,,,,,,,,,,,lb,,,active
in-out-vhs-floor-sale-comedy,In & Out,<p>A midwestern teacher questions his sexuality after a former student makes a comment about him at the Academy Awards.</p>,VHS,Media > Videos,,"Comedy, Floor Sale, Formatted, VHS",true,Genre,Comedy,,,,,,,,,0.0,shopify,1,deny,manual,6.00,,true,true,,,,,35815418,https://cdn.shopify.com/s/files/1/0671/0552/1726/files/jUTQp6cPgfOX4St2WfaeUvxZCts.jpg?v=1788267228,1,In & Out (1997) poster,false,,,,,,,comedy,,,,,,,,,,,,lb,,,active
illegally-yours-vhs-floor-sale-comedy,Illegally Yours,"<p>Called up for jury duty, Richard Dice finds his first crush and only real, but unrequited love, on trial for murder. Richard desperately tries to prove Mollys innocence while untangling a complicated web of murder, blackmail and perjury, and still trying to win over the girl of his dreams.</p>",VHS,Media > Videos,,"Comedy, Floor Sale, Formatted, VHS",true,Genre,Comedy,,,,,,,,,0.0,shopify,1,deny,manual,6.00,,false,false,,,,,35880954,https://cdn.shopify.com/s/files/1/0671/0552/1726/files/vZthIpgpfikXDOXbe4aSjXbt07z_a6237452-c315-4044-ad4f-9c331baea822.jpg?v=1788194775,1,Illegally Yours (1988) poster,false,,,,,,,comedy,,,,,,,,,,,,lb,,,active
the-curse-of-the-jade-scorpion-vhs-floor-sale-comedy,The Curse of the Jade Scorpion,"<p>CW Briggs is a veteran insurance investigator, with many successes. Betty Ann Fitzgerald is a new employee in the company he works for, with the task of reorganizing the office. They don't like each other - or at least that's what they think. During a night out with the rest of the office employees, they go to watch Voltan, a magician who secretly hypnotizes both of them.</p>",VHS,Media > Videos,,"Comedy, Floor Sale, Formatted, VHS",true,Genre,Comedy,,,,,,,,,0.0,shopify,1,deny,manual,5.00,,false,false,,,,,35913722,https://cdn.shopify.com/s/files/1/0671/0552/1726/files/mfvWefUp09oaLLxb8KhsvUYi7mX.jpg?v=1788194774,1,The Curse of the Jade Scorpion (2001) poster,false,,,,,,,comedy,,,,,,,,,,,,lb,,,active
just-a-little-harmless-sex-vhs-floor-sale-comedy,Just a Little Harmless Sex,<p>A young married couple faces a serious break-up when the husband is caught committing adultery with a prostitute.</p>,VHS,Media > Videos,,"Comedy, Floor Sale, Formatted, VHS",true,Genre,Comedy,,,,,,,,,0.0,shopify,1,deny,manual,5.00,,false,false,,,,,35946490,https://cdn.shopify.com/s/files/1/0671/0552/1726/files/15NbWxDj3m2e2aNjw74AzW43HyO.jpg?v=1788194774,1,Just a Little Harmless Sex (1999) poster,false,,,,,,,comedy,,,,,,,,,,,,lb,,,active
ill-do-anything-vhs-floor-sale-comedy,I'll Do Anything,"<p>Matt Hobbs is a talented but unsuccessful actor. When estranged (and strange) ex-wife Beth dumps their daughter Jeannie on Matt, father and daughter have a lot of adjusting to do. His budding relationship with attractive production assistant Cathy Breslow is made complicated, while the precocious child is overly accustomed to getting her own way. Matt eventually faces the choice of family vs career in a particularly difficult way.</p>",VHS,Media > Videos,,"Comedy, Floor Sale, Formatted, VHS",true,Genre,Comedy,,,,,,,,,0.0,shopify,1,deny,manual,5.00,,false,false,,,,,36044794,https://cdn.shopify.com/s/files/1/0671/0552/1726/files/oroT4oMzldeKglEAnMT94o3KN66_91a845c9-4adb-4075-826d-0c887a353f77.jpg?v=1788194773,1,I'll Do Anything (1994) poster,false,,,,,,,comedy,,,,,,,,,,,,lb,,,active
the-indian-in-the-cupboard-vhs-floor-sale-kids-family,The Indian in the Cupboard,<p>A nine-year-old boy gets a plastic Indian and a cupboard for his birthday and finds himself involved in adventure when the Indian comes to life and befriends him.</p>,VHS,Media > Videos,,"Floor Sale, Formatted, Kids & Family, VHS",true,Genre,Kids & Family,,,,,,,,,0.0,shopify,1,deny,manual,7.00,,false,false,,,,,36175866,https://cdn.shopify.com/s/files/1/0671/0552/1726/files/ozQAmW85tTJu2dhRe3evzyY03Nb_b00ee7e8-70e7-41a1-8e35-f31dc871e231.jpg?v=1788194772,1,The Indian in the Cupboard (1995) poster,false,,,,,,,kids-family,,,,,,,,,,,,lb,,,active
animal-house-vhs-floor-sale-comedy,Animal House,"<p>At a 1962 College, Dean Vernon Wormer is determined to expel the entire Delta Tau Chi Fraternity, but those troublemakers have other plans for him.</p>",VHS,Media > Videos,,"Comedy, Floor Sale, Formatted, VHS",true,Genre,Comedy,,,,,,,,,0.0,shopify,1,deny,manual,7.00,,true,true,,,,,36208634,https://cdn.shopify.com/s/files/1/0671/0552/1726/files/fWooBbipMRIKeSRhEzmeaDV0T8H.jpg?v=1788267228,1,Animal House (1978) poster,false,,,,,,,comedy,,,,,,,,,,,,lb,,,active
joseph-and-the-amazing-technicolor-dreamcoat-vhs-floor-sale-musical,Joseph and the Amazing Technicolor Dreamcoat,"<p>Joseph, the favored son of Jacob, is betrayed by his jealous brothers, sold into slavery, and driven to Egypt. Though beset with adversity, Joseph perseveres through wit and faith and becomes the Governor of Egypt, second only to the Pharaoh.</p>",VHS,Media > Videos,,"Floor Sale, Formatted, Musical, VHS",true,Genre,Musical,,,,,,,,,0.0,shopify,1,deny,manual,5.00,,true,true,,,,,36274170,https://cdn.shopify.com/s/files/1/0671/0552/1726/files/dUdvCUFlez1puCgzKFa5u4j5fTD.jpg?v=1788267228,1,Joseph and the Amazing Technicolor Dreamcoat (1999) poster,false,,,,,,,musical,,,,,,,,,,,,lb,,,active
west-side-story-vhs-floor-sale-musical,West Side Story,"<p>In Manhattan’s Upper West Side, rival gangs of Polish-Americans and newly arrived Puerto Ricans clash for control of the neighborhood, even as two young members from opposite sides fall dangerously in love.</p>",VHS,Media > Videos,,"Floor Sale, Formatted, Musical, VHS",true,Genre,Musical,,,,,,,,,0.0,shopify,1,deny,manual,5.00,,false,false,,,,,36372474,https://cdn.shopify.com/s/files/1/0671/0552/1726/files/nzCMu6D5q60i2bVrIQ0DxlRSgCZ.jpg?v=1788194771,1,West Side Story (1961) poster,false,,,,,,,musical,,,,,,,,,,,,lb,,,active
malena-vhs-floor-sale-foreign,Malena,"<p>12-year-old Renato experiences three significant events on the same day: the beginning of the Second World War, getting a bike, and witnessing the arrival of the gorgeous Malèna. Through his eyes, we see the curse of beauty and loneliness of Malena, whose husband is presumed dead, and, through his soul, we see his love for her.</p>",VHS,Media > Videos,,"Floor Sale, Foreign, Formatted, VHS",true,Genre,Foreign,,,,,,,,,0.0,shopify,1,deny,manual,8.00,,false,false,,,,,11247354,https://cdn.shopify.com/s/files/1/0671/0552/1726/files/3OyQTl0IGkbnjDxd3MhztfPE34g.jpg?v=1788194770,1,Malena (2000) poster,false,,,,,,,foreign,,,,,,,,,,,,lb,,,active
i-love-you-to-death-vhs-floor-sale-comedy,I Love You to Death,"<p>Joey Boca is the owner of a pizza parlour, and has been married to Rosalie for years. When Rosalie discovers that Joey is a womanizer and has been cheating on her for a long time, she goes to extreme lengths to punish him.</p>",VHS,Media > Videos,,"Comedy, Floor Sale, Formatted, VHS",true,Genre,Comedy,,,,,,,,,0.0,shopify,1,deny,manual,6.00,,true,true,,,,,11443962,https://cdn.shopify.com/s/files/1/0671/0552/1726/files/8LdWJLUfEa5JeUJ7SljJQMIJikZ.jpg?v=1788267227,1,I Love You to Death (1990) poster,false,,,,,,,comedy,,,,,,,,,,,,lb,,,active
jack-and-the-beanstalk-the-real-story-vhs-floor-sale-kids-family,Jack and the Beanstalk: The Real Story,<p>Jack and the Beanstalk: The Real Story is a 2001 American television miniseries produced by Hallmark Entertainment and The Jim Henson Company.</p>,VHS,Media > Videos,,"Floor Sale, Formatted, Kids & Family, VHS",true,Genre,Kids & Family,,,,,,,,,0.0,shopify,1,deny,manual,6.00,,false,false,,,,,11476730,https://cdn.shopify.com/s/files/1/0671/0552/1726/files/Jack-beanstalk-real-story.jpg?v=1788272148,1,Jack and the Beanstalk: The Real Story poster,false,,,,,,,kids-family,,,,,,,,,,,,lb,,,active
illuminata-vhs-floor-sale-drama,Illuminata,"<p>It's the start of the 20th century, and Tuccio, resident playwright of a theatre repertory company offers the owners of the company his new play, ""Illuminata"". They reject it, saying it's not finished, and intrigue starts that involves influential critic Bevalaqua, theatre star Celimene, young lead actors and other theatre residents</p>",VHS,Media > Videos,,"Drama, Floor Sale, Formatted, VHS",true,Genre,Drama,,,,,,,,,0.0,shopify,1,deny,manual,6.00,,false,false,,,,,11542266,https://cdn.shopify.com/s/files/1/0671/0552/1726/files/vovb7pbU3CkKjfcmOxwz7AMbpCX.jpg?v=1788194769,1,Illuminata (1998) poster,false,,,,,,,drama,,,,,,,,,,,,lb,,,active
fatal-instincts-vhs-floor-sale-comedy,Fatal Instincts,"<p>Fatal Instinct is a 1993 comedy film directed by Carl Reiner, a parody of erotic thrillers of the era.</p>",VHS,Media > Videos,,"Comedy, Floor Sale, Formatted, VHS",true,Genre,Comedy,,,,,,,,,0.0,shopify,1,deny,manual,6.00,,false,false,,,,,11738874,https://cdn.shopify.com/s/files/1/0671/0552/1726/files/Fatal_instinct.jpg?v=1788272146,1,Fatal Instincts poster,false,,,,,,,comedy,,,,,,,,,,,,lb,,,active
the-secret-life-of-girls-vhs-floor-sale-drama,The Secret Life of Girls,"<p>15-year-old Natalie, confused to begin with, finds out about her father's affair with one of his students. Refusing to simply stand by and watch her family disintegrate, Natalie takes it upon herself to expose the problem, and in doing so calls into question the family's penchant for denial.</p>",VHS,Media > Videos,,"Drama, Floor Sale, Formatted, VHS",true,Genre,Drama,,,,,,,,,0.0,shopify,1,deny,manual,5.00,,true,true,,,,,11804410,https://cdn.shopify.com/s/files/1/0671/0552/1726/files/rYHZsvQOqwIyvmagpkqcAxe6wgY.jpg?v=1788267226,1,The Secret Life of Girls (1999) poster,false,,,,,,,drama,,,,,,,,,,,,lb,,,active
just-like-heaven-vhs-floor-sale-romantic-comedy,Just Like Heaven,"<p>Shortly after David Abbott moves into his new San Francisco digs, he has an unwelcome visitor on his hands: winsome Elizabeth Masterson, who asserts that the apartment is hers -- and promptly vanishes. When she starts appearing and disappearing at will, David thinks she's a ghost, while Elizabeth is convinced she's alive.</p>",VHS,Media > Videos,,"Floor Sale, Formatted, Romantic Comedy, VHS",true,Genre,Romantic Comedy,,,,,,,,,0.0,shopify,1,deny,manual,6.00,,true,true,,,,,11837178,https://cdn.shopify.com/s/files/1/0671/0552/1726/files/2cLbyVNhEEaUJGg7rfbLtX6454I_8a28828c-2d93-407d-9f0e-22ae3ae0efe7.jpg?v=1788267226,1,Just Like Heaven (2005) poster,false,,,,,,,romantic-comedy,,,,,,,,,,,,lb,,,active
im-with-lucy-vhs-floor-sale-romantic-comedy,I'm with Lucy,"<p>It's an hour before Lucy's wedding and her best friend wants to hear all about what led up to that moment. So, Lucy tells about the five men she had blind dates with over the past year (Doug, Gabriel, Bobby, Barry, and Luke) and her experiences with each one. But which one of the five men is Lucy about to walk down the aisle with?</p>",VHS,Media > Videos,,"Floor Sale, Formatted, Romantic Comedy, VHS",true,Genre,Romantic Comedy,,,,,,,,,0.0,shopify,1,deny,manual,5.00,,false,false,,,,,12001018,https://cdn.shopify.com/s/files/1/0671/0552/1726/files/iz4zN7fGHxvJS5BuXWSFIWWv9kT_f9aa9056-ca27-43ec-b707-32cb3e2c04a8.jpg?v=1788194769,1,I'm with Lucy (2002) poster,false,,,,,,,romantic-comedy,,,,,,,,,,,,lb,,,active
here-come-the-tigers-vhs-floor-sale-kids-family,Here Come the Tigers,"<p>A cop and his partner manage a little league baseball team, trying to turn the group of misfits into a competitive team.</p>",VHS,Media > Videos,,"Floor Sale, Formatted, Kids & Family, VHS",true,Genre,Kids & Family,,,,,,,,,0.0,shopify,1,deny,manual,5.00,,false,false,,,,,12323578,https://cdn.shopify.com/s/files/1/0671/0552/1726/files/jYBf9M4c7lm2NYuf8RgFsp8ZnW7.jpg?v=1788194768,1,Here Come the Tigers (1978) poster,false,,,,,,,kids-family,,,,,,,,,,,,lb,,,active
wrongfully-accused-vhs-floor-sale-comedy,Wrongfully Accused,"<p>Ryan Harrison, a violin god, superstar and sex symbol does not want to cheat on sexy Lauren Goodhue's husband with her. Mr. Goodhue is found murdered and Ryan suddenly finds himself being the main suspect. After being sentenced to death he manages to flee while being transferred to his execution site. Now, all the world is after him as he stumbles from one unfortunate incident to the next in order to prove himself innocent - by finding a mysterious one-eyed, one-armed, one-legged man...</p>",VHS,Media > Videos,,"Comedy, Floor Sale, Formatted, VHS",true,Genre,Comedy,,,,,,,,,0.0,shopify,1,deny,manual,6.00,,false,false,,,,,12421882,https://cdn.shopify.com/s/files/1/0671/0552/1726/files/6FG3aldS4eVD4baKwmAi9P8kdRS_a613fac8-bf5a-4ad3-adff-2c740467c6fc.jpg?v=1788194767,1,Wrongfully Accused (1998) poster,false,,,,,,,comedy,,,,,,,,,,,,lb,,,active
faithful-vhs-floor-sale-thriller,Faithful,"<p>One day, Lauren finds her marriage to be in struggles. She tries at any costs to save her marriage, but the truth may not be as it seems.</p>",VHS,Media > Videos,,"Floor Sale, Formatted, Thriller, VHS",true,Genre,Thriller,,,,,,,,,0.0,shopify,1,deny,manual,6.00,,true,true,,,,,12487418,https://cdn.shopify.com/s/files/1/0671/0552/1726/files/lh1ZUr3ZrQFYX1P0MIv26MVw9rM.jpg?v=1788267227,1,Faithful (2017) poster,false,,,,,,,thriller,,,,,,,,,,,,lb,,,active
easier-said-vhs-floor-sale-comedy,Easier Said,"<p>Jack gets fed up with his publishing job in New York and his girlfriend and moves to Colorado, where he plans to write a novel. There he takes over his uncle's lodge and cafe, but runs into unusual problems with the oddball locals.</p>",VHS,Media > Videos,,"Comedy, Floor Sale, Formatted, VHS",true,Genre,Comedy,,,,,,,,,0.0,shopify,1,deny,manual,5.00,,false,false,,,,,12618490,,,,false,,,,,,,comedy,,,,,,,,,,,,lb,,,active
miami-supercops-vhs-floor-sale-action,Miami Supercops,"<p>In 1978, $20 million was stolen from a Detroit bank. One of the robbers was caught, one was found dead, and the third disappeared. The money was never found. Seven years later, the robber who was caught was released from jail. He immediately went to Miami, only to be found dead the next day. Now FBI agents Doug Bennet and Steve Forest have been called in to investigate the case while posing as Miami police officers. Somewhere in Miami the third robber is hiding with his $20 million, and he has a seven-year head start on the authorities.</p>",VHS,Media > Videos,,"Action, Floor Sale, Formatted, VHS",true,Genre,Action,,,,,,,,,0.0,shopify,1,deny,manual,8.00,,false,false,,,,,12684026,https://cdn.shopify.com/s/files/1/0671/0552/1726/files/j0zfJkOfQr4DfcxjjeCVFjirKpu.jpg?v=1788194766,1,Miami Supercops (1985) poster,false,,,,,,,action,,,,,,,,,,,,lb,,,active
zero-to-sixty-vhs-floor-sale-comedy,Zero to Sixty,<p>A divorced man hooks up with a street-smart 16-year-old who makes her living by repossessing cars from their owners.</p>,VHS,Media > Videos,,"Comedy, Floor Sale, Formatted, VHS",true,Genre,Comedy,,,,,,,,,0.0,shopify,1,deny,manual,6.00,,false,false,,,,,12782330,https://cdn.shopify.com/s/files/1/0671/0552/1726/files/lMz8YpI6VgH8nulriFstuSYGXEW_fd8820f7-25b5-4fda-90ef-33c15d809aaa.jpg?v=1788194766,1,Zero to Sixty (1978) poster,false,,,,,,,comedy,,,,,,,,,,,,lb,,,active
in-the-bedroom-vhs-floor-sale-drama,In the Bedroom,"<p>Summertime on the coast of Maine, ""In the Bedroom"" centers on the inner dynamics of a family in transition. Matt Fowler is a doctor practicing in his native Maine and is married to New York born Ruth Fowler, a music teacher. His son is involved in a love affair with a local single mother. As the beauty of Maine's brief and fleeting summer comes to an end, these characters find themselves in the midst of unimaginable tragedy.</p>",VHS,Media > Videos,,"Drama, Floor Sale, Formatted, VHS",true,Genre,Drama,,,,,,,,,0.0,shopify,1,deny,manual,5.00,,true,true,,,,,12847866,https://cdn.shopify.com/s/files/1/0671/0552/1726/files/IQj11YbraLDyPYaz79jtDoAscc.jpg?v=1788267225,1,In the Bedroom (2001) poster,false,,,,,,,drama,,,,,,,,,,,,lb,,,active
cosi-vhs-floor-sale-comedy,Cosi,"<p>Lewis, a young amateur theater director, is offered a job with a governmental program for the rehabilitation of mentally ill patients in a Sydney institution. His project is overrun by one of the patients, who wants to stage the opera Cosi Fan Tutte by Mozart, despite the fact that none of the patients can sing or speak Italian. A comedy of errors ensues, but one which unifies the patients and their director in unexpected ways.</p>",VHS,Media > Videos,,"Comedy, Floor Sale, Formatted, VHS",true,Genre,Comedy,,,,,,,,,0.0,shopify,1,deny,manual,6.00,,false,false,,,,,12913402,https://cdn.shopify.com/s/files/1/0671/0552/1726/files/g4b3tEgmPSq7mZ7db1r9i5jHEHV.jpg?v=1788194765,1,Cosi (1996) poster,false,,,,,,,comedy,,,,,,,,,,,,lb,,,active
houseguest-vhs-floor-sale-comedy,Houseguest,"<p>In hot water with the mob over an unpaid debt, a con man poses as a family friend in an affluent Pennsylvania suburb.</p>",VHS,Media > Videos,,"Comedy, Floor Sale, Formatted, VHS",true,Genre,Comedy,,,,,,,,,0.0,shopify,1,deny,manual,6.00,,false,false,,,,,13011706,https://cdn.shopify.com/s/files/1/0671/0552/1726/files/cdiHlZho11EEqD3aPanYe1rEYRB.jpg?v=1788194764,1,Houseguest (1995) poster,false,,,,,,,comedy,,,,,,,,,,,,lb,,,active
safe-men-vhs-floor-sale-comedy,Safe Men,"<p>Two untalented singers are mistaken for a pair of major league safe crackers in Providence, Rhode Island. The two are pressed into service by the local hoodlums and quickly find themselves in conflict with their professional colleagues. Romantic interest is added by the daughter of the underworld leader who won't date the men she knows are gangsters.</p>",VHS,Media > Videos,,"Comedy, Floor Sale, Formatted, VHS",true,Genre,Comedy,,,,,,,,,0.0,shopify,1,deny,manual,6.00,,false,false,,,,,13110010,https://cdn.shopify.com/s/files/1/0671/0552/1726/files/857L7x6uFNr4c2oHD5KJw5pkbxn_7ba93b70-1c32-4ffb-82f7-7fbf4f8b97f5.jpg?v=1788194763,1,Safe Men (1998) poster,false,,,,,,,comedy,,,,,,,,,,,,lb,,,active
my-5-wives-vhs-floor-sale-comedy,My 5 Wives,<p>A three times divorced real estate tycoon who thought he was through with love gets more then he bargained for when he invests in some property for a ski resort in Utah.</p>,VHS,Media > Videos,,"Comedy, Floor Sale, Formatted, VHS",true,Genre,Comedy,,,,,,,,,0.0,shopify,1,deny,manual,5.00,,false,false,,,,,13175546,https://cdn.shopify.com/s/files/1/0671/0552/1726/files/tzlW7N2Nxf6H04RObi2IYIlRxiV.jpg?v=1788194762,1,My 5 Wives (2000) poster,false,,,,,,,comedy,,,,,,,,,,,,lb,,,active
new-york-stories-vhs-floor-sale-comedy,New York Stories,"<p>Three tales of love, ambition, and neurosis unfold in the city that never sleeps. In ""Life Lessons"" (Martin Scorsese), a tormented painter channels heartbreak into his art. In ""Life Without Zoë"" (Francis Ford Coppola), a precocious 12-year-old navigates privilege and loneliness in a Manhattan hotel. And in ""Oedipus Wrecks"" (Woody Allen), a man’s domineering mother literally becomes a looming presence over New York.</p>",VHS,Media > Videos,,"Comedy, Floor Sale, Formatted, VHS",true,Genre,Comedy,,,,,,,,,0.0,shopify,1,deny,manual,5.00,,false,false,,,,,13241082,https://cdn.shopify.com/s/files/1/0671/0552/1726/files/mViGEH5dfsAnUgJmce1RJkFycAi_a4cbe099-b225-47e8-a603-a7ed4747d717.jpg?v=1788194761,1,New York Stories (1989) poster,false,,,,,,,comedy,,,,,,,,,,,,lb,,,active
im-not-rappaport-vhs-floor-sale-comedy,I'm Not Rappaport,"<p>Old Nat Moyer is a talker, a philosopher, and a troublemaker with a fanciful imagination. His companion is Midge Carter, who is half-blind, but still the super of an apartment house. When he is threatened with retirement, Nat battles on his behalf. Nat also takes on his daughter, a drug dealer, and a mugger in this appealing version of a really 'odd couple'.</p>",VHS,Media > Videos,,"Comedy, Floor Sale, Formatted, VHS",true,Genre,Comedy,,,,,,,,,0.0,shopify,1,deny,manual,5.00,,false,false,,,,,13404922,https://cdn.shopify.com/s/files/1/0671/0552/1726/files/1gatAVNrBnDnbbwj4FNIwlMBpUd_2471ab84-dbef-4070-9429-41d30f2c24c9.jpg?v=1788194760,1,I'm Not Rappaport (1996) poster,false,,,,,,,comedy,,,,,,,,,,,,lb,,,active
mo-money-vhs-floor-sale-comedy,Mo' Money,"<p>Trying to get his act together, a con artist gets a job in a credit card company. He falls in love with a fellow employee, he steals a couple of cards, everything is going great. But soon, the chief of security drags him into the big leagues of criminals...</p>",VHS,Media > Videos,,"Comedy, Floor Sale, Formatted, VHS",true,Genre,Comedy,,,,,,,,,0.0,shopify,1,deny,manual,5.00,,false,false,,,,,13503226,https://cdn.shopify.com/s/files/1/0671/0552/1726/files/tLbKMopp46m5i3hukmFkQdCzfDR.jpg?v=1788194760,1,Mo' Money (1992) poster,false,,,,,,,comedy,,,,,,,,,,,,lb,,,active
how-to-steal-a-million-vhs-floor-sale-comedy,How to Steal a Million,<p>A woman must steal a statue from a Paris museum to help conceal her father's art forgeries.</p>,VHS,Media > Videos,,"Comedy, Floor Sale, Formatted, VHS",true,Genre,Comedy,,,,,,,,,0.0,shopify,1,deny,manual,5.00,,false,false,,,,,13568762,https://cdn.shopify.com/s/files/1/0671/0552/1726/files/xaf3pwmITJvfz9Ab8DiGM8OOtBC.jpg?v=1788194759,1,How to Steal a Million (1966) poster,false,,,,,,,comedy,,,,,,,,,,,,lb,,,active
just-the-ticket-vhs-floor-sale-romantic-comedy,Just the Ticket,"<p>Gary Starke is one of the best ticket scalpers in New York City. His girlfriend, Linda, doesn't approve of his criminal lifestyle, though, and dumps him when she gets the opportunity to study cooking in Paris. Gary realizes that he has to give up scalping if he has any chance of winning her back. But before he does, he wants to cash out on one last big score. He gets his chance when the pope announces he'll be performing Easter Mass at Yankee Stadium.</p>",VHS,Media > Videos,,"Floor Sale, Formatted, Romantic Comedy, VHS",true,Genre,Romantic Comedy,,,,,,,,,0.0,shopify,1,deny,manual,5.00,,true,true,,,,,13634298,https://cdn.shopify.com/s/files/1/0671/0552/1726/files/5vsjad22y8jbjWwENUhF5T3O1RB.jpg?v=1788267226,1,Just the Ticket (1998) poster,false,,,,,,,romantic-comedy,,,,,,,,,,,,lb,,,active
silent-movie-vhs-floor-sale-comedy,Silent Movie,"<p>Aspiring filmmakers Mel Funn, Marty Eggs and Dom Bell go to a financially troubled studio with an idea for a silent movie. In an effort to make the movie more marketable, they attempt to recruit a number of big name stars to appear, while the studio's creditors attempt to thwart them.</p>",VHS,Media > Videos,,"Comedy, Floor Sale, Formatted, VHS",true,Genre,Comedy,,,,,,,,,0.0,shopify,1,deny,manual,5.00,,true,true,,,,,13798138,https://cdn.shopify.com/s/files/1/0671/0552/1726/files/AeaoOSqEU3elkpDAlKbIWcdKLJ8.jpg?v=1788267225,1,Silent Movie (1976) poster,false,,,,,,,comedy,,,,,,,,,,,,lb,,,active
jury-duty-vhs-floor-sale-comedy,Jury Duty,"<p>When jobless Tommy Collins discovers that sequestered jurors earn free room and board as well as $5-a-day, he gets himself assigned to a jury in a murder trial. Once there, he does everything he can to prolong the trial and deliberations and make the sequestration more comfortable for himself.</p>",VHS,Media > Videos,,"Comedy, Floor Sale, Formatted, VHS",true,Genre,Comedy,,,,,,,,,0.0,shopify,1,deny,manual,5.00,,false,false,,,,,13863674,https://cdn.shopify.com/s/files/1/0671/0552/1726/files/DbKQDPqBE4kCaePj4CHu6r3ZAb.jpg?v=1788194758,1,Jury Duty (1995) poster,false,,,,,,,comedy,,,,,,,,,,,,lb,,,active
my-giant-vhs-floor-sale-comedy,My Giant,"<p>Sammy, an agitated agent lost in the forest of the modern world, happens upon a gentle giant with a tall talent for friendship named Max.</p>",VHS,Media > Videos,,"Comedy, Floor Sale, Formatted, VHS",true,Genre,Comedy,,,,,,,,,0.0,shopify,1,deny,manual,5.00,,false,false,,,,,13929210,https://cdn.shopify.com/s/files/1/0671/0552/1726/files/49ylsG7JJFjNRlKTOdMQTgcI7om_57f0721b-a9e3-4fc5-92ad-07c4c58b774f.jpg?v=1788194757,1,My Giant (1998) poster,false,,,,,,,comedy,,,,,,,,,,,,lb,,,active
what-planet-are-you-from-vhs-floor-sale-comedy,What Planet Are You From?,<p>A human-looking alien from a highly advanced but emotionless all-male society is sent to Earth to impregnate a woman and bring the child back to their planet. The alien ends up falling in love while a suspicious FAA agent tails him.</p>,VHS,Media > Videos,,"Comedy, Floor Sale, Formatted, VHS",true,Genre,Comedy,,,,,,,,,0.0,shopify,1,deny,manual,6.00,,false,false,,,,,14027514,https://cdn.shopify.com/s/files/1/0671/0552/1726/files/2VtgMZPj3uDLz0zOQqZ74SUZGK4.jpg?v=1788194756,1,What Planet Are You From? (2000) poster,false,,,,,,,comedy,,,,,,,,,,,,lb,,,active
police-academy-assignment-miami-beach-vhs-floor-sale-comedy,Police Academy: Assignment Miami Beach,<p>The Police Academy misfits travel to Miami Beach for Commandant Lassard to be honored with a prestigious lifetime award pending his retirement. Things take a turn when Lassard unknowingly ends up in possession of stolen diamonds from a jewel heist.</p>,VHS,Media > Videos,,"Comedy, Floor Sale, Formatted, VHS",true,Genre,Comedy,,,,,,,,,0.0,shopify,1,deny,manual,5.00,,false,false,,,,,14093050,https://cdn.shopify.com/s/files/1/0671/0552/1726/files/4m1qfTiVxdEDv0fgUf0FI7CA9Fe.jpg?v=1788194755,1,Police Academy: Assignment Miami Beach (1988) poster,false,,,,,,,comedy,,,,,,,,,,,,lb,,,active
rosalie-goes-shopping-vhs-floor-sale-comedy,Rosalie Goes Shopping,"<p>Rosalie loves to shop too much to let a little thing like no money stop her. When the local shopkeepers no longer take her bad checks or bad credit cards, she's finds herself out of ways to please her consumerist tendencies… until she discovers The Internet! Master shopper becomes master hacker, and Rosalie is back on top.</p>",VHS,Media > Videos,,"Comedy, Floor Sale, Formatted, VHS",true,Genre,Comedy,,,,,,,,,0.0,shopify,1,deny,manual,6.00,,false,false,,,,,14158586,https://cdn.shopify.com/s/files/1/0671/0552/1726/files/5d51JLVrRI1AswvIpQXnMScYRRb.jpg?v=1788194754,1,Rosalie Goes Shopping (1989) poster,false,,,,,,,comedy,,,,,,,,,,,,lb,,,active
outland-vhs-floor-sale-sci-fi,Outland,"<p>On the sunless moon Io, Marshall William T. O’Niel goes toe-to-toe with the corrupt manager of a mining colony and his gang of roughnecks while investigating a rash of worker suicides.</p>",VHS,Media > Videos,,"Floor Sale, Formatted, Sci-Fi, VHS",true,Genre,Sci-Fi,,,,,,,,,0.0,shopify,1,deny,manual,6.00,,false,false,,,,,50154746,https://cdn.shopify.com/s/files/1/0671/0552/1726/files/qmjlDkV8CfCboa8WV06ytZaThqx.jpg?v=1788194754,1,Outland (1981) poster,false,,,,,,,sci-fi,,,,,,,,,,,,lb,,,active
cyborg-vhs-floor-sale-sci-fi,Cyborg,<p>A martial artist hunts a killer in a plague-infested urban dump of the future.</p>,VHS,Media > Videos,,"Floor Sale, Formatted, Sci-Fi, VHS",true,Genre,Sci-Fi,,,,,,,,,0.0,shopify,1,deny,manual,6.00,,true,true,,,,,50187514,https://cdn.shopify.com/s/files/1/0671/0552/1726/files/nOspcG8HP6KPdMvzezavRbzYCEw.jpg?v=1788267224,1,Cyborg (1989) poster,false,,,,,,,sci-fi,,,,,,,,,,,,lb,,,active
tapeheads-vhs-floor-sale-comedy,Tapeheads,"<p>The story of Ivan and Josh, two dimwitted ex-security guards who love music videos. Out of work, with no job prospects, they form a music video production company. They soon learn the ins and outs of the business in LA, and with some help from Mo Fuzz, they soon become hot property. But not all goes smoothly when they try to resurrect the career of their favorite R&amp;B duo, the Swanky Modes.</p>",VHS,Media > Videos,,"Comedy, Floor Sale, Formatted, VHS",true,Genre,Comedy,,,,,,,,,0.0,shopify,1,deny,manual,14.00,,false,false,,,,,50220282,https://cdn.shopify.com/s/files/1/0671/0552/1726/files/aVNP2JdzqKaqvOzBcYvI4s68rKY.jpg?v=1788194753,1,Tapeheads (1988) poster,false,,,,,,,comedy,,,,,,,,,,,,lb,,,active
jaws-the-revenge-vhs-floor-sale-action,Jaws The Revenge,"<p>After another deadly shark attack, Ellen Brody decides she has had enough of New England's Amity Island and moves to the Caribbean to join her son, Michael, and his family. But a great white shark has followed her there, hungry for more lives.</p>",VHS,Media > Videos,,"Action, Floor Sale, Formatted, VHS",true,Genre,Action,,,,,,,,,0.0,shopify,1,deny,manual,13.00,,false,false,,,,,50253050,https://cdn.shopify.com/s/files/1/0671/0552/1726/files/ebYw9tR0iqBzDGA6HVBhtd2xJM3.jpg?v=1788194752,1,Jaws The Revenge (1987) poster,false,,,,,,,action,,,,,,,,,,,,lb,,,active
mad-max-vhs-floor-sale-action,Mad Max,"<p>In the ravaged near-future, a savage motorcycle gang rules the road. Terrorizing innocent civilians while tearing up the streets, the ruthless gang laughs in the face of a police force hell-bent on stopping them.</p>",VHS,Media > Videos,,"Action, Floor Sale, Formatted, VHS",true,Genre,Action,,,,,,,,,0.0,shopify,1,deny,manual,35.00,,false,false,,,,,50285818,https://cdn.shopify.com/s/files/1/0671/0552/1726/files/5LrI4GiCSrChgkdskVZiwv643Kg.jpg?v=1788194751,1,Mad Max (1979) poster,false,,,,,,,action,,,,,,,,,,,,lb,,,active
shafted-vhs-floor-sale-comedy,Shafted!,"<p>Steven Byzinsky is convinced he's a blaxploitation superhero. Like Shaft, Dolemite and Black Belt Jones before him, he's keeping' the streets safe for the brother and trying to stay one step ahead of The Man. There's only one problem: Steven's white.</p>",VHS,Media > Videos,,"Comedy, Floor Sale, Formatted, VHS",true,Genre,Comedy,,,,,,,,,0.0,shopify,1,deny,manual,6.00,,false,false,,,,,51563770,https://cdn.shopify.com/s/files/1/0671/0552/1726/files/6yLIu1BrXoYaSm55i2Offy9uVZx.jpg?v=1788194750,1,Shafted! (2000) poster,false,,,,,,,comedy,,,,,,,,,,,,lb,,,active
stakeout-vhs-floor-sale-comedy,Stakeout,"<p>Two detectives observe an escaped convict's ex-girlfriend, but complications set in when one of them falls for her.</p>",VHS,Media > Videos,,"Comedy, Floor Sale, Formatted, VHS",true,Genre,Comedy,,,,,,,,,0.0,shopify,1,deny,manual,6.00,,true,true,,,,,51596538,https://cdn.shopify.com/s/files/1/0671/0552/1726/files/mxHqKry4Tn1jYg1lC5o0ObVILZO.jpg?v=1788267224,1,Stakeout (1987) poster,false,,,,,,,comedy,,,,,,,,,,,,lb,,,active
six-degrees-of-separation-vhs-floor-sale-comedy,Six Degrees of Separation,"<p>The story of a young, gay, black, con artist who, posing as the son of Sidney Poitier, cunningly maneuvers his way into the lives of a white, upper-class New York family.</p>",VHS,Media > Videos,,"Comedy, Floor Sale, Formatted, VHS",true,Genre,Comedy,,,,,,,,,0.0,shopify,1,deny,manual,8.00,,false,false,,,,,51629306,https://cdn.shopify.com/s/files/1/0671/0552/1726/files/bROsFCnsHr0e09M7VA0aCcNF432.jpg?v=1788194749,1,Six Degrees of Separation (1993) poster,false,,,,,,,comedy,,,,,,,,,,,,lb,,,active
zoo-radio-vhs-floor-sale-comedy,Zoo Radio,"<p>Under the terms of their father's will, rival radio station managers Burt and John Powell must compete with each other for their inheritance. Burt's KLST and John's KWIN have six months to build their ratings, with the winner getting the whole sixty million dollars. The KLST weirdos party on as the KWIN suits hatch schemes.</p>",VHS,Media > Videos,,"Comedy, Floor Sale, Formatted, VHS",true,Genre,Comedy,,,,,,,,,0.0,shopify,1,deny,manual,5.00,,false,false,,,,,51662074,https://cdn.shopify.com/s/files/1/0671/0552/1726/files/fh0UZsTJDZ9FaD5mgdcHsNAJ29u_b9cfddd6-83cb-4e11-9a24-047b4ac6292b.jpg?v=1788194748,1,Zoo Radio (1991) poster,false,,,,,,,comedy,,,,,,,,,,,,lb,,,active
a-minor-miracle-vhs-floor-sale-comedy,A Minor Miracle,<p>A group of orphans and their guardian get together to try to save their orphanage.</p>,VHS,Media > Videos,,"Comedy, Floor Sale, Formatted, VHS",true,Genre,Comedy,,,,,,,,,0.0,shopify,1,deny,manual,6.00,,false,false,,,,,51891450,https://cdn.shopify.com/s/files/1/0671/0552/1726/files/hSB6mnpwuxjLE7ZVWELpNraB6YD.jpg?v=1788194748,1,A Minor Miracle (1983) poster,false,,,,,,,comedy,,,,,,,,,,,,lb,,,active
i-went-down-vhs-floor-sale-comedy,I Went Down,"<p>Fresh out of prison, Git rescues a former best friend (now living with Git's girlfriend) from a beating at the hands of loan sharks. He's now in trouble with the mob boss, Tom French, who sends Git to Cork with another debtor, Bunny Kelly, to find a guy named Frank Grogan, and take him to a man with a friendly face at a shack across a bog. It's a tougher assignment than it seems: Git's a novice, Bunny's prone to rash acts, Frank doesn't want to be found (and once he's found, he has no money), and maybe Tom's planning to murder Frank, which puts Git in a moral dilemma. Then, there's the long-ago disappearance of Sonny Mulligan. What's a decent and stand-up lad to do?</p>",VHS,Media > Videos,,"Comedy, Floor Sale, Formatted, VHS",true,Genre,Comedy,,,,,,,,,0.0,shopify,1,deny,manual,8.00,,false,false,,,,,51989754,https://cdn.shopify.com/s/files/1/0671/0552/1726/files/2rApWxlYkiwNZBSC3KJ7WFWWq1T.jpg?v=1788194746,1,I Went Down (1997) poster,false,,,,,,,comedy,,,,,,,,,,,,lb,,,active
shes-gotta-have-it-vhs-floor-sale-comedy,She's Gotta Have it,"<p>The story of Nola Darling's simultaneous sexual relationships with three different men is told by her and by her partners and other friends. All three men wanted her to commit solely to them; Nola resists being ""owned"" by a single partner.</p>",VHS,Media > Videos,,"Comedy, Floor Sale, Formatted, VHS",true,Genre,Comedy,,,,,,,,,0.0,shopify,1,deny,manual,15.00,,false,false,,,,,52219130,https://cdn.shopify.com/s/files/1/0671/0552/1726/files/qiJuXvPONqTSSnzhbCBqE7EotV_1c461d05-3945-4f07-bc2b-e98f430796aa.jpg?v=1788194745,1,She's Gotta Have it (1986) poster,false,,,,,,,comedy,,,,,,,,,,,,lb,,,active
slackers-vhs-floor-sale-comedy,Slackers,"<p>Dave, Sam and Jeff are about to graduate from Holden University with honors in lying, cheating and scheming. The three roommates have proudly scammed their way through the last four years of college and now, during final exams, these big-men-on-campus are about to be busted by the most unlikely dude in school. Self-dubbed Cool Ethan, an ambitious nerd with a bad crush, enters their lives one day and everything begins to unravel.</p>",VHS,Media > Videos,,"Comedy, Floor Sale, Formatted, VHS",true,Genre,Comedy,,,,,,,,,0.0,shopify,1,deny,manual,5.00,,false,false,,,,,52415738,https://cdn.shopify.com/s/files/1/0671/0552/1726/files/g3xn7tRnGxVwwKc2tge7nPssywQ.jpg?v=1788194745,1,Slackers (2002) poster,false,,,,,,,comedy,,,,,,,,,,,,lb,,,active
crooked-hearts-vhs-floor-sale-drama,Crooked Hearts,"<p>An upper-middle class family in Washington state deals with failures, infidelities and troubling secrets. Charley is 26 and still lives at home, despite his simmering anger at his father, Edward. Charley's younger brother, Tom, just dropped out of college and returned home to live. Tom's unstable new girlfriend, Marriet, has designs on joining the family, but she's hardly a calming influence on the crumbling home.</p>",VHS,Media > Videos,,"Drama, Floor Sale, Formatted, VHS",true,Genre,Drama,,,,,,,,,0.0,shopify,1,deny,manual,6.00,,false,false,,,,,52874490,https://cdn.shopify.com/s/files/1/0671/0552/1726/files/8ujU8WGPsOIMNkFFkxKC2fPTeuv.jpg?v=1788194744,1,Crooked Hearts (1991) poster,false,,,,,,,drama,,,,,,,,,,,,lb,,,active
husbands-and-wives-vhs-floor-sale-comedy,Husbands and Wives,"<p>When their best friends announce that they're separating, a professor and his wife discover the faults in their own marriage.</p>",VHS,Media > Videos,,"Comedy, Floor Sale, Formatted, VHS",true,Genre,Comedy,,,,,,,,,0.0,shopify,1,deny,manual,6.00,,true,true,,,,,53169402,https://cdn.shopify.com/s/files/1/0671/0552/1726/files/mb6Hmns0PP2Me9TYpLE9M3GHt7v.jpg?v=1788267224,1,Husbands and Wives (1992) poster,false,,,,,,,comedy,,,,,,,,,,,,lb,,,active
impostors-vhs-floor-sale-comedy,Impostors,"<p>One of Mark Rappaport's later narratives (which won the Gold Hugo for Best First Feature at the Chicago International Film Festival in 1979), Impostors is an off-kilter comedy/mystery focused on two magicians trying to find Egyptian jewels, their promiscuous assistant, and a man who loves the assistant.</p>",VHS,Media > Videos,,"Comedy, Floor Sale, Formatted, VHS",true,Genre,Comedy,,,,,,,,,0.0,shopify,1,deny,manual,5.00,,true,true,,,,,53300474,https://cdn.shopify.com/s/files/1/0671/0552/1726/files/wdXPrAXCMbtSaToFWk6xbCHxaib.jpg?v=1788267225,1,Impostors (1979) poster,false,,,,,,,comedy,,,,,,,,,,,,lb,,,active
joshua-then-and-now-vhs-floor-sale-drama,Joshua Then and Now,"<p>Based on a novel by Mordecai Richler, allegedly his autobiography, it tells the story of a Jewish writer, from his life as a young boy in Montreal to his more complicated grown-up life.</p>",VHS,Media > Videos,,"Drama, Floor Sale, Formatted, VHS",true,Genre,Drama,,,,,,,,,0.0,shopify,1,deny,manual,6.00,,false,false,,,,,53333242,https://cdn.shopify.com/s/files/1/0671/0552/1726/files/hemwTJfxeffxfl51av6PvFTSMgX.jpg?v=1788194743,1,Joshua Then and Now (1985) poster,false,,,,,,,drama,,,,,,,,,,,,lb,,,active
im-gonna-git-you-sucka-vhs-floor-sale-comedy,I'm Gonna Git You Sucka,"<p>Jack Spade returns from the army in his old ghetto neighbourhood when his brother, June Bug, dies. Jack declares war on Mr. Big, powerful local crimelord. His army is led by John Slade, his childhood idol who used to fight bad guys in the 70s.</p>",VHS,Media > Videos,,"Comedy, Floor Sale, Formatted, VHS",true,Genre,Comedy,,,,,,,,,0.0,shopify,1,deny,manual,10.00,,false,false,,,,,53398778,https://cdn.shopify.com/s/files/1/0671/0552/1726/files/s92HcoJmUHGvZ6o5RvIQjemzMap.jpg?v=1788194742,1,I'm Gonna Git You Sucka (1988) poster,false,,,,,,,comedy,,,,,,,,,,,,lb,,,active
fakin-da-funk-vhs-floor-sale-comedy,Fakin' da Funk,"<p>Chinese kid Julian, who was adopted by the black family of Joe and Annabelle Lee -- and Asian exchange student May-Ling, who is housed with a black family -- are trying to adapt to their mostly black neighborhood of South Central.</p>",VHS,Media > Videos,,"Comedy, Floor Sale, Formatted, VHS",true,Genre,Comedy,,,,,,,,,0.0,shopify,1,deny,manual,15.00,,false,false,,,,,53464314,https://cdn.shopify.com/s/files/1/0671/0552/1726/files/yR2XzSGH4I2bTshziMqdDx5ak7x.jpg?v=1788194742,1,Fakin' da Funk (1997) poster,false,,,,,,,comedy,,,,,,,,,,,,lb,,,active
animal-house-clamshell-vhs-floor-sale-comedy,Animal House (Clamshell),"<p>National Lampoon's Animal House is a 1978 comedy film starring John Belushi, about a chaotic college fraternity threatened with expulsion from campus.</p>",VHS,Media > Videos,,"Comedy, Floor Sale, Formatted, VHS",true,Genre,Comedy,,,,,,,,,0.0,shopify,1,deny,manual,6.00,,false,false,,,,,66964730,https://cdn.shopify.com/s/files/1/0671/0552/1726/files/Animalhouseposter.jpg?v=1788272145,1,Animal House (Clamshell) poster,false,,,,,,,comedy,,,,,,,,,,,,lb,,,active
sister-act-ii-vhs-floor-sale-comedy,Sister Act II,"<p>Sister Act 2: Back in the Habit is a 1993 musical comedy film starring Whoopi Goldberg, a sequel to the 1992 hit Sister Act.</p>",VHS,Media > Videos,,"Comedy, Floor Sale, Formatted, VHS",true,Genre,Comedy,,,,,,,,,0.0,shopify,1,deny,manual,5.00,,false,false,,,,,66997498,,,,false,,,,,,,comedy,,,,,,,,,,,,lb,,,active
packin-it-in-vhs-floor-sale-comedy,Packin' It In,"<p>In quest of a wholesome place to live: at first the Webbers laugh at their neighbors when they leave L.A. for the mountains of Oregon. But when they recognize the same symptoms in their family that made the neighbors leave, they follow them. However their new domicile is a bit more apart from the civilization than expected. Even then it's not a paradise: their neighbors are weird, the next shop is miles away and their house lacks even the most basic comfort. How long will it take until they're packin' it in again?</p>",VHS,Media > Videos,,"Comedy, Floor Sale, Formatted, VHS",true,Genre,Comedy,,,,,,,,,0.0,shopify,1,deny,manual,10.00,,false,false,,,,,67030266,https://cdn.shopify.com/s/files/1/0671/0552/1726/files/ytvWJS0mhSbikquX9NXeaq8aFl0_71804841-b84c-4fc5-9ae0-8ddc0c3baa92.jpg?v=1788194740,1,Packin' It In (1983) poster,false,,,,,,,comedy,,,,,,,,,,,,lb,,,active
in-the-mood-vhs-floor-sale-comedy,In The Mood,"<p>When 15-year-old Sonny Wisecarver has an affair with his older neighbor Francine and then runs off to marry her, a stern judge has the union annulled. Then, when Sonny finds himself before the same judge after getting involved with another woman in her 20s, the publicity from this case makes him the object of affection for millions of young women</p>",VHS,Media > Videos,,"Comedy, Floor Sale, Formatted, VHS",true,Genre,Comedy,,,,,,,,,0.0,shopify,1,deny,manual,9.00,,true,true,,,,,67063034,https://cdn.shopify.com/s/files/1/0671/0552/1726/files/9PnJgbeDVdveR2VP5KFyJAVRRzr.jpg?v=1788267224,1,In The Mood (1987) poster,false,,,,,,,comedy,,,,,,,,,,,,lb,,,active
maze-2001-vhs-floor-sale-comedy,Maze (2001),"<p>Artist Lyle Maze is reconciled to a life without romance thanks to his dual afflictions: Tourette's Syndrome and obsessive-compulsive disorder. But his life takes an unexpected turn when his friend Mike departs on a humanitarian mission, leaving behind his pregnant girlfriend Callie. She leans on Lyle for help, and before long he's Lamaze coach, pinch-hitting father-to-be and in love with Callie.</p>",VHS,Media > Videos,,"Comedy, Floor Sale, Formatted, VHS",true,Genre,Comedy,,,,,,,,,0.0,shopify,1,deny,manual,18.00,,false,false,,,,,67095802,https://cdn.shopify.com/s/files/1/0671/0552/1726/files/cdHvsQF736tmQnR14P6V1mO9OmD.jpg?v=1788194739,1,Maze (2001) poster,false,,,,,,,comedy,,,,,,,,,,,,lb,,,active
in-the-spirit-1990-vhs-floor-sale-comedy,In The Spirit (1990),"<p>After her husband loses his job, Marianne moves from Beverly Hills to a nightmare New York City. She hires ditzy psychic Reva to redecorate her apartment, and they end up being chased by a crazed killer.</p>",VHS,Media > Videos,,"Comedy, Floor Sale, Formatted, VHS",true,Genre,Comedy,,,,,,,,,0.0,shopify,1,deny,manual,15.00,,false,false,,,,,67128570,https://cdn.shopify.com/s/files/1/0671/0552/1726/files/aCMvd0uLBtFINhibBTTDxtwj6WM.jpg?v=1788194739,1,In The Spirit (1990) poster,false,,,,,,,comedy,,,,,,,,,,,,lb,,,active
exit-to-eden-vhs-floor-sale-comedy,Exit to Eden,"<p>Photographer Elliot Slater has inadvertently snapped the only existing photos of elusive jewel thief Omar. When Elliot leaves for a private vacation on an S&amp;M island, he is followed by Omar, Omar's partner, Nina, and undercover police officers Fred and Sheila. Unaware of the number of people chasing him, Elliot enjoys his stay at the resort, and finds himself falling in love with head dominatrix Lisa.</p>",VHS,Media > Videos,,"Comedy, Floor Sale, Formatted, VHS",true,Genre,Comedy,,,,,,,,,0.0,shopify,1,deny,manual,7.00,,false,false,,,,,67161338,https://cdn.shopify.com/s/files/1/0671/0552/1726/files/dUtpplO9K03uYCA71Vqj9ZRkVyA_fd67de87-3e8b-4077-9ce4-2ede9b5b89a7.jpg?v=1788194738,1,Exit to Eden (1994) poster,false,,,,,,,comedy,,,,,,,,,,,,lb,,,active
hannah-and-her-sisters-vhs-floor-sale-comedy,Hannah and Her Sisters,"<p>Between two Thanksgivings, Hannah's husband falls in love with her sister Lee, while her hypochondriac ex-husband rekindles his relationship with her sister Holly.</p>",VHS,Media > Videos,,"Comedy, Floor Sale, Formatted, VHS",true,Genre,Comedy,,,,,,,,,0.0,shopify,1,deny,manual,5.00,,false,false,,,,,67194106,https://cdn.shopify.com/s/files/1/0671/0552/1726/files/gARgIRb2QFRFVrsziwWE389u1pK.jpg?v=1788194737,1,Hannah and Her Sisters (1986) poster,false,,,,,,,comedy,,,,,,,,,,,,lb,,,active
the-naked-gun-vhs-floor-sale-comedy,The Naked Gun,"<p>Only one man has the particular set of skills... to lead Police Squad and save the world: Lt. Frank Drebin Jr. Following in his father's footsteps, he must solve a murder case to prevent Police Squad from closure.</p>",VHS,Media > Videos,,"Comedy, Floor Sale, Formatted, VHS",true,Genre,Comedy,,,,,,,,,0.0,shopify,1,deny,manual,5.00,,false,false,,,,,67226874,https://cdn.shopify.com/s/files/1/0671/0552/1726/files/rwla9vqzrKVVKVKiOuROTIXGsxj.jpg?v=1788194736,1,The Naked Gun (2025) poster,false,,,,,,,comedy,,,,,,,,,,,,lb,,,active
comedian-vhs-floor-sale-documentary,Comedian,"<p>A look at the work of two stand-up comics, Jerry Seinfeld and a lesser-known newcomer, detailing the effort and frustration behind putting together a successful act and career while living a life on the road.</p>",VHS,Media > Videos,,"Documentary, Floor Sale, Formatted, VHS",true,Genre,Documentary,,,,,,,,,0.0,shopify,1,deny,manual,12.00,,true,true,,,,,67259642,https://cdn.shopify.com/s/files/1/0671/0552/1726/files/tktajWQ91P09zTV7HdefzeVw1UV.jpg?v=1788267223,1,Comedian (2002) poster,false,,,,,,,documentary,,,,,,,,,,,,lb,,,active
men-with-brooms-vhs-floor-sale-comedy,Men with Brooms,"<p>A decade ago, curler Chris Cutter disappeared suddenly on the verge of stardom, dropping his curling stones to the bottom of a lake and leaving his fiancée, Julie Foley, at the altar. But when his former coach dies, Cutter returns home for the funeral and attempts to fulfill the man's last wishes. The team is reunited under Cutter's estranged dad, Gordon — himself a former curling star — for a final attempt at glory.</p>",VHS,Media > Videos,,"Comedy, Floor Sale, Formatted, VHS",true,Genre,Comedy,,,,,,,,,0.0,shopify,1,deny,manual,8.00,,false,false,,,,,67325178,https://cdn.shopify.com/s/files/1/0671/0552/1726/files/qWWvljKlmYwf1XtlJ0vu0u66xpi.jpg?v=1788194735,1,Men with Brooms (2002) poster,false,,,,,,,comedy,,,,,,,,,,,,lb,,,active
the-lemon-sisters-vhs-floor-sale-comedy,The Lemon Sisters,<p>Three life-long friends work the bars in 1980s Atlantic City performing the songs of the 1960s girl groups.</p>,VHS,Media > Videos,,"Comedy, Floor Sale, Formatted, VHS",true,Genre,Comedy,,,,,,,,,0.0,shopify,1,deny,manual,10.00,,false,false,,,,,67357946,https://cdn.shopify.com/s/files/1/0671/0552/1726/files/59JTg2UBu9njVdqilo9SBRpmyAg.jpg?v=1788194735,1,The Lemon Sisters (1989) poster,false,,,,,,,comedy,,,,,,,,,,,,lb,,,active
joe-dirt-vhs-floor-sale-comedy,Joe Dirt,"<p>Joe Dirt is a janitor with a mullet hairdo, acid-washed jeans and a dream to find the parents that he lost at the Grand Canyon when he was a belligerent, trailer park-raised eight-year-old. Now, blasting Van Halen in his jacked-up economy car, the irrepressibly optimistic Joe hits the road alone in search of his folks.</p>",VHS,Media > Videos,,"Comedy, Floor Sale, Formatted, VHS",true,Genre,Comedy,,,,,,,,,0.0,shopify,1,deny,manual,8.00,,false,false,,,,,67390714,https://cdn.shopify.com/s/files/1/0671/0552/1726/files/yykDEtHk6DMtZK8EaxW88YyQ054_e32f1721-6c3e-4044-abbf-6b5b06348e50.jpg?v=1788194734,1,Joe Dirt (2001) poster,false,,,,,,,comedy,,,,,,,,,,,,lb,,,active
walk-like-a-man-vhs-floor-sale-comedy,Walk Like A Man,"<p>Bobo, a feral man raised by wolves, is reunited with his family by a researcher. However, this disappoints his brother, Reggie, who has no intentions of sharing the family inheritance with him.</p>",VHS,Media > Videos,,"Comedy, Floor Sale, Formatted, VHS",true,Genre,Comedy,,,,,,,,,0.0,shopify,1,deny,manual,12.00,,true,true,,,,,67456250,https://cdn.shopify.com/s/files/1/0671/0552/1726/files/7CiceN03UnHLx1QzkTWGMjsNbU4.jpg?v=1788267222,1,Walk Like A Man (1987) poster,false,,,,,,,comedy,,,,,,,,,,,,lb,,,active
the-icicle-thief-vhs-floor-sale-comedy,The Icicle Thief,"<p>Director Maurizio Nichetti is invited on TV to introduce a screening of his neo-realist classic 'The Icicle Thief'. He is horrified to discover that his black-and-white tale of life in poverty is constantly interrupted by garish color commercials, and even more horrified when a power cut in the studio causes film and commercials to mix up – a glamorous model finds herself in the arms of an unemployed pauper, while his wife finds herself in consumers' heaven. Nichetti has to break into the film to try to sort everything out.</p>",VHS,Media > Videos,,"Comedy, Floor Sale, Formatted, VHS",true,Genre,Comedy,,,,,,,,,0.0,shopify,1,deny,manual,16.00,,false,false,,,,,67489018,https://cdn.shopify.com/s/files/1/0671/0552/1726/files/pvv62lACM2AVxFg56FAlNSpFnEV.jpg?v=1788194733,1,The Icicle Thief (1989) poster,false,,,,,,,comedy,,,,,,,,,,,,lb,,,active
cold-comfort-farm-vhs-floor-sale-comedy,Cold Comfort Farm,"<p>In this adaptation of the satirical British novel, Flora Poste, a plucky London society girl orphaned at age 19, finds a new home with some rough relatives, the Starkadders of Cold Comfort Farm. With a take-charge attitude and some encouragement from her mischievous friend, Mary, Flora changes the Starkadders' lives forever when she settles into their rustic estate, bringing the backward clan up to date and finding inspiration for her novel in the process.</p>",VHS,Media > Videos,,"Comedy, Floor Sale, Formatted, VHS",true,Genre,Comedy,,,,,,,,,0.0,shopify,1,deny,manual,12.00,,false,false,,,,,72961274,https://cdn.shopify.com/s/files/1/0671/0552/1726/files/fkPm7MQhn3YqcRDM9qFDKNHiw7D.jpg?v=1788194732,1,Cold Comfort Farm (1995) poster,false,,,,,,,comedy,,,,,,,,,,,,lb,,,active
love-and-death-on-long-island-vhs-floor-sale-comedy,Love and Death on Long Island,"<p>Curmudgeonly author Giles De'Ath, a widower with a marked distaste for modern popular culture, attempts to buy a ticket for a film adaptation of an E.M. Forster novel, but instead finds himself watching a tacky teen sex comedy. Yet when the beautiful Ronnie Bostock appears on the movie screen, Giles finds himself caught in a whirlwind of unanswered questions about both his own sexuality and his place in late 20th-century society.</p>",VHS,Media > Videos,,"Comedy, Floor Sale, Formatted, VHS",true,Genre,Comedy,,,,,,,,,0.0,shopify,1,deny,manual,15.00,,false,false,,,,,72994042,https://cdn.shopify.com/s/files/1/0671/0552/1726/files/2jCmP9j43QXy48oQFpzM4oaYRc7.jpg?v=1788194731,1,Love and Death on Long Island (1998) poster,false,,,,,,,comedy,,,,,,,,,,,,lb,,,active
falling-over-backwards-vhs-floor-sale-comedy,Falling Over Backwards,"<p>All Melvyn Rosenbloom wants is to go back to the days when things were simpler and people were kinder -- the good old days. Deciding to renounce women altogether, he finds a house in his old neighbourhood and persuades his elderly crotchety father Harvey to move in with him. Harvey is something of a comic and, as Mel rediscovers, none too easy to live with. To add to the friction, there's the landlady, Jackie. From Mel's point of view as an aspiring celibate, she's all wrong: far too intelligent, attractive and unconventional. But, strangely enough, Jackie becomes the focus of the Rosenblooms' refashioned lives.</p>",VHS,Media > Videos,,"Comedy, Floor Sale, Formatted, VHS",true,Genre,Comedy,,,,,,,,,0.0,shopify,1,deny,manual,9.00,,false,false,,,,,73026810,https://cdn.shopify.com/s/files/1/0671/0552/1726/files/w3PVcYU9bdRKhL3PSOUxyQGJvXG_2035320d-f52e-439a-a6ff-12c977a54df8.jpg?v=1788194730,1,Falling Over Backwards (1990) poster,false,,,,,,,comedy,,,,,,,,,,,,lb,,,active
in-the-company-of-men-vhs-floor-sale-comedy,In The Company of Men,"<p>Two business executives--one an avowed misogynist, the other recently emotionally wounded by his love interest--set out to exact revenge on the female gender by seeking out the most innocent, uncorrupted girl they can find and ruining her life.</p>",VHS,Media > Videos,,"Comedy, Floor Sale, Formatted, VHS",true,Genre,Comedy,,,,,,,,,0.0,shopify,1,deny,manual,10.00,,true,true,,,,,73092346,https://cdn.shopify.com/s/files/1/0671/0552/1726/files/1gPJ4H4TbGAiuEA6pFalFtqA0eL.jpg?v=1788267222,1,In The Company of Men (1997) poster,false,,,,,,,comedy,,,,,,,,,,,,lb,,,active
eversmile-new-jersey-vhs-floor-sale-comedy,Eversmile New Jersey,"<p>Traveling dentist O'Connell traverses South America on his motorcycle for the 'Eversmile' foundation of New Jersey, in a fight not only against cavities, but also against fear, ignorance, indifference - and established antediluvian dentists. During a stop at a lonesome garage he meets Estella, who is supposed to marry a few days later. However she'd rather come with him - to meet a former boyfriend in another town, she says. Expecting problems, he refuses to take her, but she tricks him into it and then tries hard to convince him of her qualities and let her stay with him.</p>",VHS,Media > Videos,,"Comedy, Floor Sale, Formatted, VHS",true,Genre,Comedy,,,,,,,,,0.0,shopify,1,deny,manual,20.00,,false,false,,,,,73125114,https://cdn.shopify.com/s/files/1/0671/0552/1726/files/9WraASA9ggbIXqBAE6GG5gxr0Hh.jpg?v=1788194731,1,Eversmile New Jersey (1989) poster,false,,,,,,,comedy,,,,,,,,,,,,lb,,,active
keeping-the-faith-vhs-floor-sale-comedy,Keeping the Faith,"<p>Best friends since they were kids, Rabbi Jacob Schram and Father Brian Finn are dynamic and popular young men living and working on New York's Upper West Side. When Anna Reilly, once their childhood friend and now grown into a beautiful corporate executive, suddenly returns to the city, she reenters Jake and Brian's lives and hearts with a vengeance. Sparks fly and an unusual and complicated love triangle ensues.</p>",VHS,Media > Videos,,"Comedy, Floor Sale, Formatted, VHS",true,Genre,Comedy,,,,,,,,,0.0,shopify,1,deny,manual,5.00,,false,false,,,,,73157882,https://cdn.shopify.com/s/files/1/0671/0552/1726/files/9NF199FTvHr9ggqdBTVbPhF1MGk.jpg?v=1788194729,1,Keeping the Faith (2000) poster,false,,,,,,,comedy,,,,,,,,,,,,lb,,,active
joey-breaker-vhs-floor-sale-comedy,Joey Breaker,"<p>Joey is a player, a hot-shot movie agent in New York. If a deal can be made, he'll make it. If a rising talent can be snapped up, he'll be the first in line. And when it comes to luring Hollywood in a bidding war for a script nobody's read, Joey is your man. Joey's definitely cruising in the fast lane. Bu there's one thing Joey has never taken the time to do... live. Joey's programmed life is turned topsy-turvy by a series of unexpected events which culminates in a serendipitous romance with a throughly remarkable young Jamaican woman.</p>",VHS,Media > Videos,,"Comedy, Floor Sale, Formatted, VHS",true,Genre,Comedy,,,,,,,,,0.0,shopify,1,deny,manual,22.00,,false,false,,,,,73190650,https://cdn.shopify.com/s/files/1/0671/0552/1726/files/qBpbQQ9lzNgLNKthcK9oywpoawi_d724492d-d325-4e29-9386-013370fd576b.jpg?v=1788194728,1,Joey Breaker (1993) poster,false,,,,,,,comedy,,,,,,,,,,,,lb,,,active
my-first-mister-vhs-floor-sale-comedy,My First Mister,"<p>Leelee Sobieski is brash, abrasive and vulnerable as a teenage child of divorce who hides her pain behind a mask of hard-edged gothic rebellion. Albert Brooks plays a man who is her total opposite, a precise and well-ordered menswear store owner of forty-nine who manages limited expectations and protects lonely secrets with pleasant ritual and quiet, ironic reserve. These two total opposites collide in conflict then come together in a surprising alliance, changing each other's lives forever.</p>",VHS,Media > Videos,,"Comedy, Floor Sale, Formatted, VHS",true,Genre,Comedy,,,,,,,,,0.0,shopify,1,deny,manual,8.00,,false,false,,,,,73223418,https://cdn.shopify.com/s/files/1/0671/0552/1726/files/xP2JKtdq77aWWZ1LCGsR68co5Jw.jpg?v=1788194728,1,My First Mister (2001) poster,false,,,,,,,comedy,,,,,,,,,,,,lb,,,active
the-jewel-of-the-nile-vhs-floor-sale-documentary,The Jewel of the Nile,"<p>Joan Wilder is thrust back into a world of murder, chases, foreign intrigue... and love. This time out she's duped by a duplicitous Arab dignitary who brings her to the Middle East, ostensibly to write a book about his life. Of course, he's up to no good, and Joan is just another pawn in his wicked game. But Jack Colton and his sidekick Ralph show up to help our intrepid heroine save the day.</p>",VHS,Media > Videos,,"Documentary, Floor Sale, Formatted, VHS",true,Genre,Documentary,,,,,,,,,0.0,shopify,1,deny,manual,5.00,,false,false,,,,,73256186,https://cdn.shopify.com/s/files/1/0671/0552/1726/files/6VjsIhnIcrz2XdQVHdsMj5DdSa1_5c23e402-904d-4fb9-a3c3-64cc08bfa810.jpg?v=1788194726,1,The Jewel of the Nile (1985) poster,false,,,,,,,documentary,,,,,,,,,,,,lb,,,active
dont-go-breaking-my-heart-vhs-floor-sale-comedy,Don't Go Breaking My Heart,"<p>Well meaning friends try to persuade Suzanne, a beautiful widow, to remarry and the choice seems to be between Frank, a philandering dentist, and Tony, a sensitive, failing sports trainer who helps her son.</p>",VHS,Media > Videos,,"Comedy, Floor Sale, Formatted, VHS",true,Genre,Comedy,,,,,,,,,0.0,shopify,1,deny,manual,6.00,,false,false,,,,,73321722,https://cdn.shopify.com/s/files/1/0671/0552/1726/files/3DB9j7pOIm2we2NSdB7RgAV4tzK.jpg?v=1788194726,1,Don't Go Breaking My Heart (1999) poster,false,,,,,,,comedy,,,,,,,,,,,,lb,,,active
weekend-at-bernies-2-vhs-floor-sale-comedy,Weekend at Bernie's 2,"<p>Everybody's favorite stiff is back! Working fools Larry Wilson and Richard Parker have uncovered a dirty, little secret: Their former boss, Bernie Lomax, embezzled $2 million and placed it in a safe deposit box in the Caribbean. Now, the boys are ready to go after the loot, but they can't do it alone -- they need poor Bernie's help. Can the buddies give their ex-boss new life?</p>",VHS,Media > Videos,,"Comedy, Floor Sale, Formatted, VHS",true,Genre,Comedy,,,,,,,,,0.0,shopify,1,deny,manual,5.00,,false,false,,,,,73387258,https://cdn.shopify.com/s/files/1/0671/0552/1726/files/ylN3DZEPCnn60ecGq01y0AyWsTQ.jpg?v=1788194725,1,Weekend at Bernie's 2 (1993) poster,false,,,,,,,comedy,,,,,,,,,,,,lb,,,active
the-up-in-smoke-tour-vhs-floor-sale-musical,The Up In Smoke Tour,"<p>The Up in Smoke Tour is a West Coast hip hop tour in 2000 featuring artists Ice Cube, Eminem, Proof, Snoop Dogg, Dr. Dre, Nate Dogg, Kurupt, D12, MC Ren, Westside Connection, Mel-Man, Tha Eastsidaz, Doggy's Angels, Devin The Dude, Warren G, TQ, Truth Hurts and Xzibit.</p>",VHS,Media > Videos,,"Floor Sale, Formatted, Musical, VHS",true,Genre,Musical,,,,,,,,,0.0,shopify,1,deny,manual,15.00,,false,false,,,,,80137466,https://cdn.shopify.com/s/files/1/0671/0552/1726/files/uK3wmbgtY3u2PXWBhpN62IW86x3.jpg?v=1788194724,1,The Up In Smoke Tour (2000) poster,false,,,,,,,musical,,,,,,,,,,,,lb,,,active
the-late-shift-vhs-floor-sale-comedy,The Late Shift,"<p>David Letterman vies with Jay Leno and his manager to succeed Johnny Carson, retiring from ""The Tonight Show.""</p>",VHS,Media > Videos,,"Comedy, Floor Sale, Formatted, VHS",true,Genre,Comedy,,,,,,,,,0.0,shopify,1,deny,manual,8.00,,false,false,,,,,80170234,https://cdn.shopify.com/s/files/1/0671/0552/1726/files/8qDU1GxN5jOkA0s4rwgaMu9hfNs_334677b0-aedc-4062-adb5-974e7f6329cc.jpg?v=1788194723,1,The Late Shift (1996) poster,false,,,,,,,comedy,,,,,,,,,,,,lb,,,active
threesome-vhs-floor-sale-comedy,Threesome,"<p>At a sizable public college, high-minded student Eddy is forced to room with the slovenly Stuart, but the pair strike up a surprising friendship. When attractive co-ed Alex is assigned to live with the two male students because of her gender-neutral name, a roundabout love triangle ensues. Eddy secretly yearns for Stuart, who wants Alex, but she prefers Eddy. The complex situation leads to sexual experimentation and strained relationships.</p>",VHS,Media > Videos,,"Comedy, Floor Sale, Formatted, VHS",true,Genre,Comedy,,,,,,,,,0.0,shopify,1,deny,manual,7.00,,true,true,,,,,80203002,https://cdn.shopify.com/s/files/1/0671/0552/1726/files/vR6qwjChOV4Z9940VA9chucNpne.jpg?v=1788267222,1,Threesome (1994) poster,false,,,,,,,comedy,,,,,,,,,,,,lb,,,active
body-slam-vhs-floor-sale-action,Body Slam,"<p>M. Harry Smilac is a down-on-his-luck music manager who is having a hard time attracting talent and booking gigs for his band, Kicks (The most recent of the gigs is a Dairy Queen opening!!). When making arrangements for a campaign fund-raiser, he mistakes Rick Roberts, a professional wrestler, for a musician and hires him. At that moment he becomes a wrestling manager and starts to book matches for him and his teammate Tonga Tom. The team is a success, and Harry decides to take his wrestlers and his band on a ""Rock n' Wrestling"" tour. The tour is a success, and Harry feels what it is like to be a winner again.</p>",VHS,Media > Videos,,"Action, Floor Sale, Formatted, VHS",true,Genre,Action,,,,,,,,,0.0,shopify,1,deny,manual,15.00,,false,false,,,,,80235770,https://cdn.shopify.com/s/files/1/0671/0552/1726/files/h3nDVRacsvB1kLQYz1F9hzyYORv.jpg?v=1788194723,1,Body Slam (1986) poster,false,,,,,,,action,,,,,,,,,,,,lb,,,active
scenes-from-the-class-struggle-in-beverly-hills-vhs-floor-sale-comedy,Scenes From the Class Struggle in Beverly Hills,"<p>A wealthy Beverly Hills resident who has just become a widow, Clare Lipkin temporarily takes on her friend Lisabeth as a house guest. As the two women deal with their upper-class woes, Clare's driver, Frank, and Lisabeth's servant, Juan, make a wager to see who can be the first to seduce the other's boss.</p>",VHS,Media > Videos,,"Comedy, Floor Sale, Formatted, VHS",true,Genre,Comedy,,,,,,,,,0.0,shopify,1,deny,manual,15.00,,false,false,,,,,80268538,https://cdn.shopify.com/s/files/1/0671/0552/1726/files/4Q8yE7ijikNXWItWnAJkjt9yWvn_ffda7e4a-2144-47f6-b133-ab3d1943aca7.jpg?v=1788194722,1,Scenes From the Class Struggle in Beverly Hills (1989) poster,false,,,,,,,comedy,,,,,,,,,,,,lb,,,active
eddie-vhs-floor-sale-comedy,Eddie,"<p>Eddie is a New York limo driver and a fanatical follower of the New York Knicks professional basketball team. The team is struggling with a mediocre record when, in mid-season, ""Wild Bill"" Burgess, the new owner, as a public relations gimmick, stages an 'honorary coach' contest, which Eddie wins. The fans love it, so ""Wild Bill"" fires the coach and hires her. She takes the bunch of overpaid prima</p>",VHS,Media > Videos,,"Comedy, Floor Sale, Formatted, VHS",true,Genre,Comedy,,,,,,,,,0.0,shopify,1,deny,manual,5.00,,false,false,,,,,80334074,https://cdn.shopify.com/s/files/1/0671/0552/1726/files/qIJ4PU6WifgRs8RpiN3LkNYjzlS.jpg?v=1788194721,1,Eddie (1996) poster,false,,,,,,,comedy,,,,,,,,,,,,lb,,,active
the-searchers-vhs-floor-sale-action,The Searchers,<p>Jocke has grown up in one of Stockholm's rough suburbs. Nowadays he spends the daytime getting into trouble at school and going into Stockholm in the evenings and getting into even more trouble. After being sentenced to prison he meets Tony. After their release they begin a series of robberies.</p>,VHS,Media > Videos,,"Action, Floor Sale, Formatted, VHS",true,Genre,Action,,,,,,,,,0.0,shopify,1,deny,manual,6.00,,true,true,,,,,80399610,https://cdn.shopify.com/s/files/1/0671/0552/1726/files/lWkOfWaV87QIkvi7vbiAiBu0NOB.jpg?v=1788267222,1,The Searchers (1993) poster,false,,,,,,,action,,,,,,,,,,,,lb,,,active
samson-and-delilah-vhs-floor-sale-action,Samson and Delilah,"<p>A tale of passion and betrayal in which Samson, a judge of Israel who fled with his tribe during the Great Exodus from Egypt, uses his herculean strength in the fight against the Philistine oppressors. He is seduced by Delilah, a Philistine courtesan, who uses her cunning to discover the secret of her lover's great power and then betrays him.</p>",VHS,Media > Videos,,"Action, Floor Sale, Formatted, VHS",true,Genre,Action,,,,,,,,,0.0,shopify,1,deny,manual,5.00,,true,true,,,,,80432378,https://cdn.shopify.com/s/files/1/0671/0552/1726/files/zPti7mcKkLtCTQ1bCQareOECgI4.jpg?v=1788267221,1,Samson and Delilah (1984) poster,false,,,,,,,action,,,,,,,,,,,,lb,,,active
a-map-of-the-world-vhs-floor-sale-drama,A Map of the World,"<p>School nurse Alice Goodwin lives with her husband and two daughters on a dairy farm in a small Wisconsin community. After an accident on her property involving a friend's child, the town turns against her and Alice finds herself fighting charges of child abuse.</p>",VHS,Media > Videos,,"Drama, Floor Sale, Formatted, VHS",true,Genre,Drama,,,,,,,,,0.0,shopify,1,deny,manual,5.00,,false,false,,,,,80465146,https://cdn.shopify.com/s/files/1/0671/0552/1726/files/yhoXmw3zbds7gjDPJfA7CiNNssI.jpg?v=1788194721,1,A Map of the World (1999) poster,false,,,,,,,drama,,,,,,,,,,,,lb,,,active
penitentiary-iii-vhs-floor-sale-action,Penitentiary III,"<p>A man is framed for murder and sent to prison. He is beaten and tortured, then forced to fight the prison's worst killer, a martial-arts fighting midget called Thud.</p>",VHS,Media > Videos,,"Action, Floor Sale, Formatted, VHS",true,Genre,Action,,,,,,,,,0.0,shopify,1,deny,manual,7.00,,false,false,,,,,80497914,https://cdn.shopify.com/s/files/1/0671/0552/1726/files/k8bYskyPBLoke3ctxsfmDJ8ZsAq_5195022e-ac67-4624-94df-6bf69549beb3.jpg?v=1788194719,1,Penitentiary III (1987) poster,false,,,,,,,action,,,,,,,,,,,,lb,,,active
imaginary-heroes-vhs-floor-sale-drama,Imaginary Heroes,"<p>Matt Travis is good-looking, popular, and his school's best competitive swimmer, so everyone is shocked when he inexplicably commits suicide. As the following year unfolds, each member of his family struggles to recover from the tragedy with mixed results.</p>",VHS,Media > Videos,,"Drama, Floor Sale, Formatted, VHS",true,Genre,Drama,,,,,,,,,0.0,shopify,1,deny,manual,5.00,,false,false,,,,,80530682,https://cdn.shopify.com/s/files/1/0671/0552/1726/files/tHMgJGkovOFpHi2lnQ9xTrIaR7N_ae1dd24c-bea8-4765-a02c-25c49e0affdf.jpg?v=1788194718,1,Imaginary Heroes (2004) poster,false,,,,,,,drama,,,,,,,,,,,,lb,,,active
pecker-vhs-floor-sale-comedy,Pecker,"<p>A Baltimore teenager who picks up a second-hand camera starts snapping his way to stardom, soon turning into a nationwide sensation, with a fateful choice between his life and his art.</p>",VHS,Media > Videos,,"Comedy, Floor Sale, Formatted, VHS",true,Genre,Comedy,,,,,,,,,0.0,shopify,1,deny,manual,10.00,,false,false,,,,,03501050,https://cdn.shopify.com/s/files/1/0671/0552/1726/files/ox6Myr2r36zr7aqnisQGZp2EW33.jpg?v=1788194718,1,Pecker (1998) poster,false,,,,,,,comedy,,,,,,,,,,,,lb,,,active
original-gangserts-vhs-floor-sale-action,Original Gangserts,"<p>Original Gangstas is a 1996 action film set in Gary, Indiana, starring Blaxploitation-era stars Fred Williamson, Pam Grier, and Jim Brown as former gang members reuniting to fight crime.</p>",VHS,Media > Videos,,"Action, Floor Sale, Formatted, VHS",true,Genre,Action,,,,,,,,,0.0,shopify,1,deny,manual,10.00,,false,false,,,,,03533818,https://cdn.shopify.com/s/files/1/0671/0552/1726/files/Original_gangstas_poster.jpg?v=1788272143,1,Original Gangserts poster,false,,,,,,,action,,,,,,,,,,,,lb,,,active
lauderdale-vhs-floor-sale-comedy,Lauderdale,<p>A nerd and his out-of-control friend chase a dream girl to a beach in Florida.</p>,VHS,Media > Videos,,"Comedy, Floor Sale, Formatted, VHS",true,Genre,Comedy,,,,,,,,,0.0,shopify,1,deny,manual,6.00,,false,false,,,,,03566586,https://cdn.shopify.com/s/files/1/0671/0552/1726/files/A7CjQkE1l7jBVJk5ATVXYutGeel_63ff61e8-ef52-4c46-a61f-5a87b93c54b5.jpg?v=1788194717,1,Lauderdale (1989) poster,false,,,,,,,comedy,,,,,,,,,,,,lb,,,active
sob-vhs-floor-sale-comedy,S.O.B.,"<p>A movie producer who made a huge flop tries to salvage his career by revamping his film as an erotic production, where its family-friendly star takes her top off.</p>",VHS,Media > Videos,,"Comedy, Floor Sale, Formatted, VHS",true,Genre,Comedy,,,,,,,,,0.0,shopify,1,deny,manual,8.00,,false,false,,,,,03632122,https://cdn.shopify.com/s/files/1/0671/0552/1726/files/6irq1xZdQ8rC4AuxPDlA9NkPyYs_cde7e2fe-0d2d-4dd4-801e-dd03541c4a7d.jpg?v=1788194716,1,S.O.B. (1981) poster,false,,,,,,,comedy,,,,,,,,,,,,lb,,,active
the-pickle-vhs-floor-sale-comedy,The Pickle,"<p>Harry Stone always dreamed of making ""The Great American Movie."" Instead, he made ""The Pickle"" - a teenage sci-fi flick about a flying cucumber. Harry just wanted to get out of debt; now everyone he's ever known, loved and neglected is standing in line for tickets.</p>",VHS,Media > Videos,,"Comedy, Floor Sale, Formatted, VHS",true,Genre,Comedy,,,,,,,,,0.0,shopify,1,deny,manual,5.00,,false,false,,,,,03664890,https://cdn.shopify.com/s/files/1/0671/0552/1726/files/yCzdS1R27F675iSUIfOHQKxFpiB.jpg?v=1788194716,1,The Pickle (1993) poster,false,,,,,,,comedy,,,,,,,,,,,,lb,,,active
the-sting-ii-vhs-floor-sale-comedy,The Sting II,"<p>Hooker and Gondorf pull a con on Macalinski, an especially nasty mob boss with the help of Veronica, a new grifter. They convince this new victim that Hooker is a somewhat dull boxer who is tired of taking dives for Gondorf. There is a ringer. Lonigan, their victim from the first movie, is setting them up to take the fall.</p>",VHS,Media > Videos,,"Comedy, Floor Sale, Formatted, VHS",true,Genre,Comedy,,,,,,,,,0.0,shopify,1,deny,manual,5.00,,false,false,,,,,03697658,https://cdn.shopify.com/s/files/1/0671/0552/1726/files/oWySCxbLK4vB7BY5CzonJZuLYa7.jpg?v=1788194714,1,The Sting II (1983) poster,false,,,,,,,comedy,,,,,,,,,,,,lb,,,active
the-public-eye-vhs-floor-sale-drama,The Public Eye,<p>A crime photographer gets involved in a conspiracy.</p>,VHS,Media > Videos,,"Drama, Floor Sale, Formatted, VHS",true,Genre,Drama,,,,,,,,,0.0,shopify,1,deny,manual,8.00,,true,true,,,,,03795962,https://cdn.shopify.com/s/files/1/0671/0552/1726/files/oiKWmtkGVOHR9Z49qZkkDkCeKyO.jpg?v=1788267221,1,The Public Eye (1992) poster,false,,,,,,,drama,,,,,,,,,,,,lb,,,active
rob-roy-vhs-floor-sale-drama,Rob Roy,"<p>In the highlands of Scotland in the 1700s, Rob Roy tries to lead his small town to a better future, by borrowing money from the local nobility to buy cattle to herd to market. When the money is stolen, Rob is forced into a Robin Hood lifestyle to defend his family and honour.</p>",VHS,Media > Videos,,"Drama, Floor Sale, Formatted, VHS",true,Genre,Drama,,,,,,,,,0.0,shopify,1,deny,manual,5.00,,true,true,,,,,03828730,https://cdn.shopify.com/s/files/1/0671/0552/1726/files/kWI2rF6RAnRtEjfBlZgsXumgOm5.jpg?v=1788267220,1,Rob Roy (1995) poster,false,,,,,,,drama,,,,,,,,,,,,lb,,,active
three-days-to-a-kill-vhs-floor-sale-action,Three Days to a Kill,<p>An army colonel enlists a mercenary to rescue a kidnapped ambassador from a Colombian drug lord within a three-day deadline.</p>,VHS,Media > Videos,,"Action, Floor Sale, Formatted, VHS",true,Genre,Action,,,,,,,,,0.0,shopify,1,deny,manual,8.00,,false,false,,,,,03861498,https://cdn.shopify.com/s/files/1/0671/0552/1726/files/dB8Jn5HXR1zG7qpsLoRIKce5fjB.jpg?v=1788194713,1,Three Days to a Kill (1992) poster,false,,,,,,,action,,,,,,,,,,,,lb,,,active
the-sell-out-vhs-floor-sale-comedy,The Sell Out,"<p>This action drama centers on a former CIA operative who grudgingly rejoins the spy game due to the machinations of his one-time student - a screw up who goes to work for the Soviets. As his job drags him deeper into a dangerous and under-handed world, the student wants out of the agency and oout of the U.S.S.R. But the man's choices have made him a target and now both the United States and Russia  want him dead, sending their mos able hit men to do it.</p>",VHS,Media > Videos,,"Comedy, Floor Sale, Formatted, VHS",true,Genre,Comedy,,,,,,,,,0.0,shopify,1,deny,manual,7.00,,false,false,,,,,03894266,https://cdn.shopify.com/s/files/1/0671/0552/1726/files/pJYLH1DnGis2XYT4Vw6xzFHKVYc_ea85447d-585c-4382-9bf4-bc8053c3b1f0.jpg?v=1788194713,1,The Sell Out (1976) poster,false,,,,,,,comedy,,,,,,,,,,,,lb,,,active
ruby-in-paradise-vhs-floor-sale-drama,Ruby in Paradise,"<p>Reeling from her mother's recent death, Ruby Lee Gissing relocates to Florida to start anew. After finding a job at a souvenir store, Ruby becomes friends with the shop's owner, Mildred Chambers, and slowly acclimates to her new surroundings. Before long, she's juggling the affections of Mildred's Lothario son, Ricky, and the good-natured Mike. As she wavers between Ricky and Mike, Ruby also tries to come to terms with her past.</p>",VHS,Media > Videos,,"Drama, Floor Sale, Formatted, VHS",true,Genre,Drama,,,,,,,,,0.0,shopify,1,deny,manual,5.00,,false,false,,,,,03959802,https://cdn.shopify.com/s/files/1/0671/0552/1726/files/gk0vbIVYwpXxSf1wQbS2r9IsBoV_61c0467d-c921-489d-96eb-6ec272200393.jpg?v=1788194712,1,Ruby in Paradise (1993) poster,false,,,,,,,drama,,,,,,,,,,,,lb,,,active
rude-boy-vhs-floor-sale-drama,Rude Boy,"<p>Rude Boy is a semi-documentary, part character study, part 'rockumentary', featuring a British punk band, The Clash. The script includes the story of a fictional fan juxtposed with actual public events of the day, including political demonstrations and Clash concerts.</p>",VHS,Media > Videos,,"Drama, Floor Sale, Formatted, VHS",true,Genre,Drama,,,,,,,,,0.0,shopify,1,deny,manual,5.00,,false,false,,,,,03992570,https://cdn.shopify.com/s/files/1/0671/0552/1726/files/46tzKLP9Huzjf1L09qEEdvNAdx0_f02024bc-684c-496c-aee6-e35f3a5b63c6.jpg?v=1788194711,1,Rude Boy (1980) poster,false,,,,,,,drama,,,,,,,,,,,,lb,,,active
kill-the-man-vhs-floor-sale-comedy,Kill the Man,"<p>The two owners of an independent copying shop struggle against a corporate giant, trying to find a way to keep their company afloat or fold. They start a series of sales gimmicks and a war against the opposition, particularly after they are visited by corporate thugs.</p>",VHS,Media > Videos,,"Comedy, Floor Sale, Formatted, VHS",true,Genre,Comedy,,,,,,,,,0.0,shopify,1,deny,manual,5.00,,false,false,,,,,04025338,https://cdn.shopify.com/s/files/1/0671/0552/1726/files/vPvb3TybLlvAVPPu848IzNavywF_e073652e-db8c-4b4d-8955-439b003ca490.jpg?v=1788194710,1,Kill the Man (1999) poster,false,,,,,,,comedy,,,,,,,,,,,,lb,,,active
son-of-the-bride-vhs-floor-sale-comedy,Son of the Bride,"<p>At age 42, Rafael Belvedere is having a crisis. He lives in the shadow of his father, he feels guilty about rarely visiting his aging mother, his ex-wife says he doesn't spend enough time with their daughter and he has yet to make a commitment to his girlfriend. At his lowest point, a minor heart attack reunites him with Juan Carlos, a childhood friend, who helps Rafael to reconstruct his past.</p>",VHS,Media > Videos,,"Comedy, Floor Sale, Formatted, VHS",true,Genre,Comedy,,,,,,,,,0.0,shopify,1,deny,manual,4.00,,false,false,,,,,04058106,https://cdn.shopify.com/s/files/1/0671/0552/1726/files/zXInKuQ8FW18Ko8CtY9V30qhz1P.jpg?v=1788194709,1,Son of the Bride (2001) poster,false,,,,,,,comedy,,,,,,,,,,,,lb,,,active
thunderbolt-and-lightfoot-vhs-floor-sale-drama,Thunderbolt and Lightfoot,"<p>With the help of an irreverent young sidekick, a bank robber gets his old gang back together to organise a daring new heist.</p>",VHS,Media > Videos,,"Drama, Floor Sale, Formatted, VHS",true,Genre,Drama,,,,,,,,,0.0,shopify,1,deny,manual,5.00,,false,false,,,,,04090874,https://cdn.shopify.com/s/files/1/0671/0552/1726/files/530RZ2HsxAgKVO4joNFjAgucbri_673e9d71-005f-4d50-b23f-03448efc0690.jpg?v=1788194708,1,Thunderbolt and Lightfoot (1974) poster,false,,,,,,,drama,,,,,,,,,,,,lb,,,active
the-pompatus-of-love-vhs-floor-sale-comedy,The Pompatus of Love,"<p>Four guys sit around drinking beer and talking, trying to figure out the meaning of ""the pompatus of love"" (from the Steve Miller song ""Joker"") and analyzing their relationships with women.</p>",VHS,Media > Videos,,"Comedy, Floor Sale, Formatted, VHS",true,Genre,Comedy,,,,,,,,,0.0,shopify,1,deny,manual,7.00,,false,false,,,,,11463674,https://cdn.shopify.com/s/files/1/0671/0552/1726/files/i94UXzKj8OF1hUyXlT4BHvfgJZI.jpg?v=1788194707,1,The Pompatus of Love (1996) poster,false,,,,,,,comedy,,,,,,,,,,,,lb,,,active
wilder-napalm-vhs-floor-sale-comedy,Wilder Napalm,"<p>Wilder and Wallace are brothers and pyrokinetics. Ever since childhood they've been able to start fires with their minds but following a tragedy in which they accidentally killed a man, the brothers have grown up very differently. Wilder has become a regular 9-5 workaday joe but Wallace performs his feats with a traveling circus. When the circus comes to Wilder's home town Wallace starts coming on strong to Wilder's wife, Vida who, ironically, is a slight pyromaniac.</p>",VHS,Media > Videos,,"Comedy, Floor Sale, Formatted, VHS",true,Genre,Comedy,,,,,,,,,0.0,shopify,1,deny,manual,5.00,,false,false,,,,,11496442,https://cdn.shopify.com/s/files/1/0671/0552/1726/files/9FHa9pxrt9eDBoW04TZx7l2kcoN.jpg?v=1788194707,1,Wilder Napalm (1993) poster,false,,,,,,,comedy,,,,,,,,,,,,lb,,,active
salsa-the-motion-picture-vhs-floor-sale-musical,Salsa The Motion Picture,<p>Salsa is a 1988 romance film about a Puerto Rican dancer chasing his dream of winning a major salsa dance competition.</p>,VHS,Media > Videos,,"Floor Sale, Formatted, Musical, VHS",true,Genre,Musical,,,,,,,,,0.0,shopify,1,deny,manual,5.00,,false,false,,,,,11529210,https://cdn.shopify.com/s/files/1/0671/0552/1726/files/Salsaposter.jpg?v=1788272142,1,Salsa The Motion Picture poster,false,,,,,,,musical,,,,,,,,,,,,lb,,,active
loving-couples-vhs-floor-sale-comedy,Loving Couples,"<p>Walter is a successful doctor, and so is his wife Evelyn. Wealthy and good-looking, they should be a happily married couple, but they're not.
 Walter is so caught up in his career that he fails to keep up with Evelyn. So when she falls for the charms of Greg, a real estate Romeo, it takes Walter by surprise. Even more so, because he finds out about it from Stephanie, Greg's deserted TV weather girl girlfriend.</p>",VHS,Media > Videos,,"Comedy, Floor Sale, Formatted, VHS",true,Genre,Comedy,,,,,,,,,0.0,shopify,1,deny,manual,5.00,,true,true,,,,,11561978,https://cdn.shopify.com/s/files/1/0671/0552/1726/files/zfMaLd2LkOhOTGgMkVyJ3KQX4vK.jpg?v=1788267220,1,Loving Couples (1980) poster,false,,,,,,,comedy,,,,,,,,,,,,lb,,,active
bodies-rest-motion-vhs-floor-sale-romantic-comedy,"Bodies, Rest & Motion","<p>Rebelling against his dreary life in a small Arizona town, salesman Nick abandons his girlfriend, Beth, and strikes out onto the highway in search of... something else. Encouraged by her best friend, Carol, Beth reluctantly accepts the romantic attentions of Sid, a local housepainter.</p>",VHS,Media > Videos,,"Floor Sale, Formatted, Romantic Comedy, VHS",true,Genre,Romantic Comedy,,,,,,,,,0.0,shopify,1,deny,manual,6.00,,false,false,,,,,11594746,https://cdn.shopify.com/s/files/1/0671/0552/1726/files/46HAxDyb5Xqljse9Ata9ftqOxbK_29c491eb-447c-462b-aa48-07759af8533f.jpg?v=1788194706,1,"Bodies, Rest & Motion (1993) poster",false,,,,,,,romantic-comedy,,,,,,,,,,,,lb,,,active
living-out-loud-vhs-floor-sale-romantic-comedy,Living Out Loud,"<p>Judith Moore is suddenly single after discovering her husband of fifteen years, a successful doctor, has been having an affair with a younger woman. Judith stews, plans, plots and fantasizes, but she can't decide what to do with her life until she goes out to a night club to see singer Liz Bailey, who is full of advice on life and love. While out on the town, Judith is suddenly kissed by a total stranger, which opens her eyes to new possibilities... which is when she notices Pat, the elevator operator in her building.</p>",VHS,Media > Videos,,"Floor Sale, Formatted, Romantic Comedy, VHS",true,Genre,Romantic Comedy,,,,,,,,,0.0,shopify,1,deny,manual,5.00,,false,false,,,,,11627514,https://cdn.shopify.com/s/files/1/0671/0552/1726/files/uegG68vP7leUDQbG8fP4ihgTo0i_83fff282-5a15-46ae-aff9-3cf0bce214e8.jpg?v=1788194705,1,Living Out Loud (1998) poster,false,,,,,,,romantic-comedy,,,,,,,,,,,,lb,,,active
screw-loose-vhs-floor-sale-comedy,Screw Loose,"<p>The owner of an Italian natural food company has a heart attack and asks his son, Bernardo, to find the man who saved his life in World War II and bring him to his deathbed. He does so and finds the man in a sanitarium and must deal with his hijinks all the way back to Milan.</p>",VHS,Media > Videos,,"Comedy, Floor Sale, Formatted, VHS",true,Genre,Comedy,,,,,,,,,0.0,shopify,1,deny,manual,5.00,,false,false,,,,,11660282,https://cdn.shopify.com/s/files/1/0671/0552/1726/files/tUT6pVdkIBNrMhbs9yWoOEecyqD.jpg?v=1788194705,1,Screw Loose (1999) poster,false,,,,,,,comedy,,,,,,,,,,,,lb,,,active
the-great-smokey-roadblock-vhs-floor-sale-comedy,The Great Smokey Roadblock,"<p>An old trucker steals his truck for one last cross-country run, with a madam and her crew on board.</p>",VHS,Media > Videos,,"Comedy, Floor Sale, Formatted, VHS",true,Genre,Comedy,,,,,,,,,0.0,shopify,1,deny,manual,10.00,,false,false,,,,,11725818,https://cdn.shopify.com/s/files/1/0671/0552/1726/files/qxUH2xsmZY8VZ0cOFoZD07nuzD2.jpg?v=1788194704,1,The Great Smokey Roadblock (1978) poster,false,,,,,,,comedy,,,,,,,,,,,,lb,,,active
national-lampoons-favorite-deadly-sins-vhs-floor-sale-comedy,National Lampoon's Favorite Deadly Sins,"<p>America's three top leisure-time activities come roaring to life in National Lampoon's Favorite Deadly Sins. This film consists of three short stories: Greed (Joe Mantegna), Anger (Andrew Clay) and Lust (Denis Leary).</p>",VHS,Media > Videos,,"Comedy, Floor Sale, Formatted, VHS",true,Genre,Comedy,,,,,,,,,0.0,shopify,1,deny,manual,5.00,,false,false,,,,,11758586,https://cdn.shopify.com/s/files/1/0671/0552/1726/files/yAjAHW1uL1T7YUtZLAEpi8FSkW1.jpg?v=1788194702,1,National Lampoon's Favorite Deadly Sins (1995) poster,false,,,,,,,comedy,,,,,,,,,,,,lb,,,active
air-america-vhs-floor-sale-comedy,Air America,"<p>Air America was the CIA's private airline operating in Laos during the Vietnam War, running anything and everything from soldiers to foodstuffs for local villagers. After losing his pilot's license, Billy Covington is recruited, and ends up in the middle of a bunch of lunatic pilots, gun-running by his friend Gene Ryack, and opium smuggling by his own superiors.</p>",VHS,Media > Videos,,"Comedy, Floor Sale, Formatted, VHS",true,Genre,Comedy,,,,,,,,,0.0,shopify,1,deny,manual,5.00,,false,false,,,,,11824122,https://cdn.shopify.com/s/files/1/0671/0552/1726/files/2cVANiDU7AdSLGgs4T7dpgyU2SK.jpg?v=1788194701,1,Air America (1990) poster,false,,,,,,,comedy,,,,,,,,,,,,lb,,,active
final-embrace-vhs-floor-sale-thriller,Final Embrace,<p>A detective assigned to protect a pop singer gets romantically involved with her twin sister after the singer is murdered.</p>,VHS,Media > Videos,,"Floor Sale, Formatted, Thriller, VHS",true,Genre,Thriller,,,,,,,,,0.0,shopify,1,deny,manual,14.00,,false,false,,,,,11955194,https://cdn.shopify.com/s/files/1/0671/0552/1726/files/6d8PWOVrXwx4CphNRVktD8dC2uR.jpg?v=1788194701,1,Final Embrace (1992) poster,false,,,,,,,thriller,,,,,,,,,,,,lb,,,active
spy-hard-vhs-floor-sale-comedy,Spy Hard,"<p>The evil Gen. Rancor has his sights set on world domination, and only one man can stop him: Dick Steele, also known as Agent WD-40. Rancor needs to obtain a computer circuit for the missile that he is planning to fire, so Steele teams up with Veronique Ukrinsky, a KGB agent whose father designed the chip. Together they try to locate the evil mastermind's headquarters, where Veronique's father and several other hostages are being held.</p>",VHS,Media > Videos,,"Comedy, Floor Sale, Formatted, VHS",true,Genre,Comedy,,,,,,,,,0.0,shopify,1,deny,manual,5.00,,false,false,,,,,12020730,https://cdn.shopify.com/s/files/1/0671/0552/1726/files/yoegp9XEG4YCbJJKR0wvm0BGYpG.jpg?v=1788194700,1,Spy Hard (1996) poster,false,,,,,,,comedy,,,,,,,,,,,,lb,,,active
screwed-vhs-floor-sale-comedy,Screwed,"<p>A chauffeur kidnaps his rich boss's dog to hold it for ransom, but when she accidentally gets the dog back, she thinks that it's the chauffeur who's been kidnapped.</p>",VHS,Media > Videos,,"Comedy, Floor Sale, Formatted, VHS",true,Genre,Comedy,,,,,,,,,0.0,shopify,1,deny,manual,6.00,,true,true,,,,,12053498,https://cdn.shopify.com/s/files/1/0671/0552/1726/files/m6FfMbH1ga1Kp5QI9Nm0ETOIG64.jpg?v=1788267219,1,Screwed (2000) poster,false,,,,,,,comedy,,,,,,,,,,,,lb,,,active
state-fair-vhs-floor-sale-musical,State Fair,"<p>Texan farmers the Frake family head for the Texas State Fair in Dallas. The parents are focused on winning the competitions for livestock and cooking. However, their restless daughter Margy and her brother Wayne meet attractive new love interests.</p>",VHS,Media > Videos,,"Floor Sale, Formatted, Musical, VHS",true,Genre,Musical,,,,,,,,,0.0,shopify,1,deny,manual,5.00,,true,true,,,,,28273658,https://cdn.shopify.com/s/files/1/0671/0552/1726/files/zGx9PpbzRa4J4TlJOiV38mJXl1T.jpg?v=1788267220,1,State Fair (1962) poster,false,,,,,,,musical,,,,,,,,,,,,lb,,,active
nurse-betty-vhs-floor-sale-comedy,Nurse Betty,"<p>What happens when a person decides that life is merely a state of mind? If you're Betty, a small-town waitress and soap opera fan from Fair Oaks, Kansas, you refuse to believe that you can't be with the love of your life just because he doesn't really exist. After all, life is no excuse for not living. Traumatized by a savage event, Betty enters into a fugue state that allows -- even encourages -- her to keep functioning... in a kind of alternate reality.</p>",VHS,Media > Videos,,"Comedy, Floor Sale, Formatted, VHS",true,Genre,Comedy,,,,,,,,,0.0,shopify,1,deny,manual,5.00,,false,false,,,,,28306426,https://cdn.shopify.com/s/files/1/0671/0552/1726/files/1OCHR9z9k7go669AsShOkTj4CFb.jpg?v=1788194698,1,Nurse Betty (2000) poster,false,,,,,,,comedy,,,,,,,,,,,,lb,,,active
unhook-the-stars-vhs-floor-sale-drama,Unhook the Stars,"<p>Widowed mother Mildred must suddenly redefine herself and find an outlet for her nurturing side when her adult daughter moves out of the family home. Though Mildred thinks she's found her purpose when her neighbor, overworked single mother Monica, asks her to look after her little boy, she has great difficulty learning to strike a healthy balance between giving selflessly to others and remembering to take care of herself.</p>",VHS,Media > Videos,,"Drama, Floor Sale, Formatted, VHS",true,Genre,Drama,,,,,,,,,0.0,shopify,1,deny,manual,5.00,,false,false,,,,,28339194,https://cdn.shopify.com/s/files/1/0671/0552/1726/files/xDa7qRS8iOY5XDvt0DRpwlAJO6H_0367d1a5-190a-4bde-8e1c-5d58115e472c.jpg?v=1788194697,1,Unhook the Stars (1996) poster,false,,,,,,,drama,,,,,,,,,,,,lb,,,active
mighty-aphrodite-vhs-floor-sale-comedy,Mighty Aphrodite,"<p>When Lenny and his wife, Amanda, adopt a baby, Lenny realizes that his son is a genius and becomes obsessed with finding the boy's biological mother in hopes that she will be brilliant too. But when he learns that Max's mother is Linda Ash, a kindhearted prostitute and porn star, Lenny is determined to reform her immoral lifestyle. A Greek chorus chimes in to relate the plot to Greek mythology in this quirky comedy.</p>",VHS,Media > Videos,,"Comedy, Floor Sale, Formatted, VHS",true,Genre,Comedy,,,,,,,,,0.0,shopify,1,deny,manual,8.00,,false,false,,,,,28371962,https://cdn.shopify.com/s/files/1/0671/0552/1726/files/ice135yQZp4iX2SgCmd90nKgS5j.jpg?v=1788194693,1,Mighty Aphrodite (1995) poster,false,,,,,,,comedy,,,,,,,,,,,,lb,,,active
dead-or-alive-vhs-floor-sale-thriller,Dead or Alive,<p>Ryūichi and his small gang of Triad vie for control of the Japanese underworld in a crime-ridden Shinjuku quarter while Detective Jojima tries to bring it down.</p>,VHS,Media > Videos,,"Floor Sale, Formatted, Thriller, VHS",true,Genre,Thriller,,,,,,,,,0.0,shopify,1,deny,manual,7.00,,true,true,,,,,28404730,https://cdn.shopify.com/s/files/1/0671/0552/1726/files/A8rgAigkv5RHi1abcQJ0oNNnwgJ.jpg?v=1788267219,1,Dead or Alive (1999) poster,false,,,,,,,thriller,,,,,,,,,,,,lb,,,active
ivory-hunters-vhs-floor-sale-ivory-hunters,Ivory Hunters,<p>An author discovers that his missing research assistant's disappearance may be related to illegal trade in ivory tusks. He's then asked by the local inspector to help him find the poachers.</p>,VHS,Media > Videos,,"Floor Sale, Formatted, Genre needed, Issue, Ivory Hunters, VHS",true,Genre,Default Title,,,,,,,,,0.0,shopify,1,deny,manual,5.00,,true,true,,,,,28437498,https://cdn.shopify.com/s/files/1/0671/0552/1726/files/9qAv8kk0B8rfL5sOYPuQLZHFaiy_c7d5808f-3049-494f-aced-c7a5dcb357b9.jpg?v=1788149350,1,Ivory Hunters (1990) poster,false,,,,,,,,,,,,,,,,,,,lb,,,active
life-without-dick-vhs-floor-sale-comedy,Life Without Dick,"<p>By accident, Colleen Gibson shoots and kills her gold-digging cheating boyfriend, Dick, a private eye who happens to have a hitman on his tail. Danny the hitman works for his brother-in-law, a cheerful but nasty Irish mobster, hasn't actually killed anyone, and wants to be a singer. He falls for Colleen. she likes him, too. He can solve her problem (Dick's body), she can solve his (meeting the mobster's demands that he kill people like Dick). Danny has an ex-girlfriend, who might still hold the key to his heart, two cops are sniffing around for Dick, a junk yard owner gets a conscience, and a talent show is coming up. Bullets, music, and true love are set to collide.</p>",VHS,Media > Videos,,"Comedy, Floor Sale, Formatted, VHS",true,Genre,Comedy,,,,,,,,,0.0,shopify,1,deny,manual,5.00,,false,false,,,,,28503034,https://cdn.shopify.com/s/files/1/0671/0552/1726/files/3KrPJ2ogmY4oR5P29qrzyFdf6mR_43279340-7498-4f02-902d-119a5f3e63f7.jpg?v=1788194690,1,Life Without Dick (2002) poster,false,,,,,,,comedy,,,,,,,,,,,,lb,,,active
doctor-detroit-vhs-floor-sale-comedy,Doctor Detroit,<p>A shy but gentle man named Clifford Skridlow is a professor of comparative literature at the financially-strapped fictional Monroe College in Chicago. A chance encounter with four beautiful women at a restaurant changes his life forever.</p>,VHS,Media > Videos,,"Comedy, Floor Sale, Formatted, VHS",true,Genre,Comedy,,,,,,,,,0.0,shopify,1,deny,manual,8.00,,false,false,,,,,28535802,https://cdn.shopify.com/s/files/1/0671/0552/1726/files/aluYVLiLMn5cRPBJV6YyXkItwyZ.jpg?v=1788194689,1,Doctor Detroit (1983) poster,false,,,,,,,comedy,,,,,,,,,,,,lb,,,active
pete-kelly-bluea-vhs-floor-sale-comedy,Pete Kelly Bluea,<p>Pete Kelly's Blues is a 1955 musical crime film directed by and starring Jack Webb as a 1920s Kansas City jazz bandleader.</p>,VHS,Media > Videos,,"Comedy, Floor Sale, Formatted, VHS",true,Genre,Comedy,,,,,,,,,0.0,shopify,1,deny,manual,4.00,,false,false,,,,,28601338,https://cdn.shopify.com/s/files/1/0671/0552/1726/files/Pkblues.jpg?v=1788272141,1,Pete Kelly Bluea poster,false,,,,,,,comedy,,,,,,,,,,,,lb,,,active
diamonds-vhs-floor-sale-comedy,Diamonds,<p>Mystery about an ex-prizefighter who embarks on a journey to find 13 missing diamonds</p>,VHS,Media > Videos,,"Comedy, Floor Sale, Formatted, VHS",true,Genre,Comedy,,,,,,,,,0.0,shopify,1,deny,manual,6.00,,true,true,,,,,28634106,https://cdn.shopify.com/s/files/1/0671/0552/1726/files/AjZvoJIGOOu8d1XIJ5QEFcGbTOy.jpg?v=1788267219,1,Diamonds (1999) poster,false,,,,,,,comedy,,,,,,,,,,,,lb,,,active
operation-dumbo-drop-vhs-floor-sale-kids-family,Operation Dumbo Drop,"<p>Five Green Berets stationed in Vietnam in 1968 grudgingly undertake the mission of a lifetime -- to secretly transport an 8,000-pound elephant through 200 miles of rough jungle terrain. High jinks prevail when Capt. Sam Cahill promises the Montagnard villagers of Dak Nhe that he'll replace their prized elephant in time for an important ritual. But for Capt. T.C. Doyle, the mission becomes a jumbo-sized headache!</p>",VHS,Media > Videos,,"Floor Sale, Formatted, Kids & Family, VHS",true,Genre,Kids & Family,,,,,,,,,0.0,shopify,1,deny,manual,5.00,,false,false,,,,,28666874,https://cdn.shopify.com/s/files/1/0671/0552/1726/files/qIJlpbMCKg9O1C7gaiyDFaUWf9b.jpg?v=1788194689,1,Operation Dumbo Drop (1995) poster,false,,,,,,,kids-family,,,,,,,,,,,,lb,,,active
honey-i-shrunk-the-kids-vhs-floor-sale-kids-family,"Honey, I Shrunk the Kids",<p>The scientist father of a teenage girl and boy accidentally shrinks his and two other neighborhood teens to the size of insects. Now the teens must fight diminutive dangers as the father searches for them.</p>,VHS,Media > Videos,,"Floor Sale, Formatted, Kids & Family, VHS",true,Genre,Kids & Family,,,,,,,,,0.0,shopify,1,deny,manual,7.00,,false,false,,,,,28765178,https://cdn.shopify.com/s/files/1/0671/0552/1726/files/omQOzahi2NIeiYznNxHFDvNbvo6.jpg?v=1788194688,1,"Honey, I Shrunk the Kids (1989) poster",false,,,,,,,kids-family,,,,,,,,,,,,lb,,,active
old-yeller-vhs-floor-sale-kids-family,Old Yeller,"<p>Young Travis Coates is left to take care of the family ranch with his mother and younger brother while his father goes off on a cattle drive in the 1860s. When a yellow mongrel comes for an uninvited stay with the family, Travis reluctantly adopts the dog.</p>",VHS,Media > Videos,,"Floor Sale, Formatted, Kids & Family, VHS",true,Genre,Kids & Family,,,,,,,,,0.0,shopify,1,deny,manual,7.00,,false,false,,,,,28797946,https://cdn.shopify.com/s/files/1/0671/0552/1726/files/Xe7AB0ffhGPSdBZ4qJ9AKJfllL.jpg?v=1788194687,1,Old Yeller (1957) poster,false,,,,,,,kids-family,,,,,,,,,,,,lb,,,active
unstrung-heros-vhs-floor-sale-drama,Unstrung Heros,"<p>Unstrung Heroes is a 1995 American comedy-drama directed by Diane Keaton, about a boy who moves in with his eccentric uncles while his mother is ill.</p>",VHS,Media > Videos,,"Drama, Floor Sale, Formatted, VHS",true,Genre,Drama,,,,,,,,,0.0,shopify,1,deny,manual,5.00,,false,false,,,,,28830714,https://cdn.shopify.com/s/files/1/0671/0552/1726/files/Unstrung_Heroes_poster.jpg?v=1788272141,1,Unstrung Heros poster,false,,,,,,,drama,,,,,,,,,,,,lb,,,active
kicked-in-the-head-vhs-floor-sale-comedy,Kicked in the Head,"<p>When Redmond finds himself out of home and job, his life becomes a series of unpredictable escapades - from dodging gunfire after his uncle makes him deliver a highly suspicious package to pursuing a moody stewardess he thinks has come to save him. Soon Redmond begins to suspect his road of mishap might actually be the path to the truth he has been seeking all along.</p>",VHS,Media > Videos,,"Comedy, Floor Sale, Formatted, VHS",true,Genre,Comedy,,,,,,,,,0.0,shopify,1,deny,manual,5.00,,false,false,,,,,28863482,https://cdn.shopify.com/s/files/1/0671/0552/1726/files/jJVtdeWddiarPpWgSnEBXEJAsz4.jpg?v=1788194687,1,Kicked in the Head (1997) poster,false,,,,,,,comedy,,,,,,,,,,,,lb,,,active
brian-wilson-i-just-wasnt-made-for-these-times-vhs-floor-sale-documentary,Brian Wilson: I Just Wasn't Made for These Times,"<p>I Just Wasn't Made for These Times is a documentary about the life of Brian Wilson, the musical mastermind and songwriter for the Beach Boys. The film examines the ups and downs of Wilson's life, including the early years of the Beach Boys, his years of substance abuse, and his long road to recovery.</p>",VHS,Media > Videos,,"Documentary, Floor Sale, Formatted, VHS",true,Genre,Documentary,,,,,,,,,0.0,shopify,1,deny,manual,10.00,,false,false,,,,,28896250,https://cdn.shopify.com/s/files/1/0671/0552/1726/files/pHUf9k7StrcxxgaZufqwAsp0Roc.jpg?v=1788194686,1,Brian Wilson: I Just Wasn't Made for These Times (1995) poster,false,,,,,,,documentary,,,,,,,,,,,,lb,,,active
2000-leagues-under-the-sea-vhs-floor-sale-kids-family,2000 Leagues Under the Sea,"<p>20,000 Leagues Under the Sea is a 1954 Walt Disney science fiction adventure film adapted from Jules Verne's novel.</p>",VHS,Media > Videos,,"Floor Sale, Formatted, Kids & Family, VHS",true,Genre,Kids & Family,,,,,,,,,0.0,shopify,1,deny,manual,8.00,,false,false,,,,,28994554,https://cdn.shopify.com/s/files/1/0671/0552/1726/files/20000leaguesposter.jpg?v=1788272140,1,2000 Leagues Under the Sea poster,false,,,,,,,kids-family,,,,,,,,,,,,lb,,,active
grace-of-my-heart-vhs-floor-sale-drama,Grace of my Heart,"<p>Philadelphia teenager Edna Buxton wins a talent contest during the early rock 'n' roll era, changes her name to Denise Waverly and moves to New York City to make it big. Though she flops as a recording artist, fast-talking record producer Joel Millner recognizes her songwriting talent and teams her with struggling songsmith Howard Caszatt.</p>",VHS,Media > Videos,,"Drama, Floor Sale, Formatted, VHS",true,Genre,Drama,,,,,,,,,0.0,shopify,1,deny,manual,6.00,,false,false,,,,,29027322,https://cdn.shopify.com/s/files/1/0671/0552/1726/files/fkgVjmbN9VdBxguNi6tz6lb3sDu.jpg?v=1788194685,1,Grace of my Heart (1996) poster,false,,,,,,,drama,,,,,,,,,,,,lb,,,active
prince-caspian-and-the-voyage-of-the-dawn-treader-vhs-floor-sale-kids-family,Prince Caspian and the Voyage of the Dawn Treader,,VHS,Media > Videos,,"Floor Sale, Formatted, Kids & Family, VHS",true,Genre,Kids & Family,,,,,,,,,0.0,shopify,1,deny,manual,7.00,,false,false,,,,,29060090,,,,false,,,,,,,kids-family,,,,,,,,,,,,lb,,,active
the-king-and-i-vhs-floor-sale-musical,The King and I,"<p>Widowed Welsh mother Anna Loenowens becomes a governess and English tutor to the wives and many children of the stubborn King Mongkut of Siam. Anna and the King have a clash of personalities as she works to teach the royal family about the English language, customs and etiquette, and rushes to prepare a party for a group of European diplomats who must change their opinions about the King.</p>",VHS,Media > Videos,,"Floor Sale, Formatted, Musical, VHS",true,Genre,Musical,,,,,,,,,0.0,shopify,1,deny,manual,5.00,,true,true,,,,,29125626,https://cdn.shopify.com/s/files/1/0671/0552/1726/files/kbEA2LEFh1MX9EraNQSiq9ajs24.jpg?v=1788267219,1,The King and I (1999) poster,false,,,,,,,musical,,,,,,,,,,,,lb,,,active
two-brothers-vhs-floor-sale-kids-family,Two Brothers,"<p>Two tigers are separated as cubs and taken into captivity, only to be reunited years later as enemies by an explorer (Pearce) who inadvertently forces them to fight each other.</p>",VHS,Media > Videos,,"Floor Sale, Formatted, Kids & Family, VHS",true,Genre,Kids & Family,,,,,,,,,0.0,shopify,1,deny,manual,5.00,,true,true,,,,,29158394,https://cdn.shopify.com/s/files/1/0671/0552/1726/files/5I2pRuJI3SZVsxP5iaorGaczzkI_6c266fe7-bd41-453c-80c4-ab4d8f3832ee.jpg?v=1788267218,1,Two Brothers (2004) poster,false,,,,,,,kids-family,,,,,,,,,,,,lb,,,active
fly-away-home-vhs-floor-sale-kids-family,Fly Away Home,"<p>Amy is only 13 years old when her mother is killed. She goes to Canada to live with her father, an eccentric inventor whom she barely knows. Amy is miserable in her new life... until she discovers a nest of goose eggs that were abandoned when a local forest was torn down. The eggs hatch and Amy becomes ""Mama Goose"". When winter comes, Amy and her dad must find a way to lead the birds South.</p>",VHS,Media > Videos,,"Floor Sale, Formatted, Kids & Family, VHS",true,Genre,Kids & Family,,,,,,,,,0.0,shopify,1,deny,manual,5.00,,true,true,,,,,29289466,https://cdn.shopify.com/s/files/1/0671/0552/1726/files/obcQJkZB2OsRxd5GWIcQ5Qjv4YW_96230bc2-d3fb-4f25-acda-a29d729aef2f.jpg?v=1788267217,1,Fly Away Home (1996) poster,false,,,,,,,kids-family,,,,,,,,,,,,lb,,,active
the-three-lives-of-thomasina-vhs-floor-sale-kids-family,The Three Lives of Thomasina,<p>Thomasina the cat brings a family together through her mysterious death and reappearance.</p>,VHS,Media > Videos,,"Floor Sale, Formatted, Kids & Family, VHS",true,Genre,Kids & Family,,,,,,,,,0.0,shopify,1,deny,manual,5.00,,false,false,,,,,29355002,https://cdn.shopify.com/s/files/1/0671/0552/1726/files/7yptSpeO8RYS8vHP2k5zttJxQpV.jpg?v=1788194685,1,The Three Lives of Thomasina (1963) poster,false,,,,,,,kids-family,,,,,,,,,,,,lb,,,active
snow-white-the-three-stooges-vhs-floor-sale-kids-family,Snow White & The Three Stooges,"<p>Once upon a time, in the kingdom of Fortunia, a noble king and his lovely young queen lack but one blessing to make their joy complete. The queen gives birth to a daughter named Snow White, but dies soon after. The king mourns her, but in time, he remarries because of the pleading of his people. His new queen is a beautiful, but evil woman who soon becomes jealous of Snow White's beauty.</p>",VHS,Media > Videos,,"Floor Sale, Formatted, Kids & Family, VHS",true,Genre,Kids & Family,,,,,,,,,0.0,shopify,1,deny,manual,5.00,,false,false,,,,,29387770,https://cdn.shopify.com/s/files/1/0671/0552/1726/files/kL6N5WKOTWKPbyPzwrDnt30b9lM_4d55ab87-2b6f-4f5c-a2d8-262324b33ca9.jpg?v=1788194684,1,Snow White & The Three Stooges (1961) poster,false,,,,,,,kids-family,,,,,,,,,,,,lb,,,active
the-golden-seal-vhs-floor-sale-kids-family,The Golden Seal,"<p>A lonely 10-year-old boy living with his parents in a remote coastal part of Alaksa, spontaneously finds a legendary golden seal and her newborn pup. But the greed for her valuable pelt sets off the hunters, including his own father, the local natives, and an ambitious poacher in pursuit the seal. The golden seal and her cub are hunted for a huge bounty on her head and the mythological legend</p>",VHS,Media > Videos,,"Floor Sale, Formatted, Kids & Family, VHS",true,Genre,Kids & Family,,,,,,,,,0.0,shopify,1,deny,manual,5.00,,true,true,,,,,29453306,https://cdn.shopify.com/s/files/1/0671/0552/1726/files/pOoioeuZo5WGd0BZhMTsnYu0gbw.jpg?v=1788267218,1,The Golden Seal (1983) poster,false,,,,,,,kids-family,,,,,,,,,,,,lb,,,active
40-days-and-40-night-vhs-floor-sale-comedy,40 Days and 40 Night,"<p>Matt Sullivan's last big relationship ended in disaster and ever since his heart's been aching and his commitment's been lacking. Then came Lent, that time of year when everybody gives something up. That's when Matt decides to go where no man's gone before and make a vow: No sex. Whatsoever. For 40 straight days. At first he has everything under control. That is until the woman of his dreams, Erica, walks into his life.</p>",VHS,Media > Videos,,"Comedy, Floor Sale, Formatted, VHS",true,Genre,Comedy,,,,,,,,,0.0,shopify,1,deny,manual,6.00,,false,false,,,,,29486074,https://cdn.shopify.com/s/files/1/0671/0552/1726/files/pQTZX4gOEEkkMVFIRWtIrCpozeu.jpg?v=1788194683,1,40 Days and 40 Night (2002) poster,false,,,,,,,comedy,,,,,,,,,,,,lb,,,active
heart-beat-vhs-floor-sale-drama,Heart Beat,"<p>An exploration of the relationship between Beat Generation writers Jack Kerouac and Neal Cassady, and Cassady's wife, Carolyn.</p>",VHS,Media > Videos,,"Drama, Floor Sale, Formatted, VHS",true,Genre,Drama,,,,,,,,,0.0,shopify,1,deny,manual,5.00,,true,true,,,,,29518842,https://cdn.shopify.com/s/files/1/0671/0552/1726/files/1UpksjhMB9f1XWQZOvKF5cNtNrn.jpg?v=1788267218,1,Heart Beat (1980) poster,false,,,,,,,drama,,,,,,,,,,,,lb,,,active
holiday-in-the-sun-vhs-floor-sale-kids-family,Holiday in the Sun,<p>Sisters Alex and Madison are whisked away to the Bahamas for winter break but soon find themselves crossing paths with a man smuggling stolen artifacts.</p>,VHS,Media > Videos,,"Floor Sale, Formatted, Kids & Family, VHS",true,Genre,Kids & Family,,,,,,,,,0.0,shopify,1,deny,manual,5.00,,false,false,,,,,29551610,https://cdn.shopify.com/s/files/1/0671/0552/1726/files/vTeilhjA4cZOZWFxBxh5arrv0hk_3a29bec3-3e43-46e5-b18d-a729833dc74c.jpg?v=1788194682,1,Holiday in the Sun (2001) poster,false,,,,,,,kids-family,,,,,,,,,,,,lb,,,active
lets-talk-about-sex-vhs-floor-sale-comedy,Let's Talk About Sex,"<p>Woman interviews her friends, talking about sex.</p>",VHS,Media > Videos,,"Comedy, Floor Sale, Formatted, VHS",true,Genre,Comedy,,,,,,,,,0.0,shopify,1,deny,manual,6.00,,false,false,,,,,29584378,https://cdn.shopify.com/s/files/1/0671/0552/1726/files/59uXfJH41SvByO9CXfQ5ATkEN26.jpg?v=1788194682,1,Let's Talk About Sex (1998) poster,false,,,,,,,comedy,,,,,,,,,,,,lb,,,active
titanic-collectors-edition-vhs-floor-sale-drama,Titanic Collector's Edition,"<p>101-year-old Rose DeWitt Bukater tells the story of her life aboard the Titanic, 84 years later. A young Rose boards the ship with her mother and fiancé. Meanwhile, Jack Dawson and Fabrizio De Rossi win third-class tickets aboard the ship. Rose tells the whole story from Titanic's departure through to its death—on its first and last voyage—on April 15, 1912.</p>",VHS,Media > Videos,,"Drama, Floor Sale, Formatted, VHS",true,Genre,Drama,,,,,,,,,0.0,shopify,1,deny,manual,11.00,,true,true,,,,,86221306,https://cdn.shopify.com/s/files/1/0671/0552/1726/files/9xjZS2rlVxm8SFx8kPC3aIGCOYQ.jpg?v=1788267216,1,Titanic (1997) poster,false,,,,,,,drama,,,,,,,,,,,,lb,,,active
saving-silverman-dvd-floor-sale-comedy,Saving Silverman,"<p>A pair of buddies conspire to save their best friend from marrying the wrong woman, a cold-hearted beauty who snatches him from them and breaks up their Neil Diamond cover band.</p>",DVD,Media > Videos,,"Comedy, DVD, Floor Sale, Formatted",true,Genre,Comedy,,,,,,,,,0.0,shopify,1,deny,manual,6.00,,false,false,,,,,86254074,https://cdn.shopify.com/s/files/1/0671/0552/1726/files/5mq8J11266ZL7HCOwDGXoaU6eIO_07929e43-ca0d-4009-b9da-c0397009e230.jpg?v=1788194680,1,Saving Silverman (2001) poster,false,,,,,,,comedy,,,,,,,,,,,,lb,,,active
kicking-and-screaming-criterion-dvd-floor-sale-comedy,Kicking and Screaming (Criterion),"<p>Kicking and Screaming is a 1995 American romantic comedy-drama, Noah Baumbach's feature directorial debut, following a group of recent college graduates reluctant to move on with their lives.</p>",DVD,Media > Videos,,"Comedy, DVD, Floor Sale, Formatted",true,Genre,Comedy,,,,,,,,,0.0,shopify,1,deny,manual,7.00,,false,false,,,,,86385146,https://cdn.shopify.com/s/files/1/0671/0552/1726/files/Kicking_and_Screaming__281995_film_29_poster.jpg?v=1788272138,1,Kicking and Screaming (Criterion) poster,false,,,,,,,comedy,,,,,,,,,,,,lb,,,active
youve-got-mail-dvd-floor-sale-comedy,You've Got Mail,<p>Book superstore magnate Joe Fox and independent book shop owner Kathleen Kelly fall in love in the anonymity of the Internet—both blissfully unaware that he's trying to put her out of business.</p>,DVD,Media > Videos,,"Comedy, DVD, Floor Sale, Formatted",true,Genre,Comedy,,,,,,,,,0.0,shopify,1,deny,manual,6.00,,true,true,,,,,86417914,https://cdn.shopify.com/s/files/1/0671/0552/1726/files/e2uVtH6TpMfUl7WeOM70ezkcjsU_f4e1af8d-507e-463e-8c0a-37aa6dda185e.jpg?v=1788267215,1,You've Got Mail (1998) poster,false,,,,,,,comedy,,,,,,,,,,,,lb,,,active
the-paint-job-vhs-floor-sale-thriller,The Paint Job,"<p>The peaceful existence of a suburban backwater is disrupted when Wesley, a troubled housepainter falls for Margaret, the sensitive wife of his boss, Willie. In a small town nothing stays a secret for long however, and as each becomes more suspicious of the other underlying tensions culminate in a bizarre orgy of violence.</p>",VHS,Media > Videos,,"Floor Sale, Formatted, Thriller, VHS",true,Genre,Thriller,,,,,,,,,0.0,shopify,1,deny,manual,34.00,,false,false,,,,,21143802,https://cdn.shopify.com/s/files/1/0671/0552/1726/files/3o8WGW9L07n1qxIUk0YVD4VGJg7_b3d67390-a207-4a29-a480-25eee8854e0f.jpg?v=1788194679,1,The Paint Job (1993) poster,false,,,,,,,thriller,,,,,,,,,,,,lb,,,active
the-recruit-vhs-floor-sale-thriller,The Recruit,"<p>A brilliant CIA trainee must prove his worth at the Farm, the agency's secret training grounds, where he learns to watch his back and trust no one.</p>",VHS,Media > Videos,,"Floor Sale, Formatted, Thriller, VHS",true,Genre,Thriller,,,,,,,,,0.0,shopify,1,deny,manual,5.00,,true,true,,,,,21209338,https://cdn.shopify.com/s/files/1/0671/0552/1726/files/xInKytrHV3EJeCAulOpn5Q0bMxh.jpg?v=1788267214,1,The Recruit (2003) poster,false,,,,,,,thriller,,,,,,,,,,,,lb,,,active
what-lies-beneath-vhs-floor-sale-thriller,What Lies Beneath,<p>Norman and Claire Spencer are a seemingly happily married couple who uncover a terrible secret… a secret so disturbing it threatens to destroy them.</p>,VHS,Media > Videos,,"Floor Sale, Formatted, Thriller, VHS",true,Genre,Thriller,,,,,,,,,0.0,shopify,1,deny,manual,8.00,,false,false,,,,,21274874,https://cdn.shopify.com/s/files/1/0671/0552/1726/files/2L3Cn0CizbSy2E9KJt1SiOSyb6p_773b4abd-1b4d-44d5-89e4-4078584324f7.jpg?v=1788194679,1,What Lies Beneath (2000) poster,false,,,,,,,thriller,,,,,,,,,,,,lb,,,active
mr-murder-vhs-floor-sale-thriller,Mr. Murder,"<p>A group of scientists are trying to produce the perfect soldier by cloning. The day the clone is born, Marty Stillwater, a mystery novel writer, feels that something strange is going on inside his body and mind. Seven years later, Marty discovers that his double has his same physical appearance but has the personality of a murderer.</p>",VHS,Media > Videos,,"Floor Sale, Formatted, Thriller, VHS",true,Genre,Thriller,,,,,,,,,0.0,shopify,1,deny,manual,6.00,,true,true,,,,,21307642,https://cdn.shopify.com/s/files/1/0671/0552/1726/files/dImAy74gSExrCLdC95WuRQHbLCW.jpg?v=1788267214,1,Mr. Murder (1998) poster,false,,,,,,,thriller,,,,,,,,,,,,lb,,,active
punch-the-clock-vhs-floor-sale-thriller,Punch the Clock,"<p>She's a world class car thief. He's a bail interviewer. When they met, danger fired their passion. When they fell in love it was a matter of life and death.</p>",VHS,Media > Videos,,"Floor Sale, Formatted, Thriller, VHS",true,Genre,Thriller,,,,,,,,,0.0,shopify,1,deny,manual,6.00,,true,true,,,,,21340410,https://cdn.shopify.com/s/files/1/0671/0552/1726/files/v531hLnI3Y1LbZFSPAxAL2CCi1W.jpg?v=1788267214,1,Punch the Clock (1989) poster,false,,,,,,,thriller,,,,,,,,,,,,lb,,,active
livin-the-blues-vhs-floor-sale-thriller,Livin' the Blues,,VHS,Media > Videos,,"Floor Sale, Formatted, Thriller, VHS",true,Genre,Thriller,,,,,,,,,0.0,shopify,1,deny,manual,24.00,,false,false,,,,,21635322,,,,false,,,,,,,thriller,,,,,,,,,,,,lb,,,active
pacific-heights-vhs-floor-sale-thriller,Pacific Heights,<p>A couple works hard to renovate their dream house and become landlords to pay for it. Unfortunately one of their tenants has plans of his own.</p>,VHS,Media > Videos,,"Floor Sale, Formatted, Thriller, VHS",true,Genre,Thriller,,,,,,,,,0.0,shopify,1,deny,manual,8.00,,false,false,,,,,21766394,https://cdn.shopify.com/s/files/1/0671/0552/1726/files/9iHD6xIrGSuuMEFWhwSVGXSddY2_7899831d-5913-414b-b84d-6c74f5e6c256.jpg?v=1788194678,1,Pacific Heights (1990) poster,false,,,,,,,thriller,,,,,,,,,,,,lb,,,active
the-killers-vhs-floor-sale-thriller,The Killers,"<p>Two hit men walk into a diner asking for a man called ""the Swede"". When the killers find the Swede, he's expecting them and doesn't put up a fight. Since the Swede had a life insurance policy, an investigator, on a hunch, decides to look into the murder. As the Swede's past is laid bare, it comes to light that he was in love with a beautiful woman who may have lured him into pulling off a bank robbery overseen by another man.</p>",VHS,Media > Videos,,"Floor Sale, Formatted, Thriller, VHS",true,Genre,Thriller,,,,,,,,,0.0,shopify,1,deny,manual,18.00,,true,true,,,,,21799162,https://cdn.shopify.com/s/files/1/0671/0552/1726/files/uXnuc6pW01s1MDwb6QwBWg2JQeX.jpg?v=1788267212,1,The Killers (1946) poster,false,,,,,,,thriller,,,,,,,,,,,,lb,,,active
high-frequency-vhs-floor-sale-thriller,High Frequency,<p>A boy who operates a ham radio and a man who works at a satellite relay station witness the same murder thousands of miles apart and have to figure out how to warn the next potential victim.</p>,VHS,Media > Videos,,"Floor Sale, Formatted, Thriller, VHS",true,Genre,Thriller,,,,,,,,,0.0,shopify,1,deny,manual,10.00,,false,false,,,,,21831930,https://cdn.shopify.com/s/files/1/0671/0552/1726/files/mkkEzft79wR1Ms6uHaTcV8kt6km.jpg?v=1788194678,1,High Frequency (1988) poster,false,,,,,,,thriller,,,,,,,,,,,,lb,,,active
the-good-son-vhs-floor-sale-thriller,The Good Son,"<p>A young boy stays with his aunt and uncle, and befriends his cousin who's the same age. But his cousin begins showing increasing signs of psychotic behavior.</p>",VHS,Media > Videos,,"Floor Sale, Formatted, Thriller, VHS",true,Genre,Thriller,,,,,,,,,0.0,shopify,1,deny,manual,8.00,,true,true,,,,,21864698,https://cdn.shopify.com/s/files/1/0671/0552/1726/files/6jZ1eef6SCVSMb4o1pSHHq84Nyf.jpg?v=1788267211,1,The Good Son (1993) poster,false,,,,,,,thriller,,,,,,,,,,,,lb,,,active
intacto-vhs-floor-sale-thriller,Intacto,<p>An enigmatic tale of four people whose lives are intertwined by destiny are subject to the laws of fate. They discover that luck is something they cannot afford to be without as they gamble with the highest stakes possible in a deadly game from which only one of them will emerge intact.</p>,VHS,Media > Videos,,"Floor Sale, Formatted, Thriller, VHS",true,Genre,Thriller,,,,,,,,,0.0,shopify,1,deny,manual,8.00,,false,false,,,,,22094074,https://cdn.shopify.com/s/files/1/0671/0552/1726/files/gAe6KmVojjHLmdhPZhYDMTmaiM1_09453150-84fd-45d2-80d2-323cb8cbd354.jpg?v=1788194676,1,Intacto (2001) poster,false,,,,,,,thriller,,,,,,,,,,,,lb,,,active
when-the-sky-falls-vhs-floor-sale-thriller,When the Sky Falls,"<p>Fact-based story about Irish crime-investigating reporter Sinead Hamilton, who invaded the Irish underworld and attempted to expose the illegitimate activities she found. Hampered by the system, a police consort is ineffectual at aiding her despite trying to step outside of the normal bounds. Kevin McNally plays her husband, who hates her activities and the danger in which she places herself. Nonetheless, he grudgingly admires her persistence and encourages her investigation.</p>",VHS,Media > Videos,,"Floor Sale, Formatted, Thriller, VHS",true,Genre,Thriller,,,,,,,,,0.0,shopify,1,deny,manual,5.00,,false,false,,,,,22126842,https://cdn.shopify.com/s/files/1/0671/0552/1726/files/oz6eg9X5XU7Aq8eVTYoP4Ic6rMw_ce313489-c826-49f5-8232-646530515bf1.jpg?v=1788194676,1,When the Sky Falls (2000) poster,false,,,,,,,thriller,,,,,,,,,,,,lb,,,active
mindgames-vhs-floor-sale-thriller,Mindgames,"<p>To save their marriage, Rita and Dana Lund set off on a family camping trip through California. At a campsite they meet a hitch-hiker, Eric, who befriends their son. Against Rita's wishes, Dana takes asks him to tag along with them, not knowing that he's a brutal psychopath.</p>",VHS,Media > Videos,,"Floor Sale, Formatted, Thriller, VHS",true,Genre,Thriller,,,,,,,,,0.0,shopify,1,deny,manual,12.00,,false,false,,,,,22192378,https://cdn.shopify.com/s/files/1/0671/0552/1726/files/qkGpAydVqAdgliPh4Hou6QgPim5.jpg?v=1788194675,1,Mindgames (1989) poster,false,,,,,,,thriller,,,,,,,,,,,,lb,,,active
pi-private-investigations-vhs-floor-sale-thriller,P.I. Private Investigations,<p>A young architect finds himself being stalked by a gang of criminals who believe he knows something that could expose their activities.</p>,VHS,Media > Videos,,"Floor Sale, Formatted, Thriller, VHS",true,Genre,Thriller,,,,,,,,,0.0,shopify,1,deny,manual,8.00,,false,false,,,,,22880506,https://cdn.shopify.com/s/files/1/0671/0552/1726/files/ruM7KI66rpPFNFRPvk2JEoueK8V.jpg?v=1788194674,1,P.I. Private Investigations (1987) poster,false,,,,,,,thriller,,,,,,,,,,,,lb,,,active
judgement-vhs-floor-sale-thriller,Judgement,<p>A juvenile court judge goes out of her way to try to aid a young man whom she believes has innocently gotten involved with a gang.</p>,VHS,Media > Videos,,"Floor Sale, Formatted, Thriller, VHS",true,Genre,Thriller,,,,,,,,,0.0,shopify,1,deny,manual,6.00,,true,true,,,,,22913274,https://cdn.shopify.com/s/files/1/0671/0552/1726/files/4fYykFD2lyc1Xp2aIoHIw6TLwTR.jpg?v=1788267211,1,Judgement (1992) poster,false,,,,,,,thriller,,,,,,,,,,,,lb,,,active
death-benefit-vhs-floor-sale-thriller,Death Benefit,<p>Steven Keeney is a big corporate lawyer who decides to take on a small-time murder case to discover the true circumstances behind the death of a young girl. Virginia McGinnis is the one suspected of pushing the women off the cliff to collect on a small insurance policy. The further he goes into the case the more he reveals about the background of the suspect. Keeney finds support from others who also want to find out the truth behind the case.</p>,VHS,Media > Videos,,"Floor Sale, Formatted, Thriller, VHS",true,Genre,Thriller,,,,,,,,,0.0,shopify,1,deny,manual,5.00,,false,false,,,,,22946042,https://cdn.shopify.com/s/files/1/0671/0552/1726/files/26FCAZaxv8dK26wHaQ2ZEF9lwdY_68e78881-d970-4e3d-a438-169936ec4e77.jpg?v=1788194673,1,Death Benefit (1996) poster,false,,,,,,,thriller,,,,,,,,,,,,lb,,,active
judicial-consent-vhs-floor-sale-thriller,Judicial Consent,"<p>Judge Gwen Warwick becomes involved in the murder trial she has been assigned. Her marriage is on the rocks and the murder victim is an old friend, who rumour has it, had an affair with her.</p>",VHS,Media > Videos,,"Floor Sale, Formatted, Thriller, VHS",true,Genre,Thriller,,,,,,,,,0.0,shopify,1,deny,manual,9.00,,false,false,,,,,22978810,https://cdn.shopify.com/s/files/1/0671/0552/1726/files/ddDpevK2L5KxWJplgCm9pfJdzGF.jpg?v=1788194672,1,Judicial Consent (1994) poster,false,,,,,,,thriller,,,,,,,,,,,,lb,,,active
dead-sleep-vhs-floor-sale-horror,Dead Sleep,<p>A new nurse arrives at a private clinic and discovers that the renowned resident psychiatrist is treating short-term patients with a combination of coma-like sedation and electroconvulsive therapy.</p>,VHS,Media > Videos,,"Floor Sale, Formatted, Horror, VHS",true,Genre,Horror,,,,,,,,,0.0,shopify,1,deny,manual,8.00,,false,false,,,,,44081402,https://cdn.shopify.com/s/files/1/0671/0552/1726/files/fLkdaaLhdlXCuUkVLSfiGVYx5Vk.jpg?v=1788194672,1,Dead Sleep (1990) poster,false,,,,,,,horror,,,,,,,,,,,,lb,,,active
through-naked-eyes-vhs-floor-sale-thriller,Through Naked Eyes,"<p>A musician living in an apartment building likes to check out the residents of the building opposite him--until he finds out one day that an attractive woman in that building is checking him out. He strikes up a relationship with her. Soon afterwards a string of serial killings occurs in the neighborhood, and suspicion begins to fall on the musician.</p>",VHS,Media > Videos,,"Floor Sale, Formatted, Thriller, VHS",true,Genre,Thriller,,,,,,,,,0.0,shopify,1,deny,manual,6.00,,false,false,,,,,44212474,https://cdn.shopify.com/s/files/1/0671/0552/1726/files/7GoELkXCkFmX1NVL747zm4rerHp.jpg?v=1788194671,1,Through Naked Eyes (1983) poster,false,,,,,,,thriller,,,,,,,,,,,,lb,,,active
the-girl-in-a-swing-vhs-floor-sale-thriller,The Girl in a Swing,"<p>A London art broker goes to Copenhagen where he requires the services of a secretary fluent in Danish, English, and German. He falls deeply in love with the woman, despite the fact that he knows virtually nothing about her. She insists on not being married in a church, and after they are married, some bad things from her past begin surfacing in subtly supernatural ways, and he must find the best way to deal with them without destroying their relationship.</p>",VHS,Media > Videos,,"Floor Sale, Formatted, Thriller, VHS",true,Genre,Thriller,,,,,,,,,0.0,shopify,1,deny,manual,8.00,,false,false,,,,,44278010,https://cdn.shopify.com/s/files/1/0671/0552/1726/files/k4T5l7RUhZ6TJsGaRjSKxmIIC9A.jpg?v=1788194670,1,The Girl in a Swing (1988) poster,false,,,,,,,thriller,,,,,,,,,,,,lb,,,active
rick-vhs-floor-sale-thriller,Rick,"<p>""Rigoletto"" retold at Christmas time in Manhattan's corporate world. Rick, an executive at Image, is a jerk to a woman applying for a job. That evening, he's out for drinks with his much younger boss, Duke, and the same women is their waitress. Rick's continued rudeness leads to her getting fired. She puts a curse on him. A potential rift with Duke quickly surfaces; Rick is approached by the hail-</p>",VHS,Media > Videos,,"Floor Sale, Formatted, Thriller, VHS",true,Genre,Thriller,,,,,,,,,0.0,shopify,1,deny,manual,5.00,,true,true,,,,,44343546,https://cdn.shopify.com/s/files/1/0671/0552/1726/files/j9srZPOTFsyHovXO9hJso3GrT2F.jpg?v=1788267211,1,Rick (2003) poster,false,,,,,,,thriller,,,,,,,,,,,,lb,,,active
perfect-family-vhs-floor-sale-thriller,Perfect Family,"<p>Maggie, a recent widower, hires a housekeeper, Janice, to help her with chores taking care of her two young daughters. With Janice comes her brother Allan who is an alcoholic haunted by the deaths of his wife and daughter. Love blooms between Maggie and Allan much to the dismay of Janice. However, as time wears on the mystery surrounding Allan begins to fall away.</p>",VHS,Media > Videos,,"Floor Sale, Formatted, Thriller, VHS",true,Genre,Thriller,,,,,,,,,0.0,shopify,1,deny,manual,5.00,,false,false,,,,,44376314,https://cdn.shopify.com/s/files/1/0671/0552/1726/files/hSznnIDBGV4VA57DUVsNe3ev8K9.jpg?v=1788194669,1,Perfect Family (1992) poster,false,,,,,,,thriller,,,,,,,,,,,,lb,,,active
the-sender-vhs-floor-sale-horror,The Sender,<p>A disturbed telepathic man is able to transmit his dreams and visions into the minds of the people around him.</p>,VHS,Media > Videos,,"Floor Sale, Formatted, Horror, VHS",true,Genre,Horror,,,,,,,,,0.0,shopify,1,deny,manual,15.00,,true,true,,,,,44441850,https://cdn.shopify.com/s/files/1/0671/0552/1726/files/t1gAtGXv74SA3JP4tTHXKt5oRy5.jpg?v=1788267211,1,The Sender (1982) poster,false,,,,,,,horror,,,,,,,,,,,,lb,,,active
the-soft-kill-vhs-floor-sale-thriller,The Soft Kill,"<p>Private investigator and former police detective Jack Ramsey is enjoying an affair with the local district attorney's wife, but no longer, after she is strangled soon after he has departed following a session of amorous activity.</p>",VHS,Media > Videos,,"Floor Sale, Formatted, Thriller, VHS",true,Genre,Thriller,,,,,,,,,0.0,shopify,1,deny,manual,8.00,,false,false,,,,,44507386,https://cdn.shopify.com/s/files/1/0671/0552/1726/files/aN9HHWroytSI3b8u3MBFBP1fzNz.jpg?v=1788194668,1,The Soft Kill (1994) poster,false,,,,,,,thriller,,,,,,,,,,,,lb,,,active
son-of-monte-cristo-vhs-floor-sale-thriller,Son of Monte Cristo,"<p>Rightful owner of the kingdom, the Duchess of Zona, is engaged in a power struggle with the evil General Gurko. Edmond, the son of Monte Cristo, dons many disguises to come to the aid of the Duchess.</p>",VHS,Media > Videos,,"Floor Sale, Formatted, Thriller, VHS",true,Genre,Thriller,,,,,,,,,0.0,shopify,1,deny,manual,4.00,,false,false,,,,,44540154,https://cdn.shopify.com/s/files/1/0671/0552/1726/files/9aVqZdhbcL2YSn4xcKmBn9bWNwv.jpg?v=1788194667,1,Son of Monte Cristo (1940) poster,false,,,,,,,thriller,,,,,,,,,,,,lb,,,active
jade-vhs-floor-sale-thriller,Jade,"<p>When a prominent art dealer is found murdered, the man's death leads to an intriguing investigation steeped in sex, corruption and crime. District Attorney David Corelli gets assigned to the case and discovers that a key suspect is his ex-lover Katrina Gavin, a beautiful psychologist who has settled down with his old friend and peer. As Corelli gets deeper into the case, he uncovers dark secrets with far-reaching implications.</p>",VHS,Media > Videos,,"Floor Sale, Formatted, Thriller, VHS",true,Genre,Thriller,,,,,,,,,0.0,shopify,1,deny,manual,6.00,,true,true,,,,,44671226,https://cdn.shopify.com/s/files/1/0671/0552/1726/files/8KWiZKDYpAgh8n27lanvTuDquyX.jpg?v=1788267210,1,Jade (1995) poster,false,,,,,,,thriller,,,,,,,,,,,,lb,,,active
flypaper-vhs-floor-sale-thriller,Flypaper,"<p>Greed, lust and fate bring together a motley collection of oddballs and lowlifes for some rather sticky situations in Hoch's twisted neo-noir debut. Three separate but interconnected stories, all set on a deceptively sunny day in California and centered around one million dollars in cash, inspire Hoch's quirky characters to commit acts both devious and depraved in an attempt to make the big score.</p>",VHS,Media > Videos,,"Floor Sale, Formatted, Thriller, VHS",true,Genre,Thriller,,,,,,,,,0.0,shopify,1,deny,manual,6.00,,false,false,,,,,45621498,https://cdn.shopify.com/s/files/1/0671/0552/1726/files/waNpLc3u6tIibbhrJ8DP0fh8dDm.jpg?v=1788194667,1,Flypaper (1999) poster,false,,,,,,,thriller,,,,,,,,,,,,lb,,,active
owning-mahoney-vhs-floor-sale-thriller,Owning Mahoney,"<p>Owning Mahowny is a 2003 Canadian crime drama starring Philip Seymour Hoffman, based on the true story of a bank employee who embezzled millions to fund a gambling addiction.</p>",VHS,Media > Videos,,"Floor Sale, Formatted, Thriller, VHS",true,Genre,Thriller,,,,,,,,,0.0,shopify,1,deny,manual,10.00,,false,false,,,,,45654266,https://cdn.shopify.com/s/files/1/0671/0552/1726/files/Owning_Mahowny_film.jpg?v=1788272137,1,Owning Mahoney poster,false,,,,,,,thriller,,,,,,,,,,,,lb,,,active
the-secret-agent-vhs-floor-sale-thriller,The Secret Agent,"<p>In 1880s London, pornographic bookseller Verloc is a double agent for the Russian government, providing information to Chief Inspector Heat about a lazy anarchist organization. In order for the anarchists to be arrested, an act of terrorism must occur. So Verloc decides to set up bombs – which leads to tragedy – not only for himself but also for his family, including wife Winnie and brother-in-law, Stevie.</p>",VHS,Media > Videos,,"Floor Sale, Formatted, Thriller, VHS",true,Genre,Thriller,,,,,,,,,0.0,shopify,1,deny,manual,7.00,,true,true,,,,,45719802,https://cdn.shopify.com/s/files/1/0671/0552/1726/files/tPHoV5WGQROGQmbSw4h8NGWB22c.jpg?v=1788267210,1,The Secret Agent (1996) poster,false,,,,,,,thriller,,,,,,,,,,,,lb,,,active
ministry-of-vengeance-vhs-floor-sale-thriller,Ministry of Vengeance,"<p>David Miller is a Vietnam vet who renounced violence and became a minister after he was forced to blow up a Viet Cong kid in self defense, but years later, when David's wife Gail and daughter Kim are killed by a group of terrorists led by Ali Aboud, in a massacre at an airport in Rome, Italy, David is devastated. Going against his faith, David sets out to find and kill Ali Aboud.</p>",VHS,Media > Videos,,"Floor Sale, Formatted, Thriller, VHS",true,Genre,Thriller,,,,,,,,,0.0,shopify,1,deny,manual,10.00,,false,false,,,,,45752570,https://cdn.shopify.com/s/files/1/0671/0552/1726/files/uuEDJKoXGfqIkOiaqtw4X60HPJN_90ef15ff-6303-473b-9f9b-da2262bef1ad.jpg?v=1788194666,1,Ministry of Vengeance (1989) poster,false,,,,,,,thriller,,,,,,,,,,,,lb,,,active
the-leading-man-vhs-floor-sale-thriller,The Leading Man,"<p>Successful playwright Felix Webb has a new play, 'The Hit Man', in rehearsal. Directed by his old friend Humphrey, it is already being hailed as a masterpiece; but Felix can't enjoy his success. He has fallen passionately in love with Hilary, a beautiful, fiesty young actress, and is preparing to desert his perfect family, his wife Elena and three lively children. His intolerable situation is further complicated when Humphrey casts Hilary as one of the leads in 'The Hit Man'. Enter Robin Grange, a charismatic young Hollywood actor making his London theatre debut. Robin is attractive, charming and dangerous, and soon inveigles his way into everyone's life. He ingratiates himself with the cast and, quickly grasping Felix's dilemma, sets about weaving his web of mischief. He suggests that if he were to seduce Elena, she would be distracted from Felix's affair, regain her self respect, and perhaps even willingly part from the unfaithful husband to whom she clings...</p>",VHS,Media > Videos,,"Floor Sale, Formatted, Thriller, VHS",true,Genre,Thriller,,,,,,,,,0.0,shopify,1,deny,manual,5.00,,true,true,,,,,45850874,https://cdn.shopify.com/s/files/1/0671/0552/1726/files/7Aywawe75W7VKip12gWuiBOiDiT.jpg?v=1788267210,1,The Leading Man (1996) poster,false,,,,,,,thriller,,,,,,,,,,,,lb,,,active
evidence-of-blood-vhs-floor-sale-thriller,Evidence of Blood,"<p>When a brilliant crime writer investigates a 40-year-old murder, he confronts a small town's worst fears.</p>",VHS,Media > Videos,,"Floor Sale, Formatted, Thriller, VHS",true,Genre,Thriller,,,,,,,,,0.0,shopify,1,deny,manual,5.00,,false,false,,,,,45883642,https://cdn.shopify.com/s/files/1/0671/0552/1726/files/u9bsNTCzSfQuUfkHbL4ojIaAlJB_b3951698-e2ab-4d25-8020-6b43fe6a1661.jpg?v=1788194665,1,Evidence of Blood (1998) poster,false,,,,,,,thriller,,,,,,,,,,,,lb,,,active
outisde-ozone-vhs-floor-sale-thriller,Outisde Ozona,<p>Outside Ozona is a 1998 American comedy-drama film following a group of strangers connected by the same radio station in rural Texas.</p>,VHS,Media > Videos,,"Floor Sale, Formatted, Thriller, VHS",true,Genre,Thriller,,,,,,,,,0.0,shopify,1,deny,manual,5.00,,false,false,,,,,45949178,https://cdn.shopify.com/s/files/1/0671/0552/1726/files/MV5BMTIyMjAzOTM1NF5BMl5BanBnXkFtZTcwMjA1MzcxMQ_._V1_FMjpg_UX1000.jpg?v=1788272136,1,Outisde Ozona poster,false,,,,,,,thriller,,,,,,,,,,,,lb,,,active
scarred-city-vhs-floor-sale-thriller,Scarred City,<p>A young cop gets thrown in with a special police squad who are acting as assassins against hoods and who don't care who gets in the way.</p>,VHS,Media > Videos,,"Floor Sale, Formatted, Thriller, VHS",true,Genre,Thriller,,,,,,,,,0.0,shopify,1,deny,manual,5.00,,false,false,,,,,45981946,https://cdn.shopify.com/s/files/1/0671/0552/1726/files/9reNnERfrAeXAkYbl8bCHtJiuJO.jpg?v=1788194664,1,Scarred City (1998) poster,false,,,,,,,thriller,,,,,,,,,,,,lb,,,active
death-and-the-maiden-vhs-floor-sale-thriller,Death and the Maiden,<p>A political activist is convinced that her guest is a man who once tortured her for the government.</p>,VHS,Media > Videos,,"Floor Sale, Formatted, Thriller, VHS",true,Genre,Thriller,,,,,,,,,0.0,shopify,1,deny,manual,8.00,,true,true,,,,,46047482,https://cdn.shopify.com/s/files/1/0671/0552/1726/files/yrGpwavZwfprhjVRHMHc165q22u.jpg?v=1788267209,1,Death and the Maiden (1994) poster,false,,,,,,,thriller,,,,,,,,,,,,lb,,,active
desire-and-hell-at-sunset-motel-vhs-floor-sale-thriller,Desire and Hell at Sunset Motel,"<p>Right after Disneyland opens in Anaheim, California, in 1955, a toy salesman in town for a convention brings his wife with him so they can both go to Disneyland. They stay at a rundown place called the Sunset Motel nearby. Soon the wife is having an affair with a man staying at the motel. The husband hires a psychotic criminal to spy on them, the wife and her lover plan to murder the husband, and the voyeuristic motel manager is spying on everybody.</p>",VHS,Media > Videos,,"Floor Sale, Formatted, Thriller, VHS",true,Genre,Thriller,,,,,,,,,0.0,shopify,1,deny,manual,18.00,,false,false,,,,,46113018,https://cdn.shopify.com/s/files/1/0671/0552/1726/files/e3k1XzbZ94Rxqm5VViWRntswiJT_712957b9-0815-4a82-9396-06f17624974a.jpg?v=1788194663,1,Desire and Hell at Sunset Motel (1992) poster,false,,,,,,,thriller,,,,,,,,,,,,lb,,,active
remember-the-titans-vhs-floor-sale-drama,Remember the Titans,"<p>After leading his football team to 15 winning seasons, coach Bill Yoast is demoted and replaced by Herman Boone – tough, opinionated and as different from the beloved Yoast as he could be. The two men learn to overcome their differences and turn a group of hostile young men into champions.</p>",VHS,Media > Videos,,"Drama, Floor Sale, Formatted, VHS",true,Genre,Drama,,,,,,,,,0.0,shopify,1,deny,manual,6.00,,false,false,,,,,76693498,https://cdn.shopify.com/s/files/1/0671/0552/1726/files/825ohvC4wZ3gCuncCaqkWeQnK8h_b29e1d0a-d64a-4733-a114-d82f1fa8712f.jpg?v=1788194663,1,Remember the Titans (2000) poster,false,,,,,,,drama,,,,,,,,,,,,lb,,,active
cliffhanger-vhs-floor-sale-action,Cliffhanger,"<p>A year after losing his friend in a tragic 4,000-foot fall, former ranger Gabe Walker and his partner, Hal, are called to return to the same peak to rescue a group of stranded climbers, only to learn the climbers are actually thieving hijackers who are looking for boxes full of money.</p>",VHS,Media > Videos,,"Action, Floor Sale, Formatted, VHS",true,Genre,Action,,,,,,,,,0.0,shopify,1,deny,manual,8.00,,false,false,,,,,76726266,https://cdn.shopify.com/s/files/1/0671/0552/1726/files/b28DOM54OHb1c7Lsk6Nu7Kwuonj.jpg?v=1788194662,1,Cliffhanger (1993) poster,false,,,,,,,action,,,,,,,,,,,,lb,,,active
my-best-friends-wedding-vhs-floor-sale-romantic-comedy,My Best Friends Wedding,"<p>When she receives word that her longtime platonic pal Michael O'Neal is getting married to debutante Kimberly Wallace, food critic Julianne Potter realizes her true feelings for Michael -- and sets out to sabotage the wedding.</p>",VHS,Media > Videos,,"Floor Sale, Formatted, Romantic Comedy, VHS",true,Genre,Romantic Comedy,,,,,,,,,0.0,shopify,1,deny,manual,5.00,,false,false,,,,,76791802,https://cdn.shopify.com/s/files/1/0671/0552/1726/files/b5g4bp8gS5ovMyR5439AII6zQ3n.jpg?v=1788194661,1,My Best Friends Wedding (1997) poster,false,,,,,,,romantic-comedy,,,,,,,,,,,,lb,,,active
an-american-in-paris-vhs-floor-sale-musical,An American in Paris,"<p>Jerry Mulligan is an exuberant American expatriate in Paris trying to make a reputation as a painter. His friend Adam is a struggling concert pianist who's a long time associate of a famous French singer, Henri Baurel. A lonely society woman, Milo Roberts, takes Jerry under her wing and supports him, but is interested in more than his art.</p>",VHS,Media > Videos,,"Floor Sale, Formatted, Musical, VHS",true,Genre,Musical,,,,,,,,,0.0,shopify,1,deny,manual,6.00,,false,false,,,,,76922874,https://cdn.shopify.com/s/files/1/0671/0552/1726/files/lyDXkvG53ldz6Cf7dbjJl7TaoP5.jpg?v=1788194660,1,An American in Paris (1951) poster,false,,,,,,,musical,,,,,,,,,,,,lb,,,active
star-wars-ii-attack-of-the-clones-vhs-floor-sale-sci-fi,Star Wars II Attack of the Clones,"<p>Following an assassination attempt on Senator Padmé Amidala, Jedi Knights Anakin Skywalker and Obi-Wan Kenobi investigate a mysterious plot into the heart of the Separatist movement and the beginning of the Clone Wars.</p>",VHS,Media > Videos,,"Floor Sale, Formatted, Sci-Fi, VHS",true,Genre,Sci-Fi,,,,,,,,,0.0,shopify,1,deny,manual,18.00,,false,false,,,,,77119482,https://cdn.shopify.com/s/files/1/0671/0552/1726/files/oZNPzxqM2s5DyVWab09NTQScDQt_ea0f46cf-1705-42b4-b6c4-6a4a17c8d2b2.jpg?v=1788194659,1,Star Wars II Attack of the Clones (2002) poster,false,,,,,,,sci-fi,,,,,,,,,,,,lb,,,active
dazed-and-confused-vhs-floor-sale-comedy,Dazed and Confused,"<p>The adventures of a group of Texas teens on their last day of school in 1976, centering on student Randall Floyd, who moves easily among stoners, jocks and geeks. Floyd is a star athlete, but he also likes smoking weed, which presents a conundrum when his football coach demands he sign a ""no drugs"" pledge.</p>",VHS,Media > Videos,,"Comedy, Floor Sale, Formatted, VHS",true,Genre,Comedy,,,,,,,,,0.0,shopify,1,deny,manual,15.00,,false,false,,,,,77152250,https://cdn.shopify.com/s/files/1/0671/0552/1726/files/msG9awbLhVZwv1Eh9Ge7SofMexW.jpg?v=1788194658,1,Dazed and Confused (1993) poster,false,,,,,,,comedy,,,,,,,,,,,,lb,,,active
kiss-the-girls-vhs-floor-sale-thriller,Kiss the Girls,"<p>Forensic psychologist and detective Alex Cross travels to North Carolina and teams with escaped kidnap victim Kate McTiernan to hunt down ""Casanova,"" a serial killer who abducts strong-willed women and forces them to submit to his demands. The trail leads to Los Angeles, where the duo discovers that the psychopath may not be working alone.</p>",VHS,Media > Videos,,"Floor Sale, Formatted, Thriller, VHS",true,Genre,Thriller,,,,,,,,,0.0,shopify,1,deny,manual,5.00,,true,true,,,,,30464762,https://cdn.shopify.com/s/files/1/0671/0552/1726/files/25h5I3E3ydhazsPDnscWHivq5pn_ceb3ed80-e232-46bc-9093-ba5f58cf0a7e.jpg?v=1788267209,1,Kiss the Girls (1997) poster,false,,,,,,,thriller,,,,,,,,,,,,lb,,,active
national-geographic-ocean-drifters-floor-sale-kids-family,National Geographic: Ocean Drifters,,VHS,Media > Videos,,"Floor Sale, Formatted, Kids & Family, VHS",true,Genre,Kids & Family,,,,,,,,,0.0,shopify,1,deny,manual,5.00,,false,false,,,,,30759674,,,,false,,,,,,,kids-family,,,,,,,,,,,,lb,,,active
citizen-kane-floor-sale-drama,Citizen Kane,"<p>Newspaper magnate Charles Foster Kane is taken from his mother as a boy and made the ward of a rich industrialist. As a result, every well-meaning, tyrannical or self-destructive move he makes for the rest of his life appears in some way to be a reaction to that deeply wounding event.</p>",VHS,Media > Videos,,"Drama, Floor Sale, Formatted, VHS",true,Genre,Drama,,,,,,,,,0.0,shopify,1,deny,manual,6.00,,true,true,,,,,30989050,https://cdn.shopify.com/s/files/1/0671/0552/1726/files/sav0jxhqiH0bPr2vZFU0Kjt2nZL.jpg?v=1788267208,1,Citizen Kane (1941) poster,false,,,,,,,drama,,,,,,,,,,,,lb,,,active
high-anxiety-floor-sale-comedy,High Anxiety,"<p>A psychiatrist with intense acrophobia (fear of heights) goes to work for a mental institution run by doctors who appear to be crazier than their patients, and have secrets that they are willing to commit murder to keep.</p>",VHS,Media > Videos,,"Comedy, Floor Sale, Formatted, VHS",true,Genre,Comedy,,,,,,,,,0.0,shopify,1,deny,manual,6.00,,false,false,,,,,31087354,https://cdn.shopify.com/s/files/1/0671/0552/1726/files/qVuSJaGnomSPon8x3mIYywFGgD8.jpg?v=1788194658,1,High Anxiety (1977) poster,false,,,,,,,comedy,,,,,,,,,,,,lb,,,active
practical-magic-floor-sale-drama,Practical Magic,"<p>Sally and Gillian Owens, born into a magical family, have mostly avoided witchcraft themselves. But when Gillian's vicious boyfriend, Jimmy Angelov, dies unexpectedly, the Owens sisters give themselves a crash course in hard magic. With policeman Gary Hallet growing suspicious, the girls struggle to resurrect Angelov -- and unwittingly inject his corpse with an evil spirit that threatens to end their family line.</p>",VHS,Media > Videos,,"Drama, Floor Sale, Formatted, VHS",true,Genre,Drama,,,,,,,,,0.0,shopify,1,deny,manual,10.00,,false,false,,,,,31283962,https://cdn.shopify.com/s/files/1/0671/0552/1726/files/AwmToSgf2IL3aHv0QRVsR5KvChv.jpg?v=1788194657,1,Practical Magic (1998) poster,false,,,,,,,drama,,,,,,,,,,,,lb,,,active
scrooged-floor-sale-comedy,Scrooged,"<p>Frank Cross is a wildly successful television executive whose cold ambition and curmudgeonly nature has driven away the love of his life. But after firing a staff member on Christmas Eve, Frank is visited by a series of ghosts who give him a chance to re-evaluate his actions and right the wrongs of his past.</p>",VHS,Media > Videos,,"Comedy, Floor Sale, Formatted, VHS",true,Genre,Comedy,,,,,,,,,0.0,shopify,1,deny,manual,8.00,,true,true,,,,,31349498,https://cdn.shopify.com/s/files/1/0671/0552/1726/files/uO0znfB2ZzTXA1IS7jkrjNbpkYK.jpg?v=1788267208,1,Scrooged (1988) poster,false,,,,,,,comedy,,,,,,,,,,,,lb,,,active
indiana-jones-and-the-last-crusade-floor-sale-action,Indiana Jones and the Last Crusade,"<p>In 1938, an art collector appeals to eminent archaeologist Dr. Indiana Jones to embark on a search for the Holy Grail. Indy learns that a medieval historian has vanished while searching for it, and the missing man is his own father, Dr. Henry Jones Sr.. He sets out to rescue his father by following clues in the old man's notebook, which his father had mailed to him before he went missing. Indy arrives in Venice, where he enlists the help of a beautiful academic, Dr. Elsa Schneider, along with Marcus Brody and Sallah. Together they must stop the Nazis from recovering the power of eternal life and taking over the world!</p>",VHS,Media > Videos,,"Action, Floor Sale, Formatted, VHS",true,Genre,Action,,,,,,,,,0.0,shopify,1,deny,manual,6.00,,false,false,,,,,31546106,https://cdn.shopify.com/s/files/1/0671/0552/1726/files/sizg1AU8f8JDZX4QIgE4pjUMBvx_448dfe80-b5f7-4c23-ade4-4d0a52b3dca9.jpg?v=1788194656,1,Indiana Jones and the Last Crusade (1989) poster,false,,,,,,,action,,,,,,,,,,,,lb,,,active
the-ghost-and-the-darkness-floor-sale-thriller,The Ghost and the Darkness,"<p>Sir Robert Beaumont is behind schedule on a railroad in Africa. Enlisting noted engineer John Henry Patterson to right the ship, Beaumont expects results. Everything seems great until the crew discovers the mutilated corpse of the project's foreman, seemingly killed by a lion. After several more attacks, Patterson calls in famed hunter Charles Remington, who has finally met his match in the bloodthirsty lions.</p>",VHS,Media > Videos,,"Floor Sale, Formatted, Thriller, VHS",true,Genre,Thriller,,,,,,,,,0.0,shopify,1,deny,manual,5.00,,false,false,,,,,31578874,https://cdn.shopify.com/s/files/1/0671/0552/1726/files/3KEPs6RKlin9pT9fqjtW7MSLC8H_d9373b1c-4e3a-4ea0-aac6-ddfda1d39947.jpg?v=1788194655,1,The Ghost and the Darkness (1996) poster,false,,,,,,,thriller,,,,,,,,,,,,lb,,,active
point-break-floor-sale-action,Point Break,"<p>In Los Angeles, a gang of bank robbers who call themselves The Ex-Presidents commit their crimes while wearing masks of Reagan, Carter, Nixon and Johnson. Believing that the members of the gang could be surfers, the F.B.I. sends young agent Johnny Utah to the beach undercover to mix with the surfers and gather information.</p>",VHS,Media > Videos,,"Action, Floor Sale, Formatted, VHS",true,Genre,Action,,,,,,,,,0.0,shopify,1,deny,manual,5.00,,false,false,,,,,31808250,https://cdn.shopify.com/s/files/1/0671/0552/1726/files/tlbERIghrQ4oofqlbF7H0K0EYnx.jpg?v=1788194655,1,Point Break (1991) poster,false,,,,,,,action,,,,,,,,,,,,lb,,,active
8-mile-floor-sale-drama,8 Mile,"<p>For Jimmy Smith, Jr., life is a daily fight just to keep hope alive. Feeding his dreams in Detroit's vibrant music scene, Jimmy wages an extraordinary personal struggle to find his own voice - and earn a place in a world where rhymes rule, legends are born and every moment… is another chance.</p>",VHS,Media > Videos,,"Drama, Floor Sale, Formatted, VHS",true,Genre,Drama,,,,,,,,,0.0,shopify,1,deny,manual,8.00,,false,false,,,,,31841018,https://cdn.shopify.com/s/files/1/0671/0552/1726/files/7BmQj8qE1FLuLTf7Xjf9sdIHzoa_fa16ff2e-3b09-4956-b3bc-f15817bf40a3.jpg?v=1788194653,1,8 Mile (2002) poster,false,,,,,,,drama,,,,,,,,,,,,lb,,,active
the-jewel-of-the-nile-floor-sale-drama,The Jewel of the Nile,"<p>Joan Wilder is thrust back into a world of murder, chases, foreign intrigue... and love. This time out she's duped by a duplicitous Arab dignitary who brings her to the Middle East, ostensibly to write a book about his life. Of course, he's up to no good, and Joan is just another pawn in his wicked game. But Jack Colton and his sidekick Ralph show up to help our intrepid heroine save the day.</p>",VHS,Media > Videos,,"Drama, Floor Sale, Formatted, VHS",true,Genre,Drama,,,,,,,,,0.0,shopify,1,deny,manual,5.00,,false,false,,,,,32004858,https://cdn.shopify.com/s/files/1/0671/0552/1726/files/6VjsIhnIcrz2XdQVHdsMj5DdSa1_8773c593-e85e-49a9-bca2-2484d748e3a2.jpg?v=1788194653,1,The Jewel of the Nile (1985) poster,false,,,,,,,drama,,,,,,,,,,,,lb,,,active
the-fifth-element-floor-sale-sci-fi,The Fifth Element,"<p>In 2257, a taxi driver is unintentionally given the task of saving a young girl who is part of the key that will ensure the survival of humanity.</p>",VHS,Media > Videos,,"Floor Sale, Formatted, Sci-Fi, VHS",true,Genre,Sci-Fi,,,,,,,,,0.0,shopify,1,deny,manual,7.00,,false,false,,,,,32201466,https://cdn.shopify.com/s/files/1/0671/0552/1726/files/fPtlCO1yQtnoLHOwKtWz7db6RGU_c6642a38-9c8f-48ea-8eea-972bd9905d46.jpg?v=1788194652,1,The Fifth Element (1997) poster,false,,,,,,,sci-fi,,,,,,,,,,,,lb,,,active
millenium-floor-sale-sci-fi,Millenium,<p>An investigator seeking the cause of an airline disaster discovers the involvement of an organisation of time travellers from a future Earth irreparably polluted who seek to rejuvenate the human race from those about to die in the past. Based on a novel by John Varley.</p>,VHS,Media > Videos,,"Floor Sale, Formatted, Sci-Fi, VHS",true,Genre,Sci-Fi,,,,,,,,,0.0,shopify,1,deny,manual,7.00,,false,false,,,,,32463610,https://cdn.shopify.com/s/files/1/0671/0552/1726/files/mFGCK7RnFnRXR6CweAhQw030Zv7_86ffbf28-0061-48ed-aeb0-f4236fabe4b7.jpg?v=1788194651,1,Millenium (1989) poster,false,,,,,,,sci-fi,,,,,,,,,,,,lb,,,active
radio-floor-sale-drama,Radio,"<p>In the racially divided town of Anderson, South Carolina in 1976, football coach Harold Jones spots a mentally disabled African-American young man nicknamed Radio near his practice field and is inspired to befriend him. Soon, Radio is Jones' loyal assistant, and he becomes a student at T.L. Hanna High School. But things start to sour when Coach Jones begins taking guff from parents and fans who feel that his devotion to Radio is getting in the way of the team's quest for a championship.</p>",VHS,Media > Videos,,"Drama, Floor Sale, Formatted, VHS",true,Genre,Drama,,,,,,,,,0.0,shopify,1,deny,manual,6.00,,false,false,,,,,32496378,https://cdn.shopify.com/s/files/1/0671/0552/1726/files/uQ6ci4iFHhB6TWB2f4wftR7AEly.jpg?v=1788194650,1,Radio (2003) poster,false,,,,,,,drama,,,,,,,,,,,,lb,,,active
highlander-10th-anniversary-floor-sale-action,Highlander: 10th Anniversary,"<p>Highlander is a 1986 fantasy action film about Connor MacLeod, an immortal Scottish swordsman who must battle other immortals through the centuries.</p>",VHS,Media > Videos,,"Action, Floor Sale, Formatted, VHS",true,Genre,Action,,,,,,,,,0.0,shopify,1,deny,manual,5.00,,false,false,,,,,32725754,https://cdn.shopify.com/s/files/1/0671/0552/1726/files/Highlander_1986_2Cposter.jpg?v=1788272135,1,Highlander: 10th Anniversary poster,false,,,,,,,action,,,,,,,,,,,,lb,,,active
planet-of-the-apes-2001-floor-sale-action,Planet of the Apes (2001),"<p>After a spectacular crash-landing on an uncharted planet, brash astronaut Leo Davidson finds himself trapped in a savage world where talking apes dominate the human race. Desperate to find a way home, Leo must evade the invincible gorilla army led by Ruthless General Thade.</p>",VHS,Media > Videos,,"Action, Floor Sale, Formatted, VHS",true,Genre,Action,,,,,,,,,0.0,shopify,1,deny,manual,5.00,,false,false,,,,,32758522,https://cdn.shopify.com/s/files/1/0671/0552/1726/files/3ZWsuP5rExMSji7erxnb1P5SK6F.jpg?v=1788194650,1,Planet of the Apes (2001) poster,false,,,,,,,action,,,,,,,,,,,,lb,,,active
top-gun-floor-sale-action,Top Gun,"<p>For Lieutenant Pete 'Maverick' Mitchell and his friend and co-pilot Nick 'Goose' Bradshaw, being accepted into an elite training school for fighter pilots is a dream come true. But a tragedy, as well as personal demons, will threaten Pete's dreams of becoming an ace pilot.</p>",VHS,Media > Videos,,"Action, Floor Sale, Formatted, VHS",true,Genre,Action,,,,,,,,,0.0,shopify,1,deny,manual,10.00,,true,true,,,,,32987898,https://cdn.shopify.com/s/files/1/0671/0552/1726/files/xUuHj3CgmZQ9P2cMaqQs4J0d4Zc.jpg?v=1788267208,1,Top Gun (1986) poster,false,,,,,,,action,,,,,,,,,,,,lb,,,active
stark-trek-first-contact-floor-sale-sci-fi,Stark Trek: First Contact,"<p>Star Trek: First Contact is a 1996 science fiction film and the eighth in the Star Trek franchise, featuring the crew of the Next Generation battling the Borg.</p>",VHS,Media > Videos,,"Floor Sale, Formatted, Sci-Fi, VHS",true,Genre,Sci-Fi,,,,,,,,,0.0,shopify,1,deny,manual,6.00,,false,false,,,,,33250042,https://cdn.shopify.com/s/files/1/0671/0552/1726/files/Star_trek_first_contact_poster.jpg?v=1788272134,1,Stark Trek: First Contact poster,false,,,,,,,sci-fi,,,,,,,,,,,,lb,,,active
charlies-angels-floor-sale-action,Charlies Angels,"<p>The captivating crime-fighting trio who are masters of disguise, espionage and martial arts are back! When a devious mastermind embroils them in a plot to destroy individual privacy, the Angels, aided by their loyal sidekick Bosley, set out to bring down the bad guys. But when a terrible secret is revealed, it makes the Angels targets for assassination.</p>",VHS,Media > Videos,,"Action, Floor Sale, Formatted, VHS",true,Genre,Action,,,,,,,,,0.0,shopify,1,deny,manual,6.00,,true,true,,,,,33282810,https://cdn.shopify.com/s/files/1/0671/0552/1726/files/paDTaHGLxhacythNZCT86VPanm6_e41a514a-75f6-420d-86f0-3ca7d258c062.jpg?v=1788267207,1,Charlies Angels (2000) poster,false,,,,,,,action,,,,,,,,,,,,lb,,,active
rocky-floor-sale-drama,Rocky,"<p>Rocky Balboa is a Philadelphia club fighter who seems to be going nowhere. But when a stroke of fate puts him in the ring with a world heavyweight champion, Rocky knows that it's his one shot at the big time — a once-in-a-lifetime opportunity to go the distance and come out a winner!</p>",VHS,Media > Videos,,"Drama, Floor Sale, Formatted, VHS",true,Genre,Drama,,,,,,,,,0.0,shopify,1,deny,manual,8.00,,true,true,,,,,33610490,https://cdn.shopify.com/s/files/1/0671/0552/1726/files/xSI0dbKLDETwhiVUy6hGE8KXUln.jpg?v=1788267207,1,Rocky (1976) poster,false,,,,,,,drama,,,,,,,,,,,,lb,,,active
nell-vhs-floor-sale-drama,Nell,"<p>In a remote woodland cabin, a small town doctor discovers Nell — a beautiful young hermit woman with many secrets.</p>",VHS,Media > Videos,,"Drama, Floor Sale, Formatted, VHS",true,Genre,Drama,,,,,,,,,0.0,shopify,1,deny,manual,6.00,,true,true,,,,,88103674,https://cdn.shopify.com/s/files/1/0671/0552/1726/files/aIDp3x2YfijtdherR28pIH6yenn.jpg?v=1788267207,1,Nell (1994) poster,false,,,,,,,drama,,,,,,,,,,,,lb,,,active
evolution-vhs-floor-sale-comedy,Evolution,"<p>A comedy that follows the chaos that ensues when a meteor hits the Earth carrying alien life forms that give new meaning to the term ""survival of the fittest."" David Duchovny, Orlando Jones, Seann William Scott, and Julianne Moore are the only people standing between the aliens and world domination... which could be bad news for the Earth.</p>",VHS,Media > Videos,,"Comedy, Floor Sale, Formatted, VHS",true,Genre,Comedy,,,,,,,,,0.0,shopify,1,deny,manual,7.00,,true,true,,,,,88136442,https://cdn.shopify.com/s/files/1/0671/0552/1726/files/dwIrP544LxJtXToLpzkEa08pIMm.jpg?v=1788267206,1,Evolution (2001) poster,false,,,,,,,comedy,,,,,,,,,,,,lb,,,active
the-stand-vhs-floor-sale-horror,The Stand,"<p>The Stand is a 1994 post-apocalyptic horror miniseries based on Stephen King's novel, following survivors of a devastating plague.</p>",VHS,Media > Videos,,"Floor Sale, Formatted, Horror, VHS",true,Genre,Horror,,,,,,,,,0.0,shopify,1,deny,manual,10.00,,false,false,,,,,88234746,https://cdn.shopify.com/s/files/1/0671/0552/1726/files/The_Stand__281994_ABC_network_miniseries_29.jpg?v=1788272149,1,The Stand poster,false,,,,,,,horror,,,,,,,,,,,,lb,,,active
dirty-dancing-vhs-floor-sale-drama,Dirty Dancing,"<p>Expecting the usual tedium that accompanies a summer in the Catskills with her family, 17-year-old Frances 'Baby' Houseman is surprised to find herself stepping into the shoes of a professional hoofer—and unexpectedly falling in love.</p>",VHS,Media > Videos,,"Drama, Floor Sale, Formatted, VHS",true,Genre,Drama,,,,,,,,,0.0,shopify,1,deny,manual,7.00,,false,false,,,,,88300282,https://cdn.shopify.com/s/files/1/0671/0552/1726/files/9Jw6jys7q9gjzVX5zm1z0gC8gY9_ba6ca4bf-ecea-4b8b-b61f-697c6e422f00.jpg?v=1788194649,1,Dirty Dancing (1987) poster,false,,,,,,,drama,,,,,,,,,,,,lb,,,active
romancing-the-stone-vhs-floor-sale-drama,Romancing the Stone,"<p>Though she can spin wild tales of passionate romance, novelist Joan Wilder has no life of her own. Then one day adventure comes her way in the form of a mysterious package. It turns out that the parcel is the ransom she'll need to free her abducted sister, so Joan flies to South America to hand it over. But she gets on the wrong bus and winds up hopelessly stranded in the jungle.</p>",VHS,Media > Videos,,"Drama, Floor Sale, Formatted, VHS",true,Genre,Drama,,,,,,,,,0.0,shopify,1,deny,manual,5.00,,false,false,,,,,88333050,https://cdn.shopify.com/s/files/1/0671/0552/1726/files/qfIlVOYZH5RiZ0ndFKUpr5Zn2Bx.jpg?v=1788194648,1,Romancing the Stone (1984) poster,false,,,,,,,drama,,,,,,,,,,,,lb,,,active
bridge-to-terabithia-bluray-floor-sale-kids-family,Bridge to Terabithia,"<p>Jesse Aarons trained all summer to become the fastest runner in school. So he's very upset when newcomer Leslie Burke outruns him and everyone else. Despite this and other differences including that she's rich, he's poor, she's a city girl, and he's a country boy the two become fast friends. Together they create Terabithia, a land of monsters, trolls, ogres, and giants where they rule as king and queen.</p>",Blu-Ray,Media > Videos,,"Blu-Ray, Floor Sale, Formatted, Kids & Family",true,Genre,Kids & Family,,,,,,,,,0.0,shopify,1,deny,manual,6.00,,true,true,,,,,15955450,https://cdn.shopify.com/s/files/1/0671/0552/1726/files/3xFxGodKPMFLheS8rujFSmLfcq4.jpg?v=1788267206,1,Bridge to Terabithia (2007) poster,false,,,,,,,kids-family,,,,,,,,,,,,lb,,,active
a-bugs-life-dvd-floor-sale-kids-family,A Bugs Life,"<p>On behalf of ""oppressed bugs everywhere,"" an inventive ant named Flik hires a troupe of warrior bugs to defend his bustling colony from a horde of freeloading grasshoppers led by the evil-minded Hopper.</p>",DVD,Media > Videos,,"DVD, Floor Sale, Formatted, Kids & Family",true,Genre,Kids & Family,,,,,,,,,0.0,shopify,1,deny,manual,6.00,,false,false,,,,,16020986,https://cdn.shopify.com/s/files/1/0671/0552/1726/files/Ah3J9OJVc2CNCuH2zMydXy9fmIC_68b8195b-e5b4-42ee-925b-bf0d243ca4f2.jpg?v=1788194647,1,A Bugs Life (1998) poster,false,,,,,,,kids-family,,,,,,,,,,,,lb,,,active
cars-bluray-floor-sale-kids-family,Cars,"<p>Lightning McQueen, a hotshot rookie race car driven to succeed, discovers that life is about the journey, not the finish line, when he finds himself unexpectedly detoured in the sleepy Route 66 town of Radiator Springs. On route across the country to the big Piston Cup Championship in California to compete against two seasoned pros, McQueen gets to know the town's offbeat characters.</p>",Blu-Ray,Media > Videos,,"Blu-Ray, Floor Sale, Formatted, Kids & Family",true,Genre,Kids & Family,,,,,,,,,0.0,shopify,1,deny,manual,6.00,,true,true,,,,,16086522,https://cdn.shopify.com/s/files/1/0671/0552/1726/files/2Touk3m5gzsqr1VsvxypdyHY5ci_330f07fa-5c56-4112-ba02-196bff6ef203.jpg?v=1788267206,1,Cars (2006) poster,false,,,,,,,kids-family,,,,,,,,,,,,lb,,,active
coco-bluray-floor-sale-kids-family,Coco,"<p>Despite his family’s baffling generations-old ban on music, Miguel dreams of becoming an accomplished musician like his idol, Ernesto de la Cruz. Desperate to prove his talent, Miguel finds himself in the stunning and colorful Land of the Dead following a mysterious chain of events. Along the way, he meets charming trickster Hector, and together, they set off on an extraordinary journey to unlock the real story behind Miguel's family history.</p>",Blu-Ray,Media > Videos,,"Blu-Ray, Floor Sale, Formatted, Kids & Family",true,Genre,Kids & Family,,,,,,,,,0.0,shopify,1,deny,manual,6.00,,true,true,,,,,16152058,https://cdn.shopify.com/s/files/1/0671/0552/1726/files/6Ryitt95xrO8KXuqRGm1fUuNwqF.jpg?v=1788267205,1,Coco (2017) poster,false,,,,,,,kids-family,,,,,,,,,,,,lb,,,active
the-groods-dvd-floor-sale-kids-family,The Groods,<p>The Croods is a 2013 animated adventure comedy film from DreamWorks about a prehistoric family navigating a treacherous new world.</p>,DVD,Media > Videos,,"DVD, Floor Sale, Formatted, Kids & Family",true,Genre,Kids & Family,,,,,,,,,0.0,shopify,1,deny,manual,5.00,,false,false,,,,,16446970,https://cdn.shopify.com/s/files/1/0671/0552/1726/files/The_Croods.png?v=1788272133,1,The Groods poster,false,,,,,,,kids-family,,,,,,,,,,,,lb,,,active
fantasia-2-movie-collection-bluray-floor-sale-kids-family,Fantasia 2 Movie Collection,"<p>A collection pairing Walt Disney's original Fantasia (1940) with its 1999 sequel Fantasia 2000, animated films set to classical music.</p>",Blu-Ray,Media > Videos,,"Blu-Ray, Floor Sale, Formatted, Kids & Family",true,Genre,Kids & Family,,,,,,,,,0.0,shopify,1,deny,manual,12.00,,false,false,,,,,16479738,https://cdn.shopify.com/s/files/1/0671/0552/1726/files/61GeqoIKtSL._SY500.jpg?v=1788272132,1,Fantasia 2 Movie Collection poster,false,,,,,,,kids-family,,,,,,,,,,,,lb,,,active
finding-nemo-5-disc-bluray-floor-sale-kids-family,Finding Nemo (5 Disc),<p>Finding Nemo is a 2003 Pixar animated film about a clownfish father who journeys across the ocean to find his son.</p>,Blu-Ray,Media > Videos,,"Blu-Ray, Floor Sale, Formatted, Kids & Family",true,Genre,Kids & Family,,,,,,,,,0.0,shopify,1,deny,manual,7.00,,false,false,,,,,16545274,https://cdn.shopify.com/s/files/1/0671/0552/1726/files/Finding_Nemo.jpg?v=1788272130,1,Finding Nemo (5 Disc) poster,false,,,,,,,kids-family,,,,,,,,,,,,lb,,,active
finding-dory-bluray-floor-sale-kids-family,Finding Dory,<p>Dory is reunited with her friends Nemo and Marlin in the search for answers about her past. What can she remember? Who are her parents? And where did she learn to speak Whale?</p>,Blu-Ray,Media > Videos,,"Blu-Ray, Floor Sale, Formatted, Kids & Family",true,Genre,Kids & Family,,,,,,,,,0.0,shopify,1,deny,manual,6.00,,false,false,,,,,16610810,https://cdn.shopify.com/s/files/1/0671/0552/1726/files/3UVe8NL1E2ZdUZ9EDlKGJY5UzE.jpg?v=1788194646,1,Finding Dory (2016) poster,false,,,,,,,kids-family,,,,,,,,,,,,lb,,,active
dinosaur-dvd-floor-sale-kids-family,Dinosaur,<p>An orphaned dinosaur raised by lemurs joins an arduous trek to a sancturary after a meteorite shower destroys his family home.</p>,DVD,Media > Videos,,"DVD, Floor Sale, Formatted, Kids & Family",true,Genre,Kids & Family,,,,,,,,,0.0,shopify,1,deny,manual,6.00,,true,true,,,,,16676346,https://cdn.shopify.com/s/files/1/0671/0552/1726/files/rSje3FS7ycJSglowlngjsvDt7vO.jpg?v=1788267205,1,Dinosaur (2000) poster,false,,,,,,,kids-family,,,,,,,,,,,,lb,,,active
madagascar-dvd-floor-sale-kids-family,Madagascar,<p>Four animal friends get a taste of the wild life when they break out of captivity at the Central Park Zoo and wash ashore on the island of Madagascar.</p>,DVD,Media > Videos,,"DVD, Floor Sale, Formatted, Kids & Family",true,Genre,Kids & Family,,,,,,,,,0.0,shopify,1,deny,manual,5.00,,true,true,,,,,16741882,https://cdn.shopify.com/s/files/1/0671/0552/1726/files/zMpJY5CJKUufG9OTw0In4eAFqPX.jpg?v=1788267204,1,Madagascar (2005) poster,false,,,,,,,kids-family,,,,,,,,,,,,lb,,,active
madagascar-3-dvd-floor-sale-kids-family,Madagascar 3,"<p>Conditioned by its long lasting geographical isolation Madagascar is home to unique Fauna and Flora, with a high percentage of endemic species. Due to the lack of predators, monkeys and poisonous snakes on the island, extraordinary animal species like the funny lemurs were able to develop in a unique way.</p>",DVD,Media > Videos,,"DVD, Floor Sale, Formatted, Kids & Family",true,Genre,Kids & Family,,,,,,,,,0.0,shopify,1,deny,manual,5.00,,false,false,,,,,16774650,https://cdn.shopify.com/s/files/1/0671/0552/1726/files/pO1BLvkiZz5SW5biC0EuQudM1If.jpg?v=1788194646,1,Madagascar 3 (2013) poster,false,,,,,,,kids-family,,,,,,,,,,,,lb,,,active
the-forbidden-kingdom-dvd-floor-sale-action,The Forbidden Kingdom,"<p>An American teenager who is obsessed with Hong Kong cinema and kung-fu classics makes an extraordinary discovery in a Chinatown pawnshop: the legendary stick weapon of the Chinese sage and warrior, the Monkey King. With the lost relic in hand, the teenager unexpectedly finds himself travelling back to ancient China to join a crew of warriors from martial arts lore on a dangerous quest to free the imprisoned Monkey King.</p>",DVD,Media > Videos,,"Action, DVD, Floor Sale, Formatted",true,Genre,Action,,,,,,,,,0.0,shopify,1,deny,manual,5.00,,false,false,,,,,16840186,https://cdn.shopify.com/s/files/1/0671/0552/1726/files/z8chF1Z7hyuSVqLYTgElkQZh2VB.jpg?v=1788194645,1,The Forbidden Kingdom (2008) poster,false,,,,,,,action,,,,,,,,,,,,lb,,,active
the-flowers-of-war-dvd-floor-sale-drama,The Flowers of War,"<p>A Westerner finds refuge with a group of women in a church during Japan's rape of Nanking in 1937. Posing as a priest, he attempts to lead the women to safety.</p>",DVD,Media > Videos,,"Drama, DVD, Floor Sale, Formatted",true,Genre,Drama,,,,,,,,,0.0,shopify,1,deny,manual,5.00,,false,false,,,,,16872954,https://cdn.shopify.com/s/files/1/0671/0552/1726/files/7NVgVX663tdareijAiv0eLiLn6d.jpg?v=1788194644,1,The Flowers of War (2011) poster,false,,,,,,,drama,,,,,,,,,,,,lb,,,active
the-gift-dvd-floor-sale-action,The Gift,"<p>In a dystopian Russia, a messenger delivers a gift to an old man.</p>",DVD,Media > Videos,,"Action, DVD, Floor Sale, Formatted",true,Genre,Action,,,,,,,,,0.0,shopify,1,deny,manual,5.00,,true,true,,,,,16938490,https://cdn.shopify.com/s/files/1/0671/0552/1726/files/6W47hjww0ZTlSwPriPQ5b4Sq8ON.jpg?v=1788267204,1,The Gift (2010) poster,false,,,,,,,action,,,,,,,,,,,,lb,,,active
live-free-or-die-hard-bluray-floor-sale-action,Live Free or Die Hard,"<p>John McClane is back and badder than ever, and this time he calls on the services of a young hacker in his bid to stop a ring of Internet terrorists intent on taking control of America's computer infrastructure.</p>",Blu-Ray,Media > Videos,,"Action, Blu-Ray, Floor Sale, Formatted",true,Genre,Action,,,,,,,,,0.0,shopify,1,deny,manual,6.00,,false,false,,,,,17069562,https://cdn.shopify.com/s/files/1/0671/0552/1726/files/31TT47YjBl7a7uvJ3ff1nrirXhP.jpg?v=1788194643,1,Live Free or Die Hard (2007) poster,false,,,,,,,action,,,,,,,,,,,,lb,,,active
dark-city-bluray-floor-sale-sci-fi,Dark City,"<p>A man struggles with memories of his past, including a wife he cannot remember, in a nightmarish world with no sun and run by beings with telekinetic powers who seek the souls of humans.</p>",Blu-Ray,Media > Videos,,"Blu-Ray, Floor Sale, Formatted, Sci-Fi",true,Genre,Sci-Fi,,,,,,,,,0.0,shopify,1,deny,manual,8.00,,true,true,,,,,17135098,https://cdn.shopify.com/s/files/1/0671/0552/1726/files/tNPEGju4DpTdbhBphNmZoEi9Bd3_df63f14e-0c53-437d-9182-709ca59995e2.jpg?v=1788267204,1,Dark City (1998) poster,false,,,,,,,sci-fi,,,,,,,,,,,,lb,,,active
crouching-tiger-hidden-dragon-dvd-floor-sale-action,Crouching Tiger Hidden Dragon,"<p>Two warriors in pursuit of a stolen sword and a notorious fugitive are led to an impetuous, physically-skilled, teenage nobleman's daughter, who is at a crossroads in her life.</p>",DVD,Media > Videos,,"Action, DVD, Floor Sale, Formatted",true,Genre,Action,,,,,,,,,0.0,shopify,1,deny,manual,6.00,,false,false,,,,,17167866,https://cdn.shopify.com/s/files/1/0671/0552/1726/files/iNDVBFNz4XyYzM9Lwip6atSTFqf.jpg?v=1787922069,1,Crouching Tiger Hidden Dragon (2000) poster,false,,,,,,,action,,,,,,,,,,,,lb,,,active
green-lantern-bluray-floor-sale-action,Green Lantern,"<p>For centuries, a small but powerful force of warriors called the Green Lantern Corps has sworn to keep intergalactic order. Each Green Lantern wears a ring that grants him superpowers. But when a new enemy called Parallax threatens to destroy the balance of power in the Universe, their fate and the fate of Earth lie in the hands of the first human ever recruited.</p>",Blu-Ray,Media > Videos,,"Action, Blu-Ray, Floor Sale, Formatted",true,Genre,Action,,,,,,,,,0.0,shopify,1,deny,manual,6.00,,false,false,,,,,17200634,https://cdn.shopify.com/s/files/1/0671/0552/1726/files/fj21HwUprqjjwTdkKC1XZurRSpV.jpg?v=1788194642,1,Green Lantern (2011) poster,false,,,,,,,action,,,,,,,,,,,,lb,,,active
gran-torino-dvd-floor-sale-action,Gran Torino,"<p>Disgruntled Korean War veteran Walt Kowalski sets out to reform his neighbor, Thao Lor, a Hmong teenager who tried to steal Kowalski's prized possession: a 1972 Gran Torino.</p>",DVD,Media > Videos,,"Action, DVD, Floor Sale, Formatted",true,Genre,Action,,,,,,,,,0.0,shopify,1,deny,manual,5.00,,false,false,,,,,17266170,https://cdn.shopify.com/s/files/1/0671/0552/1726/files/zUybYvxWdAJy5hhYovsXtHSWI1l_c16b986e-754e-4824-b11b-f25897d3179c.jpg?v=1788194641,1,Gran Torino (2008) poster,false,,,,,,,action,,,,,,,,,,,,lb,,,active
frozen-bluray-floor-sale-kids-family,Frozen,"<p>Young princess Anna of Arendelle dreams about finding true love at her sister Elsa’s coronation. Fate takes her on a dangerous journey in an attempt to end the eternal winter that has fallen over the kingdom. She's accompanied by ice delivery man Kristoff, his reindeer Sven, and snowman Olaf. On an adventure where she will find out what friendship, courage, family, and true love really means.</p>",Blu-Ray,Media > Videos,,"Blu-Ray, Floor Sale, Formatted, Kids & Family",true,Genre,Kids & Family,,,,,,,,,0.0,shopify,1,deny,manual,6.00,,true,true,,,,,17298938,https://cdn.shopify.com/s/files/1/0671/0552/1726/files/itAKcobTYGpYT8Phwjd8c9hleTo.jpg?v=1788267203,1,Frozen (2013) poster,false,,,,,,,kids-family,,,,,,,,,,,,lb,,,active
mary-shellys-frankenstein-dvd-floor-sale-horror,Mary Shelly's Frankenstein,"<p>Mary Shelley's Frankenstein is a 1994 Gothic horror film directed by Kenneth Branagh, who also stars as Victor Frankenstein, with Robert De Niro as the Creature.</p>",DVD,Media > Videos,,"DVD, Floor Sale, Formatted, Horror",true,Genre,Horror,,,,,,,,,0.0,shopify,1,deny,manual,5.00,,false,false,,,,,17364474,https://cdn.shopify.com/s/files/1/0671/0552/1726/files/Mary_Shelley_27s_Frankenstein__281994_29_theatrical_poster.jpg?v=1788272129,1,Mary Shelly's Frankenstein poster,false,,,,,,,horror,,,,,,,,,,,,lb,,,active
the-devils-double-bluray-floor-sale-action,The Devil's Double,<p>A chilling vision of the House of Saddam Hussein comes to life through the eyes of the man who was forced to become the double of Hussein's sadistic son.</p>,Blu-Ray,Media > Videos,,"Action, Blu-Ray, Floor Sale, Formatted",true,Genre,Action,,,,,,,,,0.0,shopify,1,deny,manual,6.00,,true,true,,,,,17495546,https://cdn.shopify.com/s/files/1/0671/0552/1726/files/sDnnV0QbfvXthf8K4cYod4HVlug.jpg?v=1788267203,1,The Devil's Double (2011) poster,false,,,,,,,action,,,,,,,,,,,,lb,,,active
gi-joe-retaliation-bluray-floor-sale-action,G.I. Joe Retaliation,"<p>Framed for crimes against the country, the G.I. Joe team is terminated by Presidential order. This forces the G.I. Joes into not only fighting their mortal enemy Cobra; they are forced to contend with threats from within the government that jeopardize their very existence.</p>",Blu-Ray,Media > Videos,,"Action, Blu-Ray, Floor Sale, Formatted",true,Genre,Action,,,,,,,,,0.0,shopify,1,deny,manual,6.00,,false,false,,,,,45061370,https://cdn.shopify.com/s/files/1/0671/0552/1726/files/3rWIZMzTKcCtV0eHJ70Z4Ru659f_95127ff3-14c2-466f-8296-914f24f4665f.jpg?v=1788194641,1,G.I. Joe Retaliation (2013) poster,false,,,,,,,action,,,,,,,,,,,,lb,,,active
gi-joe-the-rise-of-cobra-dvd-floor-sale-action,G.I. Joe The Rise of Cobra,"<p>From the Egyptian desert to deep below the polar ice caps, the elite G.I. JOE team uses the latest in next-generation spy and military equipment to fight the corrupt arms dealer Destro and the growing threat of the mysterious Cobra organization to prevent them from plunging the world into chaos.</p>",DVD,Media > Videos,,"Action, DVD, Floor Sale, Formatted",true,Genre,Action,,,,,,,,,0.0,shopify,1,deny,manual,5.00,,false,false,,,,,45126906,https://cdn.shopify.com/s/files/1/0671/0552/1726/files/mc9b25IAprHfsaOz0wTshOwGHcY_5dacc6a5-b7d6-458c-a6bc-6bc77b75f34c.jpg?v=1788194640,1,G.I. Joe The Rise of Cobra (2009) poster,false,,,,,,,action,,,,,,,,,,,,lb,,,active
captain-america-3-movie-collection-3d-bluray-floor-sale-action,Captain AMerica: 3 Movie Collection (3D),"<p>A 3D collection of the Captain America trilogy: The First Avenger (2011), The Winter Soldier (2014), and Civil War (2016), starring Chris Evans.</p>",Blu-Ray,Media > Videos,,"Action, Blu-Ray, Floor Sale, Formatted",true,Genre,Action,,,,,,,,,0.0,shopify,1,deny,manual,12.00,,false,false,,,,,45225210,,,,false,,,,,,,action,,,,,,,,,,,,lb,,,active
ghost-rider-dvd-floor-sale-action,Ghost Rider,"<p>In order to save his dying father, young stunt cyclist Johnny Blaze sells his soul to Mephistopheles and sadly parts from the pure-hearted Roxanne Simpson, the love of his life. Years later, Johnny's path crosses again with Roxanne, now a go-getting reporter, and also with Mephistopheles, who offers to release Johnny's soul if Johnny becomes the fabled, fiery 'Ghost Rider'.</p>",DVD,Media > Videos,,"Action, DVD, Floor Sale, Formatted",true,Genre,Action,,,,,,,,,0.0,shopify,1,deny,manual,5.00,,true,true,,,,,45290746,https://cdn.shopify.com/s/files/1/0671/0552/1726/files/4quwR1VwZouD0YF9AaD72kQAjxH_c9101225-77f9-44e0-97bf-af944ab02ce3.jpg?v=1788267203,1,Ghost Rider (2007) poster,false,,,,,,,action,,,,,,,,,,,,lb,,,active
the-green-mile-bluray-floor-sale-drama,The Green Mile,"<p>A supernatural tale set on death row in a Southern prison, where gentle giant John Coffey possesses the mysterious power to heal people's ailments. When the cell block's head guard, Paul Edgecomb, recognizes Coffey's miraculous gift, he tries desperately to help stave off the condemned man's execution.</p>",Blu-Ray,Media > Videos,,"Blu-Ray, Drama, Floor Sale, Formatted",true,Genre,Drama,,,,,,,,,0.0,shopify,1,deny,manual,8.00,,false,false,,,,,45356282,https://cdn.shopify.com/s/files/1/0671/0552/1726/files/8VG8fDNiy50H4FedGwdSVUPoaJe_12b55740-2f30-4291-88ae-a8cd8ea364e8.jpg?v=1788194639,1,The Green Mile (1999) poster,false,,,,,,,drama,,,,,,,,,,,,lb,,,active
dead-man-down-bluray-floor-sale-thriller,Dead Man Down,"<p>In New York City, a crime lord's right-hand man is seduced by a woman seeking retribution.</p>",Blu-Ray,Media > Videos,,"Blu-Ray, Floor Sale, Formatted, Thriller",true,Genre,Thriller,,,,,,,,,0.0,shopify,1,deny,manual,6.00,,true,true,,,,,45421818,https://cdn.shopify.com/s/files/1/0671/0552/1726/files/8xWo2WE36JdBwlCmwvXM4bb5rBg.jpg?v=1788267203,1,Dead Man Down (2013) poster,false,,,,,,,thriller,,,,,,,,,,,,lb,,,active
the-day-after-tomorrow-dvd-floor-sale-sci-fi,The Day After Tomorrow,"<p>After paleoclimatologist Jack Hall is largely ignored by UN officials when presenting his environmental concerns about the beginning of a new Ice Age, his research proves true when a superstorm develops, setting off catastrophic natural disasters throughout the world. Trying to get to his son, Sam, who is trapped in New York City with his friend Laura and others, Jack and his crew must travel to get to Sam before it's too late.</p>",DVD,Media > Videos,,"DVD, Floor Sale, Formatted, Sci-Fi",true,Genre,Sci-Fi,,,,,,,,,0.0,shopify,1,deny,manual,5.00,,true,true,,,,,45520122,https://cdn.shopify.com/s/files/1/0671/0552/1726/files/Wr4HeYQRvwVCxzOV5TmGE7UkXq.jpg?v=1788267202,1,The Day After Tomorrow (2004) poster,false,,,,,,,sci-fi,,,,,,,,,,,,lb,,,active
the-bridges-of-madison-county-dvd-floor-sale-drama,The Bridges of Madison County,<p>Photographer Robert Kincaid wanders into the life of housewife Francesca Johnson for four days in the 1960s.</p>,DVD,Media > Videos,,"Drama, DVD, Floor Sale, Formatted",true,Genre,Drama,,,,,,,,,0.0,shopify,1,deny,manual,5.00,,false,false,,,,,45585658,https://cdn.shopify.com/s/files/1/0671/0552/1726/files/aCBrhOQjhG397GLkEZ49zReQEKX.jpg?v=1788194636,1,The Bridges of Madison County (1995) poster,false,,,,,,,drama,,,,,,,,,,,,lb,,,active
triple-feature-the-goonies-gremlins-gremlins-2-bluray-floor-sale-fantasy,"Triple Feature: The Goonies, Gremlins, Gremlins 2","<p>A triple feature pairing three 1980s adventure-comedy favorites: The Goonies (1985), Gremlins (1984), and Gremlins 2: The New Batch (1990).</p>",Blu-Ray,Media > Videos,,"Blu-Ray, Fantasy, Floor Sale, Formatted",true,Genre,Fantasy,,,,,,,,,0.0,shopify,1,deny,manual,12.00,,false,false,,,,,45651194,https://cdn.shopify.com/s/files/1/0671/0552/1726/files/81MAq4tP08L._SX385.jpg?v=1788272128,1,"Triple Feature: The Goonies, Gremlins, Gremlins 2 poster",false,,,,,,,fantasy,,,,,,,,,,,,lb,,,active
charlie-and-the-chocolate-factory-2005-dvd-floor-sale-kids-family,Charlie and the Chocolate Factory (2005),"<p>A young boy wins a tour through the most magnificent chocolate factory in the world, led by the world's most unusual candy maker.</p>",DVD,Media > Videos,,"DVD, Floor Sale, Formatted, Kids & Family",true,Genre,Kids & Family,,,,,,,,,0.0,shopify,1,deny,manual,6.00,,false,false,,,,,45913338,https://cdn.shopify.com/s/files/1/0671/0552/1726/files/iKP6wg3c6COUe8gYutoGG7qcPnO.jpg?v=1788194635,1,Charlie and the Chocolate Factory (2005) poster,false,,,,,,,kids-family,,,,,,,,,,,,lb,,,active
the-change-up-unrated-bluray-floor-sale-comedy,The Change -Up (Unrated),"<p>Lifelong friends Dave and Mitch are envious of the other's life. Mitch thinks Dave has it all: a beautiful, loving family and a high-paying job at a prestigious law firm. But Dave thinks Mitch’s stress-free playboy life without obligation or consequence is the real dream come true. One fateful drunken night, they both admit that they wish they had the other’s life while peeing in a fountain when lightning strikes. The next morning, they wake up, hungover, in each other’s bodies! With time not on their side, Mitch and Dave comically struggle to avoid completely destroying each other’s lives before they can find a way to get their old ones back.</p>",Blu-Ray,Media > Videos,,"Blu-Ray, Comedy, Floor Sale, Formatted",true,Genre,Comedy,,,,,,,,,0.0,shopify,1,deny,manual,6.00,,true,true,,,,,45978874,https://cdn.shopify.com/s/files/1/0671/0552/1726/files/iV6ARQZyGpjygtzFMdWH9U1Lj9x.jpg?v=1788267201,1,The Change -Up () (2011) poster,false,,,,,,,comedy,,,,,,,,,,,,lb,,,active
gettysburg-bluray-floor-sale-drama,Gettysburg,"<p>In the summer of 1863, General Robert E. Lee leads the Confederate Army of Northern Virginia into Gettysburg, Pennsylvania with the goal of marching through to Washington, D.C. The Union Army of the Potomac, under the command of General George G. Meade, forms a defensive position to confront the rebel forces in what will prove to be the decisive battle of the American Civil War.</p>",Blu-Ray,Media > Videos,,"Blu-Ray, Drama, Floor Sale, Formatted",true,Genre,Drama,,,,,,,,,0.0,shopify,1,deny,manual,5.00,,true,true,,,,,46109946,https://cdn.shopify.com/s/files/1/0671/0552/1726/files/k0XKdT3QbycMB8f2H7CEZVx2t4m.jpg?v=1788267201,1,Gettysburg (1993) poster,false,,,,,,,drama,,,,,,,,,,,,lb,,,active
green-zone-bluray-floor-sale-thriller,Green Zone,"<p>During the U.S.-led occupation of Baghdad in 2003, Chief Warrant Officer Roy Miller and his team of Army inspectors are dispatched to find weapons of mass destruction believed to be stockpiled in the Iraqi desert. Rocketing from one booby-trapped and treacherous site to the next, the men search for deadly chemical agents but stumble instead upon an elaborate cover-up that threatens to invert the purpose of their mission.</p>",Blu-Ray,Media > Videos,,"Blu-Ray, Floor Sale, Formatted, Thriller",true,Genre,Thriller,,,,,,,,,0.0,shopify,1,deny,manual,6.00,,true,true,,,,,46175482,https://cdn.shopify.com/s/files/1/0671/0552/1726/files/czFIaeukSxNEccysQeys1PCkuOG_f5d270d9-9b33-4151-8d1f-5d8120a5899b.jpg?v=1788267201,1,Green Zone (2010) poster,false,,,,,,,thriller,,,,,,,,,,,,lb,,,active
the-ghost-and-the-darkness-dvd-floor-sale-thriller,The Ghost and the Darkness,"<p>Sir Robert Beaumont is behind schedule on a railroad in Africa. Enlisting noted engineer John Henry Patterson to right the ship, Beaumont expects results. Everything seems great until the crew discovers the mutilated corpse of the project's foreman, seemingly killed by a lion. After several more attacks, Patterson calls in famed hunter Charles Remington, who has finally met his match in the bloodthirsty lions.</p>",DVD,Media > Videos,,"DVD, Floor Sale, Formatted, Thriller",true,Genre,Thriller,,,,,,,,,0.0,shopify,1,deny,manual,6.00,,false,false,,,,,46241018,https://cdn.shopify.com/s/files/1/0671/0552/1726/files/3KEPs6RKlin9pT9fqjtW7MSLC8H_2e02332e-ba0b-47b4-aa68-1e9b17539ab7.jpg?v=1788194633,1,The Ghost and the Darkness (1996) poster,false,,,,,,,thriller,,,,,,,,,,,,lb,,,active
christopher-robin-bluray-floor-sale-kids-family,Christopher Robin,"<p>Christopher Robin, the boy who had countless adventures in the Hundred Acre Wood, has grown up and lost his way. Now it’s up to his spirited and loveable stuffed animals, Winnie The Pooh, Tigger, Piglet, and the rest of the gang, to rekindle their friendship and remind him of endless days of childlike wonder and make-believe, when doing nothing was the very best something.</p>",Blu-Ray,Media > Videos,,"Blu-Ray, Floor Sale, Formatted, Kids & Family",true,Genre,Kids & Family,,,,,,,,,0.0,shopify,1,deny,manual,6.00,,false,false,,,,,46306554,https://cdn.shopify.com/s/files/1/0671/0552/1726/files/i6Ytex4d3CdfIKJFxB5v5vh24vb_efba612d-c60d-4b1a-9ffb-d11f33689fa5.jpg?v=1788194632,1,Christopher Robin (2018) poster,false,,,,,,,kids-family,,,,,,,,,,,,lb,,,active
clash-of-the-titans-1981-dvd-floor-sale-fantasy,Clash of the Titans (1981),"<p>To win the right to marry his love, the beautiful princess Andromeda, and fulfil his destiny, half-God-half-mortal Perseus must complete various tasks including taming Pegasus, capturing Medusa's head and battling the feared Kraken.</p>",DVD,Media > Videos,,"DVD, Fantasy, Floor Sale, Formatted",true,Genre,Fantasy,,,,,,,,,0.0,shopify,1,deny,manual,8.00,,false,false,,,,,47302394,https://cdn.shopify.com/s/files/1/0671/0552/1726/files/5JCLODNLJH6alc3KmyoiC21Nlob.jpg?v=1788194631,1,Clash of the Titans (1981) poster,false,,,,,,,fantasy,,,,,,,,,,,,lb,,,active
cloud-atlas-dvd-floor-sale-sci-fi,Cloud Atlas,"<p>A set of six nested stories spanning time between the 19th century and a distant post-apocalyptic future. Cloud Atlas explores how the actions and consequences of individual lives impact one another throughout the past, the present and the future. Action, mystery and romance weave through the story as one soul is shaped from a killer into a hero and a single act of kindness ripples across centuries to inspire a revolution in the distant future.  Based on the award winning novel by David Mitchell. Directed by Tom Tykwer and the Wachowskis.</p>",DVD,Media > Videos,,"DVD, Floor Sale, Formatted, Sci-Fi",true,Genre,Sci-Fi,,,,,,,,,0.0,shopify,1,deny,manual,5.00,,false,false,,,,,47367930,https://cdn.shopify.com/s/files/1/0671/0552/1726/files/8naVv2Xu3rWI5JKHz0vCujx6GaJ_cd2f81d2-a2f4-4193-8cbb-8013aacd2a08.jpg?v=1788194630,1,Cloud Atlas (2012) poster,false,,,,,,,sci-fi,,,,,,,,,,,,lb,,,active
cliffhanger-bluray-floor-sale-thriller,Cliffhanger,"<p>A year after losing his friend in a tragic 4,000-foot fall, former ranger Gabe Walker and his partner, Hal, are called to return to the same peak to rescue a group of stranded climbers, only to learn the climbers are actually thieving hijackers who are looking for boxes full of money.</p>",Blu-Ray,Media > Videos,,"Blu-Ray, Floor Sale, Formatted, Thriller",true,Genre,Thriller,,,,,,,,,0.0,shopify,1,deny,manual,10.00,,true,true,,,,,47400698,https://cdn.shopify.com/s/files/1/0671/0552/1726/files/b28DOM54OHb1c7Lsk6Nu7Kwuonj_f4c95b40-ba5c-457d-82e3-33f372afe731.jpg?v=1788267201,1,Cliffhanger (1993) poster,false,,,,,,,thriller,,,,,,,,,,,,lb,,,active
broken-city-bluray-floor-sale-thriller,Broken City,"<p>In a broken city rife with injustice, ex-cop Billy Taggart seeks redemption and revenge after being double-crossed and then framed by its most powerful figure, the mayor. Billy's relentless pursuit of justice, matched only by his streetwise toughness, makes him an unstoppable force - and the mayor's worst nightmare.</p>",Blu-Ray,Media > Videos,,"Blu-Ray, Floor Sale, Formatted, Thriller",true,Genre,Thriller,,,,,,,,,0.0,shopify,1,deny,manual,6.00,,false,false,,,,,47499002,https://cdn.shopify.com/s/files/1/0671/0552/1726/files/hqa5FwNZC55zqSpdeGFtBDqw55y.jpg?v=1788194629,1,Broken City (2013) poster,false,,,,,,,thriller,,,,,,,,,,,,lb,,,active
the-constant-gardener-dvd-floor-sale-thriller,The Constant Gardener,"<p>Justin Quayle is a low-level British diplomat who has always gone about his work very quietly, not causing any problems. But after his radical wife Tessa is killed he becomes determined to find out why, thrusting himself into the middle of a very dangerous conspiracy.</p>",DVD,Media > Videos,,"DVD, Floor Sale, Formatted, Thriller",true,Genre,Thriller,,,,,,,,,0.0,shopify,1,deny,manual,6.00,,false,false,,,,,47564538,https://cdn.shopify.com/s/files/1/0671/0552/1726/files/nkXq7V7mmJVbvwZGr3nxkHo7HkS_c843f1e4-ca42-4048-838b-2aa5a84d5cdd.jpg?v=1788194629,1,The Constant Gardener (2005) poster,false,,,,,,,thriller,,,,,,,,,,,,lb,,,active
bumblebee-bluray-floor-sale-action,BumbleBee,"<p>On the run in the year 1987, Bumblebee finds refuge in a junkyard in a small Californian beach town. Charlie, on the cusp of turning 18 and trying to find her place in the world, discovers Bumblebee, battle-scarred and broken.  When Charlie revives him, she quickly learns this is no ordinary yellow VW bug.</p>",Blu-Ray,Media > Videos,,"Action, Blu-Ray, Floor Sale, Formatted",true,Genre,Action,,,,,,,,,0.0,shopify,1,deny,manual,6.00,,true,true,,,,,47597306,https://cdn.shopify.com/s/files/1/0671/0552/1726/files/fw02ONlDhrYjTSZV8XO6hhU3ds3.jpg?v=1788267200,1,BumbleBee (2018) poster,false,,,,,,,action,,,,,,,,,,,,lb,,,active
michael-clayton-dvd-floor-sale-thriller,Michael Clayton,"<p>A law firm brings in its ""fixer"" to remedy the situation after a lawyer has a breakdown while representing a chemical company that he knows is guilty in a multi-billion dollar class action suit.</p>",DVD,Media > Videos,,"DVD, Floor Sale, Formatted, Thriller",true,Genre,Thriller,,,,,,,,,0.0,shopify,1,deny,manual,6.00,,false,false,,,,,47630074,https://cdn.shopify.com/s/files/1/0671/0552/1726/files/hhkW4yVIGo8Bee3UITKvqOvhNMG_54755f12-b285-4c0e-a600-a177e4c8a70a.jpg?v=1788194628,1,Michael Clayton (2007) poster,false,,,,,,,thriller,,,,,,,,,,,,lb,,,active
the-brave-one-dvd-floor-sale-thriller,The Brave One,<p>A woman struggles to recover from a brutal attack by setting out on a mission for revenge.</p>,DVD,Media > Videos,,"DVD, Floor Sale, Formatted, Thriller",true,Genre,Thriller,,,,,,,,,0.0,shopify,1,deny,manual,5.00,,true,true,,,,,47695610,https://cdn.shopify.com/s/files/1/0671/0552/1726/files/tdbOFY9ZnmOcxbNThJqGaIGCOow.jpg?v=1788267200,1,The Brave One (2007) poster,false,,,,,,,thriller,,,,,,,,,,,,lb,,,active
breach-dvd-floor-sale-thriller,Breach,"<p>Eric O'Neill, a low-level surveillance expert with the FBI, believes he is accomplishing his dream of becoming a full-fledged agent, with his unexpected promotion and assignment to clerk for Robert Hanssen, a renowned senior agent with 25 years in the FBI. However, he soon learns the reason for his promotion is to gain Hanssen's trust and find proof that he is a traitor to the country. Determined to draw the suspected double-agent out of deep cover, O'Neill finds himself in a lethal game of spy vs. spy, where nothing is as it seems.</p>",DVD,Media > Videos,,"DVD, Floor Sale, Formatted, Thriller",true,Genre,Thriller,,,,,,,,,0.0,shopify,1,deny,manual,5.00,,true,true,,,,,47728378,https://cdn.shopify.com/s/files/1/0671/0552/1726/files/m2iVkJPxDrrink7NiE412nFBMQj.jpg?v=1788267199,1,Breach (2007) poster,false,,,,,,,thriller,,,,,,,,,,,,lb,,,active
deadpool-bluray-floor-sale-action,Deadpool,"<p>The origin story of former Special Forces operative turned mercenary Wade Wilson, who, after being subjected to a rogue experiment that leaves him with accelerated healing powers, adopts the alter ego Deadpool. Armed with his new abilities and a dark, twisted sense of humor, Deadpool hunts down the man who nearly destroyed his life.</p>",Blu-Ray,Media > Videos,,"Action, Blu-Ray, Floor Sale, Formatted",true,Genre,Action,,,,,,,,,0.0,shopify,1,deny,manual,6.00,,false,false,,,,,47793914,https://cdn.shopify.com/s/files/1/0671/0552/1726/files/3E53WEZJqP6aM84D8CckXx4pIHw_ff880531-4d74-46a2-9441-2ca26edb9965.jpg?v=1788194627,1,Deadpool (2016) poster,false,,,,,,,action,,,,,,,,,,,,lb,,,active
deadpool-2-bluray-floor-sale-action,Deadpool 2,<p>Wisecracking mercenary Deadpool battles the evil and powerful Cable and other bad guys to save a boy's life.</p>,Blu-Ray,Media > Videos,,"Action, Blu-Ray, Floor Sale, Formatted",true,Genre,Action,,,,,,,,,0.0,shopify,1,deny,manual,6.00,,false,false,,,,,47826682,https://cdn.shopify.com/s/files/1/0671/0552/1726/files/to0spRl1CMDvyUbOnbb4fTk3VAd.jpg?v=1788194627,1,Deadpool 2 (2018) poster,false,,,,,,,action,,,,,,,,,,,,lb,,,active
the-dark-night-rises-bluray-floor-sale-action,The Dark Knight Rises,"<p>Following the death of District Attorney Harvey Dent, Batman assumes responsibility for Dent's crimes to protect the late attorney's reputation and is subsequently hunted by the Gotham City Police Department. Eight years later, Batman encounters the mysterious Selina Kyle and the villainous Bane, a new terrorist leader who overwhelms Gotham's finest. The Dark Knight resurfaces to protect a city that has branded him an enemy.</p>",Blu-Ray,Media > Videos,,"Action, Blu-Ray, Floor Sale, Formatted",true,Genre,Action,,,,,,,,,0.0,shopify,1,deny,manual,6.00,,false,false,,,,,47892218,https://cdn.shopify.com/s/files/1/0671/0552/1726/files/hr0L2aueqlP2BYUblTTjmtn0hw4.jpg?v=1788194626,1,The Dark Knight Rises (2012) poster,false,,,,,,,action,,,,,,,,,,,,lb,,,active
despicable-me-2-bluray-floor-sale-kids-family,Despicable Me 2,<p>Gru is recruited by the Anti-Villain League to help deal with a powerful new super criminal.</p>,Blu-Ray,Media > Videos,,"Blu-Ray, Floor Sale, Formatted, Kids & Family",true,Genre,Kids & Family,,,,,,,,,0.0,shopify,1,deny,manual,6.00,,false,false,,,,,47924986,https://cdn.shopify.com/s/files/1/0671/0552/1726/files/5Fh4NdoEnCjCK9wLjdJ9DJNFl2b_56dd1bc4-4d84-4dcb-91be-c63294218c34.jpg?v=1788194625,1,Despicable Me 2 (2013) poster,false,,,,,,,kids-family,,,,,,,,,,,,lb,,,active
deepwater-horizon-bluray-floor-sale-action,Deepwater Horizon,"<p>A story set on the offshore drilling rig Deepwater Horizon, which exploded during April 2010 and created the worst oil spill in U.S. history.</p>",Blu-Ray,Media > Videos,,"Action, Blu-Ray, Floor Sale, Formatted",true,Genre,Action,,,,,,,,,0.0,shopify,1,deny,manual,6.00,,false,false,,,,,48318202,https://cdn.shopify.com/s/files/1/0671/0552/1726/files/jgBIYCZACe3iaS9TL2XzVGkO5p5_37861d2a-2c3f-446b-892f-7ebdc53cc2bb.jpg?v=1788194624,1,Deepwater Horizon (2016) poster,false,,,,,,,action,,,,,,,,,,,,lb,,,active
deep-impact-bluray-floor-sale-sci-fi,Deep Impact,"<p>A seven-mile-wide space rock is hurtling toward Earth, threatening to obliterate the planet. Now, it's up to the president of the United States to save the world. He appoints a tough-as-nails veteran astronaut to lead a joint American-Russian crew into space to destroy the comet before impact. Meanwhile, an enterprising reporter uses her smarts to uncover the scoop of the century.</p>",Blu-Ray,Media > Videos,,"Blu-Ray, Floor Sale, Formatted, Sci-Fi",true,Genre,Sci-Fi,,,,,,,,,0.0,shopify,1,deny,manual,6.00,,true,true,,,,,48350970,https://cdn.shopify.com/s/files/1/0671/0552/1726/files/a3vQS7JKqlOb3MdVJHuTCP9s7Mg_5e53f739-da7b-4d05-9c87-f4f216a75f55.jpg?v=1788267199,1,Deep Impact (1998) poster,false,,,,,,,sci-fi,,,,,,,,,,,,lb,,,active
the-dark-tower-bluray-floor-sale-fantasy,The Dark Tower,<p>A boy haunted by visions of a parallel world aids its disillusioned guardian in preventing the destruction of the nexus of universes known as the Dark Tower.</p>,Blu-Ray,Media > Videos,,"Blu-Ray, Fantasy, Floor Sale, Formatted",true,Genre,Fantasy,,,,,,,,,0.0,shopify,1,deny,manual,10.00,,true,true,,,,,48416506,https://cdn.shopify.com/s/files/1/0671/0552/1726/files/i9GUSgddIqrroubiLsvvMRYyRy0.jpg?v=1788267198,1,The Dark Tower (2017) poster,false,,,,,,,fantasy,,,,,,,,,,,,lb,,,active
flight-of-the-pheonix-bluray-floor-sale-action,Flight of the Pheonix,<p>Flight of the Phoenix is a 2004 American survival drama film about plane crash survivors stranded in the Gobi Desert who attempt to rebuild their aircraft. A remake of the 1965 film of the same name.</p>,Blu-Ray,Media > Videos,,"Action, Blu-Ray, Floor Sale, Formatted",true,Genre,Action,,,,,,,,,0.0,shopify,1,deny,manual,6.00,,false,false,,,,,51422202,https://cdn.shopify.com/s/files/1/0671/0552/1726/files/Flightofthephoenix.png?v=1788272126,1,Flight of the Pheonix poster,false,,,,,,,action,,,,,,,,,,,,lb,,,active
divergent-bluray-floor-sale-sci-fi,Divergent,"<p>In a world divided into factions based on personality types, Tris learns that she's been classified as Divergent and won't fit in. When she discovers a plot to destroy Divergents, Tris and the mysterious Four must find out what makes Divergents dangerous before it's too late.</p>",Blu-Ray,Media > Videos,,"Blu-Ray, Floor Sale, Formatted, Sci-Fi",true,Genre,Sci-Fi,,,,,,,,,0.0,shopify,1,deny,manual,6.00,,false,false,,,,,51749882,https://cdn.shopify.com/s/files/1/0671/0552/1726/files/aNh4Q3iuPKDMPi2SL7GgOpiLukX.jpg?v=1788194623,1,Divergent (2014) poster,false,,,,,,,sci-fi,,,,,,,,,,,,lb,,,active
dark-shadows-dvd-floor-sale-comedy,Dark Shadows,<p>Vampire Barnabas Collins is inadvertently freed from his tomb and emerges into the very changed world of 1972. He returns to Collinwood Manor to find that his once-grand estate and family have fallen into ruin.</p>,DVD,Media > Videos,,"Comedy, DVD, Floor Sale, Formatted",true,Genre,Comedy,,,,,,,,,0.0,shopify,1,deny,manual,5.00,,true,true,,,,,51848186,https://cdn.shopify.com/s/files/1/0671/0552/1726/files/fd9Ck4cxVlmtXsbeGtQW7WFuUFI.jpg?v=1788267198,1,Dark Shadows (2012) poster,false,,,,,,,comedy,,,,,,,,,,,,lb,,,active
flight-dvd-floor-sale-drama,Flight,"<p>Commercial airline pilot Whip Whitaker has a problem with drugs and alcohol, though so far he's managed to complete his flights safely. His luck runs out when a disastrous mechanical malfunction sends his plane hurtling toward the ground. Whip pulls off a miraculous crash-landing that results in only six lives lost. Shaken to the core, Whip vows to get sober -- but when the crash investigation exposes his addiction, he finds himself in an even worse situation.</p>",DVD,Media > Videos,,"Drama, DVD, Floor Sale, Formatted",true,Genre,Drama,,,,,,,,,0.0,shopify,1,deny,manual,6.00,,true,true,,,,,52143098,https://cdn.shopify.com/s/files/1/0671/0552/1726/files/tFsHDNclXoCKy2xMxskzXXMaFJS.jpg?v=1788267198,1,Flight (2012) poster,false,,,,,,,drama,,,,,,,,,,,,lb,,,active
double-feature-first-wives-club-sliding-doors-dvd-floor-sale-comedy-drama,"Double Feature: First Wives Club, Sliding Doors",,DVD,Media > Videos,,"Comedy, Drama, DVD, Floor Sale, Formatted",true,Genre,Comedy,,,,,,,,,0.0,shopify,1,deny,manual,6.00,,false,false,,,,,52241402,,,,false,,,,,,,comedy; drama,,,,,,,,,,,,lb,,,active
forrest-gump-bluray-floor-sale-drama,Forrest Gump,"<p>A man with a low IQ has accomplished great things in his life and been present during significant historic events—in each case, far exceeding what anyone imagined he could do. But despite all he has achieved, his one true love eludes him.</p>",Blu-Ray,Media > Videos,,"Blu-Ray, Drama, Floor Sale, Formatted",true,Genre,Drama,,,,,,,,,0.0,shopify,1,deny,manual,12.00,,false,false,,,,,52929530,https://cdn.shopify.com/s/files/1/0671/0552/1726/files/Cw4hIUIAmSYfK9QfaUW5igp9La_113232ec-73fc-42f2-871a-28d531306fbe.jpg?v=1788194622,1,Forrest Gump (1994) poster,false,,,,,,,drama,,,,,,,,,,,,lb,,,active
the-golden-compass-dvd-floor-sale-fantasy,The Golden Compass,"<p>In a parallel universe, after overhearing a shocking secret, precocious orphan Lyra Belacqua trades her carefree existence roaming the halls of Jordan College for an otherworldly adventure in the far North, unaware that it's part of her destiny.</p>",DVD,Media > Videos,,"DVD, Fantasy, Floor Sale, Formatted",true,Genre,Fantasy,,,,,,,,,0.0,shopify,1,deny,manual,5.00,,false,false,,,,,53093370,https://cdn.shopify.com/s/files/1/0671/0552/1726/files/6DTH9poR8RAw859L6OuokT7z993_d59ac1bc-b603-4d8f-8b1f-ff763d728d47.jpg?v=1788194621,1,The Golden Compass (2007) poster,false,,,,,,,fantasy,,,,,,,,,,,,lb,,,active
fire-with-fire-dvd-floor-sale-thriller,Fire with Fire,<p>A fireman takes an unexpected course of action when a man whom he's been ordered to testify against—after being held up at a local convenience store—threatens him.</p>,DVD,Media > Videos,,"DVD, Floor Sale, Formatted, Thriller",true,Genre,Thriller,,,,,,,,,0.0,shopify,1,deny,manual,5.00,,true,true,,,,,53355514,https://cdn.shopify.com/s/files/1/0671/0552/1726/files/kziBJGQFo9f0Vkj9s37qI0G9I0I_3d21df21-f296-4d9c-b75c-71fb5c1dea8c.jpg?v=1788267198,1,Fire with Fire (2012) poster,false,,,,,,,thriller,,,,,,,,,,,,lb,,,active
allegiant-bluray-floor-sale-sci-fi,Allegiant,<p>Beatrice Prior and Tobias Eaton venture into the world outside of the fence and are taken into protective custody by a mysterious agency known as the Bureau of Genetic Welfare.</p>,Blu-Ray,Media > Videos,,"Blu-Ray, Floor Sale, Formatted, Sci-Fi",true,Genre,Sci-Fi,,,,,,,,,0.0,shopify,1,deny,manual,6.00,,false,false,,,,,53781498,https://cdn.shopify.com/s/files/1/0671/0552/1726/files/faq9JlF8znUGQ5p3En1W61Fi5p0.jpg?v=1788194621,1,Allegiant (2016) poster,false,,,,,,,sci-fi,,,,,,,,,,,,lb,,,active
brave-dvd-floor-sale-kids-family,Brave,"<p>In the mystical Scottish Highlands, Merida is the princess of a kingdom ruled by King Fergus and Queen Elinor. An unruly daughter and an accomplished archer, Merida one day defies a sacred custom of the land and inadvertently brings turmoil to the kingdom. In an attempt to set things right, Merida seeks out an eccentric old Wise Woman and is granted an ill-fated wish. Also figuring into Merida's quest — and serving as comic relief — are the kingdom's three lords: the enormous Lord MacGuffin, the surly Lord Macintosh, and the disagreeable Lord Dingwall.</p>",DVD,Media > Videos,,"DVD, Floor Sale, Formatted, Kids & Family",true,Genre,Kids & Family,,,,,,,,,0.0,shopify,1,deny,manual,5.00,,true,true,,,,,54109178,https://cdn.shopify.com/s/files/1/0671/0552/1726/files/1XAuDtMWpL0sYSFK0R6EZate2Ux.jpg?v=1788267197,1,Brave (2012) poster,false,,,,,,,kids-family,,,,,,,,,,,,lb,,,active
the-dark-crystal-dvd-floor-sale-kids-family,The Dark Crystal,"<p>On another planet in the distant past, a Gelfling embarks on a quest to find the missing shard of a magical crystal and restore order to his world, before the grotesque race of Skeksis find and use the crystal for evil.</p>",DVD,Media > Videos,,"DVD, Floor Sale, Formatted, Kids & Family",true,Genre,Kids & Family,,,,,,,,,0.0,shopify,1,deny,manual,10.00,,false,false,,,,,54371322,https://cdn.shopify.com/s/files/1/0671/0552/1726/files/fZPxRaa6gvCyGCh9Xk5kyPqz7fp.jpg?v=1788194620,1,The Dark Crystal (1982) poster,false,,,,,,,kids-family,,,,,,,,,,,,lb,,,active
blazing-saddles-dvd-floor-sale-comedy,Blazing Saddles,"<p>Crafty railroad worker Bart becomes the first Black sheriff of Rock Ridge, a frontier town about to be destroyed in order to make way for a new railroad. Initially, the citizens of Rock Ridge harbor a racial bias toward their new protector. However, they warm to him after realizing that Bart and his perpetually drunk gunfighter friend Jim are their only defense against a wave of thugs sent to rid the town of its population.</p>",DVD,Media > Videos,,"Comedy, DVD, Floor Sale, Formatted",true,Genre,Comedy,,,,,,,,,0.0,shopify,1,deny,manual,7.00,,false,false,,,,,54666234,https://cdn.shopify.com/s/files/1/0671/0552/1726/files/vNw1gOEDdYTDeNMuuq8OmiEHrfH_6f4000ce-4d00-4874-b776-e5f571613db4.jpg?v=1788194619,1,Blazing Saddles (1974) poster,false,,,,,,,comedy,,,,,,,,,,,,lb,,,active
blood-diamond-bluray-floor-sale-drama,Blood Diamond,"<p>An ex-mercenary turned smuggler. A Mende fisherman. Amid the explosive civil war overtaking 1999 Sierra Leone, these men join for two desperate missions: recovering a rare pink diamond of immense value and rescuing the fisherman's son, conscripted as a child soldier into the brutal rebel forces ripping a swath of torture and bloodshed countrywide.</p>",Blu-Ray,Media > Videos,,"Blu-Ray, Drama, Floor Sale, Formatted",true,Genre,Drama,,,,,,,,,0.0,shopify,1,deny,manual,6.00,,true,true,,,,,54797306,https://cdn.shopify.com/s/files/1/0671/0552/1726/files/sYAUuiWpoXGKHxUfHyjTj7Apj2h.jpg?v=1788267197,1,Blood Diamond (2006) poster,false,,,,,,,drama,,,,,,,,,,,,lb,,,active
the-gettysburg-story-bluray-floor-sale-documentary,The Gettysburg Story,<p>A documentary about the Battle of Gettysburg during the US Civil War.</p>,Blu-Ray,Media > Videos,,"Blu-Ray, Documentary, Floor Sale, Formatted",true,Genre,Documentary,,,,,,,,,0.0,shopify,1,deny,manual,6.00,,false,false,,,,,55616506,https://cdn.shopify.com/s/files/1/0671/0552/1726/files/x1aKieL7JbOybGsj1rPMBcLTWUa.jpg?v=1788194619,1,The Gettysburg Story (2013) poster,false,,,,,,,documentary,,,,,,,,,,,,lb,,,active
get-smart-bluray-floor-sale-comedy,Get Smart,"<p>When members of the nefarious crime syndicate KAOS attack the U.S. spy agency Control and the identities of secret agents are compromised, the Chief has to promote hapless but eager analyst Maxwell Smart to field agent. He is partnered with veteran and capable Agent 99, the only spy whose cover remains intact. Can they work together to thwart the evil world-domination plans of KAOS and its crafty operative?</p>",Blu-Ray,Media > Videos,,"Blu-Ray, Comedy, Floor Sale, Formatted",true,Genre,Comedy,,,,,,,,,0.0,shopify,1,deny,manual,6.00,,false,false,,,,,55878650,https://cdn.shopify.com/s/files/1/0671/0552/1726/files/sZUjbtUS8qxXp4mj90evnqPJqX7.jpg?v=1788194618,1,Get Smart (2008) poster,false,,,,,,,comedy,,,,,,,,,,,,lb,,,active
get-hard-unrated-bluray-floor-sale-comedy,Get Hard (Unrated),"<p>When millionaire hedge fund manager James is convicted of fraud and sentenced to a stretch in San Quentin, the judge gives him one month to get his affairs in order. Knowing that he won't survive more than a few minutes in prison on his own, James desperately turns to Darnell-- a black businessman who's never even had a parking ticket -- for help. As Darnell puts James through the wringer, both learn that they were wrong about many things, including each other.</p>",Blu-Ray,Media > Videos,,"Blu-Ray, Comedy, Floor Sale, Formatted",true,Genre,Comedy,,,,,,,,,0.0,shopify,1,deny,manual,6.00,,false,false,,,,,56009722,https://cdn.shopify.com/s/files/1/0671/0552/1726/files/rJPbS2cYOYhDCjT5NmW1Fm6gFl3_f9a4cdde-70cb-4468-a0de-7d097dcfc825.jpg?v=1788194617,1,Get Hard () (2015) poster,false,,,,,,,comedy,,,,,,,,,,,,lb,,,active
