Handle,Title,Body (HTML),Vendor,Product Category,Type,Tags,Published,Option1 Name,Option1 Value,Option1 Linked To,Option2 Name,Option2 Value,Option2 Linked To,Option3 Name,Option3 Value,Option3 Linked To,Variant SKU,Variant Grams,Variant Inventory Tracker,Variant Inventory Qty,Variant Inventory Policy,Variant Fulfillment Service,Variant Price,Variant Compare At Price,Variant Requires Shipping,Variant Taxable,Unit Price Total Measure,Unit Price Total Measure Unit,Unit Price Base Measure,Unit Price Base Measure Unit,Variant Barcodes,Image Src,Image Position,Image Alt Text,Gift Card,SEO Title,SEO Description,Country (product.metafields.custom.country),Decade (product.metafields.custom.decade),Director (product.metafields.custom.director),Format (product.metafields.custom.format),Genres (product.metafields.custom.genres),Media condition (product.metafields.custom.media_condition),Runtime (min) (product.metafields.custom.runtime),Staff pick note (product.metafields.custom.staff_pick_note),Year (product.metafields.custom.year),Color (product.metafields.shopify.color-pattern),Genre (product.metafields.shopify.genre),Language version (product.metafields.shopify.language-version),Media content type (product.metafields.shopify.media-content-type),MPAA rating (product.metafields.shopify.mpaa-rating),Neckline (product.metafields.shopify.neckline),Size (product.metafields.shopify.size),Sleeve length type (product.metafields.shopify.sleeve-length-type),Target audience (product.metafields.shopify.target-audience),Top length type (product.metafields.shopify.top-length-type),Complementary products (product.metafields.shopify--discovery--product_recommendation.complementary_products),Related products (product.metafields.shopify--discovery--product_recommendation.related_products),Related products settings (product.metafields.shopify--discovery--product_recommendation.related_products_display),Search product boosts (product.metafields.shopify--discovery--product_search_boost.queries),Supercycle Methods (product.metafields.supercycle.methods),Variant Image,Variant Weight Unit,Variant Tax Code,Cost per item,Status,_reason
mary-poppins-bluray-rental-kids-family,Mary Poppins,"<p>In turn of the century London, a magical nanny employs music and adventure to help two neglected children become closer to their father.</p>",Blu-Ray,Media > Videos,,"Blu-Ray, Formatted, Kids & Family, Rental",true,Genre,Kids & Family,,,,,,,,,0.0,shopify,1,deny,manual,0.00,,true,true,,,,,48255226,https://cdn.shopify.com/s/files/1/0826/6363/7242/files/o4Wsby4ydIXhWmtmfvb451D5Np1.jpg?v=1788880687,1,Mary Poppins (1964) poster,false,,,,,,,,,,,,,kids-family,,,,,,,,,,,,,,,lb,,,active,barcode shared by another distinct product
2012-bluray-rental-action,2012,"<p>Dr. Adrian Helmsley, part of a worldwide geophysical team investigating the effect on the earth of radiation from unprecedented solar storms, learns that the earth's core is heating up. He warns U.S. President Thomas Wilson that the crust of the earth is becoming unstable and that without proper preparations for saving a fraction of the world's population, the entire race is doomed. Meanwhile, writer Jackson Curtis stumbles on the same information. While the world's leaders race to build ""arks"" to escape the impending cataclysm, Curtis struggles to find a way to save his family. Meanwhile, volcanic eruptions and earthquakes of unprecedented strength wreak havoc around the world.</p>",Blu-Ray,Media > Videos,,"Action, Blu-Ray, Formatted, Rental",true,Genre,Action,,,,,,,,,0.0,shopify,1,deny,manual,0.00,,true,true,,,,,48222458,https://cdn.shopify.com/s/files/1/0826/6363/7242/files/zaqam2RNscH5ooYFWInV6hjx6y5_9e440d2a-f2ef-4021-addc-b6562c41edd4.jpg?v=1788880687,1,2012 (2009) poster,false,,,,,,,,,,,,,action,,,,,,,,,,,,,,,lb,,,active,barcode shared by another distinct product
i-robot-bluray-rental-sci-fi,"I, Robot","<p>In 2035, where robots are commonplace and abide by the three laws of robotics, a technophobic cop investigates an apparent suicide. Suspecting that a robot may be responsible for the death, his investigation leads him to believe that humanity may be in danger.</p>",Blu-Ray,Media > Videos,,"Blu-Ray, Formatted, Rental, Sci-Fi",true,Genre,Sci-Fi,,,,,,,,,0.0,shopify,1,deny,manual,0.00,,true,true,,,,,48189690,https://cdn.shopify.com/s/files/1/0826/6363/7242/files/efwv6F2lGaghjPpBRSINHtoEiZB_c28430bf-f976-4f45-8d91-f9f3c1f7fe53.jpg?v=1788880688,1,"I, Robot (2004) poster",false,,,,,,,,,,,,,sci-fi,,,,,,,,,,,,,,,lb,,,active,barcode shared by another distinct product
the-losers-bluray-rental-action,The Losers,,Blu-Ray,Media > Videos,,"Action, Blu-Ray, Formatted, Rental",true,Genre,Action,,,,,,,,,0.0,shopify,1,deny,manual,0.00,,true,true,,,,,48156922,,,,false,,,,,,,,,,,,,action,,,,,,,,,,,,,,,lb,,,active,barcode shared by another distinct product
happy-feet-bluray-rental-kids-family,Happy Feet,"<p>Into the world of the Emperor Penguins, who find their soul mates through song, a penguin is born who cannot sing. But he can tap dance something fierce!</p>",Blu-Ray,Media > Videos,,"Blu-Ray, Formatted, Kids & Family, Rental",true,Genre,Kids & Family,,,,,,,,,0.0,shopify,1,deny,manual,0.00,,true,true,,,,,48124154,https://cdn.shopify.com/s/files/1/0826/6363/7242/files/zP4CK9O70P8GDilfTkPm4lrmaks_ab1bb094-4752-40c4-bcc5-f57d2748788c.jpg?v=1788880690,1,Happy Feet (2006) poster,false,,,,,,,,,,,,,kids-family,,,,,,,,,,,,,,,lb,,,active,barcode shared by another distinct product
sing-bluray-rental-kids-family,Sing,<p>A koala named Buster recruits his best friend to help him drum up business for his theater by hosting a singing competition.</p>,Blu-Ray,Media > Videos,,"Blu-Ray, Formatted, Kids & Family, Rental",true,Genre,Kids & Family,,,,,,,,,0.0,shopify,1,deny,manual,0.00,,true,true,,,,,48091386,https://cdn.shopify.com/s/files/1/0826/6363/7242/files/rwopfpHqPCYBSgBuZwkaXXqHp14.jpg?v=1788880691,1,Sing (2016) poster,false,,,,,,,,,,,,,kids-family,,,,,,,,,,,,,,,lb,,,active,barcode shared by another distinct product
marketa-lazarova-bluray-rental-foreign,Marketa Lazarova,"<p>Mikolás and his brother Adam end up with a young German hostage of noble blood during a robbery. While their clan prepares for the wrath of the German king, Mikolás is sent to pressure his neighbor Lazar into a defense pact. Persuasion fails and he abducts Lazar's daughter Marketa on the eve of her initiation as a nun in an act of vengeance.</p>",Blu-Ray,Media > Videos,,"Blu-Ray, Foreign, Formatted, Rental",true,Genre,Foreign,,,,,,,,,0.0,shopify,1,deny,manual,0.00,,true,true,,,,,48058618,https://cdn.shopify.com/s/files/1/0826/6363/7242/files/bBf0N1kNQGr6btlO9F66VAV1moz.jpg?v=1788880692,1,Marketa Lazarova (1967) poster,false,,,,,,,,,,,,,foreign,,,,,,,,,,,,,,,lb,,,active,barcode shared by another distinct product
the-way-back-bluray-rental-comedy,The Way Back,,Blu-Ray,Media > Videos,,"Blu-Ray, Comedy, Formatted, Rental",true,Genre,Comedy,,,,,,,,,0.0,shopify,1,deny,manual,0.00,,true,true,,,,,47993082,,,,false,,,,,,,,,,,,,comedy,,,,,,,,,,,,,,,lb,,,active,barcode shared by another distinct product
taken-2-bluray-rental-thriller,Taken 2,"<p>In Istanbul, retired CIA operative Bryan Mills and his wife are taken hostage by the father of a kidnapper Mills killed while rescuing his daughter.</p>",Blu-Ray,Media > Videos,,"Blu-Ray, Formatted, Rental, Thriller",true,Genre,Thriller,,,,,,,,,0.0,shopify,1,deny,manual,0.00,,true,true,,,,,47927546,https://cdn.shopify.com/s/files/1/0826/6363/7242/files/yzAlcuJhpnxRPjaj7AHBRbNPQCJ_5ff8287b-0fa6-410f-a79b-252e1eab36d7.jpg?v=1788880693,1,Taken 2 (2012) poster,false,,,,,,,,,,,,,thriller,,,,,,,,,,,,,,,lb,,,active,barcode shared by another distinct product
hang-em-high-vhs-rental-action,Hang 'Em High,"<p>Marshall Jed Cooper survives a hanging, vowing revenge on the lynch mob that left him dangling. To carry out his oath for vengeance, he returns to his former job as a lawman. Before long, he's caught up with the nine men on his hit list and starts dispensing his own brand of Wild West justice.</p>",VHS,Media > Videos,,"Action, Formatted, Rental, VHS",true,Genre,Action,,,,,,,,,0.0,shopify,1,deny,manual,0.00,,true,true,,,,,00341754,https://cdn.shopify.com/s/files/1/0826/6363/7242/files/gFvRKgCAa1MKlcAKZfoDNdR2dgy.jpg?v=1788880757,1,Hang 'Em High (1968) poster,false,,,,,,,,,,,,,action,,,,,,,,,,,,,,,lb,,,active,barcode shared by another distinct product
baywatch-the-movie-vhs-rental-action,Baywatch The Movie,,VHS,Media > Videos,,"Action, Formatted, Rental, VHS",true,Genre,Action,,,,,,,,,0.0,shopify,1,deny,manual,0.00,,true,true,,,,,00276218,,,,false,,,,,,,,,,,,,action,,,,,,,,,,,,,,,lb,,,active,barcode shared by another distinct product
all-about-the-benjamins-vhs-rental-action,All About the Benjamins,"<p>Bounty hunter Bucum Jackson teams with the small-time con artist, Reggie Wright, that he is pursuing, in an attempt to locate a missing stash of diamonds and a lottery ticket worth millions of dollars. Bucum and Reggie find themselves in a race to the finish as they embark on an unlikely partnership that should -- when all is said and done -- prove beneficial to them both.</p>",VHS,Media > Videos,,"Action, Formatted, Rental, VHS",true,Genre,Action,,,,,,,,,0.0,shopify,1,deny,manual,0.00,,true,true,,,,,00177914,https://cdn.shopify.com/s/files/1/0826/6363/7242/files/sO7IpJHjZBGLevi8Ozj9EsAUw5h_3ca9fc05-ec7d-422b-b84d-7d0b7e60beee.jpg?v=1788880759,1,All About the Benjamins (2002) poster,false,,,,,,,,,,,,,action,,,,,,,,,,,,,,,lb,,,active,barcode shared by another distinct product
silk-2-vhs-rental-thriller,Silk 2,"<p>Silk, the smoothest, toughest, and sexiest cop in Honolulu is hot on the trail of ruthless art smugglers who are after a priceless Asian Scroll. Silk will stop at nothing to get her man, even if it means blowing up an entire building.</p>",VHS,Media > Videos,,"Formatted, Rental, Thriller, VHS",true,Genre,Thriller,,,,,,,,,0.0,shopify,1,deny,manual,0.00,,true,true,,,,,00112378,https://cdn.shopify.com/s/files/1/0826/6363/7242/files/4fdCLDFrErF3JgfvYHOln77CLwI.jpg?v=1788880761,1,Silk 2 (1990) poster,false,,,,,,,,,,,,,thriller,,,,,,,,,,,,,,,lb,,,active,barcode shared by another distinct product
cutthroat-island-vhs-rental-action,Cutthroat Island,"<p>Morgan Adams and her slave, William Shaw, are on a quest to recover the three portions of a treasure map. Unfortunately, the final portion is held by her murderous uncle, Dawg. Her crew is skeptical of her leadership abilities, so she must complete her quest before they mutiny against her. This is made yet more difficult by the efforts of the British crown to end her pirate raids.</p>",VHS,Media > Videos,,"Action, Formatted, Rental, VHS",true,Genre,Action,,,,,,,,,0.0,shopify,1,deny,manual,0.00,,false,false,,,,,00341754,https://cdn.shopify.com/s/files/1/0826/6363/7242/files/hYdeBZ4BFXivdouxLfQGWNE6zRx.jpg?v=1788381062,1,Cutthroat Island (1995) poster,false,,,,,,,,,,,,,action,,,,,,,,,,,,,,,lb,,,active,barcode shared by another distinct product
circumstances-unknown-vhs-rental-thriller,Circumstances Unknown,"<p>A psychopath is obsessed with the wife of his longtime friend, which leads to a series of brutal murders.</p>",VHS,Media > Videos,,"Formatted, Rental, Thriller, VHS",true,Genre,Thriller,,,,,,,,,0.0,shopify,1,deny,manual,0.00,,false,false,,,,,00276218,https://cdn.shopify.com/s/files/1/0826/6363/7242/files/iX0FOPg6uwJHYocFmGSGUZPS81L.jpg?v=1788381061,1,Circumstances Unknown (1995) poster,false,,,,,,,,,,,,,thriller,,,,,,,,,,,,,,,lb,,,active,barcode shared by another distinct product
reversal-of-fortune-vhs-rental-drama,Reversal of Fortune,"<p>Wealthy Sunny von Bülow lies brain-dead, husband Claus guilty of attempted murder; but he says he's innocent and hires Alan Dershowitz for his appeal.</p>",VHS,Media > Videos,,"Drama, Formatted, Rental, VHS",true,Genre,Drama,,,,,,,,,0.0,shopify,1,deny,manual,0.00,,true,true,,,,,00177914,https://cdn.shopify.com/s/files/1/0826/6363/7242/files/jEmFeHPsoyHk6RRZslKzC5NVFad.jpg?v=1788381058,1,Reversal of Fortune (1990) poster,false,,,,,,,,,,,,,drama,,,,,,,,,,,,,,,lb,,,active,barcode shared by another distinct product
century-vhs-rental-drama,Century,<p>Turn-of-the-century love story centered around a young doctor and the emergence of modern science.</p>,VHS,Media > Videos,,"Drama, Formatted, Rental, VHS",true,Genre,Drama,,,,,,,,,0.0,shopify,1,deny,manual,0.00,,false,false,,,,,00112378,https://cdn.shopify.com/s/files/1/0826/6363/7242/files/ntFKHMOKwJ42TCxOc3MVgTX4BXb.jpg?v=1788381056,1,Century (1993) poster,false,,,,,,,,,,,,,drama,,,,,,,,,,,,,,,lb,,,active,barcode shared by another distinct product
you-can-count-on-me-vhs-rental-drama,You Can Count on Me,<p>Sammy is a single mother who is extremely protective of her 8-year-old son. She is satisfied with living in the small town she grew up in and working in a local bank. When her brother Terry visits he fits the void in the life of both her and her son. Temporarily free of the constraints of single motherhood she begins to break free of her normal routine. In a string of traumatic events Sammy is torn between helping her brother and her maternal instinct to protect her son from getting hurt.</p>,VHS,Media > Videos,,"Drama, Formatted, Rental, VHS",true,Genre,Drama,,,,,,,,,0.0,shopify,1,deny,manual,0.00,,false,false,,,,,48255226,https://cdn.shopify.com/s/files/1/0826/6363/7242/files/You_Can_Count_on_Me_d601d788-4c69-4dbc-bbb6-b05243de4935.png?v=1788290469,1,You Can Count on Me poster,false,,,,,,,,,,,,,drama,,,,,,,,,,,,,,,lb,,,active,barcode shared by another distinct product
the-yards-vhs-rental-thriller,The Yards,"<p>After serving time in prison for taking the fall for a group of his friends, Leo just wants to get his life back on track. So he goes to the one place he thinks will be safe -- home. There he takes a new job with his highly connected and influential uncle. But in the yards, where his uncle now pulls the strings, safe is not how they do business. Unwittingly, he's drawn into a world of sabotage, high stakes payoffs and even murder.</p>",VHS,Media > Videos,,"Formatted, Rental, Thriller, VHS",true,Genre,Thriller,,,,,,,,,0.0,shopify,1,deny,manual,0.00,,false,false,,,,,48222458,https://cdn.shopify.com/s/files/1/0826/6363/7242/files/images_e74ad9ee-d9e2-4253-8721-026ec9bed7be.jpg?v=1788290468,1,The Yards poster,false,,,,,,,,,,,,,thriller,,,,,,,,,,,,,,,lb,,,active,barcode shared by another distinct product
a-world-apart-vhs-rental-thriller,A World Apart,"<p>Molly (Jodhi May), a white teenage girl living in Johannesburg during the 1960s, finds her life turned upside down when her leftist parents become targets of the pro-apartheid South African government. Molly's father, Gus (Jeroen Krabbé), is forced into exile, but her mother, Diana (Barbara Hershey), continues her activism. As her family's reputation leaves her shunned by fellow Caucasian peers, Molly grows closer to her mother and begins to understand the anti-apartheid cause.</p>",VHS,Media > Videos,,"Formatted, Rental, Thriller, VHS",true,Genre,Thriller,,,,,,,,,0.0,shopify,1,deny,manual,0.00,,false,false,,,,,48189690,https://cdn.shopify.com/s/files/1/0826/6363/7242/files/250px-A_world_apart_bd9084c3-3251-457b-aaba-d7dd207e0521.jpg?v=1788290466,1,A World Apart poster,false,,,,,,,,,,,,,thriller,,,,,,,,,,,,,,,lb,,,active,barcode shared by another distinct product
lakota-woman-vhs-rental-drama,Lakota Woman,"<p>Raised on a Sioux reservation in the 1960s, young Lakota girl Mary Crow Dog (Irene Bedard) learns the history of her people at the foot of her grandfather Fool Bull (Floyd ""Red Crow"" Westerman), a survivor of the legendary massacre at Wounded Knee in 1890. Forced to attend a Catholic boarding school, she loses touch with her tribal heritage until becoming radicalized by a fellow student (Amy Moore Davis) and going forth to regain her Native American identity.</p>",VHS,Media > Videos,,"Drama, Formatted, Rental, VHS",true,Genre,Drama,,,,,,,,,0.0,shopify,1,deny,manual,0.00,,false,false,,,,,48156922,https://cdn.shopify.com/s/files/1/0826/6363/7242/files/images_3dcc9e8c-5455-4052-b1f2-b113e6819bab.jpg?v=1788290465,1,Lakota Woman poster,false,,,,,,,,,,,,,drama,,,,,,,,,,,,,,,lb,,,active,barcode shared by another distinct product
october-sky-vhs-rental-kids-family,October Sky,"<p>John Hickam is a West Virginia coal miner who loves his job and expects his sons, Jim and Homer, to follow in his footsteps. But Jim gets a football scholarship, and Homer becomes interested in rocket science after seeing Sputnik 1 crossing the sky. John disapproves of his son's new mania, but Homer begins building rockets with the help of friends and a sympathetic teacher. Rocketry, he hopes, will prove his ticket to a better life.</p>",VHS,Media > Videos,,"Formatted, Kids & Family, Rental, VHS",true,Genre,Kids & Family,,,,,,,,,0.0,shopify,1,deny,manual,0.00,,false,false,,,,,48124154,https://cdn.shopify.com/s/files/1/0826/6363/7242/files/images_94068615-3bbe-4c44-bd95-c7f7cc7e5633.jpg?v=1788290465,1,October Sky poster,false,,,,,,,,,,,,,kids-family,,,,,,,,,,,,,,,lb,,,active,barcode shared by another distinct product
hearts-of-fire-vhs-rental-musical,Hearts of Fire,"<p>For as long as she can remember, Molly McGuire has picked guitar. Written songs. And dreamed about the day opportunity would knock. But opportunity never knocked. Instead it kicked the door down, grabbed her by the guitar strap and thrust her into a warld far different from her sleepy small town. Suddenly Molly's a rockstar, IF she can handle it.</p>",VHS,Media > Videos,,"Formatted, Musical, Rental, VHS",true,Genre,Musical,,,,,,,,,0.0,shopify,1,deny,manual,0.00,,false,false,,,,,48091386,https://cdn.shopify.com/s/files/1/0826/6363/7242/files/latest_cc4403f8-40ea-4e6b-b47e-070d7814440e.webp?v=1788290463,1,Hearts of Fire poster,false,,,,,,,,,,,,,musical,,,,,,,,,,,,,,,lb,,,active,barcode shared by another distinct product
igby-goes-down-vhs-rental-drama,Igby Goes Down,"<p>Igby Slocumb (Kieran Culkin), a rebellious and sarcastic 17-year-old boy, is at war with the stifling world of old money privilege he was born into. With a schizophrenic father (Bill Pullman), a self-absorbed, distant mother (Susan Sarandon), and a shark-like young Republican big brother (Ryan Phillippe), Igby figures there must be a better life out there -- and sets about finding it.</p>",VHS,Media > Videos,,"Drama, Formatted, Rental, VHS",true,Genre,Drama,,,,,,,,,0.0,shopify,1,deny,manual,0.00,,false,false,,,,,48058618,https://cdn.shopify.com/s/files/1/0826/6363/7242/files/images_f269f615-3337-4752-bd14-824f6a99850e.jpg?v=1788290462,1,Igby Goes Down poster,false,,,,,,,,,,,,,drama,,,,,,,,,,,,,,,lb,,,active,barcode shared by another distinct product
minority-report-vhs-rental-sci-fi,Minority Report,"<p>Based on a story by famed science fiction writer Philip K. Dick, ""Minority Report"" is an action-detective thriller set in Washington D.C. in 2054, where police utilize a psychic technology to arrest and convict murderers before they commit their crime. Tom Cruise plays the head of this Precrime unit and is himself accused of the future murder of a man he hasn't even met.</p>",VHS,Media > Videos,,"Formatted, Rental, Sci-Fi, VHS",true,Genre,Sci-Fi,,,,,,,,,0.0,shopify,1,deny,manual,0.00,,false,false,,,,,47993082,https://cdn.shopify.com/s/files/1/0826/6363/7242/files/Minority_Report_Poster_2e24fe27-6e7e-475c-8359-42b60a6dec85.jpg?v=1788290460,1,Minority Report poster,false,,,,,,,,,,,,,sci-fi,,,,,,,,,,,,,,,lb,,,active,barcode shared by another distinct product
no-contest-vhs-rental-thriller,No Contest,"<p>A Ms Galaxy beauty pageant is taken over by a gang of terrorists. After wiring the building with explosives, they demand $10 million dollars in ransom. It soon turns out that the police are not the only ones planning a valiant attempt at freedom.</p>",VHS,Media > Videos,,"Formatted, Rental, Thriller, VHS",true,Genre,Thriller,,,,,,,,,0.0,shopify,1,deny,manual,0.00,,false,false,,,,,47927546,https://cdn.shopify.com/s/files/1/0826/6363/7242/files/MV5BZWE0N2NkMWYtM2FjYy00MmZjLTg3MGItNDAxMTU5YzQxMDg3XkEyXkFqcGc_._V1_642287c8-c405-4e97-9e22-c63e129391dd.jpg?v=1788290458,1,No Contest poster,false,,,,,,,,,,,,,thriller,,,,,,,,,,,,,,,lb,,,active,barcode shared by another distinct product
chrome-soldiers-the-secret-passion-of-robert-clayton,Chrome Soldiers The Secret Passion of Robert Clayton,"<p>This vintage collection offers a nostalgic look at classic military figurines through high-quality photography and detailed historical context. The glossy pages showcase a dedicated collector's journey, making it an essential reference for toy soldier enthusiasts and hobbyists alike. It serves as both an aesthetic coffee table centerpiece and a comprehensive guide to mid-century craftsmanship.</p>",VHS,Media > Videos,,"Action, Formatted, Issue_Rental_Or_Sale, VHS",false,Genre,Action,,,,,,,,,0.0,shopify,1,deny,manual,10.00,,true,true,,,,,191-VHSCHR-50-001A,,,,false,,,,,,,,,,,,,action,,,,,,,,,,,,,,,lb,,,draft,barcode too long for Libib's 15-char field (18 chars)
drive-me-crazy,Drive Me Crazy,"<p>This classic physical media release brings a nostalgic nineties teen rom-com experience to your home collection in its original analog format. The vintage slipcase features iconic artwork, making it a perfect addition for enthusiasts of retro cinema and collectors of magnetic tape memorabilia. Enjoy the distinct aesthetic and warm playback quality that only this era of home entertainment can provide.</p>",VHS,Media > Videos,,"Comedy, Formatted, Issue_Rental_Or_Sale, VHS",false,Genre,Comedy,,,,,,,,,0.0,shopify,1,deny,manual,5.00,,true,true,,,,,191-VHSDRI-50-002A,https://cdn.shopify.com/s/files/1/0826/6363/7242/files/qq2jbAOw5yWTaSPJIRHxvTf0bND.jpg?v=1788285172,1,Drive Me Crazy (1999) poster,false,,,,,,,,,,,,,comedy,,,,,,,,,,,,,,,lb,,,draft,barcode too long for Libib's 15-char field (18 chars)
its-pat-the-movie-1,Its Pat...The Movie,"<p>This cult classic comedy follows the misadventures of an androgynous main character in a vintage physical media format that includes the original full-screen presentation. It is a nostalgic addition to any retro film collection, featuring the distinctive 1990s cover art and the tactile experience of a classic home video release. This collectible tape is perfect for fans of Saturday Night Live history and enthusiasts of mid-90s cinematic nostalgia.</p>",VHS,Media > Videos,,"Comedy, Formatted, Issue_Rental_Or_Sale, VHS",false,Genre,Comedy,,,,,,,,,0.0,shopify,1,deny,manual,10.00,,true,true,,,,,191-VHSTSP-50-001A,https://cdn.shopify.com/s/files/1/0826/6363/7242/files/tydslMVgc6DpEvwYT0MWW9byL1a_6f40c5ea-3d67-4f9d-ab79-d0ca02ae72df.jpg?v=1788285168,1,Its Pat...The Movie (1994) poster,false,,,,,,,,,,,,,comedy,,,,,,,,,,,,,,,lb,,,draft,barcode too long for Libib's 15-char field (18 chars)
beverly-hills-chihuahua,Beverly Hills Chihuahua,<p>This heartwarming family comedy follows the high-stakes adventures of a pampered pet who finds herself lost and in need of help from newfound friends to find her way home. The disc includes the full-length feature film along with behind-the-scenes bonus content and deleted scenes perfect for movie night. Local scenery and charming animal performances make this a delightful choice for children and animal lovers alike.</p>,DVD,Media > Videos,,"DVD, Formatted, Kids & Family, Rental",true,Genre,Kids & Family,,,,,,,,,0.0,shopify,0,deny,manual,0.00,,true,true,,,,,191-DVDBEV-50-001A,https://cdn.shopify.com/s/files/1/0826/6363/7242/files/0-1781752822191.jpg?v=1781754181,1,191-DVDBEV-50-001A,false,,,,,,,,,,,,,kids-family,,,,,,,,,,,,,,,lb,,,active,barcode too long for Libib's 15-char field (18 chars)
munsters-a-rob-zombie-film,Munsters (A Rob Zombie Film),"<p>The Munsters is a 2022 horror comedy film written and directed by Rob Zombie, a reimagining of the classic sitcom's origin story following how Herman and Lily Munster met, fell in love, and married.</p>",DVD,Media > Videos,,"Drama, DVD, Formatted, Rental",true,Genre,Drama,,,,,,,,,0.0,shopify,1,deny,manual,0.00,,true,true,,,,,191-DVDMUN-50-001A,https://cdn.shopify.com/s/files/1/0826/6363/7242/files/The_Munsters__282022_29_Movie.png?v=1788285159,1,191-DVDMUN-50-001A,false,,,,,,,,,,,,,drama,,,,,,,,,,,,,,,lb,,,active,barcode too long for Libib's 15-char field (18 chars)
unbearable-weight-of-massive-talent,Unbearable Weight of Massive Talent,"<p>Creatively unfulfilled and facing financial ruin, Nick Cage must accept a $1 million offer to attend the birthday of a dangerous superfan. Things take a wildly unexpected turn when Cage is recruited by a CIA operative and forced to live up to his own legend, channeling his most iconic and beloved on-screen characters in order to save himself and his loved ones.</p>",Blu-Ray,Media > Videos,,"Action, Blu-Ray, Formatted, Rental",true,Genre,Action,,,,,,,,,0.0,shopify,1,deny,manual,0.00,,true,true,,,,,191-BLRUNB-50-001A,https://cdn.shopify.com/s/files/1/0826/6363/7242/files/0-1781752609243_011ba851-dbf5-478a-bbf3-2163a729cd2b.jpg?v=1788285158,1,191-BLRUNB-50-001A,false,,,,,,,,,,,,,action,,,,,,,,,,,,,,,lb,,,active,barcode too long for Libib's 15-char field (18 chars)
species-4k-collectors-edition,Species 4K Collector's Edition,"<p>Species is a 1995 science fiction horror film about a team of scientists and specialists who hunt down a deadly alien-human hybrid, created in a genetic experiment, after she escapes their lab and goes on the run.</p>",4K,Media > Videos,,"4K, Formatted, Rental, Sci-Fi",true,Genre,Sci-Fi,,,,,,,,,0.0,shopify,1,deny,manual,0.00,,true,true,,,,,191-BLRSPC-50-001A,https://cdn.shopify.com/s/files/1/0826/6363/7242/files/Species_1995_poster.jpg?v=1788285156,1,191-BLRSPC-50-001A,false,,,,,,,,,,,,,sci-fi,,,,,,,,,,,,,,,lb,,,active,barcode too long for Libib's 15-char field (18 chars)
the-wraith-collectors-series,The Wraith (Collector's Series),"<p>The Wraith is a 1986 action fantasy film in which a mysterious, otherworldly figure in a futuristic car exacts revenge on a gang of murderous car thieves terrorizing a small town.</p>",Blu-Ray,Media > Videos,,"Blu-Ray, Formatted, Rental, Sci-Fi",true,Genre,Sci-Fi,,,,,,,,,0.0,shopify,1,deny,manual,0.00,,true,true,,,,,191-UNKTHE-50-001A,https://cdn.shopify.com/s/files/1/0826/6363/7242/files/The-wraith-poster.jpg?v=1788285155,1,191-UNKTHE-50-001A,false,,,,,,,,,,,,,sci-fi,,,,,,,,,,,,,,,lb,,,active,barcode too long for Libib's 15-char field (18 chars)
creepshow-2,Creepshow 2,"<p>Three macabre tales from the latest issue of a boy's favorite comic book, dealing with a vengeful wooden Native American, a monstrous blob in a lake, and an undying hitchhiker.</p>",4K,Media > Videos,,"4K, Formatted, Horror, Rental",true,Genre,Horror,,,,,,,,,0.0,shopify,1,deny,manual,0.00,,true,true,,,,,191-BLRCRE-50-001A,https://cdn.shopify.com/s/files/1/0826/6363/7242/files/0-1781752273263_65cd96bf-6f7b-4e8e-aaaf-ffb2ce0fe169.jpg?v=1788285153,1,191-BLRCRE-50-001A,false,,,,,,,,,,,,,horror,,,,,,,,,,,,,,,lb,,,active,barcode too long for Libib's 15-char field (18 chars)
dawn-of-the-planet-of-the-apes,Dawn of the Planet of the Apes,"<p>A group of scientists in San Francisco struggle to stay alive in the aftermath of a plague that is wiping out humanity, while Caesar tries to maintain dominance over his community of intelligent apes.</p>",4K,Media > Videos,,"4K, Action, Formatted, Rental",true,Genre,Action,,,,,,,,,0.0,shopify,1,deny,manual,0.00,,true,true,,,,,191-BLRDAW-50-001A,https://cdn.shopify.com/s/files/1/0826/6363/7242/files/0-1781752064205_fe3c3882-3063-4a79-8def-572120d73957.jpg?v=1788285152,1,191-BLRDAW-50-001A,false,,,,,,,,,,,,,action,,,,,,,,,,,,,,,lb,,,active,barcode too long for Libib's 15-char field (18 chars)
my-soul-to-take,My Soul to Take,"<p>On the day the Riverton Ripper vanished without a trace, seven children were born. Today, they're all turning 16... and turning up dead.</p>",Blu-Ray,Media > Videos,,"Blu-Ray, Formatted, Horror, Rental",true,Genre,Horror,,,,,,,,,0.0,shopify,1,deny,manual,0.00,,true,true,,,,,191-BLRMYS-50-001A,https://cdn.shopify.com/s/files/1/0826/6363/7242/files/0-1781752132359_26cb9c83-c7a9-48dd-8c57-82d9d42e291e.jpg?v=1788285150,1,191-BLRMYS-50-001A,false,,,,,,,,,,,,,horror,,,,,,,,,,,,,,,lb,,,active,barcode too long for Libib's 15-char field (18 chars)
critters-attack,CRITTERS ATTACK!,"<p>Mysterious alien Critters have crash-landed in a small college town, devouring every living thing they encounter. Drea and the kids she's babysitting must try desperately to save themselves from the ravenous, rolling beasts. Will Drea discover her inner badass, and will it be enough to stop the Critter onslaught?</p>",Blu-Ray,Media > Videos,,"Blu-Ray, Formatted, Horror, Rental",true,Genre,Horror,,,,,,,,,0.0,shopify,1,deny,manual,0.00,,true,true,,,,,191-BLRCRT-50-001A,https://cdn.shopify.com/s/files/1/0826/6363/7242/files/0-1781752215181_be15068c-a163-4d8f-8d78-cb2e258c2884.jpg?v=1788285149,1,191-BLRCRT-50-001A,false,,,,,,,,,,,,,horror,,,,,,,,,,,,,,,lb,,,active,barcode too long for Libib's 15-char field (18 chars)
peninsula,Peninsula,<p>This documentary explores the tranquil history of Italian surfing along with the passion and dedication of the pioneers who shaped it.</p>,Blu-Ray,Media > Videos,,"Action, Blu-Ray, Formatted, Rental",false,Genre,Action,,,,,,,,,0.0,shopify,1,deny,manual,0.00,,true,true,,,,,191-BLRPEN-50-001A,https://cdn.shopify.com/s/files/1/0826/6363/7242/files/14HQB76qkJUKHu0MkXPre6sWS6k.jpg?v=1788285148,1,Peninsula poster,false,,,,,,,,,,,,,action,,,,,,,,,,,,,,,lb,,,draft,barcode too long for Libib's 15-char field (18 chars)
dont-breathe-2,Don't Breathe 2,"<p>The Blind Man has been hiding out for several years in an isolated cabin and has taken in and raised a young girl orphaned from a devastating house fire. Their quiet life together is shattered when a group of criminals kidnap the girl, forcing the Blind Man to leave his safe haven to save her.</p>",Blu-Ray,Media > Videos,,"Blu-Ray, Formatted, Horror, Rental",true,Genre,Horror,,,,,,,,,0.0,shopify,1,deny,manual,0.00,,true,true,,,,,191-BLRDNT-50-001A,https://cdn.shopify.com/s/files/1/0826/6363/7242/files/0-1781750995775_2abdab71-f21d-4e2e-a1b5-f21dd7a330fe.jpg?v=1788285146,1,191-BLRDNT-50-001A,false,,,,,,,,,,,,,horror,,,,,,,,,,,,,,,lb,,,active,barcode too long for Libib's 15-char field (18 chars)
power-rangers,Power Rangers,"<p>Five ordinary teens must become something extraordinary when they learn that their small town of Angel Grove — and the world — is on the verge of being obliterated by an alien threat. Chosen by destiny, our heroes quickly discover they are the only ones who can save the planet. But to do so, they will have to overcome their real-life issues and before it’s too late, band together as the Power Rangers.</p>",Blu-Ray,Media > Videos,,"Action, Blu-Ray, Formatted, Rental",true,Genre,Action,,,,,,,,,0.0,shopify,1,deny,manual,0.00,,true,true,,,,,191-BLRPOW-50-001A,https://cdn.shopify.com/s/files/1/0826/6363/7242/files/0-1781750971671_41095359-fb9a-4c61-b734-641fe541a4e7.jpg?v=1788285145,1,191-BLRPOW-50-001A,false,,,,,,,,,,,,,action,,,,,,,,,,,,,,,lb,,,active,barcode too long for Libib's 15-char field (18 chars)
machete-kills,Machete Kills,<p>Ex-Federale agent Machete is recruited by the President of the United States for a mission which would be impossible for any mortal man – he must take down a madman revolutionary and an eccentric billionaire arms dealer who has hatched a plan to spread war and anarchy across the planet.</p>,Blu-Ray,Media > Videos,,"Action, Blu-Ray, Formatted, Rental",true,Genre,Action,,,,,,,,,0.0,shopify,1,deny,manual,0.00,,true,true,,,,,191-BLRMCH-50-001A,https://cdn.shopify.com/s/files/1/0826/6363/7242/files/0-1781750870867_a5bed89e-fc47-430c-8a6a-3e8df69101b7.jpg?v=1788285144,1,191-BLRMCH-50-001A,false,,,,,,,,,,,,,action,,,,,,,,,,,,,,,lb,,,active,barcode too long for Libib's 15-char field (18 chars)
black-christmas,Black Christmas,"<p>This modern thriller offers a chilling reimagining of the classic holiday horror tale with a focus on suspense and timely social themes. The high-definition presentation captures the eerie atmosphere of a deserted collegiate campus during a winter storm, making it a gripping addition to any genre collection. It is a perfect choice for those who enjoy psychological tension blended with fast-paced slasher elements.</p>",Blu-Ray,Media > Videos,,"Action, Blu-Ray, Formatted, Rental",true,Genre,Action,,,,,,,,,0.0,shopify,0,deny,manual,0.00,,true,true,,,,,191-BLRBLA-50-001A,https://cdn.shopify.com/s/files/1/0826/6363/7242/files/0-1781750816983.jpg?v=1781751004,1,191-BLRBLA-50-001A,false,,,,,,,,,,,,,action,,,,,,,,,,,,,,,lb,,,active,barcode too long for Libib's 15-char field (18 chars)
cell,The Cell,"<p>During an operation to capture the head of a terrorist cell, special operations officer Saif, is injured while his partner, Amr, is killed. Saif vows to take revenge with the help of officer, Saber, who's working the same case.</p>",Blu-Ray,Media > Videos,,"Action, Blu-Ray, Formatted, Rental",true,Genre,Action,,,,,,,,,0.0,shopify,1,deny,manual,0.00,,true,true,,,,,191-BLRCEL-50-001A,https://cdn.shopify.com/s/files/1/0826/6363/7242/files/0-1781750543892_6e0f5b7b-87e5-439a-a387-6c1b25371e0a.jpg?v=1788285142,1,191-BLRCEL-50-001A,false,,,,,,,,,,,,,action,,,,,,,,,,,,,,,lb,,,active,barcode too long for Libib's 15-char field (18 chars)
rise-of-the-planet-of-the-apes,Rise of the Planet of the Apes,"<p>A highly intelligent chimpanzee named Caesar has been living a peaceful suburban life ever since he was born. But when he gets taken to a cruel primate facility, Caesar decides to revolt against those who have harmed him.</p>",Blu-Ray,Media > Videos,,"Action, Blu-Ray, Formatted, Rental",true,Genre,Action,,,,,,,,,0.0,shopify,1,deny,manual,0.00,,true,true,,,,,191-BLRRIS-50-001A,https://cdn.shopify.com/s/files/1/0826/6363/7242/files/0-1781750361395.jpg?v=1788285141,1,191-BLRRIS-50-001A,false,,,,,,,,,,,,,action,,,,,,,,,,,,,,,lb,,,active,barcode too long for Libib's 15-char field (18 chars)
blue-steel,Blue Steel,"<p>When Sheriff Jake sees a man at the safe and then finds the payroll gone, he trails him. Just as he is about to arrest him, the man saves his life. Still suspicious, he joins up with the man and later they learn that Melgrove, the towns leading citizen, is trying to take over the area's ranches by having his gang stop all incoming supply wagons. With the ranchers about to sell to Melgrove, the two newcomers say they will bring in provisions.</p>",Blu-Ray,Media > Videos,,"Action, Blu-Ray, Formatted, Rental",true,Genre,Action,,,,,,,,,0.0,shopify,1,deny,manual,0.00,,true,true,,,,,191-BLRBLU-50-001A,https://cdn.shopify.com/s/files/1/0826/6363/7242/files/0-1781750295037.jpg?v=1788285139,1,191-BLRBLU-50-001A,false,,,,,,,,,,,,,action,,,,,,,,,,,,,,,lb,,,active,barcode too long for Libib's 15-char field (18 chars)
terminator-genisys,Terminator Genisys,"<p>The year is 2029. John Connor, leader of the resistance continues the war against the machines. At the Los Angeles offensive, John's fears of the unknown future begin to emerge when TECOM spies reveal a new plot by SkyNet that will attack him from both fronts; past and future, and will ultimately change warfare forever.</p>",Blu-Ray,Media > Videos,,"Blu-Ray, Formatted, Rental, Sci-Fi",true,Genre,Sci-Fi,,,,,,,,,0.0,shopify,1,deny,manual,0.00,,true,true,,,,,191-BLRTRM-50-001A,https://cdn.shopify.com/s/files/1/0826/6363/7242/files/0-1781750209523_8985f330-91dd-4ea7-ad73-79b3c49ba327.jpg?v=1788285138,1,191-BLRTRM-50-001A,false,,,,,,,,,,,,,sci-fi,,,,,,,,,,,,,,,lb,,,active,barcode too long for Libib's 15-char field (18 chars)
mission-impossible-fallout,Mission: Impossible - Fallout,"<p>When an IMF mission ends badly, the world is faced with dire consequences. As Ethan Hunt takes it upon himself to fulfill his original briefing, the CIA begin to question his loyalty and his motives. The IMF team find themselves in a race against time, hunted by assassins while trying to prevent a global catastrophe.</p>",Blu-Ray,Media > Videos,,"Action, Blu-Ray, Formatted, Rental",true,Genre,Action,,,,,,,,,0.0,shopify,1,deny,manual,0.00,,true,true,,,,,191-BLRMIS-50-001A,https://cdn.shopify.com/s/files/1/0826/6363/7242/files/0-1781750804995_c720a097-0233-4932-af79-d4786badb0d8.jpg?v=1788285137,1,191-BLRMIS-50-001A,false,,,,,,,,,,,,,action,,,,,,,,,,,,,,,lb,,,active,barcode too long for Libib's 15-char field (18 chars)
mr-brooks,Mr. Brooks,<p>This high-definition psychological thriller offers a gripping look into the dual life of a successful businessman with a deadly hidden addiction. The crisp picture quality and immersive audio enhance the intense atmosphere and suspenseful performances of the star-studded cast. It is a sophisticated addition to any collection for those who enjoy complex character studies and edge-of-your-seat drama.</p>,Blu-Ray,Media > Videos,,"Blu-Ray, Formatted, Issue_Genre_Needed, Rental",true,Genre,Default Title,,,,,,,,,0.0,shopify,1,deny,manual,0.00,,true,true,,,,,191-BLRMRB-50-001A,https://cdn.shopify.com/s/files/1/0826/6363/7242/files/0-1781750734534_d2245204-986f-485c-b824-8723020a5b87.jpg?v=1788285136,1,191-BLRMRB-50-001A,false,,,,,,,,,,,,,,,,,,,,,,,,,,,,lb,,,active,barcode too long for Libib's 15-char field (18 chars)
basic-instinct-2-collectors-edition,Basic Instinct 2 Collector's Edition,"<p>Novelist Catherine Tramell is once again in trouble with the law, and Scotland Yard appoints psychiatrist Dr. Michael Glass to evaluate her. Though, like Detective Nick Curran before him, Glass is entranced by Tramell and lured into a seductive game.</p>",Blu-Ray,Media > Videos,,"Blu-Ray, Formatted, Rental, Thriller",true,Genre,Thriller,,,,,,,,,0.0,shopify,1,deny,manual,0.00,,true,true,,,,,191-BLRBAS-50-001A,https://cdn.shopify.com/s/files/1/0826/6363/7242/files/0-1781750662965.jpg?v=1788285134,1,191-BLRBAS-50-001A,false,,,,,,,,,,,,,thriller,,,,,,,,,,,,,,,lb,,,active,barcode too long for Libib's 15-char field (18 chars)
top-gun-2-movie-collection,Top Gun 2-Movie Collection,"<p>This collection gathers Top Gun (1986) and its sequel Top Gun: Maverick (2022), following Naval aviator Pete ""Maverick"" Mitchell across two generations of high-stakes fighter pilot training and combat.</p>",Blu-Ray,Media > Videos,,"Action, Blu-Ray, Formatted, Rental",true,Genre,Action,,,,,,,,,0.0,shopify,1,deny,manual,0.00,,true,true,,,,,191-BLRTOP-50-001A,https://cdn.shopify.com/s/files/1/0826/6363/7242/files/0-1781750738612.jpg?v=1788285133,1,191-BLRTOP-50-001A,false,,,,,,,,,,,,,action,,,,,,,,,,,,,,,lb,,,active,barcode too long for Libib's 15-char field (18 chars)
extreme-prejudice,Extreme Prejudice,"<p>Lean, mean Texas Ranger Jack Benteen locks horns with a former friend, Cash Bailey, now a ruthless drug kingpin. Though they're on opposite sides of the law, they share a love interest in the sensual Sarita. When a crew of rogue soldiers descends upon the border town for an off-the-books mission, all roads lead to a bloody, to-the-death showdown, as loyalties shift and the lines between good and evil are blurred.</p>",Blu-Ray,Media > Videos,,"Action, Blu-Ray, Formatted, Rental",true,Genre,Action,,,,,,,,,0.0,shopify,1,deny,manual,0.00,,true,true,,,,,191-BLREXT-50-001A,https://cdn.shopify.com/s/files/1/0826/6363/7242/files/0-1781750560033_79ffa3a4-f780-4955-af4f-ece925e0c883.jpg?v=1788285131,1,191-BLREXT-50-001A,false,,,,,,,,,,,,,action,,,,,,,,,,,,,,,lb,,,active,barcode too long for Libib's 15-char field (18 chars)
kill-bill,Kill Bill,<p>This vibrant yellow track jacket features bold contrast piping and iconic character styling perfect for fans of high-energy cinema. The lightweight athletic construction offers a comfortable fit with a full-zip front and ribbed cuffs for a retro-inspired silhouette. It serves as a standout tribute piece that blends pop culture nostalgia with versatile streetwear appeal.</p>,4K,Media > Videos,,"4K, Action, Formatted, Rental",true,Genre,Action,,,,,,,,,0.0,shopify,0,deny,manual,0.00,,true,true,,,,,191-BLRKI2-50-001A,https://cdn.shopify.com/s/files/1/0826/6363/7242/files/0-1781749609133.jpg?v=1781749672,1,191-BLRKI2-50-001A,false,,,,,,,,,,,,,action,,,,,,,,,,,,,,,lb,,,active,barcode too long for Libib's 15-char field (18 chars)
becky,Becky,"<p>This high-definition physical release offers stunning visual clarity and crisp audio for an immersive home viewing experience. The disc comes in a protective case with vibrant cover art, making it a perfect addition for collectors of modern edge-of-your-seat thrillers. It is a must-have for fans of stylish cinematography and intense, fast-paced storytelling.</p>",Blu-Ray,Media > Videos,,"Action, Blu-Ray, Formatted, Rental",true,Genre,Action,,,,,,,,,0.0,shopify,0,deny,manual,0.00,,true,true,,,,,191-BLRBEC-50-001A,https://cdn.shopify.com/s/files/1/0826/6363/7242/files/0-1781748716892.jpg?v=1781749670,1,191-BLRBEC-50-001A,false,,,,,,,,,,,,,action,,,,,,,,,,,,,,,lb,,,active,barcode too long for Libib's 15-char field (18 chars)
unleashed,Unleashed,"<p>Raised as a slave, Danny is used to fighting for his survival. In fact, his ""master,"" Bart, thinks of him as a pet and goes as far as leashing him with a collar so they can make money in fight clubs, where Danny is the main contender. When Bart's crew is in a car accident, Danny escapes and meets a blind, kindhearted piano tuner who takes him in and uses music to free the fighter's long-buried heart.</p>",Blu-Ray,Media > Videos,,"Action, Blu-Ray, Formatted, Rental",true,Genre,Action,,,,,,,,,0.0,shopify,1,deny,manual,0.00,,true,true,,,,,191-BLRUNL-50-001A,https://cdn.shopify.com/s/files/1/0826/6363/7242/files/0-1781749341115_d3b5730e-c3fe-4a02-a5e1-cd7429194d3d.jpg?v=1788285130,1,191-BLRUNL-50-001A,false,,,,,,,,,,,,,action,,,,,,,,,,,,,,,lb,,,active,barcode too long for Libib's 15-char field (18 chars)
conan-the-barbarian,Conan The Barbarian,"<p>A horde of rampaging warriors massacre the parents of young Conan and enslave the young child for years on The Wheel of Pain. As the sole survivor of the childhood massacre, Conan is released from slavery and taught the ancient arts of fighting. Transforming himself into a killing machine, Conan travels into the wilderness to seek vengeance on Thulsa Doom, the man responsible for killing his family. In the wilderness, Conan takes up with the thieves Valeria and Subotai. The group comes upon King Osric, who wants the trio of warriors to help rescue his daughter who has joined Doom in the hills.</p>",Blu-Ray,Media > Videos,,"Blu-Ray, Formatted, Issue_Genre_Needed, Rental",true,Genre,Default Title,,,,,,,,,0.0,shopify,1,deny,manual,0.00,,true,true,,,,,191-BLRCON-50-001A,https://cdn.shopify.com/s/files/1/0826/6363/7242/files/0-1781749193748.jpg?v=1788285129,1,191-BLRCON-50-001A,false,,,,,,,,,,,,,,,,,,,,,,,,,,,,lb,,,active,barcode too long for Libib's 15-char field (18 chars)
hansel-gretel-witch-hunters-unrated-cut,Hansel & Gretel: Witch Hunters (Unrated Cut),"<p>Hansel &amp; Gretel: Witch Hunters is a 2013 dark fantasy action film starring Jeremy Renner and Gemma Arterton as the fairy tale siblings, now grown into professional witch hunters for hire.</p>",Blu-Ray,Media > Videos,,"Action, Blu-Ray, Formatted, Rental",true,Genre,Action,,,,,,,,,0.0,shopify,1,deny,manual,0.00,,true,true,,,,,191-BLRHAN-50-001A,https://cdn.shopify.com/s/files/1/0826/6363/7242/files/Hansel_and_Gretel_Witch_Hunters.jpg?v=1788285127,1,191-BLRHAN-50-001A,false,,,,,,,,,,,,,action,,,,,,,,,,,,,,,lb,,,active,barcode too long for Libib's 15-char field (18 chars)
skyscraper,Skyscraper,<p>Experience heart-pounding action and high-stakes suspense in stunning high definition with this pulse-pounding thriller. This disc delivers crisp visual clarity and immersive audio that brings every gravity-defying stunt and intense sequence to life in your home theater. It is a must-have addition for fans of large-scale spectacles and heroic survival stories.</p>,4K,Media > Videos,,"4K, Action, Formatted, Rental",true,Genre,Action,,,,,,,,,0.0,shopify,0,deny,manual,0.00,,true,true,,,,,191-BLRSKY-50-001A,https://cdn.shopify.com/s/files/1/0826/6363/7242/files/0-1781748262025.jpg?v=1781748629,1,191-BLRSKY-50-001A,false,,,,,,,,,,,,,action,,,,,,,,,,,,,,,lb,,,active,barcode too long for Libib's 15-char field (18 chars)
windtalkers,Windtalkers,"<p>Joe Enders is a gung-ho Marine assigned to protect a ""windtalker"" - one of several Navajo Indians who were used to relay messages during World War II because their spoken language was indecipherable to Japanese code breakers.</p>",Blu-Ray,Media > Videos,,"Action, Blu-Ray, Formatted, Rental",true,Genre,Action,,,,,,,,,0.0,shopify,1,deny,manual,0.00,,true,true,,,,,191-BLYWIN-50-001A,https://cdn.shopify.com/s/files/1/0826/6363/7242/files/0-1781748148721.jpg?v=1788285126,1,191-BLYWIN-50-001A,false,,,,,,,,,,,,,action,,,,,,,,,,,,,,,lb,,,active,barcode too long for Libib's 15-char field (18 chars)
wrath-of-man,Wrath of Man,"<p>A cold and mysterious new security guard for a Los Angeles cash truck company surprises his co-workers when he unleashes precision skills during a heist. The crew is left wondering who he is and where he came from. Soon, the marksman's ultimate motive becomes clear as he takes dramatic and irrevocable steps to settle a score.</p>",Blu-Ray,Media > Videos,,"Action, Blu-Ray, Formatted, Rental",true,Genre,Action,,,,,,,,,0.0,shopify,1,deny,manual,0.00,,true,true,,,,,191-BLRWRT-50-001A,https://cdn.shopify.com/s/files/1/0826/6363/7242/files/0-1781748550925.jpg?v=1788285124,1,191-BLRWRT-50-001A,false,,,,,,,,,,,,,action,,,,,,,,,,,,,,,lb,,,active,barcode too long for Libib's 15-char field (18 chars)
jeepers-creepers-reborn,Jeepers Creepers Reborn,"<p>Forced to travel to a horror festival with her boyfriend, a young woman begins experiencing premonitions associated with the urban myth of The Creeper. She believes that something supernatural has been summoned — and that she is at the center of it all.</p>",Blu-Ray,Media > Videos,,"Blu-Ray, Formatted, Horror, Rental",true,Genre,Horror,,,,,,,,,0.0,shopify,1,deny,manual,0.00,,true,true,,,,,191-BLRJEE-50-001A,https://cdn.shopify.com/s/files/1/0826/6363/7242/files/0-1781748050370_dc1fc6cf-ecd3-44f4-8adc-2f36100c5995.jpg?v=1788285122,1,191-BLRJEE-50-001A,false,,,,,,,,,,,,,horror,,,,,,,,,,,,,,,lb,,,active,barcode too long for Libib's 15-char field (18 chars)
den-of-thieves,Den of Thieves,<p>A gritty crime saga which follows the lives of an elite unit of the LA County Sheriff's Dept. and the state's most successful bank robbery crew as the outlaws plan a seemingly impossible heist on the Federal Reserve Bank.</p>,Blu-Ray,Media > Videos,,"Action, Blu-Ray, Formatted, Rental",true,Genre,Action,,,,,,,,,0.0,shopify,1,deny,manual,0.00,,true,true,,,,,191-BLRDEN-50-001A,https://cdn.shopify.com/s/files/1/0826/6363/7242/files/0-1781747997441.jpg?v=1788285119,1,191-BLRDEN-50-001A,false,,,,,,,,,,,,,action,,,,,,,,,,,,,,,lb,,,active,barcode too long for Libib's 15-char field (18 chars)
doom-the-scorpion-king-the-rundown-triple-feature,Doom / The Scorpion King / The Rundown Triple Feature,"<p>This collection gathers three action films: Doom (2005), based on the video game; The Scorpion King (2002), a spinoff of The Mummy franchise starring Dwayne Johnson; and The Rundown (2003), also starring Dwayne Johnson as a bounty hunter in the Amazon.</p>",Blu-Ray,Media > Videos,,"Action, Blu-Ray, Formatted, Rental",true,Genre,Action,,,,,,,,,0.0,shopify,1,deny,manual,0.00,,true,true,,,,,191-BLRDMT-50-001A,https://cdn.shopify.com/s/files/1/0826/6363/7242/files/0-1781747944628.jpg?v=1788285117,1,191-BLRDMT-50-001A,false,,,,,,,,,,,,,action,,,,,,,,,,,,,,,lb,,,active,barcode too long for Libib's 15-char field (18 chars)
transporter-refueled,Transporter Refueled,"<p>The fast-paced action movie is again set in the criminal underworld in France, where Frank Martin is known as The Transporter, because he is the best driver and mercenary money can buy. In this installment, he meets Anna and they attempt to take down a group of ruthless Russian human traffickers who also have kidnapped Frank’s father.</p>",Blu-Ray,Media > Videos,,"Action, Blu-Ray, Formatted, Rental",true,Genre,Action,,,,,,,,,0.0,shopify,1,deny,manual,0.00,,true,true,,,,,191-BLRTRD-50-001A,https://cdn.shopify.com/s/files/1/0826/6363/7242/files/0-1781747874501_d9791ba3-ded6-4c76-b4aa-62e86b4d37dc.jpg?v=1788285115,1,191-BLRTRD-50-001A,false,,,,,,,,,,,,,action,,,,,,,,,,,,,,,lb,,,active,barcode too long for Libib's 15-char field (18 chars)
poseidon,Poseidon,"<p>A packed cruise ship traveling the Atlantic is hit and overturned by a massive wave, compelling the passengers to begin a dramatic fight for their lives.</p>",Blu-Ray,Media > Videos,,"Action, Blu-Ray, Formatted, Rental",true,Genre,Action,,,,,,,,,0.0,shopify,1,deny,manual,0.00,,true,true,,,,,191-BLRPOS-50-001A,https://cdn.shopify.com/s/files/1/0826/6363/7242/files/0-1781747759626_b2c09df2-174c-4d90-8e83-1145b9235f01.jpg?v=1788285114,1,191-BLRPOS-50-001A,false,,,,,,,,,,,,,action,,,,,,,,,,,,,,,lb,,,active,barcode too long for Libib's 15-char field (18 chars)
venom,Venom,"<p>Investigative journalist Eddie Brock attempts a comeback following a scandal, but accidentally becomes the host of Venom, a violent, super powerful alien symbiote. Soon, he must rely on his newfound powers to protect the world from a shadowy organization looking for a symbiote of their own.</p>",Blu-Ray,Media > Videos,,"Action, Blu-Ray, Formatted, Rental",true,Genre,Action,,,,,,,,,0.0,shopify,1,deny,manual,0.00,,true,true,,,,,191-BLRVEN-50-001A,https://cdn.shopify.com/s/files/1/0826/6363/7242/files/0-1781747643029.jpg?v=1788285113,1,191-BLRVEN-50-001A,false,,,,,,,,,,,,,action,,,,,,,,,,,,,,,lb,,,active,barcode too long for Libib's 15-char field (18 chars)
god-is-a-bullet,God Is a Bullet,"<p>Vice detective Bob Hightower finds his ex-wife murdered and daughter kidnapped by a cult. Frustrated by the botched official investigations, he quits the force and infiltrates the cult to hunt down the leader with the help of the cult’s only female victim escapee, Case Hardin.</p>",Blu-Ray,Media > Videos,,"Action, Blu-Ray, Formatted, Rental",true,Genre,Action,,,,,,,,,0.0,shopify,1,deny,manual,0.00,,true,true,,,,,191-BLRGOD-50-001A,https://cdn.shopify.com/s/files/1/0826/6363/7242/files/0-1781747510046.jpg?v=1788285112,1,191-BLRGOD-50-001A,false,,,,,,,,,,,,,action,,,,,,,,,,,,,,,lb,,,active,barcode too long for Libib's 15-char field (18 chars)
shoot-em-up,Shoot 'Em Up,"<p>A man named Mr. Smith delivers a woman's baby during a shootout, and is then called upon to protect the newborn from the army of gunmen.</p>",Blu-Ray,Media > Videos,,"Action, Blu-Ray, Formatted, Rental",true,Genre,Action,,,,,,,,,0.0,shopify,1,deny,manual,0.00,,true,true,,,,,191-BLRSHO-50-001A,https://cdn.shopify.com/s/files/1/0826/6363/7242/files/0-1781747448608_4d36632a-52ac-4efc-ac0a-6095a49cd735.jpg?v=1788285110,1,191-BLRSHO-50-001A,false,,,,,,,,,,,,,action,,,,,,,,,,,,,,,lb,,,active,barcode too long for Libib's 15-char field (18 chars)
never-back-down-extended-beat-down-edition,Never Back Down: Extended Beat Down Edition,"<p>Never Back Down is a 2008 martial arts sports drama about a troubled teenager who, after moving to a new city, gets drawn into the underground world of mixed martial arts fighting.</p>",Blu-Ray,Media > Videos,,"Action, Blu-Ray, Formatted, Rental",true,Genre,Action,,,,,,,,,0.0,shopify,1,deny,manual,0.00,,true,true,,,,,191-BLRNEV-50-001A,https://cdn.shopify.com/s/files/1/0826/6363/7242/files/Never_back_down.jpg?v=1788285108,1,191-BLRNEV-50-001A,false,,,,,,,,,,,,,action,,,,,,,,,,,,,,,lb,,,active,barcode too long for Libib's 15-char field (18 chars)
morbius,Morbius,"<p>Dangerously ill with a rare blood disorder, and determined to save others suffering his same fate, Dr. Michael Morbius attempts a desperate gamble. What at first appears to be a radical success soon reveals itself to be a remedy potentially worse than the disease.</p>",4K,Media > Videos,,"4K, Action, Formatted, Rental",true,Genre,Action,,,,,,,,,0.0,shopify,1,deny,manual,0.00,,true,true,,,,,191-4K2MOR-50-001A,https://cdn.shopify.com/s/files/1/0826/6363/7242/files/0-1781747192433_e6595e05-1a83-46af-b4f4-f47895b819be.jpg?v=1788285107,1,191-4K2MOR-50-001A,false,,,,,,,,,,,,,action,,,,,,,,,,,,,,,lb,,,active,barcode too long for Libib's 15-char field (18 chars)
driven,Driven,"<p>Talented rookie race-car driver Jimmy Bly has started losing his focus and begins to slip in the race rankings. It's no wonder, with the immense pressure being shoveled on him by his overly ambitious promoter brother as well as Bly's romance with his arch rival's girlfriend Sophia. With much riding on Bly, car owner Carl Henry brings former racing star Joe Tanto on board to help Bly. To drive Bly back to the top of the rankings, Tanto must first deal with the emotional scars left over from a tragic racing accident which nearly took his life.</p>",Blu-Ray,Media > Videos,,"Action, Blu-Ray, Formatted, Rental",true,Genre,Action,,,,,,,,,0.0,shopify,1,deny,manual,0.00,,true,true,,,,,191-BLRDRV-50-001A,https://cdn.shopify.com/s/files/1/0826/6363/7242/files/0-1781747247935.jpg?v=1788285106,1,191-BLRDRV-50-001A,false,,,,,,,,,,,,,action,,,,,,,,,,,,,,,lb,,,active,barcode too long for Libib's 15-char field (18 chars)
doomsday,Doomsday,"<p>The lethal Reaper virus spreads throughout Britain—infecting millions and killing hundreds of thousands. Authorities brutally and successfully quarantine the country but, three decades later, the virus resurfaces in a major city. An elite group of specialists is urgently dispatched into the still-quarantined country to retrieve a cure by any means necessary. Shut off from the rest of the world, the unit must battle through a landscape that has become a waking nightmare.</p>",Blu-Ray,Media > Videos,,"Action, Blu-Ray, Formatted, Rental",true,Genre,Action,,,,,,,,,0.0,shopify,1,deny,manual,0.00,,true,true,,,,,191-BLRDOO-50-001A,https://cdn.shopify.com/s/files/1/0826/6363/7242/files/0-1781746551095.jpg?v=1788285105,1,191-BLRDOO-50-001A,false,,,,,,,,,,,,,action,,,,,,,,,,,,,,,lb,,,active,barcode too long for Libib's 15-char field (18 chars)
walking-tall,Walking Tall,<p>Experience this high-definition presentation of a modern action classic featuring crisp visuals and immersive audio quality. This physical disc includes behind-the-scenes bonus content and director commentary that provides a deeper look into the making of the film. It is a must-have addition for collectors who enjoy intense performances and gripping justice-driven storytelling.</p>,Blu-Ray,Media > Videos,,"Blu-Ray, Formatted, Issue_Genre_Needed, Rental",true,Genre,Default Title,,,,,,,,,0.0,shopify,1,deny,manual,0.00,,true,true,,,,,191-BLRWAL-50-001A,https://cdn.shopify.com/s/files/1/0826/6363/7242/files/0-1781746490306_bb774abf-ae53-4099-984c-ca82020e0b13.jpg?v=1788285103,1,191-BLRWAL-50-001A,false,,,,,,,,,,,,,,,,,,,,,,,,,,,,lb,,,active,barcode too long for Libib's 15-char field (18 chars)
drive-angry,Drive Angry,"<p>Milton is a hardened felon who has broken out of Hell, intent on finding the vicious cult who brutally murdered his daughter and kidnapped her baby. He joins forces with a sexy, tough-as-nails waitress, who's also seeking redemption of her own. Caught in a deadly race against time, Milton has three days to avoid capture, avenge his daughter's death, and save her baby before she's mercilessly sacrificed by the cult.</p>",Blu-Ray,Media > Videos,,"Action, Blu-Ray, Formatted, Rental",true,Genre,Action,,,,,,,,,0.0,shopify,1,deny,manual,0.00,,true,true,,,,,191-BLRDRI-50-001A,https://cdn.shopify.com/s/files/1/0826/6363/7242/files/0-1781746427284_6cdaeef7-7190-42e0-bdd6-475a5c5f4bf1.jpg?v=1788285102,1,191-BLRDRI-50-001A,false,,,,,,,,,,,,,action,,,,,,,,,,,,,,,lb,,,active,barcode too long for Libib's 15-char field (18 chars)
copshop,COPSHOP,"<p>On the run from a lethal assassin, a wily con artist devises a scheme to hide out inside a small-town police station. However, when the hit man turns up at the precinct, an unsuspecting rookie cop finds herself caught in the crosshairs.</p>",Blu-Ray,Media > Videos,,"Action, Blu-Ray, Formatted, Rental",true,Genre,Action,,,,,,,,,0.0,shopify,1,deny,manual,0.00,,true,true,,,,,191-BLRCOP-50-001A,https://cdn.shopify.com/s/files/1/0826/6363/7242/files/0-1781746362200.jpg?v=1788285101,1,191-BLRCOP-50-001A,false,,,,,,,,,,,,,action,,,,,,,,,,,,,,,lb,,,active,barcode too long for Libib's 15-char field (18 chars)
kick-ass-2,Kick-Ass 2,"<p>After Kick-Ass' insane bravery inspires a new wave of self-made masked crusaders, he joins a patrol led by the Colonel Stars and Stripes. When these amateur superheroes are hunted down by Red Mist — reborn as The Mother Fucker — only the blade-wielding Hit-Girl can prevent their annihilation.</p>",Blu-Ray,Media > Videos,,"Action, Blu-Ray, Formatted, Rental",true,Genre,Action,,,,,,,,,0.0,shopify,1,deny,manual,0.00,,true,true,,,,,191-BLRKCK-50-001A,https://cdn.shopify.com/s/files/1/0826/6363/7242/files/0-1781746274160.jpg?v=1788285099,1,191-BLRKCK-50-001A,false,,,,,,,,,,,,,action,,,,,,,,,,,,,,,lb,,,active,barcode too long for Libib's 15-char field (18 chars)
assassination-nation,Assassination Nation,"<p>After an anonymous hacker begins leaking the private data of thousands living in a small American town, the townspeople spiral into madness, with four high school seniors at the center of the maelstrom.</p>",Blu-Ray,Media > Videos,,"Action, Blu-Ray, Formatted, Rental",true,Genre,Action,,,,,,,,,0.0,shopify,1,deny,manual,0.00,,true,true,,,,,191-BLRASS-50-001A,https://cdn.shopify.com/s/files/1/0826/6363/7242/files/0-1781746210332.jpg?v=1788285098,1,191-BLRASS-50-001A,false,,,,,,,,,,,,,action,,,,,,,,,,,,,,,lb,,,active,barcode too long for Libib's 15-char field (18 chars)
warlock-collection-3-film-set,Warlock Collection 3-Film Set,"<p>This collection gathers the Warlock films, beginning with the 1989 supernatural horror film about a warlock who travels forward in time from 17th-century Boston to modern Los Angeles, pursued by a witch hunter determined to stop him.</p>",Blu-Ray,Media > Videos,,"Blu-Ray, Formatted, Horror, Rental",true,Genre,Horror,,,,,,,,,0.0,shopify,1,deny,manual,0.00,,true,true,,,,,191-BLRWRL-50-001A,https://cdn.shopify.com/s/files/1/0826/6363/7242/files/Warlocksands.jpg?v=1788285096,1,191-BLRWRL-50-001A,false,,,,,,,,,,,,,horror,,,,,,,,,,,,,,,lb,,,active,barcode too long for Libib's 15-char field (18 chars)
triple-9,Triple 9,<p>A gang of criminals and corrupt cops plan the murder of a police officer in order to pull off their biggest heist yet across town.</p>,Blu-Ray,Media > Videos,,"Action, Blu-Ray, Formatted, Rental",true,Genre,Action,,,,,,,,,0.0,shopify,1,deny,manual,0.00,,true,true,,,,,191-BLRTRI-50-001A,https://cdn.shopify.com/s/files/1/0826/6363/7242/files/0-1781746054195.jpg?v=1788285095,1,191-BLRTRI-50-001A,false,,,,,,,,,,,,,action,,,,,,,,,,,,,,,lb,,,active,barcode too long for Libib's 15-char field (18 chars)
kill-bill-vol-2,Kill Bill Vol. 2,"<p>The Bride unwaveringly continues on her roaring rampage of revenge against the band of assassins who had tried to kill her and her unborn child. She visits each of her former associates one-by-one, checking off the victims on her Death List Five until there's nothing left to do … but kill Bill.</p>",Blu-Ray,Media > Videos,,"Action, Blu-Ray, Formatted, Rental",true,Genre,Action,,,,,,,,,0.0,shopify,1,deny,manual,0.00,,true,true,,,,,191-BLRKLL-50-001A,https://cdn.shopify.com/s/files/1/0826/6363/7242/files/0-1781745986575_aa9b8a47-1eb9-4318-8127-e4fdb1f8bc0b.jpg?v=1788285094,1,191-BLRKLL-50-001A,false,,,,,,,,,,,,,action,,,,,,,,,,,,,,,lb,,,active,barcode too long for Libib's 15-char field (18 chars)
13-assassins,13 Assassins,<p>A bravado period action film set at the end of Japan's feudal era in which a group of unemployed samurai are enlisted to bring down a sadistic lord and prevent him from ascending to the throne and plunging the country into a war-torn future.</p>,Blu-Ray,Media > Videos,,"Action, Blu-Ray, Formatted, Rental",true,Genre,Action,,,,,,,,,0.0,,1,deny,manual,0.00,,true,true,,,,,191-BLR13A-50-001A,https://cdn.shopify.com/s/files/1/0826/6363/7242/files/0-1781745915602.jpg?v=1788381680,1,191-BLR13A-50-001A,false,,,,,,,,,,,,,action,,,,,,,,,,,,,,,lb,,,active,barcode too long for Libib's 15-char field (18 chars)
executive-decision,Executive Decision,"<p>Terrorists hijack a 747 inbound to Washington D.C., demanding the release of their imprisoned leader. Intelligence expert David Grant suspects another reason and he is soon the reluctant member of a special assault team that is assigned to intercept the plane and hijackers.</p>",Blu-Ray,Media > Videos,,"Action, Blu-Ray, Formatted, Rental",true,Genre,Action,,,,,,,,,0.0,shopify,1,deny,manual,0.00,,true,true,,,,,191-BLREXE-50-001A,https://cdn.shopify.com/s/files/1/0826/6363/7242/files/0-1781736771163_a96d9e36-91c1-480b-bc9c-98aaf3b30501.jpg?v=1788285092,1,191-BLREXE-50-001A,false,,,,,,,,,,,,,action,,,,,,,,,,,,,,,lb,,,active,barcode too long for Libib's 15-char field (18 chars)
white-house-down,White House Down,"<p>Capitol Policeman John Cale has just been denied his dream job with the Secret Service protecting President James Sawyer. Not wanting to let down his little girl with the news, he takes her on a tour of the White House, when the complex is overtaken by a heavily armed paramilitary group. Now, with the nation's government falling into chaos and time running out, it's up to Cale to save the president, his daughter, and the country.</p>",Blu-Ray,Media > Videos,,"Action, Blu-Ray, Formatted, Rental",true,Genre,Action,,,,,,,,,0.0,shopify,1,deny,manual,0.00,,true,true,,,,,191-BLRWHI-50-001A,https://cdn.shopify.com/s/files/1/0826/6363/7242/files/0-1781736708761_a4c88ebb-b0ab-473c-91c4-dd46fe418a73.jpg?v=1788285091,1,191-BLRWHI-50-001A,false,,,,,,,,,,,,,action,,,,,,,,,,,,,,,lb,,,active,barcode too long for Libib's 15-char field (18 chars)
double-salvation-2-pack-priest-legion,Double Salvation 2-Pack (Priest / Legion),"<p>This double feature pairs Priest (2011) and Legion (2010), two supernatural action films pitting warriors against apocalyptic forces of demons and fallen angels.</p>",Blu-Ray,Media > Videos,,"Action, Blu-Ray, Formatted, Rental",true,Genre,Action,,,,,,,,,0.0,shopify,1,deny,manual,0.00,,true,true,,,,,191-BLRDOU-50-001A,https://cdn.shopify.com/s/files/1/0826/6363/7242/files/0-1781736643720_87e58fdb-c0eb-459e-b0b9-43f7fdd6a70e.jpg?v=1788285090,1,191-BLRDOU-50-001A,false,,,,,,,,,,,,,action,,,,,,,,,,,,,,,lb,,,active,barcode too long for Libib's 15-char field (18 chars)
speed,Speed,"<p>This high-definition physical media release offers superior picture and sound quality for an immersive cinematic experience at home. It features a heart-pounding action narrative set on a city bus, complete with thrilling stunts and suspenseful performances that look stunning in high resolution. This disc is an essential addition for fans of classic nineties blockbusters and collectors of high-speed thriller cinema.</p>",Blu-Ray,Media > Videos,,"Action, Blu-Ray, Formatted, Rental",true,Genre,Action,,,,,,,,,0.0,shopify,0,deny,manual,0.00,,true,true,,,,,191-BLRSPD-50-001A,https://cdn.shopify.com/s/files/1/0826/6363/7242/files/0-1781736397687.jpg?v=1781746624,1,191-BLRSPD-50-001A,false,,,,,,,,,,,,,action,,,,,,,,,,,,,,,lb,,,active,barcode too long for Libib's 15-char field (18 chars)
the-transporter,The Transporter,"<p>Former Special Forces officer Frank Martin will deliver anything to anyone for the right price, and his no-questions-asked policy puts him in high demand. But when he realizes his latest cargo is alive, it sets in motion a dangerous chain of events. The bound and gagged Lai is being smuggled to France by a shady American businessman, and Frank works to save her as his own illegal activities are uncovered by a French detective.</p>",Blu-Ray,Media > Videos,,"Action, Blu-Ray, Formatted, Rental",true,Genre,Action,,,,,,,,,0.0,shopify,1,deny,manual,0.00,,true,true,,,,,191-BLRTHR-50-001A,https://cdn.shopify.com/s/files/1/0826/6363/7242/files/0-1781729256630.jpg?v=1788285088,1,191-BLRTHR-50-001A,false,,,,,,,,,,,,,action,,,,,,,,,,,,,,,lb,,,active,barcode too long for Libib's 15-char field (18 chars)
transporter-2,Transporter 2,"<p>Professional driver, and former Special Forces officer, Frank Martin is living in Miami, where he is temporarily filling in for a friend as the chauffeur for a government narcotics control policy director and his family. The young boy in the family is targeted for kidnapping, and Frank immediately becomes involved in protecting the child and exposing the kidnappers.</p>",Blu-Ray,Media > Videos,,"Action, Blu-Ray, Formatted, Rental",true,Genre,Action,,,,,,,,,0.0,shopify,1,deny,manual,0.00,,true,true,,,,,191-BLRTR2-50-001A,https://cdn.shopify.com/s/files/1/0826/6363/7242/files/0-1781729142917.jpg?v=1788285087,1,191-BLRTR2-50-001A,false,,,,,,,,,,,,,action,,,,,,,,,,,,,,,lb,,,active,barcode too long for Libib's 15-char field (18 chars)
transporter-3-2-disc-fully-loaded-edition,Transporter 3 (2-Disc Fully Loaded Edition),"<p>Transporter 3 is a 2008 action film in which professional driver and courier Frank Martin is coerced into transporting a valuable cargo across Europe, with a bomb bracelet ensuring he stays close to his car.</p>",Blu-Ray,Media > Videos,,"Action, Blu-Ray, Formatted, Rental",true,Genre,Action,,,,,,,,,0.0,shopify,1,deny,manual,0.00,,true,true,,,,,191-BLRTRN-50-001A,https://cdn.shopify.com/s/files/1/0826/6363/7242/files/Transporter_3_poster.jpg?v=1788285085,1,191-BLRTRN-50-001A,false,,,,,,,,,,,,,action,,,,,,,,,,,,,,,lb,,,active,barcode too long for Libib's 15-char field (18 chars)
bad-boys-for-life,Bad Boys for Life,"<p>Marcus and Mike are forced to confront new threats, career changes, and midlife crises as they join the newly created elite team AMMO of the Miami police department to take down the ruthless Armando Armas, the vicious leader of a Miami drug cartel.</p>",Blu-Ray,Media > Videos,,"Action, Blu-Ray, Formatted, Rental",true,Genre,Action,,,,,,,,,0.0,shopify,1,deny,manual,0.00,,true,true,,,,,191-BLRBAD-50-001A,https://cdn.shopify.com/s/files/1/0826/6363/7242/files/0-1781729039986.jpg?v=1788285084,1,191-BLRBAD-50-001A,false,,,,,,,,,,,,,action,,,,,,,,,,,,,,,lb,,,active,barcode too long for Libib's 15-char field (18 chars)
new-years-eve,New Year's Eve,<p>The lives of several couples and singles in New York intertwine over the course of New Year's Eve.</p>,Blu-Ray,Media > Videos,,"Blu-Ray, Comedy, Formatted, Rental",true,Genre,Comedy,,,,,,,,,0.0,shopify,1,deny,manual,0.00,,true,true,,,,,191-BLRNEW-50-001A,https://cdn.shopify.com/s/files/1/0826/6363/7242/files/0-1781728782772.jpg?v=1788285083,1,191-BLRNEW-50-001A,false,,,,,,,,,,,,,comedy,,,,,,,,,,,,,,,lb,,,active,barcode too long for Libib's 15-char field (18 chars)
clerks,Clerks,<p>Enjoy this cult classic indie comedy in high definition with enhanced visuals and crisp audio that bring the quick-witted dialogue to life. This disc includes a wealth of behind-the-scenes bonus features and filmmaker commentaries that offer a deep dive into the making of a low-budget cinematic masterpiece. It is a must-have addition for collectors who appreciate influential storytelling and the charm of nineties underground cinema.</p>,Blu-Ray,Media > Videos,,"Blu-Ray, Comedy, Formatted, Rental",true,Genre,Comedy,,,,,,,,,0.0,shopify,0,deny,manual,0.00,,true,true,,,,,191-BLRCLR-50-001A,https://cdn.shopify.com/s/files/1/0826/6363/7242/files/0-1781728707992.jpg?v=1781746614,1,191-BLRCLR-50-001A,false,,,,,,,,,,,,,comedy,,,,,,,,,,,,,,,lb,,,active,barcode too long for Libib's 15-char field (18 chars)
due-date,Due Date,"<p>Peter Highman must scramble across the US in five days to be present for the birth of his first child. He gets off to a bad start when his wallet and luggage are stolen, and put on the 'no-fly' list. Peter embarks on a terrifying journey when he accepts a ride from an actor.</p>",Blu-Ray,Media > Videos,,"Blu-Ray, Comedy, Formatted, Rental",true,Genre,Comedy,,,,,,,,,0.0,shopify,1,deny,manual,0.00,,true,true,,,,,191-BLRDUE-50-001A,https://cdn.shopify.com/s/files/1/0826/6363/7242/files/0-1781728640455.jpg?v=1788285082,1,191-BLRDUE-50-001A,false,,,,,,,,,,,,,comedy,,,,,,,,,,,,,,,lb,,,active,barcode too long for Libib's 15-char field (18 chars)
finding-dory,Finding Dory,"<p>Experience the heartwarming underwater journey of a forgetful blue tang as she searches for her long-lost parents across the ocean. This comprehensive home media set includes high-definition discs and a digital code, allowing you to enjoy the stunning animation and beloved characters on any device. It is a perfect addition to any family collection, offering hours of vibrant entertainment and meaningful lessons about friendship and perseverance.</p>",Blu-Ray,Media > Videos,,"Blu-Ray, Formatted, Kids & Family, Rental",true,Genre,Kids & Family,,,,,,,,,0.0,shopify,1,deny,manual,0.00,,true,true,,,,,191-BLRFND-50-001A,https://cdn.shopify.com/s/files/1/0826/6363/7242/files/0-1781728588039_cafaa8fa-3b2b-4993-8885-82acb084c865.jpg?v=1788285080,1,191-BLRFND-50-001A,false,,,,,,,,,,,,,kids-family,,,,,,,,,,,,,,,lb,,,active,barcode too long for Libib's 15-char field (18 chars)
goosebumps,Goosebumps,"<p>After moving to a small town, Zach Cooper finds a silver lining when he meets next door neighbor Hannah, the daughter of bestselling Goosebumps series author R.L. Stine. When Zach unintentionally unleashes real monsters from their manuscripts and they begin to terrorize the town, it’s suddenly up to Stine, Zach and Hannah to get all of them back in the books where they belong.</p>",Blu-Ray,Media > Videos,,"Blu-Ray, Formatted, Kids & Family, Rental",true,Genre,Kids & Family,,,,,,,,,0.0,shopify,1,deny,manual,0.00,,true,true,,,,,191-BLRGOO-50-001A,https://cdn.shopify.com/s/files/1/0826/6363/7242/files/0-1781728476090.jpg?v=1788285079,1,191-BLRGOO-50-001A,false,,,,,,,,,,,,,kids-family,,,,,,,,,,,,,,,lb,,,active,barcode too long for Libib's 15-char field (18 chars)
where-the-wild-things-are,Where the Wild Things Are,"<p>Max imagines running away from his mom and sailing to a far-off land where large talking beasts—Ira, Carol, Douglas, the Bull, Judith and Alexander—crown him as their king, play rumpus, build forts and discover secret hideaways.</p>",Blu-Ray,Media > Videos,,"Blu-Ray, Formatted, Kids & Family, Rental",true,Genre,Kids & Family,,,,,,,,,0.0,shopify,1,deny,manual,0.00,,true,true,,,,,191-BLRWHR-50-001A,https://cdn.shopify.com/s/files/1/0826/6363/7242/files/0-1781728390508.jpg?v=1788381872,1,191-BLRWHR-50-001A,false,,,,,,,,,,,,,kids-family,,,,,,,,,,,,,,,lb,,,active,barcode too long for Libib's 15-char field (18 chars)
beetlejuice,Beetlejuice,<p>This high-definition physical release brings a classic supernatural comedy to life with stunning clarity and vibrant color enhancement. It features a variety of behind-the-scenes bonus content and isolated musical scores that offer fans a deeper look into the whimsical and gothic aesthetic of the film. This disc is an essential addition for collectors seeking the best possible home viewing experience for this timeless spooky favorite.</p>,Blu-Ray,Media > Videos,,"Blu-Ray, Formatted, Kids & Family, Rental",true,Genre,Kids & Family,,,,,,,,,0.0,shopify,1,deny,manual,0.00,,true,true,,,,,191-BLRBTL-50-001A,https://cdn.shopify.com/s/files/1/0826/6363/7242/files/0-1781728246362_bf561ce3-ef50-4c40-8334-a70bb59fa396.jpg?v=1788285077,1,191-BLRBTL-50-001A,false,,,,,,,,,,,,,kids-family,,,,,,,,,,,,,,,lb,,,active,barcode too long for Libib's 15-char field (18 chars)
finding-nemo,Finding Nemo,"<p>Nemo, an adventurous young clownfish, is unexpectedly taken from his Great Barrier Reef home to a dentist's office aquarium. It's up to his worrisome father Marlin and a friendly but forgetful fish Dory to bring Nemo home -- meeting vegetarian sharks, surfer dude turtles, hypnotic jellyfish, hungry seagulls, and more along the way.</p>",Blu-Ray,Media > Videos,,"Blu-Ray, Formatted, Kids & Family, Rental",true,Genre,Kids & Family,,,,,,,,,0.0,shopify,1,deny,manual,0.00,,true,true,,,,,191-BLRFIN-50-001A,https://cdn.shopify.com/s/files/1/0826/6363/7242/files/0-1781728170255.jpg?v=1788285076,1,191-BLRFIN-50-001A,false,,,,,,,,,,,,,kids-family,,,,,,,,,,,,,,,lb,,,active,barcode too long for Libib's 15-char field (18 chars)
everything-everywhere-all-at-once,Everything Everywhere All at Once,"<p>An aging Chinese immigrant is swept up in an insane adventure, where she alone can save what's important to her by connecting with the lives she could have led in other universes.</p>",Blu-Ray,Media > Videos,,"Blu-Ray, Drama, Formatted, Rental",true,Genre,Drama,,,,,,,,,0.0,shopify,1,deny,manual,0.00,,true,true,,,,,191-BLREVE-50-001A,https://cdn.shopify.com/s/files/1/0826/6363/7242/files/0-1781726889710.jpg?v=1788285075,1,191-BLREVE-50-001A,false,,,,,,,,,,,,,drama,,,,,,,,,,,,,,,lb,,,active,barcode too long for Libib's 15-char field (18 chars)
braveheart,Braveheart,"<p>Enraged at the slaughter of Murron, his new bride and childhood love, Scottish warrior William Wallace slays a platoon of the local English lord's soldiers. This leads the village to revolt and, eventually, the entire country to rise up against English rule.</p>",Blu-Ray,Media > Videos,,"Blu-Ray, Drama, Formatted, Rental",true,Genre,Drama,,,,,,,,,0.0,shopify,1,deny,manual,0.00,,true,true,,,,,191-BLRBRA-50-001A,https://cdn.shopify.com/s/files/1/0826/6363/7242/files/0-1781726755527.jpg?v=1788285073,1,191-BLRBRA-50-001A,false,,,,,,,,,,,,,drama,,,,,,,,,,,,,,,lb,,,active,barcode too long for Libib's 15-char field (18 chars)
a-star-is-born,A Star Is Born,"<p>Seasoned musician Jackson Maine discovers — and falls in love with — struggling artist Ally. She has just about given up on her dream to make it big as a singer — until Jack coaxes her into the spotlight. But even as Ally's career takes off, the personal side of their relationship is breaking down, as Jack fights an ongoing battle with his own internal demons.</p>",Blu-Ray,Media > Videos,,"Blu-Ray, Drama, Formatted, Rental",true,Genre,Drama,,,,,,,,,0.0,shopify,1,deny,manual,0.00,,true,true,,,,,191-BLRAST-50-001A,https://cdn.shopify.com/s/files/1/0826/6363/7242/files/0-1781726676753_981f7afa-35aa-4b1b-9bef-9948c57b4ce8.jpg?v=1788381697,1,191-BLRAST-50-001A,false,,,,,,,,,,,,,drama,,,,,,,,,,,,,,,lb,,,active,barcode too long for Libib's 15-char field (18 chars)
crash,Crash,<p>This high-definition physical release offers a stunning visual and auditory experience for fans of acclaimed ensemble dramas. The disc includes the full feature film along with insightful bonus content that explores the production's complex themes and performances. It is an essential addition for any collector looking to own a pivotal piece of modern cinematic storytelling.</p>,Blu-Ray,Media > Videos,,"Blu-Ray, Drama, Formatted, Rental",true,Genre,Drama,,,,,,,,,0.0,shopify,0,deny,manual,0.00,,true,true,,,,,191-BLRCRA-50-001A,https://cdn.shopify.com/s/files/1/0826/6363/7242/files/0-1781726536434.jpg?v=1781746595,1,191-BLRCRA-50-001A,false,,,,,,,,,,,,,drama,,,,,,,,,,,,,,,lb,,,active,barcode too long for Libib's 15-char field (18 chars)
babylon,Babylon,<p>Experience the visceral spectacle of 1920s Hollywood in stunning high definition with this premium disc release. This home media edition features vibrant color depth and crisp audio that brings the chaotic energy and technical mastery of the epic production to life. It is an essential addition for cinema enthusiasts who appreciate grand-scale storytelling and immersive behind-the-scenes bonus content.</p>,Blu-Ray,Media > Videos,,"Blu-Ray, Drama, Formatted, Rental",true,Genre,Drama,,,,,,,,,0.0,shopify,0,deny,manual,0.00,,true,true,,,,,191-BLRBAB-50-001A,https://cdn.shopify.com/s/files/1/0826/6363/7242/files/0-1781726413920.jpg?v=1781746594,1,191-BLRBAB-50-001A,false,,,,,,,,,,,,,drama,,,,,,,,,,,,,,,lb,,,active,barcode too long for Libib's 15-char field (18 chars)
dark-waters,Dark Waters,"<p>A tenacious attorney uncovers a dark secret that connects a growing number of unexplained deaths to one of the world's largest corporations. In the process, he risks everything — his future, his family, and his own life — to expose the truth.</p>",DVD,Media > Videos,,"Drama, DVD, Formatted, Rental",true,Genre,Drama,,,,,,,,,0.0,shopify,1,deny,manual,0.00,,true,true,,,,,191-DVDDAR-50-001A,https://cdn.shopify.com/s/files/1/0826/6363/7242/files/0-1781728069867_88bcac69-3510-49da-b218-7280266e9056.jpg?v=1788285072,1,191-DVDDAR-50-001A,false,,,,,,,,,,,,,drama,,,,,,,,,,,,,,,lb,,,active,barcode too long for Libib's 15-char field (18 chars)
gridiron-gang,Gridiron Gang,"<p>Under the leadership of their counselor, teenagers at a juvenile detention center gain self-esteem by playing football together. Based on a true story.</p>",Blu-Ray,Media > Videos,,"Blu-Ray, Drama, Formatted, Rental",true,Genre,Drama,,,,,,,,,0.0,shopify,1,deny,manual,0.00,,true,true,,,,,191-BLRGRI-50-001A,https://cdn.shopify.com/s/files/1/0826/6363/7242/files/0-1781727904078.jpg?v=1788285071,1,191-BLRGRI-50-001A,false,,,,,,,,,,,,,drama,,,,,,,,,,,,,,,lb,,,active,barcode too long for Libib's 15-char field (18 chars)
officer-downe,Officer Downe,"<p>A rookie cop is tasked with shadowing Officer Downe, a no-nonsense LAPD cop with regenerative powers, as he wages an ultra-violent war against the nefarious villains of Los Angeles.</p>",Blu-Ray,Media > Videos,,"Action, Blu-Ray, Formatted, Rental",true,Genre,Action,,,,,,,,,0.0,shopify,1,deny,manual,0.00,,true,true,,,,,191-BLROFF-50-001A,https://cdn.shopify.com/s/files/1/0826/6363/7242/files/0-1781404952111.jpg?v=1788285070,1,191-BLROFF-50-001A,false,,,,,,,,,,,,,action,,,,,,,,,,,,,,,lb,,,active,barcode too long for Libib's 15-char field (18 chars)
where-the-is-santa,Where the #$&% is Santa?,"<p>In the midst of a trip to Finland to find the perfect Christmas gift for his wife, Missy, skateboarding superstar MTV personality Bam Margera is struck by inspiration to find the elusive Santa Claus.</p>",Blu-Ray,Media > Videos,,"Blu-Ray, Comedy, Formatted, Rental",true,Genre,Comedy,,,,,,,,,0.0,shopify,1,deny,manual,0.00,,true,true,,,,,191-BLRWHE-50-001A,https://cdn.shopify.com/s/files/1/0826/6363/7242/files/0-1781404650893.jpg?v=1788381870,1,191-BLRWHE-50-001A,false,,,,,,,,,,,,,comedy,,,,,,,,,,,,,,,lb,,,active,barcode too long for Libib's 15-char field (18 chars)
ambulance-collectors-edition,Ambulance (Collector's Edition),"<p>This collector's edition features high-definition picture quality and immersive surround sound for a premium home theater experience. The release includes exclusive bonus content and behind-the-scenes footage that offers a deep look into the high-octane production. Packed in a specialty case, it is a must-have physical copy for fans of intense action cinema and physical media collectors.</p>",Blu-Ray,Media > Videos,,"Action, Blu-Ray, Formatted, Rental",true,Genre,Action,,,,,,,,,0.0,shopify,0,deny,manual,0.00,,true,true,,,,,191-BLRAMB-50-001A,https://cdn.shopify.com/s/files/1/0826/6363/7242/files/0-1781404450872.jpg?v=1781405034,1,191-BLRAMB-50-001A,false,,,,,,,,,,,,,action,,,,,,,,,,,,,,,lb,,,active,barcode too long for Libib's 15-char field (18 chars)
machete,Machete,"<p>After being set-up and betrayed by the man who hired him to assassinate a Texas Senator, an ex-Federale launches a brutal rampage of revenge against his former boss.</p>",Blu-Ray,Media > Videos,,"Action, Blu-Ray, Formatted, Rental",true,Genre,Action,,,,,,,,,0.0,shopify,1,deny,manual,0.00,,true,true,,,,,191-BLRMAC-50-001A,https://cdn.shopify.com/s/files/1/0826/6363/7242/files/0-1781404797952_abc44853-31b4-4303-8f89-925e20fc4646.jpg?v=1788285068,1,191-BLRMAC-50-001A,false,,,,,,,,,,,,,action,,,,,,,,,,,,,,,lb,,,active,barcode too long for Libib's 15-char field (18 chars)
love-and-monsters,Love and Monsters,<p>This captivating science fiction adventure follows a young man navigating a post-apocalyptic landscape overrun by overgrown creatures to reunite with his high school sweetheart. It masterfully blends heartfelt coming-of-age storytelling with impressive visual effects and thrilling monster encounters for a unique cinematic experience. The film is a must-watch for fans of imaginative world-building and charming survival stories.</p>,Blu-Ray,Media > Videos,,"Action, Blu-Ray, Formatted, Rental",true,Genre,Action,,,,,,,,,0.0,shopify,1,deny,manual,0.00,,true,true,,,,,191-UNKLOV-50-001A,https://cdn.shopify.com/s/files/1/0826/6363/7242/files/0-1781404684172_4fec6b8a-bbe4-453c-b5f8-02cd19fc4d23.jpg?v=1788285067,1,191-UNKLOV-50-001A,false,,,,,,,,,,,,,action,,,,,,,,,,,,,,,lb,,,active,barcode too long for Libib's 15-char field (18 chars)
out-of-the-furnace,Out of the Furnace,"<p>Two brothers live in the economically-depressed Rust Belt, when a cruel twist of fate lands one in prison. His brother is then lured into one of the most violent crime rings in the Northeast.</p>",Blu-Ray,Media > Videos,,"Action, Blu-Ray, Formatted, Rental",true,Genre,Action,,,,,,,,,0.0,shopify,1,deny,manual,0.00,,true,true,,,,,191-BLROUT-50-001A,https://cdn.shopify.com/s/files/1/0826/6363/7242/files/0-1781404730142.jpg?v=1788285065,1,191-BLROUT-50-001A,false,,,,,,,,,,,,,action,,,,,,,,,,,,,,,lb,,,active,barcode too long for Libib's 15-char field (18 chars)
rampage,Rampage,<p>Experience high-stakes action and spectacular visual effects with this thrilling science fiction adventure on Blu-ray. Follow an unlikely alliance as they race across the country to stop genetically mutated predators from destroying everything in their path. This high-definition disc is a must-have for fans of creature features and explosive blockbuster entertainment.</p>,4K,Media > Videos,,"4K, Action, Formatted, Rental",true,Genre,Action,,,,,,,,,0.0,shopify,0,deny,manual,0.00,,true,true,,,,,191-BLRRAM-50-001A,https://cdn.shopify.com/s/files/1/0826/6363/7242/files/0-1781404307844.jpg?v=1781405026,1,191-BLRRAM-50-001A,false,,,,,,,,,,,,,action,,,,,,,,,,,,,,,lb,,,active,barcode too long for Libib's 15-char field (18 chars)
hit-run,Hit & Run,<p>This classic board game challenges players to navigate a suspenseful getaway scenario using strategy and quick thinking to outmaneuver opponents. The compact design and intuitive gameplay make it an ideal choice for fast-paced family game nights or casual gatherings. Its high-stakes premise and engaging mechanics ensure a competitive and entertaining experience for all ages.</p>,Blu-Ray,Media > Videos,,"Action, Blu-Ray, Formatted, Rental",true,Genre,Action,,,,,,,,,0.0,shopify,0,deny,manual,0.00,,true,true,,,,,191-BLRHIT-50-001A,https://cdn.shopify.com/s/files/1/0826/6363/7242/files/0-1781404847357.jpg?v=1781405024,1,191-BLRHIT-50-001A,false,,,,,,,,,,,,,action,,,,,,,,,,,,,,,lb,,,active,barcode too long for Libib's 15-char field (18 chars)
gangster-squad,Gangster Squad,"<p>Los Angeles, 1949. Ruthless, Brooklyn-born mob king Mickey Cohen runs the show in this town, reaping the ill-gotten gains from the drugs, the guns, the prostitutes and — if he has his way — every wire bet placed west of Chicago. And he does it all with the protection of not only his own paid goons, but also the police and the politicians who are under his control. It’s enough to intimidate even the bravest, street-hardened cop… except, perhaps, for the small, secret crew of LAPD outsiders led by Sgt. John O’Mara and Jerry Wooters who come together to try to tear Cohen’s world apart.</p>",Blu-Ray,Media > Videos,,"Action, Blu-Ray, Formatted, Rental",true,Genre,Action,,,,,,,,,0.0,shopify,1,deny,manual,0.00,,true,true,,,,,191-BLRGAN-50-001A,https://cdn.shopify.com/s/files/1/0826/6363/7242/files/0-1781404380657.jpg?v=1788285064,1,191-BLRGAN-50-001A,false,,,,,,,,,,,,,action,,,,,,,,,,,,,,,lb,,,active,barcode too long for Libib's 15-char field (18 chars)
snitch,Snitch,"<p>Construction company owner John Matthews learns that his estranged son, Jason, has been arrested for drug trafficking. Facing an unjust prison sentence for a first time offender courtesy of mandatory minimum sentence laws, Jason has nothing to offer for leniency in good conscience. Desperately, John convinces the DEA and the opportunistic DA Joanne Keeghan to let him go undercover to help make arrests big enough to free his son in return. With the unwitting help of an ex-con employee, John enters the narcotics underworld where every move could be his last in an operation that will demand all his resources, wits and courage to survive.</p>",4K,Media > Videos,,"4K, Action, Formatted, Rental",true,Genre,Action,,,,,,,,,0.0,shopify,1,deny,manual,0.00,,true,true,,,,,191-UNKSNI-50-001A,https://cdn.shopify.com/s/files/1/0826/6363/7242/files/0-1781404535388_233e6758-1f57-4876-9b82-e2865137a3f0.jpg?v=1788285063,1,191-UNKSNI-50-001A,false,,,,,,,,,,,,,action,,,,,,,,,,,,,,,lb,,,active,barcode too long for Libib's 15-char field (18 chars)
sundown-the-vampire-in-retreat,Sundown: The Vampire in Retreat,<p>Reclusive vampires lounge in a lonely American town. They wear sunscreen to protect themselves. A descendant of Van Helsing arrives with hilarious consequences.</p>,Blu-Ray,Media > Videos,,"Action, Blu-Ray, Formatted, Rental",true,Genre,Action,,,,,,,,,0.0,shopify,1,deny,manual,0.00,,true,true,,,,,191-BLRSUN-50-001A,https://cdn.shopify.com/s/files/1/0826/6363/7242/files/0-1781404240888.jpg?v=1788285062,1,191-BLRSUN-50-001A,false,,,,,,,,,,,,,action,,,,,,,,,,,,,,,lb,,,active,barcode too long for Libib's 15-char field (18 chars)
lovers-lane-arrow,Lovers Lane (Arrow),<p>Lovers Lane is a 2000 slasher film about a masked killer who stalks and murders teenagers connected to a decades-old unsolved crime at the local lovers' lane.</p>,Blu-Ray,Media > Videos,,"Blu-Ray, Formatted, Horror, Rental",true,Genre,Horror,,,,,,,,,0.0,shopify,1,deny,manual,0.00,,true,true,,,,,191-BLRLOV-70-001A,https://cdn.shopify.com/s/files/1/0826/6363/7242/files/Lovers_Lane_FilmPoster.jpg?v=1788285060,1,191-BLRLOV-70-001A,false,,,,,,,,,,,,,horror,,,,,,,,,,,,,,,lb,,,active,barcode too long for Libib's 15-char field (18 chars)
crimes-of-the-future,Crimes of the Future,,Blu-Ray,Media > Videos,,"Action, Blu-Ray, Formatted, Rental",true,Genre,Action,,,,,,,,,0.0,shopify,0,deny,manual,0.00,,true,true,,,,,191-BLRCRI-50-001A,https://cdn.shopify.com/s/files/1/0826/6363/7242/files/0-1781404176031.jpg?v=1781404265,1,191-BLRCRI-50-001A,false,,,,,,,,,,,,,action,,,,,,,,,,,,,,,lb,,,active,barcode too long for Libib's 15-char field (18 chars)
dredd,Dredd,"<p>In the future, America is a dystopian wasteland. The latest scourge is Ma-Ma, a prostitute-turned-drug pusher with a dangerous new drug and aims to take over the city. The only possibility of stopping her is an elite group of urban police called Judges, who combine the duties of judge, jury and executioner to deliver a brutal brand of swift justice. But even the top-ranking Judge, Dredd, discovers that taking down Ma-Ma isn’t as easy as it seems in this explosive adaptation of the hugely popular comic series.</p>",Blu-Ray,Media > Videos,,"Action, Blu-Ray, Formatted, Rental",true,Genre,Action,,,,,,,,,0.0,shopify,1,deny,manual,0.00,,true,true,,,,,191-BLRDRE-50-001A,https://cdn.shopify.com/s/files/1/0826/6363/7242/files/0-1781404109629.jpg?v=1788285059,1,191-BLRDRE-50-001A,false,,,,,,,,,,,,,action,,,,,,,,,,,,,,,lb,,,active,barcode too long for Libib's 15-char field (18 chars)
point-break,Point Break,,Blu-Ray,Media > Videos,,"Action, Blu-Ray, Formatted, Rental",true,Genre,Action,,,,,,,,,0.0,shopify,0,deny,manual,0.00,,true,true,,,,,191-BLRPOI-50-001A,https://cdn.shopify.com/s/files/1/0826/6363/7242/files/0-1781404057284.jpg?v=1781404262,1,191-BLRPOI-50-001A,false,,,,,,,,,,,,,action,,,,,,,,,,,,,,,lb,,,active,barcode too long for Libib's 15-char field (18 chars)
the-red-queen-kills-seven-times-arrow,The Red Queen Kills Seven Times (Arrow),"<p>This high-definition restoration brings a stylish Italian gothic thriller to life with vibrant visual clarity and lossless audio. The collectible set features extensive special features including interviews, scholarly commentary, and an illustrated booklet that explores the film's macabre mystery. It is a definitive edition for genre enthusiasts looking to add a masterfully crafted slasher classic to their physical media library.</p>",Blu-Ray,Media > Videos,,"Blu-Ray, Formatted, Rental, Thriller",true,Genre,Thriller,,,,,,,,,0.0,shopify,1,deny,manual,0.00,,true,true,,,,,191-RRWTHE-50-001A,https://cdn.shopify.com/s/files/1/0826/6363/7242/files/0-1781403975129.jpg?v=1788285057,1,191-RRWTHE-50-001A,false,,,,,,,,,,,,,thriller,,,,,,,,,,,,,,,lb,,,active,barcode too long for Libib's 15-char field (18 chars)
kinji-fukasakus-battles-without-honor-and-humanity-the-complete-trilogy-arrow,Kinji Fukasaku's Battles Without Honor and Humanity: The Complete Trilogy (Arrow),"<p>Battles Without Honor and Humanity, also known as The Yakuza Papers, is a Japanese yakuza film series directed by Kinji Fukasaku, chronicling the brutal power struggles of rival gangs in post-war Hiroshima.</p>",Blu-Ray,Media > Videos,,"Action, Blu-Ray, Formatted, Rental",true,Genre,Action,,,,,,,,,0.0,shopify,1,deny,manual,0.00,,true,true,,,,,191-BLRKIN-50-001A,https://cdn.shopify.com/s/files/1/0826/6363/7242/files/BattlesWithoutHonorandHumanityTitle.jpg?v=1788285056,1,191-BLRKIN-50-001A,false,,,,,,,,,,,,,action,,,,,,,,,,,,,,,lb,,,active,barcode too long for Libib's 15-char field (18 chars)
it-happened-on-5th-avenue,It Happened on 5th Avenue,"<p>This heartwarming holiday comedy follows a group of unlikely squatters who find shelter in a boarded-up luxury mansion while the owners are away for the winter. The classic black-and-white film offers a charming blend of mid-century wit and a timeless message about the true meaning of generosity and family. Captured in high definition, this home media release is an essential addition for fans of vintage cinema and traditional Christmas storytelling.</p>",DVD,Media > Videos,,"Comedy, DVD, Formatted, Issue_Rental_Or_Sale",true,Genre,Comedy,,,,,,,,,0.0,shopify,1,deny,manual,0.00,,true,true,,,,,191-DVDITH-50-001A,https://cdn.shopify.com/s/files/1/0826/6363/7242/files/0-1781403752316_7a4ef69d-3b05-481a-8833-c9b448f2252d.jpg?v=1788285055,1,191-DVDITH-50-001A,false,,,,,,,,,,,,,comedy,,,,,,,,,,,,,,,lb,,,active,barcode too long for Libib's 15-char field (18 chars)
vertigo,Vertigo,<p>Experience this psychological thriller in stunning high definition with a restoration that captures every haunting detail of the suspenseful narrative. This cinematic masterpiece features legendary performances and groundbreaking cinematography that make it an essential addition to any classic film collection. The disc includes immersive bonus content and behind-the-scenes insights into one of the most celebrated titles in movie history.</p>,DVD,Media > Videos,,"DVD, Formatted, Rental, Thriller",true,Genre,Thriller,,,,,,,,,0.0,shopify,1,deny,manual,0.00,,true,true,,,,,191-ALFVER-50-001A,https://cdn.shopify.com/s/files/1/0826/6363/7242/files/0-1781402999401_8374246a-733e-4aa9-b775-5ddf2123ca46.jpg?v=1788285054,1,191-ALFVER-50-001A,false,,,,,,,,,,,,,thriller,,,,,,,,,,,,,,,lb,,,active,barcode too long for Libib's 15-char field (18 chars)
mr-mrs-smith,Mr. & Mrs. Smith,"<p>A husband and wife struggle to keep their marriage alive until they realize they are both secretly working as assassins. Now, their respective assignments require them to kill each other.</p>",Blu-Ray,Media > Videos,,"Action, Blu-Ray, Formatted, Rental",true,Genre,Action,,,,,,,,,0.0,shopify,1,deny,manual,0.00,,true,true,,,,,191-DVDMRM-50-001A,https://cdn.shopify.com/s/files/1/0826/6363/7242/files/0-1781402934277.jpg?v=1788285052,1,191-DVDMRM-50-001A,false,,,,,,,,,,,,,action,,,,,,,,,,,,,,,lb,,,active,barcode too long for Libib's 15-char field (18 chars)
adams-rib,Adam's Rib,"<p>A woman's attempted murder of her uncaring husband results in everyday quarrels in the lives of Adam and Amanda, a pair of happily married lawyers who end up on opposite sides of the case in court.</p>",DVD,Media > Videos,,"Comedy, DVD, Formatted, Rental",true,Genre,Comedy,,,,,,,,,0.0,shopify,1,deny,manual,0.00,,true,true,,,,,191-DVDADA-50-001A,https://cdn.shopify.com/s/files/1/0826/6363/7242/files/0-1781403092566.jpg?v=1788403636,1,191-DVDADA-50-001A,false,,,,,,,,,,,,,comedy,,,,,,,,,,,,,,,lb,,,active,barcode too long for Libib's 15-char field (18 chars)
thief-criterion-collection,Thief (Criterion Collection),"<p>Thief is a 1981 neo-noir crime film written and directed by Michael Mann, starring James Caan as a professional jewel thief planning one last big score before going straight.</p>",Blu-Ray,Media > Videos,,"Blu-Ray, Drama, Formatted, Rental",true,Genre,Drama,,,,,,,,,0.0,shopify,1,deny,manual,0.00,,true,true,,,,,191-BLRTH8-50-001A,https://cdn.shopify.com/s/files/1/0826/6363/7242/files/Thief_1981.jpg?v=1788285049,1,191-BLRTH8-50-001A,false,,,,,,,,,,,,,drama,,,,,,,,,,,,,,,lb,,,active,barcode too long for Libib's 15-char field (18 chars)
a-blade-in-the-dark-vinegar-syndrome,A Blade in the Dark (Vinegar Syndrome),"<p>A Blade in the Dark is a 1983 Italian giallo film directed by Lamberto Bava, about a composer working on a horror film score in an isolated villa who becomes entangled in a series of brutal murders.</p>",Blu-Ray,Media > Videos,,"Blu-Ray, Formatted, Horror, Rental",true,Genre,Horror,,,,,,,,,0.0,shopify,1,deny,manual,0.00,,true,true,,,,,191-BLRABL-50-001A,https://cdn.shopify.com/s/files/1/0826/6363/7242/files/A_Blade_in_the_Dark_poster.jpg?v=1788285048,1,191-BLRABL-50-001A,false,,,,,,,,,,,,,horror,,,,,,,,,,,,,,,lb,,,active,barcode too long for Libib's 15-char field (18 chars)
undefeatable-vinegar-syndrome,UNDEFEATABLE (Vinegar Syndrome),"<p>Undefeatable is a 1993 Hong Kong martial arts film starring Cynthia Rothrock as a street fighter who takes on a psychotic, steroid-fueled killer terrorizing the city.</p>",Blu-Ray,Media > Videos,,"Action, Blu-Ray, Formatted, Rental",true,Genre,Action,,,,,,,,,0.0,shopify,1,deny,manual,0.00,,true,true,,,,,191-BLRUND-50-001A,https://cdn.shopify.com/s/files/1/0826/6363/7242/files/Undefeatablebox.jpg?v=1788285047,1,191-BLRUND-50-001A,false,,,,,,,,,,,,,action,,,,,,,,,,,,,,,lb,,,active,barcode too long for Libib's 15-char field (18 chars)
evil-judgment-vinegar-syndrome,Evil Judgment (Vinegar Syndrome),,Blu-Ray,Media > Videos,,"Blu-Ray, Formatted, Horror, Rental",true,Genre,Horror,,,,,,,,,0.0,shopify,1,deny,manual,0.00,,true,true,,,,,191-BLREVI-50-001A,https://cdn.shopify.com/s/files/1/0826/6363/7242/files/0-1781401618863_30bae1f5-1824-4c9a-8f95-a412cd0164eb.jpg?v=1788285046,1,191-BLREVI-50-001A,false,,,,,,,,,,,,,horror,,,,,,,,,,,,,,,lb,,,active,barcode too long for Libib's 15-char field (18 chars)
delirium-vinegar-syndrome,DELIRIUM (Vinegar Syndrome),"<p>Delirium is a 1979 thriller film about a disturbed Vietnam veteran who becomes a vigilante killer, murdering the criminals that the justice system has let slip through the cracks.</p>",Blu-Ray,Media > Videos,,"Blu-Ray, Formatted, Rental, Thriller",true,Genre,Thriller,,,,,,,,,0.0,shopify,1,deny,manual,0.00,,true,true,,,,,191-BLRDEL-50-001A,https://cdn.shopify.com/s/files/1/0826/6363/7242/files/Delirium_1979_poster.jpg?v=1788285044,1,191-BLRDEL-50-001A,false,,,,,,,,,,,,,thriller,,,,,,,,,,,,,,,lb,,,active,barcode too long for Libib's 15-char field (18 chars)
the-sea-hawk,The Sea Hawk,"<p>The adventures of Oliver Tressilian, who goes from English gentry to galley slave to captain of a Moorish fighting ship.</p>",DVD,Media > Videos,,"Drama, DVD, Formatted, Rental",true,Genre,Drama,,,,,,,,,0.0,shopify,1,deny,manual,0.00,,true,true,,,,,191-DVDTHE-50-001A,https://cdn.shopify.com/s/files/1/0826/6363/7242/files/0-1781402823134_20e8d2c1-7c65-4fc4-ac02-c7a282e7427b.jpg?v=1788285043,1,191-DVDTHE-50-001A,false,,,,,,,,,,,,,drama,,,,,,,,,,,,,,,lb,,,active,barcode too long for Libib's 15-char field (18 chars)
the-human-condition-criterion-collection,The Human Condition (Criterion Collection),"<p>The Human Condition is a trilogy of Japanese epic war drama films directed by Masaki Kobayashi, following an idealistic pacifist as he is forced through the brutal machinery of the Japanese military and a Manchurian POW camp during World War II.</p>",Blu-Ray,Media > Videos,,"Blu-Ray, Drama, Formatted, Rental",true,Genre,Drama,,,,,,,,,0.0,shopify,1,deny,manual,0.00,,true,true,,,,,191-BLRTH7-50-001A,https://cdn.shopify.com/s/files/1/0826/6363/7242/files/The_Human_Condition_VideoCover.jpg?v=1788285042,1,191-BLRTH7-50-001A,false,,,,,,,,,,,,,drama,,,,,,,,,,,,,,,lb,,,active,barcode too long for Libib's 15-char field (18 chars)
lost-picture-show-vinegar-syndrome,Lost Picture Show (Vinegar Syndrome),,Blu-Ray,Media > Videos,,"Blu-Ray, Formatted, Horror, Rental",true,Genre,Horror,,,,,,,,,0.0,shopify,1,deny,manual,0.00,,true,true,,,,,191-BLRLOS-50-001A,https://cdn.shopify.com/s/files/1/0826/6363/7242/files/0-1781402808593_479ef6d9-4dc8-4011-b957-1be66f0e2638.jpg?v=1788285041,1,191-BLRLOS-50-001A,false,,,,,,,,,,,,,horror,,,,,,,,,,,,,,,lb,,,active,barcode too long for Libib's 15-char field (18 chars)
hugo-mask-special-horrible-full-head-mask-with-hair,Hugo Mask Special! Horrible Full Head Mask With Hair!,,Blu-Ray,Media > Videos,,"Blu-Ray, Formatted, Horror, Rental",true,Genre,Horror,,,,,,,,,0.0,shopify,1,deny,manual,0.00,,true,true,,,,,191-BLRHUG-50-001A,https://cdn.shopify.com/s/files/1/0826/6363/7242/files/0-1781401192050.jpg?v=1788285040,1,191-BLRHUG-50-001A,false,,,,,,,,,,,,,horror,,,,,,,,,,,,,,,lb,,,active,barcode too long for Libib's 15-char field (18 chars)
night-and-day,Night and Day,"<p>This versatile fragrance features a distinct dual profile that transitions seamlessly from light, floral daytime notes to deep, woody evening undertones. Its unique composition is designed for the modern individual who values a sophisticated scent capable of adapting to any occasion. The elegant bottle makes it a timeless addition to any collection, offering a balanced olfactory experience that lingers beautifully on the skin.</p>",DVD,Media > Videos,,"DVD, Formatted, Musical, Rental",true,Genre,Musical,,,,,,,,,0.0,shopify,1,deny,manual,0.00,,true,false,,,,,191-DVDNGH-50-001A,https://cdn.shopify.com/s/files/1/0826/6363/7242/files/0-1781402751742_7171554e-f438-45e4-aa54-8c1c8ad661be.jpg?v=1788285039,1,191-DVDNGH-50-001A,false,,,,,,,,,,,,,musical,,,,,,,,,,,,,,,lb,,,active,barcode too long for Libib's 15-char field (18 chars)
anna-and-the-king-of-siam,Anna and the King of Siam,"<p>In 1862, a young Englishwoman becomes royal tutor in Siam and befriends the King.</p>",DVD,Media > Videos,,"Comedy, DVD, Formatted, Rental",true,Genre,Comedy,,,,,,,,,0.0,shopify,1,deny,manual,0.00,,true,true,,,,,191-DVDANN-50-001A,https://cdn.shopify.com/s/files/1/0826/6363/7242/files/0-1781402668835_6b461e17-b804-4785-9bd2-acbb894c41e0.jpg?v=1788285037,1,191-DVDANN-50-001A,false,,,,,,,,,,,,,comedy,,,,,,,,,,,,,,,lb,,,active,barcode too long for Libib's 15-char field (18 chars)
one-rainy-afternoon,One Rainy Afternoon,"<p>Suave French actor Philippe Martin provokes a scandal when, in a darkened theater, he mistakes young Monique for his mistress, Yvonne, and tries to kiss her. Charged with assault, the quick-thinking Philippe claims it's French tradition to do as he did, and is let go. To his surprise, Philippe learns that Monique has paid his fine. As the tabloids exploit the situation, Monique dates Philippe, until a photo appears of him kissing Yvonne.</p>",DVD,Media > Videos,,"Drama, DVD, Formatted, Rental",true,Genre,Drama,,,,,,,,,0.0,shopify,1,deny,manual,0.00,,true,true,,,,,191-DVDONE-50-001A,https://cdn.shopify.com/s/files/1/0826/6363/7242/files/0-1781402582637.jpg?v=1788285036,1,191-DVDONE-50-001A,false,,,,,,,,,,,,,drama,,,,,,,,,,,,,,,lb,,,active,barcode too long for Libib's 15-char field (18 chars)
mothers-day-vinegar-syndrome,Mother's Day (Vinegar Syndrome),"<p>Mother's Day is a 1980 slasher film in which three friends on a camping trip are captured by two feral brothers and their domineering mother, who forces her sons to torment and kill for her amusement.</p>",4K,Media > Videos,,"4K, Formatted, Horror, Rental",true,Genre,Horror,,,,,,,,,0.0,shopify,1,deny,manual,0.00,,true,true,,,,,191-4K2MOT-50-001A,https://cdn.shopify.com/s/files/1/0826/6363/7242/files/Mothers-day-poster.jpg?v=1788285035,1,191-4K2MOT-50-001A,false,,,,,,,,,,,,,horror,,,,,,,,,,,,,,,lb,,,active,barcode too long for Libib's 15-char field (18 chars)
arsenic-and-old-lace,Arsenic and Old Lace,"<p>This classic black comedy follows a newlywed who discovers his eccentric aunts have a macabre secret hidden in their cellar. The digital format offers a crisp viewing experience of this beloved theatrical adaptation, featuring iconic performances and witty dialogue. It is an essential addition for collectors of vintage cinema and fans of dark, fast-paced humor.</p>",DVD,Media > Videos,,"Comedy, DVD, Formatted, Rental",true,Genre,Comedy,,,,,,,,,0.0,shopify,0,deny,manual,0.00,,true,true,,,,,191-DVDARS-50-001A,https://cdn.shopify.com/s/files/1/0826/6363/7242/files/0-1781402438820.jpg?v=1781402925,1,191-DVDARS-50-001A,false,,,,,,,,,,,,,comedy,,,,,,,,,,,,,,,lb,,,active,barcode too long for Libib's 15-char field (18 chars)
the-prophecy-i-ii-iii-vinegar-syndrome,The Prophecy I-II-III (Vinegar Syndrome),"<p>This collection gathers The Prophecy films, beginning with the 1995 fantasy horror film starring Christopher Walken as the fallen angel Gabriel, who wages a war against humanity amid a civil conflict in Heaven.</p>",4K,Media > Videos,,"4K, Formatted, Horror, Rental",true,Genre,Horror,,,,,,,,,0.0,shopify,1,deny,manual,0.00,,true,true,,,,,191-BLRTH9-50-001A,https://cdn.shopify.com/s/files/1/0826/6363/7242/files/Prophecyposter.jpg?v=1788285034,1,191-BLRTH9-50-001A,false,,,,,,,,,,,,,horror,,,,,,,,,,,,,,,lb,,,active,barcode too long for Libib's 15-char field (18 chars)
night-shift,Night Shift,"<p>Amy begins her first night shift in a hotel with a murderous past. Witnessing terrifying events and trapped within a loop, Amy must find a way to escape the flesh obsessed murderer and save residents of the hotel.</p>",DVD,Media > Videos,,"DVD, Formatted, Horror, Rental",true,Genre,Horror,,,,,,,,,0.0,shopify,1,deny,manual,0.00,,true,true,,,,,191-DVDNIG-50-001A,https://cdn.shopify.com/s/files/1/0826/6363/7242/files/0-1781402352062_1c45b552-cc74-4170-9860-eac6416948a2.jpg?v=1788285032,1,191-DVDNIG-50-001A,false,,,,,,,,,,,,,horror,,,,,,,,,,,,,,,lb,,,active,barcode too long for Libib's 15-char field (18 chars)
steel-and-lace-vinegar-syndrome,Steel and Lace (Vinegar Syndrome),"<p>Steel and Lace is a 1991 science fiction action film about a concert pianist who, after taking her own life following a brutal assault, is resurrected as a cyborg by her scientist brother to exact revenge on the men responsible.</p>",Blu-Ray,Media > Videos,,"Blu-Ray, Formatted, Rental, Sci-Fi",true,Genre,Sci-Fi,,,,,,,,,0.0,shopify,1,deny,manual,0.00,,true,true,,,,,191-BLRSTE-50-001A,https://cdn.shopify.com/s/files/1/0826/6363/7242/files/Steel_and_Lace.jpg?v=1788285031,1,191-BLRSTE-50-001A,false,,,,,,,,,,,,,sci-fi,,,,,,,,,,,,,,,lb,,,active,barcode too long for Libib's 15-char field (18 chars)
v-h-s-beyond,V/H/S/BEYOND,"<p>The infinite playground of forbidden worlds and dangerous lifeforms offered by the sci-fi horror genre will lead to the biggest, maddest, bloodiest V/H/S ever.</p>",Blu-Ray,Media > Videos,,"Blu-Ray, Formatted, Horror, Rental",true,Genre,Horror,,,,,,,,,0.0,shopify,1,deny,manual,0.00,,true,true,,,,,191-BLRVHD-50-001A,https://cdn.shopify.com/s/files/1/0826/6363/7242/files/0-1781397799446.jpg?v=1788285030,1,191-BLRVHD-50-001A,false,,,,,,,,,,,,,horror,,,,,,,,,,,,,,,lb,,,active,barcode too long for Libib's 15-char field (18 chars)
the-sinful-dwarf-limited-collectors-edition,The Sinful Dwarf (Limited Collector's Edition),"<p>The Sinful Dwarf is a 1973 Danish sexploitation horror film about a young couple who move into a boarding house run by a deranged former child star and her dwarf son, who keep women drugged and captive in the attic.</p>",Blu-Ray,Media > Videos,,"Blu-Ray, Formatted, Horror, Rental",true,Genre,Horror,,,,,,,,,0.0,shopify,1,deny,manual,0.00,,true,true,,,,,191-BLRTH6-50-001A,https://cdn.shopify.com/s/files/1/0826/6363/7242/files/Dvaergen-danish-movie-poster-md.jpg?v=1788285029,1,191-BLRTH6-50-001A,false,,,,,,,,,,,,,horror,,,,,,,,,,,,,,,lb,,,active,barcode too long for Libib's 15-char field (18 chars)
psycho-goreman,Psycho Goreman,"<p>This highly detailed action figure captures the grotesque yet charming aesthetic of the intergalactic warlord with intricate sculpting and vibrant paint applications. It comes equipped with signature weapon accessories and multiple points of articulation, making it a standout addition for any collector of indie sci-fi horror memorabilia. Whether displayed on a shelf or used for creative photography, this piece perfectly embodies the film's unique blend of retro practical effects and dark comedy.</p>",Blu-Ray,Media > Videos,,"Blu-Ray, Formatted, Horror, Rental",true,Genre,Horror,,,,,,,,,0.0,shopify,1,deny,manual,0.00,,true,true,,,,,191-UNKPSY-50-001A,https://cdn.shopify.com/s/files/1/0826/6363/7242/files/0-1781397611914.jpg?v=1788285028,1,191-UNKPSY-50-001A,false,,,,,,,,,,,,,horror,,,,,,,,,,,,,,,lb,,,active,barcode too long for Libib's 15-char field (18 chars)
mama,Mama,"<p>Guillermo del Toro presents Mama, a supernatural thriller that tells the haunting tale of two little girls who disappeared into the woods the day that their parents were killed. When they are rescued years later and begin a new life, they find that someone or something still wants to come tuck them in at night.</p>",Blu-Ray,Media > Videos,,"Blu-Ray, Formatted, Horror, Rental",true,Genre,Horror,,,,,,,,,0.0,shopify,1,deny,manual,0.00,,true,true,,,,,191-UNIMAM-50-001A,https://cdn.shopify.com/s/files/1/0826/6363/7242/files/0-1781397548051.jpg?v=1788285027,1,191-UNIMAM-50-001A,false,,,,,,,,,,,,,horror,,,,,,,,,,,,,,,lb,,,active,barcode too long for Libib's 15-char field (18 chars)
poltergeist-extended-cut-blu-ray,Poltergeist Extended Cut (Blu-ray),<p>This extended edition offers a terrifying cinematic experience with additional footage that deepens the supernatural tension of the supernatural classic. High-definition visuals and immersive audio quality make it an essential centerpiece for any horror fan's home media collection. The physical disc includes exclusive bonus content and behind-the-scenes features that explore the production of this iconic haunting tale.</p>,Blu-Ray,Media > Videos,,"Blu-Ray, Formatted, Horror, Rental",true,Genre,Horror,,,,,,,,,0.0,shopify,1,deny,manual,0.00,,true,true,,,,,191-UNKPOL-50-001A,https://cdn.shopify.com/s/files/1/0826/6363/7242/files/0-1781397326796_77929abf-b04a-4de7-af61-1f80bf600dd1.jpg?v=1788285026,1,191-UNKPOL-50-001A,false,,,,,,,,,,,,,horror,,,,,,,,,,,,,,,lb,,,active,barcode too long for Libib's 15-char field (18 chars)
m3gan-unrated-4k,M3GAN (Unrated) 4K,"<p>M3GAN is a 2022 science fiction horror film with black comedy elements about a robotics engineer who builds a lifelike AI doll to be a companion for her orphaned niece, with disastrous results.</p>",4K,Media > Videos,,"4K, Formatted, Horror, Rental",true,Genre,Horror,,,,,,,,,0.0,shopify,1,deny,manual,0.00,,true,true,,,,,191-BLRM3G-50-001A,https://cdn.shopify.com/s/files/1/0826/6363/7242/files/M3GAN_Poster.jpg?v=1788285024,1,191-BLRM3G-50-001A,false,,,,,,,,,,,,,horror,,,,,,,,,,,,,,,lb,,,active,barcode too long for Libib's 15-char field (18 chars)
mirrors-unrated-special-edition,Mirrors (Unrated Special Edition),"<p>This unrated special edition DVD offers a deeper look into the supernatural thriller with extended scenes and exclusive bonus content not seen in theaters. It is a must-have for horror enthusiasts looking to experience the full intensity and suspense of the story in high-quality home video format. The physical disc comes in its original case, making it a perfect addition to any genre film collection.</p>",Blu-Ray,Media > Videos,,"Blu-Ray, Formatted, Horror, Rental",true,Genre,Horror,,,,,,,,,0.0,shopify,0,deny,manual,0.00,,true,true,,,,,191-BLRMRR-50-001A,https://cdn.shopify.com/s/files/1/0826/6363/7242/files/0-1781397009423.jpg?v=1781397147,1,191-BLRMRR-50-001A,false,,,,,,,,,,,,,horror,,,,,,,,,,,,,,,lb,,,active,barcode too long for Libib's 15-char field (18 chars)
the-boogeyman-vinegar-syndrome,The Boogeyman (Vinegar Syndrome),"<p>The Boogey Man is a 1980 supernatural slasher film about a woman and her brother, still traumatized by a childhood incident involving a mirror, who find themselves stalked by a vengeful supernatural force years later.</p>",4K,Media > Videos,,"4K, Formatted, Horror, Rental",true,Genre,Horror,,,,,,,,,0.0,shopify,1,deny,manual,0.00,,true,true,,,,,191-4K2THE-50-001A,https://cdn.shopify.com/s/files/1/0826/6363/7242/files/Boogeymanposter.jpg?v=1788285023,1,191-4K2THE-50-001A,false,,,,,,,,,,,,,horror,,,,,,,,,,,,,,,lb,,,active,barcode too long for Libib's 15-char field (18 chars)
talk-to-me,Talk to Me,<p>Experience the year's most talked-about supernatural thriller in stunning high definition with this physical media release. This disc includes the full feature film along with exclusive behind-the-scenes featurettes and insightful filmmaker commentary that deepens the chilling viewing experience. It is a must-have addition for any horror enthusiast looking to own a centerpiece of modern genre cinema.</p>,4K,Media > Videos,,"4K, Formatted, Horror, Rental",true,Genre,Horror,,,,,,,,,0.0,shopify,0,deny,manual,0.00,,true,true,,,,,191-BLRTLK-50-001A,https://cdn.shopify.com/s/files/1/0826/6363/7242/files/0-1781396904308.jpg?v=1781397144,1,191-BLRTLK-50-001A,false,,,,,,,,,,,,,horror,,,,,,,,,,,,,,,lb,,,active,barcode too long for Libib's 15-char field (18 chars)
bloodsucking-freaks-vinegar-syndrome,BLOODSUCKING FREAKS (Vinegar Syndrome),<p>Blood Sucking Freaks is a 1976 exploitation splatter film about a demented off-Broadway theater troupe whose gruesome on-stage torture acts turn out to be all too real.</p>,Blu-Ray,Media > Videos,,"Blu-Ray, Formatted, Horror, Rental",true,Genre,Horror,,,,,,,,,0.0,shopify,1,deny,manual,0.00,,true,true,,,,,191-BLRBLO-50-001A,https://cdn.shopify.com/s/files/1/0826/6363/7242/files/Bloodsucking_Freaks_Movie_Poster.jpg?v=1788285022,1,191-BLRBLO-50-001A,false,,,,,,,,,,,,,horror,,,,,,,,,,,,,,,lb,,,active,barcode too long for Libib's 15-char field (18 chars)
in-the-mouth-of-madness-collectors-edition,In The Mouth of Madness (Collector's Edition),<p>An insurance investigator visits a small town while looking into the strange disappearance of a popular horror novelist. He soon finds that the impact of the author’s books is far more than inspirational.</p>,Blu-Ray,Media > Videos,,"Blu-Ray, Formatted, Horror, Rental",false,Genre,Horror,,,,,,,,,0.0,shopify,1,deny,manual,0.00,,true,true,,,,,191-BLRNTH-50-001A,https://cdn.shopify.com/s/files/1/0826/6363/7242/files/msh4tEUzbnEqlHcFOUH4O0Zti8r.jpg?v=1788285021,1,In The Mouth of Madness (Collector's Edition) poster,false,,,,,,,,,,,,,horror,,,,,,,,,,,,,,,lb,,,draft,barcode too long for Libib's 15-char field (18 chars)
the-black-room-vinegar-syndrome,The Black Room (Vinegar Syndrome),"<p>This mysterious fragrance captures a sophisticated and moody atmosphere through its deep, smoky notes and woody undertones. It offers a long-lasting, unisex appeal that is perfect for evening wear or making a bold impression. The sleek bottle design makes it a stylish addition to any collection for those who appreciate complex and darker scent profiles.</p>",Blu-Ray,Media > Videos,,"Blu-Ray, Formatted, Issue_Genre_Needed, Rental",true,Genre,Default Title,,,,,,,,,0.0,shopify,1,deny,manual,0.00,,true,true,,,,,191-BLRTHB-50-001A,https://cdn.shopify.com/s/files/1/0826/6363/7242/files/0-1781396781968_3c33701b-b37d-4eca-9a6a-c49288a8601a.jpg?v=1788285019,1,191-BLRTHB-50-001A,false,,,,,,,,,,,,,,,,,,,,,,,,,,,,lb,,,active,barcode too long for Libib's 15-char field (18 chars)
zack-parkers-proxy,Zack Parker's Proxy,"<p>Proxy is a 2013 horror film directed by Zack Parker, following a pregnant woman who is brutally attacked, and the dark secrets that unravel as she bonds with another grieving mother in her support group.</p>",Blu-Ray,Media > Videos,,"Blu-Ray, Formatted, Horror, Rental, Supercycle product",true,Genre,Horror,,,,,,,,,0.0,,1,deny,manual,0.00,,true,true,,,,,191-BLRZAC-50-001A,https://cdn.shopify.com/s/files/1/0826/6363/7242/files/Proxy2013filmposter.jpg?v=1788285018,1,191-BLRZAC-50-001A,false,,,,,,,,,,,,,horror,,,,,,,,,,,,,Membership,,lb,,,active,barcode too long for Libib's 15-char field (18 chars)
bruce-lee-his-greatest-hits-criterion-collection,Bruce Lee: His Greatest Hits (Criterion Collection),"<p>This Criterion Collection box set gathers career-defining films starring Bruce Lee, showcasing the martial artist and actor who became a global icon of the kung fu genre.</p>",Blu-Ray,Media > Videos,,"Action, Blu-Ray, Formatted, Rental",true,Genre,Action,,,,,,,,,0.0,shopify,1,deny,manual,0.00,,true,true,,,,,191-BLRBRU-50-001A,https://cdn.shopify.com/s/files/1/0826/6363/7242/files/0-1781396498840.jpg?v=1788285017,1,191-BLRBRU-50-001A,false,,,,,,,,,,,,,action,,,,,,,,,,,,,,,lb,,,active,barcode too long for Libib's 15-char field (18 chars)
waterworld-arrow-release,Waterworld (Arrow Release),"<p>Waterworld is a 1995 post-apocalyptic action film set in a future where the polar ice caps have melted and the Earth is almost entirely covered by ocean, following a mutated drifter who helps a woman and child search for legendary dry land.</p>",Blu-Ray,Media > Videos,,"Action, Blu-Ray, Formatted, Rental",true,Genre,Action,,,,,,,,,0.0,shopify,1,deny,manual,0.00,,true,true,,,,,191-BLRWAT-50-001A,https://cdn.shopify.com/s/files/1/0826/6363/7242/files/Waterworld.jpg?v=1788285016,1,191-BLRWAT-50-001A,false,,,,,,,,,,,,,action,,,,,,,,,,,,,,,lb,,,active,barcode too long for Libib's 15-char field (18 chars)
flesh-blood,Flesh + Blood,"<p>This fantasy trading card features striking original artwork and strategic gameplay mechanics perfect for competitive or casual collections. It arrives in excellent condition, offering a powerful addition to your deck or a standout piece for display. The premium card stock and detailed printing make it a must-have for any enthusiast of the genre.</p>",Blu-Ray,Media > Videos,,"Action, Blu-Ray, Formatted, Rental",true,Genre,Action,,,,,,,,,0.0,shopify,0,deny,manual,0.00,,true,true,,,,,191-BLRFLE-50-001A,https://cdn.shopify.com/s/files/1/0826/6363/7242/files/0-1781396253164.jpg?v=1781397129,1,191-BLRFLE-50-001A,false,,,,,,,,,,,,,action,,,,,,,,,,,,,,,lb,,,active,barcode too long for Libib's 15-char field (18 chars)
gwen-and-the-book-of-sand,Gwen and the Book of Sand,"<p>Gwen is a young girl adopted by a nomad tribe in a desert post-apocalyptic world. When Gwen's friend is kidnapped, she and an old woman called Roseline embark on a trip to bring him back.</p>",Blu-Ray,Media > Videos,,"Blu-Ray, Drama, Formatted, Rental",true,Genre,Drama,,,,,,,,,0.0,shopify,1,deny,manual,0.00,,true,true,,,,,191-BLRGWE-50-001A,https://cdn.shopify.com/s/files/1/0826/6363/7242/files/0-1781396148230.jpg?v=1788285015,1,191-BLRGWE-50-001A,false,,,,,,,,,,,,,drama,,,,,,,,,,,,,,,lb,,,active,barcode too long for Libib's 15-char field (18 chars)
suitable-flesh,Suitable Flesh,"<p>A once-esteemed psychiatrist helplessly watches her life spiral into a nightmarish maelstrom of supernatural hysteria and gruesome deaths, all linked to a seemingly unstoppable ancient curse.</p>",Blu-Ray,Media > Videos,,"Blu-Ray, Formatted, Horror, Rental",true,Genre,Horror,,,,,,,,,0.0,shopify,1,deny,manual,0.00,,true,true,,,,,191-BLRSUI-50-001A,https://cdn.shopify.com/s/files/1/0826/6363/7242/files/0-1781396084308.jpg?v=1788285014,1,191-BLRSUI-50-001A,false,,,,,,,,,,,,,horror,,,,,,,,,,,,,,,lb,,,active,barcode too long for Libib's 15-char field (18 chars)
scala-or-the-incredibly-strange-rise-and-fall-of-the-worlds-wildest-cinema-and-how-it-influenced-a-mixed-up-generation-of-weirdos-and-misfits,"Scala!!! Or, the Incredibly Strange Rise and Fall of the World's Wildest Cinema and How It Influenced a Mixed-up Generation of Weirdos and Misfits",<p>This comprehensive hardcover volume explores the legendary history and countercultural impact of London’s most notorious repertory cinema through rare archival photographs and evocative first-hand accounts. It serves as both a definitive historical record and a vibrant tribute to a transformative era of underground film culture that inspired a global generation of creative outsiders. This beautifully designed book is an essential addition for any cinephile or enthusiast of alternative subcultures and architectural history.</p>,Blu-Ray,Media > Videos,,"Blu-Ray, Documentary, Formatted, Rental",true,Genre,Documentary,,,,,,,,,0.0,shopify,0,deny,manual,0.00,,true,true,,,,,191-BLRSCA-50-001A,https://cdn.shopify.com/s/files/1/0826/6363/7242/files/0-1781396050250.jpg?v=1781397124,1,191-BLRSCA-50-001A,false,,,,,,,,,,,,,documentary,,,,,,,,,,,,,,,lb,,,active,barcode too long for Libib's 15-char field (18 chars)
castle-freak,Castle Freak,"<p>This cult classic horror film is presented on high-definition physical media, featuring a stunning restoration that brings every unsettling detail of the gothic atmosphere to life. The release includes a variety of special features and behind-the-scenes insights that make it a perfect addition for collectors of surreal genre cinema. Its blend of practical effects and haunting storytelling ensures a memorable viewing experience for any fan of vintage macabre tales.</p>",Blu-Ray,Media > Videos,,"Blu-Ray, Formatted, Horror, Rental",true,Genre,Horror,,,,,,,,,0.0,shopify,1,deny,manual,0.00,,true,true,,,,,191-UNKCAS-70-001A,https://cdn.shopify.com/s/files/1/0826/6363/7242/files/0-1781396030620.jpg?v=1788285013,1,191-UNKCAS-70-001A,false,,,,,,,,,,,,,horror,,,,,,,,,,,,,,,lb,,,active,barcode too long for Libib's 15-char field (18 chars)
carrie,Carrie,"<p>Experience the high-definition restoration of this iconic supernatural horror masterpiece, complete with vibrant color and crystal-clear audio. This disc includes a variety of exclusive bonus features, behind-the-scenes interviews, and insightful commentary that provide a deeper look into the creation of a cinematic classic. It is an essential addition for any collector looking to relive the intensity of this legendary tale in the best possible quality.</p>",Blu-Ray,Media > Videos,,"Blu-Ray, Formatted, Horror, Rental",true,Genre,Horror,,,,,,,,,0.0,shopify,0,deny,manual,0.00,,true,true,,,,,191-BLRCAR-50-001A,https://cdn.shopify.com/s/files/1/0826/6363/7242/files/0-1781395979711.jpg?v=1781397120,1,191-BLRCAR-50-001A,false,,,,,,,,,,,,,horror,,,,,,,,,,,,,,,lb,,,active,barcode too long for Libib's 15-char field (18 chars)
in-the-line-of-duty-i-iv,In the Line of Duty I-IV,"<p>This collection gathers entries from the In the Line of Duty series (also known as the Yes, Madam series), Hong Kong ""girls with guns"" action films featuring hard-hitting female law enforcement heroines.</p>",Blu-Ray,Media > Videos,,"Action, Blu-Ray, Formatted, Rental",true,Genre,Action,,,,,,,,,0.0,shopify,1,deny,manual,0.00,,true,true,,,,,191-BLRINT-50-001A,https://cdn.shopify.com/s/files/1/0826/6363/7242/files/This_is_the_box_artwork_for_the_In_The_Line_of_Duty_film_series_on_blu-ray._The_cover_artwork_copyright_belongs_to_88_Films.jpg?v=1788285011,1,191-BLRINT-50-001A,false,,,,,,,,,,,,,action,,,,,,,,,,,,,,,lb,,,active,barcode too long for Libib's 15-char field (18 chars)
it,IT,"<p>In a small town in Maine, seven children known as The Losers Club come face to face with life problems, bullies and a monster that takes the shape of a clown called Pennywise.</p>",Blu-Ray,Media > Videos,,"Blu-Ray, Formatted, Horror, Rental",true,Genre,Horror,,,,,,,,,0.0,shopify,1,deny,manual,0.00,,true,true,,,,,191-BLRIT2-50-001A,https://cdn.shopify.com/s/files/1/0826/6363/7242/files/0-1781395772354.jpg?v=1788285010,1,191-BLRIT2-50-001A,false,,,,,,,,,,,,,horror,,,,,,,,,,,,,,,lb,,,active,barcode too long for Libib's 15-char field (18 chars)
the-cardona-collection-vol-2-vinegar-syndrome,The Cardona Collection Vol. 2 (Vinegar Syndrome),,Blu-Ray,Media > Videos,,"Action, Blu-Ray, Formatted, Rental",true,Genre,Action,,,,,,,,,0.0,shopify,1,deny,manual,0.00,,true,true,,,,,191-BLRTHC-50-001A,https://cdn.shopify.com/s/files/1/0826/6363/7242/files/0-1781397077041_22562d93-2600-4a18-9dca-85859e4467f0.jpg?v=1788285009,1,191-BLRTHC-50-001A,false,,,,,,,,,,,,,action,,,,,,,,,,,,,,,lb,,,active,barcode too long for Libib's 15-char field (18 chars)
jay-silent-bob-reboot,Jay & Silent Bob Reboot,<p>Jay and Silent Bob embark on a cross-country mission to stop Hollywood from rebooting a film based on their comic book characters Bluntman and Chronic.</p>,Blu-Ray,Media > Videos,,"Blu-Ray, Comedy, Formatted, Rental",true,Genre,Comedy,,,,,,,,,0.0,shopify,1,deny,manual,0.00,,true,true,,,,,191-BLCJAY-50-001A,https://cdn.shopify.com/s/files/1/0826/6363/7242/files/0-1781378412032_de8ee6cb-a73c-4a22-b524-7897ae1e842a.jpg?v=1788285008,1,191-BLCJAY-50-001A,false,,,,,,,,,,,,,comedy,,,,,,,,,,,,,,,lb,,,active,barcode too long for Libib's 15-char field (18 chars)
a-guy-thing,A Guy Thing,"<p>Paul Morse is a good guy. When his friends throw him a wild bachelor party, he just wants to keep his conscience clean -- which is why he's shocked when he wakes up in bed with a beautiful girl named Becky and can't remember the night before. Desperate to keep his fiancée, Karen, from finding out what may or may not be the truth, he tells her a teensy lie. Soon his lies are spiraling out of control and his life is a series of comical misunderstandings.</p>",Blu-Ray,Media > Videos,,"Blu-Ray, Comedy, Formatted, Rental",true,Genre,Comedy,,,,,,,,,0.0,shopify,1,deny,manual,0.00,,true,true,,,,,191-BLRAGU-50-001A,https://cdn.shopify.com/s/files/1/0826/6363/7242/files/0-1781378251155_bed181ba-1c10-41cf-9cd8-890c9b636aaf.jpg?v=1788285007,1,191-BLRAGU-50-001A,false,,,,,,,,,,,,,comedy,,,,,,,,,,,,,,,lb,,,active,barcode too long for Libib's 15-char field (18 chars)
a-million-ways-to-die-in-the-west,A Million Ways to Die in the West,<p>This comedy western follows a cowardly farmer who seeks help from a mysterious sharpshooter to win back his girlfriend while outrunning a notorious outlaw. The film features an all-star cast and signature irreverent humor that parodies the harsh realities of life on the frontier. This physical disc is a great choice for fans of satirical cinema and those looking to complete their home movie collection.</p>,Blu-Ray,Media > Videos,,"Blu-Ray, Comedy, Formatted, Rental",true,Genre,Comedy,,,,,,,,,0.0,shopify,1,deny,manual,0.00,,true,true,,,,,191-UNIAMI-50-001A,https://cdn.shopify.com/s/files/1/0826/6363/7242/files/0-1781378298176_4e703b19-7d4f-4744-8751-0383b951c74e.jpg?v=1788285005,1,191-UNIAMI-50-001A,false,,,,,,,,,,,,,comedy,,,,,,,,,,,,,,,lb,,,active,barcode too long for Libib's 15-char field (18 chars)
22-jump-street,22 Jump Street,"<p>Relive the action and humor of this high-energy buddy cop sequel in high definition. This physical media release features the complete film along with exclusive bonus content, including deleted scenes and a hilarious gag reel. It is a must-have addition for fans of modern comedy and crime-fighting duos looking to complete their home cinema collection.</p>",Blu-Ray,Media > Videos,,"Blu-Ray, Comedy, Formatted, Rental",true,Genre,Comedy,,,,,,,,,0.0,shopify,1,deny,manual,0.00,,true,true,,,,,191-UNK22J-50-001A,https://cdn.shopify.com/s/files/1/0826/6363/7242/files/0-1781378141047_7c4eed3d-e946-40cf-b197-798eb3a4a170.jpg?v=1788285004,1,191-UNK22J-50-001A,false,,,,,,,,,,,,,comedy,,,,,,,,,,,,,,,lb,,,active,barcode too long for Libib's 15-char field (18 chars)
neighbors,Neighbors,"<p>Explore a captivating and thought-provoking narrative that delves into the complexities of human connections and the mysteries hidden behind closed doors. This engaging read blends atmospheric tension with deep character studies, making it an ideal choice for fans of suspenseful contemporary fiction. Its masterful storytelling ensures a compelling experience that lingers in the mind long after the final page is turned.</p>",Blu-Ray,Media > Videos,,"Blu-Ray, Comedy, Formatted, Rental",true,Genre,Comedy,,,,,,,,,0.0,shopify,0,deny,manual,0.00,,true,true,,,,,191-BLRNES-50-001A,https://cdn.shopify.com/s/files/1/0826/6363/7242/files/0-1781378076085.jpg?v=1781382024,1,191-BLRNES-50-001A,false,,,,,,,,,,,,,comedy,,,,,,,,,,,,,,,lb,,,active,barcode too long for Libib's 15-char field (18 chars)
knocked-up-unrated,Knocked Up (Unrated),"<p>A slacker and a career-driven woman accidentally conceive a child after a one-night stand. As they try to make the relationship work, they must navigate the challenges of parenthood and their differences in lifestyle and maturity.</p>",Blu-Ray,Media > Videos,,"Blu-Ray, Comedy, Formatted, Rental",true,Genre,Comedy,,,,,,,,,0.0,shopify,1,deny,manual,0.00,,true,true,,,,,191-BLRKNO-50-001A,https://cdn.shopify.com/s/files/1/0826/6363/7242/files/0-1781378351529.jpg?v=1788285003,1,191-BLRKNO-50-001A,false,,,,,,,,,,,,,comedy,,,,,,,,,,,,,,,lb,,,active,barcode too long for Libib's 15-char field (18 chars)
21-jump-street,21 Jump Street,"<p>When cops Schmidt and Jenko join the secret Jump Street unit, they use their youthful appearances to go undercover as high school students. They trade in their guns and badges for backpacks, and set out to shut down a dangerous drug ring. But, as time goes on, Schmidt and Jenko discover that high school is nothing like it was just a few years earlier -- and, what's more, they must again confront the teenage terror and anxiety they thought they had left behind.</p>",Blu-Ray,Media > Videos,,"Blu-Ray, Comedy, Formatted, Rental",true,Genre,Comedy,,,,,,,,,0.0,shopify,1,deny,manual,0.00,,true,true,,,,,191-BLR21J-50-001A,https://cdn.shopify.com/s/files/1/0826/6363/7242/files/0-1781378195550.jpg?v=1788285001,1,191-BLR21J-50-001A,false,,,,,,,,,,,,,comedy,,,,,,,,,,,,,,,lb,,,active,barcode too long for Libib's 15-char field (18 chars)
this-is-the-end,This Is The End,"<p>This high-definition physical release offers a premium home viewing experience of the hit apocalyptic comedy with stunning visual clarity and immersive audio. It includes a variety of exclusive bonus features like deleted scenes, behind-the-scenes featurettes, and a gag reel that provide a deeper look into the star-studded production. This disc is an essential addition for fans of ensemble humor and over-the-top supernatural action looking for the best possible picture quality.</p>",Blu-Ray,Media > Videos,,"Blu-Ray, Comedy, Formatted, Rental",true,Genre,Comedy,,,,,,,,,0.0,shopify,1,deny,manual,0.00,,true,true,,,,,191-BLRTH5-50-001A,https://cdn.shopify.com/s/files/1/0826/6363/7242/files/0-1781378025553_a7a6069e-67aa-4357-88d4-692eb71e915a.jpg?v=1788285000,1,191-BLRTH5-50-001A,false,,,,,,,,,,,,,comedy,,,,,,,,,,,,,,,lb,,,active,barcode too long for Libib's 15-char field (18 chars)
talladega-nights-the-ballad-of-ricky-bobby,Talladega Nights: The Ballad of Ricky Bobby,"<p>The fastest man on four wheels, Ricky Bobby, is one of the greatest drivers in NASCAR history. A big, hairy American winning machine, Ricky has everything a dimwitted daredevil could want, a luxurious mansion, a smokin' hot wife, and all the fast food he can eat. But Ricky's turbo-charged lifestyle hits an unexpected speed bump when he's bested by flamboyant Euro-idiot Jean Girard and reduced to a fear-ridden wreck.</p>",Blu-Ray,Media > Videos,,"Blu-Ray, Comedy, Formatted, Rental",true,Genre,Comedy,,,,,,,,,0.0,shopify,1,deny,manual,0.00,,true,true,,,,,191-BLRTAL-50-001A,https://cdn.shopify.com/s/files/1/0826/6363/7242/files/0-1781377953951.jpg?v=1788284999,1,191-BLRTAL-50-001A,false,,,,,,,,,,,,,comedy,,,,,,,,,,,,,,,lb,,,active,barcode too long for Libib's 15-char field (18 chars)
super-troopers,Super Troopers,<p>Experience this cult classic comedy in stunning high definition with sharp visuals and enhanced audio quality that brings every hilarious prank to life. This disc includes a variety of special features such as behind the scenes footage and deleted scenes that delve deeper into the making of the film. It is an essential addition for fans of offbeat humor and collectors of physical media who enjoy high energy ensemble performances.</p>,Blu-Ray,Media > Videos,,"Blu-Ray, Comedy, Formatted, Rental",true,Genre,Comedy,,,,,,,,,0.0,shopify,0,deny,manual,0.00,,true,true,,,,,191-BLRSUP-50-001A,https://cdn.shopify.com/s/files/1/0826/6363/7242/files/0-1781377894552.jpg?v=1781382016,1,191-BLRSUP-50-001A,false,,,,,,,,,,,,,comedy,,,,,,,,,,,,,,,lb,,,active,barcode too long for Libib's 15-char field (18 chars)
the-watch,The Watch,"<p>Four everyday suburban guys come together as an excuse to escape their humdrum lives one night a week. But when they accidentally discover that their town has become overrun with aliens posing as ordinary suburbanites, they have no choice but to save their neighborhood – and the world – from total extermination.</p>",Blu-Ray,Media > Videos,,"Blu-Ray, Comedy, Formatted, Rental",true,Genre,Comedy,,,,,,,,,0.0,shopify,1,deny,manual,0.00,,true,true,,,,,191-BLRTH3-50-001A,https://cdn.shopify.com/s/files/1/0826/6363/7242/files/0-1781377839664.jpg?v=1788284998,1,191-BLRTH3-50-001A,false,,,,,,,,,,,,,comedy,,,,,,,,,,,,,,,lb,,,active,barcode too long for Libib's 15-char field (18 chars)
the-texas-chainsaw-massacre-the-beginning,The Texas Chainsaw Massacre: The Beginning,"<p>Chrissie and her friends set out on a road trip for a final fling before one is shipped off to Vietnam. Along the way, bikers harass the foursome and cause an accident that throws Chrissie from the vehicle. The lawman who arrives on the scene kills one of the bikers and brings Chrissie's friends to the Hewitt homestead, where young Leatherface is learning the tools of terror.</p>",Blu-Ray,Media > Videos,,"Blu-Ray, Formatted, Horror, Rental",true,Genre,Horror,,,,,,,,,0.0,shopify,1,deny,manual,0.00,,true,true,,,,,191-BLRTHG-50-001A,https://cdn.shopify.com/s/files/1/0826/6363/7242/files/0-1781316599375_2b551b96-2f8d-40d5-a1aa-88872fa30d88.jpg?v=1788284997,1,191-BLRTHG-50-001A,false,,,,,,,,,,,,,horror,,,,,,,,,,,,,,,lb,,,active,barcode too long for Libib's 15-char field (18 chars)
night-of-the-living-dead,Night of the Living Dead,"<p>Experience the definitive high-definition restoration of this foundational horror masterpiece, meticulously supervised by the original filmmakers to ensure unparalleled visual and audio clarity. This special anniversary collection features a wealth of archival bonus materials and a digital copy for viewing on any device, making it an essential acquisition for serious cinema collectors. Whether revisited for its social commentary or its groundbreaking suspense, this edition offers the most complete look at a film that changed the genre forever.</p>",Blu-Ray,Media > Videos,,"Blu-Ray, Formatted, Horror, Rental",true,Genre,Horror,,,,,,,,,0.0,shopify,1,deny,manual,0.00,,true,true,,,,,191-BLRNGH-50-001A,https://cdn.shopify.com/s/files/1/0826/6363/7242/files/0-1781316398224_fb4d2bcf-0626-42f9-adff-b4f2703a49fe.jpg?v=1788284995,1,191-BLRNGH-50-001A,false,,,,,,,,,,,,,horror,,,,,,,,,,,,,,,lb,,,active,barcode too long for Libib's 15-char field (18 chars)
salems-lot,Salem's Lot,<p>Author Ben Mears returns to his childhood home of Jerusalem's Lot only to discover his hometown is being preyed upon by a bloodthirsty vampire.</p>,Blu-Ray,Media > Videos,,"Blu-Ray, Formatted, Horror, Rental",true,Genre,Horror,,,,,,,,,0.0,shopify,1,deny,manual,0.00,,true,true,,,,,191-BLRSAL-50-001A,https://cdn.shopify.com/s/files/1/0826/6363/7242/files/0-1781316332042.jpg?v=1788284994,1,191-BLRSAL-50-001A,false,,,,,,,,,,,,,horror,,,,,,,,,,,,,,,lb,,,active,barcode too long for Libib's 15-char field (18 chars)
the-innkeepers,The Innkeepers,"<p>During the final days at the Yankee Pedlar Inn, two employees determined to reveal the hotel's haunted past begin to experience disturbing events as old guests check in for a stay.</p>",Blu-Ray,Media > Videos,,"Blu-Ray, Formatted, Horror, Rental",true,Genre,Horror,,,,,,,,,0.0,shopify,1,deny,manual,0.00,,true,true,,,,,191-BLRTH2-50-001A,https://cdn.shopify.com/s/files/1/0826/6363/7242/files/0-1781316251558_4aac9e5c-51f9-489b-964d-ce649fa1aecd.jpg?v=1788284993,1,191-BLRTH2-50-001A,false,,,,,,,,,,,,,horror,,,,,,,,,,,,,,,lb,,,active,barcode too long for Libib's 15-char field (18 chars)
mirrors-2-unrated,Mirrors 2 Unrated,"<p>When Max, who is recovering from a traumatic accident, takes a job as a nighttime security guard, he begins to see visions of a young mysterious woman in the store's mirror.</p>",Blu-Ray,Media > Videos,,"Blu-Ray, Formatted, Horror, Rental",true,Genre,Horror,,,,,,,,,0.0,shopify,1,deny,manual,0.00,,true,true,,,,,191-BLRMIR-50-001A,https://cdn.shopify.com/s/files/1/0826/6363/7242/files/0-1781316058619.jpg?v=1788284992,1,191-BLRMIR-50-001A,false,,,,,,,,,,,,,horror,,,,,,,,,,,,,,,lb,,,active,barcode too long for Libib's 15-char field (18 chars)
excision,Excision,<p>This stunning high-definition release delivers a visceral cinematic experience with razor-sharp physical media quality and vibrant color depth. The collector's edition format offers superior audio dynamics and exclusive supplemental content that provides a deeper look into this unique psychological horror vision. It is an essential acquisition for genre enthusiasts seeking to own a pristine copy of this provocative and visually striking modern cult classic.</p>,Blu-Ray,Media > Videos,,"Blu-Ray, Formatted, Horror, Rental",true,Genre,Horror,,,,,,,,,0.0,shopify,0,deny,manual,0.00,,true,true,,,,,191-BLREXC-50-001A,https://cdn.shopify.com/s/files/1/0826/6363/7242/files/0-1781315992874.jpg?v=1781382002,1,191-BLREXC-50-001A,false,,,,,,,,,,,,,horror,,,,,,,,,,,,,,,lb,,,active,barcode too long for Libib's 15-char field (18 chars)
the-house-that-jack-built,THE HOUSE THAT JACK BUILT,<p>Experience this provocative and visually stunning psychological thriller in high definition clarity with this premium physical release. This disc includes the full unrated version of the film alongside a collection of immersive special features for fans of intense cinematic storytelling. It is a must-have addition for collectors seeking to complete their library of modern cult masterpieces.</p>,Blu-Ray,Media > Videos,,"Blu-Ray, Formatted, Horror, Rental",true,Genre,Horror,,,,,,,,,0.0,shopify,1,deny,manual,0.00,,true,true,,,,,191-BLRTHH-50-001A,https://cdn.shopify.com/s/files/1/0826/6363/7242/files/0-1781315875672_5c52f845-e9d9-4be2-ab84-fdde3415ce26.jpg?v=1788284991,1,191-BLRTHH-50-001A,false,,,,,,,,,,,,,horror,,,,,,,,,,,,,,,lb,,,active,barcode too long for Libib's 15-char field (18 chars)
v-h-s-viral,V/H/S: VIRAL,"<p>As the streets of Los Angeles overflow with camera-wielding gawkers seeking to capture images of a bizarre police pursuit, the same people who sought to exploit the suffering of others for amusement on the Internet become the stars of a gruesome viral video from which no one gets out alive.</p>",Blu-Ray,Media > Videos,,"Blu-Ray, Formatted, Horror, Rental",true,Genre,Horror,,,,,,,,,0.0,shopify,1,deny,manual,0.00,,true,true,,,,,191-BLRVHL-50-001A,https://cdn.shopify.com/s/files/1/0826/6363/7242/files/0-1781315731230.jpg?v=1788284990,1,191-BLRVHL-50-001A,false,,,,,,,,,,,,,horror,,,,,,,,,,,,,,,lb,,,active,barcode too long for Libib's 15-char field (18 chars)
v-h-s,V/H/S,"<p>When a group of misfits is hired by an unknown third party to burglarize a desolate house and acquire one rare VHS tape, they discover more found footage than they had bargained for.</p>",Blu-Ray,Media > Videos,,"Blu-Ray, Formatted, Horror, Rental",true,Genre,Horror,,,,,,,,,0.0,shopify,1,deny,manual,0.00,,true,true,,,,,191-BLRVH3-50-001A,https://cdn.shopify.com/s/files/1/0826/6363/7242/files/0-1781315521913.jpg?v=1788284988,1,191-BLRVH3-50-001A,false,,,,,,,,,,,,,horror,,,,,,,,,,,,,,,lb,,,active,barcode too long for Libib's 15-char field (18 chars)
night-watch-day-watch,Night Watch / Day Watch,"<p>A man who serves in the war between the forces of Light and Dark comes into possession of a device that can restore life to Moscow, which was nearly destroyed by an apocalyptic event.</p>",Blu-Ray,Media > Videos,,"Blu-Ray, Formatted, Horror, Rental",true,Genre,Horror,,,,,,,,,0.0,shopify,1,deny,manual,0.00,,true,true,,,,,191-BLRNIG-50-001A,https://cdn.shopify.com/s/files/1/0826/6363/7242/files/0-1781315438995_1ba99ce9-a776-4616-bacf-d7120847c73c.jpg?v=1788444216,1,191-BLRNIG-50-001A,false,,,,,,,,,,,,,horror,,,,,,,,,,,,,,,lb,,,active,barcode too long for Libib's 15-char field (18 chars)
midnight-movie,Midnight Movie,"<p>At a seedy theater in a sleepy suburban town, a group of friends get together for a midnight screening of an early 1970s horror film, unaware that the director has something more in store for them.</p>",Blu-Ray,Media > Videos,,"Blu-Ray, Formatted, Horror, Rental",true,Genre,Horror,,,,,,,,,0.0,shopify,1,deny,manual,0.00,,true,true,,,,,191-BLRMID-50-002A,https://cdn.shopify.com/s/files/1/0826/6363/7242/files/0-1781315357711.jpg?v=1788284987,1,191-BLRMID-50-002A,false,,,,,,,,,,,,,horror,,,,,,,,,,,,,,,lb,,,active,barcode too long for Libib's 15-char field (18 chars)
prom-night,Prom Night,<p>Experience this cult classic slasher in stunning high definition with crisp visual clarity and enhanced audio. This physical release features the complete unrated version along with exclusive bonus content including behind the scenes interviews and director commentary. It is a must-have addition for horror collectors looking to upgrade their library with a definitive home media presentation.</p>,Blu-Ray,Media > Videos,,"Blu-Ray, Formatted, Horror, Rental",true,Genre,Horror,,,,,,,,,0.0,shopify,0,deny,manual,0.00,,true,true,,,,,191-BLRPRO-50-001A,https://cdn.shopify.com/s/files/1/0826/6363/7242/files/0-1781295225168.jpg?v=1781381991,1,191-BLRPRO-50-001A,false,,,,,,,,,,,,,horror,,,,,,,,,,,,,,,lb,,,active,barcode too long for Libib's 15-char field (18 chars)
the-forest,The Forest,<p>Experience chilling psychological horror in high definition with this feature film set within the eerie depths of a legendary Japanese woodland. The disc includes immersive visual quality and bonus behind-the-scenes content that explores the dark supernatural mystery at the heart of the story. It is a must-have addition for genre fans looking to enhance their physical media collection with a suspenseful and atmospheric thriller.</p>,Blu-Ray,Media > Videos,,"Blu-Ray, Formatted, Horror, Rental",true,Genre,Horror,,,,,,,,,0.0,shopify,0,deny,manual,0.00,,true,true,,,,,191-BLRTHF-50-001A,https://cdn.shopify.com/s/files/1/0826/6363/7242/files/0-1781295156051.jpg?v=1781381990,1,191-BLRTHF-50-001A,false,,,,,,,,,,,,,horror,,,,,,,,,,,,,,,lb,,,active,barcode too long for Libib's 15-char field (18 chars)
trainwreck,Trainwreck,"<p>Ever since her father drilled into her head that monogamy isn't realistic, magazine writer Amy has made promiscuity her credo. As much as she enjoys an uninhibited life free of commitment, Amy is really in a rut. While writing a profile about charming and successful sports doctor Aaron Conners, she finds herself actually falling in love for the first time -- and what's more, Aaron seems to really like her too. Amy starts to wonder if it's time to clean up her act and face her fears.</p>",Blu-Ray,Media > Videos,,"Blu-Ray, Comedy, Formatted, Rental",true,Genre,Comedy,,,,,,,,,0.0,shopify,1,deny,manual,0.00,,true,true,,,,,191-BLRTRA-50-001A,https://cdn.shopify.com/s/files/1/0826/6363/7242/files/0-1781378739640_7f90ce4b-9970-44fb-a610-61b742ce17d4.jpg?v=1788284986,1,191-BLRTRA-50-001A,false,,,,,,,,,,,,,comedy,,,,,,,,,,,,,,,lb,,,active,barcode too long for Libib's 15-char field (18 chars)
hostel,Hostel,"<p>Three backpackers head to a Slovakian city that promises to meet their hedonistic expectations, with no idea of the hell that awaits them.</p>",Blu-Ray,Media > Videos,,"Blu-Ray, Formatted, Horror, Rental",true,Genre,Horror,,,,,,,,,0.0,shopify,1,deny,manual,0.00,,true,true,,,,,191-BLCHOS-50-001A,https://cdn.shopify.com/s/files/1/0826/6363/7242/files/0-1781295030817.jpg?v=1788284985,1,191-BLCHOS-50-001A,false,,,,,,,,,,,,,horror,,,,,,,,,,,,,,,lb,,,active,barcode too long for Libib's 15-char field (18 chars)
renfield-dracula-sucks-edition,Renfield: Dracula Sucks Edition,"<p>Renfield is a 2023 comedy horror film about Dracula's long-suffering familiar, who, after centuries of servitude, decides to break free from his abusive boss and find a better life.</p>",Blu-Ray,Media > Videos,,"Blu-Ray, Comedy, Formatted, Rental",true,Genre,Comedy,,,,,,,,,0.0,shopify,1,deny,manual,0.00,,true,true,,,,,191-BLRREN-50-001A,https://cdn.shopify.com/s/files/1/0826/6363/7242/files/Poster_Renfield.jpg?v=1788284983,1,191-BLRREN-50-001A,false,,,,,,,,,,,,,comedy,,,,,,,,,,,,,,,lb,,,active,barcode too long for Libib's 15-char field (18 chars)
the-texas-chainsaw-massacre,The Texas Chainsaw Massacre,"<p>After picking up a traumatized young hitchhiker, five friends find themselves stalked and hunted by a chainsaw-wielding killer and his family of equally psychopathic killers.</p>",Blu-Ray,Media > Videos,,"Blu-Ray, Formatted, Horror, Rental",true,Genre,Horror,,,,,,,,,0.0,shopify,1,deny,manual,0.00,,true,true,,,,,191-BLRTHT-50-001A,https://cdn.shopify.com/s/files/1/0826/6363/7242/files/0-1781294976552.jpg?v=1788381771,1,191-BLRTHT-50-001A,false,,,,,,,,,,,,,horror,,,,,,,,,,,,,,,lb,,,active,barcode too long for Libib's 15-char field (18 chars)
case-39,Case 39,"<p>In her many years as a social worker, Emily Jenkins believes she has seen it all, until she meets 10-year-old Lilith and the girl's cruel parents. Emily's worst fears are confirmed when the parents try to harm the child, and so Emily assumes custody of Lilith while she looks for a foster family. However, Emily soon finds that dark forces surround the seemingly innocent girl, and the more she tries to protect Lilith, the more horrors she encounters.</p>",Blu-Ray,Media > Videos,,"Blu-Ray, Formatted, Horror, Rental",true,Genre,Horror,,,,,,,,,0.0,shopify,1,deny,manual,0.00,,true,true,,,,,191-BLRCAS-50-001A,https://cdn.shopify.com/s/files/1/0826/6363/7242/files/0-1781294921367_87317638-110d-4485-9453-c3a54aac4ce2.jpg?v=1788284982,1,191-BLRCAS-50-001A,false,,,,,,,,,,,,,horror,,,,,,,,,,,,,,,lb,,,active,barcode too long for Libib's 15-char field (18 chars)
francesca,Francesca,<p>This high-definition disc offers a breathtaking cinematic experience with stunning visual clarity and immersive audio quality. It is a must-have for collectors seeking to enjoy every detail of this captivating story from the comfort of home. Add this pristine physical copy to your library to enjoy exclusive bonus content and reliable playback anytime.</p>,Blu-Ray,Media > Videos,,"Blu-Ray, Formatted, Horror, Rental",true,Genre,Horror,,,,,,,,,0.0,shopify,0,deny,manual,0.00,,true,true,,,,,191-BLRFRA-50-001A,https://cdn.shopify.com/s/files/1/0826/6363/7242/files/0-1781294862258.jpg?v=1781381978,1,191-BLRFRA-50-001A,false,,,,,,,,,,,,,horror,,,,,,,,,,,,,,,lb,,,active,barcode too long for Libib's 15-char field (18 chars)
wish-upon-directors-cut,Wish Upon (Director's Cut),"<p>A teenage girl discovers a box with magical powers, but those powers comes with a deadly price.</p>",Blu-Ray,Media > Videos,,"Blu-Ray, Formatted, Horror, Rental",true,Genre,Horror,,,,,,,,,0.0,shopify,1,deny,manual,0.00,,true,true,,,,,191-BLRWIS-50-001A,https://cdn.shopify.com/s/files/1/0826/6363/7242/files/0-1781294807157_26a6d452-bd30-4ea5-b0e0-8dc2f936a9a4.jpg?v=1788284981,1,191-BLRWIS-50-001A,false,,,,,,,,,,,,,horror,,,,,,,,,,,,,,,lb,,,active,barcode too long for Libib's 15-char field (18 chars)
hostel-part-ii-unseen-edition,Hostel Part II (Unseen Edition),"<p>Hostel: Part II is a 2007 horror film, a sequel to Hostel, following three American women studying abroad who are lured to a Slovakian hostel that serves as a front for a deadly torture-for-profit organization.</p>",Blu-Ray,Media > Videos,,"Blu-Ray, Formatted, Horror, Rental",true,Genre,Horror,,,,,,,,,0.0,shopify,1,deny,manual,0.00,,true,true,,,,,191-BLRHOS-50-001A,https://cdn.shopify.com/s/files/1/0826/6363/7242/files/Hostelpart2finalposter.jpg?v=1788284980,1,191-BLRHOS-50-001A,false,,,,,,,,,,,,,horror,,,,,,,,,,,,,,,lb,,,active,barcode too long for Libib's 15-char field (18 chars)
the-stepfather-directors-cut,The Stepfather (Director's Cut),"<p>Michael Harding returns home from military school to find his mother happily in love and living with her new boyfriend, David. As the two men get to know each other, Michael becomes more and more suspicious of the man who is always there with a helpful hand. Is he really the man of her dreams or could David be hiding a dark side?</p>",Blu-Ray,Media > Videos,,"Blu-Ray, Formatted, Horror, Rental",true,Genre,Horror,,,,,,,,,0.0,shopify,1,deny,manual,0.00,,true,true,,,,,191-BLRTHS-50-001A,https://cdn.shopify.com/s/files/1/0826/6363/7242/files/0-1781294736626_d6d2d541-64c6-477d-9330-2eecc6bb7ab6.jpg?v=1788381767,1,191-BLRTHS-50-001A,false,,,,,,,,,,,,,horror,,,,,,,,,,,,,,,lb,,,active,barcode too long for Libib's 15-char field (18 chars)
chips,CHIPS,<p>This classic animated adventure delivers a heartwarming story and high-energy musical numbers in stunning high definition. The set features vibrant visual upgrades and crisp audio quality that make it a perfect addition for family movie nights or nostalgic collectors. Enjoy the misadventures of three singing brothers as they navigate fame and brotherhood in this vibrant home media release.</p>,Blu-Ray,Media > Videos,,"Blu-Ray, Comedy, Formatted, Rental",true,Genre,Comedy,,,,,,,,,0.0,shopify,0,deny,manual,0.00,,true,true,,,,,191-BLRCHI-50-001A,https://cdn.shopify.com/s/files/1/0826/6363/7242/files/0-1781293316750.jpg?v=1781293980,1,191-BLRCHI-50-001A,false,,,,,,,,,,,,,comedy,,,,,,,,,,,,,,,lb,,,active,barcode too long for Libib's 15-char field (18 chars)
were-the-millers,We're the Millers,<p>A veteran pot dealer creates a fake family as part of his plan to move a huge shipment of weed into the U.S. from Mexico.</p>,Blu-Ray,Media > Videos,,"Blu-Ray, Comedy, Formatted, Rental",true,Genre,Comedy,,,,,,,,,0.0,shopify,1,deny,manual,0.00,,true,true,,,,,191-BLRWER-50-001A,https://cdn.shopify.com/s/files/1/0826/6363/7242/files/0-1781293220546_a0bdf074-45f7-4954-a27a-3c0fc1ad72b4.jpg?v=1788284979,1,191-BLRWER-50-001A,false,,,,,,,,,,,,,comedy,,,,,,,,,,,,,,,lb,,,active,barcode too long for Libib's 15-char field (18 chars)
beerfest,Beerfest,"<p>During a trip to Germany to scatter their grandfather's ashes, German-American brothers Todd and Jan discover Beerfest, the secret Olympics of downing stout, and want to enter the contest to defend their family's beer-guzzling honor. Their Old Country cousins sneer at the Yanks' chances, prompting the siblings to return to America to prepare for a showdown the following year.</p>",Blu-Ray,Media > Videos,,"Blu-Ray, Comedy, Formatted, Rental",true,Genre,Comedy,,,,,,,,,0.0,shopify,1,deny,manual,0.00,,true,true,,,,,191-BLRBEE-50-001A,https://cdn.shopify.com/s/files/1/0826/6363/7242/files/0-1781293021030_cec61693-d5d2-4965-a843-c606897aeb06.jpg?v=1788284978,1,191-BLRBEE-50-001A,false,,,,,,,,,,,,,comedy,,,,,,,,,,,,,,,lb,,,active,barcode too long for Libib's 15-char field (18 chars)
the-40-year-old-virgin,The 40-Year-Old Virgin,"<p>Andy Stitzer has a pleasant life with a nice apartment and a job stamping invoices at an electronics store. But at age 40, there's one thing Andy hasn't done, and it's really bothering his sex-obsessed male co-workers: Andy is still a virgin. Determined to help Andy get laid, the guys make it their mission to de-virginize him. But it all seems hopeless until Andy meets small business owner Trish, a single mom.</p>",Blu-Ray,Media > Videos,,"Blu-Ray, Comedy, Formatted, Rental",true,Genre,Comedy,,,,,,,,,0.0,shopify,1,deny,manual,0.00,,true,true,,,,,191-BLRTH4-50-001A,https://cdn.shopify.com/s/files/1/0826/6363/7242/files/0-1781292967930_f2be2e6b-7849-43c8-831a-d6f46a5c7245.jpg?v=1788284976,1,191-BLRTH4-50-001A,false,,,,,,,,,,,,,comedy,,,,,,,,,,,,,,,lb,,,active,barcode too long for Libib's 15-char field (18 chars)
forgetting-sarah-marshall,Forgetting Sarah Marshall,"<p>When actress Sarah Marshall dumps aspiring musician Peter Bretter for rock star Aldous Snow, Peter's world comes crashing down. His best friend Brian suggests that Peter should get away from everything and to fly off to Hawaii to escape all his problems. After arriving in Hawaii and meeting the beautiful receptionist Rachel Jansen, Peter is shocked to see not only Aldous in Hawaii, but also Sarah.</p>",Blu-Ray,Media > Videos,,"Blu-Ray, Comedy, Formatted, Rental",true,Genre,Comedy,,,,,,,,,0.0,shopify,1,deny,manual,0.00,,true,true,,,,,191-BLRFOR-50-001A,https://cdn.shopify.com/s/files/1/0826/6363/7242/files/0-1781292910044.jpg?v=1788284975,1,191-BLRFOR-50-001A,false,,,,,,,,,,,,,comedy,,,,,,,,,,,,,,,lb,,,active,barcode too long for Libib's 15-char field (18 chars)
clerks-ii,Clerks II,"<p>A calamity at Dante and Randall's shops sends them looking for new horizons - but they ultimately settle at Mooby's, a fictional Disney-McDonald's-style fast-food empire.</p>",Blu-Ray,Media > Videos,,"Blu-Ray, Comedy, Formatted, Rental",true,Genre,Comedy,,,,,,,,,0.0,shopify,1,deny,manual,0.00,,true,true,,,,,191-BLRCLE-50-001A,https://cdn.shopify.com/s/files/1/0826/6363/7242/files/0-1781292852689_632f6941-c468-4fff-9007-d2ef76dd4b48.jpg?v=1788284974,1,191-BLRCLE-50-001A,false,,,,,,,,,,,,,comedy,,,,,,,,,,,,,,,lb,,,active,barcode too long for Libib's 15-char field (18 chars)
i-love-you-man,"I Love You, Man","<p>Peter Klaven is a successful real estate agent who, upon getting engaged to the woman of his dreams, Zooey, discovers, to his dismay and chagrin, that he has no male friend close enough to serve as his Best Man. Peter immediately sets out to rectify the situation, embarking on a series of bizarre and awkward ""man-dates.""</p>",Blu-Ray,Media > Videos,,"Blu-Ray, Comedy, Formatted, Rental",true,Genre,Comedy,,,,,,,,,0.0,shopify,1,deny,manual,0.00,,true,true,,,,,191-BLRILO-50-001A,https://cdn.shopify.com/s/files/1/0826/6363/7242/files/0-1781292778881_a4cda31a-90ce-4719-af6c-520a374bc083.jpg?v=1788284973,1,191-BLRILO-50-001A,false,,,,,,,,,,,,,comedy,,,,,,,,,,,,,,,lb,,,active,barcode too long for Libib's 15-char field (18 chars)
the-nice-guys,The Nice Guys,<p>A private eye investigates the apparent suicide of a fading porn star in 1970s Los Angeles and uncovers a conspiracy.</p>,Blu-Ray,Media > Videos,,"Blu-Ray, Comedy, Formatted, Rental",true,Genre,Comedy,,,,,,,,,0.0,shopify,1,deny,manual,0.00,,true,true,,,,,191-BLRTHN-50-001A,https://cdn.shopify.com/s/files/1/0826/6363/7242/files/0-1781292718151_27f16c50-a95e-4318-b21e-8754e9042716.jpg?v=1788284972,1,191-BLRTHN-50-001A,false,,,,,,,,,,,,,comedy,,,,,,,,,,,,,,,lb,,,active,barcode too long for Libib's 15-char field (18 chars)
observe-and-report,Observe and Report,"<p>Mall security guard Ronnie Barnhardt is called into action to stop a flasher from turning shopper's paradise into his personal peep show. But when Barnhardt can't bring the culprit to justice, a surly police detective is recruited to close the case.</p>",Blu-Ray,Media > Videos,,"Blu-Ray, Comedy, Formatted, Rental",true,Genre,Comedy,,,,,,,,,0.0,shopify,1,deny,manual,0.00,,true,true,,,,,191-BLROBS-50-001A,https://cdn.shopify.com/s/files/1/0826/6363/7242/files/0-1781292668249_1315091c-3599-4566-9f73-d33eeb519e3b.jpg?v=1788284970,1,191-BLROBS-50-001A,false,,,,,,,,,,,,,comedy,,,,,,,,,,,,,,,lb,,,active,barcode too long for Libib's 15-char field (18 chars)
this-is-40,This Is 40,"<p>Pete and Debbie are both about to turn 40, their kids hate each other, both of their businesses are failing, they're on the verge of losing their house, and their relationship is threatening to fall apart.</p>",Blu-Ray,Media > Videos,,"Blu-Ray, Comedy, Formatted, Rental",true,Genre,Comedy,,,,,,,,,0.0,shopify,1,deny,manual,0.00,,true,true,,,,,191-BLRTHI-50-001A,https://cdn.shopify.com/s/files/1/0826/6363/7242/files/0-1781292618089.jpg?v=1788284969,1,191-BLRTHI-50-001A,false,,,,,,,,,,,,,comedy,,,,,,,,,,,,,,,lb,,,active,barcode too long for Libib's 15-char field (18 chars)
horrible-bosses-totally-inappropriate-edition,Horrible Bosses: Totally Inappropriate Edition,"<p>Horrible Bosses is a 2011 black comedy film about three friends who, fed up with their abusive and incompetent bosses, hatch a plan to murder them.</p>",Blu-Ray,Media > Videos,,"Blu-Ray, Comedy, Formatted, Rental",true,Genre,Comedy,,,,,,,,,0.0,shopify,1,deny,manual,0.00,,true,true,,,,,191-BLRHRR-50-001A,https://cdn.shopify.com/s/files/1/0826/6363/7242/files/Horrible_Bosses.jpg?v=1788284968,1,191-BLRHRR-50-001A,false,,,,,,,,,,,,,comedy,,,,,,,,,,,,,,,lb,,,active,barcode too long for Libib's 15-char field (18 chars)
horrible-bosses-2-extended-cut,Horrible Bosses 2 (Extended Cut),"<p>Dale, Kurt and Nick decide to start their own business but things don't go as planned because of a slick investor, prompting the trio to pull off a harebrained and misguided kidnapping scheme.</p>",Blu-Ray,Media > Videos,,"Blu-Ray, Comedy, Formatted, Rental",true,Genre,Comedy,,,,,,,,,0.0,shopify,1,deny,manual,0.00,,true,true,,,,,191-BLRHOR-50-001A,https://cdn.shopify.com/s/files/1/0826/6363/7242/files/0-1781292476450.jpg?v=1788284966,1,191-BLRHOR-50-001A,false,,,,,,,,,,,,,comedy,,,,,,,,,,,,,,,lb,,,active,barcode too long for Libib's 15-char field (18 chars)
vacation,Vacation,"<p>Hoping to bring his family closer together and to recreate his childhood vacation for his own kids, a grown up Rusty Griswold takes his wife and their two sons on a cross-country road trip to the coolest theme park in America, Walley World. Needless to say, things don't go quite as planned.</p>",Blu-Ray,Media > Videos,,"Blu-Ray, Comedy, Formatted, Rental",true,Genre,Comedy,,,,,,,,,0.0,shopify,1,deny,manual,0.00,,true,true,,,,,191-BLRVAC-50-001A,https://cdn.shopify.com/s/files/1/0826/6363/7242/files/0-1781292399631_ad4e47eb-3294-481c-abbc-754c8c10d070.jpg?v=1788381839,1,191-BLRVAC-50-001A,false,,,,,,,,,,,,,comedy,,,,,,,,,,,,,,,lb,,,active,barcode too long for Libib's 15-char field (18 chars)
neighbors-2,Neighbors 2,<p>This high-definition sequel brings the laughs home with crisp visuals and immersive audio quality for a premium viewing experience. Fans of irreverent comedy will enjoy the over-the-top antics and chemistry between the returning cast as they navigate a new neighborhood rivalry. The physical disc format ensures a permanent spot in your collection and includes special features to go behind the scenes of the hilarious production.</p>,Blu-Ray,Media > Videos,,"Blu-Ray, Comedy, Formatted, Rental",true,Genre,Comedy,,,,,,,,,0.0,shopify,0,deny,manual,0.00,,true,true,,,,,191-BLRNEI-50-001A,https://cdn.shopify.com/s/files/1/0826/6363/7242/files/0-1781292352319.jpg?v=1781293955,1,191-BLRNEI-50-001A,false,,,,,,,,,,,,,comedy,,,,,,,,,,,,,,,lb,,,active,barcode too long for Libib's 15-char field (18 chars)
bridesmaids,Bridesmaids,"<p>Annie's life is a mess. But when she finds out her lifetime best friend is engaged, she simply must serve as Lillian's maid of honor. Though lovelorn and broke, Annie bluffs her way through the expensive and bizarre rituals. With one chance to get it perfect, she’ll show Lillian and her bridesmaids just how far you’ll go for someone you love.</p>",Blu-Ray,Media > Videos,,"Blu-Ray, Comedy, Formatted, Rental",true,Genre,Comedy,,,,,,,,,0.0,shopify,1,deny,manual,0.00,,true,true,,,,,191-BLRBRI-50-001A,https://cdn.shopify.com/s/files/1/0826/6363/7242/files/0-1781292296794.jpg?v=1788284965,1,191-BLRBRI-50-001A,false,,,,,,,,,,,,,comedy,,,,,,,,,,,,,,,lb,,,active,barcode too long for Libib's 15-char field (18 chars)
the-proposal,The Proposal,"<p>When she learns she's in danger of losing her visa status and being deported, overbearing book editor Margaret Tate forces her put-upon assistant, Andrew Paxton, to marry her.</p>",Blu-Ray,Media > Videos,,"Blu-Ray, Comedy, Formatted, Rental",true,Genre,Comedy,,,,,,,,,0.0,shopify,1,deny,manual,0.00,,true,true,,,,,191-BLRTHL-50-001A,https://cdn.shopify.com/s/files/1/0826/6363/7242/files/0-1781292239589_cfc7e5f0-7a16-41d6-ba8a-da405b898ff6.jpg?v=1788284964,1,191-BLRTHL-50-001A,false,,,,,,,,,,,,,comedy,,,,,,,,,,,,,,,lb,,,active,barcode too long for Libib's 15-char field (18 chars)
game-night,Game Night,"<p>Max and Annie's weekly game night gets kicked up a notch when Max's brother Brooks arranges a murder mystery party -- complete with fake thugs and federal agents. So when Brooks gets kidnapped, it's all supposed to be part of the game. As the competitors set out to solve the case, they start to learn that neither the game nor Brooks are what they seem to be. The friends soon find themselves in over their heads as each twist leads to another unexpected turn over the course of one chaotic night.</p>",Blu-Ray,Media > Videos,,"Blu-Ray, Comedy, Formatted, Rental",true,Genre,Comedy,,,,,,,,,0.0,shopify,1,deny,manual,0.00,,true,true,,,,,191-BLRGMN-50-001A,https://cdn.shopify.com/s/files/1/0826/6363/7242/files/0-1781292185893.jpg?v=1788284963,1,191-BLRGMN-50-001A,false,,,,,,,,,,,,,comedy,,,,,,,,,,,,,,,lb,,,active,barcode too long for Libib's 15-char field (18 chars)
brothers,Brothers,<p>This minimalist streetwear staple features a comfortable oversized fit and high-quality heavyweight cotton construction. The clean graphic detailing on the chest offers a modern aesthetic that pairs effortlessly with any casual wardrobe. Its durable stitching and soft interior make it an ideal choice for everyday wear and long-lasting style.</p>,Blu-Ray,Media > Videos,,"Blu-Ray, Drama, Formatted, Rental",true,Genre,Drama,,,,,,,,,0.0,shopify,0,deny,manual,0.00,,true,true,,,,,191-BLRBRO-50-001A,https://cdn.shopify.com/s/files/1/0826/6363/7242/files/0-1781287820581.jpg?v=1781289561,1,191-BLRBRO-50-001A,false,,,,,,,,,,,,,drama,,,,,,,,,,,,,,,lb,,,active,barcode too long for Libib's 15-char field (18 chars)
dont-breathe,Don't Breathe,<p>A group of teens break into a blind man's home thinking they'll get away with the perfect crime. They're wrong.</p>,Blu-Ray,Media > Videos,,"Blu-Ray, Formatted, Horror, Rental",true,Genre,Horror,,,,,,,,,0.0,shopify,1,deny,manual,0.00,,true,true,,,,,191-BLRDON-50-001A,https://cdn.shopify.com/s/files/1/0826/6363/7242/files/0-1781289458870.jpg?v=1788284961,1,191-BLRDON-50-001A,false,,,,,,,,,,,,,horror,,,,,,,,,,,,,,,lb,,,active,barcode too long for Libib's 15-char field (18 chars)
motel-hell,Motel Hell,"<p>Farmer Vincent Smith and his sister Ida run a motel attached to a farm where they capture unsuspecting travelers, bury them alive, fatten them up and then harvest their bodies as ingredients for his famous brand of ""smoked meats.""</p>",Blu-Ray,Media > Videos,,"Blu-Ray, Formatted, Horror, Rental",true,Genre,Horror,,,,,,,,,0.0,shopify,1,deny,manual,0.00,,true,true,,,,,191-BLRMOT-50-001A,https://cdn.shopify.com/s/files/1/0826/6363/7242/files/0-1781289348986.jpg?v=1788284960,1,191-BLRMOT-50-001A,false,,,,,,,,,,,,,horror,,,,,,,,,,,,,,,lb,,,active,barcode too long for Libib's 15-char field (18 chars)
faceless-after-dark,Faceless After Dark,"<p>Following her breakout role in a killer clown horror flick, Bowie now finds herself struggling to capitalize on its success, but when she is suddenly held hostage by an unhinged fan posing as that same killer clown, horror becomes her reality as she fights to survive the night and escape before he completes his sinister plan to recreate the film's fatal plot.</p>",Blu-Ray,Media > Videos,,"Blu-Ray, Formatted, Horror, Rental",true,Genre,Horror,,,,,,,,,0.0,shopify,1,deny,manual,0.00,,true,true,,,,,191-BLRFAC-50-001A,https://cdn.shopify.com/s/files/1/0826/6363/7242/files/0-1781289277957_e8e27ba3-0cda-414c-8be5-967c382721a6.jpg?v=1788284958,1,191-BLRFAC-50-001A,false,,,,,,,,,,,,,horror,,,,,,,,,,,,,,,lb,,,active,barcode too long for Libib's 15-char field (18 chars)
the-editor,The Editor,<p>A one-time (and now one-handed) master film editor toiling in the cinematic sweatshops of 1970s Italy becomes the prime suspect in a series of brutal murders.</p>,Blu-Ray,Media > Videos,,"Blu-Ray, Formatted, Horror, Rental",true,Genre,Horror,,,,,,,,,0.0,shopify,1,deny,manual,0.00,,true,true,,,,,191-BLRTHD-50-001A,https://cdn.shopify.com/s/files/1/0826/6363/7242/files/0-1781289219883.jpg?v=1788284957,1,191-BLRTHD-50-001A,false,,,,,,,,,,,,,horror,,,,,,,,,,,,,,,lb,,,active,barcode too long for Libib's 15-char field (18 chars)
let-me-in,Let Me In,"<p>This high-quality short-sleeve tee features a relaxed fit and a distinctive graphic print that adds a touch of mystery to any casual outfit. Crafted from soft, breathable cotton, it offers all-day comfort and a timeless silhouette suitable for layering or wearing on its own. The minimalist neutral color scheme ensures it pairs effortlessly with denim or joggers for an easy, elevated streetwear look.</p>",Blu-Ray,Media > Videos,,"Blu-Ray, Formatted, Horror, Rental",true,Genre,Horror,,,,,,,,,0.0,shopify,0,deny,manual,0.00,,true,true,,,,,191-BLRLET-50-001A,https://cdn.shopify.com/s/files/1/0826/6363/7242/files/0-1781288930179.jpg?v=1781289552,1,191-BLRLET-50-001A,false,,,,,,,,,,,,,horror,,,,,,,,,,,,,,,lb,,,active,barcode too long for Libib's 15-char field (18 chars)
v-h-s-2,V/H/S/2,"<p>Inside a darkened house looms a column of TVs littered with VHS tapes, a pagan shrine to forgotten analog gods. The screens crackle and pop endlessly with monochrome vistas of static white noise permeating the brain and fogging concentration. But you must fight the urge to relax: this is no mere movie night. Those obsolete spools contain more than just magnetic tape. They are imprinted with the very soul of evil.</p>",Blu-Ray,Media > Videos,,"Blu-Ray, Formatted, Horror, Rental",true,Genre,Horror,,,,,,,,,0.0,shopify,1,deny,manual,0.00,,true,true,,,,,191-BLRVH2-50-001A,https://cdn.shopify.com/s/files/1/0826/6363/7242/files/0-1781288844973.jpg?v=1788284956,1,191-BLRVH2-50-001A,false,,,,,,,,,,,,,horror,,,,,,,,,,,,,,,lb,,,active,barcode too long for Libib's 15-char field (18 chars)
v-h-s-85,V/H/S/85,"<p>This cinematic collection delivers a brutal and immersive return to the found-footage genre, capturing the gritty aesthetic of the mid-eighties across five interconnected segments of terror. The high-definition transfer preserves the intentional analog distortion and visceral practical effects, making it a must-have for fans of retro-style horror and anthology storytelling. Explore a dark vision of the past through this unsettling journey into supernatural phenomena and human depravity.</p>",Blu-Ray,Media > Videos,,"Blu-Ray, Formatted, Horror, Issue_Rental_Or_Sale",true,Genre,Horror,,,,,,,,,0.0,shopify,1,deny,manual,0.00,,true,true,,,,,191-BLRVH5-50-001A,https://cdn.shopify.com/s/files/1/0826/6363/7242/files/0-1781288751303_a65eedbe-b87b-4da6-a6ce-1df62307c874.jpg?v=1788284954,1,191-BLRVH5-50-001A,false,,,,,,,,,,,,,horror,,,,,,,,,,,,,,,lb,,,active,barcode too long for Libib's 15-char field (18 chars)
v-h-s-94,V/H/S/94,"<p>After the discovery of a mysterious VHS tape, a brutish police SWAT team launches a high-intensity raid on a remote warehouse, only to discover a sinister cult compound whose collection of pre-recorded material uncovers a nightmarish conspiracy.</p>",Blu-Ray,Media > Videos,,"Blu-Ray, Formatted, Horror, Rental",true,Genre,Horror,,,,,,,,,0.0,shopify,1,deny,manual,0.00,,true,true,,,,,191-BLRVHS-50-001A,https://cdn.shopify.com/s/files/1/0826/6363/7242/files/0-1781288061169_a06d0c23-2cbd-4b1e-baa5-21e980498b87.jpg?v=1788284953,1,191-BLRVHS-50-001A,false,,,,,,,,,,,,,horror,,,,,,,,,,,,,,,lb,,,active,barcode too long for Libib's 15-char field (18 chars)
hobo-with-a-shotgun-collectors-edition,Hobo With A Shotgun (Collector's Edition),"<p>A vigilante homeless man pulls into a new city and finds himself trapped in urban chaos, a city where crime rules and where the city's crime boss reigns. Seeing an urban landscape filled with armed robbers, corrupt cops, abused prostitutes and even a pedophile Santa, the Hobo goes about bringing justice to the city the best way he knows how - with a 20-gauge shotgun. Mayhem ensues when he tries to make things better for the future generation. Street justice will indeed prevail.</p>",Blu-Ray,Media > Videos,,"Blu-Ray, Formatted, Horror, Rental",true,Genre,Horror,,,,,,,,,0.0,shopify,1,deny,manual,0.00,,true,true,,,,,191-BLRHOB-50-001A,https://cdn.shopify.com/s/files/1/0826/6363/7242/files/0-1781288016033.jpg?v=1788284952,1,191-BLRHOB-50-001A,false,,,,,,,,,,,,,horror,,,,,,,,,,,,,,,lb,,,active,barcode too long for Libib's 15-char field (18 chars)
the-paperboy,The Paperboy,<p>A reporter returns to his Florida hometown to investigate a case involving a death row inmate.</p>,Blu-Ray,Media > Videos,,"Blu-Ray, Drama, Formatted, Rental",true,Genre,Drama,,,,,,,,,0.0,shopify,1,deny,manual,0.00,,true,true,,,,,191-BLRTHP-50-001A,https://cdn.shopify.com/s/files/1/0826/6363/7242/files/0-1781287920984_7db4812b-b622-46a8-93d2-d83ae2652e3d.jpg?v=1788284950,1,191-BLRTHP-50-001A,false,,,,,,,,,,,,,drama,,,,,,,,,,,,,,,lb,,,active,barcode too long for Libib's 15-char field (18 chars)
the-wrestler,The Wrestler,"<p>Aging wrestler Randy ""The Ram"" Robinson is long past his prime but still ready and rarin' to go on the pro-wrestling circuit. After a particularly brutal beating, however, Randy hangs up his tights, pursues a serious relationship with a long-in-the-tooth stripper, and tries to reconnect with his estranged daughter. But he can't resist the lure of the ring and readies himself for a comeback.</p>",Blu-Ray,Media > Videos,,"Blu-Ray, Drama, Formatted, Rental",true,Genre,Drama,,,,,,,,,0.0,shopify,1,deny,manual,0.00,,true,true,,,,,191-BLRTHW-50-001A,https://cdn.shopify.com/s/files/1/0826/6363/7242/files/0-1781287770826_b76fa1ff-0327-4b05-84af-58faec1a7294.jpg?v=1788381788,1,191-BLRTHW-50-001A,false,,,,,,,,,,,,,drama,,,,,,,,,,,,,,,lb,,,active,barcode too long for Libib's 15-char field (18 chars)
cloud-atlas,Cloud Atlas,"<p>A set of six nested stories spanning time between the 19th century and a distant post-apocalyptic future. Cloud Atlas explores how the actions and consequences of individual lives impact one another throughout the past, the present and the future. Action, mystery and romance weave through the story as one soul is shaped from a killer into a hero and a single act of kindness ripples across centuries to inspire a revolution in the distant future.  Based on the award winning novel by David Mitchell. Directed by Tom Tykwer and the Wachowskis.</p>",Blu-Ray,Media > Videos,,"Blu-Ray, Drama, Formatted, Rental",true,Genre,Drama,,,,,,,,,0.0,shopify,1,deny,manual,0.00,,true,true,,,,,191-BLRCLO-50-001A,https://cdn.shopify.com/s/files/1/0826/6363/7242/files/0-1781287710441.jpg?v=1788284949,1,191-BLRCLO-50-001A,false,,,,,,,,,,,,,drama,,,,,,,,,,,,,,,lb,,,active,barcode too long for Libib's 15-char field (18 chars)
requiem-for-a-dream-directors-cut,Requiem for a Dream (Director's Cut),<p>The drug-induced utopias of four Coney Island residents are shattered when their addictions run deep.</p>,Blu-Ray,Media > Videos,,"Blu-Ray, Drama, Formatted, Rental",true,Genre,Drama,,,,,,,,,0.0,shopify,1,deny,manual,0.00,,true,true,,,,,191-BLRREQ-50-001A,https://cdn.shopify.com/s/files/1/0826/6363/7242/files/0-1781287656723.jpg?v=1788284947,1,191-BLRREQ-50-001A,false,,,,,,,,,,,,,drama,,,,,,,,,,,,,,,lb,,,active,barcode too long for Libib's 15-char field (18 chars)
robin-hood-unrated-directors-cut,Robin Hood (Unrated Director's Cut),"<p>This unrated director's cut offers a gritty and realistic reimagining of the legendary outlaw's origin story with extended footage not seen in theaters. Home viewers will appreciate the high-definition picture quality and immersive battle sequences that bring this epic historical drama to life. It is an essential addition for fans of action cinema and those who enjoy a more mature, detailed take on classic folklore.</p>",Blu-Ray,Media > Videos,,"Blu-Ray, Drama, Formatted, Rental",true,Genre,Drama,,,,,,,,,0.0,shopify,0,deny,manual,0.00,,true,true,,,,,191-BLRROB-70-001A,https://cdn.shopify.com/s/files/1/0826/6363/7242/files/0-1781287596945.jpg?v=1781289536,1,191-BLRROB-70-001A,false,,,,,,,,,,,,,drama,,,,,,,,,,,,,,,lb,,,active,barcode too long for Libib's 15-char field (18 chars)
any-given-sunday-directors-cut,Any Given Sunday (Directors Cut),<p>A star quarterback gets knocked out of the game and an unknown third stringer is called in to replace him. The unknown gives a stunning performance and forces the aging coach to reevaluate his game plans and life. A new co-owner/president adds to the pressure of winning. The new owner must prove herself in a male dominated world.</p>,Blu-Ray,Media > Videos,,"Blu-Ray, Drama, Formatted, Rental",true,Genre,Drama,,,,,,,,,0.0,shopify,1,deny,manual,0.00,,true,true,,,,,191-BLRANY-50-001A,https://cdn.shopify.com/s/files/1/0826/6363/7242/files/0-1781287539654.jpg?v=1788284946,1,191-BLRANY-50-001A,false,,,,,,,,,,,,,drama,,,,,,,,,,,,,,,lb,,,active,barcode too long for Libib's 15-char field (18 chars)
no-country-for-old-men,No Country for Old Men,"<p>Llewelyn Moss stumbles upon dead bodies, $2 million and a hoard of heroin in a Texas desert, but methodical killer Anton Chigurh comes looking for it, with local sheriff Ed Tom Bell hot on his trail. The roles of prey and predator blur as the violent pursuit of money and justice collide.</p>",Blu-Ray,Media > Videos,,"Blu-Ray, Drama, Formatted, Rental",true,Genre,Drama,,,,,,,,,0.0,shopify,1,deny,manual,0.00,,true,true,,,,,191-BLRNOC-50-001A,https://cdn.shopify.com/s/files/1/0826/6363/7242/files/0-1781287305925.jpg?v=1788284945,1,191-BLRNOC-50-001A,false,,,,,,,,,,,,,drama,,,,,,,,,,,,,,,lb,,,active,barcode too long for Libib's 15-char field (18 chars)
enter-the-void-full-length-directors-cut,Enter the Void (Full-Length Director's Cut),"<p>Enter the Void is a 2009 surrealist art film directed by Gaspar Noé, following the spirit of a young drug dealer, killed in a police raid in Tokyo, as it drifts through the lives of those he left behind.</p>",Blu-Ray,Media > Videos,,"Blu-Ray, Drama, Formatted, Rental",true,Genre,Drama,,,,,,,,,0.0,shopify,1,deny,manual,0.00,,true,true,,,,,191-BLRENT-50-001A,https://cdn.shopify.com/s/files/1/0826/6363/7242/files/Enter-the-void-poster.png?v=1788284943,1,191-BLRENT-50-001A,false,,,,,,,,,,,,,drama,,,,,,,,,,,,,,,lb,,,active,barcode too long for Libib's 15-char field (18 chars)
the-assassination-of-jesse-james,The Assassination of Jesse James,<p>Experience this visually stunning cinematic masterpiece in high definition with superior picture and sound quality. This disc includes exclusive behind the scenes footage and a detailed exploration of the historical events that inspired the film. It is an essential addition for collectors of modern westerns and fans of academy award winning cinematography.</p>,Blu-Ray,Media > Videos,,"Blu-Ray, Drama, Formatted, Rental",true,Genre,Drama,,,,,,,,,0.0,shopify,0,deny,manual,0.00,,true,true,,,,,191-BLRTHE-50-001A,https://cdn.shopify.com/s/files/1/0826/6363/7242/files/0-1781287460765.jpg?v=1781289530,1,191-BLRTHE-50-001A,false,,,,,,,,,,,,,drama,,,,,,,,,,,,,,,lb,,,active,barcode too long for Libib's 15-char field (18 chars)
on-the-road,On the Road,<p>This fresh and spicy fragrance captures the essence of a spirited adventure with its unique blend of citrus and woody notes. It offers a sophisticated yet rugged aroma that is perfect for daily wear or special travels. The long-lasting scent profile ensures a memorable impression that feels both modern and timeless.</p>,Blu-Ray,Media > Videos,,"Blu-Ray, Drama, Formatted, Rental",true,Genre,Drama,,,,,,,,,0.0,shopify,1,deny,manual,0.00,,true,true,,,,,191-UNKONT-50-001A,https://cdn.shopify.com/s/files/1/0826/6363/7242/files/0-1781287380649.jpg?v=1788284942,1,191-UNKONT-50-001A,false,,,,,,,,,,,,,drama,,,,,,,,,,,,,,,lb,,,active,barcode too long for Libib's 15-char field (18 chars)
killing-them-softly,Killing Them Softly,<p>The girlfriend of a man murdered for a debt falls in love with the killer.</p>,Blu-Ray,Media > Videos,,"Blu-Ray, Drama, Formatted, Rental",true,Genre,Drama,,,,,,,,,0.0,shopify,1,deny,manual,0.00,,true,true,,,,,191-BLRKIL-50-001A,https://cdn.shopify.com/s/files/1/0826/6363/7242/files/0-1781287093469_20357a72-9e22-4a10-8732-29861c4a703d.jpg?v=1788284941,1,191-BLRKIL-50-001A,false,,,,,,,,,,,,,drama,,,,,,,,,,,,,,,lb,,,active,barcode too long for Libib's 15-char field (18 chars)
sin-city-a-dame-to-kill-for,Sin City: A Dame to Kill For,<p>Some of Sin City's most hard-boiled citizens cross paths with a few of its more reviled inhabitants.</p>,Blu-Ray,Media > Videos,,"Action, Blu-Ray, Formatted, Rental",true,Genre,Action,,,,,,,,,0.0,shopify,1,deny,manual,0.00,,true,true,,,,,191-BLRSIN-50-001A,https://cdn.shopify.com/s/files/1/0826/6363/7242/files/0-1781286722814.jpg?v=1788284939,1,191-BLRSIN-50-001A,false,,,,,,,,,,,,,action,,,,,,,,,,,,,,,lb,,,active,barcode too long for Libib's 15-char field (18 chars)
death-wish,Death Wish,<p>Experience this high-stakes action thriller in stunning high definition with this multi-format home media set. The collection includes high-quality disc versions and a digital code for convenient watching on any portable device. It is a must-have addition for fans of gritty cinema who appreciate crisp visual quality and versatile viewing options.</p>,Blu-Ray,Media > Videos,,"Action, Blu-Ray, Formatted, Rental",true,Genre,Action,,,,,,,,,0.0,shopify,0,deny,manual,0.00,,true,true,,,,,191-BLRDEA-50-001A,https://cdn.shopify.com/s/files/1/0826/6363/7242/files/0-1781286325468.jpg?v=1781286785,1,191-BLRDEA-50-001A,false,,,,,,,,,,,,,action,,,,,,,,,,,,,,,lb,,,active,barcode too long for Libib's 15-char field (18 chars)
war-for-the-planet-of-the-apes,War for the Planet of the Apes,"<p>Caesar and his apes are forced into a deadly conflict with an army of humans led by a ruthless Colonel. After the apes suffer unimaginable losses, Caesar wrestles with his darker instincts and begins his own mythic quest to avenge his kind. As the journey finally brings them face to face, Caesar and the Colonel are pitted against each other in an epic battle that will determine the fate of both their species and the future of the planet.</p>",Blu-Ray,Media > Videos,,"Action, Blu-Ray, Formatted, Rental",true,Genre,Action,,,,,,,,,0.0,shopify,1,deny,manual,0.00,,true,true,,,,,191-BLRWAR-50-001A,https://cdn.shopify.com/s/files/1/0826/6363/7242/files/0-1781286181832.jpg?v=1788284938,1,191-BLRWAR-50-001A,false,,,,,,,,,,,,,action,,,,,,,,,,,,,,,lb,,,active,barcode too long for Libib's 15-char field (18 chars)
i-am-legend,I Am Legend,"<p>Robert Neville is a scientist who was unable to stop the spread of the terrible virus that was incurable and man-made. Immune, Neville is now the last human survivor in what is left of New York City and perhaps the world. For three years, Neville has faithfully sent out daily radio messages, desperate to find any other survivors who might be out there. But he is not alone.</p>",Blu-Ray,Media > Videos,,"Action, Blu-Ray, Formatted, Rental",true,Genre,Action,,,,,,,,,0.0,shopify,1,deny,manual,0.00,,true,true,,,,,191-BLRIAM-50-001A,https://cdn.shopify.com/s/files/1/0826/6363/7242/files/0-1781286043259_cf3e4613-7fa8-4dee-9382-6292905b1463.jpg?v=1788284936,1,191-BLRIAM-50-001A,false,,,,,,,,,,,,,action,,,,,,,,,,,,,,,lb,,,active,barcode too long for Libib's 15-char field (18 chars)
hercules-extended-cut,Hercules Extended Cut,"<p>Experience the action in stunning high definition with this multi-disc set featuring both the theatrical and extended versions of the epic adventure. This collection includes disc formats for your home theater and a digital code for viewing on the go, along with exclusive behind-the-scenes bonus content. It is the perfect addition for fans of historical fantasy and large-scale cinematic battles.</p>",Blu-Ray,Media > Videos,,"Action, Blu-Ray, Formatted, Issue_Rental_Or_Sale",true,Genre,Action,,,,,,,,,0.0,shopify,1,deny,manual,0.00,,true,true,,,,,191-BLRHER-50-001A,https://cdn.shopify.com/s/files/1/0826/6363/7242/files/0-1781285916062_4fa3737f-a3ed-4bd8-8df4-d8cf69351aa7.jpg?v=1788284935,1,191-BLRHER-50-001A,false,,,,,,,,,,,,,action,,,,,,,,,,,,,,,lb,,,active,barcode too long for Libib's 15-char field (18 chars)
we-were-soldiers,We Were Soldiers,"<p>The year is 1965 and America is at war with North Vietnam.  Commanding the air cavalry is Lt. Col. Hal Moore (Gibson), a born leader committed to his troops.  His target: the Ia Drang Valley, called ""The Valley of Death.""  As Moore prepares for one of the most violent battles in U.S. history, he delivers a stirring promise to his soldiers and their families: ""I will leave no man behind...dead or alive.  We will all come home together.""</p>",Blu-Ray,Media > Videos,,"Blu-Ray, Drama, Formatted, Rental",true,Genre,Drama,,,,,,,,,0.0,shopify,1,deny,manual,0.00,,true,true,,,,,191-BLRWEW-50-001A,https://cdn.shopify.com/s/files/1/0826/6363/7242/files/0-1781286119824_6bbb39ed-e9e1-4fdd-a942-f65f921dd307.jpg?v=1788284933,1,191-BLRWEW-50-001A,false,,,,,,,,,,,,,drama,,,,,,,,,,,,,,,lb,,,active,barcode too long for Libib's 15-char field (18 chars)
over-the-top,Over The Top,"<p>Lincoln Hawk a hard-luck big-rig trucker takes us under the glaring Las Vegas lights for all the boisterous action of the World Armwrestling Championship. Relying on wits and willpower, Hawk tries to rebuild his life by capturing the first-place prize money, and the love of the son he abandoned years earlier into the keeping of his rich, ruthless father-in-law.</p>",Blu-Ray,Media > Videos,,"Action, Blu-Ray, Formatted, Rental",true,Genre,Action,,,,,,,,,0.0,shopify,1,deny,manual,0.00,,true,true,,,,,191-BLROVE-50-001A,https://cdn.shopify.com/s/files/1/0826/6363/7242/files/0-1781285825063.jpg?v=1788284932,1,191-BLROVE-50-001A,false,,,,,,,,,,,,,action,,,,,,,,,,,,,,,lb,,,active,barcode too long for Libib's 15-char field (18 chars)
speed-racer,Speed Racer,"<p>Experience the high-octane thrills of this visually stunning cinematic adventure featuring vibrant colors and gravity-defying racing sequences. This widescreen edition offers an immersive home theater experience that captures every detail of the stylized, futuristic landscapes and intense competition. Perfect for families and fans of stylized action, this film delivers a heartwarming story wrapped in a cutting-edge aesthetic.</p>",DVD,Media > Videos,,"DVD, Formatted, Kids & Family, Rental",true,Genre,Kids & Family,,,,,,,,,0.0,shopify,1,deny,manual,0.00,,true,true,,,,,191-BLRSPE-50-001A,https://cdn.shopify.com/s/files/1/0826/6363/7242/files/0-1781285687045_317207c4-a6af-44c0-952e-ae4ee4924475.jpg?v=1788284931,1,191-BLRSPE-50-001A,false,,,,,,,,,,,,,kids-family,,,,,,,,,,,,,,,lb,,,active,barcode too long for Libib's 15-char field (18 chars)
wrath-of-the-titans,Wrath of the Titans,"<p>Perseus tries to live a quieter life as a village fisherman while – dangerously weakened by humanity's lack of devotion – the gods are losing control of the long-imprisoned Titans and their ferocious leader, Kronos.</p>",Blu-Ray,Media > Videos,,"Action, Blu-Ray, Formatted, Rental",true,Genre,Action,,,,,,,,,0.0,shopify,1,deny,manual,0.00,,true,true,,,,,191-BLRWRA-50-001A,https://cdn.shopify.com/s/files/1/0826/6363/7242/files/0-1781285627907.jpg?v=1788284929,1,191-BLRWRA-50-001A,false,,,,,,,,,,,,,action,,,,,,,,,,,,,,,lb,,,active,barcode too long for Libib's 15-char field (18 chars)
gamer-2-disc-special-edition-w-digital-copy,Gamer (2-Disc Special Edition w Digital Copy),<p>This two disc special edition features the complete high definition presentation and a standalone digital copy for viewing on multiple devices. The set includes a variety of behind the scenes documentaries and bonus footage that offer an immersive look into the film's production and visual effects. It is a perfect addition for collectors seeking the highest quality playback along with versatile portability for their media library.</p>,Blu-Ray,Media > Videos,,"Action, Blu-Ray, Formatted, Issue_Rental_Or_Sale",true,Genre,Action,,,,,,,,,0.0,shopify,1,deny,manual,0.00,,true,true,,,,,191-BLRGAM-50-001A,https://cdn.shopify.com/s/files/1/0826/6363/7242/files/0-1781285568538.jpg?v=1788284928,1,191-BLRGAM-50-001A,false,,,,,,,,,,,,,action,,,,,,,,,,,,,,,lb,,,active,barcode too long for Libib's 15-char field (18 chars)
cliffhanger,Cliffhanger,"<p>A year after losing his friend in a tragic 4,000-foot fall, former ranger Gabe Walker and his partner, Hal, are called to return to the same peak to rescue a group of stranded climbers, only to learn the climbers are actually thieving hijackers who are looking for boxes full of money.</p>",Blu-Ray,Media > Videos,,"Action, Blu-Ray, Formatted, Rental",true,Genre,Action,,,,,,,,,0.0,shopify,1,deny,manual,0.00,,true,true,,,,,191-BLRCLI-50-001A,https://cdn.shopify.com/s/files/1/0826/6363/7242/files/0-1781285487075.jpg?v=1788284927,1,191-BLRCLI-50-001A,false,,,,,,,,,,,,,action,,,,,,,,,,,,,,,lb,,,active,barcode too long for Libib's 15-char field (18 chars)
sicario-day-of-the-soldado,Sicario: Day of the Soldado,<p>Agent Matt Graver teams up with operative Alejandro Gillick to prevent Mexican drug cartels from smuggling terrorists across the United States border.</p>,Blu-Ray,Media > Videos,,"Action, Blu-Ray, Formatted, Rental",true,Genre,Action,,,,,,,,,0.0,shopify,1,deny,manual,0.00,,true,true,,,,,191-BLRSCR-50-001A,https://cdn.shopify.com/s/files/1/0826/6363/7242/files/0-1781285396521.jpg?v=1788284925,1,191-BLRSCR-50-001A,false,,,,,,,,,,,,,action,,,,,,,,,,,,,,,lb,,,active,barcode too long for Libib's 15-char field (18 chars)
sicario,Sicario,<p>An idealistic FBI agent is enlisted by a government task force to aid in the escalating war against drugs at the border area between the U.S. and Mexico.</p>,Blu-Ray,Media > Videos,,"Action, Blu-Ray, Formatted, Rental",true,Genre,Action,,,,,,,,,0.0,shopify,1,deny,manual,0.00,,true,true,,,,,191-BLRSIC-70-001A,https://cdn.shopify.com/s/files/1/0826/6363/7242/files/0-1781285336271_9ab078b1-5d3d-4e70-b3bd-44eb6d43d6e9.jpg?v=1788284924,1,191-BLRSIC-70-001A,false,,,,,,,,,,,,,action,,,,,,,,,,,,,,,lb,,,active,barcode too long for Libib's 15-char field (18 chars)
cowboys-aliens-extended-edition,Cowboys & Aliens (Extended Edition),<p>Cowboys &amp; Aliens is a 2011 space Western film in which an outlaw with no memory of his past and a band of settlers must team up with a mysterious gunslinger to defend an Old West town from alien invaders.</p>,Blu-Ray,Media > Videos,,"Action, Blu-Ray, Formatted, Rental",true,Genre,Action,,,,,,,,,0.0,shopify,1,deny,manual,0.00,,true,true,,,,,191-BLRCOW-50-001A,https://cdn.shopify.com/s/files/1/0826/6363/7242/files/Cowboys__26_Aliens_ac99d0f5-fb9c-4318-b0fe-6768943c5b2e.jpg?v=1788284922,1,191-BLRCOW-50-001A,false,,,,,,,,,,,,,action,,,,,,,,,,,,,,,lb,,,active,barcode too long for Libib's 15-char field (18 chars)
kick-ass,Kick-Ass,"<p>Dave Lizewski is an unnoticed high school student and comic book fan who one day decides to become a super-hero, even though he has no powers, training or meaningful reason to do so.</p>",Blu-Ray,Media > Videos,,"Action, Blu-Ray, Formatted, Rental",true,Genre,Action,,,,,,,,,0.0,shopify,1,deny,manual,0.00,,true,true,,,,,191-BLRKIC-50-001A,https://cdn.shopify.com/s/files/1/0826/6363/7242/files/0-1781285198594_30a7c614-175e-4a82-9c05-7d5abf4639ad.jpg?v=1788284921,1,191-BLRKIC-50-001A,false,,,,,,,,,,,,,action,,,,,,,,,,,,,,,lb,,,active,barcode too long for Libib's 15-char field (18 chars)
bumblebee,Bumblebee,"<p>On the run in the year 1987, Bumblebee finds refuge in a junkyard in a small Californian beach town. Charlie, on the cusp of turning 18 and trying to find her place in the world, discovers Bumblebee, battle-scarred and broken.  When Charlie revives him, she quickly learns this is no ordinary yellow VW bug.</p>",Blu-Ray,Media > Videos,,"Action, Blu-Ray, Formatted, Rental",true,Genre,Action,,,,,,,,,0.0,shopify,1,deny,manual,0.00,,true,true,,,,,191-BLRBUM-50-001A,https://cdn.shopify.com/s/files/1/0826/6363/7242/files/0-1781285119511.jpg?v=1788284920,1,191-BLRBUM-50-001A,false,,,,,,,,,,,,,action,,,,,,,,,,,,,,,lb,,,active,barcode too long for Libib's 15-char field (18 chars)
terminator-dark-fate,Terminator: Dark Fate,"<p>Decades after Sarah Connor prevented Judgment Day, a lethal new Terminator is sent to eliminate the future leader of the resistance. In a fight to save mankind, battle-hardened Sarah Connor teams up with an unexpected ally and an enhanced super soldier to stop the deadliest Terminator yet.</p>",Blu-Ray,Media > Videos,,"Blu-Ray, Formatted, Rental, Sci-Fi",true,Genre,Sci-Fi,,,,,,,,,0.0,shopify,1,deny,manual,0.00,,true,true,,,,,191-BLRTER-50-001A,https://cdn.shopify.com/s/files/1/0826/6363/7242/files/0-1781284977431.jpg?v=1788284921,1,191-BLRTER-50-001A,false,,,,,,,,,,,,,sci-fi,,,,,,,,,,,,,,,lb,,,active,barcode too long for Libib's 15-char field (18 chars)
all-i-want,All I Want,<p>This is the story of a journey of human audacity in the whimsical garb of life.</p>,VHS,Media > Videos,,"Drama, Formatted, Rental, VHS",false,Genre,Drama,,,,,,,,,0.0,shopify,1,deny,manual,0.00,,true,true,,,,,191-VHSALL-50-001A,https://cdn.shopify.com/s/files/1/0826/6363/7242/files/3Fcyjwyg7Qjp0qUKo4HfoC7JIf.jpg?v=1788284912,1,All I Want poster,false,,,,,,,,,,,,,drama,,,,,,,,,,,,,,,lb,,,active,barcode too long for Libib's 15-char field (18 chars)
assassination-tango,Assassination Tango,"<p>John J. is a seasoned hit man sent on a job to Argentina. When the General he's sent to kill delays his return to the country, John passes the time with Manuela, a beautiful dancer who becomes his teacher and guide into Argentina's sensual world of the tango.</p>",VHS,Media > Videos,,"Formatted, Rental, Thriller, VHS",true,Genre,Thriller,,,,,,,,,0.0,shopify,1,deny,manual,0.00,,true,true,,,,,191-UNKASS-50-001A,https://cdn.shopify.com/s/files/1/0826/6363/7242/files/0-1780415614538_6a09516d-8488-4564-95a4-3c012b93206e.jpg?v=1788284910,1,191-UNKASS-50-001A,false,,,,,,,,,,,,,thriller,,,,,,,,,,,,,,,lb,,,active,barcode too long for Libib's 15-char field (18 chars)
code-hunter,Code Hunter,"<p>Storm Watch (2002) follows a top virtual reality gamer whose life is upended when a mastermind steals his identity, frames him for cyber-terrorism, and forces him into a high-stakes mission to stop a weather satellite from triggering global destruction. Mixing action and sci-fi hacking thrills, the film offers some slick effects for its budget, but reviews note it’s a low-cost, B-movie experience best enjoyed by fans of cyber-espionage tales.</p>",VHS,Media > Videos,,"Formatted, Rental, Sci-Fi, VHS",false,Genre,Sci-Fi,,,,,,,,,0.0,shopify,0,deny,manual,0.00,,true,true,,,,,191-VHSCOD-50-001A,,,,false,,,,,,,,,,,,,sci-fi,,,,,,,,,,,,,,,lb,,,active,barcode too long for Libib's 15-char field (18 chars)
liar-liar-vhs-video-tape,Liar Liar,"<p>Forced by his son's birthday wish, fast-talking attorney and habitual liar Fletcher Reede must tell the truth for the next 24 hours.</p>",VHS,Media > Videos,,"Comedy, Formatted, Rental, VHS",false,Genre,Comedy,,,,,,,,,0.0,shopify,1,deny,manual,0.00,,true,true,,,,,191-NKNLIA-50-001A,https://cdn.shopify.com/s/files/1/0826/6363/7242/files/p1habYSdC7oD3WygQ5lynU5G5rV.jpg?v=1788284909,1,Liar Liar poster,false,,,,,,,,,,,,,comedy,,,,,,,,,,,,,,,lb,,,active,barcode too long for Libib's 15-char field (18 chars)
andre,Andre,"<p>The true story of how a marine seal named Andre befriended a little girl and her family, circa 1962.</p>",VHS,Media > Videos,,"Formatted, Kids & Family, Rental, VHS",true,Genre,Kids & Family,,,,,,,,,0.0,shopify,1,deny,manual,0.00,,true,true,,,,,191-VHSAND-50-001A,https://cdn.shopify.com/s/files/1/0826/6363/7242/files/0-1780419015526.jpg?v=1788284907,1,191-VHSAND-50-001A,false,,,,,,,,,,,,,kids-family,,,,,,,,,,,,,,,lb,,,active,barcode too long for Libib's 15-char field (18 chars)
age-isnt-everything,Age Isn't Everything,<p>Young man gives up his dream of becoming an astronaut to go into business — and finds himself turned into a little old man.</p>,VHS,Media > Videos,,"Comedy, Formatted, Rental, VHS",true,Genre,Comedy,,,,,,,,,0.0,shopify,1,deny,manual,0.00,,true,true,,,,,191-VHSAGE-50-001A,https://cdn.shopify.com/s/files/1/0826/6363/7242/files/0-1780419787281.jpg?v=1788284906,1,191-VHSAGE-50-001A,false,,,,,,,,,,,,,comedy,,,,,,,,,,,,,,,lb,,,active,barcode too long for Libib's 15-char field (18 chars)
avalanche,Avalanche,"<p>Duncan is a murderous thief. When he jumps out of his plane, it crashes into the Rockies and produces an avalanche. A quiet family trapped inside their house will rescue him. They will have to survive the disaster and the madman.</p>",VHS,Media > Videos,,"Formatted, Rental, Supercycle product, Thriller, VHS",true,Genre,Thriller,,,,,,,,,0.0,shopify,1,deny,manual,0.00,,true,true,,,,,191-VHSAVA-50-001A,https://cdn.shopify.com/s/files/1/0826/6363/7242/files/0-1780420726472.jpg?v=1788284905,1,191-VHSAVA-50-001A,false,,,,,,,,,,,,,thriller,,,,,,,,,,,,,,,lb,,,active,barcode too long for Libib's 15-char field (18 chars)
overboard-vhs-1987-goldie-hawn-kurt-russell,Overboard Vhs 1987 Goldie Hawn Kurt Russell,"<p>Overboard is a 1987 romantic comedy starring Goldie Hawn as a wealthy, snobbish heiress who falls overboard from her yacht and loses her memory, and Kurt Russell as the carpenter she once wronged, who convinces her she is his wife.</p>",VHS,Media > Videos,,"Comedy, Formatted, Rental, VHS",false,Genre,Comedy,,,,,,,,,0.0,shopify,1,deny,manual,0.00,,false,false,,,,,191-VHSOVE-50-001A,https://cdn.shopify.com/s/files/1/0826/6363/7242/files/Overboard_film.jpg?v=1788284903,1,Overboard Vhs 1987 Goldie Hawn Kurt Russell poster,false,,,,,,,,,,,,,comedy,,,,,,,,,,,,,,,lb,,,active,barcode too long for Libib's 15-char field (18 chars)
american-splendor,American Splendor,<p>An original mix of fiction and reality illuminates the life of comic book hero everyman Harvey Pekar.</p>,VHS,Media > Videos,,"Comedy, Formatted, Rental, VHS",false,Genre,Comedy,,,,,,,,,0.0,shopify,1,deny,manual,0.00,,true,true,,,,,191-VHSAMR-50-001A,https://cdn.shopify.com/s/files/1/0826/6363/7242/files/rPLMxuk82AiqDiwEUVJ6E7WpjYs_cb39d395-4cd6-4359-94e3-17afe2136a40.jpg?v=1788284902,1,American Splendor (2003) poster,false,,,,,,,,,,,,,comedy,,,,,,,,,,,,,,,lb,,,active,barcode too long for Libib's 15-char field (18 chars)
grease,Grease,"<p>Australian good girl Sandy and greaser Danny fell in love over the summer. But when they unexpectedly discover they're now in the same high school, will they be able to rekindle their romance despite their eccentric friends?</p>",VHS,Media > Videos,,"Formatted, Musical, Rental, VHS",false,Genre,Musical,,,,,,,,,0.0,shopify,1,deny,manual,0.00,,true,true,,,,,191-VHSGRE-50-001A,https://cdn.shopify.com/s/files/1/0826/6363/7242/files/2rM7fQKpb7cs1Iq7IBqub9LFDzJ.jpg?v=1788284902,1,Grease poster,false,,,,,,,,,,,,,musical,,,,,,,,,,,,,,,lb,,,active,barcode too long for Libib's 15-char field (18 chars)
bring-it-on,Bring It On,"<p>The Toro cheerleading squad from Rancho Carne High School in San Diego has got spirit, spunk, sass and a killer routine that's sure to land them the national championship trophy for the sixth year in a row. But for newly-elected team captain Torrance, the Toros' road to total cheer glory takes a shady turn when she discovers that their perfectly-choreographed routines were in fact stolen.</p>",VHS,Media > Videos,,"Comedy, Formatted, Rental, VHS",false,Genre,Comedy,,,,,,,,,0.0,shopify,1,deny,manual,0.00,,true,true,,,,,191-VHSBRN-50-001A,https://cdn.shopify.com/s/files/1/0826/6363/7242/files/bnVby0qI0dS7YunbShP7mw68HY3_5d94721e-ed0a-4c95-b0f9-4d37bd0fc5f9.jpg?v=1788284901,1,Bring It On (2000) poster,false,,,,,,,,,,,,,comedy,,,,,,,,,,,,,,,lb,,,active,barcode too long for Libib's 15-char field (18 chars)
the-talented-mr-ripley-vhs-2000,"The Talented Mr. Ripley (vhs, 2000)","<p>The Talented Mr. Ripley follows Tom Ripley, a young man whose chance meeting with a wealthy shipbuilder leads to a journey to Italy to retrieve his playboy son. Immersed in a world of luxury, Tom becomes enthralled by the lifestyle and dangerously entangled in lies to keep it. With stunning 1950s settings, nuanced performances, and tense psychological drama, this is a stylish, unsettling thriller worth watching for fans of character-driven suspense.</p>",VHS,Media > Videos,,"Formatted, Rental, Thriller, VHS",false,Genre,Thriller,,,,,,,,,0.0,shopify,1,deny,manual,0.00,,true,true,,,,,191-NKNTHT-50-001A,,,,false,,,,,,,,,,,,,thriller,,,,,,,,,,,,,,,lb,,,active,barcode too long for Libib's 15-char field (18 chars)
housesitter,Housesitter,"<p>Con artist Gwen moves into Newton's empty home without his knowledge and begins setting up house, posing as his new wife.</p>",VHS,Media > Videos,,"Comedy, Formatted, Rental, VHS",false,Genre,Comedy,,,,,,,,,0.0,shopify,1,deny,manual,0.00,,true,true,,,,,191-VHSHOU-50-001A,https://cdn.shopify.com/s/files/1/0826/6363/7242/files/A9Ojij6kEwe8LSnMieiPyPCXShx.jpg?v=1788284898,1,Housesitter poster,false,,,,,,,,,,,,,comedy,,,,,,,,,,,,,,,lb,,,active,barcode too long for Libib's 15-char field (18 chars)
3-strikes,3 Strikes,"<p>Brian Hooks plays a character who is just released from jail. And the state adopts a ""3 strikes"" rule for felons that involves serious penalties. Hooks has 2 strikes, and wants to change his life for the better. When a friend picks him up, they are pulled over, and his friend shoots at police officers, and Hooks escapes. Now Hooks, a wanted man, must clear his name of having nothing to do with the shooting.</p>",VHS,Media > Videos,,"Comedy, Formatted, Rental, VHS",false,Genre,Comedy,,,,,,,,,0.0,shopify,1,deny,manual,0.00,,true,true,,,,,191-VHS3ST-50-001A,https://cdn.shopify.com/s/files/1/0826/6363/7242/files/ca7xVIgh7UYsFOCBLP8ERmBktC5_278de71d-d9d7-4c39-8481-8cee548af241.jpg?v=1788284897,1,3 Strikes (2000) poster,false,,,,,,,,,,,,,comedy,,,,,,,,,,,,,,,lb,,,active,barcode too long for Libib's 15-char field (18 chars)
how-to-kill-your-neighbors-dog,How To Kill Your Neighbor's Dog,"<p>The story of Peter McGowan, a chain-smoking, impotent, insomniac playwright who lives in Los Angeles. Once very successful, he is now in the tenth year of a decade-long string of production failures. He finds himself bonding with a new neighbor's lonely young daughter who has mild cerebral palsy; and during one of his middle-of-the-night strolls, he encounters his oddball doppelgänger.</p>",VHS,Media > Videos,,"Comedy, Formatted, Rental, VHS",false,Genre,Comedy,,,,,,,,,0.0,shopify,1,deny,manual,0.00,,true,true,,,,,191-VHSHOW-50-002A,https://cdn.shopify.com/s/files/1/0826/6363/7242/files/6SnhJrYar2gedIdyIqlLwagBmCr_5b256a76-3aae-4961-989a-3a79b12cd115.jpg?v=1788284896,1,How To Kill Your Neighbor's Dog (2002) poster,false,,,,,,,,,,,,,comedy,,,,,,,,,,,,,,,lb,,,active,barcode too long for Libib's 15-char field (18 chars)
k-9-pi,K-9 Pi,<p>Dooley and his K-9 partner Jerry Lee are ready to retire from the police force. But before he can retire with his pension he must work as a P.I. to find a set of high tech computer chips.</p>,VHS,Media > Videos,,"Comedy, Formatted, Rental, VHS",false,Genre,Comedy,,,,,,,,,0.0,shopify,1,deny,manual,0.00,,true,true,,,,,191-VHSK9P-50-001A,https://cdn.shopify.com/s/files/1/0826/6363/7242/files/2RdyzWbN3zTF1559GRnLbamy3V4.jpg?v=1788284895,1,K-9 Pi (2002) poster,false,,,,,,,,,,,,,comedy,,,,,,,,,,,,,,,lb,,,active,barcode too long for Libib's 15-char field (18 chars)
johnny-suede-1991,Johnny Suede 1991,"<p>Johnny Suede is a 1991 film, the directorial debut of Tom DiCillo, starring Brad Pitt as an aimless young man obsessed with 1950s rock star style who navigates romance and his dreams of musical stardom.</p>",VHS,Media > Videos,,"Comedy, Formatted, Rental, VHS",false,Genre,Comedy,,,,,,,,,0.0,shopify,1,deny,manual,0.00,,false,false,,,,,191-VHSJOH-50-001A,https://cdn.shopify.com/s/files/1/0826/6363/7242/files/Johnny-Suede-1991_imagelarge.jpg?v=1788284893,1,Johnny Suede 1991 poster,false,,,,,,,,,,,,,comedy,,,,,,,,,,,,,,,lb,,,active,barcode too long for Libib's 15-char field (18 chars)
the-man-in-the-moon,The Man In The Moon,"<p>Maureen Trant and her younger sibling Dani share a strong connection, but local boy Court Foster threatens to throw their bond off balance. Dani and Court meet first and have a flirtatious rapport -- but when he meets Maureen, he falls hard and they begin a passionate affair. The new couple try to keep their love hidden from Dani, but she soon learns the truth, disavowing her sister. But a heartbreaking accident later reunites the girls.</p>",VHS,Media > Videos,,"Drama, Formatted, Rental, VHS",false,Genre,Drama,,,,,,,,,0.0,shopify,1,deny,manual,0.00,,true,true,,,,,191-VHSTHM-50-001A,https://cdn.shopify.com/s/files/1/0826/6363/7242/files/57r0TXlqV5GIn4h0Htgh81OZou9.jpg?v=1788284891,1,The Man In The Moon poster,false,,,,,,,,,,,,,drama,,,,,,,,,,,,,,,lb,,,active,barcode too long for Libib's 15-char field (18 chars)
bring-it-on-again,Bring it On Again,"<p>When new students can't get onto their college cheerleading team, they form their own squad and prepare for a cheer off.</p>",VHS,Media > Videos,,"Comedy, Formatted, Rental, VHS",false,Genre,Comedy,,,,,,,,,0.0,shopify,1,deny,manual,0.00,,true,true,,,,,191-VHSBRI-50-001A,https://cdn.shopify.com/s/files/1/0826/6363/7242/files/slevjvJcGRvFZ3vwfbDdRfdLHG1_08db5b98-f290-4562-8f39-d195582a2460.jpg?v=1788284889,1,Bring it On Again (2004) poster,false,,,,,,,,,,,,,comedy,,,,,,,,,,,,,,,lb,,,active,barcode too long for Libib's 15-char field (18 chars)
chuck-buck,Chuck & Buck,"Chuck &amp; Buck follows two childhood friends whose adult lives have diverged sharply—Chuck has moved on to a polished career, while Buck remains stuck in adolescence and develops an unsettling fixation on rekindling their past bond. This darkly comic psychological drama blends discomfort, poignancy, and offbeat humor, earning critical praise for its originality, layered performances, and unsettling exploration of boundaries.",VHS,Media > Videos,,"Comedy, Formatted, Rental, VHS",true,Genre,Comedy,,,,,,,,,0.0,shopify,1,deny,manual,0.00,,true,true,,,,,191-UNKCHU-50-001A,https://cdn.shopify.com/s/files/1/0826/6363/7242/files/0-1780437450597_5a673e50-8f1d-404a-8c0e-6decf5fa0763.jpg?v=1788284886,1,191-UNKCHU-50-001A,false,,,,,,,,,,,,,comedy,,,,,,,,,,,,,,,lb,,,active,barcode too long for Libib's 15-char field (18 chars)
angel-baby,Angel Baby,"<p>Angel Baby follows a grieving couple who retreat to a secluded cabin after the loss of their stillborn twins, only for the wife to sense an unsettling presence as dark secrets emerge. Blending psychological horror and thriller elements, it aims for a tense, atmospheric experience.</p>",VHS,Media > Videos,,"Formatted, Rental, Thriller, VHS",true,Genre,Thriller,,,,,,,,,0.0,shopify,1,deny,manual,0.00,,true,true,,,,,191-UNKANG-50-001A,https://cdn.shopify.com/s/files/1/0826/6363/7242/files/0-1780436842769_2b6401e2-22f9-407d-bbd4-15e96d9ef9e9.jpg?v=1788284882,1,191-UNKANG-50-001A,false,,,,,,,,,,,,,thriller,,,,,,,,,,,,,,,lb,,,active,barcode too long for Libib's 15-char field (18 chars)
an-african-dream,An African Dream,<p>An Englishwoman travels to South Africa in 1906.</p>,VHS,Media > Videos,,"Drama, Formatted, Rental, VHS",true,Genre,Drama,,,,,,,,,0.0,shopify,1,deny,manual,0.00,,true,true,,,,,191-VHSNFR-50-001A,https://cdn.shopify.com/s/files/1/0826/6363/7242/files/0-1780434979171.jpg?v=1788284879,1,191-VHSNFR-50-001A,false,,,,,,,,,,,,,drama,,,,,,,,,,,,,,,lb,,,active,barcode too long for Libib's 15-char field (18 chars)
an-american-summer-vhs,An American Summer [vhs],"<p>Divorcing Chicago parents send their only son to live with his aunt in Los Angeles for the summer, where he befriends a local, learns to surf, gets a girlfriend, and witnesses a murder.</p>",VHS,Media > Videos,,"Drama, Formatted, Rental, VHS",false,Genre,Drama,,,,,,,,,0.0,shopify,1,deny,manual,0.00,,false,false,,,,,191-VHSNMR-50-001A,,,,false,,,,,,,,,,,,,drama,,,,,,,,,,,,,,,lb,,,active,barcode too long for Libib's 15-char field (18 chars)
american-pie-special-edition,AMERICAN PIE SPECIAL EDITION,"<p>This special edition release features the unrated version of the iconic raunchy comedy alongside a wealth of bonus content and behind-the-scenes featurettes. Perfect for collectors and fans of the genre, it captures the definitive late-nineties teen experience with enhanced digital picture and sound. This physical media set serves as a nostalgic centerpiece for any movie enthusiast looking to revisit a classic cinematic milestone.</p>",VHS,Media > Videos,,"Comedy, Formatted, Rental, VHS",true,Genre,Comedy,,,,,,,,,0.0,shopify,0,deny,manual,0.00,,true,true,,,,,191-VHSMRC-50-001A,https://cdn.shopify.com/s/files/1/0826/6363/7242/files/0-1780420834429.jpg?v=1780598807,1,191-VHSMRC-50-001A,false,,,,,,,,,,,,,comedy,,,,,,,,,,,,,,,lb,,,active,barcode too long for Libib's 15-char field (18 chars)
at-first-sight,At First Sight,"<p>Explore a romantic and suspenseful narrative that delves into the complexities of human connection and unexpected attraction. This compelling read offers a blend of emotional depth and high stakes, making it an ideal choice for fans of contemporary drama and intrigue. Its fast-paced storytelling and relatable characters ensure an immersive experience from the very first chapter.</p>",VHS,Media > Videos,,"Drama, Formatted, Rental, VHS",true,Genre,Drama,,,,,,,,,0.0,shopify,1,deny,manual,0.00,,true,true,,,,,191-UNKATF-50-001A,https://cdn.shopify.com/s/files/1/0826/6363/7242/files/0-1780419437775_dc4d8beb-8e7a-4571-9d92-76b264a4a250.jpg?v=1788284866,1,191-UNKATF-50-001A,false,,,,,,,,,,,,,drama,,,,,,,,,,,,,,,lb,,,active,barcode too long for Libib's 15-char field (18 chars)
an-angel-at-my-table,An Angel at My Table,"<p>Based on the autobiographical work of New Zealand writer Janet Frame, this production depicts the author at various stage of her life. Afflicted with mental and emotional issues, Frame grows up in an impoverished family and experiences numerous tragedies while still in her youth, including the deaths of two of her siblings. Portrayed as an adult by Kerry Fox, Frame finds acclaim for her writing while still in a mental institution, and her success helps her move on with her life.</p>",VHS,Media > Videos,,"Drama, Formatted, Rental, VHS",true,Genre,Drama,,,,,,,,,0.0,shopify,1,deny,manual,0.00,,true,true,,,,,191-VHSANA-50-001A,https://cdn.shopify.com/s/files/1/0826/6363/7242/files/0-1780419104631_88ba426f-2d0d-4e8d-a09c-361c2928df31.jpg?v=1788284865,1,191-VHSANA-50-001A,false,,,,,,,,,,,,,drama,,,,,,,,,,,,,,,lb,,,active,barcode too long for Libib's 15-char field (18 chars)
apt-pupil,Apt Pupil,"<p>One day in 1984, Todd Bowden, a brilliant high school boy fascinated by the history of Nazism, stumbles across an old man whose appearance resembles that of Kurt Dussander, a wanted Nazi war criminal. A month later, Todd decides to knock on his door.</p>",VHS,Media > Videos,,"Formatted, Rental, Thriller, VHS",true,Genre,Thriller,,,,,,,,,0.0,shopify,1,deny,manual,0.00,,true,true,,,,,191-VHSAPT-50-001A,https://cdn.shopify.com/s/files/1/0826/6363/7242/files/0-1780418726166.jpg?v=1788284864,1,191-VHSAPT-50-001A,false,,,,,,,,,,,,,thriller,,,,,,,,,,,,,,,lb,,,active,barcode too long for Libib's 15-char field (18 chars)
amys-o,Amy's O,"<p>Amy's Orgasm (title censored to Amy's O) is a 2001 film directed by Julie Davis. It stars Julie Davis as Amy, a 29-year-old Jewish woman who usually avoids dating as she does not believe in love.</p>",VHS,Media > Videos,,"Comedy, Formatted, Rental, VHS",true,Genre,Comedy,,,,,,,,,0.0,shopify,0,deny,manual,0.00,,true,true,,,,,191-VHSAMY-50-001A,https://cdn.shopify.com/s/files/1/0826/6363/7242/files/0-1780417621440.jpg?v=1780598788,1,191-VHSAMY-50-001A,false,,,,,,,,,,,,,comedy,,,,,,,,,,,,,,,lb,,,active,barcode too long for Libib's 15-char field (18 chars)
the-capitol-conspiracy,The Capitol Conspiracy,"<p>Martial arts star Don ""The Dragon"" Wilson stars in this action/suspense story. A child is recruited to take part in a secret government experiment which results in him being able to see into the future. Years later, the child is an adult and is working for the government; his latest assignment is to find the other people who were part of the same project. Before long, he discovers the other test subjects usually pop up murdered shortly before he can talk to them, and he realizes he may well be the next target.</p>",VHS,Media > Videos,,"Formatted, Rental, Thriller, VHS",true,Genre,Thriller,,,,,,,,,0.0,shopify,1,deny,manual,0.00,,true,true,,,,,191-VHSTHC-50-001A,https://cdn.shopify.com/s/files/1/0826/6363/7242/files/0-1780416693529.jpg?v=1788284854,1,191-VHSTHC-50-001A,false,,,,,,,,,,,,,thriller,,,,,,,,,,,,,,,lb,,,active,barcode too long for Libib's 15-char field (18 chars)
armstrong,Armstrong,"<p>The Cold War has just heated up!  CIA Agent Bob Taylor (Charles Napier) arrives in Moscow with his new wife Susan (Kimberley Kates) with a highly secret video tape of Russian missiles leaving an unknown base near Moscow under the cover of darkness.  Are these missiles destined to be aimed at the US or are they being smuggled to a terrorist organisation. The Americans need to know where these missiles are going, the only person who can help them discover their destination is Armstrong (Frank Zagarino) an ex buddy of Bob who now trains an elite Russian anti-terrorist squad under the command of Colonel Zukov (Richard Lynch). Zukov is from the old guard, corrupt, ruthless, and will stop at nothing to gain control.</p>",VHS,Media > Videos,,"Action, Formatted, Rental, VHS",true,Genre,Action,,,,,,,,,0.0,shopify,1,deny,manual,0.00,,true,true,,,,,191-TRIARM-50-001A,https://cdn.shopify.com/s/files/1/0826/6363/7242/files/0-1780416568803.jpg?v=1788284853,1,191-TRIARM-50-001A,false,,,,,,,,,,,,,action,,,,,,,,,,,,,,,lb,,,active,barcode too long for Libib's 15-char field (18 chars)
beethoven,Beethoven,"<p>The Newton family live in their comfortable home, but there seems to something missing. This ""hole"" is filled by a small puppy, who walks into their home and their lives. Beethoven, as he is named, grows into a giant of a dog... a St Bernard. Doctor Varnick, the local vet has a secret and horrible sideline, which requires lots of dogs for experiments. Beethoven is on the bad doctor's list.</p>",VHS,Media > Videos,,"Formatted, Kids & Family, Rental, VHS",true,Genre,Kids & Family,,,,,,,,,0.0,shopify,1,deny,manual,0.00,,true,true,,,,,191-VHSBEE-50-001A,https://cdn.shopify.com/s/files/1/0826/6363/7242/files/0-1780414707097.jpg?v=1788284846,1,191-VHSBEE-50-001A,false,,,,,,,,,,,,,kids-family,,,,,,,,,,,,,,,lb,,,active,barcode too long for Libib's 15-char field (18 chars)
the-assignment,The Assignment,"<p>This gritty espionage thriller features a powerhouse cast in a high-stakes chase across international borders. The vintage physical format provides an authentic retro viewing experience for cinema enthusiasts and collectors of classic suspense dramas. With its tense atmosphere and acclaimed performances, this physical copy is a must-have for fans of traditional political action films.</p>",VHS,Media > Videos,,"Formatted, Rental, Thriller, VHS",false,Genre,Thriller,,,,,,,,,0.0,shopify,0,deny,manual,0.00,,true,true,,,,,191-NKNTHE-50-001A,,,,false,,,,,,,,,,,,,thriller,,,,,,,,,,,,,,,lb,,,draft,barcode too long for Libib's 15-char field (18 chars)
thelma-louise,Thelma & Louise,"<p>Taking a break from their dreary lives, close friends Thelma and Louise embark on a short weekend trip that ends in unforeseen incriminating circumstances. As fugitives, both women rediscover the strength of their bond and their newfound resilience.</p>",VHS,Media > Videos,,"Comedy, Formatted, Rental, VHS",true,Genre,Comedy,,,,,,,,,0.0,shopify,1,deny,manual,0.00,,true,true,,,,,191-VHSTH2-50-001A,https://cdn.shopify.com/s/files/1/0826/6363/7242/files/0-1780412496345_eb442883-29de-4201-80c2-13fae7a481ea.jpg?v=1788284830,1,191-VHSTH2-50-001A,false,,,,,,,,,,,,,comedy,,,,,,,,,,,,,,,lb,,,active,barcode too long for Libib's 15-char field (18 chars)
a-league-of-their-own-madonna-tom-hanks-geena-davis-vhs,"A League Of Their Own Madonna, Tom Hanks, Geena Davis Vhs","<p>A League of Their Own is a 1992 sports comedy-drama film about the real-life All-American Girls Professional Baseball League, formed during World War II when many male players left to serve, starring Tom Hanks, Geena Davis, and Madonna.</p>",VHS,Media > Videos,,"Comedy, Formatted, Rental, VHS",true,Genre,Comedy,,,,,,,,,0.0,shopify,1,deny,manual,0.00,,true,true,,,,,191-NKNALE-50-001A,https://cdn.shopify.com/s/files/1/0826/6363/7242/files/League_of_their_own_ver2.jpg?v=1788284828,1,191-NKNALE-50-001A,false,,,,,,,,,,,,,comedy,,,,,,,,,,,,,,,lb,,,active,barcode too long for Libib's 15-char field (18 chars)
suppose-they-gave-a-war-and-nobody-came,Suppose They Gave a War and Nobody Came?,"<p>War is brewing between the soldiers at an otherwise quiet army base and the civilians of a nearby Southern town. Brian Keith is an officer who tries to keep the peace. However, peace is hard to come by with Ernest Borgnine as a stereotypical dumb hick sheriff who's quick to call in the local militia. Tony Curtis plays a skirt-chasing sergeant who can't stay out of trouble and soon lands in jail. Brian Keith borrows a tank to release his friend from jail. Things get more chaotic after that.</p>",VHS,Media > Videos,,"Comedy, Formatted, Rental, VHS",true,Genre,Comedy,,,,,,,,,0.0,shopify,1,deny,manual,0.00,,true,true,,,,,191-VHSSUP-50-001A,https://cdn.shopify.com/s/files/1/0826/6363/7242/files/0-1780443964626.jpg?v=1788284825,1,191-VHSSUP-50-001A,false,,,,,,,,,,,,,comedy,,,,,,,,,,,,,,,lb,,,active,barcode too long for Libib's 15-char field (18 chars)
whos-the-man,Who's the Man?,"<p>Ed Lover and Doctor Dre are two inept barbers. Deciding that maybe they ought to find another line of work, they join the police. A big mistake, as far as their duty sergeant, Sgt Cooper is concerned, who proceeds to harass them at every turn. Despite this, they discover a major crime, and proceed to solve it in their own unusual fashion.</p>",VHS,Media > Videos,,"Comedy, Formatted, Rental, VHS",true,Genre,Comedy,,,,,,,,,0.0,shopify,1,deny,manual,0.00,,true,true,,,,,191-VHSWHO-F-001A,https://cdn.shopify.com/s/files/1/0826/6363/7242/files/0-1780178966873_c567d1e7-b9e6-49cb-9bc9-f253eb3f1f46.jpg?v=1788284788,1,Who's the Man? poster,false,,,,,,,,,,,,,comedy,,,,,,,,,,,,,,,lb,,,active,barcode too long for Libib's 15-char field (17 chars)
the-grifters,The Grifters,"<p>A small-time conman has his loyalties torn between his estranged mother and his new girlfriend, both of whom are high-stakes grifters with their own angles to play.</p>",VHS,Media > Videos,,"Comedy, Formatted, Rental, VHS",true,Genre,Comedy,,,,,,,,,0.0,shopify,1,deny,manual,0.00,,true,true,,,,,191-VHSTHG-F-001A,https://cdn.shopify.com/s/files/1/0826/6363/7242/files/0-1780178767466_424931ba-2398-4af9-8350-1a42682eaa0c.jpg?v=1788284784,1,The Grifters poster,false,,,,,,,,,,,,,comedy,,,,,,,,,,,,,,,lb,,,active,barcode too long for Libib's 15-char field (17 chars)
the-adventures-of-pluto-nash,The Adventures of Pluto Nash,"<p>The year is 2087, the setting is the moon. Pluto Nash, the high-flying successful owner of the hottest nightclub in the universe, finds himself in trouble when he refuses to sell his club to lunar gangster Mogan, who just happens to be helping the mysterious Rex Crater mastermind a plan to take over the entire moon.</p>",VHS,Media > Videos,,"Comedy, Formatted, Rental, VHS",true,Genre,Comedy,,,,,,,,,0.0,shopify,1,deny,manual,0.00,,true,true,,,,,191-VHSTHE-F-001A,https://cdn.shopify.com/s/files/1/0826/6363/7242/files/0-1780178397203.jpg?v=1788284783,1,The Adventures of Pluto Nash poster,false,,,,,,,,,,,,,comedy,,,,,,,,,,,,,,,lb,,,active,barcode too long for Libib's 15-char field (17 chars)
murderers-row,Murderers' Row,<p>This vintage home video release offers a classic cinematic experience for collectors and fans of retro media. The physical tape format provides a nostalgic viewing aesthetic characterized by the unique visual texture and charm of analog technology. It is an essential addition for those seeking to complete a library of mid-century adventure and action films.</p>,VHS,Media > Videos,,"Comedy, Formatted, Issue_Rental_Or_Sale, VHS",true,Genre,Comedy,,,,,,,,,0.0,shopify,1,deny,manual,4.00,,true,true,,,,,191-VHSMUR-F-001A,https://cdn.shopify.com/s/files/1/0826/6363/7242/files/0-1780178305417.jpg?v=1788284782,1,Murderers' Row poster,false,,,,,,,,,,,,,comedy,,,,,,,,,,,,,,,lb,,,active,barcode too long for Libib's 15-char field (17 chars)
never-been-kissed,Never Been Kissed,"<p>Josie Geller, a baby-faced junior copywriter at the Chicago Sun-Times, must pose as a student at her former high school to research contemporary teenage culture. With the help of her brother, Rob, Josie infiltrates the inner circle of the most popular clique on campus. But she hits a major snag in her investigation -- not to mention her own failed love life -- when she falls for her dreamy English teacher, Sam Coulson.</p>",VHS,Media > Videos,,"Comedy, Formatted, Rental, VHS",true,Genre,Comedy,,,,,,,,,0.0,shopify,1,deny,manual,0.00,,true,true,,,,,191-VHSNEV-F-001A,https://cdn.shopify.com/s/files/1/0826/6363/7242/files/0-1780177747139_88872403-9265-4524-a411-3e429a6c9a06.jpg?v=1788284776,1,Never Been Kissed poster,false,,,,,,,,,,,,,comedy,,,,,,,,,,,,,,,lb,,,active,barcode too long for Libib's 15-char field (17 chars)
touch-and-go,Touch and Go,"<p>This vintage portable player features a built-in color screen and integrated speakers for a completely self-contained analog viewing experience. Its compact design and sturdy carrying handle make it easy to enjoy classic magnetic media tapes while traveling or relaxing at home. The intuitive tactile controls provide a nostalgic, hands-on feel for fans of retro technology and physical media collections.</p>",VHS,Media > Videos,,"Comedy, Formatted, Issue_Rental_Or_Sale, VHS",true,Genre,Comedy,,,,,,,,,0.0,shopify,1,deny,manual,7.00,,true,true,,,,,191-VHSTOU-F-001A,https://cdn.shopify.com/s/files/1/0826/6363/7242/files/0-1780176679684_ceec086d-f2d9-491d-849d-1120f67194cf.jpg?v=1788284770,1,Touch and Go poster,false,,,,,,,,,,,,,comedy,,,,,,,,,,,,,,,lb,,,active,barcode too long for Libib's 15-char field (17 chars)
open-season,OPEN SEASON,<p>Experience the thrill of the great outdoors with this immersive hunting simulation that features realistic environments and a wide variety of North American game. Players can utilize authentic gear and tracking techniques to master the wilderness across multiple challenging levels. This engaging title provides hours of entertainment for sports enthusiasts looking for a detailed and strategic outdoor adventure.</p>,VHS,Media > Videos,,"Comedy, Formatted, Rental, VHS",true,Genre,Comedy,,,,,,,,,0.0,shopify,1,deny,manual,0.00,,true,true,,,,,191-VHSOPE-G-001A,https://cdn.shopify.com/s/files/1/0826/6363/7242/files/0-1780176465245_ed0f729b-520e-4e8d-8a2e-5bfd7dc1b25b.jpg?v=1788284767,1,OPEN SEASON poster,false,,,,,,,,,,,,,comedy,,,,,,,,,,,,,,,lb,,,active,barcode too long for Libib's 15-char field (17 chars)
hey-arnold-the-movie,Hey Arnold! The Movie,"<p>Release Year: 2002<br>
Director: Tuck Tucker<br>
Classic hand-drawn animation comes to life in this feature-length adventure where a group of neighborhood friends must work together to save their community from a greedy developer. This nostalgic piece of media is perfect for fans of nineties pop culture looking to complete their physical media collection. The story delivers heartwarming lessons on teamwork and urban preservation that remain relevant for viewers of all ages.</p>",VHS,Media > Videos,,"Formatted, Issue_Rental_Or_Sale, Kids & Family, VHS",true,Genre,Kids & Family,,,,,,,,,0.0,shopify,1,deny,manual,10.00,,true,true,,,,,191-NICHEY-N-001A,https://cdn.shopify.com/s/files/1/0826/6363/7242/files/0-1779986144365_f0f2d10a-887c-47c1-a174-f91fd0bf2fa5.jpg?v=1788284766,1,Hey Arnold! The Movie poster,false,,,,,,,,,,,,,kids-family,,,,,,,,,,,,,,,lb,,,active,barcode too long for Libib's 15-char field (17 chars)
