id,item_type,title,creators,first_name,last_name,collection,ean_isbn13,upc_isbn10,description,publisher,publish_date,group,tags,notes,price,length,lexile,call_number,ddc,lcc,lccn,oclc,number_of_discs,number_of_players,age_group,ensemble,aspect_ratio,esrb,rating,review,review_date,status,began,completed,added,copies
j77352wqlq,movie,"Rudyard Kipling's The Jungle Book","Stephen Sommers",Stephen,Sommers,"Rental Library",9780788831027,786936162790,"Disney scrapped the songs and talking animals for its second version of Rudyard Kipling's classic novel, an old-fashioned boy's adventure that more resembles the classic Korda brothers' lush original than Disney's own animated musical. In this live-action version, Jason Scott Lee (the hunky star of Dragon: The Bruce Lee Story) is the grown Mowgli, a boy raised by wolves and taught the ways of the jungle by Baloo the bear and Bagheera the panther. Fascinated by Englishwoman Lena Heady, whom he spots marching through the jungle on a safari, he follows her to the city. She teaches him the ways of polite society while a greedy British soldier (a sneering Cary Elwes) plots to discover the fabled lost city, where a fabulous fortune awaits. At this point the film becomes more Tarzan than Kipling. Lee's rippling form, back in the freedom of a loin cloth, is on display running through the jungle, swinging on vines, and going mano a mano with snooty Englisher Elwes. His charm and sex appeal has made this film a favorite of many adult women, but it is a family adventure, after all, with colorful locations, grand sets, and plenty of fun-loving animal moments. Sam Neill is his usual figure of moral strength as Heady's explorer father, and John Cleese imparts a little deadpan humor as the safari's absent-minded professor. Director Stephen Sommers went on to direct the 1999 action fantasy hit The Mummy. Ages 6 and up. --Sean Axmaker","Walt Disney Video",2002-01-15,,,,,111,,,,,,,1,,,"Jason Scott Lee, Cary Elwes, Lena Headey, Sam Neill, John Cleese",2.35:1,,,,,,,,2026-05-31,1
kq71ru3ysl,movie,"A History of Violence (The Criterion Collection) [Blu-ray]",,,,"Rental Library",0715515320917,715515320917,,"The Criterion Collection",2025-10-21,,,,,96,,,,,,,1,,,"Viggo Mortensen",,,,,,,,,2026-09-13,1
0cpkzfbdcu,movie,Legend,,,,"Rental Library",,,"Set in a timeless mythical forest inhabited by fairies, goblins, unicorns and mortals, this fantastic story follows a mystical forest dweller, chosen by fate, to undertake a heroic quest. He must save the beautiful Princess Lili and defeat the demonic Lord of Darkness, or the world will be plunged into a never-ending ice age.",,,,"blu-ray, fantasy",,null,,,92029178,,,,,,,,,,,,,,,,,2026-09-14,1
4jlszbvkbx,movie,"One Battle After Another","Paul Thomas Anderson",Paul,Anderson,"Rental Library",0883929838813,883929838813,"Washed-up revolutionary Bob exists in a state of stoned paranoia, surviving off-grid with his spirited, self-reliant daughter, Willa. When his evil nemesis resurfaces after 16 years and she goes missing, the former radical scrambles to find her, father and daughter both battling the consequences of his past.","Warner Home Video",2026-01-20,,"4k, drama",,,162,,91767034,,,,,1,,,"Benicio del Toro, Leonardo DiCaprio, Regina Hall, Sean Penn, Teyana Taylor",,,,,,,,,2026-09-16,1
nxize1h41p,movie,"Rear Window",,,,"Rental Library",,,Temporary!!,,,,"4k, thriller",,null,,,91635962,,,,,,,,,,,,,,,,,2026-09-16,1
lsv8d667b9,movie,"Civil War",,,,"Rental Library",,,,,,,"4k, thriller",,null,,,91570426,,,,,,,,,,,,,,,,,2026-09-16,1
7f2ou8ohd6,movie,Cinderella,,,,"Rental Library",,,,,,,"4k, kids-family",,null,,,91308282,,,,,,,,,,,,,,,,,2026-09-16,1
u34jixwgnz,movie,Alien,,,,"Rental Library",,,,,,,"4k, sci-fi",,null,,,91177210,,,,,,,,,,,,,,,,,2026-09-16,1
2oga43ltqt,movie,"To Die For",,,,"Rental Library",,,,,,,"blu-ray, drama",,null,,,18818554,,,,,,,,,,,,,,,,,2026-09-16,1
w1e9otpisd,movie,"The Thin Blue Line",,,,"Rental Library",,,,,,,"blu-ray, documentary",,null,,,18621946,,,,,,,,,,,,,,,,,2026-09-16,1
qhft82pwe4,movie,Streetwise,,,,"Rental Library",,,,,,,"blu-ray, documentary",,null,,,18392570,,,,,,,,,,,,,,,,,2026-09-16,1
6um4rne8dt,movie,"The Last Waltz",,,,"Rental Library",,,,,,,"blu-ray, musical",,null,,,17704442,,,,,,,,,,,,,,,,,2026-09-16,1
0cprqy0dcu,movie,"Malcom X",,,,"Rental Library",,,,,,,"4k, drama",,null,,,16492026,,,,,,,,,,,,,,,,,2026-09-16,1
ywhe2ejr71,movie,"Galaxy Quest",,,,"Rental Library",,,"For four years, the courageous crew of the NSEA Protector — Commander Peter Quincy Taggart, Lieutenant Tawny Madison, and Doctor Lazarus — set off on a thrilling and often dangerous mission in space... until their series was cancelled! Now, twenty years later, aliens under attack have mistaken the Galaxy Quest television transmissions for ""historical documents"" and beam up the crew of has-been actors to save the universe. With no script, no director, and no clue, the actors must turn in the performances of their lives.",,,,"comedy, vhs",,null,,,56477434,,,,,,,,,,,,,,,,,2026-09-16,1
cnrihinmmk,movie,"Tall Tales & Legends: Annie Oakley",,,,"Rental Library",,,,,,,"drama, vhs",,null,,,20144890,,,,,,,,,,,,,,,,,2026-09-16,1
t0bpkpg93y,movie,"The Great Santini",,,,"Rental Library",,,"As he approaches manhood, Ben Meechum struggles to win the approval of his demanding alpha male father, an aggressively competitive, but frustrated marine pilot.",,,,"drama, vhs",,null,,,20046586,,,,,,,,,,,,,,,,,2026-09-16,1
3kj7z7qarj,movie,"The Kitchen Soto",,,,"Rental Library",,,,,,,"drama, vhs",,null,,,20013818,,,,,,,,,,,,,,,,,2026-09-16,1
lsv8d887b9,movie,"Far From Heaven",,,,"Rental Library",,,,,,,"drama, vhs",,null,,,19948282,,,,,,,,,,,,,,,,,2026-09-16,1
7f2ouo0hd6,movie,"The Prince of Tides",,,,"Rental Library",,,"A troubled Southern man talks to his suicidal sister's psychiatrist about their family history and falls in love with her (and New York City) in the process.",,,,"drama, vhs",,null,,,19915514,,,,,,,,,,,,,,,,,2026-09-16,1
j7s2629qlq,movie,"Gods and Monsters",,,,"Rental Library",,,"It's 1957, and James Whale's heyday as the director of ""Frankenstein,"" ""Bride of Frankenstein"" and ""The Invisible Man"" is long behind him. Retired and a semi-recluse, he lives his days accompanied only by images from his past. When his dour housekeeper, Hannah, hires a handsome young gardener, the flamboyant director and simple yard man develop an unlikely friendship, which will change them forever.",,,,"drama, vhs",,null,,,19882746,,,,,,,,,,,,,,,,,2026-09-16,1
obayjyw0an,movie,"Isn't She Great",,,,"Rental Library",,,"An unsuccessful over-the-top actress becomes a successful over-the-top authoress in this biography of Jacqueline Susann.",,,,"comedy, vhs",,null,,,19817210,,,,,,,,,,,,,,,,,2026-09-16,1
e90cack5u2,movie,"The Survivors",,,,"Rental Library",,,,,,,"comedy, vhs",,null,,,19784442,,,,,,,,,,,,,,,,,2026-09-16,1
v8u3n3x26q,movie,"Eat Drink Man Woman",,,,"Rental Library",,,"Retired and widowed Chinese master chef Chu lives in modern day Taipei, with his three attractive daughters, all of whom are unattached. Soon, each daughter encounters a new man in their lives. When these new relationships blossom, stereotypes are broken and the living situation within the family changes.",,,,"comedy, vhs",,null,,,19751674,,,,,,,,,,,,,,,,,2026-09-16,1
ftob3bye5y,movie,"God Said Ha!",,,,"Rental Library",,,"Julia Sweeney tells the viewers the monologue about the hard time in her life when her brother fought with cancer and she was also diagnosed with a rare form of cancer.",,,,"comedy, vhs",,null,,,19718906,,,,,,,,,,,,,,,,,2026-09-16,1
gakqlqebt4,movie,"The Man Who Knew Too Little",,,,"Rental Library",,,"An American gets a ticket for an audience participation game in London, then gets involved in a case of mistaken identity. As an international plot unravels around him, he thinks it's all part of the act.",,,,"comedy, vhs",,null,,,19686138,,,,,,,,,,,,,,,,,2026-09-16,1
6um4r4h8dt,movie,"Another Stakeout",,,,"Rental Library",,,"A pair of immature detectives are joined by a pesky assistant district attorney in staking out a lakeside home where an important Mafia trial witness is believed to be heading.",,,,"comedy, vhs",,null,,,19653370,,,,,,,,,,,,,,,,,2026-09-16,1
2oga4a7tqt,movie,"Oddball Hall",,,,"Rental Library",,,"Elderly jewel thieves on the run from the law pass themselves off as wizards to a village of bewildered Africans.",,,,"comedy, vhs",,null,,,19587834,,,,,,,,,,,,,,,,,2026-09-16,1
w1e9o9nisd,movie,"Me Myself I",,,,"Rental Library",,,"Pamela Drury is unhappy, and alone. On her birthday she stumbles across a photo of Robert Dickson, and wonders what would've happened had she said yes to his proposal. A freak accident causes Pamela to live out the life she could've had, but is the grass on the other side always greener?",,,,"comedy, vhs",,null,,,19522298,,,,,,,,,,,,,,,,,2026-09-16,1
qhft8tnwe4,movie,"Legal Eagles",,,,"Rental Library",,,"Assistant District Attorney Tom Logan is set for higher office, at least until he becomes involved with defence lawyer Laura Kelly and her unpredictable client Chelsea Deardon. It seems the least of Chelsea's crimes is the theft of a very valuable painting, but as the women persuade Logan to investigate further and to cut some official corners, a much more sinister scenario starts to emerge.",,,,"comedy, vhs",,null,,,19489530,,,,,,,,,,,,,,,,,2026-09-16,1
6um4r458dt,movie,"The Incredibly True Adventures of 2 Girls in Love",,,,"Rental Library",,,,,,,"comedy, vhs",,null,,,19456762,,,,,,,,,,,,,,,,,2026-09-16,1
8g3kxk2ohq,movie,"Me, Myself and Irene",,,,"Rental Library",,,"Rhode Island State Trooper Charlie Baileygates has a multiple personality disorder. One personality is crazy and aggressive, while the other is more friendly and laid back. Both of these personalities fall in love with the same woman named Irene after Charlie loses his medication.",,,,"comedy, vhs",,null,,,19423994,,,,,,,,,,,,,,,,,2026-09-16,1
xlzv9vkjps,movie,"Quigley Down Under",,,,"Rental Library",,,"American Matt Quigley answers Australian land baron Elliott Marston's ad for a sharpshooter to kill the dingoes on his property. But when Quigley finds out that Marston's real target is the aborigines, Quigley hits the road. Now, even American expatriate Crazy Cora can't keep Quigley safe in his cat-and-mouse game with the homicidal Marston.",,,,"action, vhs",,null,,,96093178,,,,,,,,,,,,,,,,,2026-09-16,1
56dmpmfv9x,movie,"Short Cuts",,,,"Rental Library",,,"Many loosely connected characters cross paths in this film, based on the stories of Raymond Carver. Waitress Doreen Piggot accidentally runs into a boy with her car. Soon after walking away, the child lapses into a coma. While at the hospital, the boy's grandfather tells his son, Howard, about his past affairs. Meanwhile, a baker starts harassing the family when they fail to pick up the boy's birthday cake.",,,,"comedy, vhs",,null,,,96060410,,,,,,,,,,,,,,,,,2026-09-16,1
4jls5snkbx,movie,"The Dunera Boys",,,,"Rental Library",,,"At the start of WWII the British Government decided to arrest all Germans in the UK no matter how long they had been there. Among those arrested were many Jewish refugees and many who were fully assimilated. This film records the story of a group who were sent to a POW camp in Australia aboard the Dunera.",,,,"drama, vhs",,null,,,96027642,,,,,,,,,,,,,,,,,2026-09-16,1
ri15t5rxoz,movie,"Smart Money",,,,"Rental Library",,,,,,,"drama, vhs",,null,,,95994874,,,,,,,,,,,,,,,,,2026-09-16,1
0cprqxudcu,movie,"The Heart of Me",,,,"Rental Library",,,"Drama set in 1930s London with two sisters, Madeleine married to Rickie, and Dinah, who falls in love with him. Rickie and Dinah begin an affair which is to have repercussions throughout all their lives.",,,,"drama, vhs",,null,,,95962106,,,,,,,,,,,,,,,,,2026-09-16,1
m4xl17p31h,movie,"Wish You Were Dead",,,,"Rental Library",,,"Two bad women fight over one man in a back-stabbing, money-grabbing, insurance-hustling, double-dealing, two-timing caper.",,,,"comedy, vhs",,null,,,95667194,,,,,,,,,,,,,,,,,2026-09-16,1
ywhe25qr71,movie,"Hope and Glory",,,,"Rental Library",,,"A middle-aged man recalls his childhood growing up in and around London during World War II.",,,,"drama, vhs",,null,,,95634426,,,,,,,,,,,,,,,,,2026-09-16,1
obayjrb0an,movie,"Mussolini and I",,,,"Rental Library",,,,,,,"drama, vhs",,null,,,95601658,,,,,,,,,,,,,,,,,2026-09-16,1
cnrihl4mmk,movie,"We're Talkin' Serious Money",,,,"Rental Library",,,"When a pair of misfits loses a New York mobster's money, they flee to Los Angeles, where a compromising video of powerful senators falls into their lap.",,,,"comedy, vhs",,null,,,95568890,,,,,,,,,,,,,,,,,2026-09-16,1
8g3kxycohq,movie,"Easy Money",,,,"Rental Library",,,,,,,"comedy, vhs",,null,,,95536122,,,,,,,,,,,,,,,,,2026-09-16,1
kq7fvelysl,movie,"Year of the Comet",,,,"Rental Library",,,"An auctioneer's daughter and a rich buyer's emissary fall for each other while trying to keep a rare wine out of the hands of evil doers.",,,,"action, vhs",,null,,,95470586,,,,,,,,,,,,,,,,,2026-09-16,1
t0bpknb93y,movie,"For Keeps",,,,"Rental Library",,,"Young high school couple Darcy Elliot and Stan Bobrucz are one year from graduation, with promising futures ahead of them. But their paths take a drastic turn when Darcy becomes pregnant. Unwilling to go through an abortion or an adoption — despite their parents' pleas — Darcy and Stan decide to sacrifice their college experiences and degrees in order to keep and raise the baby. After a quick marriage, the two realize it won't be as easy as they thought.",,,,"romantic-comedy, vhs",,null,,,95437818,,,,,,,,,,,,,,,,,2026-09-16,1
3kj7zhwarj,movie,"Extreme Days",,,,"Rental Library",,,"As four lifelong friends, Will, Bryan, Matt, and Corey, are on the road trip they've been planning their whole lives, Corey's beloved grandfather unexpectedly dies. When going to claim Corey's inheritance, the gang meets Matt's beautiful cousin Jessie and embark on a hilarious, extreme sports-filled adventure.",,,,"kids-family, vhs",,null,,,95372282,,,,,,,,,,,,,,,,,2026-09-16,1
het0gd819k,movie,"Working Girl",,,,"Rental Library",,,,,,,"comedy, vhs",,null,,,95339514,,,,,,,,,,,,,,,,,2026-09-16,1
nxizesz41p,movie,"A Fool and His Money",,,,"Rental Library",,,,,,,"romantic-comedy, vhs",,null,,,95306746,,,,,,,,,,,,,,,,,2026-09-16,1
lsv8doo7b9,movie,"Soap Dish",,,,"Rental Library",,,,,,,"comedy, vhs",,null,,,95273978,,,,,,,,,,,,,,,,,2026-09-16,1
j7s26t6qlq,movie,"Doom Runners",,,,"Rental Library",,,"In a post-apocalyptic world, a group of children move from one uncertain world to another in their quest for sanctuary.",,,,"sci-fi, vhs",,null,,,95241210,,,,,,,,,,,,,,,,,2026-09-16,1
iz5608ulqm,movie,"Pure Country",,,,"Rental Library",,,"Dusty Chandler is a super star in the country music world, but his shows have the style of a '70s rock concert. One day he takes a walk - out of his overdone concerts to find his real country roots. He's helped and hindered by friends and staff, but pushes on in his search for a real music style as well as a real romance.",,,,"drama, vhs",,null,,,95208442,,,,,,,,,,,,,,,,,2026-09-16,1
ayqhs1vpsz,movie,"He Said, She Said",,,,"Rental Library",,,"Womanising, right-wing Dan Hanson and quiet, liberal Lorie Bryer work for the Baltimore Sun. Rivals for the job of new writer of a vacant column, the paper ends up instead printing their very different opinions alongside each other, which leads to a similarly combative local TV show. At the same time their initial indifference to each other looks like it may evolve into something more romantic.",,,,"romantic-comedy, vhs",,null,,,95175674,,,,,,,,,,,,,,,,,2026-09-16,1
e90camy5u2,movie,"The Bridges of Medison County",,,,"Rental Library",,,,,,,"drama, vhs",,null,,,95110138,,,,,,,,,,,,,,,,,2026-09-16,1
v8u3naj26q,movie,"Eight Days a Week",,,,"Rental Library",,,"Peter loves his next door neighbour Erica and, on the advice of his grandfather, decides to camp out on her front lawn for the entire summer, or until she agrees to go out with him. His father is none too happy about the idea and refuses to let his son back in the house, even to get a change of clothes.",,,,"comedy, vhs",,null,,,95077370,,,,,,,,,,,,,,,,,2026-09-16,1
ftob3cre5y,movie,Solo,,,,"Rental Library",,,"An android fighting-machine is charged with destroying a small brigade of rebels in a Latin American war who are fighting to maintain their freedom and protect their village. Contrary to his programming, Peebles decides to stay and assist the rebels in their plight. Having gained this information, his ""creators"" develop a more powerful android to try and defeat him.",,,,"action, vhs",,null,,,95044602,,,,,,,,,,,,,,,,,2026-09-16,1
gakqlw5bt4,movie,"Redwood Curtain",,,,"Rental Library",,,"Geri Riordan is adopted, half-Vietnamese, eighteen, and a piano prodigy. She also feels as if she doesn't know who she really is, and when her adopted father dies, she begins to search for her biological father.",,,,"drama, vhs",,null,,,95011834,,,,,,,,,,,,,,,,,2026-09-16,1
6um4rk18dt,movie,"Murphy's Fault",,,,"Rental Library",,,,,,,"comedy, vhs",,null,,,94979066,,,,,,,,,,,,,,,,,2026-09-16,1
dmnxwj5u84,movie,"Educating Rita",,,,"Rental Library",,,"Rita, a witty 26-year-old hairdresser, wants to 'discover' herself, so she joins the Open University where she meets the disillusioned professor of literature, Dr. Frank Bryant. His marriage has failed, his new girlfriend is having an affair with his best friend and he can't get through the day without downing a bottle or two of whisky. What Frank needs is a challenge... and along comes Rita.",,,,"romantic-comedy, vhs",,null,,,35931130,,,,,,,,,,,,,,,,,2026-09-16,1
2oga4phtqt,movie,"Ed's Next Move",,,,"Rental Library",,,"Ed lives in Wisconsin. He's just been dumped by his girlfriend, so he moves to New York City for a big change...but will he ever find love again? He loves his new job studying the genetics of different strains of rice. Then Ed meets Lee, a quirky singer. She's just what Ed thinks he's looking for, and she's available...or is she?",,,,"romantic-comedy, vhs",,null,,,35865594,,,,,,,,,,,,,,,,,2026-09-16,1
w1e9o64isd,movie,"A Saintly Switch",,,,"Rental Library",,,"The story is about a married couple with children on the verge of divorce. Their imminent divorce, like many, is due to their mutual lack of respect and compassion for each other and the effect it has on their children. When the family makes a traumatic move to New Orleans they move into an old, Victorian home. There, in the attic, the children think they have found the ""magic"" to solve their parent's problems. The children accidentally manage to switch the souls of their parents. Now the wife must face the perils of the lockeroom and pressures as family breadwinner and the husband must face pregnancy and bond with his children. Newfound respect and appreciation is gained as the couple finally find out what it's like to walk in the other person's shoes.",,,,"comedy, vhs",,null,,,35832826,,,,,,,,,,,,,,,,,2026-09-16,1
qhft894we4,movie,"Soldier's Fortune",,,,"Rental Library",,,,,,,"action, vhs",,null,,,35800058,,,,,,,,,,,,,,,,,2026-09-16,1
bpyw7iocho,movie,"The Edge",,,,"Rental Library",,,"The plane carrying wealthy Charles Morse crashes down in the Alaskan wilderness. Together with the two other passengers, photographer Robert and assistant Stephen, Charles devises a plan to help them reach civilization. However, his biggest obstacle might not be the elements, or even the Kodiak bear stalking them -- it could be Robert, whom Charles suspects is having an affair with his wife and would not mind seeing him dead.",,,,"action, vhs",,null,,,35734522,,,,,,,,,,,,,,,,,2026-09-16,1
6um4rkv8dt,movie,"Sleeping Beauty (1989)",,,,"Rental Library",,,,,,,"kids-family, vhs",,null,,,35701754,,,,,,,,,,,,,,,,,2026-09-16,1
xlzv92yjps,movie,"Soldier of Fortune Inc.",,,,"Rental Library",,,"An elite team of ex-military operatives perform black ops missions for the US government.",,,,"action, vhs",,null,,,35636218,,,,,,,,,,,,,,,,,2026-09-16,1
4jls5f4kbx,movie,DragonFight,,,,"Rental Library",,,,,,,"action, vhs",,null,,,35570682,,,,,,,,,,,,,,,,,2026-09-16,1
ri15t2jxoz,movie,"The Train Robbers",,,,"Rental Library",,,"A gunhand named Lane is hired by a widow, Mrs. Lowe, to find gold stolen by her deceased husband so that she may return it and clear the family name.",,,,"action, vhs",,null,,,35537914,,,,,,,,,,,,,,,,,2026-09-16,1
0cprqjgdcu,movie,"Son of the Pink Panther",,,,"Rental Library",,,"The illegitimate son of Inspector Clouseau is on the case of the kidnapped Princess Yasmin.",,,,"comedy, vhs",,null,,,35472378,,,,,,,,,,,,,,,,,2026-09-16,1
m4xl1hn31h,movie,Dutch,,,,"Rental Library",,,"To get to know his girlfriend's son, a man volunteers to pick him up from a prep school... only to learn that her son's not the nicest kid.",,,,"comedy, vhs",,null,,,35439610,,,,,,,,,,,,,,,,,2026-09-16,1
ywhe2vwr71,movie,"Father's Day",,,,"Rental Library",,,"Teenager Philip has a day out with his father, whom he has not seen since he was two years old. His mother is not keen to hand her son over to the man who deserted them.",,,,"comedy, vhs",,null,,,35406842,,,,,,,,,,,,,,,,,2026-09-16,1
obayjxc0an,movie,"The Fear Inside",,,,"Rental Library",,,"An agoraphobic children's book illustrator is trapped inside her home by two young psychos-in-love, who terrorize her. It is only when her young son is threatened that she manages to overcome her paralyzing fears and attempt to leave her home to save him...",,,,"thriller, vhs",,null,,,35341306,,,,,,,,,,,,,,,,,2026-09-16,1
cnrih7kmmk,movie,Salvador,,,,"Rental Library",,,,,,,"drama, vhs",,null,,,35308538,,,,,,,,,,,,,,,,,2026-09-16,1
8g3kxrmohq,movie,"Dying to Get Rich",,,,"Rental Library",,,,,,,"comedy, vhs",,null,,,35275770,,,,,,,,,,,,,,,,,2026-09-16,1
kq7fv57ysl,movie,"Sleeping with the Enemy",,,,"Rental Library",,,"A young woman fakes her own death in an attempt to escape her nightmarish marriage, but discovers it is impossible to elude her controlling husband.",,,,"thriller, vhs",,null,,,35243002,,,,,,,,,,,,,,,,,2026-09-16,1
obayiyx0an,movie,Eddington,"Ari Aster",Ari,Aster,"Rental Library",0810180991698,810180991698,"In May of 2020, a standoff between a small-town sheriff and mayor sparks a powder keg as neighbor is pitted against neighbor in Eddington, New Mexico.","Distribution Solutions",2025-10-07,,"blu-ray, drama",,,148,,92127482,,,,,1,,,"Deirdre O’Connell, Joaquin Phoenix, Luke Grimes, Pedro Pascal",,,,,,,,,2026-09-16,1
ri15854xoz,movie,Spawn,"Mark A.Z. Dippé",Mark,Dippé,"Rental Library",0760137185536,,"After being murdered by corrupt colleagues in a covert government agency, Al Simmons makes a pact with the devil to be resurrected to see his beloved wife Wanda. In exchange for his return to Earth, Simmons agrees to lead Hell's Army in the destruction of mankind.","Arrow Video",2025-10-07,,"4k, action",,,98,,91963642,,,,,,,,"D.B. Sweeney, Frank Welker, John Cothran, John Leguizamo",,,,,,,,,2026-09-16,1
v8u3yay26q,movie,Rope,"Alfred Hitchcock",Alfred,Hitchcock,"Rental Library",0191329241080,191329241080,"Two young men attempt to prove they committed the perfect murder by hosting a dinner party for the family of a classmate they just strangled to death.","Universal Pictures Home Entertainment",2023-10-31,,"4k, thriller",,,81,,91898106,,,,,2,,,"James Stewart, Farley Granger, Sir Cedric Hardwicke, Constance Collier, Joan Chandler",,,,,,,,,2026-09-16,1
gakq1wsbt4,movie,"Super Mario Bros Movie","Aaron Horvath",Aaron,Horvath,"Rental Library",0191329241516,191329241516,"While working underground to fix a water main, Brooklyn plumbers—and brothers—Mario and Luigi are transported down a mysterious pipe and wander into a magical new world. But when the brothers are separated, Mario embarks on an epic quest to find Luigi.","Studio Distribution Services",2023-06-13,,"4k, kids-family",,,,,91832570,,,,,,,,"Chris Pratt, Anna Taylor-Joy, Charlie Day",,,,,,,,,2026-09-16,1
qhftd9awe4,movie,Oppenheimer,"Christopher Nolan",Christopher,Nolan,"Rental Library",0191329253120,191329253120,"The story of J. Robert Oppenheimer's role in the development of the atomic bomb during World War II.","Universal Pictures Home Entertainment",2023-11-21,,"4k, drama",,,181,,91701498,,,,,3,,,"Cillian Murphy, Emily Blunt, Matt Damon, Rami Malek, Kenneth Branagh",,,,,,,,,2026-09-16,1
6um4qkf8dt,movie,Jaws,,,,"Rental Library",0191329134795,191329134795,"When the seaside community of Amity finds itself under attack by a dangerous great white shark, the town's chief of police, a young marine biologist, and a grizzled shark hunter embark on a desperate quest to kill the beast before it strikes again.",,,,"4k, horror",,,,,91504890,,,,,,,,,,,,,,,,,2026-09-16,1
56dmk3zv9x,movie,"Lawrence of Arabia","David Lean",David,Lean,"Rental Library",0043396646827,043396646827,"During World War I, English officer Thomas Edward 'T.E.' Lawrence sets out to unite and lead the diverse, often warring, Arab tribes to fight the Turks.","Sony Pictures Home Entertainment",2026-02-10,,"4k, drama",,,227,,91439354,,,,,4,,,"Alec Guinness, Anthony Quinn, Jack Hawkins, Omar Sharif, Peter O'Toole",2.20:1,,,,,,,,2026-09-16,1
m4xlf7m31h,movie,1917,"Sam Mendes",Sam,Mendes,"Rental Library",0191329125670,191329125670,"At the height of the First World War, two young British soldiers must cross enemy territory and deliver a message that will stop a deadly attack on hundreds of soldiers.","Universal Pictures Home Entertainment",2020-03-24,,"4k, action",,,119,,91373818,,,,,2,,,"George MacKay, Dean-Charles Chapman, Mark Strong, Andrew Scott, Richard Madden",2.39:1,,,,,,,,2026-09-16,1
obayixu0an,movie,"The Big Lebowski","Joel Coen",Joel,Coen,"Rental Library",0191329072837,191329072837,"Jeffrey 'The Dude' Lebowski, a Los Angeles slacker who only wants to bowl and drink White Russians, is mistaken for another Jeffrey Lebowski, a wheelchair-bound millionaire, and finds himself dragged into a strange series of events involving nihilists, adult film producers, ferrets, errant toes, and large sums of money.","Universal Pictures Home Entertainment",2018-10-16,,"4k, comedy",,,119,,91242746,,,,,2,,,"Jeff Bridges, John Goodman, Julianne Moore, Steve Buscemi, David Huddleston",1.85:1,,,,,,,,2026-09-16,1
kq7f95wysl,movie,Heat,"Michael Mann",Michael,Mann,"Rental Library",0786936889246,786936889246,"Obsessive master thief Neil McCauley leads a top-notch crew on various daring heists throughout Los Angeles while determined detective Vincent Hanna pursues him without rest. Each man recognizes and respects the ability and the dedication of the other even though they are aware their cat-and-mouse game may end in violence.","20TH CENTURY STUDIOS",2022-08-09,,"4k, action",,,170,,91111674,,,,,3,,,"Al Pacino, Robert De Niro, Val Kilmer, Jon Voight, Ashley Judd",2.40:1,,,,,,,,2026-09-16,1
3kj7e1jarj,movie,"Inglorious Basterds","Quentin Tarantino",Quentin,Tarantino,"Rental Library",0191329106921,191329106921,"In Nazi-occupied France during World War II, a group of Jewish-American soldiers known as ""The Basterds"" are chosen specifically to spread fear throughout the Third Reich by scalping and brutally killing Nazis. The Basterds, lead by Lt. Aldo Raine soon cross paths with a French-Jewish teenage girl who runs a movie theater in Paris which is targeted by the soldiers.","Universal Pictures Home Entertainment",2021-10-12,,"4k, action",,,153,,91046138,,,,,2,,,"Brad Pitt, Melanie Laurent, Christoph Waltz, Michael Fassbender, Eli Roth",,,,,,,,,2026-09-16,1
lsv8b067b9,movie,Zodiac,,,,"Rental Library",0191329267462,191329267462,"Over the course of a decade, editors of the San Francisco Chronicle entice themselves in the murders of the Zodiac Killer. However, as time runs its course, interest in the case dwindles in the eyes of the professionals. The Killer stops interacting with the public. However, believing he has the answers, an amateur cartoonist from the initial sightings races against time to prevent what he believes is another murder.",PARAMOUNT,2024-10-29,,"4k, thriller",,,157,,90947834,,,,,3,,,"Mark Ruffalo, Jake Gyllenhaal, Robert Downey Jr, Anthony Edwards, Brian Cox",,,,,,,,,2026-09-16,1
8g3kwrvohq,movie,Prometheus,"Ridley Scott",Ridley,Scott,"Rental Library",0024543353324,024543353324,"A team of explorers discover a clue to the origins of mankind on Earth, leading them on a journey to the darkest corners of the universe. There, they must fight a terrifying battle to save the future of the human race.","20th Century Fox",2019-04-02,,"4k, sci-fi",,,124,,90849530,,,,,2,,,"Noomi Rapace, Michael Fassbender, Guy Pearce, Idris Elba, Logan Marshall-Green",,,,,,,,,2026-09-16,1
56dmkasv9x,movie,Sorcerer,,,,"Rental Library",0715515314619,715515314619,"Four men from different parts of the globe, all hiding from their pasts in the same remote South American town, agree to risk their lives transporting several cases of dynamite (which is so old that it is dripping unstable nitroglycerin) across dangerous jungle terrain.","The Criterion Collection",2025-06-24,,"4k, thriller",,,121,,90783994,,,,,3,,,"William Friedkin, Roy Scheider",,,,,,,,,2026-09-16,1
m4xlf1a31h,movie,Parasite,"Joon Ho Bong",Joon,Bong,"Rental Library",0191329123386,191329123386,"All unemployed, Ki-taek's family takes peculiar interest in the wealthy and glamorous Parks for their livelihood until they get entangled in an unexpected incident.","Universal Pictures Home Entertainment",2020-01-28,,"blu-ray, thriller",,,132,,90718458,,,,,1,,,"Kang Ho Song, Sun Kyun Lee, Yeo Jeong Cho, Woo Shik Choi, So Dam Park",2.39:1,,,,,,,,2026-09-16,1
obayijg0an,movie,"A History of Violence",,,,"Rental Library",0065935841418,065935841418,"An average family is thrust into the spotlight after the father commits a seemingly self-defense murder at his diner.",,,,"action, blu-ray",,,,,19113466,,,,,1,,,,,,,,,,,,2026-09-16,1
prw1vfwno7,movie,"Blow Out","Brian de Palma",Brian,Palma,"Rental Library",0715515080019,715515080019,"While recording sound effects for a slasher flick, Jack Terry stumbles upon a real-life horror: a car careening off a bridge and into a river. Jack jumps into the water and fishes out Sally from the car, but the other passenger is already dead — a governor intending to run for president. As Jack does some investigating of his tapes, and starts a perilous romance with Sally, he enters a tangled web of conspiracy that might leave him dead.","Criterion Collection",2011-04-26,,"blu-ray, thriller",,,108,,18916858,,,,,1,,,"John Travolta, Nancy Allen, John Lithgow, Dennis Franz, Peter Boyden",,,,,,,,,2026-09-16,1
lsv8bd87b9,movie,"Paris, Texas",,,,"Rental Library",0715515052313,715515052313,"A man wanders out of the desert not knowing who he is. His brother finds him, and helps to pull his memory back of the life he led before he walked out on his family and disappeared four years earlier.",,,,"blu-ray, drama",,,,,18261498,,,,,,,,,,,,,,,,,2026-09-16,1
j7s2069qlq,movie,"No Country for Old Men",,,,"Rental Library",0031398134848,031398134848,"Llewelyn Moss stumbles upon dead bodies, $2 million and a hoard of heroin in a Texas desert, but methodical killer Anton Chigurh comes looking for it, with local sheriff Ed Tom Bell hot on his trail. The roles of prey and predator blur as the violent pursuit of money and justice collide.",,,,"blu-ray, drama",,,,,18032122,,,,,,,,,,,,,,,,,2026-09-16,1
e90c4ak5u2,movie,"Altered States",,,,"Rental Library",0715515321211,715515321211,"A research scientist explores the boundaries and frontiers of human consciousness. Using sensory deprivation and hallucinogenic mixtures from Native American shamans, he explores these altered states of cognizance and finds that memory, time, and reality itself are states of mind.","The Criterion Collection",2025-10-21,,"blu-ray, drama",,,103,,17442298,,,,,1,,,"Ken Russell",,,,,,,,,2026-09-16,1
ftobn3ye5y,movie,"Eyes Wide Shut",,,,"Rental Library",0085391156871,085391156871,"After Dr. Bill Harford's wife, Alice, admits to having sexual fantasies about a man she met, Bill becomes obsessed with having a sexual encounter. He discovers an underground sexual group and attends one of their meetings -- and quickly discovers that he is in over his head.","WARNER HOME VIDEO",,,"blu-ray, drama",,,,,17016314,,,,,,,,,,,,,,,,,2026-09-16,1
2ogar47tqt,movie,"Amores Perros","Alejandro Gonzalez Inarritu",Alejandro,Inarritu,"Rental Library",0715515253413,715515253413,"A fatalistic car crash in Mexico city sets off a chain of events in the lives of three people: a supermodel, a young man wanting to run off with his sister-in-law, and a homeless man.","The Criterion Collection",2020-12-15,,"blu-ray, drama",,,,,16852474,,,,,1,,,"Emilio Echevarria, Gael Garcia Bernal, Goya Toledo, Alvaro Guerrero, Vanessa Bauche",,,,,,,,,2026-09-16,1
bpywz78cho,movie,"Snakes on a Plane","David R. Ellis",David,Ellis,"Rental Library",0794043105487,794043105487,"FBI agent Neville Flynn boards a flight from Honolulu, Hawaii to Los Angeles, escorting a key witness to testify against a mob boss at an upcoming trial. An on-board assassin releases a crate full of hundreds of deadly venomous snakes in an attempt to eliminate the witness. Flynn and a host of frightened passengers and crew must band together to survive the slithery threat.","Studio Distribution Services",2008-01-08,,"action, dvd",,,106,,41829626,,,,,1,,,"Samuel L. Jackson, Julianna Margulies, Nathan Phillips, Bobby Cannavale, Flex Alexander",2.35:1,,,,,,,,2026-09-16,1
ayqh5fvpsz,movie,"The Departed","Martin Scorsese",Martin,Scorsese,"Rental Library",0012569736740,012569736740,"To take down South Boston's Irish Mafia, the police send in one of their own to infiltrate the underworld, not realizing the syndicate has done likewise. While an undercover cop curries favor with the mob kingpin, a career criminal rises through the police ranks. But both sides soon discover there's a mole among them.","Warner Home Video",2008-01-08,,"drama, dvd",,,151,,41731322,,,,,1,,,"Leonardo Dicaprio, Matt Damon, Jack Nicholson, Mark Wahlberg, Martin Sheen",2.40:1,,,,,,,,2026-09-16,1
ftobnare5y,movie,"Eagle vs Shark","Taika Waititi",Taika,Waititi,"Rental Library",0786936741117,786936741117,"Love blossoms for Lily over double Meaty Boy burgers at mid-day when uber-computer nerd Jarrod comes in and leaves with free extra large fries. After gatecrashing Jarrod's party and proving her skills on the game console, Lily goes down to Jarrod's home town with him so he can settle an old score with a past school bully.",Miramax,2008-01-08,,"comedy, dvd",,,88,,41698554,,,,,1,,,"Taika Waititi, Joel Tobeck, Loren Horsley, Jemaine Clement, David Fane",1.85:1,,,,,,,,2026-09-16,1
6um4qx18dt,movie,Inception,"Christopher Nolan",Christopher,Nolan,"Rental Library",0883929106127,883929106127,"Cobb, a skilled thief who commits corporate espionage by infiltrating the subconscious of his targets is offered a chance to regain his old life as payment for a task considered to be impossible: ""inception"", the implantation of another person's idea into a target's subconscious.",WarnerBrothers,2010-12-07,,"dvd, sci-fi",,,148,,41600250,,,,,1,,,"Leonardo DiCaprio, Ken Watanabe, Joseph Gordon-Levitt, Marion Cotillard, Ellen Page",2.40:1,,,,,,,,2026-09-16,1
w1e9u04isd,movie,"Baby Driver","Edgar Wright",Edgar,Wright,"Rental Library",0043396488281,43396488281,"After being coerced into working for a crime boss, a young getaway driver finds himself taking part in a heist doomed to fail.","Sony Pictures Home Entertainment",2017-10-10,,"action, dvd",,,113,,41436410,,,,,1,,,"Ansel Elgort, Kevin Spacey, Lily James, Jon Bernthal, Jon Hamm",,,,,,,,,2026-09-16,1
obayiwc0an,movie,"Star Trek","J.J. Abrams",J.J.,Abrams,"Rental Library",0097363485049,097363485049,"The fate of the galaxy rests in the hands of bitter rivals. One, James Kirk, is a delinquent, thrill-seeking Iowa farm boy. The other, Spock, a Vulcan, was raised in a logic-based society that rejects all emotion. As fiery instinct clashes with calm reason, their unlikely but powerful partnership is the only thing capable of leading their crew through unimaginable danger, boldly going where no one has gone before. The human adventure has begun again.",Paramount,2009-11-17,,"dvd, sci-fi",,,127,,41338106,,,,,1,,,"Chris Pine, Zachary Quinto, Karl Urban, Zoe Saldana, Simon Pegg",2.35:1,,,,,,,,2026-09-16,1
8g3kwqmohq,movie,Valkyrie,"Bryan Singer",Bryan,Singer,"Rental Library",0840418301999,840418301999,"Wounded in Africa during World War II, Nazi Col. Claus von Stauffenberg returns to his native Germany and joins the Resistance in a daring plan to create a shadow government and assassinate Adolf Hitler. When events unfold so that he becomes a central player, he finds himself tasked with both leading the coup and personally killing the Führer.",MGM,2025-01-28,,"action, dvd",,,120,,41108730,,,,,,,,"Tom Cruise, Kenneth Branagh, B",,,,,,,,,2026-09-16,1
t0bpxrc93y,movie,"Crazy Stupid Love","Glenn Ficarra, John Requa",Glenn,Ficarra,"Rental Library",0883929192687,883929192687,"Cal Weaver is living the American dream. He has a good job, a beautiful house, great children and a beautiful wife, named Emily. Cal's seemingly perfect life unravels, however, when he learns that Emily has been unfaithful and wants a divorce. Over 40 and suddenly single, Cal is adrift in the fickle world of dating. Enter, Jacob Palmer, a self-styled player who takes Cal under his wing and teaches him how to be a hit with the ladies.","Warner Brothers",2011-11-01,,"dvd, romantic-comedy",,,,,41075962,,,,,1,,,"Steve Carell, Julianne Moore, Marisa Tomei, Ryan Gosling, Emma Stone",,,,,,,,,2026-09-16,1
het0mco19k,movie,"Across the Universe","Julie Taymor",Julie,Taymor,"Rental Library",0043396194625,043396194625,"When young dockworker Jude leaves Liverpool to find his estranged father in the United States, he is swept up by the waves of change that are re-shaping the nation. Jude falls in love with Lucy, who joins the growing anti-war movement. As the body count in Vietnam rises, political tensions at home spiral out of control and the star-crossed lovers find themselves in a psychedelic world gone mad.","Sony Pictures Home Entertainment",2008-02-05,,"dvd, musical",,,133,,41043194,,,,,2,,,"Evan Rachel Wood, Jim Sturgess, Joe Anderson (VI), Dana Fuchs, Martin Luther (II)",2.40:1,,,,,,,,2026-09-16,1
7f2ocbuhd6,movie,"Brokedown Palace","Jonathan Kaplan",Jonathan,Kaplan,"Rental Library",13132437194,013132437194,"Best friends Alice and Darlene take a trip to Thailand after graduating high school. In Thailand, they meet a captivating Australian man, who calls himself Nick Parks. Darlene is particularly smitten with Nick and convinces Alice to take Nick up on his offer to treat the two of them to what amounts to a day trip to Hong Kong. In the airport, the girls are seized by the police and shocked to discover that one of their bags contains heroin.","ANCHOR BAY",2012-04-10,,"dvd, thriller",,,100,,40977658,,,,,1,,,"Claire Danes, Kate Beckinsale, Bill Pullman",1.85:1,,,,,,,,2026-09-16,1
u34jh77gnz,movie,"Requiem for a Dream","Darren Aronofsky",Darren,Aronofsky,"Rental Library",0012236118152,012236118152,"The drug-induced utopias of four Coney Island residents are shattered when their addictions run deep.",Artisan,2001-05-22,,"drama, dvd",,,102,,40879354,,,,,1,,,"Ellen Burstyn, Jennifer Connelly, Sean Gullette, Jared Leto, Christopher McDonald",1.85:1,,,,,,,,2026-09-16,1
ayqh5e2psz,movie,"Dear Frankie","Shona Auerbach",Shona,Auerbach,"Rental Library",0786936270938,786936270938,"Nine-year-old Frankie and his single mum Lizzie have been on the move ever since Frankie can remember, most recently arriving in a seaside Scottish town. Wanting to protect her deaf son from the truth that they've run away from his father, Lizzie has invented a story that he is away at sea on the HMS Accra. Every few weeks, Lizzie writes Frankie a make-believe letter from his father, telling of his adventures in exotic lands. As Frankie tracks the ship's progress around the globe, he discovers that it is due to dock in his hometown. With the real HMS Accra arriving in only a fortnight, Lizzie must choose between telling Frankie the truth or finding the perfect stranger to play Frankie's father for just one day...",LIONSGATE,2012-01-06,,"drama, dvd",,,105,,40584442,,,,,1,,,"Emily Mortimer, Gerard Butler, Sharon Small, Jack McElhone",1.33:1,,,,,,,,2026-09-16,1
dmnx7lvu84,movie,"Harry Potter and the Half-Blood Prince","David Yates",David,Yates,"Rental Library",0085391200413,085391200413,"Dumbledore tries to prepare Harry for the final battle with Voldemort while Death Eaters wreak havoc in both Muggle and Wizard worlds.",WarnerBrothers,2012-10-02,,"blu-ray, fantasy",,,135,,94742010,,,,,1,,,"Daniel Radcliffe, Rupert Grint, Emma Watson, Jim Broadbent, Elarica Gallacher",2.35:1,,,,,,,,2026-09-16,1
qhftd0kwe4,movie,"Mystic River","Clint Eastwood",Clint,Eastwood,"Rental Library",0883929096237,883929096237,"The lives of three men who were childhood friends are shattered when one of them suffers a family tragedy.",,,,"blu-ray, drama",,,,,94709242,,,,,1,,,"Sean Penn, Tim Robbins, Kevin Bacon",2.40:1,,,,,,,,2026-09-16,1
6um4qj28dt,movie,"The Guilt Trip","Anne Fletcher",Anne,Fletcher,"Rental Library",0032429129383,032429129383,"An inventor and his mom hit the road together so he can sell his latest invention.",Paramount,2013-04-30,,"blu-ray, comedy",,,112,,94643706,,,,,2,,,"Barbra Streisand, Seth Rogen, Brett Cullen, Nora Dunn, Ari Graynor",1.85:1,,,,,,,,2026-09-16,1
4jlsttykbx,movie,"Lord of the RIngs Fellowship of the Ring",Various,Various,Various,"Rental Library",0794043167621,794043167621,"Young hobbit Frodo Baggins, after inheriting a mysterious ring from his uncle Bilbo, must leave his home in order to keep it from falling into the hands of its evil creator. Along the way, a fellowship is formed to protect the ringbearer and make sure that the ring arrives at its final destination: Mt. Doom, the only place where it can be destroyed.","Studio Distribution Services",2013-05-07,,"blu-ray, fantasy",,,178,,94184954,,,,,2,,,Various,,,,,,,,,2026-09-16,1
qhftddywe4,movie,"The Dark Knight","Christopher Nolan",Christopher,Nolan,"Rental Library",0085391176572,085391176572,"Batman raises the stakes in his war on crime. With the help of Lt. Jim Gordon and District Attorney Harvey Dent, Batman sets out to dismantle the remaining criminal organizations that plague the streets. The partnership proves to be effective, but they soon find themselves prey to a reign of chaos unleashed by a rising criminal mastermind known to the terrified citizens of Gotham as the Joker.","Warner Home Video",2008-12-09,,"action, blu-ray",,,152,,49303802,,,,,2,,,"Christian Bale, Heath Ledger, Maggie Gyllenhaal, Aaron Eckhart, Michael Caine",2.40:1,,,,,,,,2026-09-16,1
obayil30an,movie,"San Andreas","Brad Peyton",Brad,Peyton,"Rental Library",0794043179129,794043179129,"In the aftermath of a massive earthquake in California, a rescue-chopper pilot makes a dangerous journey across the state in order to rescue his estranged daughter.",WarnerBrothers,2015-10-13,,"action, blu-ray",,,114,,48779514,,,,,2,,,"Dwayne \The Rock\ Johnson, Carla Gugino, Alexandra Daddario, Ioan Gruffudd, Archie Panjabi",,,,,,,,,2026-09-16,1
prw1v2hno7,movie,Skyfall,Various,Various,Various,"Rental Library",0883904334217,883904334217,"When Bond's latest assignment goes gravely wrong, agents around the world are exposed and MI6 headquarters is attacked. While M faces challenges to her authority and position from Gareth Mallory, the new Chairman of the Intelligence and Security Committee, it's up to Bond, aided only by field agent Eve, to locate the mastermind behind the attack.",WarnerBrothers,2020-07-06,,"action, blu-ray",,,143,,30093818,,,,,1,,,Various,,,,,,,,,2026-09-16,1
nxiz2te41p,movie,"Spy Kids 3 Game Over","Rodriguez, Robert",Rodriguez,Rodriguez,"Rental Library",0031398134473,031398134473,"Carmen's caught in a virtual reality game designed by the Kids' new nemesis, the Toymaker. It's up to Juni to save his sister, and ultimately the world.",Lionsgate,2011-08-02,,"blu-ray, kids-family",,,84,,29962746,,,,,1,,,"Vega, Alexa, Sabara, Daryl, Stallone, Sylvester, Banderas, Antonio, Hayek, Salma",1.85:1,,,,,,,,2026-09-16,1
7f2ocmbhd6,movie,"Love Actually","Richard Curtis",Richard,Curtis,"Rental Library",0191329142257,191329142257,"Eight very different couples deal with their love lives in various loosely interrelated tales all set during a frantic month before Christmas in London.","Universal Pictures Home Entertainment",2020-06-02,,"blu-ray, holiday",,,135,,29143546,,,,,1,,,"Hugh Grant, Liam Neeson, Colin Firth, Laura Linney, Emma Thompson",2.35:1,,,,,,,,2026-09-16,1
u34jh11gnz,movie,Elf,"Jon Favreau",Jon,Favreau,"Rental Library",0794043123467,794043123467,"When young Buddy falls into Santa's gift sack on Christmas Eve, he's transported back to the North Pole and raised as a toy-making elf by Santa's helpers. But as he grows into adulthood, he can't shake the nagging feeling that he doesn't belong. Buddy vows to visit Manhattan and find his real dad, a workaholic.","Studio Distribution Services",2008-10-28,,"blu-ray, holiday",,,95,,29045242,,,,,1,,,"Will Ferrell, James Caan, Zooey Deschanel, Mary Steenburgen, Edward Asner",1.85:1,,,,,,,,2026-09-16,1
ayqh5v9psz,movie,"Transformers Dark of the Moon",,,,"Rental Library",0032429273178,032429273178,"The Autobots continue to work for NEST, now no longer in secret. But after discovering a strange artifact during a mission in Chernobyl, it becomes apparent to Optimus Prime that the United States government has been less than forthright with them.",Paramount,2017-06-11,,"blu-ray, sci-fi",,,,,29012474,,,,,1,,,,,,,,,,,,2026-09-16,1
ftobn4qe5y,movie,Hitch,,,,"Rental Library",0043396150218,043396150218,"Dating coach Alex 'Hitch' Hitchens mentors a bumbling client, Albert, who hopes to win the heart of the glamorous Allegra Cole. While Albert makes progress, Hitch faces his own romantic setbacks when proven techniques fail to work on Sara Melas, a tabloid reporter digging for dirt on Allegra Cole's love life. When Sara discovers Hitch's connection to Albert – now Allegra's boyfriend – it threatens to destroy both relationships.",,,,"blu-ray, comedy",,,,,28717562,,,,,,,,,,,,,,,,,2026-09-16,1
2ogarxstqt,movie,"Nowhere Boy","Sam Taylor Wood",Sam,Wood,"Rental Library",0043396354029,043396354029,"A rebellious teenager, future Beatle John Lennon lives with his Aunt Mimi in working-class mid-1950s Liverpool, England. Mimi's husband suddenly dies, and John spies his mother Julia at the funeral. Despite Mimi's misgivings, John intends to have a real relationship with his mother. Julia introduces him to popular music and the banjo and, though a family conflict looms, young John is inspired to form his own band.","Sony/The Weinstein Company",2011-01-25,,"blu-ray, drama",,,99,,28684794,,,,,1,,,"Aaron Johnson, Kristin Scott Thomas",2.35:1,,,,,,,,2026-09-16,1
ayqh526psz,movie,"X-Men First Class","Matthew Vaughn",Matthew,Vaughn,"Rental Library",0024543271840,024543271840,"Before Charles Xavier and Erik Lensherr took the names Professor X and Magneto, they were two young men discovering their powers for the first time. Before they were arch-enemies, they were closest of friends, working together with other mutants (some familiar, some new), to stop the greatest threat the world has ever known.","20TH CENTURY FOX",2016-04-19,,"action, blu-ray",,,131,,28652026,,,,,1,,,"James McAvoy, Michael Fassbender, Kevin Bacon, Rose Byrne, Jennifer Lawrence",2.35:1,,,,,,,,2026-09-16,1
v8u3yxl26q,movie,"Gnomeo & Juliet","Kelly Asbury",Kelly,Asbury,"Rental Library",0786936812657,786936812657,"A version of Shakespeare's play, set in the world of warring indoor and outdoor gnomes. Garden gnomes Gnomeo and Juliet have as many obstacles to overcome as their quasi namesakes when they are caught up in a feud between neighbors. But with plastic pink flamingos and lawnmower races in the mix, can this young couple find lasting happiness?",Touchstone,2011-05-24,,"blu-ray, kids-family",,,84,,28619258,,,,,2,,,"James McAvoy, Emily Blunt",1.85:1,,,,,,,,2026-09-16,1
het0mpg19k,movie,"Jack Reacher","Christopher McQuarrie",Christopher,McQuarrie,"Rental Library",0032429129161,032429129161,"One morning in an ordinary town, five people are shot dead in a seemingly random attack. All evidence points to a single suspect: an ex-military sniper who is quickly brought into custody. The interrogation yields one written note: 'Get Jack Reacher!'. Reacher, an enigmatic ex-Army investigator, believes the authorities have the right man but agrees to help the sniper's defense attorney. However, the more Reacher delves into the case, the less clear-cut it appears. So begins an extraordinary chase for the truth, pitting Jack Reacher against an unexpected enemy, with a skill for violence and a secret to keep.",Paramount,2013-05-07,,"action, blu-ray",,,,,28553722,,,,,2,,,"Tom Cruise, Rosamund Pike, Richard Jenkins, David Oyelowo, Werner Herzog",,,,,,,,,2026-09-16,1
lsv8b3b7b9,movie,"The Vow",,,,"Rental Library",0043396400269,043396400269,"Happy young married couple Paige and Leo are, well, happy. Then a car accident puts Paige into a life-threatening coma. Upon awakening she has lost the previous five years of memories, including those of her beloved Leo, her wedding, a confusing relationship with her parents, or the ending of her relationship with her ex-fiance. Despite these complications, Leo endeavors to win her heart again and rebuild their marriage.",,,,"blu-ray, romantic-comedy",,,,,28520954,,,,,,,,,,,,,,,,,2026-09-16,1
iz56gm3lqm,movie,"Harry Potter and the Goblet of Fire",,,,"Rental Library",0883929558599,883929558599,"When his name emerges from the Goblet of Fire, Harry Potter becomes a competitor in a grueling battle for glory among three wizarding schools. Signs of Voldemort's return emerge as Harry's friends help him prepare for the Triwizard Tournament.",,,,"blu-ray, fantasy",,,,,28422650,,,,,,,,,,,,,,,,,2026-09-16,1
v8u3yj726q,movie,"The Avengers","Joss Whedon",Joss,Whedon,"Rental Library",0786936854879,786936854879,"When an unexpected enemy emerges and threatens global safety and security, Nick Fury, director of the international peacekeeping agency known as S.H.I.E.L.D., finds himself in need of a team to pull the world back from the brink of disaster. Spanning the globe, a daring recruitment effort begins!",MARVEL,2017-09-17,,"action, blu-ray",,,143,,28389882,,,,,1,,,"Robert Downey, Chris Evans, Mark Ruffalo, Chris Hemsworth, Scarlett Johansson",,,,,,,,,2026-09-16,1
gakq1f6bt4,movie,"Barbie The Pearl Princess","Zeke Norton",Zeke,Norton,"Rental Library",0025192189272,025192189272,"Barbie plays Lumina, a mermaid girl with the power to change the color of pearls. Cheerful and creative, Lumina finds herself working in a mermaid salon customizing fabulous hairstyles. And when Lumina has the chance to attend the royal ball, her friends adorn her with a gown fit for a princess. At the ball, villains try to seize power over the kingdom, and Lumina finds within herself an unexpected power that proves she is much more than a hair stylist.","Universal Pictures Home Entertainment",2014-03-11,,"blu-ray, kids-family",,,74,,65573626,,,,,2,,,"Kelly Sheridan, Katie Crown, Mark Oliver, Rebecca Shoicet, Patricia Pattenden",1.78:1,,,,,,,,2026-09-16,1
w1e9ucjisd,movie,"The Tale of the Princess Kaguya","Jamie Simone, Isao Takahata",Jamie,Simone,"Rental Library",0826663223088,826663223088,"Found inside a shining stalk of bamboo by an old bamboo cutter and his wife, a tiny girl grows rapidly into an exquisite young lady. The mysterious young princess enthrals all who encounter her. But, ultimately, she must confront her fate.","SHOUT! FACTORY",2022-04-19,,"blu-ray, kids-family",,,137,,65540858,,,,,3,,,"Chloe Grace Moretz, James Caan, Mary Steenburgen, Darren Criss, Lucy Liu",,,,,,,,,2026-09-16,1
u34jhffgnz,movie,"Furious 7","James Wan",James,Wan,"Rental Library",0025192398650,025192398650,"Deckard Shaw seeks revenge against Dominic Toretto and his family for his comatose brother.","Universal Studios Home Entertainment",2017-02-07,,"action, blu-ray",,,278,,65508090,,,,,1,,,"Vin Diesel, Paul Walker, Dwayne 'The Rock' Johnson, Michelle Rodriguez, Tyrese Gibson",2.40:1,,,,,,,,2026-09-16,1
e90c4xi5u2,movie,"Year One","Harold Ramis",Harold,Ramis,"Rental Library",0043396292192,043396292192,"When a couple of lazy hunter-gatherers are banished from their primitive village, they set off on an epic journey through the ancient world.","Sony Pictures Home Entertainment",2009-10-06,,"blu-ray, comedy",,,100,,65442554,,,,,1,,,"Jack Black, Michael Cera, Oliver Platt, David Cross, Hank Azaria",1.85:1,,,,,,,,2026-09-16,1
gakq1e8bt4,movie,"The Fault in Our Stars","Josh Boone",Josh,Boone,"Rental Library",0024543968740,024543968740,"Despite the tumor-shrinking medical miracle that has bought her a few years, Hazel has never been anything but terminal, her final chapter inscribed upon diagnosis. But when a patient named Augustus Waters suddenly appears at Cancer Kid Support Group, Hazel's story is about to be completely rewritten.","20th Century Fox Home Entertainment",2014-09-16,,"blu-ray, drama",,,126,,65344250,,,,,2,,,"Shailene Woodley, Ansel Elgort, Laura Dern, Sam Trammell, Nat Wolff",,,,,,,,,2026-09-16,1
dmnx7s8u84,movie,Logan,"James Mangold",James,Mangold,"Rental Library",0024543284383,024543284383,"In the near future, a weary Logan cares for an ailing Professor X in a hideout on the Mexican border. But Logan's attempts to hide from the world and his legacy are upended when a young mutant arrives, pursued by dark forces.","20th Century Fox",2017-05-23,,"action, blu-ray",,,137,,65311482,,,,,3,,,"Hugh Jackman, Patrick Stewart",,,,,,,,,2026-09-16,1
qhftdcqwe4,movie,"World War Z",,,,"Rental Library",0032429303127,032429303127,"Life for former United Nations investigator Gerry Lane and his family seems content. Suddenly, the world is plagued by a mysterious infection turning whole human populations into rampaging mindless zombies. After barely escaping the chaos, Lane is persuaded to go on a mission to investigate this disease. What follows is a perilous trek around the world where Lane must brave horrific dangers and long odds to find answers before human civilization falls.",,,,"action, blu-ray",,,,,65082106,,,,,,,,,,,,,,,,,2026-09-16,1
8g3kw1uohq,movie,"From Paris With Love","Pierre Morel",Pierre,Morel,"Rental Library",0031398121336,031398121336,"James Reese has a good job as an ambassador's aid in France, but his real passion is a side gig—working in a minor role in the CIA. He would love to be a full-fledged agent and can't believe his luck when he lands an assignment with Charlie Wax. Trigger-happy Charlie soon has James crying for his desk job, but when he learns that the same guys they're trying to catch are after him, James realises that Charlie may be his only hope of survival.",Lionsgate,2010-06-08,,"action, blu-ray",,,95,,64951034,,,,,1,,,"John Travolta, Jonathan Rhys Meyers",,,,,,,,,2026-09-16,1
4jlst0wkbx,movie,"The A-Team","Joe Carnahan",Joe,Carnahan,"Rental Library",0024543273646,024543273646,"A man who loves when a plan comes together, Col. Hannibal Smith leads a close-knit team of elite operatives and Iraq War veterans. Framed for a crime they didn't commit, Smith and his men, Capt. H.M. ‘Howling Mad’ Murdock , Sgt. Bosco ‘B.A.’ Baracus, and Lt. Templeton ‘Faceman’ Peck, break out and go rogue, using their special talents to clear their names and find the perpetrator. Hot on their trail is Capt. Charissa Sosa, who was once involved with a member of Smith's team and has sworn to capture them, no matter what it takes.","TWENTIETH CENTURY FOX",2016-05-03,,"action, blu-ray",,,,,64885498,,,,,1,,,"Liam Neeson, Bradley Cooper, Jessica Biel, Quinton \Rampage\ Jackson, Sharlto Copley",,,,,,,,,2026-09-16,1
2ogarivtqt,movie,"The Hunger Games","Gary Ross",Gary,Ross,"Rental Library",0031398155546,031398155546,"In a dystopian society where the Capitol forces each district to send two young tributes to fight to the death in a televised spectacle, a girl volunteers to take her sister’s place, setting the stage for a struggle of survival and defiance.","Lionsgate Home Entertainment",2012-08-18,,"action, blu-ray",,,142,,64754426,,,,,2,,,"Jennifer Lawrence, Josh Hutcherson, Liam Hemsworth, Woody Harrelson, Elizabeth Banks",2.40:1,,,,,,,,2026-09-16,1
qhftd3iwe4,movie,"Happy Feet Two","George Miller",George,Miller,"Rental Library",0883929156467,883929156467,"Mumble the penguin has a problem: his son Erik, who is reluctant to dance, encounters the Mighty Sven — a penguin who can fly! Things get worse for Mumble when the world is shaken by powerful forces, causing him to bring together the penguin nations and their allies to set things right.","Warner Bros. Pictures",2012-11-20,,"blu-ray, kids-family",,,,,64721658,,,,,2,,,"Elijah Wood, Pink",,,,,,,,,2026-09-16,1
6um4q1t8dt,movie,"Quantum of Solace",Various,Various,Various,"Rental Library",0883904334170,883904334170,"Betrayed by Vesper, the woman he loved, 007 fights the urge to make his latest mission personal. Pursuing his determination to uncover the truth, Bond and M interrogate Mr. White, who reveals that the organization that blackmailed Vesper is far more complex and dangerous than anyone had imagined.","MGM (Video & DVD)",2015-09-15,,"action, blu-ray",,,214,,64688890,,,,,1,,,"Mathieu Amalric, Daniel Craig",,,,,,,,,2026-09-16,1
w1e9uplisd,movie,"Angels & Demons","Ron Howard",Ron,Howard,"Rental Library",0043396292178,043396292178,"Harvard symbologist Robert Langdon is recruited by the Vatican to investigate the apparent return of the Illuminati – a secret, underground organization – after four cardinals are kidnapped on the night of the papal conclave.","Sony Pictures Home Entertainment",2009-11-24,,"blu-ray, thriller",,,284,,64656122,,,,,2,,,"Tom Hanks, Ewan McGregor, Ayelet Zurer, Stellan Skarsgård, Pierfrancesco Favino",2.40:1,,,,,,,,2026-09-16,1
8g3kwsbohq,movie,Leatherheads,,,,"Rental Library",0025195042116,025195042116,"A light hearted comedy about the beginnings of Professional American Football. When a decorated war hero and college all star is tempted into playing professional football. Everyone see the chance to make some big money, but when a reporter digs up some dirt on the war hero... everyone could lose out.","Universal Pictures Home Entertainment",2010-01-03,,"blu-ray, comedy",,,114,,64623354,,,,,1,,,"George Clooney, Renée Zellweger, John Krasinski, Tommy Hinkley, Jonathan Pryce",1.85:1,,,,,,,,2026-09-16,1
t0bpxhy93y,movie,"The Dark Knight Rises",,,,"Rental Library",0883929212552,883929212552,"Following the death of District Attorney Harvey Dent, Batman assumes responsibility for Dent's crimes to protect the late attorney's reputation and is subsequently hunted by the Gotham City Police Department. Eight years later, Batman encounters the mysterious Selina Kyle and the villainous Bane, a new terrorist leader who overwhelms Gotham's finest. The Dark Knight resurfaces to protect a city that has branded him an enemy.",,,,"action, blu-ray",,,,,64557818,,,,,,,,,,,,,,,,,2026-09-16,1
qhftdp7we4,movie,"Despicable Me 2","Chris Renaud, Pierre Coffin",Chris,Renaud,"Rental Library",0025192123634,025192123634,"Gru is recruited by the Anti-Villain League to help deal with a powerful new super criminal.",Universal,2013-12-10,,"blu-ray, kids-family",,,98,,64492282,,,,,2,,,"Steve Carell, Kristen Wiig, Benjamin Bratt, Miranda Cosgrove, Ken Jeong",1.85:1,,,,,,,,2026-09-16,1
6um4qsg8dt,movie,"Fast & Furious 6","Justin Lin",Justin,Lin,"Rental Library",0025192170911,025192170911,"Hobbs has Dominic and Brian reassemble their crew to take down a team of mercenaries; Dominic unexpectedly gets sidetracked with facing his presumed deceased girlfriend, Letty.","Universal Studios Home Entertainment",2013-12-10,,"action, blu-ray",,,131,,64459514,,,,,2,,,"Vin Diesel, Paul Walker, Dwayne 'The Rock' Johnson, Michelle Rodriguez, Jordana Brewster",2.35:1,,,,,,,,2026-09-16,1
bpyws0kcho,movie,"Punch Drunk Love",,,,"Rental Library",0043396323582,043396323582,"A socially awkward and volatile small business owner meets the love of his life after being threatened by a gang of scammers.",,,,"blu-ray, drama",,null,,,17245690,,,,,,,,,,,,,,,,,2026-09-16,1
8g3ki2aohq,movie,Anora,,,,"Rental Library",5060952898570,,"A young sex worker from Brooklyn gets her chance at a Cinderella story when she meets and impulsively marries the son of an oligarch. Once the news reaches Russia, her fairytale is threatened as his parents set out to get the marriage annulled.",,,,"4k, drama",,null,,,16623098,,,,,,,,,,,,,,,,,2026-09-16,1
kq7f6a6ysl,movie,"National Treasure",,,,"Rental Library",0786936242928,786936242928,"Modern treasure hunters, led by archaeologist Ben Gates, search for a chest of riches rumored to have been stashed away by George Washington, Thomas Jefferson and Benjamin Franklin during the Revolutionary War. The chest's whereabouts may lie in secret clues embedded in the Constitution and the Declaration of Independence, and Gates is in a race to find the gold before his enemies do.",,,,"action, dvd",,null,,,41796858,,,,,,,,,,,,,,,,,2026-09-16,1
9dcnq5h6rp,movie,"Saving Private Ryan",,,,"Rental Library",0032429109460,032429109460,"As U.S. troops storm the beaches of Normandy, three brothers lie dead on the battlefield, with a fourth trapped behind enemy lines. Ranger captain John Miller and seven men are tasked with penetrating German-held territory and bringing the boy home.",,,,"action, dvd",,null,,,41403642,,,,,,,,,,,,,,,,,2026-09-16,1
lsv8cjk7b9,movie,"Ricki and the Flash",,,,"Rental Library",0433964569076,433964569076,"Meryl Streep stars as Ricki Rendazzo, a guitar heroine who made a world of mistakes as she followed her dreams of rock-and-roll stardom. Returning home, Ricki gets a shot at redemption and a chance to make things right as she faces the music with her family.",,,,"blu-ray, comedy",,null,,,49008890,,,,,,,,,,,,,,,,,2026-09-16,1
w1e9gxsisd,movie,"The Mummy Tomb of the Dragon Emperor",,,,"Rental Library",0025192054952,025192054952,"Archaeologist Rick O'Connell travels to China, pitting him against an emperor from the 2,000-year-old Han dynasty who's returned from the dead to pursue a quest for world domination. This time, O'Connell enlists the help of his wife and son to quash the so-called 'Dragon Emperor' and his abuse of supernatural power.",,,,"action, blu-ray",,null,,,28586490,,,,,,,,,,,,,,,,,2026-09-16,1
cnrifusmmk,movie,"The Hurt Locker",,,,"Rental Library",0025192048562,025192048562,"During the Iraq War, a Sergeant recently assigned to an army bomb squad is put at odds with his squad mates due to his maverick way of handling his work.",,,,"action, blu-ray",,null,,,64787194,,,,,,,,,,,,,,,,,2026-09-16,1
7f2omwxhd6,movie,"Django Unchained",,,,"Rental Library",0013132597270,013132597270,"With the help of a German bounty hunter, a freed slave sets out to rescue his wife from a brutal Mississippi plantation owner.",,,,"action, blu-ray",,null,,,64590586,,,,,,,,,,,,,,,,,2026-09-16,1
ayqhvc3psz,movie,"The Croods",,,,"Rental Library",0024543861430,024543861430,"The prehistoric Croods family live in a particularly dangerous moment in time. Patriarch Grug, his mate Ugga, teenage daughter Eep, son Thunk, and feisty Gran gather food by day and huddle together in a cave at night. When a more evolved caveman named Guy arrives on the scene, Grug is distrustful, but it soon becomes apparent that Guy is correct about the impending destruction of their world.",,,,"blu-ray, kids-family",,null,,,64426746,,,,,,,,,,,,,,,,,2026-09-16,1
8g3k7bjohq,movie,"John Q.","Nick Cassavetes",Nick,Cassavetes,"Rental Library",0794043546822,794043546822,"John Quincy Archibald is a father and husband whose son is diagnosed with an enlarged heart and then finds out he cannot receive a transplant because HMO insurance will not cover it. Therefore, he decides to take a hospital full of patients hostage until the hospital puts his son's name on the donor's list.","New Line Home Video",2002-07-16,,"dvd, thriller",,,112,,45484538,,,,,1,,,"Denzel Washington, Robert Duvall, James Woods, Anne Heche, Eddie Griffin",1.85:1,,,,,,,,2026-09-16,1
xlzvu78jps,movie,"Vanishing on 7th Street",,,,"Rental Library",0876964003872,876964003872,"A mysterious global blackout yields countless populations to simply vanish, leaving only their clothes and possessions behind. A small handful of survivors band together in a dimly-lit tavern on 7th Street, struggling to combat the apocalyptic horror. Realizing they may in fact be the last people on earth, a dark shadow hones in on them alone.",,,,"dvd, thriller",,,,,44796410,,,,,,,,,,,,,,,,,2026-09-16,1
m4xlvk231h,movie,Snowmageddon,"Sheldon Wilson",Sheldon,Wilson,"Rental Library",0013132563497,013132563497,"An Alaskan town is in danger of destruction by a mystical snow globe that appears on a family's doorstep, wrapped like a Christmas gift, and causes deadly ""natural"" disasters in their own town, while simultaneously occurring in the snow globe.",Lionsgate,2012-11-13,,"dvd, thriller",,,90,,40765946,,,,,1,,,"Laura Harris, Michael Hogan, Magda Apanowicz",1.78:1,,,,,,,,2026-09-16,1
obayhcs0an,movie,Battledogs,,,,"Rental Library",18713606075,018713606075,"When a strange werewolf virus threatens to decimate first New York and then the world, a rogue general uses the disease to create an army of super-soldiers.","The Asylum",2013-06-25,,"dvd, horror",,,90,,04642810,,,,,1,,,,,,,,,,,,2026-09-16,1
8g3k7bfohq,movie,"Dark Ride","Craig Singer",Craig,Singer,"Rental Library",0031398183877,031398183877,"Ten years after he brutally murdered two girls, a killer escapes from a mental institution and returns to his turf, the theme park attraction called Dark Ride. About to crash his path are a group of college kids on a road trip who stumble across the park.",Lionsgate,2007-03-27,,"dvd, horror",,,94,,03987450,,,,,1,,,"Jamie-Lynn Sigler, Patrick Renna, David Rogers",1.78:1,,,,,,,,2026-09-16,1
v8u3j0u26q,movie,"Last Vegas","Jon Turteltaub",Jon,Turteltaub,"Rental Library",0810103688155,810103688155,"Aging pals Billy, Paddy, Archie, and Sam have been best friends since childhood. When Billy finally proposes to his much-younger girlfriend, all four friends go to Las Vegas to celebrate the end of Billy's longtime bachelorhood and relive their glory days. However, the four quickly realize that the intervening decades have changed Sin City and tested their friendship in ways they had not imagined.",Paramount,2023-04-18,,"comedy, dvd",,,105,,03299322,,,,,1,,,"Michael Douglas, Morgan Freeman, Robert De Niro",,,,,,,,,2026-09-16,1
dmnxzaru84,movie,"Bruce Almighty",,,,"Rental Library",25192044847,025192044847,"Bruce Nolan toils as a ""human interest"" television reporter in Buffalo, NY, but despite his high ratings and the love of his beautiful girlfriend, Bruce remains unfulfilled. At the end of the worst day in his life, he angrily ridicules God — and the Almighty responds, endowing Bruce with all of His divine powers.","Universal Studios",,,"comedy, dvd",,,,,02578426,,,,,1,,,,1.85:1,,,,,,,,2026-09-16,1
qhftbz6we4,movie,"Instant Family",,,,"Rental Library",0032429315595,032429315595,"When Pete and Ellie decide to start a family, they stumble into the world of foster care adoption. They hope to take in one small child but when they meet three siblings, including a rebellious 15 year old girl, they find themselves speeding from zero to three kids overnight.",PARAMOUNT,2021-01-05,,"comedy, dvd",,,117,,00448506,,,,,1,,,"Mark Wahlberg",,,,,,,,,2026-09-16,1
xlzvuhojps,movie,"The Fugitive Kind","Sidney Lumet",Sidney,Lumet,"Rental Library",0715515057219,715515057219,"Val Xavier, a drifter of obscure origins, arrives at a small town and gets a job in a store run by Lady Torrence. Her husband, Jabe M. Torrance, is dying of cancer. Val is pursued by Carol Cutere, the enigmatic local tramp-of-good-family.","Criterion Collection",2010-04-27,,"drama, dvd",,,121,,00382970,,,,,2,,,"Marlon Brando, Joanne Woodward, Anna Magnani, Maureen Stapleton, Victor Jory",,,,,,,,,2026-09-16,1
4jls8w6kbx,movie,"The Graduate","Mike Nichols",Mike,Nichols,"Rental Library",0027616921925,27616921925,"A disillusioned college graduate finds himself torn between his older lover and her daughter.","Mgm (Video & DVD)",2014-01-21,,"drama, dvd",,,106,,99629306,,,,,1,,,"Dustin Hoffman, Anne Bancroft, Katharine Ross, William Daniels, Murray Hamilton",2.35:1,,,,,,,,2026-09-16,1
0cpr13zdcu,movie,"Hero Dog: The Journey Home",,,,"Rental Library",0031398325482,031398325482,"Chinook the Alaskan Malamute must lead a shipwrecked blind man out of the wilderness, while the man's children launch a rescue mission of their own.","Lionsgate Home Entertainment",2021-03-23,,"dvd, kids-family",,,90,,97335546,,,,,1,,,"Natasha Henstridge, John Tench",,,,,,,,,2026-09-16,1
obayhmf0an,movie,"Guess Who","Kevin Rodney Sullivan",Kevin,Sullivan,"Rental Library",0043396101135,043396101135,"When a young African-American woman brings her fiancé home to meet her parents, she's neglected to mention one tiny detail – he's white.","Sony Pictures Home Entertainment",2005-08-02,,"dvd, romantic-comedy",,,105,,95926522,,,,,1,,,"Bernie Mac, Ashton Kutcher, Zoe Saldana, Judith Scott",1.85:1,,,,,,,,2026-09-16,1
e90cro05u2,movie,"Christmas with the Kranks","Joe Roth",Joe,Roth,"Rental Library",0043396048614,043396048614,"When their only daughter Blair leaves the family nest, Luther and Nora Krank decide to book an island cruise to beat the yuletide blues and just skip the holidays. But their decision to boycott tradition has the whole neighborhood in an uproar, and when Blair calls on Christmas Eve to announce a surprise visit with her new fiancée, the Kranks have just twelve hours to perform a miracle and pull themselves and their neighbors together to throw the best celebration ever!","Sony Pictures Home Entertainment",2005-11-08,,"dvd, holiday",,,99,,95893754,,,,,1,,,"Tim Allen, Jamie Lee Curtis, Dan Aykroyd, M. Emmet Walsh, Elizabeth Franz",1.33:1,,,,,,,,2026-09-16,1
w1e9cf8isd,movie,"Wish for Christmas","John K.D. Graham",John,Graham,"Rental Library",0025192386701,025192386701,"When a high school senior finds out from her parents that she must miss the town's winter dance in order to attend church, she successfully wishes their faith away, bringing disastrous consequences to her family and community. To restore their faith, she is led through a series of Christmas adventures that change her heart and those around her.","Universal Pictures Home Entertainment",2016-11-01,,"dvd, holiday",,,97,,94451962,,,,,1,,,"Joey Lawrence, Leigh-Allyn Baker, Anna Fricks, Bill Engvall",2.35:1,,,,,,,,2026-09-16,1
xlzvu10jps,movie,Elf,"Jon Favreau",Jon,Favreau,"Rental Library",0794043716829,794043716829,"When young Buddy falls into Santa's gift sack on Christmas Eve, he's transported back to the North Pole and raised as a toy-making elf by Santa's helpers. But as he grows into adulthood, he can't shake the nagging feeling that he doesn't belong. Buddy vows to visit Manhattan and find his real dad, a workaholic.",WarnerBrothers,2006-10-24,,"dvd, holiday",,,95,,93796602,,,,,1,,,"Leon Redbone, Will Ferrell, James Caan, Ray Harryhausen, Zooey Deschanel",1.85:1,,,,,,,,2026-09-16,1
4jls8i8kbx,movie,U-571,"Jonathan Mostow",Jonathan,Mostow,"Rental Library",0025192078521,025192078521,"In the midst of World War II, the battle under the sea rages and the Nazis have the upper hand as the Allies are unable to crack their war codes. However, after a wrecked U-boat sends out an SOS signal, the Allies realise this is their chance to seize the 'enigma coding machine'.","Universal Pictures Home Entertainment",2010-10-05,,"action, dvd",,,117,,46791418,,,,,1,,,"Bill Paxton, Matthew McConaughey, Harvey Keitel, Tom Guiry, Thomas Kretschmann",2.35:1,,,,,,,,2026-09-16,1
ri15dhuxoz,movie,"Hacksaw Ridge","Mel Gibson",Mel,Gibson,"Rental Library",0031398259510,31398259510,"WWII American Army Medic Desmond T. Doss, who served during the Battle of Okinawa, refuses to kill people and becomes the first Conscientious Objector in American history to receive the Congressional Medal of Honor.",Lionsgate,2017-02-21,,"action, dvd",,,139,,46136058,,,,,1,,,"Andrew Garfield, Vince Vaughn, Rachel Griffiths, Hugo Weaving, Sam Worthington",,,,,,,,,2026-09-16,1
m4xlvr931h,movie,"The Sons of Katie Elder","Henry Hathaway",Henry,Hathaway,"Rental Library",0032429268129,032429268129,"The four sons of Katie Elder reunite in their hometown of Clearwater, Texas for her funeral and discover that the family ranch is now in the hands of Morgan Hastings, a corrupt businessman who wants to exploit the area around the town.",PARAMOUNT,2017-10-24,,"action, dvd",,,,,46103290,,,,,1,,,"Dean Martin, Dennis Hopper, Earl Holliman, John Wayne, Martha Hyer",,,,,,,,,2026-09-16,1
obayh3e0an,movie,"Sniper 2","Craig R. Baxley",Craig,Baxley,"Rental Library",0043396085893,043396085893,"A former Marine sniper is lured back in on a top-secret mission to take out a rogue general accused of running a stealth operation of hit-and-run ethnic cleansing missions in an area known as ""No Man's Land.""","Sony Pictures Home Entertainment",2003-03-11,,"action, dvd",,,91,,44038906,,,,,1,,,"Tom Berenger, Erika Marozsan, Bokeem Woodbine, Linden Ashby",1.85:1,,,,,,,,2026-09-16,1
cnri5y8mmk,movie,"The Man Who Killed Hitler and Then the Bigfoot","Krzykowski, Robert D.",Krzykowski,Krzykowski,"Rental Library",0014381104059,014381104059,"Decades after serving in WWII and assassinating Adolf Hitler, a legendary American war veteran must now hunt down the fabled Bigfoot.","Image Entertainment",2019-04-02,,"action, dvd",,,98,,43186938,,,,,1,,,"Elliott, Sam, Turner, Aidan, Fitzgerald, Caitlin, Miller, Larry, Livingston, Ron",,,,,,,,,2026-09-16,1
8g3k7m5ohq,movie,"10.0 Earthquake",,,,"Rental Library",796019829571,796019829571,"Los Angeles is about to be hit by a devastating earthquake, and time is running out to save the city from imminent danger.",Arc,2015-08-04,,"action, dvd",,,88,,41024250,,,,,1,,,"Jeffrey Jones, Cameron Richardson, Heather Sossaman Henry Ian Cusick",,,,,,,,,2026-09-16,1
prw19qmno7,movie,"Remember the Titans","Boaz Yakin",Boaz,Yakin,"Rental Library",0786936144727,786936144727,"After leading his football team to 15 winning seasons, coach Bill Yoast is demoted and replaced by Herman Boone – tough, opinionated and as different from the beloved Yoast as he could be. The two men learn to overcome their differences and turn a group of hostile young men into champions.","WALT DISNEY PICTURES",2001-03-20,,"dvd, kids-family",,,113,,07257082,,,,,1,,,"Denzel Washington, Will Patton, Wood Harris, Ryan Hurst, Donald Adeosun Faison",2.35:1,,,,,,,,2026-09-16,1
het0p2719k,movie,"10,000 BC","Roland Emmerich",Roland,Emmerich,"Rental Library",0085391139683,085391139683,"A prehistoric epic that follows a young mammoth hunter's journey through uncharted territory to secure the future of his tribe.",WarnerBrothers,2008-06-24,,"action, dvd",,,109,,07191546,,,,,1,,,"Camilla Belle, Steven Strait, Cliff Curtis, Joel Virgel, Mo Zinal",2.35:1,,,,,,,,2026-09-16,1
nxiz6ik41p,movie,"The Book Thief",,,,"Rental Library",24543886617,024543886617,"While subjected to the horrors of WWII Germany, young Liesel finds solace by stealing books and sharing them with others. Under the stairs in her home, a Jewish refugee is being sheltered by her adoptive parents.","20th Century Fox",2014-03-11,,"drama, dvd",,,131,,07093242,,,,,1,,,"Sophie Nélisse, Kelly Macdonald, Michael Shannon",2.40:1,,,,,,,,2026-09-16,1
lsv83v17b9,movie,Sully,"Clint Eastwood",Clint,Eastwood,"Rental Library",0883929594603,883929594603,"On 15 January 2009, the world witnessed the 'Miracle on the Hudson' when Captain 'Sully' Sullenberger glided his disabled plane onto the Hudson River, saving the lives of all 155 souls aboard. However, even as Sully was being heralded by the public and the media for his unprecedented feat of aviation skill, an investigation was unfolding that threatened to destroy his reputation and career.",WarnerBrothers,2017-06-06,,"drama, dvd",,,,,06896634,,,,,1,,,"Tom Hanks, Aaron Eckhart, Laura Linney",,,,,,,,,2026-09-16,1
8g3k73iohq,movie,"The Wedding Date","Clare Kilner",Clare,Kilner,"Rental Library",0025192722028,025192722028,"With the wedding of her younger sister fast approaching, Kat Ellis faces the undesirable prospect of traveling alone to London for the ceremony. While this is bad enough, Jeffrey, the man who left her as they moved closer to marriage, happens to be the groom's best man. Determined to show everyone -- most of all Jeffrey -- that her romantic life is as full and thrilling as ever, Kat hires a charming male escort as her date.","Universal Pictures Home Entertainment",2008-09-09,,"dvd, romantic-comedy",,,90,,06732794,,,,,1,,,"Debra Messing, Dermot Mulroney, Amy Adams, Jack Davenport, Sarah Parish",1.85:1,,,,,,,,2026-09-16,1
56dmxdxv9x,movie,Fury,,,,"Rental Library",0043396439979,043396439979,"April, 1945. As the Allies make their final push in the European Theater, a battle-hardened army sergeant commands a Sherman tank with a five-man crew on a deadly mission behind enemy lines.","Sony Pictures Home Entertainment",2015-01-27,,"action, dvd",,,135,,06700026,,,,,1,,,,2.40:1,,,,,,,,2026-09-16,1
4jls8lokbx,movie,"The Texas Chainsaw Massacre",,,,"Rental Library",0065935202868,065935202868,"After picking up a traumatized young hitchhiker, five friends find themselves stalked and hunted by a chainsaw-wielding killer and his family of equally psychopathic killers.",,,,"dvd, horror",,,,,05716986,,,,,,,,,,,,,,,,,2026-09-16,1
0cpr1pfdcu,movie,"First Knight","Jerry Zucker",Jerry,Zucker,"Rental Library",0043396711792,043396711792,"The timeless tale of King Arthur and the legend of Camelot are retold in this passionate period drama. Arthur is reluctant to hand the crown to Lancelot, and Guinevere is torn between her loyalty to her husband and her growing love for his rival. But Lancelot must balance his loyalty to the throne with the rewards of true love.","Sony Pictures Home Entertainment",1997-10-07,,"dvd, fantasy",,,134,,05651450,,,,,1,,,"Sean Connery, Richard Gere, Julia Ormond, Ben Cross, Liam Cunningham","1.33:1, 1.85:1",,,,,,,,2026-09-16,1
m4xlvx631h,movie,"Think Like a Man","Tim Story",Tim,Story,"Rental Library",0043396401006,043396401006,"The balance of power in four couples’ relationships is upset when the women start using the advice in Steve Harvey’s book, Act Like A Lady, Think Like A Man, to get more of what they want from their men. When the men realize that the women have gotten a hold of their relationship “playbook,” they decide that the best defense is a good offense and come up with a plan to use this information to their advantage.","Screen Gems",2012-08-28,,"dvd, romantic-comedy",,,122,,05618682,,,,,1,,,"Arielle Kebbel, Meagan Good",,,,,,,,,2026-09-16,1
obayha50an,movie,"Paranormal Activity: The Marked Ones","Christopher Landon, Christopher B. Landon",Christopher,Landon,"Rental Library",0097363590347,097363590347,"Seventeen-year-old Jesse has been hearing terrifying sounds coming from his neighbor’s apartment, but when he turns on his camera and sets out to uncover their source, he encounters an ancient evil that won’t rest until it’s claimed his very soul.",Paramount,2014-04-08,,"dvd, horror",,,84,,05553146,,,,,1,,,"Andrew Jacobs, Jorge Diaz, Carlos Pratts, Gabrielle Walsh, Renee Victor",,,,,,,,,2026-09-16,1
kq7fo7aysl,movie,"Village of the Damned","John Carpenter",John,Carpenter,"Rental Library",0025192044427,025192044427,"An American village is visited by some unknown life form which leaves the women of the village pregnant. Nine months later, the babies are born, and they all look normal, but it doesn't take the ""parents"" long to realize that the kids are not human or humane.","Universal Studios Home Entertainment",2010-06-01,,"dvd, horror",,,99,,191-DVDVIL-001A,,,,,1,,,"Christopher Reeve, Kirstie Alley, Linda Kozlowski, Michael Pare, Meredith Salenger",2.35:1,,,,,,,,2026-09-16,1
t0bpwb593y,movie,"The Lord of the Rings: The Return of the King","Peter Jackson",Peter,Jackson,"Rental Library",0794043692925,794043692925,"As armies mass for a final battle that will decide the fate of the world--and powerful, ancient forces of Light and Dark compete to determine the outcome--one member of the Fellowship of the Ring is revealed as the noble heir to the throne of the Kings of Men. Yet, the sole hope for triumph over evil lies with a brave hobbit, Frodo, who, accompanied by his loyal friend Sam and the hideous, wretched Gollum, ventures deep into the very dark heart of Mordor on his seemingly impossible quest to destroy the Ring of Power.​",WarnerBrothers,2004-05-25,,"dvd, fantasy",,,200,,191-DVDTH2-001A,,,,,2,,,"Elijah Wood, Ian McKellen, Liv Tyler, Viggo Mortensen, Sean Astin",2.35:1,,,,,,,,2026-09-16,1
3kj72jmarj,movie,"The Lord of the Rings: The Two Towers","Peter Jackson",Peter,Jackson,"Rental Library",0794043635526,794043635526,"Frodo Baggins and the other members of the Fellowship continue on their sacred quest to destroy the One Ring--but on separate paths. Their destinies lie at two towers--Orthanc Tower in Isengard, where the corrupt wizard Saruman awaits, and Sauron's fortress at Barad-dur, deep within the dark lands of Mordor.","New Line Home Entertainment",2003-08-26,,"dvd, fantasy",,,179,,191-DVDTHS-001A,,,,,2,,,"Elijah Wood, Ian McKellen, Liv Tyler, Viggo Mortensen, Sean Astin",2.35:1,,,,,,,,2026-09-16,1
j7s2gfhqlq,movie,"Blue Velvet","David Lynch",David,Lynch,"Rental Library",0715515229913,715515229913,"The discovery of a severed human ear found in a field leads a young man on an investigation related to a beautiful, mysterious nightclub singer and a group of psychopathic criminals who have kidnapped her child.","Criterion Collection",2019-05-28,,"blu-ray, drama",,,120,,191-BLRBLV-001A,,,,,1,,,"Laura Dern, Dennis Hopper, Kyle MacLachlan, Isabella Rossellini",,,,,,,,,2026-09-16,1
u34jskpgnz,movie,Elizabethtown,"Cameron Crowe",Cameron,Crowe,"Rental Library",0032429284815,032429284815,"Drew Baylor is fired after causing his shoe company to lose hundreds of millions of dollars. To make matters worse, he's also dumped by his girlfriend. On the verge of ending it all, Drew gets a new lease on life when he returns to his family's small Kentucky hometown after his father dies. Along the way, he meets a flight attendant with whom he falls in love.","Paramount Pictures Home Entertainment",2017-10-10,,"dvd, romantic-comedy",,,123,,191-DVDELI-001A,,,,,1,,,"Gailard Sartain, Bruce McGill, Alec Baldwin, Allison Munn, Jessica Biel",,,,,,,,,2026-09-16,1
dmnxz4qu84,movie,"A Serious Man",,,,"Rental Library",0025195052740,025195052740,"It is 1967, and Larry Gopnik, a physics professor at a quiet Midwestern university, has just been informed by his wife Judith that she is leaving him. She has fallen in love with one of his more pompous acquaintances Sy Ableman.",MOVIE,2010-02-09,,"comedy, dvd",,,90,,191-DVDASE-001A,,,,,,,,"Michael Stuhlbarg, Richard Kind, Fred Melamed, Aaron Wolff",,,,,,,,,2026-09-16,1
2ogaqb4tqt,movie,Re-Animator,"Stuart Gordon",Stuart,Gordon,"Rental Library",0850045066079,850045066079,"Conducting clandestine experiments within the morgue at Miskatonic University, scientist Herbert West reveals to a fellow graduate student his groundbreaking work concerning the re-animation of fresh corpses.","Eagle Rock Pictures",2025-11-11,,"blu-ray, sci-fi",,,84,,191-BLRREA-001A,,,,,,,,"Barbara Crampton, Bruce Abbott, David Gale, Jeffrey Combs",,,,,,,,,2026-09-16,1
w1e9c50isd,movie,Casino,"Martin Scorsese",Martin,Scorsese,"Rental Library",0025192015922,025192015922,"This sleek electronic handheld device offers an authentic gaming experience with multiple classic vegas-style play modes and a high-contrast digital display. Its pocket-sized design features responsive physical buttons and automated scoring, making it the perfect portable companion for casual entertainment on the go. Experience the thrill of the jackpot anytime with this durable and easy-to-use gaming console.","Universal Studios Home Entertainment",1998-02-24,,"drama, dvd",,,178,,191-DVDCAS-001A,,,,,1,,,"Robert De Niro, Sharon Stone, Joe Pesci, James Woods, Kevin Pollak",2.35:1,,,,,,,,2026-09-16,1
bpywerzcho,movie,"Sleepless in Seattle","Nora Ephron",Nora,Ephron,"Rental Library",0043396016323,043396016323,"After the death of his mother, a young boy calls a radio station in an attempt to set his father up on a date. Across the country, an engaged woman becomes convinced that they belong together, despite their never having met. Will their paths collide despite the odds?","Sony Pictures Home Entertainment",2003-10-07,,"dvd, romantic-comedy",,,105,,191-DVDSLE-001A,,,,,1,,,"Tom Hanks, Meg Ryan, Bill Pullman, Ross Malinger, Rob Reiner","1.33:1, 1.85:1",,,,,,,,2026-09-16,1
xlzvusujps,movie,"The Jackal","Michael Caton-Jones",Michael,Caton-Jones,"Rental Library",0025192026225,025192026225,"This high-performance bowling ball features a dynamic asymmetrical core designed to deliver a massive mid-lane read and an explosive backend motion. Its premium reactive coverstock provides exceptional traction on heavy oil patterns, ensuring a powerful entry angle into the pocket. Serious players will appreciate the blend of incredible durability and relentless pin-carrying power this versatile equipment offers.","Universal Pictures Home Entertainment",2012-10-02,,"dvd, thriller",,,125,,191-DVDTHJ-001A,,,,,1,,,"Bruce Willis, Richard Gere, Sidney Poitier, Venora, Diane",2.35:1,,,,,,,,2026-09-16,1
56dmxujv9x,movie,Fear,"James Foley",James,Foley,"Rental Library",0025192039324,025192039324,"This graphic t-shirt features a bold and haunting design printed on high-quality, comfortable fabric. Its striking visual elements and modern fit make it an ideal choice for enthusiasts of alternative style or statement streetwear. The versatile color palette ensures it pairs effortlessly with denim or layered looks for any casual occasion.","Universal Pictures Home Entertainment",2017-01-03,,"dvd, thriller",,,97,,191-DVDFER-001A,,,,,1,,,"Mark Wahlberg, Reese Witherspoon, William Petersen, Alyssa Milano, Amy Brenneman",2.35:1,,,,,,,,2026-09-16,1
4jls870kbx,movie,"8 Mile","Curtis Hanson",Curtis,Hanson,"Rental Library",25192128530,025192128530,"This grit-filled drama offers a compelling look at the underground battle rap scene and the pursuit of a dream against all odds. Its powerful performances and authentic storytelling make it a must-have for fans of musical biopics and intense urban narratives. This high-definition physical release provides a crisp viewing experience for one of the most influential films of the early 2000s.","Universal Studios",2012-01-10,,"drama, dvd",,,110,,191-DVD8MI-001A,,,,,2,,,"Eminem, Kim Basinger, Mekhi Phifer, Brittany Murphy, Evan Jones",2.35:1,,,,,,,,2026-09-16,1
m4xlvj831h,movie,SYRIANA,"Stephen Gaghan",Stephen,Gaghan,"Rental Library",0012569829510,012569829510,"The Middle Eastern oil industry is the backdrop of this tense drama, which weaves together numerous story lines. Bennett Holiday is an American lawyer in charge of facilitating a dubious merger of oil companies, while Bryan Woodman, a Switzerland-based energy analyst, experiences both personal tragedy and opportunity during a visit with Arabian royalty. Meanwhile, veteran CIA agent Bob Barnes uncovers an assassination plot with unsettling origins.","Warner Home Video",2006-10-10,,"blu-ray, drama",,,126,,191-BLRSYR-001A,,,,,1,,,"George Clooney, Matt Damon, Jeffrey Wright, Chris Cooper, William Hurt",2.40:1,,,,,,,,2026-09-16,1
obayhpv0an,movie,"The Texas Chain Saw Massacre","Tobe Hooper",Tobe,Hooper,"Rental Library",0030306193090,030306193090,"Five friends head out to rural Texas to visit the grave of a grandfather. On the way, they stumble across what appears to be a deserted house, only to discover something sinister within. Something armed with a chainsaw.","Mpi Home Video",2014-09-16,,"blu-ray, horror",,,79,,191-BLRTEX-001A,,,,,1,,,"Paul A. Partain, Marilyn Burns, Allen Danziger, Paul A Partain, William Vail",,,,,,,,,2026-09-16,1
8g3k7a2ohq,movie,Enchanted,"Kevin Lima",Kevin,Lima,"Rental Library",0786936716061,786936716061,"The beautiful princess Giselle is banished by an evil queen from her magical, musical animated land and finds herself in the gritty reality of the streets of modern-day Manhattan. Shocked by this strange new environment that doesn't operate on a ""happily ever after"" basis, Giselle is now adrift in a chaotic world badly in need of enchantment. But when Giselle begins to fall in love with a charmingly flawed divorce lawyer who has come to her aid - even though she is already promised to a perfect fairy tale prince back home - she has to wonder: Can a storybook view of romance survive in the real world?","WALT DISNEY PICTURES",2008-03-18,,"dvd, kids-family",,,107,,191-DVDENC-001A,,,,,1,,,"Amy Adams, Patrick Dempsey, James Marsden, Timothy Spall, Rachel Covey",2.35:1,,,,,,,,2026-09-16,1
kq7fohpysl,movie,"Tango & Cash","Andrei Konchalovsky",Andrei,Konchalovsky,"Rental Library",0883929051076,883929051076,"Ray Tango and Gabriel Cash are two successful narcotics detectives who can't stand each other. Crime lord Yves Perret, furious at the loss of income they have caused him, plots an elaborate revenge against them.",WarnerBrothers,2009-04-07,,"action, blu-ray",,,104,,191-BLRTAN-001A,,,,,1,,,"Sylvester Stallone, Kurt Russell, Jack Palance, Teri Hatcher, Michael J. Pollard",2.40:1,,,,,,,,2026-09-16,1
ayqhtiipsz,movie,"Cold Pursuit","Hans Petter Moland",Hans,Moland,"Rental Library",0031398302032,031398302032,"This high-definition Blu-ray release offers a gripping cinematic experience centered on a father seeking justice in a frozen mountain landscape. It features stunning visuals of snow-covered terrain along with bonus content that provides a behind-the-scenes look at the making of this intense action thriller. The film blends dark humor with stylized violence, making it an essential addition for fans of gritty revenge stories and cinematic storytelling.","Summit Inc/Lionsgate",2019-05-14,,"action, dvd",,,119,,191-DVDCOL-001A,,,,,1,,,"Liam Neeson, Laura Dern, Emmy Rossum, Tom Bateman, William Forsythe",,,,,,,,,2026-09-16,1
ftobydbe5y,movie,"Can't Hardly Wait","Deborah Kaplan, Harry Elfont",Deborah,Kaplan,"Rental Library",0043396027145,043396027145,"It's graduation day at Huntington Hills High, and you know what that means - time to party. And not just any party, either. This one will be a night to remember, as the nerds become studs, the jocks are humiliated, and freshman crushes blossom into grown-up romance.","Sony Pictures Home Entertainment",1998-11-17,,"comedy, dvd",,,2,,191-DVDCAN-001A,,,,,2,,,"Jennifer Hewitt, Ethan Embry, Lauren Ambrose, Seth Green, Peter Facinelli","1.33:1, 1.85:1",,,,,,,,2026-09-16,1
6um4lay8dt,movie,"Cowboys & Aliens","Jon Favreau",Jon,Favreau,"Rental Library",0025192074783,025192074783,"A stranger stumbles into the desert town of Absolution with no memory of his past and a futuristic shackle around his wrist. With the help of mysterious beauty Ella and the iron-fisted Colonel Dolarhyde, he finds himself leading an unlikely posse of cowboys, outlaws, and Apache warriors against a common enemy from beyond this world in an epic showdown for survival.","Universal Pictures Home Entertainment",2014-03-11,,"blu-ray, sci-fi",,,254,,191-BLRCWB-001A,,,,,1,,,"Daniel Craig, Harrison Ford, Olivia Wilde, Sam Rockwell, Adam Beach",2.40:1,,,,,,,,2026-09-16,1
w1e9cvdisd,movie,"Say Anything","Cameron Crowe",Cameron,Crowe,"Rental Library",0024543617266,024543617266,"Average student and eternal optimist Lloyd Dobler seeks to capture the heart of Diane Court, a beautiful but unattainable valedictorian classmate. He surprises just about everyone - including himself - when she returns the sentiment. However, Diane's divorced, over-protective father soon begins to disapprove of the match, and Lloyd realises that it's going to take more than just the power of love to conquer all.","20th Century Studios",2009-11-03,,"comedy, dvd",,,100,,191-DVDSAY-001A,,,,,1,,,"Amy Brooks, Jonathan Chapin, Lois Chiles, Gloria Cromwell, Joan Cusack",1.85:1,,,,,,,,2026-09-16,1
obayhn20an,movie,"Spider-Man 3","Sam Raimi",Sam,Raimi,"Rental Library",0043396159280,043396159280,"This poseable action figure features the iconic black costume design and multiple points of articulation for dynamic display options. Detailed sculpting captures the intricate web patterns and athletic build, making it a must-have addition for any classic superhero figure collection. High-quality materials ensure durability whether it is being used for imaginative play or showcased on a shelf.","Sony Pictures Home Entertainment",2007-10-30,,"action, dvd",,,139,,191-DVDSPD-001A,,,,,1,,,"Tobey Maguire, Kirsten Dunst, Topher Grace, Thomas Haden Church, James Franco",2.40:1,,,,,,,,2026-09-16,1
j7s2g5zqlq,movie,"Lost in Translation",,,,"Rental Library",0025192395727,025192395727,"Two lost souls visiting Tokyo -- the young, neglected wife of a photographer and a washed-up movie star shooting a TV commercial -- find an odd solace and pensive freedom to be real in each other's company, away from their lives in America.","Innotrac - NBC Universal",,,"comedy, dvd",,,,,191-DVDLOS-001A,,,,,,,,,,,,,,,,,2026-09-16,1
6um4lpr8dt,movie,"Kill Bill Volume 2",,,,"Rental Library",0074470102021,074470102021,"This high-definition Blu-ray edition brings the thrilling conclusion of the legendary revenge saga to life with stunning visual clarity and immersive audio. Collectors will appreciate the inclusion of exclusive bonus features, including deleted scenes and a behind-the-scenes look at the making of this cinematic masterpiece. It is an essential addition for any film enthusiast looking to complete their library of iconic action cinema.","MUSIC VIDEO DISTRIBUTORS",,,"dvd, thriller",,,,,191-DVDKIL-001A,,,,,1,,,,,,,,,,,,2026-09-16,1
dmnxzyiu84,movie,Ratatouille,"Brad Bird, Jan Pinkava",Brad,Bird,"Rental Library",0786936727173,786936727173,"In one of Paris's finest restaurants, Remy, a determined young rat, dreams of becoming a renowned French chef. Torn between his family's wishes and his true calling, Remy and his pal Linguini set in motion a hilarious chain of events that turns the City of Lights upside down.",DISNEY/PIXAR,2007-11-06,,"dvd, kids-family",,,111,,191-DVDRAT-001A,,,,,1,,,"Brad Garrett, Lou Romano, Patton Oswalt",2.40:1,,,,,,,,2026-09-16,1
w1e9c2uisd,movie,"Spirited Away","Hayao Miyazaki, Kirk Wise",Hayao,Miyazaki,"Rental Library",0826663181579,826663181579,"A young girl, Chihiro, becomes trapped in a strange new world of spirits. When her parents undergo a mysterious transformation, she must call upon the courage she never knew she had to free her family.","SHOUT! FACTORY",2017-10-17,,"dvd, kids-family",,,125,,191-DVDSPI-001A,,,,,1,,,"Rumi Hiiragi, Miyu Irino, Mari Natsuki, Takashi Naito, Yasuko Sawaguchi",1.85:1,,,,,,,,2026-09-16,1
bpywejfcho,movie,"The Royal Tenenbaums","Wes Anderson",Wes,Anderson,"Rental Library",0786936165425,786936165425,"This special edition double-disc set features a director-approved digital transfer accompanied by an audio commentary and a collection of behind-the-scenes documentaries. The physical package includes a collectible insert with original illustrations and promotional artwork that captures the whimsical aesthetic of the film. It is an essential addition for cinema enthusiasts looking to explore the creative process through extensive interviews and deleted scenes.",Criterion,2002-07-09,,"comedy, dvd",,,110,,191-DVDROY-002A,,,,,1,,,"Owen Wilson, Ben Stiller, Luke Wilson, Gene Hackman, Gwyneth Paltrow",2.40:1,,,,,,,,2026-09-16,1
ri15dfmxoz,movie,"Fear and Loathing in Las Vegas","Terry Gilliam",Terry,Gilliam,"Rental Library",0025192033926,025192033926,"Raoul Duke and his attorney Dr. Gonzo drive a red convertible across the Mojave desert to Las Vegas with a suitcase full of drugs to cover a motorcycle race. As their consumption of drugs increases at an alarming rate, the stoned duo trash their hotel room and fear legal repercussions. Duke begins to drive back to L.A., but after an odd run-in with a cop, he returns to Sin City and continues his wild drug binge.","Universal Studios",1998-11-17,,"comedy, dvd",,,119,,191-DVDFEA-001A,,,,,1,,,"Johnny Depp, Benicio Del Toro, Ellen Barkin, Craig Bierko, Gary Busey",2.35:1,,,,,,,,2026-09-16,1
m4xlvw031h,movie,"Get Out",,,,"Rental Library",0191329122723,191329122723,"Chris and his girlfriend Rose go upstate to visit her parents for the weekend. At first, Chris reads the family's overly accommodating behavior as nervous attempts to deal with their daughter's interracial relationship, but as the weekend progresses, a series of increasingly disturbing discoveries lead him to a truth that he never could have imagined.",,,,"blu-ray, horror",,,,,191-BLRGET-001A,,,,,,,,,,,,,,,,,2026-09-16,1
ywhe0sar71,movie,"The Beales of Grey Gardens","Albert Maysles, David Maysles",Albert,Maysles,"Rental Library",0715515021326,715515021326,"Mother and daughter - Big Edie and Little Edie Beale - live with six cats in a crumbling house in East Hampton. Little Edie, in her 50s, who wears scarves and bright colors, sings, mugs for the camera, and talks to Al and David Maysles, the filmmakers. Big Edie, in her 70s, recites poetry, comments on her daughter's behavior, and sings ""If I Loved You"" in fine voice. She talks in short sentences; her daughter in volumes. The film is episodic: friends visit, there's a small fire in the house, Little Edie goes to the shore and swims. She talks about the Catholic Church. She's ashamed that local authorities raided the house because of all the cats. She values being different.","Criterion Collection",2006-12-05,,"documentary, dvd",,,90,,191-DVDTHB-001A,,,,,1,,,"Edith Bouvier Beale, Edith 'Little Edie' Bouvier Beale, Albert Maysles, David Maysles, Jerry Torre",1.33:1,,,,,,,,2026-09-16,1
8g3k7n9ohq,movie,"Three Kings","David O. Russell",David,Russell,"Rental Library",0883929091645,883929091645,"A group of American soldiers stationed in Iraq at the end of the Gulf War find a map they believe will take them to a huge cache of stolen Kuwaiti gold hidden near their base, and they embark on a secret mission that's destined to change everything.",WarnerBrothers,2009-11-03,,"action, dvd",,,121,,191-DVDTHR-001A,,,,,1,,,"Mark Wahlberg, Ice Cube, Spike Jonze, Nora Dunn, Jamie Kennedy",,,,,,,,,2026-09-16,1
kq7foz4ysl,movie,Bambi,"David Hand",David,Hand,"Rental Library",0786936853582,786936853582,"Experience the heartwarming classic in stunning high definition with this multi-format collection featuring the original animated masterpiece and a variety of behind-the-scenes bonus content. This anniversary set includes digital and physical copies, allowing for seamless viewing across all your favorite devices while preserving every vibrant detail of the lush hand-drawn forest. It is an essential addition for collectors and families looking to share a timeless story of friendship and nature's beauty.","WALT DISNEY ANIMATION",2017-06-06,,"blu-ray, kids-family",,,70,,191-BLRBAM-001A,,,,,2,,,"Hardy Albright, Peter Behn, Tim Davis, Donnie Dugan, Ann Gillis",1.33:1,,,,,,,,2026-09-16,1
t0bpw3t93y,movie,"Jumanji: Welcome to the Jungle",,,,"Rental Library",0043396488519,043396488519,"Experience the thrill of a high-stakes jungle adventure with this action-packed addition to your family movie collection. This physical copy allows you to revisit every comedic moment and stunning visual sequence in high definition from the comfort of your home. It includes a variety of special featurettes that take you behind the scenes for an immersive look at the making of this modern blockbuster hit.",,,,"blu-ray, kids-family",,,,,191-BLRJUM-001A,,,,,,,,,,,,,,,,,2026-09-16,1
3kj72lnarj,movie,GoodFellas,"Martin Scorsese",Martin,Scorsese,"Rental Library",0085391108085,085391108085,"The true story of Henry Hill, a half-Irish, half-Sicilian Brooklyn kid who is adopted by neighbourhood gangsters at an early age and climbs the ranks of a Mafia family under the guidance of Jimmy Conway.",WarnerBrothers,2012-10-09,,"blu-ray, drama",,,145,,80012538,,,,,1,,,"Robert De Niro, Ray Liotta, Joe Pesci, Lorraine Bracco, Paul Sorvino",1.85:1,,,,,,,,2026-09-16,1
nxiz61j41p,movie,"Being John Malkovich","Spike Jonze",Spike,Jonze,"Rental Library",0715515095310,715515095310,"This special edition release features a high-definition digital restoration supervised by the director alongside a wealth of exclusive bonus content including behind-the-scenes documentaries and filmmaker interviews. It includes a collectible booklet containing an essay on the film's cultural impact, making it an essential addition for fans of surrealist cinema and boutique physical media.","Criterion Collection",2012-05-15,,blu-ray,,,113,,191-BLRBEI-001A,,,,,1,,,"John Malkovich, John Cusack, Cameron Diaz, Catherine Keener",,,,,,,,,2026-09-16,1
lsv836e7b9,movie,"Herbie: Fully Loaded","Angela Robinson",Angela,Robinson,"Rental Library",0786936288261,786936288261,"Maggie Peyton, the new owner of Number 53 - the free-wheelin' Volkswagen bug with a mind of its own - puts the car through its paces on the road to becoming a NASCAR competitor.","Walt Disney Home Entertainment",2005-10-25,,"dvd, kids-family",,,101,,191-WALHER-001A,,,,,1,,,"Lindsay Lohan, Justin Long, Breckin Meyer, Cheryl Hines, Jimmi Simpson",1.85:1,,,,,,,,2026-09-16,1
u34jsxkgnz,movie,"The Cabin in the Woods",,,,"Rental Library",0031398156147,031398156147,"Five friends set out for a weekend at a remote cabin in the woods, expecting nothing more than fun and relaxation. As night falls, they discover that something far more unsettling is at work and that nothing about their getaway is what it seems.",Lionsgate,2012-09-18,,"dvd, horror",,,94,,191-DVDTHC-001A,,,,,1,,,"Hemsworth, Chris, Connolly, Kristen, Hutchison, Anna Marie, Jenkins, Richard, Williams, Jesse",,,,,,,,,2026-09-16,1
iz56m92lqm,movie,"16 Blocks","Richard Donner",Richard,Donner,"Rental Library",0012569829466,012569829466,"An aging cop is assigned the ordinary task of escorting a fast-talking witness from police custody to a courthouse, but they find themselves running the gauntlet as other forces try to prevent them from getting there.","Warner Home Video",2006-10-10,,"action, blu-ray",,,102,,191-BLR16B-001A,,,,,1,,,"Bruce Willis, Mos Def, David Morse, Cylk Cozart, Casey Sander",2.40:1,,,,,,,,2026-09-16,1
obayhk40an,movie,"Saving Private Ryan","Steven Spielberg",Steven,Spielberg,"Rental Library",0032429131713,032429131713,"As U.S. troops storm the beaches of Normandy, three brothers lie dead on the battlefield, with a fourth trapped behind enemy lines. Ranger captain John Miller and seven men are tasked with penetrating German-held territory and bringing the boy home.",Paramount,,,"blu-ray, drama",,,169,,191-BLRSAV-001A,,,,,1,,,"Tom Hanks, Matt Damon, Edward Burns, Vin Diesel, Tom Sizemore",,,,,,,,,2026-09-16,1
ayqht77psz,movie,"The Forgotten","Joseph Ruben",Joseph,Ruben,"Rental Library",0043396100787,043396100787,"Telly Paretta is a grieving mother struggling to cope with the loss of her 9-year-old son. She is stunned when her psychiatrist reveals that she has created nine years of memories about a son she never had. But when she remembers a man who had a similar experience, Telly embarks on a search to prove her son's existence, and her sanity.","Sony Pictures Home Entertainment",2005-01-18,,"dvd, thriller",,,91,,191-BL2THE-001A,,,,,1,,,"Julianne Moore, Dominic West, Gary Sinise, Alfre Woodard, Linus Roache",1.85:1,,,,,,,,2026-09-16,1
e90crbc5u2,movie,"Snatch (Special Edition)","Guy Ritchie",Guy,Ritchie,"Rental Library",0043396015661,043396015661,"Unscrupulous boxing promoters, violent bookies, a Russian gangster, incompetent amateur robbers, and supposedly Jewish jewellers fight to track down a priceless stolen diamond.","Sony Pictures Home Entertainment",2003-06-03,,"drama, dvd",,,146,,191-DVDSNA-001A,,,,,1,,,"Benicio Del Toro, Dennis Farina, Jason Flemyng, Vinnie Jones, Brad Pitt",1.85:1,,,,,,,,2026-09-16,1
ftobygme5y,movie,"You've Got Mail","Nora Ephron",Nora,Ephron,"Rental Library",0085391695424,085391695424,"Book superstore magnate Joe Fox and independent book shop owner Kathleen Kelly fall in love in the anonymity of the Internet—both blissfully unaware that he's trying to put her out of business.","Warner Home Video",1999-05-04,,"dvd, romantic-comedy",,,119,,191-DVDYOU-001A,,,,,1,,,"Tom Hanks, Meg Ryan, Katie Sagona, Greg Kinnear, Parker Posey",1.85:1,,,,,,,,2026-09-16,1
qhftb2gwe4,movie,"Catch Me If You Can",,,,"Rental Library",0667068998221,667068998221,"A true story about Frank Abagnale Jr. who, before his 19th birthday, successfully conned millions of dollars worth of checks as a Pan Am pilot, doctor, and legal prosecutor. An FBI agent makes it his mission to put him behind bars. But Frank not only eludes capture, he revels in the pursuit.","Paramount Pictures Home Entertainment",2017-12-19,,"drama, dvd",,,141,,191-DVDCAT-001A,,,,,1,,,"Leonardo DiCaprio, Tom Hanks, Candice Azzara, Nathalie Baye, James Brolin",1.85:1,,,,,,,,2026-09-16,1
6um4ln78dt,movie,"Catch and Release","Susannah Grant",Susannah,Grant,"Rental Library",0043396138896,043396138896,"For a grieving fiancée, learning to love again requires the help of her late love's three best friends.","Sony Pictures Home Entertainment",2007-05-08,,"dvd, romantic-comedy",,,112,,05487610,,,,,1,,,"Jennifer Garner, Timothy Olyphant, Kevin Smith, Sam Jaeger, Tina Lifford",2.35:1,,,,,,,,2026-09-16,1
ri15de3xoz,movie,"The Wedding Planner",,,,"Rental Library",0043396061576,043396061576,"San Francisco's premiere wedding planner, Mary Fiore is rescued from an accident by the man of her dreams, pediatrician Steve Edison, only to find he is the fiancé of her latest client. As Mary continues making their wedding arrangements, she and Steve are put into a string of uncomfortable situations that force them to face their mutual attraction.",,,,"dvd, romantic-comedy",,,,,05389306,,,,,,,,,,,,,,,,,2026-09-16,1
m4xlvid31h,movie,Ray,"Taylor Hackford",Taylor,Hackford,"Rental Library",0025193061225,025193061225,"Born on a sharecropping plantation in Northern Florida, Ray Charles went blind at seven. Inspired by a fiercely independent mom who insisted he make his own way, He found his calling and his gift behind a piano keyboard. Touring across the Southern musical circuit, the soulful singer gained a reputation and then exploded with worldwide fame when he pioneered coupling gospel and country together.","Universal Pictures Home Entertainment",2007-01-23,,"dvd, musical",,,153,,97658106,,,,,1,,,"Jamie Foxx, Regina King, Kerry Washington, Clifton Powell, Harry Lennix",1.85:1,,,,,,,,2026-09-16,1
obayhk90an,movie,Grease,"Randal Kleiser",Randal,Kleiser,"Rental Library",0032429296573,32429296573,"Australian good girl Sandy and greaser Danny fell in love over the summer. But when they unexpectedly discover they're now in the same high school, will they be able to rekindle their romance despite their eccentric friends?","Paramount Pictures Home Entertainment",2018-04-24,,"dvd, musical",,,110,,97592570,,,,,1,,,"Frankie Avalon, Didi Conn, John Travolta, Jeff Conaway, Stockard Channing",,,,,,,,,2026-09-16,1
cnri5wgmmk,movie,"Beyond White Space",,,,"Rental Library",31398298847,031398298847,"When a deep space fishing vessel is robbed by a gang of pirates, the Captain makes a daring decision to go after a rare and nearly extinct species. His obsession propels them further into space as the crew spins toward mutiny and betrayal.","Lionsgate Home Entertainment",2019-01-15,,"dvd, sci-fi",,,,,97527034,,,,,1,,,"Holt McCallany, Zulay Henao, Dave Sheridan",,,,,,,,,2026-09-16,1
kq7foskysl,movie,"Minority Report",,,,"Rental Library",0678149019124,678149019124,"John Anderton is a top 'Precrime' cop in the late-21st century, when technology can predict crimes before they're committed. But Anderton becomes the quarry when another investigator targets him for a murder charge.",,2002-12-17,,"action, dvd",,,,,97461498,,,,,,,,,,,,,,,,,2026-09-16,1
t0bpwp693y,movie,"The Bourne Supremacy","Paul Greengrass",Paul,Greengrass,"Rental Library",25192025457,025192025457,"A CIA operation to purchase classified Russian documents is blown by a rival agent, who then shows up in the sleepy seaside village where Bourne and Marie have been living. The pair run for their lives and Bourne, who promised retaliation should anyone from his former life attempt contact, is forced to once again take up his life as a trained assassin to survive.","Universal Studios",2009-03-22,,"action, dvd",,,109,,97330426,,,,,1,,,"Matt Damon, Franka Potente, Brian Cox, Julia Stiles, Karl Urban",2.35:1,,,,,,,,2026-09-16,1
prw191kno7,movie,"The Bourne Ultimatum",,,,"Rental Library",25192105135,025192105135,"Bourne is brought out of hiding once again by reporter Simon Ross who is trying to unveil Operation Blackbriar, an upgrade to Project Treadstone, in a series of newspaper columns. Information from the reporter stirs a new set of memories, and Bourne must finally uncover his dark past while dodging The Company's best efforts to eradicate him.","UNIVERSAL STUDIOS HOME ENTERTA",,,"action, dvd",,,,,97297658,,,,,1,,,,,,,,,,,,2026-09-16,1
het0p0e19k,movie,"The Holiday","Nancy Meyers",Nancy,Meyers,"Rental Library",0043396173828,043396173828,"Two women, one American and one British, swap homes at Christmastime following bad breakups. Each woman finds romance with a local man but realizes that the imminent return home may end the relationship.","Sony Pictures Home Entertainment",2007-03-13,,"dvd, romantic-comedy",,,136,,97264890,,,,,1,,,"Cameron Diaz, Kate Winslet, Jude Law, Jack Black, Eli Wallach",2.35:1,,,,,,,,2026-09-16,1
9dcninu6rp,movie,"How to Train Your Dragon 2","Dean DeBlois",Dean,DeBlois,"Rental Library",0191329060872,191329060872,"Five years after uniting the dragons and Vikings of Berk, Hiccup and Toothless soar beyond their homeland, charting the vast unknown. During one of their adventures, the pair discover a secret cave that houses hundreds of wild dragons -- and a mysterious dragon rider with a startling connection to Hiccup. And as the ruthless dragon conqueror Drago Bludvist rises to seize control of both dragons and people alike, Hiccup must step into his role as a true leader and, alongside his friends and Toothless, protect Berk from a devastating war.","Studio Distribution Services",2018-06-05,,"dvd, kids-family",,,102,,97199354,,,,,1,,,"Jay Baruchel, Cate Blanchett, Gerard Butler, Craig Ferguson, America Ferrera",2.35:1,,,,,,,,2026-09-16,1
lsv83857b9,movie,"Ice Age","Nglish, E.",Nglish,Nglish,"Rental Library",0024543356868,024543356868,"Manny the mammoth, Sid the loquacious sloth, and Diego the sabre-toothed tiger go on a comical quest to return a human baby back to his father, across a world on the brink of an ice age.","20th Century Studios",2017-02-07,,"dvd, kids-family",,,,,97166586,,,,,5,,,,,,,,,,,,2026-09-16,1
7f2oao2hd6,movie,"Two Brothers","Jean-Jacques Annaud",Jean-Jacques,Annaud,"Rental Library",0025192412721,025192412721,"Two tigers are separated as cubs and taken into captivity, only to be reunited years later as enemies by an explorer (Pearce) who inadvertently forces them to fight each other.","Universal Pictures Home Entertainment",2017-07-04,,"dvd, kids-family",,,105,,96707834,,,,,1,,,"Guy Pearce, Jean-Claude Dreyfus, Freddie Highmore, Philippine Leroy-Beaulieu, Oanh Nguyen",2.35:1,,,,,,,,2026-09-16,1
j7s2g2fqlq,movie,"How to Train Your Dragon: The Hidden World","Dean DeBlois",Dean,DeBlois,"Rental Library",0191329059814,191329059814,"As Hiccup fulfills his dream of creating a peaceful dragon utopia, Toothless’ discovery of an untamed, elusive mate draws the Night Fury away. When danger mounts at home and Hiccup’s reign as village chief is tested, both dragon and rider must make impossible decisions to save their kind.","Studio Distribution Services",2019-05-21,,"dvd, kids-family",,,105,,96675066,,,,,1,,,"Jay Baruchel, America Ferrera, Cate Blanchett, Gerard Butler, Jonah Hill",2.35:1,,,,,,,,2026-09-16,1
iz56m6tlqm,movie,"The Smurfs","Raja Gosnell",Raja,Gosnell,"Rental Library",0043396376977,043396376977,"When the evil wizard Gargamel chases the tiny blue Smurfs out of their village, they tumble from their magical world and into ours -- in fact, smack dab in the middle of Central Park. Just three apples high and stuck in the Big Apple, the Smurfs must find a way to get back to their village before Gargamel tracks them down.","Columbia Pictures",2011-12-02,,"dvd, kids-family",,,103,,96609530,,,,,1,,,"Neil Patrick Harris, Anton Yelchin, Jayma Mays, Hank Azaria, Sofía Vergara",1.78:1,,,,,,,,2026-09-16,1
obayhyk0an,movie,"Alvin and the Chipmunks the Squeakquel",,,,"Rental Library",24543263159,024543263159,"Pop sensations Alvin, Simon and Theodore end up in the care of Dave Seville's twenty-something nephew Toby. The boys must put aside music super stardom to return to school, and are tasked with saving the school's music program by winning the $25,000 prize in a battle of the bands. But the Chipmunks unexpectedly meet their match in three singing chipmunks known as The Chipettes - Brittany, Eleanor and Jeanette. Romantic and musical sparks are ignited when the Chipmunks and Chipettes square off.","20th Century Fox",2016-03-01,,"dvd, kids-family",,,89,,96576762,,,,,1,,,,,,,,,,,,2026-09-16,1
v8u3j3p26q,movie,"Penguins of Madagascar","Eric Darnell, Simon J. Smith",Eric,Darnell,"Rental Library",0191329061008,191329061008,"Skipper, Kowalski, Rico and Private join forces with undercover organization The North Wind to stop the villainous Dr. Octavius Brine from destroying the world as we know it.","Studio Distribution Services",2018-06-05,,"dvd, kids-family",,,92,,96281850,,,,,1,,,"Tom McGrath, Chris Matthew Miller, Christopher Knights, Conrad Vernon, Benedict Cumberbatch",1.78:1,,,,,,,,2026-09-16,1
gakqfq7bt4,movie,"The Polar Express","Robert Zemeckis",Robert,Zemeckis,"Rental Library",0012569740648,12569740648,"When a doubting young boy takes an extraordinary train ride to the North Pole, he embarks on a journey of self-discovery that shows him that the wonder of life never fades for those who believe.","Studio Distribution Services",2006-10-03,,"dvd, kids-family",,,100,,96118010,,,,,1,,,"Tom Hanks, Nona Gaye, Peter Scolari, Michael Jeter, Eddie Deezen",2.40:1,,,,,,,,2026-09-16,1
8g3k7kzohq,movie,"It's The Great Pumpkin, Charlie Brown.",Various,Various,Various,"Rental Library",0883929006496,883929006496,"Join the Peanuts gang for a timeless adventure as Charlie Brown preps for a party, Snoopy sets his sights on the Red Baron, and Linus patiently awaits a pumpkin patch miracle.","Studio Distribution Services",2008-09-02,,"dvd, kids-family",,,300,,96052474,,,,,1,,,Various,1.33:1,,,,,,,,2026-09-16,1
56dmxmlv9x,movie,Doogal,"Dave Borthwick, Frank Passingham, Jean Duval",Dave,Borthwick,"Rental Library",0796019821476,796019821476,"An adorable candy-loving mutt goes on a mission to save the world.","Liosngate Pictures Entertainment",2006-05-16,,"dvd, kids-family",,,,,96019706,,,,,1,,,,,,,,,,,,2026-09-16,1
2ogpzqwtqt,movie,"Beverly Hills Chihuahua 2","Alex Zamm",Alex,Zamm,"Rental Library",786936808605,786936808605,"Puppy mayhem turns the lives of newlywed Chihuahua parents Papi and Chloe upside down when their rambunctious, mischievous puppies present one challenge after another. But when their human owners end up in trouble, the tiny pups will stop at nothing to save them - because in good times and hard times, the family always sticks together. So Papi, Chloe and the puppies embark on a heroic adventure, proving once again that big heroes come in small packages.","Walt Disney Studios",2011-02-01,,"dvd, kids-family",,,84,,52047098,,,,,1,,,"Odette Yustman, Zachary Gordon, Christine Lakin, Ernie Hudson, George Lopez",1.78:1,,,,,,,,2026-09-17,1
w1e6kc3isd,movie,"The Lego Movie","Phil Lord, Christopher Miller",Phil,Lord,"Rental Library",0883929387526,883929387526,"An ordinary Lego mini-figure, mistakenly thought to be the extraordinary MasterBuilder, is recruited to join a quest to stop an evil Lego tyrant from conquering the universe.",WarnerBrothers,2014-06-17,,"dvd, kids-family",,,100,,52014330,,,,,2,,,"Chris Pratt, Will Arnett, Elizabeth Banks, Morgan Freeman, Nick Offerman",,,,,,,,,2026-09-17,1
qhf94b3we4,movie,Hoot,,,,"Rental Library",0794043103599,794043103599,"A young man moves from Montana to Florida with his family, where he's compelled to engage in a fight to protect a population of endangered owls.",,,,"dvd, kids-family",,,,,51817722,,,,,,,,,,,,,,,,,2026-09-17,1
bpyi8etcho,movie,"The Adventures of Milo and Otis","Masanori Hata",Masanori,Hata,"Rental Library",0043396501492,043396501492,"When Milo the cat and Otis the dog are separated, they each set off on an adventurous and often perilous quest across mountains, plains, and snow-covered lands to reunite with one another.","Sony Pictures Home Entertainment",1999-08-31,,"dvd, kids-family",,,75,,51588346,,,,,1,,,,1.33:1,,,,,,,,2026-09-17,1
6umkels8dt,movie,"Curious George",,,,"Rental Library",0025192615924,025192615924,"When The Man in the Yellow Hat befriends Curious George in the jungle, they set off on a non-stop, fun-filled journey through the wonders of the big city toward the warmth of true friendship.",,,,"dvd, kids-family",,,,,51457274,,,,,,,,,,,,,,,,,2026-09-17,1
8g3y57eohq,movie,"The Black Dahlia","Brian De Palma",Brian,Palma,"Rental Library",0025192918025,025192918025,"In 1940s Los Angeles, two former boxers-turned-cops must grapple with corruption, narcissism, stag films and family madness as they pursue the killer of an aspiring young actress.","Universal Pictures Home Entertainment",2017-07-04,,"dvd, thriller",,,122,,51358970,,,,,1,,,"Josh Hartnett, Scarlett Johansson, Hilary Swank, Aaron Eckhart, John Kavanagh",2.35:1,,,,,,,,2026-09-17,1
m4x70vc31h,movie,"Laser Mission","B.J. Davis, Beau J Davis",B.J.,Davis,"Rental Library",0644827735723,644827735723,"A CIA agent is sent to get Professor Braun before the KGB can seize him as the Prof's knowledge, together with a recently stolen diamond, could be used to make a laser cannon.","Reel Vault",2017-05-15,,"dvd, thriller",,,,,47951098,,,,,1,,,"Brandon Lee, Debi Monahan, Ernest Borgnine, Graham Clarke, Werner Pochath",,,,,,,,,2026-09-17,1
8g3y5huohq,movie,Twisted,"Philip Kaufman",Philip,Kaufman,"Rental Library",0097360512540,097360512540,"Recently promoted and transferred to the homicide division, Inspector Jessica Shepard feels pressure to prove herself -- and what better way than by solving San Francisco's latest murder? However, as Shepard and her partner, Mike Delmarco, soon discover, the victim shared a romantic connection to her. As more of Shepard's ex-lovers turn up dead, her mind starts to become unstable, and she begins to wonder if she could be the very killer she's trying to track down.",Paramount,2004-08-31,,"dvd, thriller",,,97,,47918330,,,,,1,,,"Ashley Judd, Samuel L. Jackson, Andy Garcia, David Strathairn, Russell Wong",1.33:1,,,,,,,,2026-09-17,1
prwzg6jno7,movie,"The Shallows","Jaume Collet-Serra",Jaume,Collet-Serra,"Rental Library",0043396470859,043396470859,"While surfing on a secluded beach, Nancy finds herself in the feeding grounds of a great white shark. Though stranded only 200 yards from shore, survival proves to be the ultimate test of wills, requiring all of her ingenuity, resourcefulness, and fortitude.","Sony Pictures Home Entertainment",2016-09-27,,"dvd, thriller",,,86,,47885562,,,,,1,,,"Blake Lively",,,,,,,,,2026-09-17,1
3kjhdtxarj,movie,"The Ghost Writer","Roman Polanski",Roman,Polanski,"Rental Library",0025192067501,025192067501,"A writer stumbles upon a long-hidden secret when he agrees to help former British Prime Minister Adam Lang complete his memoirs on a remote island after the politician's assistant drowns in a mysterious accident.","Summit Entertainment",2010-10-03,,"dvd, thriller",,,128,,47787258,,,,,1,,,"Ewan McGregor, Pierce Brosnan, Kim Cattrall, Tom Wilkinson, Timothy Hutton",,,,,,,,,2026-09-17,1
hetdjnt19k,movie,"I am Wrath","Chuck Russell",Chuck,Russell,"Rental Library",0031398247203,031398247203,"A man is out for justice after a group of corrupt police officers are unable to catch his wife's killer.",Lionsgate,2016-07-26,,"action, dvd",,,93,,41889018,,,,,1,,,"John Travolta, Christopher Meloni, Amanda Schull, Sam Trammell, Patrick St. Esprit",,,,,,,,,2026-09-17,1
nxisb8741p,movie,Passengers,"Morten Tyldum",Morten,Tyldum,"Rental Library",0043396471078,043396471078,"A spacecraft traveling to a distant colony planet and transporting thousands of people has a malfunction in its sleep chambers. As a result, two passengers are awakened 90 years early.","Sony Pictures Home Entertainment",2017-03-14,,"dvd, sci-fi",,,116,,41856250,,,,,1,,,"Jennifer Lawrence, Chris Pratt, Michael Sheen, Laurence Fishburne, Andy Garcia",,,,,,,,,2026-09-17,1
lsvora97b9,movie,"The Watch","Akiva Schaffer",Akiva,Schaffer,"Rental Library",0024543814429,024543814429,"Four everyday suburban guys come together as an excuse to escape their humdrum lives one night a week. But when they accidentally discover that their town has become overrun with aliens posing as ordinary suburbanites, they have no choice but to save their neighborhood – and the world – from total extermination.","20th Century Fox",2012-11-13,,"comedy, dvd",,,102,,41626874,,,,,1,,,"Jonah Hill, Ben Stiller",2.35:1,,,,,,,,2026-09-17,1
u34q9fqgnz,movie,Unstoppable,"Tony Scott",Tony,Scott,"Rental Library",0024543716600,024543716600,"When a massive, unmanned locomotive roars out of control, the threat is more ominous than just a derailment. The train is laden with toxic chemicals, and an accident would decimate human life and cause an environmental disaster. The only hope of bringing the train to a safe stop is in the hands of veteran engineer Frank Barnes, and young conductor Will Colson, who must risk their lives to save those in the runaway's path. Inspired by true events.","20th Century Fox",2011-02-15,,"action, dvd",,,98,,41397498,,,,,1,,,"Chris Pine, Denzel Washington",2.40:1,,,,,,,,2026-09-17,1
iz58y3olqm,movie,"16 Blocks","Richard Donner",Richard,Donner,"Rental Library",12569810280,012569810280,"An aging cop is assigned the ordinary task of escorting a fast-talking witness from police custody to a courthouse, but they find themselves running the gauntlet as other forces try to prevent them from getting there.","Warner Home Video",2006-06-13,,"action, dvd",,,105,,41200890,,,,,1,,,"Bruce Willis, Mos Def, David Morse, Jenna Stern, Casey Sander",2.40:1,,,,,,,,2026-09-17,1
obarv1j0an,movie,"Batman v Superman: Dawn of Justice",,,,"Rental Library",883929447404,883929447404,"Fearing the actions of a god-like Super Hero left unchecked, Gotham City’s own formidable, forceful vigilante takes on Metropolis’s most revered, modern-day savior, while the world wrestles with what sort of hero it really needs. And with Batman and Superman at war with one another, a new threat quickly arises, putting mankind in greater danger than it’s ever known before.","Warner Brothers",2016-07-19,,"action, dvd",,,111,,41168122,,,,,1,,,"Ben Affleck, Henry Cavill",,,,,,,,,2026-09-17,1
e90m7xn5u2,movie,"Flags of Our Fathers","Clint Eastwood",Clint,Eastwood,"Rental Library",0097361235042,097361235042,"There were five Marines and one Navy Corpsman photographed raising the U.S. flag on Mt. Suribachi by Joe Rosenthal on February 23, 1945. This is the story of three of the six surviving servicemen - John 'Doc' Bradley, Pvt. Rene Gagnon and Pvt. Ira Hayes - who fought in the battle to take Iwo Jima from the Japanese.","Dreamworks Video",2007-02-06,,"drama, dvd",,,132,,80285178,,,,,1,,,"Ryan Phillippe, Barry Pepper, Joseph Cross, Jesse Bradford, Christopher Curry",1.33:1,,,,,,,,2026-09-17,1
v8ua1qy26q,movie,Fences,"Denzel Washington",Denzel,Washington,"Rental Library",0032429263520,032429263520,"In 1950s Pittsburgh, a frustrated African-American father struggles with the constraints of poverty, racism, and his own inner demons as he tries to raise a family.","Paramount Pictures Home Entertainment",2017-12-19,,"drama, dvd",,,138,,79859194,,,,,1,,,"Viola Davis, Denzel Washington",,,,,,,,,2026-09-17,1
gakw6esbt4,movie,Hardball,"Brian Robbins",Brian,Robbins,"Rental Library",0097363307945,097363307945,"An aimless young man who is scalping tickets, gambling and drinking, agrees to coach a Little League team from the Cabrini Green housing project in Chicago as a condition of getting a loan from a friend.",Paramount,2002-02-19,,"drama, dvd",,,106,,79793658,,,,,1,,,"Keanu Reeves, Diane Lane, John Hawkes, Bryan Hearne, Julian Griffith",1.85:1,,,,,,,,2026-09-17,1
dmnjtssu84,movie,Phenomenon,"Jon Turteltaub, Phedon Papamichael",Jon,Turteltaub,"Rental Library",0717951000095,717951000095,"An ordinary man sees a bright light descend from the sky, and discovers he now has super-intelligence and telekinesis.","TOUCHSTONE PICTURES",1997-12-03,,"drama, dvd",,,123,,79728122,,,,,1,,,"John Travolta, Kyra Sedgwick, Forest Whitaker, Robert Duvall, Jeffrey Demunn",2.35:1,,,,,,,,2026-09-17,1
w1e6kmaisd,movie,"Road to Perdition","Sam Mendes",Sam,Mendes,"Rental Library",0032429276117,032429276117,"Mike Sullivan works as a hit man for crime boss John Rooney. Sullivan views Rooney as a father figure, however after his son is witness to a killing, Mike Sullivan finds himself on the run in attempt to save the life of his son and at the same time looking for revenge on those who wronged him.",PARAMOUNT,2017-05-09,,"drama, dvd",,,116,,79662586,,,,,1,,,"Daniel Craig, Paul Newman, Jude Law, Jennifer Jason Leigh, Stanley Tucci",,,,,,,,,2026-09-17,1
bpyi859cho,movie,"Feel the Noise","Alejandro Chomski",Alejandro,Chomski,"Rental Library",0043396232860,043396232860,"After a run-in with local thugs, aspiring Harlem rapper Rob flees to a place and father he never knew, and finds his salvation in Reggaeton, a spicy blend of hip-hop, reggae and Latin beats. Puerto Rico, the spiritual home of Reggaeton, inspires Rob and his step-brother Javi to pursue their dream of becoming Reggaeton stars. Together with a dancer named C.C., they learn what it means to stay true to themselves and each other, while overcoming obstacles in love, greed and pride, all culminating in an explosive performance at New York’s Puerto Rican Day Parade.","Sony Pictures Home Entertainment",2008-01-29,,"drama, dvd",,,89,,79629818,,,,,1,,,"Omarion Grandberry, Zulay Henao, James McCaffrey, Kellita Smith, Malik Yoba",1.85:1,,,,,,,,2026-09-17,1
8g3y5h5ohq,movie,Infamous,"Douglas McGrath",Douglas,McGrath,"Rental Library",0085391137382,085391137382,"While researching his book In Cold Blood, writer Truman Capote develops a close relationship with convicted murderers Dick Hickock and Perry Smith.","Warner Home Video",2010-04-06,,"drama, dvd",,,118,,79400442,,,,,1,,,"Sigourney Weaver, Toby Jones, Gwyneth Paltrow, Sandra Bullock, Daniel Craig",1.85:1,,,,,,,,2026-09-17,1
56d3hjzv9x,movie,"The Patriot","ROLAND EMMERICH",ROLAND,EMMERICH,"Rental Library",0043396057319,043396057319,"After proving himself on the field of battle in the French and Indian War, Benjamin Martin wants nothing more to do with such things, preferring the simple life of a farmer. But when his son Gabriel enlists in the army to defend their new nation, America, against the British, Benjamin reluctantly returns to his old life to protect his son.",Columbia,,,"drama, dvd",,,165,,79302138,,,,,,,,"MEL GIBSON, JOELY RICHARDSON",,,,,,,,,2026-09-17,1
ri1vaukxoz,movie,"A Fool and His Money","David E Talbert, David E. Talbert",David,Talbert,"Rental Library",0014381694727,014381694727,"New York advertising executive Morris Codman seems to have it all - lots of talent and a beautiful girlfriend, Debbie. When he loses his job he decides to use his advertising expertise to create, package and market a shady product that will make him millions. Debbie tries to convince him that money isn't everything and she loves him just the way he is. Morris' bizarre antics in promoting his product surprisingly lead to a fortune, but can love survive his quest for the almighty dollar?","Alliance Home Entertainment",2012-06-05,,"dvd, romantic-comedy",,,110,,62885370,,,,,1,,,"Ann Nesby, Chyna Layne, Cindy, Cindy Herron-Braggs, Eddie Griffin",,,,,,,,,2026-09-17,1
0cpx2zodcu,movie,"Must Love Dogs","Gary David Goldberg",Gary,Goldberg,"Rental Library",0012569593442,012569593442,"Sarah Nolan is a newly divorced woman cautiously rediscovering romance with the enthusiastic but often misguided help of her well-meaning family. As she braves a series of hilarious disastrous mismatches and first dates, Sarah begins to trust her own instincts again and learns that, no matter what, it's never a good idea to give up on love.","Warner Home Video",2005-12-01,,"dvd, romantic-comedy",,,98,,62787066,,,,,1,,,"Diane Lane, John Cusack, Elizabeth Perkins, Christopher Plummer, Dermot Mulroney",1.33:1,,,,,,,,2026-09-17,1
ywh53uxr71,movie,"Murphy's Romance",,,,"Rental Library",0043396064997,043396064997,"Emma, a divorced single mother seeking to start her life over, moves to a small town in Arizona. She befriends Murphy, the older local pharmacist, but things turn complicated when her ex-husband shows up.","Columbia TriStar Home Entertainment",,,"dvd, romantic-comedy",,,,,62754298,,,,,,,,,,,,,,,,,2026-09-17,1
obarvzu0an,movie,"As Good As It Gets",,,,"Rental Library",0043396156371,043396156371,"A misanthropic author, a single mother and waitress, and a gay artist form an unlikely friendship after the artist is assaulted in a robbery.",,,,"dvd, romantic-comedy",,,,,62655994,,,,,,,,,"1.33:1, 1.85:1",,,,,,,,2026-09-17,1
8g3y51gohq,movie,"The Darkness","Greg McLean",Greg,McLean,"Rental Library",0025192257971,025192257971,"A family returns from a Grand Canyon vacation with a supernatural presence in tow.","Universal Pictures Home Entertainment",2016-09-06,,"dvd, horror",,,93,,62623226,,,,,1,,,"Kevin Bacon, Radha Mitchell, Lucy Fry, David Mazouz, Ming-Na Wen",2.40:1,,,,,,,,2026-09-17,1
prwzg8qno7,movie,"The Skeleton Key","Iain Softley",Iain,Softley,"Rental Library",0025192585029,025192585029,"A hospice nurse working at a spooky New Orleans plantation home finds herself entangled in a mystery involving the house's dark past.","Universal Pictures Home Entertainment",2010-11-02,,"dvd, horror",,,104,,62524922,,,,,1,,,"Kate Hudson, Gena Rowlands, John Hurt, Peter Sarsgaard, Joy Bryant",2.35:1,,,,,,,,2026-09-17,1
3kjhd9jarj,movie,Believers,"Daniel Myrick",Daniel,Myrick,"Rental Library",0012569834880,012569834880,"Two paramedics responding to an emergency call find themselves kidnapped by a religious sect whose great obsession is to stop the end of the world by committing suicide and killing people.","Warner Home Video",,,"dvd, horror",,,101,,62492154,,,,,,,,"Daniel Benzali, Jon Huertas, June Angela, Kyle Adahl, Nino Aldi",,,,,,,,,2026-09-17,1
hetdj4919k,movie,"Bone Daddy","Mario Azzopardi",Mario,Azzopardi,"Rental Library",96009248895,096009248895,"Doctor Palmer, a former pathologist, wrote a fictional book based on his real cases. In the book, the madman gets caught, but in reality he is still uncaught. After the book is released, Palmer's editor is kidnapped. Palmer soon is sent a present containing a page of his book, and a bone from his editor. Together with the police, Palmer tries to find his editor, who might still be alive. In addition, his own son becomes one of the main suspects. Written by Julian Reischl","Platinum Disc",2005-03-01,,"dvd, horror",,,90,,62459386,,,,,1,,,"Rutger Hauer, Barbara Williams, R.H. Thomson, Joseph Kell, Robin Gammell",,,,,,,,,2026-09-17,1
nxisboh41p,movie,"Born Romantic","David Kane",David,Kane,"Rental Library",9780792852490,027616874795,"In modern-day London, three men (Craig Ferguson, Jimi Mistry and David Morrissey) and three women (Olivia Williams, Jane Horrocks and Catherine McCormack) fall in and out of love and back again, to the Greek-chorus accompaniment of two cab drivers, who engage in an ongoing conversation about sex. A winning romantic comedy, Born Romantic is the second feature by British writer-director David Kane of This Year's Love fame.","MGM (Video & DVD)",2002-05-21,,"dvd, romantic-comedy",,,96,,70853626,,,,,1,,,"Craig Ferguson, Ian Hart, Jane Horrocks, Adrian Lester, Catherine McCormack",1.85:1,,,,,,,,2026-09-17,1
u34q9ewgnz,movie,"Johnny English Reborn","Oliver Parker",Oliver,Parker,"Rental Library",0025192076404,025192076404,"The most prominent heads of state in the world begin gathering for a conference that could have a major impact on global politics. When MI-7 receives word that the Chinese premier has become the target of some high-powered killers, it falls on Johnny English to save the day. Armed with the latest high-tech weaponry and gadgets that would make even James Bond jealous, the once-disgraced agent uncovers evidence of a massive conspiracy involving some of the world's most powerful organisations, and vows to redeem his tarnished reputation by stopping the killers before they can strike.","Universal Pictures",2017-07-04,,"comedy, dvd",,,102,,70788090,,,,,1,,,"Rosamund Pike, Dominic West",2.35:1,,,,,,,,2026-09-17,1
obarvzq0an,movie,"21 Jump Street","Phil Lord, Chris Miller",Phil,Lord,"Rental Library",43396399778,043396399778,"When cops Schmidt and Jenko join the secret Jump Street unit, they use their youthful appearances to go undercover as high school students. They trade in their guns and badges for backpacks, and set out to shut down a dangerous drug ring. But, as time goes on, Schmidt and Jenko discover that high school is nothing like it was just a few years earlier -- and, what's more, they must again confront the teenage terror and anxiety they thought they had left behind.","Sony Pictures Studios",2012-06-26,,"comedy, dvd",,,109,,70722554,,,,,1,,,"Jonah Hill, Channing Tatum, Brie Larson, Dave Franco",2.40:1,,,,,,,,2026-09-17,1
ayq1u6epsz,movie,"Saw IV","Darren Lynn Bousman",Darren,Bousman,"Rental Library",0031398221975,031398221975,"Despite Jigsaw's death, and in order to save the lives of two of his colleagues, Lieutenant Rigg is forced to take part in a new game, which promises to test him to the limit.",Lionsgate,2008-01-22,,"dvd, horror",,,95,,70689786,,,,,1,,,"Tobin Bell, Lyriq Bent, Costas Mandylor",1.78:1,,,,,,,,2026-09-17,1
ftoclxke5y,movie,"Patriot Games","Phillip Noyce",Phillip,Noyce,"Rental Library",0097360564242,097360564242,"When CIA Analyst Jack Ryan interferes with an IRA assassination, a renegade faction targets Jack and his family as revenge.","Paramount Pictures Home Entertainment",2010-07-23,,"action, dvd",,,116,,70624250,,,,,1,,,"Harrison Ford, Anne Archer, Thora Birch, James Earl Jones, Sean Bean",2.35:1,,,,,,,,2026-09-17,1
gakw65fbt4,movie,"Deadwood the Movie","Daniel Minahan",Daniel,Minahan,"Rental Library",0883929689682,883929689682,"Follow the 10-year reunion of the Deadwood camp to celebrate South Dakota's statehood. Former rivalries are reignited, alliances are tested and old wounds are reopened, as all are left to navigate the inevitable changes that modernity and time have wrought.","Studio Distribution Services",2019-10-08,,"drama, dvd",,,,,70591482,,,,,1,,,"Paula Malcomson, John Hawkes, Brad Dourif, William Sanderson, Kim Dickens",,,,,,,,,2026-09-17,1
6umkeh78dt,movie,Snatchers,"Stephen Cedars, Benji Kleiman",Stephen,Cedars,"Rental Library",0883929697977,883929697977,"After status-obsessed teen Sara has sex for the first time, she wakes up the next day nine months pregnant-with an alien.","Studio Distribution Services",2020-02-18,,"dvd, horror",,,80,,70558714,,,,,1,,,"Mary Nepi, Gabrielle Elyse, J.J. Nolan, Austin Fryberger",,,,,,,,,2026-09-17,1
8g3y51vohq,movie,"It's a Wonderful Life","Frank Capra",Frank,Capra,"Rental Library",0097360754742,097360754742,"George Bailey has spent his entire life giving to the people of Bedford Falls. All that prevents rich skinflint Mr. Potter from taking over the entire town is George's modest building and loan company. But on Christmas Eve the business's $8,000 is lost and George's troubles begin.",Paramount,2009-11-03,,"dvd, holiday",,,130,,70394874,,,,,2,,,"James Stewart, Donna Reed, Lionel Barrymore, Thomas Mitchell, Henry Travers",1.33:1,,,,,,,,2026-09-17,1
0cpx2s0dcu,movie,"American Sniper",,,,"Rental Library",883929450299,883929450299,"U.S. Navy SEAL Chris Kyle takes his sole mission—protect his comrades—to heart and becomes one of the most lethal snipers in American history. His pinpoint accuracy not only saves countless lives but also makes him a prime target of insurgents. Despite grave danger and his struggle to be a good husband and father to his family back in the States, Kyle serves four tours of duty in Iraq. However, when he finally returns home, he finds that he cannot leave the war behind.","Warner Home Video",2015-05-19,,"drama, dvd",,,,,67838970,,,,,,,,,,,,,,,,,2026-09-17,1
m4x709a31h,movie,Moneyball,"Bennett Miller",Bennett,Miller,"Rental Library",0043396392250,43396392250,"The story of Oakland Athletics general manager Billy Beane's successful attempt to put together a baseball team on a budget, by employing computer-generated analysis to draft his players.","Sony Pictures Home Entertainment",2012-01-10,,"drama, dvd",,,133,,67806202,,,,,1,,,"Brad Pitt, Jonah Hill, Philip Seymour Hoffman, Robin Wright",1.85:1,,,,,,,,2026-09-17,1
obarvsg0an,movie,"Road Trip","Todd Phillips",Todd,Phillips,"Rental Library",0667068639520,667068639520,"After a student at the University of Ithaca films his one-night stand with a beautiful sorority girl, he discovers one of his friends has accidentally mailed the homemade sex tape to his girlfriend in Austin. In a frenzy, he must borrow a car and hit the road in a desperate bid to intercept the tape.","Dreamworks Video",2000-12-19,,"comedy, dvd",,,93,,67773434,,,,,1,,,"Breckin Meyer, Seann William Scott, Amy Smart, Paulo Costanzo, DJ Qualls",1.85:1,,,,,,,,2026-09-17,1
prwzgowno7,movie,Blink,"Michael Apted",Michael,Apted,"Rental Library",0794043672620,794043672620,"Emma is an attractive girl in her 20s who has been blind for 20 years. A new type of eye operation partially restores her sight, but she is having problems: sometimes she doesn't ""remember"" what she's seen until later. One night she is awakened by a commotion upstairs. Peering out of her door, she sees a shadowy figure descending the stairs. Convinced that her neighbour has been murdered she approaches the police, only to find that she is unsure if it was just her new eyes playing tricks on her.","New Line Home Video",2003-10-07,,"dvd, thriller",,,106,,67707898,,,,,1,,,"Madeleine Stowe, Aidan Quinn, James Remar, Peter Friedman, Bruce A. Young",1.33:1,,,,,,,,2026-09-17,1
9dc4fha6rp,movie,"21 & Over","Jon Lucas, Scott Moore",Jon,Lucas,"Rental Library",24543834250,024543834250,"Brilliant student Jeff Chang has the most important interview of his life tomorrow. But today is still his birthday, what starts off as a casual celebration with friends evolves into a night of debauchery that risks to derail his life plan.","20th Century Fox",2013-06-18,,"comedy, dvd",,,93,,67544058,,,,,1,,,"Miles Teller, Justin Chon, Jonathan Keltz, Sarah Wright, Skylar Astin",2.40:1,,,,,,,,2026-09-17,1
lsvorn87b9,movie,"The Brothers Grimm","Terry Gilliam",Terry,Gilliam,"Rental Library",0031398138082,031398138082,"Folklore collectors and con artists, Jake and Will Grimm, travel from village to village pretending to protect townsfolk from enchanted creatures and performing exorcisms. However, they are put to the test when they encounter a real magical curse in a haunted forest with real magical beings, requiring genuine courage.",LGF,2013-01-08,,"dvd, fantasy",,,,,67511290,,,,,1,,,"Matt Damon, Heath Ledger, Peter Stormare, Lena Headey, Jonathan Pryce",,,,,,,,,2026-09-17,1
j7stnm9qlq,movie,"The Sea Chase","John Farrow",John,Farrow,"Rental Library",0012569692282,012569692282,"As the Second World War breaks out, German freighter captain Karl Ehrlich is about to leave Sydney, Australia with his vessel, the Ergenstrasse. Ehrlich, an anti-Nazi but proud German, hopes to outrun or out-maneuver the British warship pursuing him. Aboard his vessel is Elsa Keller, a woman Ehrlich has been ordered to return to Germany safely along with whatever secrets she carries. When Ehrlich's fiercely Nazi chief officer Kirchner commits an atrocity, the British pursuit becomes deadly.","Warner Home Video",,,"drama, dvd",,,117,,40248314,,,,,1,,,"John Wayne, Lana Turner, David Farrar, Lyle Bettger, Tab Hunter",,,,,,,,,2026-09-17,1
u34q95ignz,movie,"Charlie St. Cloud","Burr Steers",Burr,Steers,"Rental Library",0025192050091,025192050091,"Accomplished sailor Charlie St. Cloud has the adoration of his mother Claire and his little brother Sam, as well as a college scholarship that will lead him far from his sleepy Pacific Northwest hometown. But his bright future is cut short when tragedy strikes and takes his dreams with it. After high school classmate Tess returns home unexpectedly, Charlie grows torn between honoring a promise he made four years earlier and moving forward with newfound love. As he finds the courage to let go of the past for good, Charlie discovers the soul most worth saving is his own.","Universal Pictures",2011-03-13,,"drama, dvd",,,100,,40215546,,,,,1,,,"Zac Efron, Kim Basinger",2.40:1,,,,,,,,2026-09-17,1
ayq1u85psz,movie,"Friends with Money","Nicole Holofcener",Nicole,Holofcener,"Rental Library",0043396150881,043396150881,"As she reaches her mid-thirties and quits her lucrative job, singleton Olivia finds herself unsure about her future and her relationships with her successful and wealthy friends. She begins to envy the security of her richer friends and, although their lives may seem easier, Olivia's friends have their problems too: screenwriters Christine and Patrick are unable to collaborate on their latest project, Jane and Aaron have lost the romance in their relationship, and Franny and Matt have difficulties handling the demands of parenthood.","Sony Pictures Home Entertainment",2006-08-29,,"comedy, dvd",,,88,,40051706,,,,,1,,,"Jennifer Aniston, Joan Cusack, Catherine Keener, Frances McDormand, Jason Isaacs","2.35:1, 1.33:1",,,,,,,,2026-09-17,1
6umke1h8dt,movie,"Last of the Dogmen","Tab Murphy",Tab,Murphy,"Rental Library",0738329258108,738329258108,"A Montana bounty hunter is sent into the wilderness to track three escaped prisoners. Instead he sees something that puzzles him. Later with a female Native Indian history professor, he returns to find some answers.","KL Studio Classics",2022-06-14,,"drama, dvd",,,118,,39986170,,,,,1,,,"Tom Berenger, Barbara Hershey, Kurtwood Smith",2.35:1,,,,,,,,2026-09-17,1
qhf943nwe4,movie,"Buffalo Boys","Mike Wiluan",Mike,Wiluan,"Rental Library",0857789008136,857789008136,"Betrayed by the Dutch colonial forces, Arana manages to escape along with his nephews Jamar and Suwo, the newborn sons of Hamza, one of the last Indonesian sultans fighting against foreign tyranny. In 1860, after wandering for years on the plains of the American Wild West, Arana and the two brothers return to Indonesia to avenge their dead loved ones and punish the evil man who caused their misfortune.","Samuel Goldwyn Films",2019-03-05,,"action, dvd",,,103,,39920634,,,,,1,,,"Yoshi Sudarso, Pevita Pierce, Ario Bayu",,,,,,,,,2026-09-17,1
ywh53bqr71,movie,"Love and Monsters","Michael Matthews",Michael,Matthews,"Rental Library",0032429350244,032429350244,"Seven years since the Monsterpocalypse began, Joel Dawson has been living underground in order to survive. But after reconnecting over radio with his high school girlfriend Aimee, Joel decides to venture out to reunite with her, despite all the dangerous monsters that stand in his way.",Paramount,2021-01-05,,"action, dvd",,,108,,39887866,,,,,1,,,"Dylan O'Brien, Michael Rooker, Jessica Henwick, Ariana Greenblatt, Dan Ewing",,,,,,,,,2026-09-17,1
obarvfb0an,movie,Taken,"Pierre Morel",Pierre,Morel,"Rental Library",0024543553526,024543553526,"Bryan Mills, a former government operative, is trying to reconnect with his teenage daughter Kim. After reluctantly agreeing with his ex-wife to let Kim go to Paris on vacation with a friend, his worst nightmare comes true. While on the phone with his daughter shortly after she arrives in Paris, she and her friend are abducted by a gang of human traffickers. Working against the clock, Bryan relies on his extensive training and skills to track down the ruthless gang that abducted her and launch a one-man war to rescue his daughter.","Twentieth Century Fox",2009-05-12,,"action, dvd",,,91,,39855098,,,,,1,,,"Liam Neeson, Maggie Grace, Leland Orser, Jon Gries, David Warshofsky",2.40:1,,,,,,,,2026-09-17,1
8g3y5scohq,movie,"Harry Potter and the Goblet of Fire","Mike Newell",Mike,Newell,"Rental Library",0883929558476,883929558476,"When his name emerges from the Goblet of Fire, Harry Potter becomes a competitor in a grueling battle for glory among three wizarding schools. Signs of Voldemort's return emerge as Harry's friends help him prepare for the Triwizard Tournament.","Warner Bros.",2016-10-04,,"dvd, fantasy",,,,,39822330,,,,,2,,,"Daniel Radcliffe, Rupert Grint, Emma Watson, Robbie Coltrane, Ralph Fiennes",,,,,,,,,2026-09-17,1
kq7emglysl,movie,"The Constant Gardener","Fernando Meirelles",Fernando,Meirelles,"Rental Library",0025192629228,025192629228,"Justin Quayle is a low-level British diplomat who has always gone about his work very quietly, not causing any problems. But after his radical wife Tessa is killed he becomes determined to find out why, thrusting himself into the middle of a very dangerous conspiracy.","Universal Pictures Home Entertainment",2017-07-04,,"dvd, thriller",,,129,,39724026,,,,,1,,,"Ralph Fiennes, Rachel Weisz, Danny Huston, Bill Nighy, Pete Postlethwaite",1.85:1,,,,,,,,2026-09-17,1
t0bnshb93y,movie,"Bad Boys II",,,,"Rental Library",0043396006195,043396006195,"Detectives Marcus Burnett and Mike Lowrey of the Miami Narcotics Task Force are tasked with stopping the flow of the drug Ecstasy into Miami. They track the drugs to the whacked-out Cuban drug lord Johnny Tapia, who is also involved in a bloody war with Russian and Haitian mobsters. If that isn't bad enough, there's tension between the two detectives when Marcus discovers that playboy Mike is secretly romancing Marcus’ sister, Syd.","Sony Pictures",2003-12-09,,"comedy, dvd",,,147,,86665722,,,,,2,,,"Will Smith, Martin Lawrence, Charlie Johnson Jr., Rey Hernandez, Jordi Mollà",2.40:1,,,,,,,,2026-09-17,1
3kjhd8warj,movie,Frida,,,,"Rental Library",0032429350879,032429350879,"A biography of artist Frida Kahlo, who channeled the pain of a crippling injury and her tempestuous marriage into her work.","Paramount Pictures Home Entertainment",2021-01-12,,"drama, dvd",,,123,,86534650,,,,,1,,,"Geoffrey Rush, Salma Hayek, Alfred Molina",,,,,,,,,2026-09-17,1
hetdjy819k,movie,"Monkey Trouble",,,,"Rental Library",0794043557224,794043557224,"Dodger, a criminal monkey, belongs to a crooked street performer but escapes his life of crime only to end up in the arms of Eva, an innocent little girl whose mother has no idea that her daughter is harboring a fugitive.",,,,"dvd, kids-family",,,,,86501882,,,,,,,,,,,,,,,,,2026-09-17,1
9dc4f1p6rp,movie,Seabiscuit,,,,"Rental Library",0025192328725,25192328725,"True story of the undersized Depression-era racehorse whose victories lifted not only the spirits of the team behind it but also those of their nation.","Universal Pictures Home Entertainment",2006-05-23,,"drama, dvd",,,141,,86272506,,,,,1,,,"Maguire, Tobey, Bridges, Jeff, Cooper, Chris, Bowen, Cameron, Bess, Mariah",2.35:1,,,,,,,,2026-09-17,1
obarvfi0an,movie,"The Hunt for Red October","John McTiernan",John,McTiernan,"Rental Library",0097360564044,97360564044,"A new technologically-superior Soviet nuclear sub, the Red October, is heading for the U.S. coast under the command of Captain Marko Ramius. The American government thinks Ramius is planning to attack. Lone CIA analyst Jack Ryan has a different idea: he thinks Ramius is planning to defect, but he has only a few hours to find him and prove it - because the entire Russian naval and air commands are trying to find Ramius, too. The hunt is on!",Paramount,2003-05-06,,"action, dvd",,,135,,86239738,,,,,1,,,"Sean Connery, Alec Baldwin, Scott Glenn, Sam Neill, James Earl Jones",2.35:1,,,,,,,,2026-09-17,1
e90m7wy5u2,movie,"Baby Geniuses and the Space Baby","Sean McNamara",Sean,McNamara,"Rental Library",43396478947,043396478947,"When a Space Baby crash lands on Earth, the Baby Squad must race against time to stop an evil villain from taking over the universe!","Sony Pictures Home Entertainment",2016-07-05,,"dvd, kids-family",,,82,,86174202,,,,,1,,,"Jon Voight, Casey Graf, Skyler Shave",1.78:1,,,,,,,,2026-09-17,1
ftoclqre5y,movie,"Knock Off","Hark Tsui",Hark,Tsui,"Rental Library",0043396258891,043396258891,"A fashion designer and his CIA agent business partner must join forces to stop a group of terrorists from smuggling explosives in counterfeit jeans during the handover of Hong Kong.","Sony Pictures Home Entertainment",1998-12-29,,"action, dvd",,,91,,86010362,,,,,1,,,"Rob Schneider, Paul Sorvino, Jean-Claude Van Damme, Lela Rochon",1.33:1,,,,,,,,2026-09-17,1
6umkez18dt,movie,ATL,"Chris Robinson (II)",Chris,(II),"Rental Library",0012569763715,012569763715,"As four friends prepare for life after high school, different challenges bring about turning points in each of their lives. The dramas unfold and resolve at their local rollerskating rink, Cascade.",WarnerBrothers,2008-01-08,,"drama, dvd",,,107,,85912058,,,,,1,,,"Tip Harris, Lauren London, Antwan Andre Patton, Mykelti Williamson, Keith David",,,,,,,,,2026-09-17,1
dmnjt55u84,movie,"Pitch Perfect 2","Elizabeth Banks",Elizabeth,Banks,"Rental Library",0025192242045,025192242045,"The Bellas are back, and they are better than ever. After being humiliated in front of none other than the President of the United States of America, the Bellas are taken out of the Aca-Circuit. In order to clear their name, and regain their status, the Bellas take on a seemingly impossible task: winning an international competition no American team has ever won. In order to accomplish this monumental task, they need to strengthen the bonds of friendship and sisterhood and blow away the competition with their amazing aca-magic! With all new friends and old rivals tagging along for the trip, the Bellas can hopefully accomplish their dreams.",Universal,2015-09-22,,"comedy, dvd",,,115,,85813754,,,,,1,,,"Anna Kendrick, Rebel Wilson, Brittany Snow, Elizabeth Banks, Hailee Steinfeld",1.85:1,,,,,,,,2026-09-17,1
8g3y5stohq,movie,"Galaxy Quest","Dean Parisot",Dean,Parisot,"Rental Library",0032429256959,032429256959,"For four years, the courageous crew of the NSEA Protector — Commander Peter Quincy Taggart, Lieutenant Tawny Madison, and Doctor Lazarus — set off on a thrilling and often dangerous mission in space... until their series was cancelled! Now, twenty years later, aliens under attack have mistaken the Galaxy Quest television transmissions for ""historical documents"" and beam up the crew of has-been actors to save the universe. With no script, no director, and no clue, the actors must turn in the performances of their lives.","Paramount Pictures Home Entertainment",2017-04-25,,"comedy, dvd",,,102,,85682682,,,,,1,,,"Alan Rickman, Kevin McDonald, Sam Rockwell, Enrico Colantoni, Daryl Mitchell",,,,,,,,,2026-09-17,1
xlz2pmyjps,movie,"Time Bandits","Terry Gilliam",Terry,Gilliam,"Rental Library",0715515133319,715515133319,"Young history buff Kevin can scarcely believe it when six dwarfs emerge from his closet one night. Former employees of the Supreme Being, they've purloined a map charting all of the holes in the fabric of time and are using it to steal treasures from different historical eras. Taking Kevin with them, they variously drop in on Napoleon, Robin Hood and King Agamemnon before the Supreme Being catches up with them.","Criterion Collection",2014-12-09,,"dvd, fantasy",,,116,,85649914,,,,,2,,,"Sean Connery, Shelley Duvall, Ralph Richardson",1.85:1,,,,,,,,2026-09-17,1
4jlfcu4kbx,movie,"Erin Brockovich","Steven Soderbergh",Steven,Soderbergh,"Rental Library",0025192078323,25192078323,"A twice-divorced mother of three who sees an injustice, takes on the bad guy and wins -- with a little help from her push-up bra. Erin goes to work for an attorney and comes across medical records describing illnesses clustered in one nearby town. She starts investigating and soon exposes a monumental cover-up.","Universal Pictures Home Entertainment",2007-01-23,,"drama, dvd",,,132,,01867002,,,,,1,,,"Julia Roberts, Albert Finney, Aaron Eckhart, Marg Helgenberger, Peter Coyote",1.85:1,,,,,,,,2026-09-17,1
ri1vamjxoz,movie,"A Beautiful Mind","Ron Howard",Ron,Howard,"Rental Library",0025192012204,025192012204,"From the heights of notoriety to the depths of depravity, John Forbes Nash Jr. experiences it all. As a brilliant but socially awkward mathematician, he made a groundbreaking discovery early in his career and stands on the brink of international acclaim. But as the handsome and arrogant Nash accepts secret work in cryptography, he becomes entangled in a mysterious conspiracy. His life takes a nightmarish turn and he soon finds himself on a painful and harrowing journey of self-discovery.",,,,"drama, dvd",,,,,01801466,,,,,,,,"Russell Crowe, Jennifer Connelly",,,,,,,,,2026-09-17,1
m4x708n31h,movie,"Captain Phillips","Paul Greengrass",Paul,Greengrass,"Rental Library",0043396417847,043396417847,"The true story of Captain Richard Phillips and the 2009 hijacking by Somali pirates of the US-flagged MV Maersk Alabama, the first American cargo ship to be hijacked in two hundred years.","Sony Pictures Home Entertainment",2014-01-21,,"drama, dvd",,,134,,01768698,,,,,1,,,"Tom Hanks, Barkhad Abdi, Barkhad Abdirahman, Faysal Ahmed, Mahat M. Ali",2.40:1,,,,,,,,2026-09-17,1
ywh53cwr71,movie,"The Queen","Frears, Stephen",Frears,Frears,"Rental Library",0031398138204,031398138204,"The Queen is an intimate behind the scenes glimpse at the interaction between HM Elizabeth II and Prime Minister Tony Blair during their struggle, following the death of Diana, to reach a compromise between what was a private tragedy for the Royal family and the public's demand for an overt display of mourning.","Lions Gate Home Entertainment",2011-04-12,,"drama, dvd",,,,,01703162,,,,,1,,,"Mirren, Helen, Sheen, Michael, Cromwell, James, Syms, Sylvia, Jennings, Alex",,,,,,,,,2026-09-17,1
cnrlo6kmmk,movie,"Horizon Line",,,,"Rental Library",0031398351740,031398351740,"A couple flying on a small plane to attend a tropical island wedding must fight for their lives after their pilot suffers a heart attack.","Liosngate Pictures Entertainment",2026-09-01,,"dvd, thriller",,,91,,01670394,,,,,,,,"Alexander Dreymon, Allison Williams, Keith David, Pearl Mackie",,,,,,,,,2026-09-17,1
8g3y5fmohq,movie,"Quantum of Solace",Various,Various,Various,"Rental Library",0883904333418,883904333418,"Betrayed by Vesper, the woman he loved, 007 fights the urge to make his latest mission personal. Pursuing his determination to uncover the truth, Bond and M interrogate Mr. White, who reveals that the organization that blackmailed Vesper is far more complex and dangerous than anyone had imagined.",WarnerBrothers,2020-07-06,,"action, dvd",,,,,01309946,,,,,1,,,Various,,,,,,,,,2026-09-17,1
nxisbus41p,movie,"The Terminal",,,,"Rental Library",0032429227126,032429227126,"An Eastern European tourist unexpectedly finds himself stranded in JFK airport, and must take up temporary residence there.","Paramount Home Ent",2015-06-09,,"comedy, dvd",,,,,01277178,,,,,1,,,"Catherine Zeta-Jones, Chi McBride, Stanley Tucci, Tom Hanks",,,,,,,,,2026-09-17,1
j7stna8qlq,movie,"Forgetting Sarah Marshall",,,,"Rental Library",0025192041860,025192041860,"When actress Sarah Marshall dumps aspiring musician Peter Bretter for rock star Aldous Snow, Peter's world comes crashing down. His best friend Brian suggests that Peter should get away from everything and to fly off to Hawaii to escape all his problems. After arriving in Hawaii and meeting the beautiful receptionist Rachel Jansen, Peter is shocked to see not only Aldous in Hawaii, but also Sarah.",,,,"dvd, romantic-comedy",,,,,01178874,,,,,,,,,,,,,,,,,2026-09-17,1
u34q927gnz,movie,"The Water Diviner","Russell Crowe",Russell,Crowe,"Rental Library",0883929468973,883929468973,"In 1919, Australian farmer Joshua Connor travels to Turkey to discover the fate of his three sons, reported missing in action. Holding on to hope, Joshua must travel across the war-torn landscape to find the truth and his own peace.","Studio Distribution Services",2015-07-28,,"drama, dvd",,,111,,01146106,,,,,1,,,"Russell Crowe, Olga Kurylenko, Yilmaz Erdogan, Cem Yilmaz, Jai Courtney",,,,,,,,,2026-09-17,1
iz58y4glqm,movie,"The Ring Two","Hideo Nakata",Hideo,Nakata,"Rental Library",0032429255303,032429255303,"After the ordeal with Samara, Rachel and Aiden move to a rural town. But soon Rachel learns about the death of a girl in a similar fashion. To save Aiden, she must dig into Samara's past even further.","Paramount Pictures Home Entertainment",2016-09-13,,"dvd, horror",,,100,,00916730,,,,,1,,,"Simon Baker, David Dorfman, Elizabeth Perkins, Gary Cole, Naomi Watts",,,,,,,,,2026-09-17,1
obarvel0an,movie,"At War With the Army","Hal Walker",Hal,Walker,"Rental Library",1871381069,018713810694,"Two former nightclub partners are now enlisted in the Army. Sergeant Puccinelli ranks above his former partner, Private First Class Korwin. Puccinelli is desperately trying to get transferred from his dull job to active duty overseas. Meanwhile, all Korwin wants is a pass to see his wife and new baby.","Gaiam - Entertainment",2001-05-15,,"comedy, dvd",,,93,,00851194,,,,,1,,,"Dean Martin, Jerry Lewis, Mike Kellin, Jimmie Dundee, Dick Stabile",1.33:1,,,,,,,,2026-09-17,1
ayq1u02psz,movie,Orphan,"Jaume Collet-Serra",Jaume,Collet-Serra,"Rental Library",0883929048694,883929048694,"After losing their baby, a married couple adopt 9-year old Esther, who may not be as innocent as she seems.","Warner Home Video",2009-10-27,,"dvd, horror",,,123,,91729402,,,,,1,,,"Vera Farmiga, Peter Sarsgaard, Isabelle Fuhrman, CCH Pounder, Jimmy Bennett",1.85:1,,,,,,,,2026-09-17,1
v8ua17q26q,movie,"What Lies Beneath","Robert Zemeckis",Robert,Zemeckis,"Rental Library",0032429043122,032429043122,"Norman and Claire Spencer are a seemingly happily married couple who uncover a terrible secret… a secret so disturbing it threatens to destroy them.","Dreamworks Video",,,"dvd, thriller",,,130,,91631098,,,,,1,,,"Harrison Ford, James Remar, Katharine Towne, Michelle Pfeiffer, Miranda Otto",2.35:1,,,,,,,,2026-09-17,1
gakw6tvbt4,movie,"A Scanner Darkly","Richard Linklater",Richard,Linklater,"Rental Library",0012569594173,012569594173,"An undercover cop in a not-too-distant future becomes involved with a dangerous new drug and begins to lose his own identity as a result.",WarnerBrothers,2006-12-19,,"dvd, sci-fi",,,100,,91598330,,,,,1,,,"Keanu Reeves, Robert Downey Jr., Woody Harrelson, Winona Ryder, Rory Cochrane",,,,,,,,,2026-09-17,1
6umkesz8dt,movie,S.W.A.T.,"Clark Johnson",Clark,Johnson,"Rental Library",0043396006249,043396006249,"Hondo Harrelson recruits Jim Street to join an elite unit of the Los Angeles Police Department. Together they seek out more members, including tough Deke Kay and single mom Chris Sanchez. The team's first big assignment is to escort crime boss Alex Montel to prison. It seems routine, but when Montel offers a huge reward to anyone who can break him free, criminals of various stripes step up for the prize.","Sony Pictures Home Entertainment",2003-12-30,,"action, dvd",,,117,,91467258,,,,,1,,,"Samuel Jackson, Colin Farrell, Michelle Rodriguez, LL Cool J, Brian Van Holt",2.40:1,,,,,,,,2026-09-17,1
2ogpzh1tqt,movie,"27 Dresses","Anne Fletcher",Anne,Fletcher,"Rental Library",0024543506591,024543506591,"Altruistic Jane finds herself facing her worst nightmare as her younger sister announces her engagement to the man Jane secretly adores.","20th Century Fox",2008-04-29,,"dvd, romantic-comedy",,,111,,91434490,,,,,1,,,"Edward Burns, Melora Hardin, Katherine Heigl, Brian Kerwin, James Marsden",2.40:1,,,,,,,,2026-09-17,1
w1e6knkisd,movie,"Boiler Room","Ben Younger",Ben,Younger,"Rental Library",0794043505522,794043505522,"A college dropout gets a job as a broker for a suburban investment firm and is on the fast track to success—but the job might not be as legitimate as it sounds.",WarnerBrothers,2005-11-15,,"drama, dvd",,,120,,91368954,,,,,1,,,"Giovanni Ribisi, Vin Diesel, Nia Long, Nicky Katt, Scott Caan",1.85:1,,,,,,,,2026-09-17,1
6umkes28dt,movie,"Not Another Teen Movie","Joel Gallen",Joel,Gallen,"Rental Library",0043396076020,043396076020,"On a bet, a gridiron hero at John Hughes High School sets out to turn a bespectacled plain Jane into a beautiful and popular prom queen in this outrageous send-up of the teen movies of the 1980s and '90s.","Sony Pictures Home Entertainment",2002-01-01,,"comedy, dvd",,,89,,91336186,,,,,1,,,"Chyler Leigh, Jaime Pressly, Chris Evans, Eric Christian Olsen, Mia Kirshner",1.85:1,,,,,,,,2026-09-17,1
xlz2p3rjps,movie,"Iron Man 2","Jon Favreau",Jon,Favreau,"Rental Library",0786936837360,786936837360,"With the world now aware of his dual life as the armored superhero Iron Man, billionaire inventor Tony Stark faces pressure from the government, the press and the public to share his technology with the military. Unwilling to let go of his invention, Stark, with Pepper Potts and James 'Rhodey' Rhodes at his side, must forge new alliances – and confront powerful enemies.",MARVEL,2013-09-24,,"action, dvd",,,124,,91172346,,,,,1,,,"Robert Downey, Gwyneth Paltrow, Don Cheadle, Scarlett Johansson, Sam Rockwell",2.35:1,,,,,,,,2026-09-17,1
4jlfcbykbx,movie,Krampus,"Michael Dougherty",Michael,Dougherty,"Rental Library",0025192319266,025192319266,"When his dysfunctional family clashes over the holidays, young Max is disillusioned and turns his back on Christmas. Little does he know, this lack of festive spirit has unleashed the wrath of Krampus: a demonic force of ancient evil intent on punishing non-believers.","Universal Pictures Home Entertainment",2016-04-26,,"dvd, horror",,,98,,91139578,,,,,1,,,,2.40:1,,,,,,,,2026-09-17,1
ri1va3qxoz,movie,"Big Daddy","Dennis Dugan",Dennis,Dugan,"Rental Library",0043396039223,043396039223,"A lazy law school grad adopts a kid to impress his girlfriend, but everything doesn't go as planned. Now he's forced to grow up while navigating the challenges of fatherhood.","Sony Pictures Home Entertainment",1999-11-02,,"comedy, dvd",,,93,,91041274,,,,,1,,,"Adam Sandler, Joey Lauren Adams, Jon Stewart, Rob Schneider, Cole Sprouse","1.33:1, 1.85:1",,,,,,,,2026-09-17,1
ywh53mir71,movie,Transformers,,,,"Rental Library",0097363455349,097363455349,"Young teenager Sam Witwicky becomes involved in the ancient struggle between two extraterrestrial factions of transforming robots – the heroic Autobots and the evil Decepticons. Sam holds the clue to unimaginable power and the Decepticons will stop at nothing to retrieve it.","Paramount Pictures Home Entertainment",2020-01-07,,"dvd, sci-fi",,,143,,91008506,,,,,1,,,"Shia Labeouf, Megan Fox, Jon Voight, Hugo Weaving, Josh Duhamel",2.35:1,,,,,,,,2026-09-17,1
obarv5m0an,movie,Drumline,"Charles Stone III",Charles,III,"Rental Library",0024543488002,024543488002,"A talented street drummer from Harlem enrolls in a Southern university, expecting to lead its marching band's drumline to victory. He initially flounders in his new world, before realizing that it takes more than talent to reach the top.","20th Century Studios",2008-01-29,,"drama, dvd",,,122,,90975738,,,,,1,,,"Nick Cannon, Zoe Saldana, Orlando Jones, Leonard Roberts, GQ",2.35:1,,,,,,,,2026-09-17,1
prwzgu7no7,movie,"Spider-Man Homecoming","Jon Watts",Jon,Watts,"Rental Library",0043396488588,043396488588,"Following the events of Captain America: Civil War, Peter Parker, with the help of his mentor Tony Stark, tries to balance his life as an ordinary high school student in Queens, New York City, with fighting crime as his superhero alter ego Spider-Man as a new threat, the Vulture, emerges.","Sony Pictures Home Entertainment",2017-10-17,,"action, dvd",,,133,,90811898,,,,,1,,,"Tom Holland, Michael Keaton, Robert Downey Jr., Marisa Tomei, Jon Favreau",,,,,,,,,2026-09-17,1
3kjhd0larj,movie,"Nacho Libre","Jared Hess",Jared,Hess,"Rental Library",0032429271556,32429271556,"Ignacio, a disrespected cook at a Mexican monastery, can barely afford to feed the orphans who live there. Inspired by a local wrestling hero, he decides to moonlight as the not-so-famous Luchador ""Nacho Libre"" to earn money for the monastery -- not to mention the admiration of beautiful nun Sister Encarnación.","Paramount Pictures Home Entertainment",2017-04-25,,"comedy, dvd",,,92,,90779130,,,,,1,,,"Hector Jimenez, Jack Black, Ana de la Reguera, Peter Stormare",,,,,,,,,2026-09-17,1
hetdjx019k,movie,"LA LA LAND","Damien Chazelle",Damien,Chazelle,"Rental Library",0031398258353,31398258353,"Mia, an aspiring actress, serves lattes to movie stars in between auditions and Sebastian, a jazz musician, scrapes by playing cocktail party gigs in dingy bars, but as success mounts they are faced with decisions that begin to fray the fragile fabric of their love affair, and the dreams they worked so hard to maintain in each other threaten to rip them apart.",Lionsgate,2017-04-25,,"drama, dvd",,,128,,90648058,,,,,1,,,"Ryan Gosling, Emma Stone, Rosemarie DeWitt, Finn Wittrock",,,,,,,,,2026-09-17,1
9dc4fs46rp,movie,"Inglorious Basterds","Quentin Tarantino",Quentin,Tarantino,"Rental Library",0025192014277,25192014277,"In Nazi-occupied France during World War II, a group of Jewish-American soldiers known as ""The Basterds"" are chosen specifically to spread fear throughout the Third Reich by scalping and brutally killing Nazis. The Basterds, lead by Lt. Aldo Raine soon cross paths with a French-Jewish teenage girl who runs a movie theater in Paris which is targeted by the soldiers.","Universal Pictures Home Entertainment",2011-08-28,,"action, dvd",,,153,,90582522,,,,,1,,,"Brad Pitt, Christoph Waltz, Mike Myers, André Penvern, Michael Bacall",2.40:1,,,,,,,,2026-09-17,1
7f20xrghd6,movie,"Spider-Man Far From Home","Jon Watts",Jon,Watts,"Rental Library",0043396557734,043396557734,"Peter Parker and his friends go on a summer trip to Europe. However, they will hardly be able to rest - Peter will have to agree to help Nick Fury uncover the mystery of creatures that cause natural disasters and destruction throughout the continent.","Sony Pictures Home Entertainment",2019-10-01,,"action, dvd",,,129,,90385914,,,,,1,,,"Tom Holland, Samuel Jackson, Zendaya, Cobie Smulders, Jon Favreau",,,,,,,,,2026-09-17,1
j7stnpoqlq,movie,"Now You See Me","Louis Leterrier",Louis,Leterrier,"Rental Library",0025192206078,025192206078,"An FBI agent and an Interpol detective track a team of illusionists who pull off bank heists during their performances and reward their audiences with the money.",Lionsgate,2013-09-03,,"dvd, thriller",,,115,,90353146,,,,,1,,,"Jesse Eisenberg, Mark Ruffalo, Morgan Freeman, Michael Caine, Isla Fisher",,,,,,,,,2026-09-17,1
u34q9thgnz,movie,"Robin Hood Men in Tights","Mel Brooks",Mel,Brooks,"Rental Library",0024543167433,024543167433,"Robin Hood comes home after fighting in the Crusades to learn that the noble King Richard is in exile and that the despotic King John now rules England, with the help of the Sheriff of Rottingham. Robin Hood assembles a band of fellow patriots to do battle with King John and the Sheriff.","20th Century Fox",2006-09-05,,"comedy, dvd",,,104,,90287610,,,,,1,,,"Carey Elwes, Richard Lewis, Roger Rees, Amy Yasbeck, Isaac Hayes",1.85:1,,,,,,,,2026-09-17,1
ayq1udtpsz,movie,"Wild Things","John McNaughton",John,McNaughton,"Rental Library",0043396016286,043396016286,"When teen-socialite Kelly Van Ryan and troubled bad girl Suzie Toller accuse guidance counselor Sam Lombardo of rape, he's suspended by the school, rejected by the town, and fighting to get his life back. One cop suspects conspiracy, but nothing is what it seems...","Sony Pictures Home Entertainment",2004-04-20,,"drama, dvd",,,115,,31682554,,,,,1,,,"Kevin Bacon, Matt Dillon, Neve Campbell, Theresa Russell, Bill Murray",2.35:1,,,,,,,,2026-09-17,1
e90m7lx5u2,movie,honey,"Bille Woodruff",Bille,Woodruff,"Rental Library",0025192329227,025192329227,"Honey Daniels dreams of making a name for herself as a hip-hop choreographer. When she's not busy hitting downtown clubs with her friends, she teaches dance classes at a nearby community center in Harlem, N.Y., as a way to keep kids off the streets. Honey thinks she's hit the jackpot when she meets a hotshot director casts her in one of his music videos. But, when he starts demanding sexual favors from her, Honey makes a decision that will change her life.",N94JE,2011-09-06,,"drama, dvd",,,94,,31617018,,,,,1,,,"Jessica Alba, Mekhi Phifer, Lil' Romeo, Joy Bryant, Missy Elliott",1.85:1,,,,,,,,2026-09-17,1
ftoclije5y,movie,"Big Fat Liar",,,,"Rental Library",0025192197529,025192197529,"After one of his class papers is stolen and turned into a movie, a young student and his best friend exact a hilarious, slapstick revenge on the Hollywood hot shot who has taken credit!","Universal Pictures Home Entertainment",2002-09-24,,"dvd, kids-family",,,88,,31584250,,,,,1,,,"Frankie Muniz, Paul Giamatti, Amanda Bynes, Rebecca Corry, Amanda Detmer",1.33:1,,,,,,,,2026-09-17,1
6umkefs8dt,movie,"Billy Madison","Tamra Davis",Tamra,Davis,"Rental Library",25192028014,025192028014,"Billy Madison is the 27 year-old son of Bryan Madison, a very rich man who has made his living in the hotel industry. Billy stands to inherit his father's empire, but only if he can make it through all 12 grades, 2 weeks per grade, to prove that he has what it takes to run the family business.","Universal Studios",2009-06-21,,"comedy, dvd",,,90,,31551482,,,,,1,,,"Adam Sandler, Norm MacDonald, Bridgette Wilson, Darren McGavin, Bradley Whitford",1.85:1,,,,,,,,2026-09-17,1
w1e6k4yisd,movie,"Where The Wild Things Are","Spike Jonze",Spike,Jonze,"Rental Library",0883929715985,883929715985,"Max imagines running away from his mom and sailing to a far-off land where large talking beasts—Ira, Carol, Douglas, the Bull, Judith and Alexander—crown him as their king, play rumpus, build forts and discover secret hideaways.","Warner Home Video",2020-02-22,,"dvd, kids-family",,,101,,31518714,,,,,1,,,"Catherine Keener, Chris Cooper, James Gandolfini, Lauren Ambrose, Max Records",,,,,,,,,2026-09-17,1
bpyi86dcho,movie,Cloverfield,"Matt Reeves",Matt,Reeves,"Rental Library",0032429256560,032429256560,"Five young New Yorkers throw their friend a going-away party the night that a monster the size of a skyscraper descends upon the city. Told from the point of view of their video camera, the film is a document of their attempt to survive the most surreal, horrifying event of their lives.","Paramount Pictures Home Entertainment",2017-01-24,,"dvd, sci-fi",,,84,,31453178,,,,,1,,,"Jessica Lucas, Mike Vogel, Odette Yustman, Michael Stahl-David, Lizzy Caplan",,,,,,,,,2026-09-17,1
8g3y5e6ohq,movie,"The Losers","Sylvain White",Sylvain,White,"Rental Library",0883929106301,883929106301,"On a mission deep in the Bolivian jungle, a team of elite commandos finds itself on the receiving end of a lethal betrayal. Now presumed dead, the men join forces with a mysterious operative named Aisha to hunt down their enemy and even the score.","Warner Home Video",2010-07-20,,"action, dvd",,,97,,31223802,,,,,1,,,"Zoe Saldana, Jeffrey Dean Morgan",,,,,,,,,2026-09-17,1
xlz2paxjps,movie,"X-Men Origins: Wolverine","Gavin Hood",Gavin,Hood,"Rental Library",0024543602859,024543602859,"After seeking to live a normal life after 200 years, Logan sets out to avenge a death by undergoing the mutant Weapon X program and becoming Wolverine.","20th Century Fox",2009-09-15,,"action, dvd",,,107,,31158266,,,,,1,,,"Hugh Jackman, Liev Schreiber, Danny Huston, Dominic Monaghan, Ryan Reynolds",2.35:1,,,,,,,,2026-09-17,1
8g3y55aohq,movie,Interstellar,"Christopher Nolan",Christopher,Nolan,"Rental Library",0032429257284,32429257284,"The adventures of a group of explorers who make use of a newly discovered wormhole to surpass the limitations on human space travel and conquer the vast distances involved in an interstellar voyage.",Paramount,2017-01-24,,"dvd, sci-fi",,,168,,31125498,,,,,1,,,"Matthew McConaughey, John Lithgow, Timothee Chalamet",,,,,,,,,2026-09-17,1
kq7emm1ysl,movie,"The Chronicles of Narnia Prince Caspian","Andrew Adamson",Andrew,Adamson,"Rental Library",0786936735437,786936735437,"One year after their incredible adventures in the Lion, the Witch and the Wardrobe, Peter, Edmund, Lucy and Susan Pevensie return to Narnia to aid a young prince whose life has been threatened by the evil King Miraz. Now, with the help of a colorful cast of new characters, including Trufflehunter the badger and Nikabrik the dwarf, the Pevensie clan embarks on an incredible quest to ensure that Narnia is returned to its rightful heir.","WALT DISNEY PICTURES",2008-12-02,,"dvd, kids-family",,,149,,31027194,,,,,1,,,"Ben Barnes, Georgie Henley, Anna Popplewell, William Moseley, Skandar Keynes",2.40:1,,,,,,,,2026-09-17,1
3kjhdd7arj,movie,MouseHunt,"Gore Verbinski",Gore,Verbinski,"Rental Library",0667068415926,667068415926,"Down-on-their luck brothers, Lars and Ernie Smuntz, aren't happy with the crumbling old mansion they inherit... until they discover the estate is worth millions. Before they can cash in, they have to rid the house of its single, stubborn occupant—a tiny and tenacious mouse.","Dreamworks Video",1998-12-08,,"dvd, kids-family",,,98,,30961658,,,,,1,,,"Nathan Lane, Lee Evans, Vicki Lewis, Maury Chaykin, Eric Christmas",1.85:1,,,,,,,,2026-09-17,1
9dc4ffk6rp,movie,"Spider-Man No Way Home","Jon Watts",Jon,Watts,"Rental Library",0043396578951,043396578951,"Peter Parker is unmasked and no longer able to separate his normal life from the high-stakes of being a super-hero. When he asks for help from Doctor Strange the stakes become even more dangerous, forcing him to discover what it truly means to be Spider-Man.","Sony Pictures Home Entertainment",2022-04-12,,"action, dvd",,,148,,30896122,,,,,1,,,"Tom Holland, Zendaya, Benedict Cumberbatch, Jacob Batalon, Jon Favreau",,,,,,,,,2026-09-17,1
nxisbbe41p,movie,RED,"Robert Schwentke",Robert,Schwentke,"Rental Library",0025192091490,25192091490,"After surviving an assault from a squad of hit men, retired CIA black ops agent Frank Moses reassembles his old team for an all-out war. Frank reunites with old Joe, crazy Marvin and wily Victoria to uncover a massive conspiracy that threatens their lives. Only their expert training will allow them to survive a near-impossible mission -- breaking into CIA headquarters.","Summit Entertainment",2011-01-25,,"action, dvd",,,111,,30863354,,,,,1,,,"Bruce Willis, Morgan Freeman",,,,,,,,,2026-09-17,1
lsvorru7b9,movie,"Be Kind Rewind",,,,"Rental Library",65935818335,065935818335,"A man whose brain becomes magnetized unintentionally destroys every tape in his friend's video store. In order to satisfy the store's most loyal renter, an aging woman with signs of dementia, the two men set out to remake the lost films.",ALL,,,"comedy, dvd",,,,,30109690,,,,,,,,,,,,,,,,,2026-09-17,1
7f20xxbhd6,movie,"Kung Fu Panda 2","Jennifer Yuh Nelson",Jennifer,Nelson,"Rental Library",0191329060896,191329060896,"Po is finally living the dream as the Dragon Warrior—until a shadow from his past comes roaring back. When the ruthless peacock Lord Shen unleashes a devastating new weapon used to wipe out kung fu masters across the land, Po and the Furious Five race across China to put an end to his plans. But if Po is to have any hope of stopping him, he must first confront the truth of his origins—and find inner peace before his past tears him apart.","Universal Studios Home Entertainment",2018-06-05,,"dvd, kids-family",,,91,,30076922,,,,,1,,,"Jack Black, Angelina Jolie, Dustin Hoffman, Gary Oldman, Seth Rogen",2.35:1,,,,,,,,2026-09-17,1
j7stnn0qlq,movie,"Captain America The First Avenger","Joe Johnston",Joe,Johnston,"Rental Library",0786936837445,786936837445,"During World War II, Steve Rogers is a sickly man from Brooklyn who's transformed into super-soldier Captain America to aid in the war effort. Rogers must stop the Red Skull – Adolf Hitler's ruthless head of weaponry, and the leader of an organization that intends to use a mysterious device of untold powers for world domination.",MARVEL,2013-09-24,,"action, dvd",,,125,,30044154,,,,,1,,,"Chris Evans, Tommy Lee Jones, Hugo Weaving, Hayley Atwell, Sebastian Stan",2.35:1,,,,,,,,2026-09-17,1
iz58yyclqm,movie,"A Bug's Life","Andrew Stanton, John Lasseter",Andrew,Stanton,"Rental Library",9780788815089,717951001818,"On behalf of ""oppressed bugs everywhere,"" an inventive ant named Flik hires a troupe of warrior bugs to defend his bustling colony from a horde of freeloading grasshoppers led by the evil-minded Hopper.",Disney/Pixar,1999-04-20,,"dvd, kids-family",,,95,,30011386,,,,,1,,,"Kevin Spacey, Dave Foley, Julia Louis-Dreyfus, Hayden Panettiere, Phyllis Diller",2.35:1,,,,,,,,2026-09-17,1
obarvvh0an,movie,9,,,,"Rental Library",25192351921,025192351921,"When 9 first comes to life, he finds himself in a post-apocalyptic world. All humans are gone, and it is only by chance that he discovers a small community of others like him taking refuge from fearsome machines that roam the earth intent on their extinction. Despite being the neophyte of the group, 9 convinces the others that hiding will do them no good.",,,,"dvd, sci-fi",,,,,29978618,,,,,,,,,,,,,,,,,2026-09-17,1
ayq1uu9psz,movie,"The Princess Bride",Various,Various,Various,"Rental Library",0883904360230,883904360230,"In this enchantingly cracked fairy tale, the beautiful Princess Buttercup and the dashing Westley must overcome staggering odds to find happiness amid six-fingered swordsmen, murderous princes, Sicilians and rodents of unusual size. But even death can't stop these true lovebirds from triumphing.","20th Century Fox",2017-09-26,,"comedy, dvd",,,98,,29945850,,,,,1,,,Various,,,,,,,,,2026-09-17,1
e90m77j5u2,movie,"The Lost Boys","Joel Schumacher",Joel,Schumacher,"Rental Library",0085391184928,085391184928,"When an unsuspecting town newcomer is drawn to local blood fiends, the Frog brothers and other unlikely heroes gear up to rescue him.","Warner Home Video",2007-09-04,,"dvd, horror",,,97,,29913082,,,,,1,,,"Melanie Bishop, Chance Michael Corbitt, Corey Feldman, Jami Gertz, Corey Haim",,,,,,,,,2026-09-17,1
ftocllqe5y,movie,"The Curious Case of Benjamin Button","David Fincher",David,Fincher,"Rental Library",0032429256706,032429256706,"Born under unusual circumstances, Benjamin Button springs into being as an elderly man in a New Orleans nursing home and ages in reverse. Twelve years after his birth, he meets Daisy, a child who flits in and out of his life as she grows up to be a dancer. Though he has all sorts of unusual adventures over the course of his life, it is his relationship with Daisy, and the hope that they will come together at the right time, that drives Benjamin forward.",PARAMOUNT,2017-01-24,,"drama, dvd",,,,,29749242,,,,,1,,,"Cate Blanchett, Brad Pitt, Julia Ormond",,,,,,,,,2026-09-17,1
6umkeef8dt,movie,"Iron Monkey","Yuen, Woo-Ping",Yuen,Yuen,"Rental Library",0031398137658,031398137658,"In this Hong Kong variation of Robin Hood, corrupt officials of a Chinese village are robbed by a masked bandit known as ""Iron Monkey"", named after a benevolent deity. When all else fails, the Governor forces a traveling physician into finding the bandit.","Lions Gate Home Entertainment",2011-04-26,,"action, dvd",,,,,29716474,,,,,1,,,"Yan, Yee Kwan, Yen, Donnie, Hsiao, Hou, Li, Fai, Tsang, Sze-Man",,,,,,,,,2026-09-17,1
dmnjtttu84,movie,"What About Bob","Frank Oz",Frank,Oz,"Rental Library",0717951005205,717951005205,"Before going on vacation, self-involved psychiatrist Dr. Leo Marvin has the misfortune of taking on a new patient: Bob Wiley. An exemplar of neediness and a compendium of phobias, Bob follows Marvin to his family's country house. Dr. Marvin tries to get him to leave; the trouble is, everyone loves Bob. As his oblivious patient makes himself at home, Dr. Marvin loses his professional composure and, before long, may be ready for the loony bin himself.","Buena Vista Home Entertainment",2000-07-11,,"comedy, dvd",,,99,,29683706,,,,,1,,,"Bill Murray, Richard Dreyfuss, Julie Hagerty, Charlie Korsmo, Kathryn Erbe",1.85:1,,,,,,,,2026-09-17,1
qhf944rwe4,movie,"The Saint",,,,"Rental Library",0011301622778,011301622778,"Simon Templar (The Saint), is a thief for hire, whose latest job to steal the secret process for cold fusion puts him at odds with a traitor bent on toppling the Russian government, as well as the woman who holds its secret.","SHOUT! FACTORY",2020-09-01,,"action, dvd",,,5782,,82788090,,,,,33,,,"Roger Moore",1.33:1,,,,,,,,2026-09-17,1
6umkee98dt,movie,Tarzan,"Kevin Lima And Chris Buck",Kevin,Buck,"Rental Library",0786936264524,786936264524,"Tarzan was a small orphan who was raised by an ape named Kala since he was a child. He believed that this was his family, but on an expedition Jane Porter is rescued by Tarzan. He then finds out that he's human. Now Tarzan must make the decision as to which family he should belong to...",Disney,2005-10-18,,"dvd, kids-family",,,88,,82525946,,,,,1,,,"Tony Goldwyn, Minnie Driver, Brian Blessed, Glenn Close, Nigel Hawthorne",1.66:1,,,,,,,,2026-09-17,1
8g3y558ohq,movie,XXX,"Rob Cohen",Rob,Cohen,"Rental Library",0043396039452,043396039452,"Xander Cage is your standard adrenaline junkie with no fear and a lousy attitude. When the US Government ""recruits"" him to go on a mission, he's not exactly thrilled. His mission: to gather information on an organization that may just be planning the destruction of the world, led by the nihilistic Yorgi.","Sony Pictures Home Entertainment",2005-04-19,,"action, dvd",,,132,,80756474,,,,,2,,,"Samuel Jackson, Vin Diesel, Asia Argento, Marton Csokas",2.40:1,,,,,,,,2026-09-17,1
xlz2pnqjps,movie,"CON AIR",,,,"Rental Library",0717951000262,717951000262,"Newly-paroled former US Army ranger Cameron Poe is headed back to his wife, but must fly home aboard a prison transport flight dubbed ""Jailbird"" taking the “worst of the worst” prisoners, a group described as “pure predators”, to a new super-prison. Poe faces impossible odds when the transport plane is skyjacked mid-flight by the most vicious criminals in the country led by the mastermind — genius serial killer Cyrus ""The Virus"" Grissom, and backed by black militant Diamond Dog and psychopath Billy Bedlam.",,,,"action, dvd",,,,,78659322,,,,,,,,,,,,,,,,,2026-09-17,1
56d3h1tv9x,movie,"The Last Emperor","Bernardo Bertolucci",Bernardo,Bertolucci,"Rental Library",0715515027922,715515027922,"A dramatic history of Pu Yi, the last of the Emperors of China, from his lofty birth and brief reign in the Forbidden City, the object of worship by half a billion people; through his abdication, his decline and dissolute lifestyle; his exploitation by the invading Japanese, and finally to his obscure existence as just another peasant worker in the People's Republic.","Criterion Collection",2008-02-26,,"drama, dvd",,,163,,66830074,,,,,4,,,"Joan Chen, John Lone, Peter O'Toole",2:1,,,,,,,,2026-09-17,1
m4x70dy31h,movie,"My Neighbor Totoro","Hayao Miyazaki",Hayao,Miyazaki,"Rental Library",0826663181432,826663181432,"Two sisters move to the country with their father in order to be closer to their hospitalized mother, and discover the surrounding trees are inhabited by Totoros, magical spirits of the forest. When the youngest runs away from home, the older sister seeks help from the spirits to find her.","SHOUT! FACTORY",2017-10-17,,"dvd, kids-family",,,88,,65519354,,,,,1,,,"Dakota Fanning, Elle Fanning, Tim Daly, Lea Salonga, Frank Welker",1.85:1,,,,,,,,2026-09-17,1
ywh53a7r71,movie,"Small Soldiers","Joe Dante",Joe,Dante,"Rental Library",0032429258182,032429258182,"When missile technology is used to enhance toy action figures, the toys soon begin to take their battle programming too seriously.","Paramount Pictures Home Entertainment",2017-08-29,,"dvd, kids-family",,,109,,64274170,,,,,1,,,"Gregory Smith, Kevin Dunn, Jay Mohr, Phil Hartman, Kirsten Dunst",,,,,,,,,2026-09-17,1
obarv2a0an,movie,"Jay and Silent Bob Strike Back","Kevin Smith",Kevin,Smith,"Rental Library",0031398137696,031398137696,"When Jay and Silent Bob learn that their comic-book alter egos, Bluntman and Chronic, have been sold to Hollywood as part of a big-screen movie that leaves them out of any royalties, the pair travel to Tinseltown to sabotage the production.",Lionsgate,2011-04-26,,"comedy, dvd",,,104,,63586042,,,,,1,,,"Isis Mussenden, Erik Aadahl, Tom Myers, Jason Mewes, Kevin Smith",1.85:1,,,,,,,,2026-09-17,1
cnrlo0xmmk,movie,"The Aristocrats",,,,"Rental Library",31398187493,031398187493,"One hundred superstar comedians tell the same very, VERY dirty, filthy joke--one shared privately by comics since Vaudeville.","Lions Gate Home Ent.",2007-02-06,,"documentary, dvd",,,,,59096826,,,,,1,,,,,,,,,,,,2026-09-17,1
prwzgb1no7,movie,"Confessions of a Dangerous Mind",,,,"Rental Library",0031398137344,031398137344,"Television made him famous, but his biggest hits happened off screen. Television producer by day, CIA assassin by night, Chuck Barris was recruited by the CIA at the height of his TV career and trained to become a covert operative. Or so Barris said.",Lionsgate,2011-04-26,,"drama, dvd",,,,,54378234,,,,,1,,,"Clark, Dick, Rockwell, Sam",,,,,,,,,2026-09-17,1
ayq1ug6psz,movie,"Frosty the Snowman","Jr. Arthur Rankin, Jules Bass",Jr.,Rankin,"Rental Library",0191329068908,191329068908,"A discarded silk top-hat becomes the focus of a struggle between a washed-up stage magician and a group of schoolchildren, after it magically brings a snowman to life. Realizing that newly-living Frosty will melt in spring unless he takes refuge in a colder climate, the magic snowman and Karen, a young girl whom he befriends, stow away on a freight train headed for the North Pole. Little do they know that the magician is following them, and he wants his hat back!","Universal Pictures Home Entertainment",2018-10-16,,"dvd, kids-family",,,26,,52457978,,,,,1,,,"Billy De Wolfe, Jackie Vernon",1.33:1,,,,,,,,2026-09-17,1
ftocl7we5y,movie,"Half Baked","Tamra Davis",Tamra,Davis,"Rental Library",0025192024627,025192024627,"Three lovable party buds try to bail their friend out of jail. But just when the guys have mastered a plan, everything comes dangerously close to going up in smoke.","Universal Studios Home Entertainment",1998-06-30,,"comedy, dvd",,,83,,52425210,,,,,1,,,"Dave Chappelle, Jim Breuer, Harland Williams, Guillermo Diaz, Clarence Williams III",1.85:1,,,,,,,,2026-09-17,1
gakw689bt4,movie,Gladiator,"Ridley Scott",Ridley,Scott,"Rental Library",0032429358639,032429358639,"After the death of Emperor Marcus Aurelius, his devious son takes power and demotes Maximus, one of Rome's most capable generals who Marcus preferred. Eventually, Maximus is forced to become a gladiator and battle to the death against other men for the amusement of paying audiences.","Paramount Pictures Home Entertainment",2021-02-16,,"action, dvd",,,154,,52359674,,,,,1,,,"Derek Jacobi, Oliver Reed, Richard Harris, Connie Nielsen, Djimon Hounsou",,,,,,,,,2026-09-17,1
qhf94kxwe4,movie,Joker,"Todd Phillips",Todd,Phillips,"Rental Library",0883929672134,883929672134,"During the 1980s, a failed stand-up comedian is driven insane and turns to a life of crime and chaos in Gotham City while becoming an infamous psychopathic crime figure.","Studio Distribution Services",2020-01-07,,"drama, dvd",,,135,,52294138,,,,,2,,,"Joaquin Phoenix, Robert De Niro, Zazie Beetz, Frances Conroy, Brett Cullen",,,,,,,,,2026-09-17,1
ywh53phr71,movie,"The Grey","Joe Carnahan",Joe,Carnahan,"Rental Library",0025192131745,025192131745,"A covert team of elite operatives are living in the shadows. When a ruthless despot steals a billion-dollar fortune, they're sent to take it back—an impossible heist that erupts into a deadly game of strategy, deception and survival.","Open Road Films",2012-05-15,,"dvd, thriller",,,118,,52163066,,,,,1,,,"Liam Neeson, Dermot Mulroney",2.35:1,,,,,,,,2026-09-17,1
obarvtp0an,movie,"Bee Movie",,,,"Rental Library",24543323921,024543323921,"Barry B. Benson, a recent college graduate who wants more out of his life than making honey, decides to sue the human race after learning about the exploitation of bees at the hands of mankind. What will happen next?","Dreamworks Animated",2016-10-04,,"dvd, kids-family",,,,,52130298,,,,,1,,,,,,,,,,,,2026-09-17,1
kq7emasysl,movie,"Sleepy Hollow","Tim Burton",Tim,Burton,"Rental Library",0032429258168,32429258168,"Skeptical young detective Ichabod Crane gets transferred to the hamlet of Sleepy Hollow, New York, where he is tasked with investigating the decapitations of three people – murders the townsfolk attribute to a legendary specter, The Headless Horseman.","Paramount Pictures Home Entertainment",2017-02-07,,"dvd, horror",,,105,,52064762,,,,,1,,,"Christopher Lee, Alun Armstrong, Casper Van Dien, Christina Ricci, Claire Skinner",,,,,,,,,2026-09-17,1
prwzgczno7,movie,Spanglish,"James L. Brooks",James,Brooks,"Rental Library",0043396048522,043396048522,"Mexican immigrant and single mother Flor Moreno finds housekeeping work with Deborah and John Clasky, a well-off couple with two children of their own. When Flor admits she can't handle the schedule because of her daughter, Cristina, Deborah decides they should move into the Clasky home. Cultures clash and tensions run high as Flor and the Claskys struggle to share space while raising their children on their own, and very different, terms.","Sony Pictures Home Entertainment",2005-04-05,,"dvd, romantic-comedy",,,131,,51868154,,,,,1,,,"Adam Sandler, Tea Leoni, Paz Vega, Cloris Leachman",1.85:1,,,,,,,,2026-09-17,1
u34q98sgnz,movie,"American Pie 2","J.B. Rogers",J.B.,Rogers,"Rental Library",0025192028113,025192028113,"After a year apart - attending different schools, meeting different people - the guys rent a beach house and vow to make this the best summer ever. As it turns out, whether that will happen or not has a lot to do with the girls. Between the wild parties, outrageous revelations and yes, a trip to band camp, they discover that times change and people change, but in the end, it's all about sticking together.","Universal Studios Home Entertainment",2009-06-21,,"comedy, dvd",,,111,,51769850,,,,,1,,,"Chris Klein, Jason Biggs, Mena Suvari, Shannon Elizabeth, Tara Reid",1.85:1,,,,,,,,2026-09-17,1
obarvtz0an,movie,"Reign of Fire",,,,"Rental Library",0786936191417,786936191417,"In post-apocalyptic England, an American volunteer and a British survivor team up to fight off a brood of fire-breathing dragons seeking to return to global dominance after centuries of rest underground. The Brit -- leading a clan of survivors to hunt down the King of the Dragons -- has much at stake: His mother was killed by a dragon, but his love is still alive.",,,,"dvd, fantasy",,,,,51671546,,,,,,,,,,,,,,,,,2026-09-17,1
ayq1ub8psz,movie,Frailty,"Bill Paxton",Bill,Paxton,"Rental Library",0031398811725,031398811725,"A mysterious man arrives at the offices of an FBI agent and recounts his childhood: how his religious fanatic father received visions telling him to kill people who were in fact ""demons.""",Lionsgate,2003-12-11,,"dvd, horror",,,100,,51540474,,,,,1,,,"Luke Askew, Brad Berryhill, Powers Boothe, Vincent Chase, Derk Cheetwood",1.85:1,,,,,,,,2026-09-17,1
v8ua1s726q,movie,"Way of the Gun","Christopher McQuarrie",Christopher,McQuarrie,"Rental Library",0012236115892,012236115892,"Two criminal drifters without sympathy get more than they bargained for after kidnapping and holding for ransom the surrogate mother of a powerful and shady man.",Lionsgate,2001-01-02,,"action, dvd",,,119,,50590202,,,,,1,,,"Ryan Phillippe, Benicio Del Toro, Taye Diggs, James Caan, Juliette Lewis",1.85:1,,,,,,,,2026-09-17,1
ftoclhie5y,movie,THOR,"Kenneth Branagh",Kenneth,Branagh,"Rental Library",0786936837506,786936837506,"Against his father Odin's will, The Mighty Thor - a powerful but arrogant warrior god - recklessly reignites an ancient war. Thor is cast down to Earth and forced to live among humans as punishment. Once here, Thor learns what it takes to be a true hero when the most dangerous villain of his world sends the darkest forces of Asgard to invade Earth.",MARVEL,2013-09-24,,"action, dvd",,,115,,04219130,,,,,1,,,"Chris Hemsworth, Natalie Portman, Tom Hiddleston, Anthony Hopkins, Stellan SkarsgÃ¥rd",2.35:1,,,,,,,,2026-09-17,1
gakw6o6bt4,movie,"Harry Potter and the Prisoner of Azkaban","Alfonso Cuarón",Alfonso,Cuarón,"Rental Library",0883929558513,883929558513,"Harry Potter's life is in danger once more as dangerous wizard Sirius Black has escaped from Azkaban Prison and is heading to Hogwarts.","Warner Bros.",2016-10-04,,"dvd, kids-family",,,,,04153594,,,,,2,,,"Daniel Radcliffe, Rupert Grint, Emma Watson, Robbie Coltrane, Michael Gambon",,,,,,,,,2026-09-17,1
dmnjt66u84,movie,"Someone Like You","Tyler Russell",Tyler,Russell,"Rental Library",0683904550941,683904550941,"Shocking news hits after young architect Dawson loses his best friend London. In his heartbreak, Dawson is compelled to launch an impossible search for London’s secret sister, twins separated as embryos. But along the way, Dawson never planned to fall in love.","Pinnacle Peak",2024-11-05,,"dvd, romantic-comedy",,,126,,04120826,,,,,1,,,"Sarah Fisher, Jake Allyn, Lynn Collins",,,,,,,,,2026-09-17,1
w1e6krjisd,movie,"28 Days","Betty Thomas",Betty,Thomas,"Rental Library",0043396050648,043396050648,"Twenty-eight days after a killer virus was accidentally unleashed from a British research facility, a small group of London survivors are caught in a desperate struggle to protect themselves from the infected. Carried by animals and humans, the virus turns those it infects into homicidal maniacs -- and it's absolutely impossible to contain.","Sony Pictures Home Entertainment",2000-09-19,,"comedy, dvd",,,2,,04088058,,,,,1,,,"Sandra Bullock, Steve Buscemi, Viggo Mortensen, Dominic West, Azura Skye",1.85:1,,,,,,,,2026-09-17,1
6umke2o8dt,movie,"Fast Times at Ridgemont High","Amy Heckerling",Amy,Heckerling,"Rental Library",0715515258012,715515258012,"A group of Southern-California high school students ignore their studies in favor of indulging in their teenage distractions.","The Criterion Collection",2021-05-11,,"comedy, dvd",,,89,,04022522,,,,,2,,,"Sean Penn, Phoebe Cates, Blair Ashleigh, David F. Price, Patrick Brennan",,,,,,,,,2026-09-17,1
8g3y5tdohq,movie,"One Flew Over The Cuckoo's Nest","Milos Forman",Milos,Forman,"Rental Library",0883929152605,883929152605,"A petty criminal fakes insanity to serve his sentence in a mental ward rather than prison. He soon finds himself as a leader to the other patients—and an enemy to the cruel, domineering nurse who runs the ward.",WarnerBrothers,2011-01-04,,"drama, dvd",,,135,,03989754,,,,,1,,,"Jack Nicholson, Louise Fletcher, William Redfield, Danny DeVito, Brad Dourif",,,,,,,,,2026-09-17,1
56d3hs6v9x,movie,"Benny & Joon","Jeremiah S. Chechik",Jeremiah,Chechik,"Rental Library",27616158420,027616158420,"A mentally ill young woman finds love with an eccentric man who models himself after Buster Keaton.","MGM (Video & DVD)",2006-08-01,,"dvd, romantic-comedy",,,98,,03924218,,,,,1,,,"Johnny Depp, Mary Stuart Masterson, Aidan Quinn, Julianne Moore, Oliver Platt",1.85:1,,,,,,,,2026-09-17,1
4jlfcaqkbx,movie,"A Streetcar Named Desire","Elia Kazan",Elia,Kazan,"Rental Library",0085393604127,085393604127,"A disturbed, aging Southern belle moves in with her sister for solace — but being face-to-face with her brutish brother-in-law accelerates her downward spiral.","Warner Home Video",1997-03-26,,"drama, dvd",,,122,,03891450,,,,,1,,,"Vivien Leigh, Marlon Brando, Kim Hunter, Karl Malden, Rudy Bond",1.33:1,,,,,,,,2026-09-17,1
0cpx26adcu,movie,"The Boondock Saints","Troy Duffy",Troy,Duffy,"Rental Library",24543028079,024543028079,"Tired of the crime overrunning the streets of Boston, Irish Catholic twin brothers Conner and Murphy are inspired by their faith to cleanse their hometown of evil with their own brand of zealous vigilante justice. As they hunt down and kill one notorious gangster after another, they become controversial folk heroes in the community. But Paul Smecker, an eccentric FBI agent, is fast closing in on their blood-soaked trail.","20th Century Fox",2002-05-21,,"action, dvd",,,108,,03825914,,,,,1,,,"Willem Dafoe, Sean Patrick Flanery, Norman Reedus, David Della Rocco, Billy Connolly",2.35:1,,,,,,,,2026-09-17,1
m4x70gx31h,movie,"Still Crazy","Brian Gibson",Brian,Gibson,"Rental Library",0043396037458,043396037458,"In the 1970s, Strange Fruit were it. They lived the rock lifestyle to the max, groupies, drugs, internal tension and an ex front man dead from an overdose. Even their demise was glamorous; when lightning struck the stage during an outdoor festival. Twenty years on, these former rock gods they have now sunk deep into obscurity when the idea of a reunion tour is lodged in the head of Tony, former keyboard player of the Fruits. Tony sets out to find his former bandmates with the help of former manager Karen to see if they can recapture the magic and give themselves a second chance.","Sony Pictures Home Entertainment",2005-06-07,,"comedy, dvd",,,95,,03760378,,,,,1,,,"Stephen Rea, Jimmy Nail, Timothy Spall, Billy Connolly, Juliette Aubrey",1.85:1,,,,,,,,2026-09-17,1
cnrlouqmmk,movie,UP,"Pete Docter",Pete,Docter,"Rental Library",0786936786675,786936786675,"Carl Fredricksen spent his entire life dreaming of exploring the globe and experiencing life to its fullest. But at age 78, life seems to have passed him by, until a twist of fate (and a persistent 8-year old Wilderness Explorer named Russell) gives him a new lease on life.",DISNEY/PIXAR,2009-11-10,,"dvd, kids-family",,,96,,03563770,,,,,1,,,"Ed Asner, Christopher Plummer, Jordan Nagai, Bob Peterson, Delroy Lindo",1.78:1,,,,,,,,2026-09-17,1
kq7empfysl,movie,"Oliver and Company","Dan Hansen, George Scribner",Dan,Hansen,"Rental Library",0786936769739,786936769739,"Putting its own 'twist' on the story of Oliver Twist, the orange runt of a litter of kittens must fight for survival on the rough streets on New York City, finding unlikely friends in the dogs owned by a down-on-his luck man named Fagin. Soon, Oliver and his new band of comrades must fight for survival when Fagin is unable to pay his debts.","WALT DISNEY ANIMATION",2009-02-03,,"dvd, kids-family",,,74,,03498234,,,,,1,,,"Billy Joel, Joey Lawrence, Robert Loggia, Cheech Marin, Dom DeLuise",1.66:1,,,,,,,,2026-09-17,1
lsvorqc7b9,movie,"Vanilla Sky",,,,"Rental Library",0032429282088,032429282088,"David Aames has it all: wealth, good looks and gorgeous women on his arm. But just as he begins falling for the warmhearted Sofia, his face is horribly disfigured in a car accident. That's just the beginning of his troubles as the lines between illusion and reality, between life and death, are blurred.",PARAMOUNT,2017-09-12,,"drama, dvd",,,136,,03334394,,,,,1,,,"Cameron Diaz, Pen�lope Cruz, Tom Cruise",,,,,,,,,2026-09-17,1
j7stnygqlq,movie,GoodFellas,"Martin Scorsese",Martin,Scorsese,"Rental Library",0085391163121,85391163121,"The true story of Henry Hill, a half-Irish, half-Sicilian Brooklyn kid who is adopted by neighbourhood gangsters at an early age and climbs the ranks of a Mafia family under the guidance of Jimmy Conway.",WarnerBrothers,2007-05-15,,dvd,,,146,,33424378,,,,,1,,,"Robert De Niro, Ray Liotta, Joe Pesci, Lorraine Bracco, Paul Sorvino",1.78:1,,,,,,,,2026-09-17,1
obarv9s0an,movie,"You Again","Andy Fickman",Andy,Fickman,"Rental Library",0786936810219,786936810219,"History -- make that high school -- may repeat itself when Marni learns that Joanna, the mean girl from her past, is set to be her sister-in-law. Before the wedding bells toll, Marni must show her brother that a tiger doesn't change its stripes. On Marni's side is her mother, while Joanna's backed by her wealthy aunt.","Touchstone Pictures",2011-02-08,,"blu-ray, romantic-comedy",,,105,,64393978,,,,,2,,,"Kristen Bell, Betty White, Jamie Lee Curtis, Sigourney Weaver, Odette Yustman",2.40:1,,,,,,,,2026-09-17,1
gakw608bt4,movie,"Guardians of the Galaxy","James Gunn",James,Gunn,"Rental Library",0786936854954,786936854954,"Light years from Earth, 26 years after being abducted, Peter Quill finds himself the prime target of a manhunt after discovering an orb wanted by Ronan the Accuser.",MARVEL,2017-09-17,,"action, blu-ray",,,121,,64328442,,,,,1,,,"Chris Pratt, ZoÃ« Saldana, Dave Bautista, Vin Diesel, Bradley Cooper",,,,,,,,,2026-09-17,1
dmnjt88u84,movie,"Spider-Man 3","Sam Raimi",Sam,Raimi,"Rental Library",0043396159327,043396159327,"The seemingly invincible Spider-Man goes up against an all-new crop of villains—including the shape-shifting Sandman. While Spider-Man’s superpowers are altered by an alien organism, his alter ego, Peter Parker, deals with nemesis Eddie Brock and also gets caught up in a love triangle.","Columbia Pictures",2007-10-30,,"action, blu-ray",,,139,,64262906,,,,,2,,,"Tobey Maguire, Kirsten Dunst, James Franco, Thomas Haden Church, Topher Grace",2.40:1,,,,,,,,2026-09-17,1
qhf94rqwe4,movie,"Bad Santa","Zwigoff, Terry",Zwigoff,Zwigoff,"Rental Library",0031398136897,031398136897,"You'd better watch out - Willie T. Soke is coming to town, and he doesn't care if you've been naughty or nice. Willie's favorite holiday tradition is to fill his sacks with loot lifted from shopping malls across the country. But this year his plot gets derailed by a wisecracking store detective, a sexy bartender, and a kid who's convinced Willie is the real Santa Claus.","Miramax Lionsgate",2011-04-26,,"blu-ray, holiday",,,91,,17853434,,,,,1,,,"Thornton, Billy Bob, Cox, Tony, Graham, Lauren, Leachman, Cloris, Ritter, John",,,,,,,,,2026-09-17,1
6umket08dt,movie,"6 Souls",,,,"Rental Library",0013132320397,013132320397,"A female forensic psychiatrist discovers that all of one of her patient's multiple personalities are murder victims. She will have to find out what's happening before her time is finished.",,,,"dvd, horror",,,,,62361082,,,,,,,,,,,,,,,,,2026-09-17,1
xlz2pyljps,movie,"National Lampoon's Vacation","Harold Ramis",Harold,Ramis,"Rental Library",0085392753529,085392753529,"Clark Griswold is on a quest to take his family to the Walley World theme park for a vacation, but things don't go exactly as planned.","Warner Home Video",2004-07-20,,"comedy, dvd",,,98,,62164474,,,,,1,,,"Chevy Chase, Beverly D'Angelo, Imogene Coca, Randy Quaid, Anthony Michael Hall",1.85:1,,,,,,,,2026-09-17,1
4jlfcpwkbx,movie,Keanu,"Peter Atencio",Peter,Atencio,"Rental Library",0883929539154,883929539154,"Friends hatch a plot to retrieve a stolen cat by posing as drug dealers for a street gang.",WarnerBrothers,2016-08-02,,"comedy, dvd",,,99,,62131706,,,,,1,,,"Jordan Peele, Keegan-Michael Key, Tiffany Haddish, Method Man, Jason Mitchell",,,,,,,,,2026-09-17,1
0cpx28pdcu,movie,"The Usual Suspects","Bryan Singer",Bryan,Singer,"Rental Library",0883904353485,883904353485,"Held in an L.A. interrogation room, Verbal Kint attempts to convince the feds that a mythic crime lord, Keyser Soze, not only exists, but was also responsible for drawing him and his four partners into a multi-million dollar heist that ended with an explosion in San Pedro harbor – leaving few survivors. Verbal lures his interrogators with an incredible story of the crime lord's almost supernatural prowess.","Mgm (Video & DVD)",2016-11-08,,"action, dvd",,,106,,71790330,,,,,1,,,"Stephen Baldwin, Gabriel Byrne, Chazz Palminteri, Kevin Pollak, Pete Postlethwaite",,,,,,,,,2026-09-17,1
m4x70bj31h,movie,"Iron Man","Jon Favreau",Jon,Favreau,"Rental Library",0786936837308,786936837308,"After being held captive in an Afghan cave, billionaire engineer Tony Stark creates a unique weaponized suit of armor to fight evil.",MARVEL,2013-09-24,,"action, dvd",,,126,,71757562,,,,,1,,,"Robert Downey, Terrence Howard, Jeff Bridges, Gwyneth Paltrow, Leslie Bibb",2.40:1,,,,,,,,2026-09-17,1
obarv640an,movie,"Django Unchained","Quentin Tarantino",Quentin,Tarantino,"Rental Library",0013132597256,13132597256,"With the help of a German bounty hunter, a freed slave sets out to rescue his wife from a brutal Mississippi plantation owner.",Lionsgate,2013-04-16,,"action, dvd",,,166,,71626490,,,,,2,,,"Jamie Foxx, Christoph Waltz, Leonardo DiCaprio, Kerry Washington, Samuel Jackson",2.40:1,,,,,,,,2026-09-17,1
t0bnsv493y,movie,Hidalgo,"Joe Johnston",Joe,Johnston,"Rental Library",0786936228113,786936228113,"Set in 1890, this is the story of a Pony Express courier who travels to Arabia to compete with his horse, Hidalgo, in a dangerous race for a massive contest prize, in an adventure that sends the pair around the world...","TOUCHSTONE PICTURES",2004-08-03,,"action, dvd",,,136,,71462650,,,,,1,,,"Viggo Mortensen, Omar Sharif, Said Taghmaoui, Zuleikha Robinson, Louise Lombard",1.33:1,,,,,,,,2026-09-17,1
hetdjlc19k,movie,"Dirty Grandpa","Dan Mazer",Dan,Mazer,"Rental Library",0031398244080,031398244080,"Jason Kelly is one week away from marrying his boss's uber-controlling daughter, putting him on the fast track for a partnership at the law firm. However, when the straight-laced Jason is tricked into driving his foul-mouthed grandfather, Dick, to Daytona for spring break, his pending nuptials are suddenly in jeopardy. Between riotous frat parties, bar fights, and an epic night of karaoke, Dick is on a quest to live his life to the fullest and bring Jason along for the ride.",Lionsgate,2016-05-17,,"comedy, dvd",,,108,,94916602,,,,,1,,,"Robert De Niro, Zac Efron, Aubrey Plaza, Zoey Deutch",,,,,,,,,2026-09-17,1
nxisbat41p,movie,"The Love Guru",,,,"Rental Library",0097363507048,097363507048,"Born in America and raised in an Indian ashram, Pitka returns to his native land to seek his fortune as a spiritualist and self-help expert. His skills are put to the test when he must get a brokenhearted hockey player's marriage back on track in time for the man to help his team win the Stanley Cup.",Paramount,2008-09-16,,"comedy, dvd",,,87,,94851066,,,,,1,,,"Mike Myers, Jessica Alba, Romany Malco, Justin Timberlake, Meagan Good",,,,,,,,,2026-09-17,1
7f20xiahd6,movie,"The Cowboy Way","Gregg Champion",Gregg,Champion,"Rental Library",0025192044625,025192044625,"Two championship rodeo partners travel to New York to find their missing friend, Nacho Salazar who went missing there.","Universal Pictures Home Entertainment",2013-04-02,,"comedy, dvd",,,107,,91377658,,,,,1,,,"Woody Harrelson, Kiefer Sutherland, Dylan McDermott",1.85:1,,,,,,,,2026-09-17,1
u34q90egnz,movie,"My Cousin Vinny","Jonathan Lynn",Jonathan,Lynn,"Rental Library",0024543005322,24543005322,"Two carefree pals traveling through rural Alabama on their way back to college are mistakenly arrested and charged with murder. Fortunately, one of them has a cousin who's a lawyer - Vincent Gambini, a former auto mechanic from Brooklyn who has just passed his bar exam after his sixth try. When he arrives with his leather-clad girlfriend to try his first case, it's a real shock - for him and the Deep South!","20th Century Fox",2000-07-25,,"comedy, dvd",,,120,,91344890,,,,,1,,,"Joe Pesci, Ralph Macchio, Marisa Tomei, Mitchell Whitfield, Fred Gwynne",,,,,,,,,2026-09-17,1
obarv6f0an,movie,"Hall Pass","Bobby Farrelly, Peter Farrelly",Bobby,Farrelly,"Rental Library",0794043144417,794043144417,"When best buds Rick and Fred begin to show signs of restlessness at home, their wives take a bold approach to revitalize their marriages, they grant the guys a 'hall pass'—one week of freedom to do whatever they want. At first, it seems like a dream come true, but they quickly discover that their expectations of the single life—and themselves—are completely and hilariously out of sync with reality.","Warner Bros. Pictures",2011-06-14,,"comedy, dvd",,,105,,91312122,,,,,1,,,"Owen Wilson, Jason Sudeikis",,,,,,,,,2026-09-17,1
v8ua1e126q,movie,"The Dukes of Hazzard","Jay Chandrasekhar",Jay,Chandrasekhar,"Rental Library",0012569736658,012569736658,"Cousins, Bo and Luke Duke, with the help of their eye-catching cousin, Daisy and moonshine-running Uncle Jesse, try and save the family farm from being destroyed by Hazzard County's corrupt commissioner, Boss Hogg. Their efforts constantly find the 'Duke Boys' eluding authorities in 'The General Lee', their 1969 orange Dodge Charger that keeps them one step ahead of the dimwitted antics of the small southern town's Sheriff, Roscoe P. Coltrane.",WarnerBrothers,2007-09-04,,"comedy, dvd",,,107,,91279354,,,,,1,,,"Johnny Knoxville, Seann William Scott, Jessica Simpson, Burt Reynolds, Joe Don Baker",2.35:1,,,,,,,,2026-09-17,1
ftoclz7e5y,movie,"Tower Heist","Brett Ratner",Brett,Ratner,"Rental Library",0025192076619,025192076619,"A luxury condo manager leads a staff of workers to seek payback on the Wall Street swindler who defrauded them. With only days until the billionaire gets away with the perfect crime, the unlikely crew of amateur thieves enlists the help of petty crook Slide to steal the $20 million they’re sure is hidden in the penthouse.","Universal Pictures",2012-02-21,,"comedy, dvd",,,105,,91213818,,,,,1,,,"Ben Stiller, Mathew Broderick",2.40:1,,,,,,,,2026-09-17,1
gakw6dobt4,movie,"I Now Pronounce You Chuck & Larry",,,,"Rental Library",0025193226822,025193226822,"Firefighters Chuck Ford and Larry Valentine are guy's guys, loyal to the core—which is why when widower Larry asks Chuck to pose as his lover so that he can get domestic partner benefits for his kids, his buddy agrees. However, things get dicey when a bureaucrat comes calling, and the boys are forced to present a picture of domestic bliss.","Universal Pictures Home Entertainment",2017-07-04,,"comedy, dvd",,,116,,91115514,,,,,1,,,"Adam Sandler, Kevin James",1.85:1,,,,,,,,2026-09-17,1
6umket28dt,movie,"Knocked Up","Judd Apatow",Judd,Apatow,"Rental Library",0025195010634,025195010634,"A slacker and a career-driven woman accidentally conceive a child after a one-night stand. As they try to make the relationship work, they must navigate the challenges of parenthood and their differences in lifestyle and maturity.","Universal Studios Home Entertainment",2007-09-25,,"comedy, dvd",,,133,,91049978,,,,,1,,,"Seth Rogen, Katherine Heigl, Paul Rudd, Leslie Mann, Jason Segel",1.85:1,,,,,,,,2026-09-17,1
8g3y56gohq,movie,"The Brothers Solomon","Bob Odenkirk",Bob,Odenkirk,"Rental Library",0043396190634,043396190634,"A pair of well-meaning, but socially inept brothers try to find their perfect mates in order to provide their dying father with a grandchild.","Sony Pictures Home Entertainment",2007-12-26,,"comedy, dvd",,,93,,90853370,,,,,1,,,"Will Arnett, Will Forte, Wiig",1.85:1,,,,,,,,2026-09-17,1
56d3heov9x,movie,"Office Christmas Party","Will Speck, Josh Gordon",Will,Speck,"Rental Library",0032429263209,032429263209,"When Carol Vanstone, CEO of the technology company Zenotek, expresses her intention to close the Chicago branch, run by her brother Clay, he and his co-workers organize a Christmas party in an effort to impress a potential client and save their jobs. But the party gets out of control…","Paramount Pictures Home Entertainment",2019-08-27,,"comedy, dvd",,,105,,90820602,,,,,1,,,"Jamie Chung, Jillian Bell, Courtney B. Vance, Olivia Munn, Vanessa Bayer",,,,,,,,,2026-09-17,1
4jlfcnikbx,movie,Tombstone,"George P. Cosmatos",George,Cosmatos,"Rental Library",0717951000064,717951000064,"Legendary marshal Wyatt Earp, now a weary gunfighter, joins his brothers Morgan and Virgil to pursue their collective fortune in the thriving mining town of Tombstone. But Earp is forced to don a badge again and get help from his notorious pal Doc Holliday when a gang of renegade brigands and rustlers begins terrorizing the town.","HOLLYWOOD PICTURES",1997-12-02,,"drama, dvd",,,130,,94575354,,,,,1,,,"Kurt Russell, Val Kilmer, Sam Elliott, Bill Paxton, Powers Boothe",2.35:1,,,,,,,,2026-09-17,1
8g3y56yohq,movie,"The Game","David Fincher",David,Fincher,"Rental Library",0025192244728,025192244728,"In honor of his birthday, San Francisco banker Nicholas Van Orton, a financial genius and a cold-hearted loner, receives an unusual present from his younger brother, Conrad: a gift certificate to play a unique kind of game. In nary a nanosecond, Nicholas finds himself consumed by a dangerous set of ever-changing rules, unable to distinguish where the charade ends and reality begins.","Universal Studios",2002-08-27,,"dvd, thriller",,,128,,94477050,,,,,1,,,"Michael Douglas, Sean Penn, Deborah Kara Unger, James Rebhorn, Peter Donat",1.33:1,,,,,,,,2026-09-17,1
kq7em45ysl,movie,"Shrek 2",Various,Various,Various,"Rental Library",0191329061077,191329061077,"Happily ever after never seemed so far far away when a trip to meet the in-laws turns into a hilariously twisted adventure for Shrek and Fiona. With the help of ever-faithful Donkey, Shrek takes on the potion-brewing Fairy Godmother, pompous Prince Charming, and infamous ogre-killer Puss In Boots.","Studio Distribution Services",2018-06-05,,"dvd, kids-family",,,93,,94444282,,,,,1,,,Various,1.85:1,,,,,,,,2026-09-17,1
prwzgaeno7,movie,"The Dark Knight","Christopher Nolan",Christopher,Nolan,"Rental Library",0085391176428,85391176428,"Batman raises the stakes in his war on crime. With the help of Lt. Jim Gordon and District Attorney Harvey Dent, Batman sets out to dismantle the remaining criminal organizations that plague the streets. The partnership proves to be effective, but they soon find themselves prey to a reign of chaos unleashed by a rising criminal mastermind known to the terrified citizens of Gotham as the Joker.",WarnerBrothers,2008-12-09,,"action, dvd",,,152,,94378746,,,,,1,,,"Christian Bale, Heath Ledger, Maggie Gyllenhaal, Aaron Eckhart, Michael Caine",2.40:1,,,,,,,,2026-09-17,1
9dc4ftq6rp,movie,Troy,"Wolfgang Petersen",Wolfgang,Petersen,"Rental Library",0085392841028,085392841028,"In year 1250 B.C. during the late Bronze age, two emerging nations begin to clash. Paris, the Trojan prince, convinces Helen, Queen of Sparta, to leave her husband Menelaus, and sail with him back to Troy. After Menelaus finds out that his wife was taken by the Trojans, he asks his brother Agamemnon to help him get her back. Agamemnon sees this as an opportunity for power. They set off with 1,000 ships holding 50,000 Greeks to Troy.","Warner Home Video",2005-01-04,,"action, dvd",,,163,,94345978,,,,,2,,,"Brad Pitt, Eric Bana, Orlando Bloom, Julian Glover, Brian Cox",1.33:1,,,,,,,,2026-09-17,1
e90m7f75u2,movie,"Pirates of the Caribbean: Dead Man's Chest","Gore Verbinski",Gore,Verbinski,"Rental Library",0786936292978,786936292978,"Captain Jack Sparrow’s got a blood debt to pay: he owes his soul to the legendary Davy Jones, ghastly Ruler of the Ocean Depths. To escape eternal servitude aboard the Flying Dutchman, ever-crafty Jack must track down the still-beating heart of Jones. But he won’t do it alone: Will Turner and Elizabeth Swann are drawn back into another one of his perilous quests—assuming they can evade execution for aiding a pirate.","Walt Disney Studios Home Entertainment",2006-12-05,,"dvd, kids-family",,,150,,94182138,,,,,1,,,"Johnny Depp, Orlando Bloom, Keira Knightley, Stellan Skarsg-rd, Bill Nighy",2.35:1,,,,,,,,2026-09-17,1
ftoclshe5y,movie,"Talladega Nights: The Ballad of Ricky Bobby","Adam McKay",Adam,McKay,"Rental Library",0043396148420,043396148420,"The fastest man on four wheels, Ricky Bobby, is one of the greatest drivers in NASCAR history. A big, hairy American winning machine, Ricky has everything a dimwitted daredevil could want, a luxurious mansion, a smokin' hot wife, and all the fast food he can eat. But Ricky's turbo-charged lifestyle hits an unexpected speed bump when he's bested by flamboyant Euro-idiot Jean Girard and reduced to a fear-ridden wreck.","Sony Pictures Home Entertainment",2006-12-12,,"comedy, dvd",,,108,,94018298,,,,,1,,,"John Reilly, Sacha Baron Cohen, Gary Cole, Michael Clarke Duncan, Will Ferrell",2.40:1,,,,,,,,2026-09-17,1
gakw6u0bt4,movie,Semi-Pro,"Kent Alterman",Kent,Alterman,"Rental Library",0794043121173,794043121173,"Jackie Moon is the owner, promoter, coach, and star player of the Flint Michigan Tropics of the American Basketball Association (ABA), the worst team in the league. In 1976 before the ABA collapses, the NBA plans to merge with the best teams of the ABA at the end of the season. Only the top four teams will make the move and the worst teams will fold. If the Tropics want to make it to the NBA, Jackie Moon must rally his team and start winning.",WarnerBrothers,2008-06-03,,"comedy, dvd",,,91,,93919994,,,,,2,,,"Will Ferrell, Woody Harrelson, Andre Benjamin, Maura Tierney, Will Arnett",2.35:1,,,,,,,,2026-09-17,1
dmnjt00u84,movie,"Big Fish","Tim Burton",Tim,Burton,"Rental Library",0043396008373,043396008373,"Throughout his life Edward Bloom has always been a man of big appetites, enormous passions and tall tales. In his later years, he remains a huge mystery to his son, William. Now, to get to know the real man, Will begins piecing together a true picture of his father from flashbacks of his amazing adventures.","Sony Pictures Home Entertainment",2004-04-27,,"drama, dvd",,,125,,93887226,,,,,1,,,"Billy Crudup, Hailey Anne Nelson, Ewan McGregor, Albert Finney, Jessica Lange",1.85:1,,,,,,,,2026-09-17,1
2ogpzv2tqt,movie,"Starsky & Hutch",,,,"Rental Library",0683904111678,683904111678,"Join uptight David Starsky and laid-back Ken ""Hutch"" Hutchinson as they're paired for the first time as undercover cops. The new partners must overcome their differences to solve an important case with help from street informant Huggy Bear and persuasive criminal Reese Feldman.","Sony Pictures Home",2014-11-11,,"comedy, dvd",,,4620,,93821690,,,,,16,,,"David Soul, Paul Michael Glaser, Antonio Fargas, Bernie Hamilton, Eldon Burke",,,,,,,,,2026-09-17,1
w1e6kwlisd,movie,"Carlito's Way","Brian De Palma",Brian,Palma,"Rental Library",0025192022227,025192022227,"Free after years in prison, Carlito Brigante intends to give up his criminal ways, but it's not long before the ex-con is sucked back into the New York City underworld.","Universal Studios Home Entertainment",1998-05-26,,"action, dvd",,,145,,93788922,,,,,1,,,"Al Pacino, Sean Penn, Penelope Ann Miller, Luis Guzman, James Rebhorn",2.35:1,,,,,,,,2026-09-17,1
qhf94qlwe4,movie,"The Last Samurai","Edward Zwick",Edward,Zwick,"Rental Library",0883929106783,883929106783,"Nathan Algren is an American hired to instruct the Japanese army in the ways of modern warfare, which finds him learning to respect the samurai and the honorable principles that rule them. Pressed to destroy the samurai's way of life in the name of modernization and open trade, Algren decides to become an ultimate warrior himself and to fight for their right to exist.",WarnerBrothers,2009-11-03,,"action, dvd",,,154,,93756154,,,,,1,,,"Tom Cruise, Timothy Spall, Ken Watanabe, Billy Connolly, Tony Goldwyn",,,,,,,,,2026-09-17,1
xlz2pxhjps,movie,Cars,,,,"Rental Library",0786936271898,786936271898,"Lightning McQueen, a hotshot rookie race car driven to succeed, discovers that life is about the journey, not the finish line, when he finds himself unexpectedly detoured in the sleepy Route 66 town of Radiator Springs. On route across the country to the big Piston Cup Championship in California to compete against two seasoned pros, McQueen gets to know the town's offbeat characters.",,,,"dvd, kids-family",,,,,93690618,,,,,,,,,,,,,,,,,2026-09-17,1
4jlfc4lkbx,movie,300,"Zack Snyder",Zack,Snyder,"Rental Library",12569736627,012569736627,"A story very loosely based the 480 B.C. Battle of Thermopylae, where the King of Sparta led his army against the advancing Persians.","Warner Home Video",2008-01-08,,"action, dvd",,,116,,83827450,,,,,1,,,"Gerard Butler, Lena Headey, David Wenham, Rodrigo Santoro",2.40:1,,,,,,,,2026-09-17,1
0cpx204dcu,movie,"Walk the Line","James Mangold",James,Mangold,"Rental Library",0024543224228,024543224228,"A chronicle of country music legend Johnny Cash's life, from his early days on an Arkansas cotton farm to his rise to fame with Sun Records in Memphis, where he recorded alongside Elvis Presley, Jerry Lee Lewis and Carl Perkins.","20th Century Fox",2006-02-28,,"drama, dvd",,,136,,83729146,,,,,1,,,"Joaquin Phoenix, Reese Witherspoon, Ginnifer Goodwin, Robert Patrick, Dallas Roberts",,,,,,,,,2026-09-17,1
ywh53yfr71,movie,"Team America World Police",,,,"Rental Library",0032429258304,032429258304,"When North Korean ruler Kim Jong-il orchestrates a global terrorist plot, it's up to the heavily armed, highly specialized Team America unit to stop his dastardly scheme. The group, which has recruited troubled Broadway actor Gary Johnston, not only has to face off against Jong-il, but they must also contend with the Film Actors Guild, a cadre of Hollywood liberals at odds with Team America's 'policing the world' tactics.",,,,"comedy, dvd",,,,,83630842,,,,,,,,,,,,,,,,,2026-09-17,1
cnrloclmmk,movie,"South Park Bigger, Longer & Uncut",,,,"Rental Library",0032429258205,032429258205,"In this feature film based on the hit animated series, the third graders of South Park sneak into an R-rated film by ultra-vulgar Canadian television personalities Terrance and Phillip, and emerge with expanded vocabularies that leave their parents and teachers scandalized. When outraged Americans try to censor the film, the controversy spirals into a call to wage war on Canada and Terrance and Phillip end up on death row, with the kids their only hope of rescue.","Paramount Pictures Home Entertainment",2016-01-24,,"comedy, dvd",,,81,,83532538,,,,,1,,,"Matt Stone, Trey Parker",,,,,,,,,2026-09-17,1
kq7emkvysl,movie,"The Davinci Code","Ron Howard",Ron,Howard,"Rental Library",0043396148345,043396148345,"A murder in Paris’ Louvre Museum and cryptic clues in some of Leonardo da Vinci’s most famous paintings lead to the discovery of a religious mystery. For 2,000 years a secret society closely guards information that — should it come to light — could rock the very foundations of Christianity.","Sony Pictures Home Entertainment",2006-11-14,,"dvd, thriller",,,149,,83467002,,,,,2,,,"Tom Hanks, Audrey Tautou, Ian McKellen, Alfred Molina, Jürgen Prochnow",2.40:1,,,,,,,,2026-09-17,1
t0bnsty93y,movie,"Undercover Brother","Malcolm D. Lee",Malcolm,Lee,"Rental Library",0025192198021,025192198021,"An Afro-American organization, the B.R.O.T.H.E.R.H.O.O.D., is in permanent fight against a white organization ""The Man"" defending the values of the black people in North America. When the Afro-American candidate Gen. Warren Boutwell behaves strangely in his presidential campaign, Undercover Brother is hired to work undercover for ""The Man"" and find what happened with the potential candidate.","Universal Studios Home Entertainment",2003-01-14,,"comedy, dvd",,,87,,83434234,,,,,1,,,"Eddie Griffin, Chris Kattan, Denise Richards, Dave Chappelle, Aunjanue Ellis",1.33:1,,,,,,,,2026-09-17,1
3kjhd3earj,movie,"Runaway Jury","Gary Fleder",Gary,Fleder,"Rental Library",0024543100812,024543100812,"After a workplace shooting in New Orleans, a trial against the gun manufacturer pits lawyer Wendell Rohr against shady jury consultant Rankin Fitch, who uses illegal means to stack the jury with people sympathetic to the defense. But when juror Nicholas Easter and his girlfriend Marlee reveal their ability to sway the jury into delivering any verdict they want, a high-stakes cat-and-mouse game begins.","20th Century Studios",2004-02-17,,"dvd, thriller",,,127,,83401466,,,,,1,,,"John Cusack, Rachel Weisz, Gene Hackman, Dustin Hoffman, Bruce Davison",2.35:1,,,,,,,,2026-09-17,1
9dc4f9w6rp,movie,"Batman Begins","Christopher Nolan",Christopher,Nolan,"Rental Library",12569594142,012569594142,"Driven by tragedy, billionaire Bruce Wayne dedicates his life to uncovering and defeating the corruption that plagues his home, Gotham City. Unable to work within the system, he instead creates a new identity, a symbol of fear for the criminal underworld - The Batman.","Warner Home Video / Sunset Home Visual Entertainment",2005-10-18,,"action, dvd",,,140,,83270394,,,,,1,,,"Christian Bale, Michael Caine, Ken Watanabe, Liam Neeson, Katie Holmes",1.33:1,,,,,,,,2026-09-17,1
lsvorla7b9,movie,"Reservoir Dogs","Quentin Tarantino",Quentin,Tarantino,"Rental Library",0012236131472,012236131472,"A botched robbery indicates a police informant, and the pressure mounts in the aftermath at a warehouse. Crime begets violence as the survivors -- veteran Mr. White, newcomer Mr. Orange, psychopathic parolee Mr. Blonde, bickering weasel Mr. Pink and Nice Guy Eddie -- unravel.",Lionsgate,2002-08-27,,"dvd, thriller",,,100,,83172090,,,,,2,,,"Harvey Keitel, Tim Roth, Michael Madsen, Chris Penn, Steve Buscemi",2.35:1,,,,,,,,2026-09-17,1
7f20x7nhd6,movie,Knowing,"Alex Proyas",Alex,Proyas,"Rental Library",0025192031892,025192031892,"A teacher opens a time capsule that has been dug up at his son's elementary school; in it are some chilling predictions -- some that have already occurred and others that are about to -- that lead him to believe his family plays a role in the events that are about to unfold.","Summit Entertainment",2009-07-07,,"blu-ray, thriller",,,121,,83073786,,,,,1,,,"Nicolas Cage, Rose Byrne, Chandler Canterbury",2.35:1,,,,,,,,2026-09-17,1
6umke698dt,movie,"The Help","Tate Taylor",Tate,Taylor,"Rental Library",0786936814309,786936814309,"Aibileen Clark is a middle-aged African-American maid who has spent her life raising white children and has recently lost her only son; Minny Jackson is an African-American maid who has often offended her employers despite her family's struggles with money and her desperate need for jobs; and Eugenia ""Skeeter"" Phelan is a young white woman who has recently moved back home after graduating college to find out her childhood maid has mysteriously disappeared. These three stories intertwine to explain how life in Jackson, Mississippi revolves around ""the help""; yet they are always kept at a certain distance because of racial lines.","Walt Disney Studios",2011-12-06,,"drama, dvd",,,146,,83189242,,,,,1,,,"Emma Stone, Octavia Spencer, Jessica Chastain, Viola Davis, Bryce Dallas Howard",1.85:1,,,,,,,,2026-09-17,1
w1e6yl7isd,movie,"The Homesman","Tommy Jones",Tommy,Jones,"Rental Library",0031398212003,31398212003,"When three women living on the edge of the American frontier are driven mad by harsh pioneer life, the task of saving them falls to the pious, independent-minded Mary Bee Cuddy. Transporting the women by covered wagon to Iowa, she soon realizes just how daunting the journey will be, and employs a low-life drifter, George Briggs, to join her. The unlikely pair and the three women head east, where a waiting minister and his wife have offered to take the women in. But the group first must traverse the harsh Nebraska Territories marked by stark beauty, psychological peril and constant threat.",Lionsgate,2015-02-17,,"drama, dvd",,,122,,83156474,,,,,1,,,"Tommy Jones, Hilary Swank, Meryl Streep, Miranda Otto, David Dencik",,,,,,,,,2026-09-17,1
6umk5og8dt,movie,"The Fighting Temptations","Jonathan Lynn",Jonathan,Lynn,"Rental Library",0097360512649,097360512649,"Darrin Hill, a slick-talking but down-on- his-luck NYC advertising exec, returns to his hometown in Georgia to claim the inheritance his aunt left him. But before Darrin can collect the money, he must fulfill his aunt's final wish -- to create a local choir.",Paramount,2004-02-03,,"dvd, musical",,,123,,83123706,,,,,1,,,"Cuba Gooding Jr., Beyonc Knowles, Mike Epps, Nigel Washington, Chloe Bailey",1.33:1,,,,,,,,2026-09-17,1
0cpxtukdcu,movie,"Stir of Echoes","David Koepp",David,Koepp,"Rental Library",0012236101970,012236101970,"After being hypnotized by his sister-in-law, Tom Witzky begins seeing haunting visions of a girl's ghost and a mystery begins to unfold around her.",Lionsgate,2000-02-01,,"dvd, horror",,,94,,82828794,,,,,1,,,"Kevin Bacon, Zachary David Cope, Kathryn Erbe, Illeana Douglas, Kevin Dunn",1.33:1,,,,,,,,2026-09-17,1
prwzb4vno7,movie,"Bear with Me",,,,"Rental Library",0033937033865,033937033865,"An orphaned bear cub is adopted by little Emily and her family. They name the cub Masha, raise her and release her back into the wild. Three years go by, and Emily is lost deep in the forest. Cold, frightened and alone in the darkness, she falls and is knocked unconscious. When she awakens, Emily is amazed to see that a brown bear has kept her warm and dry all night by cuddling her. It's Masha – and Emily is overjoyed to be reunited with the bear just when she needs a friend most. Together the two bravely set off on an adventure to find their way home. Bear With Me is a tale the whole family will find as exciting as it is heart-warming . . . and the magnificent forests of the Pacific Northwest lend this story of loyalty, friendship and adventure a magic all its own.","Questar Video",2003-08-13,,"dvd, kids-family",,,97,,82763258,,,,,1,,,"Thicke, Alan",,,,,,,,,2026-09-17,1
iz58r7klqm,movie,Blockers,"Kay Cannon",Kay,Cannon,"Rental Library",0191329040874,191329040874,"When three parents discover that each of their daughters have a pact to lose their virginity at prom, they launch a covert one-night operation to stop the teens from sealing the deal.","Universal Pictures Home Entertainment",2018-07-03,,"comedy, dvd",,,102,,82664954,,,,,1,,,"Leslie Mann, Ike Barinholtz, John Cena",2.40:1,,,,,,,,2026-09-17,1
ayq1gngpsz,movie,"Total Recall","Paul Verhoeven",Paul,Verhoeven,"Rental Library",0012236170488,012236170488,"Construction worker Douglas Quaid's obsession with the planet Mars leads him to visit Rekall, a virtual vacation company that manufactures memories. When something goes wrong during Quaid's memory implant procedure, his life turns upside down, leading him to question what is reality and what isn't.",Lionsgate,2005-05-31,,"dvd, sci-fi",,,113,,82632186,,,,,1,,,"Arnold Schwarzenegger, Rachel Ticotin, Sharon Stone, Michael Ironside, Ronny Cox",1.85:1,,,,,,,,2026-09-17,1
v8uaztf26q,movie,"Blood Father","Richet, Jean-Francois",Richet,Richet,"Rental Library",0031398244912,031398244912,"An ex-con reconnects with his estranged teenage daughter while fighting to keep her alive after she becomes a target of violent drug dealers.","Alliance Entertainment",2016-10-11,,"action, dvd",,,88,,82599418,,,,,1,,,"Gibson, Mel, Mann, Thomas, Rohm, Elisabeth, Macy, William H., Luna, Diego",,,,,,,,,2026-09-17,1
ftoc75ze5y,movie,"the Lazarus Project",,,,"Rental Library",0043396261815,043396261815,"After Ben Garvey foolishly turned back to crime, he thought his life was over when he was sentenced to death by lethal injection. But his death sentence isn't quite what it seems, as Ben regains consciousness near an eerie psychiatric ward, where he's told he's been hired as the groundskeeper. With the state of his soul in question, and the love for his wife and daughter all the more real and powerful, Ben must figure out if he's truly cheated death, or if he's become part of something far more sinister.",,,,"dvd, sci-fi",,,,,41639418,,,,,,,,,,,,,,,,,2026-09-17,1
6umk5o68dt,movie,"Full Metal Jacket","Stanley Kubrick",Stanley,Kubrick,"Rental Library",0085391163114,85391163114,"A pragmatic U.S. Marine observes the dehumanizing effects the U.S.-Vietnam War has on his fellow recruits from their brutal boot camp training to the bloody street fighting in Hue.",WarnerBrothers,2007-05-15,,"drama, dvd",,,116,,40852986,,,,,1,,,"Matthew Modine, Adam Baldwin, Vincent D'Onofrio, Lee Ermey, Dorian Harewood",1.33:1,,,,,,,,2026-09-17,1
dmnj9bgu84,movie,Trespass,"Walter Hill",Walter,Hill,"Rental Library",0025192195723,025192195723,"Kyle and Sarah Miller have it all: a huge gated house on the water, fancy cars, and the potential for romance in their relationship. He's just back from a business trip and their teen daughter Avery is sneaking out to a party, when four thugs in security uniforms and ski masks stage a home invasion. They want what's in the safe: cash and diamonds. As Kyle stalls them, trying to negotiate for Sarah's freedom, the fault lines in Kyle and Sarah's marriage and the pasts of the four robbers come into play. Is there room here for heroism?","Universal Pictures Home Entertainment",2008-06-24,,"dvd, thriller",,,102,,39378426,,,,,1,,,"Bill Paxton, Ice Cube, Ice-T, William Sadler, Glenn Plummer",1.85:1,,,,,,,,2026-09-17,1
w1e6y7hisd,movie,"Blood of Redemption","Giorgio Serafini, Shawn Sorgouse",Giorgio,Serafini,"Rental Library",741952755197,741952755197,"Quinn Forte had it all: power, money, a brother who idolized him, and a woman who loved him. He also had enemies. In the course of one night, he loses everything. Betrayed by someone in his inner circle, Quinn is set up and arrested. His father, the patriarch of the criminal empire is killed and his brother suspects that Quinn is behind it all. When he's released from jail he tries to escape the demons from his past, but that becomes an impossible task. Campbell, the ruthless new leader of ""The Company"" won't let him leave in peace. So instead of escaping them, Quinn fights back. He joins forces with his former henchman and friend, The Swede, and takes on his enemies head on.","Entertainment One",2013-09-24,,"action, dvd",,,85,,39247354,,,,,1,,,"Dolph Lundgren, Billy Zane, Vinnie Jones",1.78:1,,,,,,,,2026-09-17,1
qhf9klhwe4,movie,"Single White Female: The Psycho","Keith Samples",Keith,Samples,"Rental Library",0043396123991,043396123991,"A warped woman takes deadly measures to help a new roommate get rid of her problems.","Sony Pictures Home Entertainment",2005-10-25,,"dvd, thriller",,,91,,37903866,,,,,1,,,"Kristen Miller, Allison Lange, Francois Giroday, Rif Hutton, Brooke Burns",1.85:1,,,,,,,,2026-09-17,1
ywh5aj5r71,movie,"Rush Hour 2","Ratner, Brett",Ratner,Ratner,"Rental Library",0794043170003,794043170003,"It's vacation time for Carter as he finds himself alongside Lee in Hong Kong wishing for more excitement. While Carter wants to party and meet the ladies, Lee is out to track down a Triad gang lord who may be responsible for killing two men at the American Embassy. Things get complicated as the pair stumble onto a counterfeiting plot. The boys are soon up to their necks in fist fights and life-threatening situations. A trip back to the U.S. may provide the answers about the bombing, the counterfeiting, and the true allegiance of sexy customs agent Isabella.","New Line Cinema Corporation",2013-05-14,,"action, dvd",,,,,37215738,,,,,,,,"Chan, Jackie, Lone, John, Sanchez, Roselyn, Tucker, Assistant Professor Chris, Ziyi, Zhang",,,,,,,,,2026-09-17,1
t0bnf8x93y,movie,"For Love of the Game","Sam Raimi",Sam,Raimi,"Rental Library",0025192068423,025192068423,"A baseball legend almost finished with his distinguished career at the age of forty has one last chance to prove who he is, what he is capable of, and win the heart of the woman he has loved for the past four years.","Studio Distribution Services",2005-12-26,,"drama, dvd",,,138,,33807866,,,,,1,,,"Kevin Costner, Kelly Preston, John C. Reilly, Brian Cox, Jena Malone",2.35:1,,,,,,,,2026-09-17,1
prwzbk2no7,movie,"J. Edgar","Clint Eastwood",Clint,Eastwood,"Rental Library",0883929215003,883929215003,"As the face of law enforcement in the United States for almost 50 years, J. Edgar Hoover was feared and admired, reviled and revered. But behind closed doors, he held secrets that would have destroyed his image, his career, and his life.",WarnerBrothers,2012-02-21,,"drama, dvd",,,137,,33119738,,,,,1,,,"Leonardo DiCaprio, Naomi Watts, Armie Hammer, Josh Lucas, Judi Dench",,,,,,,,,2026-09-17,1
3kjhunvarj,movie,"Mazes and Monsters","Steven Hilliard Stern",Steven,Stern,"Rental Library",0885444495045,885444495045,"Bound together by a desire to play ""Mazes and Monsters,"" Robbie and his four college classmates decide to move the board game into the local cavern. Robbie loses his mind, and the line between reality and fantasy fuse into a harrowing nightmare.",,2010-12-31,,"dvd, fantasy",,,100,,32202234,,,,,1,,,"Tom Hanks, Wendy Crewson, David Wallace, Chris Makepeace",1.33:1,,,,,,,,2026-09-17,1
hetdqsp19k,movie,"Rising Sun","Philip Kaufman",Philip,Kaufman,"Rental Library",0024543036500,024543036500,"When a prostitute is found dead in a Los Angeles skyscraper occupied by a large Japanese corporation, detectives John Connor and Web Smith are called in to investigate. Although Connor has previous experience working in Japan, cultural differences make their progress difficult until a security disc showing the murder turns up. Close scrutiny proves the disc has been doctored, and the detectives realize they're dealing with a cover-up as well.","20th Century Studios",2002-05-21,,"dvd, thriller",,,129,,29941242,,,,,1,,,"Sean Connery, Wesley Snipes, Harvey Keitel, Cary-Hiroyuki Tagawa, Kevin Anderson",1.85:1,,,,,,,,2026-09-17,1
9dc4eol6rp,movie,54,"Mark Christopher",Mark,Christopher,"Rental Library",0031398137160,031398137160,"When the mastermind behind New York's infamous Studio 54 disco plucks young Shane from the sea of faces clamoring to get inside his club, he not only gets his foot in the door, but lands a coveted job behind the bar — and a front-row ticket to the most legendary party on the planet!","Miramax Lionsgate",2011-04-26,,"dvd, musical",,,93,,28270074,,,,,1,,,"Ryan Phillippe, Salma Hayek, Neve Campbell, Mike Myers, Sela Ward",,,,,,,,,2026-09-17,1
nxiscyo41p,movie,"Joyful Noise","Todd Graff",Todd,Graff,"Rental Library",0883929239528,883929239528,"G.G. Sparrow faces off with her choir's newly appointed director, Vi Rose Hill, over the group's direction as they head into a national competition.",WarnerBrothers,2012-05-01,,"dvd, musical",,,118,,26992122,,,,,1,,,"Queen Latifah, Dolly Parton, Keke Palmer, Courtney B. Vance, Jeremy Jordan",,,,,,,,,2026-09-17,1
iz58rhylqm,movie,"The Crime of Padre Amaro","Carlos Carrera",Carlos,Carrera,"Rental Library",0043396004672,043396004672,"Sent to Mexico to help take care of aging Father Benito, young Father Amaro faces a moral challenge when he meets a 16-year-old girl who he starts an affair with. Likewise, the girl's mother had been having an affair with Father Benito. Father Amaro must choose between a holy or sinful life.","Sony Pictures Home Entertainment",2003-04-22,,"drama, dvd",,,118,,26041850,,,,,1,,,"Gael García Bernal, Ana Claudia Talancón, Sancho Gracia, Angélica Aragón, Luisa Huertas",1.85:1,,,,,,,,2026-09-17,1
obar2u20an,movie,"Monster's Ball","Marc Forster",Marc,Forster,"Rental Library",0658149798229,658149798229,"A prison guard begins a tentative romance with the unsuspecting widow of a man whose execution he presided over.",Lionsgate,2002-06-11,,"drama, dvd",,,111,,32072186,,,,,1,,,"Billy Bob Thornton, Halle Berry, Taylor Simpson, Gabrielle Witcher, Heath Ledger",2.35:1,,,,,,,,2026-09-17,1
6umk5do8dt,movie,"Snake Eyes","Brian De Palma",Brian,Palma,"Rental Library",0097363354178,097363354178,"All bets are off when shady homicide cop Rick Santoro witnesses a murder during a boxing match. Determined to solve the crime, he quickly learns that his search for answers will only uncover yet more questions in an ever-widening web of conspiracy, intrigue, and danger.",Paramount,1999-02-16,,"dvd, thriller",,,98,,32039418,,,,,1,,,"Nicolas Cage, Gary Sinise, John Heard, Carla Gugino, Stan Shaw",2.35:1,,,,,,,,2026-09-17,1
2ogps88tqt,movie,8MM,"Joel Schumacher",Joel,Schumacher,"Rental Library",0043396028548,043396028548,"A small, seemingly innocuous plastic reel of film leads surveillance specialist Tom Welles down an increasingly dark and frightening path. With the help of the streetwise Max, he relentlessly follows a bizarre trail of evidence to determine the fate of a complete stranger. As his work turns into obsession, he drifts farther and farther away from his wife, family and simple life as a small-town PI.","Sony Pictures Home Entertainment",2002-12-03,,"dvd, thriller",,,126,,30728698,,,,,1,,,"Nicolas Cage, Chris Bauer, Joaquin Phoenix, James Gandolfini, Anthony Heald",2.35:1,,,,,,,,2026-09-17,1
xlz2nisjps,movie,"The Hobbit: An Unexpected Journey","Peter Jackson",Peter,Jackson,"Rental Library",0794043165368,794043165368,"Bilbo Baggins, a hobbit enjoying his quiet life, is swept into an epic quest by Gandalf the Grey and thirteen dwarves who seek to reclaim their mountain home from Smaug, the dragon.","New Line Home Video",2013-03-19,,"dvd, fantasy",,,169,,30040570,,,,,2,,,"Ian McKellen, Martin Freeman, Richard Armitage, James Nesbitt, Ken Stott",,,,,,,,,2026-09-17,1
ri1vpwexoz,movie,"The Sweetest Thing","Roger Kumble",Roger,Kumble,"Rental Library",0043396078253,043396078253,"Christina's love life is stuck in neutral. After years of avoiding the hazards of a meaningful relationship, one night while club-hopping with her girlfriends, she meets Peter, her perfect match. Fed up with playing games, she finally gets the courage to let her guard down and follow her heart, only to discover that Peter has suddenly left town. Accompanied by Courtney, she sets out to capture the one that got away.","Sony Pictures Home Entertainment",2002-01-01,,"dvd, romantic-comedy",,,84,,28729850,,,,,1,,,"Christina Applegate, Cameron Diaz, Thomas Jane, Parker Posey, Jason Bateman","1.33:1, 1.85:1",,,,,,,,2026-09-17,1
ywh5aqvr71,movie,"The Nice Guys","Shane Black",Shane,Black,"Rental Library",0883929530786,883929530786,"A private eye investigates the apparent suicide of a fading porn star in 1970s Los Angeles and uncovers a conspiracy.","Warner Bros.",2016-08-23,,"comedy, dvd",,,,,28008954,,,,,1,,,"Russell Crowe, Ryan Gosling, Angourie Rice, Matt Bomer, Margaret Qualley",,,,,,,,,2026-09-17,1
iz58r1rlqm,movie,"The Secret of My Success","Herbert Ross",Herbert,Ross,"Rental Library",0025192041228,025192041228,"Brantley Foster, a well-educated kid from Kansas, has always dreamed of making it big in New York City, but once there, he learns that jobs - and girls - are hard to get. When he visits his uncle, Howard Prescott, who runs a multi-million-dollar company, he is given a job in the mail room.","Universal Pictures Home Entertainment",2015-09-01,,"comedy, dvd",,,111,,25780730,,,,,1,,,"Michael J. Fox,  Helen Slater,  Richard Jordan,  Margaret Whitton,  John Pankow",1.85:1,,,,,,,,2026-09-17,1
obar2gt0an,movie,"Shrek the Third","Chris Matthew Miller",Chris,Miller,"Rental Library",0191329061084,191329061084,"After the King of Far Far Away dies, Shrek and Fiona are to succede. However, Shrek wants to return to his cozy swamp and live in peace and quiet, so when he finds out there is another heir to the throne, he and Donkey set off to bring him back to rule the kingdom.","Studio Distribution Services",2018-06-05,,"dvd, kids-family",,,93,,24404474,,,,,1,,,"Mike Myers, Eddie Murphy, Cameron Diaz, Antonio Banderas, Julie Andrews",1.78:1,,,,,,,,2026-09-17,1
ayq1gkcpsz,movie,"Varsity Blues","Brian Robbins",Brian,Robbins,"Rental Library",0032429258519,032429258519,"In small-town Texas, high school football is a religion, 17-year-old schoolboys carry the hopes of an entire community onto the gridiron every Friday night. When star quarterback Lance Harbor suffers an injury, the Coyotes are forced to regroup under the questionable leadership of John Moxon, a second-string quarterback with a slightly irreverent approach to the game.","Paramount Pictures Home Entertainment",2017-04-25,,"drama, dvd",,,104,,20242938,,,,,1,,,"James Van Der Beek, Jon Voight, Ron Lester, Paul Walker, Scott Caan",,,,,,,,,2026-09-17,1
6umk5u08dt,movie,Spy,"Paul Feig",Paul,Feig,"Rental Library",0024543969372,024543969372,"A desk-bound CIA analyst volunteers to go undercover to infiltrate the world of a deadly arms dealer, and prevent diabolical global disaster.",TW,2015-09-29,,"comedy, dvd",,,120,,20046330,,,,,1,,,"Jude Law, Raad Rawi",2.39:1,,,,,,,,2026-09-17,1
bpyiopkcho,movie,"A Knights Tale","Brian Helgeland",Brian,Helgeland,"Rental Library",0043396150256,043396150256,"William Thatcher, a knight's peasant apprentice, gets a chance at glory when the knight dies suddenly mid-tournament. Posing as a knight himself, William won't stop until he's crowned tournament champion—assuming matters of the heart don't get in the way.","Columbia Pictures",2006-09-19,,"action, blu-ray",,,132,,19653114,,,,,1,,,"Heath Ledger, Mark Addy, Rufus Sewell, Paul Bettany, Alan Tudyk",2.35:1,,,,,,,,2026-09-17,1
8g3yvgaohq,movie,Moonraker,Various,Various,Various,"Rental Library",0883904333999,883904333999,"After Drax Industries' Moonraker space shuttle is hijacked, secret agent James Bond is assigned to investigate, traveling to California to meet the company's owner, the mysterious Hugo Drax. With the help of scientist Dr. Holly Goodhead, Bond soon uncovers Drax's nefarious plans for humanity, all the while fending off an old nemesis, Jaws, and venturing to Venice, Rio, the Amazon...and even outer space.",WarnerBrothers,2020-07-06,,"action, blu-ray",,,,,19554810,,,,,1,,,Various,,,,,,,,,2026-09-17,1
xlz2nlfjps,movie,"The Invasion","Oliver Hirschbiegel",Oliver,Hirschbiegel,"Rental Library",0760137164968,760137164968,"Washington, D.C. psychologist Carol Bennell and her colleague Dr. Ben Driscoll are the only two people on Earth who are aware of an epidemic running rampant through the city. They discover an alien virus aboard a crashed space shuttle that transforms anyone who comes into contact with it into unfeeling drones while they sleep. Carol realizes her son holds the key to stopping the spread of the plague and she races to find him before it is too late.","Arrow Video",2024-11-12,,"blu-ray, sci-fi",,,99,,19522042,,,,,,,,"Daniel Craig, Jeffrey Wright, Jeremy Northam, Nicole Kidman",,,,,,,,,2026-09-17,1
t0bnf0q93y,movie,"The Hunger Games: Catching Fire","Francis Lawrence",Francis,Lawrence,"Rental Library",0031398181514,31398181514,"After surviving the Hunger Games, Katniss and Peeta struggle with the consequences of their victory as unrest spreads across Panem. Forced back into the spotlight, they become symbols of hope and resistance while the Capitol prepares a new and deadly challenge that will change the future of the nation forever.",Lionsgate,2014-03-07,,"action, dvd",,,146,,08242938,,,,,1,,,"Jennifer Lawrence, Josh Hutcherson, Liam Hemsworth",,,,,,,,,2026-09-17,1
prwzbr9no7,movie,"Dante's Peak","Roger Donaldson",Roger,Donaldson,"Rental Library",0025192014925,025192014925,"Volcanologist Harry Dalton comes to the sleepy town of Dante's Peak to investigate the recent rumblings of the dormant volcano the burg is named for. Before long, his worst fears are realized when a massive eruption hits, and immediately, Harry, the mayor and the townspeople find themselves fighting for their lives amid a catastrophic nightmare.","Universal Pictures Home Entertainment",2005-08-23,,"action, dvd",,,109,,06145786,,,,,1,,,"Pierce Brosnan, Linda Hamilton, Charles Hallahan, Grant Heslov, Elizabeth Hoffman",2.35:1,,,,,,,,2026-09-17,1
hetdqe419k,movie,Druids,"Jacques Dorfmann",Jacques,Dorfmann,"Rental Library",0043396064454,043396064454,"In the year 60 B.C. a group of Druids, including the arch-druid Guttuart (Max von Sydow), witness the passing of a comet and interpret it as the sign of the coming of a king for their country Gaul, which has not had a king for a long time. Guttuart goes to Gergovia, the capital of the Arvenes tribe, to attend a meeting of Gallic tribal chieftains. The young boy Vercingetorix, along with his friend the young girl Eponia, sneak into a large cavern where Celtill, Vercingetorix's father and chieftain of the Arvenes, hosts the meeting of chieftains with the intention of proclaiming himself king of all Gauls. When Celtill shows off the crown once worn by the old kings of Gaul, an arrow from two Roman spies (dressed as Gauls) hits Celtill in the back.","Sony Pictures Home Entertainment",2001-12-11,,"action, dvd",,,120,,05490426,,,,,1,,,"Christopher Lambert, Klaus Maria Brandauer, Max von Sydow, Inés Sastre, Denis Charvet",2.35:1,,,,,,,,2026-09-17,1
nxiscxd41p,movie,"Underworld: Blood Wars","Anna Foerster",Anna,Foerster,"Rental Library",0043396472907,043396472907,"Vampire death dealer Selene fends off brutal attacks from both the Lycan clan and the Vampire faction that betrayed her. With her only allies, David and his father Thomas, she must stop the eternal war between Lycans and Vampires, even if it means she has to make the ultimate sacrifice.","Sony Pictures Home Entertainment",2017-04-25,,"dvd, horror",,,91,,02705146,,,,,1,,,"Kate Beckinsale, Theo James, Lara Pulver, Tobias Menzies, Bradley James",2.40:1,,,,,,,,2026-09-17,1
lsvoxsk7b9,movie,"The Big Sleep","Michael Winner",Michael,Winner,"Rental Library",0011301692863,011301692863,"Private Investigator Philip Marlowe is hired by wealthy General Sternwood regarding a matter involving his youngest daughter Carmen. Before the complex case is over, Marlowe sees murder, blackmail, deception, and what might be love.","Timeless Media",2014-09-23,,"dvd, thriller",,,100,,96993530,,,,,1,,,"Robert Mitchum, Sarah Miles, Candy Clark, Joan Collins, James Stewart",,,,,,,,,2026-09-17,1
e90mh9f5u2,movie,"The New Barbarians","Nemanja Ceranic",Nemanja,Ceranic,"Rental Library",0810199990781,810199990781,"Two mercenaries help wandering caravans fight off an evil and aimless band of white-clad bikers after the nuclear holocaust.","Well Go USA",2026-09-08,,"dvd, sci-fi",,,128,,96895226,,,,,,,,"Igor Bencina, Isidora Simijonovic, Marta Bjelica, Petar Bencina, Sergej Trifunovic",,,,,,,,,2026-09-17,1
gakw8pmbt4,movie,"Mighty Joe Young","Ernest B. Schoedsack",Ernest,Schoedsack,"Rental Library",0888574106522,888574106522,"As a child living in Africa, Jill Young saw her mother killed while protecting wild gorillas from poachers led by Andrei Strasser. Now an adult, Jill cares for an orphaned gorilla named Joe -- who, due to a genetic anomaly, is 15 feet tall. When Gregg O'Hara arrives from California and sees the animal, he convinces Jill that Joe would be safest at his wildlife refuge. But Strasser follows them to the U.S., intent on capturing Joe for himself.",Warner,2014-11-27,,"dvd, kids-family",,,94,,96469242,,,,,1,,,"Robert Armstrong, Terry Moore, Ben Johnson",1.33:1,,,,,,,,2026-09-17,1
6umk5gd8dt,movie,"The Ghost and the Darkness","Stephen Hopkins",Stephen,Hopkins,"Rental Library",0097363235071,097363235071,"Sir Robert Beaumont is behind schedule on a railroad in Africa. Enlisting noted engineer John Henry Patterson to right the ship, Beaumont expects results. Everything seems great until the crew discovers the mutilated corpse of the project's foreman, seemingly killed by a lion. After several more attacks, Patterson calls in famed hunter Charles Remington, who has finally met his match in the bloodthirsty lions.",Paramount,1998-12-01,,"action, dvd",,,109,,96174330,,,,,1,,,"Michael Douglas, Val Kilmer, Tom Wilkinson, John Kani, Bernard Hill",2.35:1,,,,,,,,2026-09-17,1
dmnj93mu84,movie,"Universal Soldier","Roland Emmerich",Roland,Emmerich,"Rental Library",0012236161820,012236161820,"An American soldier who had been killed during the Vietnam War is revived 25 years later by the military as a semi-android, UniSols, a high-tech soldier of the future. After the failure of the initiative to erase all the soldier's memories, he begins to experience flashbacks that are forcing him to recall his past.",Lionsgate,2004-10-19,,"action, dvd",,,102,,95781114,,,,,1,,,"Dolph Lundgren, Jean-Claude Van Damme, Jerry Orbach",2.35:1,,,,,,,,2026-09-17,1
2ogps00tqt,movie,"The Final Countdown","Don Taylor",Don,Taylor,"Rental Library",0827058104593,827058104593,"During routine manoeuvres near Hawaii in 1980, the aircraft-carrier USS Nimitz is caught in a strange vortex-like storm, throwing the ship back in time to 1941—mere hours before the Japanese attack on Pearl Harbor.","Blue Underground",2016-07-01,,"drama, dvd",,,100,,95486202,,,,,1,,,"Kirk Douglas, Martin Sheen, Katharine Ross",2.35:1,,,,,,,,2026-09-17,1
bpyionycho,movie,"The Mask of Zorro","Martin Campbell",Martin,Campbell,"Rental Library",0043396109353,43396109353,"It has been twenty years since Don Diego de la Vega fought Spanish oppression in Alta California as the legendary romantic hero, Zorro. Having escaped from prison he transforms troubled bandit Alejandro into his successor, in order to foil the plans of the tyrannical Don Rafael Montero who robbed him of his freedom, his wife and his precious daughter.","Sony Pictures Home Entertainment",2005-10-18,,"action, dvd",,,137,,94961914,,,,,1,,,"Antonio Banderas, Catherine Zeta-Jones, Anthony Hopkins, Yolanda Orisaga, Paco Morayta",2.35:1,,,,,,,,2026-09-17,1
ri1vplvxoz,movie,"Gosford Park","Robert Altman",Robert,Altman,"Rental Library",0025192228124,25192228124,"In 1930s England, a group of pretentious rich and famous gather together for a weekend of relaxation at a hunting resort. But when a murder occurs, each one of these interesting characters becomes a suspect.","Universal Studios",2002-06-25,,"drama, dvd",,,138,,94699770,,,,,1,,,"Maggie Smith, Kristin Scott Thomas",2.35:1,,,,,,,,2026-09-17,1
kq7e3w8ysl,movie,"The Thief of Bagdad","Alexander Korda, Michael Powell",Alexander,Korda,"Rental Library",0715515029926,715515029926,"When Prince Ahmad is blinded and cast out of Bagdad by the nefarious Jaffar, he joins forces with the scrappy thief Abu to win back his royal place, as well as the heart of a beautiful princess.","Criterion Collection",2008-05-27,,"drama, dvd",,,106,,46072058,,,,,2,,,"Sabu, Conrad Veidt, Rex Ingram, Miki Hood, Allan Jeayes",1.33:1,,,,,,,,2026-09-17,1
prwzbx6no7,movie,"The Leopard",,,,"Rental Library",0715515081214,715515081214,"As Garibaldi's troops begin the unification of Italy in the 1860s, an aristocratic Sicilian family grudgingly adapts to the sweeping social changes undermining their way of life.","Criterion Collection",2004-06-08,,"drama, dvd",,,185,,45940986,,,,,3,,,"Burt Lancaster, Claudia Cardinale, Alain Delon, Paolo Stoppa, Rina Morelli",,,,,,,,,2026-09-17,1
3kjhuy9arj,movie,"Ali: Fear Eats the Soul","Rainer Werner Fassbinder",Rainer,Fassbinder,"Rental Library",9781559409391,715515014120,"Emmi Kurowski, a cleaning lady, is lonely in her old age. Her husband died years ago, and her grown children offer little companionship. One night she goes to a bar frequented by Arab immigrants and strikes up a friendship with middle-aged mechanic Ali. Their relationship soon develops into something more, and Emmi's family and neighbors criticize their spontaneous marriage. Soon Emmi and Ali are forced to confront their own insecurities about their future.",Criterion,2003-06-24,,"drama, dvd",,,94,,45842682,,,,,2,,,"Anita Bucher, El Hedi ben Salem, Irm Hermann, Elma Karlowa, Gusti Kreissl",1.33:1,,,,,,,,2026-09-17,1
lsvoxfy7b9,movie,"Touch of Evil","Orson Welles",Orson,Welles,"Rental Library",0025192047022,025192047022,"A border-town bombing draws Mexican investigator Miguel Vargas into a corruption-ridden police investigation led by crooked captain Hank Quinlan, setting off a deadly struggle over power, justice, and truth.","Universal Studios",2000-10-31,,"dvd, thriller",,,111,,52584954,,,,,1,,,"Orson Welles, Charlton Heston, Janet Leigh, Marlene Dietrich, Zsa Zsa Gabor",1.85:1,,,,,,,,2026-09-17,1
u34q6a8gnz,movie,Brainstorm,"Douglas Trumbull",Douglas,Trumbull,"Rental Library",0012569505728,012569505728,"Two brilliant research scientists have invented a device capable of recording and playing back sensory experiences only to have devastating results when one of them records their own death.","Warner Home Video",2000-08-22,,"dvd, sci-fi",,,106,,52290042,,,,,1,,,"Christopher Walken, Natalie Wood, Louise Fletcher, Cliff Robertson, Jordan Christopher",2.35:1,,,,,,,,2026-09-17,1
iz58rsjlqm,movie,Shampoo,"Hal Ashby",Hal,Ashby,"Rental Library",0043396605305,043396605305,"On Election Day, 1968, irresponsible hairdresser and ladies' man George Roundy is too busy cutting hair and dealing with his girlfriends and mistress Felicia Karpf, whose husband Lester is having an affair with his ex-girlfriend Jackie.","Sony Pictures Home Entertainment",2003-01-21,,"comedy, dvd",,,110,,52191738,,,,,1,,,"Warren Beatty, Julie Christie, Lee Grant, Carrie Fisher, Goldie Hawn","1.33:1, 1.85:1",,,,,,,,2026-09-17,1
obar2c60an,movie,"City of God","Katia Lund, Fernando Meirelles",Katia,Lund,"Rental Library",0031398137269,031398137269,"In the poverty-stricken favelas of Rio de Janeiro in the 1970s, two young men choose different paths. Rocket is a budding photographer who documents the increasing drug-related violence of his neighborhood, while José “Zé” Pequeno is an ambitious drug dealer diving into a dangerous life of crime.",Lionsgate,2011-04-26,,"drama, dvd",,,130,,52093434,,,,,1,,,"Daniel Zettel, Leandro Firmino da Hora, Alexandre Rodrigues, Leandro Firmino De Hora Phellipe, Seu Jorge",,,,,,,,,2026-09-17,1
ayq1gr3psz,movie,Apocalypto,"Mel Gibson",Mel,Gibson,"Rental Library",786936705089,786936705089,"Set in the Mayan civilization, when a man's idyllic presence is brutally disrupted by a violent invading force, he is taken on a perilous journey to a world ruled by fear and oppression where a harrowing end awaits him. Through a twist of fate and spurred by the power of his love for his woman and his family he will make a desperate break to return home and to ultimately save his way of life.","Buena Vista Home Entertainment / Touchstone",2007-05-22,,"action, dvd",,,138,,51995130,,,,,1,,,"Rudy Youngblood, Dalia Hernandez",1.85:1,,,,,,,,2026-09-17,1
ftoc76ve5y,movie,8MM2,"J.S. Cardone",J.S.,Cardone,"Rental Library",0043396125575,043396125575,"Entering a seamy underground world of peep shows, nude clubs, and live Internet sex is David Huxley, an aspiring politician who has everything to lose. Secretly filmed in a steamy three-way with his fiancée Tish and a gorgeous young model, David is desperate to find the extortionist who's demanding an exorbitant amount of money for the negatives. But when the blackmail trail ends in murder and David is kidnapped, Tish must come up with $5 million ransom or her fiancé's once-promising career, and life, may come to a dead end.","Sony Pictures Home Entertainment",2005-11-22,,"dvd, thriller",,,107,,51438074,,,,,1,,,"Johnathon Schaech, Lori Heuring, Julie Benz, Bruce Davison",1.85:1,,,,,,,,2026-09-17,1
gakw8n3bt4,movie,"The Other Side of Midnight","Charles Jarrott",Charles,Jarrott,"Rental Library",9317486005568,,"When French beauty Noelle Page falls in love with American pilot Larry Douglas, she believes he'll marry her. Instead, he returns to the U.S and marries the sweet but naive Catherine. Even though Noelle has found a new lover, an affluent Greek named Constantin, and has started a great career as an actress, she vows revenge on her onetime lover. But once her plan is in motion, she and Larry fall in love and plot Catherine's death.","La Entertainment",2022-07-15,,"drama, dvd",,,,,51307002,,,,,1,,,"Marie-France Pisier, John Beck, Susan Sarandon, Raf Vallone, Clu Gulager",,,,,,,,,2026-09-17,1
dmnj9a3u84,movie,"Eye of the Devil","J. Lee Thompson",J.,Thompson,"Rental Library",0883316280164,883316280164,"A French nobleman deserts his wife because of an ancient family secret.",Warner,2010-10-26,,"dvd, horror",,,,,51110394,,,,,1,,,"Deborah Kerr, David Niven, Donald Pleasence, Edward Mulhare, Flora Robson",,,,,,,,,2026-09-17,1
6umk5ba8dt,movie,"The Lady Eve","Preston Sturges",Preston,Sturges,"Rental Library",0715515011624,715515011624,"It's no accident when wealthy Charles falls for Jean. Jean is a con artist with her sights set on Charles' fortune. Matters complicate when Jean starts falling for her mark. When Charles suspects Jean is a gold digger, he dumps her. Jean, fixated on revenge and still pining for the millionaire, devises a plan to get back in Charles' life. With love and payback on her mind, she re-introduces herself to Charles, this time as an aristocrat named Lady Eve Sidwich.",Criterion,2001-10-16,,"dvd, romantic-comedy",,,94,,50782714,,,,,1,,,"Barbara Stanwyck, Henry Fonda, Charles Coburn, Eugene Pallette, William Demarest",1.33:1,,,,,,,,2026-09-17,1
xlz2nh5jps,movie,"A Very Harold & Kumar Christmas","Todd Strauss-Schulson",Todd,Strauss-Schulson,"Rental Library",0794043152245,794043152245,"Six years have elapsed since Guantanamo Bay, leaving Harold and Kumar estranged from one another with very different families, friends and lives. But when Kumar arrives on Harold's doorstep during the holiday season with a mysterious package in hand, he inadvertently burns down Harold's father-in-law's beloved Christmas tree. To fix the problem, Harold and Kumar embark on a mission through New York City to find the perfect Christmas tree, once again stumbling into trouble at every single turn.",WarnerBrothers,2012-02-07,,"comedy, dvd",,,90,,50684410,,,,,1,,,"John Cho, Kal Penn, Neil Patrick Harris, Amir Blumenfeld, Paula Garcés",,,,,,,,,2026-09-17,1
4jlfmwfkbx,movie,"The Prestige","Christopher Nolan",Christopher,Nolan,"Rental Library",0786936705157,786936705157,"A mysterious story of two magicians whose intense rivalry leads them on a life-long battle for supremacy -- full of obsession, deceit and jealousy with dangerous and deadly consequences.","Buena Vista Home Entertainment / Touchstone",2007-02-20,,"drama, dvd",,,130,,50389498,,,,,1,,,"Hugh Jackman, Christian Bale, Michael Caine, Scarlett Johansson, David Bowie",2.35:1,,,,,,,,2026-09-17,1
t0bnfui93y,movie,"The Last Castle",,,,"Rental Library",0032429089588,032429089588,"A court-martialed general rallies together 1200 inmates to rise against the system that put him away.",,,,"action, dvd",,,,,49865210,,,,,,,,,,,,,,,,,2026-09-17,1
u34q6pognz,movie,Trapped,"Luis Mandoki",Luis,Mandoki,"Rental Library",0043396078246,043396078246,"When their daughter is abducted by experienced kidnappers, the Jennings turn the tables on their seemingly fool-proof plan.","Sony Pictures Home Entertainment",2002-12-24,,"dvd, thriller",,,106,,49734138,,,,,1,,,"Kevin Bacon, Charlize Theron, Courtney Love, Stuart Townsend, Pruitt Taylor Vince",1.85:1,,,,,,,,2026-09-17,1
ayq1gxapsz,movie,"Gemini Man","Ang Lee",Ang,Lee,"Rental Library",0032429333766,032429333766,"Henry Brogan is an elite 51-year-old assassin who's ready to call it quits after completing his 72nd job. His plans get turned upside down when he becomes the target of a mysterious operative who can seemingly predict his every move. To his horror, Brogan soon learns that the man who's trying to kill him is a younger, faster, cloned version of himself.","Paramount Pictures Home Entertainment",2020-01-14,,"action, dvd",,,117,,95711994,,,,,1,,,"Clive Owen, Mary Elizabeth Winstead, Benedict Wong, Will Smith",,,,,,,,,2026-09-17,1
e90mhov5u2,movie,"Friday the 13th Part 3 3D","Steve Miner",Steve,Miner,"Rental Library",0032429268204,032429268204,"An idyllic summer turns into a nightmare of unspeakable terror for yet another group of naïve friends. Ignoring Camp Crystal Lake's bloody legacy, one by one they fall victim to the maniacal Jason, who stalks them at every turn...","Paramount Pictures Home Entertainment",2017-08-01,,"dvd, horror",,,95,,95679226,,,,,1,,,"Gloria Charles, Catherine Parks, Paul Kratka, David Katims, Larry Zerner",,,,,,,,,2026-09-17,1
6umk5py8dt,movie,"The Bourne Identity","Doug Liman",Doug,Liman,"Rental Library",25192025396,025192025396,"Wounded to the brink of death and suffering from amnesia, Jason Bourne is rescued at sea by a fisherman. With nothing to go on but a Swiss bank account number, he starts to reconstruct his life, but finds that many people he encounters want him dead. However, Bourne realizes that he has the combat and mental skills of a world-class spy—but who does he work for?","Universal Studios Home Entertainment",2009-03-22,,"action, dvd",,,119,,95384314,,,,,1,,,"Matt Damon, Franka Potente, Chris Cooper, Clive Owen, Brian Cox",2.35:1,,,,,,,,2026-09-17,1
9dc4eav6rp,movie,"Fred Claus","David Dobkin",David,Dobkin,"Rental Library",0883929827176,883929827176,"Fred Claus and Santa Claus have been estranged brothers for many years. Now Fred must reconcile his differences with his brother whom he believes overshadows him. When an efficiency expert assesses the workings at the North Pole and threatens to shut Santa down, Fred must help his brother to save Christmas.","Warner Reissue",2026-09-01,,"dvd, holiday",,,116,,03881210,,,,,,,,"Elizabeth Banks, John Michael Higgins, Miranda Richardson, Paul Giamatti, Vince Vaughn",,,,,,,,,2026-09-17,1
lsvox9i7b9,movie,Spartan,"David Mamet",David,Mamet,"Rental Library",0085393880125,085393880125,"U.S. government agent Scott is assigned to rescue the daughter of a high-ranking government official. As willing as he is to bend the rules to get things done, though, Scott is shocked to find that others are willing to go even further to protect a political career.",WarnerBrothers,2007-04-03,,"dvd, thriller",,,107,,03815674,,,,,1,,,"Val Kilmer, Derek Luke, William H. Macy, Ed O'Neill, Johnny Messner",2.35:1,,,,,,,,2026-09-17,1
ayq1g7rpsz,movie,"Bad Teacher","Jake Kasdan",Jake,Kasdan,"Rental Library",0043396385771,043396385771,"A lazy, incompetent middle school teacher who hates her job and her students is forced to return to her job to make enough money for a boob job after her rich fiancé dumps her.","Columbia Pictures",2011-10-18,,"comedy, dvd",,,189,,03487994,,,,,1,,,"Jason Segel, Cameron Diaz, Kathryn Newton",1.85:1,,,,,,,,2026-09-17,1
6umk5nr8dt,movie,Acceleration,"Daniel Zirilli, Michael Merino",Daniel,Zirilli,"Rental Library",0767685171905,767685171905,"After being double crossed by his most trusted operative, a ruthless crime lord takes revenge by kidnapping the her son. Overwhelmed with fear, the operative is given one night to make up for her misdeeds by systematically eliminating his enemies. As the hours rush by, the steaks begin to rise and the darkened city streets turn into a brutal and bloody battle ground.",Cineverse,2025-10-28,,"action, dvd",,,85,,03062010,,,,,,,,"Chuck Liddell, Dolph Lundgren, Sean Patrick Flanery",,,,,,,,,2026-09-17,1
xlz2n58jps,movie,Jindabyne,"Ray Lawrence",Ray,Lawrence,"Rental Library",0043396183964,043396183964,"Outside the Australian town of Jindabyne, local man Stuart Kane is on a fishing trip with friends when they discover the body of a murdered girl.","Sony Pictures Home Entertainment",2007-10-02,,"drama, dvd",,,130,,02898170,,,,,1,,,"Laura Linney, Gabriel Byrne, Chris Haywood, Deborra-Lee Furness",2.35:1,,,,,,,,2026-09-17,1
4jlfmz9kbx,movie,Woodlawn,"Jon Erwin, Andrew Erwin",Jon,Erwin,"Rental Library",0025192340260,025192340260,"Love and unity in a school torn by racism and hate in the 1970s. A gifted high school football player must learn to embrace his talent and his faith as he battles racial tensions on and off the field.",Universal,2016-01-19,,"drama, dvd",,,123,,02373882,,,,,1,,,"Jon Voight, Sean Astin, Nic Bishop, Caleb Castille, Sherri Shepherd",2.40:1,,,,,,,,2026-09-17,1
8g3yv4fohq,movie,"Vertical Limit","Martin Campbell",Martin,Campbell,"Rental Library",0043396050662,043396050662,"Trapped near the summit of K2, the world's second-highest mountain, Annie Garrett radios to base camp for help. Brother Peter hears Annie's message and assembles a team to save her and her group before they succumb to K2's unforgiving elements. But, as Annie lays injured in an icy cavern, the rescuers face several terrifying events that could end the rescue attempt -- and their lives.","Sony Pictures Home Entertainment",2002-01-01,,"action, dvd",,,124,,02275578,,,,,1,,,"Scott Glenn, Chris O'Donnell, Bill Paxton, Robin Tunney, Stuart Wilson",1.85:1,,,,,,,,2026-09-17,1
t0bnfas93y,movie,"A Bridge too Far","Richard Attenborough",Richard,Attenborough,"Rental Library",0027616675729,027616675729,"The story of Operation Market Garden—a failed attempt by the allies in the latter stages of WWII to end the war quickly by securing three bridges in Holland allowing access over the Rhine into Germany. A combination of poor allied intelligence and the presence of two crack German panzer divisions meant that the final part of this operation (the bridge in Arnhem over the Rhine) was doomed to failure.","20th Century Fox",2013-05-07,,"action, dvd",,,175,,39950842,,,,,1,,,"Dirk Bogarde, James Caan, Michael Caine, Sean Connery, Denholm Elliott",2.35:1,,,,,,,,2026-09-17,1
3kjhulgarj,movie,"Daddy's Little Girls","Tyler Perry",Tyler,Perry,"Rental Library",0031398213994,031398213994,"Monty is a mechanic struggling to make ends meet as he raises his three young daughters. When the court awards custody of his daughters to his shady ex-wife, Monty desperately tries to win them back with the help of Julia, a beautiful, Ivy League-educated attorney. Monty and Julia couldn't be less alike, but a flame is ignited... touching off a firestorm of love and conflict.",Lionsgate,2007-06-12,,"drama, dvd",,,95,,39787002,,,,,1,,,"Louis Gossett Jr., Juanita Jennings, Malinda Williams, Gary Sturgis, Avant",1.85:1,,,,,,,,2026-09-17,1
hetdqoi19k,movie,"World Trade Center","Oliver Stone",Oliver,Stone,"Rental Library",0032429287724,032429287724,"Two police officers struggle to survive when they become trapped beneath the rubble of the World Trade Center on September 11, 2001.",PARAMOUNT,2017-10-24,,"drama, dvd",,,129,,39754234,,,,,1,,,"Maria Bello, Maggie Gyllenhaal, Nicolas Cage, Michael Pena",,,,,,,,,2026-09-17,1
7f20jo1hd6,movie,"Hannibal Rising","Peter Webber",Peter,Webber,"Rental Library",0796019802406,796019802406,"The story of the early, murderous roots of the cannibalistic killer, Hannibal Lecter – from his hard-scrabble Lithuanian childhood, where he witnesses the repulsive lengths to which hungry soldiers will go to satiate themselves, through his sojourn in France, where as a medical student he hones his appetite for the kill.","Weinstein Company",2007-05-29,,"dvd, thriller",,,121,,39721466,,,,,1,,,"Gaspard Ulliel, Rhys Ifans, Li Gong, Aaran Thomas, Helena-Lia Tachovská",1.33:1,,,,,,,,2026-09-17,1
iz58r6zlqm,movie,"The Tourist","Florian Henckel von Donnersmarck",Florian,Donnersmarck,"Rental Library",0043396374041,043396374041,"American tourist Frank meets mysterious British woman Elise on the train to Venice. Romance seems to bud, but there's more to her than meets the eye.","Columbia Pictures",2011-03-22,,"dvd, thriller",,,103,,39590394,,,,,1,,,"Johnny Depp, Angelina Jolie",2.40:1,,,,,,,,2026-09-17,1
ayq1ghxpsz,movie,Legionnaire,,,,"Rental Library",0658149714526,658149714526,"Alain Lefevre is a boxer paid by a Marseille mobster to take a dive. When he wins the fight he attempts to flee to America with the mobster's girlfriend Katrina. This plan fails and he seeks escape by joining the foreign legion. As part of the legion he tangles with abusive lieutenant Steinkampf and bonds with legionnaires Luther, Mackintosh and Rosetti.",,,,"action, dvd",,,,,39524858,,,,,,,,,,,,,,,,,2026-09-17,1
v8uaz3u26q,movie,"The Hunger Games","Gary Ross",Gary,Ross,"Rental Library",0031398155409,31398155409,"In a dystopian society where the Capitol forces each district to send two young tributes to fight to the death in a televised spectacle, a girl volunteers to take her sister’s place, setting the stage for a struggle of survival and defiance.","Lionsgate Home Entertainment",2012-08-18,,"dvd, fantasy",,,142,,39393786,,,,,2,,,"Jennifer Lawrence, Josh Hutcherson, Liam Hemsworth, Woody Harrelson, Elizabeth Banks",2.40:1,,,,,,,,2026-09-17,1
ftoc7b0e5y,movie,"Jesse Stone: Lost in Paradise","Robert Harmon",Robert,Harmon,"Rental Library",0043396470279,043396470279,"Police Chief Jesse Stone now presides over the quiet, seaside village of Paradise, Massachusetts. When the facts don't add up in a brutal Boston-area murder case, Jesse opens an investigation filled with surprises, unlikely suspects and grave danger. Though it's widely believed the murder was committed by an incarcerated serial killer, Jesse suspects another killer is at large and is hell-bent on bringing him to justice.","Sony Pictures Home Entertainment",2016-01-26,,"dvd, thriller",,,89,,39328250,,,,,1,,,"Tom Selleck, William Devane, Leslie Hope, Luke Perry",1.78:1,,,,,,,,2026-09-17,1
2ogpsaatqt,movie,"Behind Enemy Lines 2: Axis of Evil","James Dodson",James,Dodson,"Rental Library",24543248996,024543248996,"Navy SEALS, headed by Lt. Bobby James, are dispatched to North Korea on a covert mission, all in an effort to take out a missile site...","20th Century Fox",2006-10-17,,"action, dvd",,,96,,39295482,,,,,1,,,"Nicholas Gonzalez, Matt Bushell, Keith David, Denis Arndt, Ben Cross",1.33:1,,,,,,,,2026-09-17,1
qhf9kt6we4,movie,"Meet the Fockers",,,,"Rental Library",0025192582325,025192582325,"Hard-to-crack ex-CIA man Jack Byrnes and his wife Dina head for the warmer climes of Florida to meet the parents of their son-in-law-to-be, Greg Focker. Unlike their happily matched offspring, the future in-laws find themselves in a situation of opposites that definitely do not attract.",,,,"comedy, dvd",,,,,39197178,,,,,,,,,,,,,,,,,2026-09-17,1
bpyiow7cho,movie,Stigmata,"Ruper Wainwright",Ruper,Wainwright,"Rental Library",0030306839196,030306839196,"A young woman with no strong religious beliefs, Frankie Paige begins having strange and violent experiences, showing signs of the wounds that Jesus received when crucified. When the Vatican gets word of Frankie's situation, a high-ranking cardinal requests that the Rev. Andrew Kiernan investigate her case. Soon Kiernan realizes that very sinister forces are at work, and tries to rescue Frankie from the entity that is plaguing her.","MPI Home Video",2024-04-02,,"dvd, horror",,,98,,02049786,,,,,1,,,"Patricia Arquette, Gabriel Byrne, Jonathan Pryce",,,,,,,,,2026-09-17,1
ywh5aegr71,movie,"The Mexican",,,,"Rental Library",0032429088772,032429088772,"Jerry Welbach, a reluctant bagman, has been given two ultimatums: The first is from his mob boss to travel to Mexico and retrieve a priceless antique pistol, known as ""the Mexican""... or suffer the consequences. The second is from his girlfriend Samantha to end his association with the mob. Jerry figures alive and in trouble with Samantha is better than the more permanent alternative, so he heads south of the border.",,,,"comedy, dvd",,,,,53184762,,,,,,,,,,,,,,,,,2026-09-17,1
obar2yf0an,movie,"Fire With Fire","David Barrett",David,Barrett,"Rental Library",0031398160281,031398160281,"A fireman takes an unexpected course of action when a man whom he's been ordered to testify against—after being held up at a local convenience store—threatens him.",Lionsgate,2012-11-06,,"action, dvd",,,97,,53151994,,,,,1,,,"Josh Duhamel, Bruce Willis, Rosario Dawson, Vincent D'Onofrio, 50 Cent",,,,,,,,,2026-09-17,1
t0bnfpf93y,movie,War,,,,"Rental Library",0031398221807,031398221807,"FBI agent Jack Crawford is out for revenge when his partner is killed and all clues point to the mysterious assassin Rogue. But when Rogue turns up years later to take care of some unfinished business, he triggers a violent clash of rival gangs. Will the truth come out before it's too late? And when the dust settles, who will remain standing?",,,,"action, dvd",,,,,52463866,,,,,,,,,,,,,,,,,2026-09-17,1
nxisczn41p,movie,"Texas Chainsaw","John Luessenhop",John,Luessenhop,"Rental Library",0031398168522,031398168522,"A young woman learns that she has inherited a Texas estate from her deceased grandmother. After embarking on a road trip with friends to uncover her roots, she finds she is the sole owner of a lavish, isolated Victorian mansion. But her newfound wealth comes at a price as she stumbles upon a horror that awaits her in the mansion’s dank cellars.",Lionsgate,2013-05-14,,"dvd, horror",,,92,,47679738,,,,,1,,,"Alexandra Daddario, Dan Yeager, Trey Songz, Scott Eastwood",,,,,,,,,2026-09-17,1
lsvoxoh7b9,movie,"The Tattooist","Peter Burger",Peter,Burger,"Rental Library",0043396254572,043396254572,"American tattoo artist Jake Sawyer wanders the world, exploring and exploiting ethnic themes in his tattoo designs. At a tattoo expo in Singapore, he gets his first glimpse at the exotic world of traditional Samoan tattoo (tatau), and, in a thoughtless act, unwittingly unleashes a powerful angry spirit. In his devastating journey into Pacific mysticism, Jake must find a way to save his new love, Sina and recover his own soul.","Sony Pictures Home Entertainment",2008-06-24,,"dvd, horror",,,89,,45680890,,,,,1,,,"Jason Behr, Mia Blake, Michael Hurst, David Fane, Robbie Magasiva",1.78:1,,,,,,,,2026-09-17,1
j7st4tlqlq,movie,"A Man Apart","F. Gary Gray",F.,Gray,"Rental Library",0794043158520,794043158520,"When Vetter's wife is killed in a botched hit organized by Diablo, he seeks revenge against those responsible. But in the process, Vetter and Hicks have to fight their way up the chain to get to Diablo but it's easier said than done when all Vetter can focus on is revenge.","Studio Distribution Services",2012-08-14,,"action, dvd",,,109,,79604730,,,,,1,,,"Vin Diesel, Larenz Tate, Timothy Olyphant, Geno Silva, Jacqueline Obradors",,,,,,,,,2026-09-17,1
obar2rm0an,movie,"Glory Road","James Gartner",James,Gartner,"Rental Library",0786936292626,786936292626,"In 1966, Texas Western coach Don Haskins led the first all-black starting line-up for a college basketball team to the NCAA national championship.","Buena Vista Home Entertainment",2006-06-06,,"drama, dvd",,,118,,77605882,,,,,1,,,"Josh Lucas, Derek Luke, Jon Voight, Austin Nichols, Evan Jones",2.35:1,,,,,,,,2026-09-17,1
e90mhm05u2,movie,"Event Horizon","Paul W.S. Anderson",Paul,Anderson,"Rental Library",0032429281074,032429281074,"In 2047, a group of astronauts are sent to investigate and salvage the starship Event Horizon which disappeared mysteriously seven years before on its maiden voyage. However, it soon becomes evident that something sinister resides in its corridors.","Paramount Pictures Home Entertainment",2017-09-12,,"dvd, sci-fi",,,95,,72920058,,,,,1,,,"Kathleen Quinlan, Jason Isaacs, Jack Noseworthy, Laurence Fishburne, Richard T. Jones",,,,,,,,,2026-09-17,1
v8uazag26q,movie,"Lady in the Water","M. Night Shyamalan",M.,Shyamalan,"Rental Library",0012569763753,012569763753,"Apartment building superintendent Cleveland Heep rescues what he thinks is a young woman from the pool he maintains. When he discovers that she is actually a character from a bedtime story who is trying to make the journey back to her home, he works with his tenants to protect his new friend from the creatures that are determined to keep her in our world.","Studio Distribution Services",2008-01-08,,"dvd, horror",,,109,,70200314,,,,,1,,,"Paul Giamatti, Bryce Dallas Howard, Bob Balaban, Jeffrey Wright, Sarita Choudhury",,,,,,,,,2026-09-17,1
ftoc7cde5y,movie,"The Host","Andrew Niccol",Andrew,Niccol,"Rental Library",0025192158100,025192158100,"A teenage girl is captured by a giant mutated squid-like creature that appears from Seoul's Han River after toxic waste was dumped in it, prompting her family into a frantic search for her.","Universal Pictures Home Entertainment",2013-07-09,,"dvd, horror",,,126,,69512186,,,,,1,,,"Saoirse Ronan, Jake Abel, Max Irons, Boyd Holbrook, Frances Fisher",2.40:1,,,,,,,,2026-09-17,1
w1e6y68isd,movie,"The Hobbit: The Desolation of Smaug","Peter Jackson",Peter,Jackson,"Rental Library",0794043161056,794043161056,"The Dwarves, Bilbo and Gandalf have successfully escaped the Misty Mountains, and Bilbo has gained the One Ring. They all continue their journey to get their gold back from the Dragon, Smaug.",WarnerBrothers,2014-04-08,,"blu-ray, fantasy",,,161,,67218426,,,,,2,,,"Ian McKellen, Martin Freeman, Richard Armitage, Benedict Cumberbatch, Orlando Bloom",2.40:1,,,,,,,,2026-09-17,1
qhf9k98we4,movie,Duel,"Steven Spielberg",Steven,Spielberg,"Rental Library",0025192235092,025192235092,"Traveling businessman David Mann angers the driver of a rusty tanker while crossing the California desert. A simple trip turns deadly, as Mann struggles to stay on the road while the tanker plays cat and mouse with his life.","Universal Pictures Home Entertainment",2015-05-05,,"action, blu-ray",,,90,,66563066,,,,,1,,,"Dennis Weaver, Jacqueline Scott, Eddie Firestone, Tim Herbert, Carey Loftin",1.85:1,,,,,,,,2026-09-17,1
bpyioihcho,movie,"Jumanji: Welcome to the Jungle","Jake Kasdan",Jake,Kasdan,"Rental Library",0043396488526,043396488526,"Four teenagers in detention discover an old video game console with a game they’ve never heard of. When they decide to play, they are immediately sucked into the jungle world of Jumanji in the bodies of their avatars. They’ll have to complete the adventure of their lives filled with fun, thrills and danger or be stuck in the game forever!","Sony Pictures Home Entertainment",2018-03-20,,"dvd, kids-family",,,119,,04451834,,,,,1,,,"Dwayne Johnson, Jack Black, Kevin Hart, Karen Gillan, Nick Jonas",,,,,,,,,2026-09-17,1
6umk5kj8dt,movie,"Finding Nemo","Andrew Stanton",Andrew,Stanton,"Rental Library",0786936826302,786936826302,"Nemo, an adventurous young clownfish, is unexpectedly taken from his Great Barrier Reef home to a dentist's office aquarium. It's up to his worrisome father Marlin and a friendly but forgetful fish Dory to bring Nemo home -- meeting vegetarian sharks, surfer dude turtles, hypnotic jellyfish, hungry seagulls, and more along the way.","Walt Disney Video",2013-05-07,,"dvd, kids-family",,,100,,03796474,,,,,1,,,"Albert Brooks, Ellen DeGeneres, Alexander Gould, Willem Dafoe, Brad Garrett",1.78:1,,,,,,,,2026-09-17,1
8g3yvywohq,movie,"The Reef","Andrew Traucki",Andrew,Traucki,"Rental Library",0014381698329,014381698329,"A great white shark hunts the crew of a capsized sailboat along the Great Barrier Reef.","IMAGE ENTERTAINMENT",2011-07-19,,"dvd, kids-family",,,88,,03108346,,,,,1,,,"Damian Walshe, Gyton Grantley, Adrienne Pickering, Zoe Naylor, Kieran Darcy-Smith",,,,,,,,,2026-09-17,1
0cpxtxsdcu,movie,"The Secret Life of Pets","Chris Renaud",Chris,Renaud,"Rental Library",0025192317170,025192317170,"The quiet life of a terrier named Max is upended when his owner takes in Duke, a stray whom Max instantly dislikes.","Universal Pictures Home Entertainment",2016-12-06,,"dvd, kids-family",,,87,,01043962,,,,,1,,,"Louis C.K., Eric Stonestreet, Kevin Hart, Jenny Slate, Ellie Kemper",1.85:1,,,,,,,,2026-09-17,1
hetdqd719k,movie,"Rookie of the Year","Daniel Stern",Daniel,Stern,"Rental Library",0024543029212,024543029212,"12-year-old Henry Rowengartner, whose late father was a minor league baseball player, grew up dreaming of playing baseball, despite his physical shortcomings. After Henry's arm is broken while trying to catch a baseball at school, the tendon in that arm heals too tightly, allowing Henry to throw pitches that are as fast as 103 mph. Henry is spotted at nearby Wrigley Field by Larry ""Fish"" Fisher, the general manager of the struggling Chicago Cubs, after Henry throws an opponent's home-run ball all the way from the outfield bleachers back to the catcher, and it seems that Henry may be the pitcher that team owner Bob Carson has been praying for.","20th Century Fox",2002-01-29,,"dvd, kids-family",,,103,,00388602,,,,,1,,,"Thomas Ian Nicholas, Gary Busey, Albert Hall, Amy Morton, Dan Hedaya",1.33:1,,,,,,,,2026-09-17,1
9dc4e496rp,movie,"The Myth","Stanley Tong",Stanley,Tong,"Rental Library",0043396224438,043396224438,"When a fellow scientist asks for Jack's help in locating the mausoleum of China's first emperor, the past collides violently with the present as Jack discovers his amazing visions are based in fact.","Sony Pictures Home Entertainment",2007-10-30,,"dvd, fantasy",,,96,,99700474,,,,,1,,,"Jackie Chan, Hee-seon Kim, Tony Leung Ka Fai, Mallika Sherawat, Ken Lo",2.35:1,,,,,,,,2026-09-17,1
lsvox017b9,movie,"Northmen: a Viking Saga","Claudio Fäh",Claudio,Fäh,"Rental Library",0013132628752,013132628752,"A band of Vikings cross enemy lines and a panicked race begins. The losers will pay with their lives.",Lionsgate,2015-08-11,,"dvd, fantasy",,,97,,98979578,,,,,1,,,"James Norton, Ed Skrein, Charlie Murphy, Tom Hopper, Ryan Kwanten",2.40:1,,,,,,,,2026-09-17,1
7f20jdshd6,movie,"Once Upon a Time in Vietnam","Dustin Nguyen",Dustin,Nguyen,"Rental Library",0031398197447,031398197447,"Assigned to protect a small town in Vietnam, Dao arrives to fight against the crime boss; but soon his past catches up with him, threatening to destroy the cherished village.",Lionsgate,2014-07-01,,"dvd, fantasy",,,107,,98324218,,,,,1,,,"Dustin Nguyen, Ngo Thanh-Van, Roger Yuan, Thai Hoa, Ngoc Diep",,,,,,,,,2026-09-17,1
iz58roflqm,movie,"Age of the Dragons","Ryan Little",Ryan,Little,"Rental Library",796019824842,796019824842,"Age of the Dragons is an adaptation of Herman Melville's classic novel Moby Dick. Set in a medieval realm where Captain Ahab and crew hunt dragons for the vitriol that powers their world, Ishmael, a charismatic harpooner and his friend Queequeg join their quest. Ahab's adopted daughter Rachel, beautiful and tough, runs the hunting vessel. Ahab's obsession to seek revenge on a great White Dragon that slaughtered his family when he was young and left his body scarred and mauled, drives the crew deeper into the heart of darkness. In the White Dragon's lair Ahab's secrets are revealed and Rachel must choose between following him on his dark quest or escaping to a new life with Ishmael.","Arc Entertainment",2012-07-24,,"dvd, fantasy",,,92,,96194298,,,,,1,,,"Danny Glover, Vinnie Jones, Corey Sevier, Larry Bagby, Kepa Kruse",1.77:1,,,,,,,,2026-09-17,1
ayq1gzqpsz,movie,"Kaena The Prophecy","Chris Delaporte, Pascal Pinon",Chris,Delaporte,"Rental Library",0043396037731,043396037731,"Compelled by a mysterious force, Kaena, a rebellious, high-spirited teenage girl will defy the High Priest and her people's ancestral beliefs to take the perilous journey through the Axis and discover what dark secrets lie beyond the clouds.","Sony Pictures Home Entertainment",2004-09-07,,"dvd, fantasy",,,91,,94260986,,,,,1,,,,1.85:1,,,,,,,,2026-09-17,1
e90mh3d5u2,movie,"That Old Feeling","Carl Reiner",Carl,Reiner,"Rental Library",0025192025921,025192025921,"A bride's divorced parents find their old feelings for each other during the wedding reception and over the course of the next few days upsetting the newlywed's honeymoon.","Universal Pictures Home Entertainment",2008-04-28,,"dvd, romantic-comedy",,,106,,38935034,,,,,2,,,"Bette Midler, Dennis Farina, Paula Marshall, Gail O'Grady, David Rasche",1.85:1,,,,,,,,2026-09-17,1
v8uazpb26q,movie,"Wrath of the Titans","Jonathan Liebesman",Jonathan,Liebesman,"Rental Library",0883929240463,883929240463,"Perseus tries to live a quieter life as a village fisherman while – dangerously weakened by humanity's lack of devotion – the gods are losing control of the long-imprisoned Titans and their ferocious leader, Kronos.","Warner Bros.",2012-06-26,,"dvd, fantasy",,,99,,38902266,,,,,1,,,"Sam Worthington, Rosamund Pike, Bill Nighy, Edgar Ramirez, Toby Kebbell",1.85:1,,,,,,,,2026-09-17,1
gakw8ijbt4,movie,"Autumn Blood","Markus Blunder",Markus,Blunder,"Rental Library",796019828574,796019828574,"Two young orphans in the Tirolian Mountains come under siege by a vicious band of hunters. Frightened of being separated by child services following the death of their mother, a self-sufficient 16-year-old girl and her 10-year-old brother - who hasn't spoken a word since seeing his father killed by the mayor - strive to live off the land in peace. Their innocence is shattered, however, when a group of hunters led by the mayor's son brutalizes and rapes the free-spirited girl. Later, when a well-meaning social services worker arrives too late to protect the terrorized siblings, the girl and her brother prepare to take a stand against their ruthless attackers.","Arc Entertainment",2014-10-21,,"dvd, thriller",,,100,,38803962,,,,,1,,,"Peter Stormare, Gustaf Skarsgard, Sophie Lowe",,,,,,,,,2026-09-17,1
6umk5y48dt,movie,"How High","James Foley",James,Foley,"Rental Library",0025192195129,025192195129,"Jamal and Silas, two ordinary guys who smoke something magical, pass their college entrance exams with flying colors and end up at Harvard. Ivy League ways are strange but Silas and Jamal take it in a stride -- until their supply of supernatural smoke runs dry. That's when they have to start living by their wits and rely on their natural resources to make the grade.","Universal Pictures Home Entertainment",2017-01-03,,"comedy, dvd",,,97,,38738426,,,,,1,,,"Mark Wahlberg, Reese Witherspoon, William Petersen, Alyssa Milano, Amy Brenneman",2.35:1,,,,,,,,2026-09-17,1
2ogpsnntqt,movie,Wrestlemaniac,"Jesse Baget",Jesse,Baget,"Rental Library",0013131564891,013131564891,"On their way to Cabo San Lucas, the cast and crew of a low-budget film get lost and come upon ""La Sangre De Dios"", a ghost town with a spine-tingling legend about an insane Mexican wrestler. One by one, the cast and crew are snatched, beaten and dragged to a bloody death. The few left alive must figure out how to beat the wrestler at his own deadly game, or die trying.","STARZ / ANCHOR BAY",2008-03-11,,"dvd, horror",,,75,,96107258,,,,,1,,,"Rey Misterio Sr., Irwin Keyes, Leyla Milani",1.78:1,,,,,,,,2026-09-17,1
w1e6y8oisd,movie,"Wayne's World","Penelope Spheeris",Penelope,Spheeris,"Rental Library",0032429258557,032429258557,"The adventures of two amiably aimless metal-head friends, Wayne and Garth. From Wayne's basement, the pair broadcast a talk-show called ""Wayne's World"" on local public access television. The show comes to the attention of a sleazy network executive who wants to produce a big-budget version of ""Wayne's World""—and he also wants Wayne's girlfriend, a rock singer named Cassandra. Wayne and Garth have to battle the executive not only to save their show, but also Cassandra.","Paramount Pictures Home Entertainment",2017-04-25,,"comedy, dvd",,,94,,01256186,,,,,1,,,"Mike Myers, Rob Lowe, Dana Carvey, Lara Flynn Boyle, Tia Carrere",,,,,,,,,2026-09-17,1
cnrl07ommk,movie,"Soul Surfer","Sean McNamara",Sean,McNamara,"Rental Library",0043396380196,043396380196,"The true story of teen surfer Bethany Hamilton, who lost her arm in a shark attack and courageously overcame all odds to become a champion again, through her sheer determination and unwavering faith.","Sony Pictures Entertainment",2011-08-02,,"drama, dvd",,,106,,01190650,,,,,1,,,"AnnaSophia Robb, Dennis Quaid",2.40:1,,,,,,,,2026-09-17,1
u34q6ipgnz,movie,Poms,"Zara Hayes",Zara,Hayes,"Rental Library",0031398348894,31398348894,"After moving to a retirement community, loner Martha eventually befriends her fun-loving neighbor, Sheryl, and forms a cheerleading club for young-at-heart seniors, though they face roadblocks along the way.","Lionsgate Home Entertainment",2025-10-07,,"comedy, dvd",,,,,00994042,,,,,1,,,"Celia Weston, Diane Keaton, Jacki Weaver, Pam Grier, Rhea Perlman",,,,,,,,,2026-09-17,1
obar2ja0an,movie,"Finding Neverland",,,,"Rental Library",0032429345097,032429345097,"During a writing slump, playwright J.M. Barrie meets a widow and her four children, all young boys—who soon become an important part of Barrie’s life and the inspiration that lead him to create his masterpiece. Peter Pan.",PARAMOUNT,2020-09-22,,"dvd, kids-family",,,101,,00961274,,,,,1,,,"Dustin Hoffman, Johnny Depp, Julie Christie, Kate Winslet",,,,,,,,,2026-09-17,1
ayq1gswpsz,movie,"Fried Green Tomatoes","Jon Avnet",Jon,Avnet,"Rental Library",0025192508127,25192508127,"Amidst her own personality crisis, a southern housewife meets an outgoing old woman who tells her the story of Idgie Threadgoode and Ruth Jamison, two young women who experienced hardships and love in 1920s Whistle Stop, Alabama.","Universal Pictures Home Entertainment",2009-01-27,,"drama, dvd",,,137,,00928506,,,,,1,,,"Kathy Bates, Mary Stuart Masterson, Mary-Louise Parker, Jessica Tandy, Chris O'Donnell",1.85:1,,,,,,,,2026-09-17,1
ftoc73ge5y,movie,"Adventures in Babysitting","Chris Columbus",Chris,Columbus,"Rental Library",0717951003300,717951003300,"When plans with her boyfriend fall through, high school senior Chris Parker ends up babysitting the Anderson kids, Brad and Sara. What should be a quiet night in, however, turns into a series of ridiculous exploits, starting when they leave the house to pick up Chris' friend Brenda. Soon, Brad's buddy Daryl is involved, and the group must contend with car thieves, blues musicians and much more.","TOUCHSTONE PICTURES",2000-01-18,,"comedy, dvd",,,102,,00600826,,,,,1,,,"Elisabeth Shue, Penelope Ann Miller, Vincent D'Onofrio, John Chandler, Keith Coogan",1.85:1,,,,,,,,2026-09-17,1
6umk5rk8dt,movie,Bloodshot,,,,"Rental Library",0043396548107,043396548107,"After he and his wife are murdered, marine Ray Garrison is resurrected by a team of scientists. Enhanced with nanotechnology, he becomes a superhuman, biotech killing machine—'Bloodshot'. As Ray first trains with fellow super-soldiers, he cannot recall anything from his former life. But when his memories flood back and he remembers the man that killed both him and his wife, he breaks out of the facility to get revenge, only to discover that there's more to the conspiracy than he thought.",,,,"dvd, sci-fi",,,,,90606586,,,,,,,,,,,,,,,,,2026-09-17,1
2ogps44tqt,movie,"The Sum of All Fears","Phil Alden Robinson",Phil,Robinson,"Rental Library",0097363372240,097363372240,"When the president of Russia suddenly dies, a man whose politics are virtually unknown succeeds him. The change in political leaders sparks paranoia among American CIA officials, so CIA director Bill Cabot recruits a young analyst to supply insight and advice on the situation. Then the unthinkable happens: a nuclear bomb explodes in a U.S. city, and America is quick to blame the Russians.","Paramount Pictures Home Entertainment",2010-07-23,,"action, dvd",,,124,,90573818,,,,,1,,,"James Cromwell, Alan Bates, Liev Schreiber, Ben Affleck, Morgan Freeman",,,,,,,,,2026-09-17,1
w1e6yo0isd,movie,"Joe Dirt","Dennie Gordon",Dennie,Gordon,"Rental Library",0043396153844,043396153844,"Joe Dirt is a janitor with a mullet hairdo, acid-washed jeans and a dream to find the parents that he lost at the Grand Canyon when he was a belligerent, trailer park-raised eight-year-old. Now, blasting Van Halen in his jacked-up economy car, the irrepressibly optimistic Joe hits the road alone in search of his folks.","Sony Pictures Home Entertainment",2006-07-25,,"comedy, dvd",,,91,,90508282,,,,,1,,,"David Spade, Dennis Miller, Brittany Daniel, Christopher Walken",1.85:1,,,,,,,,2026-09-17,1
bpyio7zcho,movie,"Nights in Rodanthe",,,,"Rental Library",0085391186465,085391186465,"Adrienne is trying to decide whether to stay in her unhappy marriage or not, and her life changes when Paul, a doctor who is travelling to reconcile with his estranged son, checks into an inn where she is staying.",WarnerBrothers,2009-02-10,,"drama, dvd",,,97,,90409978,,,,,1,,,"Richard Gere, Diane Lane",2.35:1,,,,,,,,2026-09-17,1
8g3yvxlohq,movie,"The Trouble with Angels","Ida Lupino",Ida,Lupino,"Rental Library",0043396016774,043396016774,"Mary and her friend, Rachel, are new students at St. Francis Academy, a boarding school run by the iron fist of Mother Superior. The immature teens grow bored and begin playing pranks on both the unsuspecting nuns and their unpleasant classmates, becoming a constant thorn in Mother Superior's side. However, as the years pass, Mary and Rachel slowly mature and begin to see the nuns in a different light.","Sony Pictures Home Entertainment",2003-11-11,,"comedy, dvd",,,111,,86019066,,,,,1,,,"Hayley Mills, June Harding, Binnie Barnes, Camilla Sparv, Gypsy Rose Lee",1.33:1,,,,,,,,2026-09-17,1
56d31pjv9x,movie,"Salem's Lot","Mikael Salomon",Mikael,Salomon,"Rental Library",0053939684728,053939684728,"Author Ben Mears returns to his childhood home of Jerusalem's Lot only to discover his hometown is being preyed upon by a bloodthirsty vampire.","Studio Distribution Services",2012-01-31,,"dvd, horror",,,181,,84052986,,,,,1,,,"Rob Lowe, Andre Braugher, Donald Sutherland, Samantha Mathis, Robert Mammone",,,,,,,,,2026-09-17,1
ftoc7abe5y,movie,"The Peanuts Movie","Steve Martino",Steve,Martino,"Rental Library",0024543992646,024543992646,"Snoopy embarks upon his greatest mission as he and his team take to the skies to pursue their arch-nemesis, while his best pal Charlie Brown begins his own epic quest.","BLUE SKY ANIMATION",2016-03-08,,"dvd, kids-family",,,88,,81824762,,,,,1,,,"Troy \Trombone Shorty\ Andrews, Rebecca Bloom, Anastasia Bredikhina, Francesca Angelucci Capaldi, Kristin Chenoweth",1.85:1,,,,,,,,2026-09-17,1
gakw87wbt4,movie,Life,"Ted Demme",Ted,Demme,"Rental Library",0025192055928,025192055928,"The six-member crew of the International Space Station is tasked with studying a sample from Mars that may be the first proof of extra-terrestrial life, which proves more intelligent than ever expected.","Universal Pictures Home Entertainment",2010-05-09,,"dvd, sci-fi",,,109,,76647418,,,,,1,,,"Eddie Murphy, Martin Lawrence, Obba Babatunde, Ned Beatty, Bernie Mac",1.85:1,,,,,,,,2026-09-17,1
2ogpskktqt,movie,"Blood, Sweat and Terrors","Beau Fowler, Adam Mason, Benjamin De Los Santos, Alexandre Carriere, Shelagh Rown-Legg",Beau,Fowler,"Rental Library",0014381102949,014381102949,"Anthology film consisting of 9 shorts featuring blood, action and horror.",,2018-11-06,,"dvd, horror",,,98,,73403386,,,,,1,,,"Ed Speleers, John Hannah, Neil Maskell, Paul Sloan, Florent Miko Bouygues",,,,,,,,,2026-09-17,1
qhf9kodwe4,movie,"Fly Away Home","Carroll Ballard",Carroll,Ballard,"Rental Library",0043396060463,043396060463,"Amy is only 13 years old when her mother is killed. She goes to Canada to live with her father, an eccentric inventor whom she barely knows. Amy is miserable in her new life... until she discovers a nest of goose eggs that were abandoned when a local forest was torn down. The eggs hatch and Amy becomes ""Mama Goose"". When winter comes, Amy and her dad must find a way to lead the birds South.","Sony Pictures Home Entertainment",2001-08-07,,"dvd, kids-family",,,108,,70224890,,,,,1,,,"Jeff Daniels, Anna Paquin, Dana Delany, Terry Kinney, Holter Graham",1.85:1,,,,,,,,2026-09-17,1
bpyiohscho,movie,"Fired Up",,,,"Rental Library",0043396272866,043396272866,"Popular high schoolers and best friends Shawn and Nick decide to ditch football camp for cheerleader camp. For the girls and for the glory.",,,,"comedy, dvd",,,,,67603450,,,,,,,,,,,,,,,,,2026-09-17,1
6umk5xi8dt,movie,Abduction,"John Singleton",John,Singleton,"Rental Library",31398147558,031398147558,"For many years, Nathan Harper has had the uneasy feeling that life with his family isn't quite what it seems. As he draws closer to uncovering the truth, he is hunted by assassins, forcing him to flee with his neighbor, Karen, the only person he can trust.","Lions Gate",2012-01-17,,"action, dvd",,,106,,67570682,,,,,1,,,"Taylor Lautner, Lily Collins, Alfred Molina, Maria Bello, Jason Isaacs",1.85:1,,,,,,,,2026-09-17,1
8g3yvj7ohq,movie,"Soul Survivors","Stephen Carpenter",Stephen,Carpenter,"Rental Library",0012236123514,012236123514,"A college freshman involved in a fatal car crash discovers she may not have survived after all when she becomes caught between the worlds of the living and the dead.",Lionsgate,2002-02-26,,"dvd, horror",,,85,,67537914,,,,,1,,,"Casey Affleck, Wes Bentley, Melissa Sagemiller",1.85:1,,,,,,,,2026-09-17,1
xlz2n6gjps,movie,"The Best Exotic Marigold Hotel",,,,"Rental Library",24543014065,024543014065,"British retirees travel to India to take up residence in what they believe is a newly restored hotel. Less luxurious than its advertisements, the Marigold Hotel nevertheless slowly begins to charm in unexpected ways as the residents find new purpose in their old age.","20th Century Fox",2015-01-06,,"comedy, dvd",,,124,,59608058,,,,,1,,,"Patrick Pearson, Tom Wilkinson",2.35:1,,,,,,,,2026-09-17,1
4jlfmvdkbx,movie,"Snow White & the Huntsman","Rupert Sanders",Rupert,Sanders,"Rental Library",0025192122248,025192122248,"After the Evil Queen marries the King, she performs a violent coup in which the King is murdered and his daughter, Snow White, is taken captive. Almost a decade later, a grown Snow White is still in the clutches of the Queen. In order to obtain immortality, The Evil Queen needs the heart of Snow White. After Snow escapes the castle, the Queen sends the Huntsman to find her in the Dark Forest.",Universal,2012-09-11,,"dvd, fantasy",,,132,,49908730,,,,,1,,,"Kristen Stewart, Charlize Theron, Chris Hemsworth, Sam Claflin, Sam Spruell",2.35:1,,,,,,,,2026-09-17,1
3kjhufparj,movie,"Bless the Child",,,,"Rental Library",0097363279624,097363279624,"When Maggie's sister Jenna saddles her with an autistic newborn named Cody she touches Maggie's heart and becomes the daughter she has always longed for. But six years later Jenna suddenly re-enters her life and, with her mysterious new husband, Eric Stark, abducts Cody. Despite the fact that Maggie has no legal rights to Cody, FBI agent John Travis takes up her cause when he realizes that Cody shares the same birth date as several other recently murdered children.",Paramount,2007-11-01,,"dvd, horror",,,,,49875962,,,,,,,,,,,,,,,,,2026-09-17,1
9dc4ex06rp,movie,"A Walk Among the Tombstone","Scott Frank",Scott,Frank,"Rental Library",0025192241314,025192241314,"Private investigator Matthew Scudder is hired by a drug kingpin to find out who kidnapped and murdered his wife.","Universal Pictures Home Entertainment",2015-01-13,,"dvd, thriller",,,114,,45353978,,,,,1,,,"Liam Neeson, Dan Stevens, David Harbour, Boyd Holbrook",2.40:1,,,,,,,,2026-09-17,1
nxiscvx41p,movie,"Lara Croft Tomb Raider","Lawrence Gordon",Lawrence,Gordon,"Rental Library",0191329221969,191329221969,"Orphaned heiress, English aristocrat and intrepid archaeologist, Lara Croft, embarks on a dangerous quest to retrieve the two halves of an ancient artifact which controls time before it falls into the wrong hands. As an extremely rare planetary alignment is about to occur for the first time in 5,000 years, the fearless tomb raider will have to team up with rival adventurers and sworn enemies to collect the pieces, while time is running out. But, in the end, who can harness the archaic talisman's unlimited power?","Paramount Pictures Home Entertainment",2010-07-23,,"action, dvd",,,,,46103802,,,,,1,,,"Angelina Jolie, Chris Barrie, Daniel Craig, Iain Glen, Jon Voight",,,,,,,,,2026-09-17,1
j7st4ozqlq,movie,Collateral,,,,"Rental Library",0097361423869,097361423869,"Cab driver Max picks up a man who offers him $600 to drive him around. But the promise of easy money sours when Max realizes his fare is an assassin.",,,,"action, dvd",,,,,46038266,,,,,,,,,,,,,,,,,2026-09-17,1
obar2wn0an,movie,"Racing Stripes","Frederik Du Chau",Frederik,Chau,"Rental Library",0085393368722,085393368722,"Shattered illusions are hard to repair -- especially for a good-hearted zebra named Stripes who's spent his life on a Kentucky farm amidst the sorely mistaken notion that he's a debonair thoroughbred. Once he faces the fact that his stark stripes mark him as different, he decides he'll race anyway. And with help from the young girl who raised him, he just might end up in the winner's circle.","Warner Home Video",2005-05-10,,"dvd, kids-family",,,102,,46005498,,,,,1,,,"Frankie Muniz, David Spade, Snoop Dogg, Bruce Greenwood, Hayden Panettiere",1.33:1,,,,,,,,2026-09-17,1
v8uazk326q,movie,"Apollo 13","Ron Howard",Ron,Howard,"Rental Library",9780783219691,025192002328,"The true story of technical troubles that scuttle the Apollo 13 lunar mission in 1970, risking the lives of astronaut Jim Lovell and his crew, with the failed journey turning into a thrilling saga of heroism. Drifting more than 200,000 miles from Earth, the astronauts work furiously with the ground crew to avert tragedy.","Universal Studios",2005-03-29,,"drama, dvd",,,256,,45972730,,,,,2,,,"Tom Hanks, Ed Harris, Bill Paxton, Kevin Bacon, Gary Sinise",1.66:1,,,,,,,,2026-09-17,1
gakw8hibt4,movie,"The Replacement Killers","Antoine Fuqua",Antoine,Fuqua,"Rental Library",0043396216297,043396216297,"Hired assassin John Lee is asked by Chinatown crime boss Terence Wei to murder the young son of policeman Stan Zedkov. Lee has the boy in his sights, but his conscience gets the better of him, and he spares the child's life. Afraid that Wei will take revenge on his family in China, Lee seeks out expert forger Meg Coburn to obtain the passport he needs to get out of the country, but a band of replacement killers is soon on his trail.","Columbia Pictures",2002-01-01,,"action, dvd",,,96,,42368250,,,,,1,,,"Carlos Gomez, Michael Rooker, Danny Trejo, Jürgen Prochnow, Mira Sorvino",2.40:1,,,,,,,,2026-09-17,1
4jlfm2ukbx,movie,"Life of Pi","Ang Lee",Ang,Lee,"Rental Library",0024543751854,024543751854,"The story of an Indian boy named Pi, a zookeeper's son who finds himself in the company of a hyena, zebra, orangutan, and a Bengal tiger after a shipwreck sets them adrift in the Pacific Ocean.",Fox,2013-03-12,,"dvd, fantasy",,,123,,42335482,,,,,1,,,"Suraj Sharma, Irrfan Khan, Tabu, Gérard Depardieu",1.85:1,,,,,,,,2026-09-17,1
ri1vp6mxoz,movie,"Scooby-Doo!: Curse of the Lake Monster","Brian Levant",Brian,Levant,"Rental Library",0883929135905,883929135905,"Scooby-Doo and the gang are on the case when a mysterious lake monster starts scaring the guests at a summer resort in Erie Point, where Fred, Daphne, Velma and Shaggy have taken on seasonal jobs to pay for a barn they accidentally burned down. But in addition to sneaking suspicions, there's some romance in the air.",WarnerBrothers,2011-03-01,,"dvd, kids-family",,,85,,42171642,,,,,1,,,"Robbie Amell, Hayley Kiyoko, Kate Melton, Nick Palatas, Frank Welker",,,,,,,,,2026-09-17,1
8g3yvq9ohq,movie,"The Wolfman","Joe Johnston",Joe,Johnston,"Rental Library",0025192345814,025192345814,"Lawrence Talbot, an American man on a visit to Victorian London to make amends with his estranged father, gets bitten by a werewolf and, after a moonlight transformation, leaves him with a savage hunger for flesh.","Universal Pictures Home Entertainment",2016-03-29,,"dvd, horror",,,222,,41385210,,,,,1,,,"Anthony Hopkins, Benicio Del Toro, Emily Blunt, Hugo Weaving",1.85:1,,,,,,,,2026-09-17,1
kq7e3t4ysl,movie,"Gran Torino","Clint Eastwood",Clint,Eastwood,"Rental Library",0883929126651,883929126651,"Disgruntled Korean War veteran Walt Kowalski sets out to reform his neighbor, Thao Lor, a Hmong teenager who tried to steal Kowalski's prized possession: a 1972 Gran Torino.",WarnerBrothers,2010-06-01,,"drama, dvd",,,116,,41352442,,,,,1,,,"Clint Eastwood, Bee Vang, Ahney Her, Christopher Carley",Unknown,,,,,,,,2026-09-17,1
t0bnfrt93y,movie,"Just Like Heaven",,,,"Rental Library",0032429067692,032429067692,"Shortly after David Abbott moves into his new San Francisco digs, he has an unwelcome visitor on his hands: winsome Elizabeth Masterson, who asserts that the apartment is hers -- and promptly vanishes. When she starts appearing and disappearing at will, David thinks she's a ghost, while Elizabeth is convinced she's alive.",,,,"comedy, dvd",,,,,41286906,,,,,,,,,,,,,,,,,2026-09-17,1
3kjhuenarj,movie,"The Secret Life of Pets 2","Chris Renaud",Chris,Renaud,"Rental Library",0191329082959,191329082959,"Max the terrier must cope with some major life changes when his owner gets married and has a baby. When the family takes a trip to the countryside, nervous Max has numerous run-ins with canine-intolerant cows, hostile foxes and a scary turkey. Luckily for Max, he soon catches a break when he meets Rooster, a gruff farm dog who tries to cure the lovable pooch of his neuroses.","Universal Pictures Home Entertainment",2019-08-27,,"dvd, kids-family",,,86,,41254138,,,,,1,,,"Kevin Hart, Harrison Ford, Patton Oswalt, Eric Stonestreet, Jenny Slate",1.85:1,,,,,,,,2026-09-17,1
hetdqmf19k,movie,"Alex Cross",,,,"Rental Library",0025192177156,025192177156,"Alex Cross, a genius homicide detective/psychologist is trying to clean up the mean streets of Detroit while keeping his family out of the line of fire. As he mulls over accepting a job with the FBI, he is told that a friend has been murdered and he vows to track down the killer. Soon, he and his team are forced to match wits with a psychotic contract killer, who displays a disturbing commitment towards seeing his job through.",,,,"dvd, thriller",,,,,39222522,,,,,,,,,,,,,,,,,2026-09-17,1
nxisc2j41p,movie,"Terms of Endearment","James L. Brooks",James,Brooks,"Rental Library",0032429274069,032429274069,"Aurora, a finicky woman, is in search of true love while her daughter faces marital issues. Together, they help each other deal with problems and find reasons to live a joyful life.","Paramount Pictures Home Entertainment",2017-04-25,,"drama, dvd",,,131,,39156986,,,,,1,,,"Jack Nicholson, Danny DeVito, Jeff Daniels, John Lithgow, Debra Winger",,,,,,,,,2026-09-17,1
lsvoxbe7b9,movie,"Temple Grandin","Mick Jackson",Mick,Jackson,"Rental Library",0883929131716,883929131716,"A biopic of Temple Grandin, an autistic American who has become one of the leading scientists in humane livestock handling.","HBO Studios",2010-08-17,,"drama, dvd",,,109,,39124218,,,,,1,,,"Claire Danes, Julia Ormond, David Strathairn, Catherine O’Hara",1.78:1,,,,,,,,2026-09-17,1
j7st40sqlq,movie,"My Boss's Daughter","David Zucker",David,Zucker,"Rental Library",0786936233476,786936233476,"When a young man agrees to housesit for his boss, he thinks it'll be the perfect opportunity to get close to the woman he desperately has a crush on – his boss's daughter. But he doesn't plan on the long line of other houseguests that try to keep him from his mission. And he also has to deal with the daughter's older brother, who's on the run from local drug dealers.","Dimension Home Video",2009-04-10,,"dvd, romantic-comedy",,,86,,38862074,,,,,1,,,"Ashton Kutcher, Tara Reid, Andy Richter, Molly Shannon, Mark Aisbett",1.85:1,,,,,,,,2026-09-17,1
u34q6hkgnz,movie,Thumbsucker,"Mike Mills",Mike,Mills,"Rental Library",0043396114821,043396114821,"Justin Cobb, a teenager in suburban Oregon, copes with his thumb-sucking problem, romance, and his diagnosis with ADHD and subsequent experience using Ritalin.","Sony Pictures Home Entertainment",2006-01-24,,"comedy, dvd",,,96,,40249338,,,,,1,,,"Lou Taylor Pucci, Tilda Swinton, Vincent D'Onofrio, Kelli Garner",2.35:1,,,,,,,,2026-09-17,1
iz58rg2lqm,movie,"The Motorcycle Diaries","Walter Salles",Walter,Salles,"Rental Library",0025192594229,025192594229,"Based on the journals of Che Guevara, leader of the Cuban Revolution. In his memoirs, Guevara recounts adventures he and best friend Alberto Granado had while crossing South America by motorcycle in the early 1950s.","Universal Pictures Home Entertainment",2017-07-04,,"drama, dvd",,,127,,38348794,,,,,1,,,"Gael Garcia Bernal, Rodrigo De la Serna, Mia Maestro",1.85:1,,,,,,,,2026-09-17,1
obar2i40an,movie,"V for Vendetta",,,,"Rental Library",0012569736603,12569736603,"In a world in which Great Britain has become a fascist state, a masked vigilante known only as “V” conducts guerrilla warfare against the oppressive British government. When V rescues a young woman from the secret police, he finds in her an ally with whom he can continue his fight to free the people of Britain.","Warner Home Video",,,"action, dvd",,,,,33695738,,,,,,,,,,,,,,,,,2026-09-17,1
ayq1g57psz,movie,"Brideshead Revisited","Julian Jerrold",Julian,Jerrold,"Rental Library",0096009783297,096009783297,"Befriended by aristocrat Sebastian Flyte, Oxford student Charles Ryder finds that the power and privilege experienced by the family is seductive. On a visit to the ancestral home, Brideshead, he falls in love with his friend's sister, Julia. However, as his ties to the Flytes deepen, Ryder finds himself at odds with their strong Roman Catholicism.","Echo Bridge Home Entertainment",2011-10-11,,"drama, dvd",,,133,,31664122,,,,,1,,,"Hayley Atwell, Matthew Goode",,,,,,,,,2026-09-17,1
e90mh4c5u2,movie,Misery,,,,"Rental Library",0027616851390,027616851390,"After an accident, acclaimed novelist Paul Sheldon is rescued by a nurse who claims to be his biggest fan. Her obsession takes a dark turn when she holds him captive in her remote Colorado home and forces him to write back to life the popular literary character he killed off.","20th Century Fox",2015-09-08,,"dvd, horror",,,108,,31631354,,,,,1,,,"James Caan, Kathy Bates, Wendy Bowers, Thomas Brunelle, Lauren Bacall",1.85:1,,,,,,,,2026-09-17,1
v8uazya26q,movie,It,"Clarence G. Badger",Clarence,Badger,"Rental Library",0191091358337,191091358337,"In a small town in Maine, seven children known as The Losers Club come face to face with life problems, bullies and a monster that takes the shape of a clown called Pennywise.","Films Around the World",2019-11-06,,"dvd, horror",,,70,,31008762,,,,,1,,,"Antonio Moreno, Clara Bow, Priscilla Bonner, William Austin",1.33:1,,,,,,,,2026-09-17,1
ftoc7nme5y,movie,"Cowboys and Aliens","Jon Favreau",Jon,Favreau,"Rental Library",0025192074776,025192074776,"A stranger stumbles into the desert town of Absolution with no memory of his past and a futuristic shackle around his wrist. With the help of mysterious beauty Ella and the iron-fisted Colonel Dolarhyde, he finds himself leading an unlikely posse of cowboys, outlaws, and Apache warriors against a common enemy from beyond this world in an epic showdown for survival.","Universal Pictures",2011-12-06,,"dvd, sci-fi",,,119,,30975994,,,,,1,,,"Daniel Craig, Harrison Ford, Abigail Spencer, Buck Taylor, Olivia Wilde",2.40:1,,,,,,,,2026-09-17,1
gakw81lbt4,movie,"The Company",,,,"Rental Library",0043396013223,043396013223,"Ensemble drama centered around a group of ballet dancers, with a focus on one young dancer who's poised to become a principal performer.",,,,"drama, dvd",,,,,30386170,,,,,,,,,,,,,,,,,2026-09-17,1
6umk5qx8dt,movie,"Act of Valor",,,,"Rental Library",24543403944,024543403944,"When a covert mission to rescue a kidnapped CIA operative uncovers a chilling plot, an elite, highly trained U.S. SEAL team speeds to hotspots around the globe, racing against the clock to stop a deadly terrorist attack.","20th Century Fox",2017-05-02,,"action, dvd",,,111,,42934778,,,,,1,,,"Nestor Serrano, Alex Veadov",2.40:1,,,,,,,,2026-09-17,1
dmnj97lu84,movie,"Superman Returns","Bryan Singer",Bryan,Singer,"Rental Library",0012569723511,012569723511,"Superman returns to discover his 5-year absence has allowed Lex Luthor to walk free, and that those he was closest to felt abandoned and have moved on. Luthor plots his ultimate revenge that could see millions killed and change the face of the planet forever, as well as ridding himself of the Man of Steel.",WarnerBrothers,2008-01-08,,"action, dvd",,,154,,42869242,,,,,1,,,"Brandon Routh, Kate Bosworth, James Marsden, Frank Langella, Eva Marie Saint",,,,,,,,,2026-09-17,1
2ogpsrrtqt,movie,"The Abyss","James Cameron",James,Cameron,"Rental Library",24543000082,024543000082,"A civilian oil rig crew is recruited to conduct a search and rescue effort when a nuclear submarine mysteriously sinks. One diver soon finds himself on a spectacular odyssey 25,000 feet below the ocean's surface where he confronts a mysterious force that has the power to change the world or destroy it.","20th Century Fox",2000-03-21,,"dvd, sci-fi",,,171,,42672634,,,,,2,,,"Ed Harris, Mary Elizabeth Mastrantonio, Michael Biehn, Leo Burmester, Todd Graff",2.35:1,,,,,,,,2026-09-17,1
w1e6yugisd,movie,"Gone with the Wind","Fleming, Victor",Fleming,Fleming,"Rental Library",0883929057436,883929057436,"The spoiled daughter of a Georgia plantation owner conducts a tumultuous romance with a cynical profiteer during the American Civil War and Reconstruction Era.","Warner Home Video",,,"drama, dvd",,,238,,42607098,,,,,2,,,"Gable, Clark, Leigh, Vivien, Howard, Leslie, Havilland, Olivia de, Mitchell, Thomas",,,,,,,,,2026-09-17,1
qhf9kdgwe4,movie,Crank,"Brian Taylor, Mark Neveldine",Brian,Taylor,"Rental Library",0031398206927,031398206927,"Chev Chelios, a hit man wanting to go straight, lets his latest target slip away. Then he awakes the next morning to a phone call that informs him he has been poisoned and has only an hour to live unless he keeps adrenaline coursing through his body while he searches for an antidote.",Lionsgate,2007-01-09,,"action, dvd",,,88,,42476026,,,,,1,,,"Jason Statham, Amy Smart, Efren Ramirez, Dwight Yoakam",1.78:1,,,,,,,,2026-09-17,1
6umk5q78dt,movie,"The Gravedancers","Mike Mendez",Mike,Mendez,"Rental Library",0031398211167,031398211167,"After a night of drunken exploits, Allison, Harris, and Kira are chased and terrorized by the ghosts of a child pyromaniac, an ax murderer, and a rapist.",Lionsgate,2007-03-27,,"dvd, horror",,,98,,42213882,,,,,1,,,"Dominic Purcell, Josie Maran, Clare Kramer, Marcus Thomas, Tchéky Karyo",1.78:1,,,,,,,,2026-09-17,1
xlz2nocjps,movie,"The Brotherhood III Young Demons","David DeCoteau",David,DeCoteau,"Rental Library",634991128223,634991128223,"A group of high schoolers play an elaborate role-playing game and, using an ancient book of spells, accidentally summon an evil entity, turning their fantasy into a terrifying, murderous reality.",Dej,2002-09-03,,"dvd, horror",,,82,,42181114,,,,,1,,,"Kristopher Turner, Paul Andrich, Ellen Wieser, Julie Pedersen, Andrew Hrankowski",,,,,,,,,2026-09-17,1
56d31kiv9x,movie,"Live by Night",,,,"Rental Library",0883929426027,883929426027,"A group of Boston-bred gangsters set up shop in balmy Florida during the Prohibition era, facing off against the competition and the Ku Klux Klan.",,,,"drama, dvd",,,,,41984506,,,,,,,,,,,,,,,,,2026-09-17,1
4jlfmtgkbx,movie,"The Blind Side","JOHN LEE HANCOCK",JOHN,HANCOCK,"Rental Library",0883929086696,883929086696,"The story of Michael Oher, a homeless and traumatized boy who became an All American football player and first round NFL draft pick with the help of a caring woman and her family.","Warner Bross Entertainmant",,,"drama, dvd",,,128,,41886202,,,,,,,,"SANDRA BULLOCKQUINTON AARON",,,,,,,,,2026-09-17,1
m4x7dfd31h,movie,"An American Carol","David Zucker",David,Zucker,"Rental Library",883476005379,883476005379,"A cynical anti-American Hollywood filmmaker sets out on a crusade to abolish the 4th of July holiday. He is visited by three spirits who take him on a hilarious journey in an attempt to show him the true meaning of America.","Vivendi Entertainment",2008-12-30,,"comedy, dvd",,,83,,65086970,,,,,1,,,"Kevin P. Farley, Kelsey Grammer, Serdar Kalsin, Geoffrey Arend, Jon Voight",2.35:1,,,,,,,,2026-09-17,1
ywh5a6pr71,movie,"Rock n Rolla","GUY RITCHIE",GUY,RITCHIE,"Rental Library",0883929037506,883929037506,"When a Russian mobster sets up a real estate scam that generates millions of pounds, various members of London's criminal underworld pursue their share of the fortune. Various shady characters, including Mr One-Two, Stella the accountant, and Johnny Quid, a druggie rock-star, try to claim their slice.",MOVIE,,,"action, dvd",,,116,,64988666,,,,,,,,"GERARD BUTLERIDRIS ELBA",,,,,,,,,2026-09-17,1
obar2i90an,movie,Unknown,"Jaume Collet-Serra",Jaume,Collet-Serra,"Rental Library",0883929157730,883929157730,"A man awakens from a coma, only to discover that someone has taken on his identity and that no one, (not even his wife), believes him. With the help of a young woman, he sets out to prove who he is.","Warner Bros. Pictures",2011-06-21,,"dvd, thriller",,,113,,64923130,,,,,1,,,"Liam Neeson, January Jones",,,,,,,,,2026-09-17,1
cnrl0sgmmk,movie,"Madea's Family Reunion","Tyler Perry",Tyler,Perry,"Rental Library",0031398193289,031398193289,"Southern matriarch Madea has a lot on her plate. Her nieces, Vanessa and Lisa, have relationship troubles - Vanessa moves into Madea's house with her 2 young children and Lisa is engaged to a controlling man that her mother set her up with. In addition, Madea has just been court-ordered to become the guardian of Nikki, a rebellious runaway teenager. Madea must keep the peace and her family together while simultaneously planning her clan's reunion.",Lionsgate,2006-06-27,,"comedy, dvd",,,110,,64824826,,,,,1,,,"Tyler Perry, Blair Underwood, Lynn Whitfield, Maya Angelou, Tangi Miller",1.33:1,,,,,,,,2026-09-17,1
8g3yvw6ohq,movie,Unrest,"Jason Todd Ipson",Jason,Ipson,"Rental Library",0031398211129,031398211129,"A young pathology med student suspects that the spirit of a dead cadaver in the hospital morgue where she works is killing off all those who handle or desecrate the body.","Lionsgate Home Entertainment",2007-03-27,,"dvd, horror",,,84,,64792058,,,,,1,,,"Corri English, Marisa Petroro, Ben Livingston",1.85:1,,,,,,,,2026-09-17,1
kq7e39kysl,movie,"Trading Places","John Landis",John,Landis,"Rental Library",32429258410,032429258410,"A snobbish investor and a wily street con-artist find their positions reversed as part of a bet by two callous millionaires.",Paramount,2017-01-24,,"comedy, dvd",,,116,,64398842,,,,,1,,,"Ralph Bellamy, Dan Aykroyd, Eddie Murphy",,,,,,,,,2026-09-17,1
t0bnfj693y,movie,"Smokin' Aces","Joe Carnahan",Joe,Carnahan,"Rental Library",0025193226624,025193226624,"When a Las Vegas performer-turned-snitch named Buddy Israel decides to turn state's evidence and testify against the mob, it seems that a whole lot of people would like to make sure he's no longer breathing.","Studio Distribution Services",2007-04-17,,"action, dvd",,,109,,64366074,,,,,1,,,"Ryan Reynolds, Ray Liotta, Joseph Ruskin, Alex Rocco, Wayne Newton",2.35:1,,,,,,,,2026-09-17,1
hetdq3e19k,movie,Blade,"Stephen Norrington",Stephen,Norrington,"Rental Library",65935827108,065935827108,"The Daywalker known as ""Blade"" - a half-vampire, half-mortal man - becomes the protector of humanity against an underground army of vampires.","101 DISTRIBUTION",2009-06-09,,"action, dvd",,,120,,64235002,,,,,1,,,"Wesley Snipes, Stephen Dorff, Kris Kistofferson, Arly Jover, Udo Kier",1.66:1,,,,,,,,2026-09-17,1
9dc4equ6rp,movie,Zodiac,"David Fincher",David,Fincher,"Rental Library",0097363460145,097363460145,"Over the course of a decade, editors of the San Francisco Chronicle entice themselves in the murders of the Zodiac Killer. However, as time runs its course, interest in the case dwindles in the eyes of the professionals. The Killer stops interacting with the public. However, believing he has the answers, an amateur cartoonist from the initial sightings races against time to prevent what he believes is another murder.",Paramount,2007-07-24,,"dvd, thriller",,,157,,64169466,,,,,1,,,"Jake Gyllenhaal, Mark Ruffalo, Anthony Edwards, Robert Downey Jr., Brian Cox",2.35:1,,,,,,,,2026-09-17,1
nxisctq41p,movie,"Blade II","Guillermo Del Toro",Guillermo,Toro,"Rental Library",65935828051,065935828051,"Blade forms an uneasy alliance with the vampire council in order to combat the Reapers, who are feeding on vampires.","101 DISTRIBUTION",2009-08-04,,"action, dvd",,,117,,64136698,,,,,1,,,"Danny John-Jules, Thomas Kretschmann, Ron Perlman, Wesley Snipes, Kris Kristofferson",1.78:1,,,,,,,,2026-09-17,1
lsvoxc57b9,movie,"Jason Bourne","Paul Greengrass",Paul,Greengrass,"Rental Library",0025192257605,25192257605,"The most dangerous former operative of the CIA is drawn out of hiding to uncover hidden truths about his past.","Universal Pictures Home Entertainment",2016-12-06,,"action, dvd",,,124,,59680250,,,,,1,,,"Damon, Matt, Lee Jones, Tommy, Vikander, Alicia, Cassel, Vincent, Stiles, Julia",2.40:1,,,,,,,,2026-09-17,1
7f20jm2hd6,movie,"Edward Scissorhands","Tim Burton",Tim,Burton,"Rental Library",0024543202509,24543202509,"A small suburban town receives a visit from a castaway unfinished science experiment named Edward.","TWENTIETH CENTURY FOX",2015-10-13,,"drama, dvd",,,105,,59647482,,,,,1,,,"Johnny Depp, Winona Ryder, Dianne Wiest, Anthony Michael Hall, Kathy Baker",,,,,,,,,2026-09-17,1
j7st4dfqlq,movie,"The Twilight Saga: Breaking Dawn Part 1","Bill Condon",Bill,Condon,"Rental Library",0025192178191,025192178191,"Bella Swan and Edward Cullen's honeymoon phase is abruptly disrupted by betrayals and unforeseen tragedies that endanger their world.","Summit Entertainment",2013-03-02,,"dvd, fantasy",,,117,,59483642,,,,,1,,,"Kristen Stewart, Robert Pattinson, Taylor Lautner",,,,,,,,,2026-09-17,1
iz58rbtlqm,movie,"G.I. Jane","Hugh Johnson, Ridley Scott",Hugh,Johnson,"Rental Library",0717951000316,717951000316,"In response to political pressure from Senator Lillian DeHaven, the U.S. Navy begins a program that would allow for the eventual integration of women into its combat services. The program begins with a single trial candidate, Lieutenant Jordan O'Neil, who is chosen specifically for her femininity. O'Neil enters the grueling Navy SEAL training program under the command of Master Chief John James Urgayle, who unfairly pushes O'Neil until her determination wins his respect.","HOLLYWOOD PICTURES",1998-04-22,,"action, dvd",,,125,,59450874,,,,,1,,,"Demi Moore, Viggo Mortensen, Anne Bancroft, Jason Beghe, Daniel Von Bargen",2.35:1,,,,,,,,2026-09-17,1
obar2lk0an,movie,HULK,"Ang Lee",Ang,Lee,"Rental Library",0025195020251,025195020251,"Bruce Banner, a genetics researcher with a tragic past, suffers massive radiation exposure in his laboratory that causes him to transform into a raging green monster when he gets angry.","Universal Pictures Home Entertainment",2009-05-10,,"action, dvd",,,138,,31039482,,,,,1,,,"Eric Bana, Jennifer Connelly, Jesse Corti, Reggie Davis, Sam Elliott",1.85:1,,,,,,,,2026-09-17,1
ayq1gvhpsz,movie,"The Underneath","Steven Soderbergh",Steven,Soderbergh,"Rental Library",0025192044526,025192044526,"A recovering gambling addict attempts to reconcile with his family and friends but finds trouble and temptation when caught between feelings for his ex-wife and her dangerous hoodlum boyfriend.","Universal Pictures Home Entertainment",2008-06-24,,"dvd, thriller",,,100,,30941178,,,,,1,,,"Peter Gallagher, Elisabeth Shue, Joe Don Baker",2.35:1,,,,,,,,2026-09-17,1
v8uazrp26q,movie,Eurotrip,,,,"Rental Library",0032429256751,032429256751,"When Scott learns that his longtime cyber-buddy from Berlin is a gorgeous young woman, he and his friends embark on a trip across Europe.",,,,"comedy, dvd",,,,,30318586,,,,,,,,,,,,,,,,,2026-09-17,1
ftoc743e5y,movie,"American Nightmares",,,,"Rental Library",760137197096,760137197096,"Two voyeuristic nerds are hacking the devices of people as they themselves are hacked by the feed from story tellers Mister Malevolent and Mystic Woman who have seven moralistic horror stories to tell.","Moonstone Entertainment",2019-02-12,,"dvd, horror",,,89,,30220282,,,,,1,,,"Danny Trejo, Vivica A. Fox, Tamala Jones, Chris Kattan, Jay Mohr",,,,,,,,,2026-09-17,1
2ogpsxxtqt,movie,"XXX State of the Union",,,,"Rental Library",0043396102064,043396102064,"Darius Stone's criminal record and extreme sports obsession make him the perfect candidate to be the newest XXX agent. He must save the U.S. government from a deadly conspiracy led by five-star general and Secretary of Defense George Deckert.","Warner Bros. studios",,,"action, dvd",,,,,29925370,,,,,1,,,"ICE CUBE, WILLEM DEFOE, SCOTT SPEEDMAN, PETER STRAUS, SAMUEL L. JACKSON",,,,,,,,,2026-09-17,1
w1e6ygbisd,movie,"Star Trek Into Darkness","J.J. Abrams",J.J.,Abrams,"Rental Library",0097363555049,097363555049,"When the crew of the Enterprise is called back home, they find an unstoppable force of terror from within their own organization has detonated the fleet and everything it stands for, leaving our world in a state of crisis. With a personal score to settle, Captain Kirk leads a manhunt to a war-zone world to capture a one man weapon of mass destruction. As our heroes are propelled into an epic chess game of life and death, love will be challenged, friendships will be torn apart, and sacrifices must be made for the only family Kirk has left: his crew.",PARAMOUNT,2013-09-10,,"dvd, sci-fi",,,132,,26681338,,,,,1,,,"Chris Pine, Zachary Quinto, Karl Urban, Zoe Saldana, Simon Pegg",,,,,,,,,2026-09-17,1
qhf9kubwe4,movie,"Along Came Polly",,,,"Rental Library",25192055102,025192055102,"Reuben Feffer is a guy who's spent his entire life playing it safe. Polly Prince is irresistible as a free-spirit who lives for the thrill of the moment. When these two comically mismatched souls collide, Reuben's world is turned upside down, as he makes an uproarious attempt to change his life from middle-of-the-road to totally-out-there.","Universal Studios",,,"comedy, dvd",,,,,42631418,,,,,1,,,,1.85:1,,,,,,,,2026-09-17,1
bpyios5cho,movie,"Bridge of Spies","Steven Spielberg",Steven,Spielberg,"Rental Library",0786936847895,786936847895,"During the Cold War, the Soviet Union captures U.S. pilot Francis Gary Powers after shooting down his U-2 spy plane. Sentenced to 10 years in prison, Powers' only hope is New York lawyer James Donovan, recruited by a CIA operative to negotiate his release. Donovan boards a plane to Berlin, hoping to win the young man's freedom through a prisoner exchange. If all goes well, the Russians would get Rudolf Abel, the convicted spy who Donovan defended in court.","Walt Disney Studios",2016-02-02,,"dvd, thriller",,,142,,42434810,,,,,1,,,"Tom Hanks, Mark Rylance, Scott Shepherd, Amy Ryan, Sebastian Koch",2.40:1,,,,,,,,2026-09-17,1
xlz2n0mjps,movie,"The Hangover","Todd Phillips",Todd,Phillips,"Rental Library",0883929058037,883929058037,"When three friends finally come to after a raucous night of bachelor-party revelry, they find a baby in the closet and a tiger in the bathroom. But they can't seem to locate their best friend, Doug – who's supposed to be tying the knot. Launching a frantic search for Doug, the trio perseveres through a nasty hangover to try to make it to the church on time.","Warner Home Video",2009-12-15,,"blu-ray, comedy",,,108,,83041018,,,,,1,,,"Bradley Cooper, Ed Helms, Zach Galifianakis, Justin Bartha, Heather Graham",2.40:1,,,,,,,,2026-09-17,1
56d31ylv9x,movie,Watchmen,"Zack Snyder",Zack,Snyder,"Rental Library",0883929058051,883929058051,"In a gritty and alternate 1985, the glory days of costumed vigilantes have been brought to a close by a government crackdown. But after one of the masked veterans is brutally murdered, an investigation into the killer is initiated. The reunited heroes set out to prevent their own destruction, but in doing so they uncover a sinister plot that puts all of humanity in grave danger.","Warner Home Video",2009-07-21,,"action, blu-ray",,,186,,83008250,,,,,2,,,"Billy Crudup, Matthew Goode, Malin Akerman, Carla Gugino, Jackie Earle Haley",2.40:1,,,,,,,,2026-09-17,1
ywh5a8nr71,movie,"G.I. Joe: The Rise of Cobra",,,,"Rental Library",0032429127365,032429127365,"From the Egyptian desert to deep below the polar ice caps, the elite G.I. JOE team uses the latest in next-generation spy and military equipment to fight the corrupt arms dealer Destro and the growing threat of the mysterious Cobra organization to prevent them from plunging the world into chaos.",,,,"action, blu-ray",,,,,82975482,,,,,,,,,,,,,,,,,2026-09-17,1
obar2l60an,movie,"Transformers: Revenge of the Fallen",,,,"Rental Library",0032429273161,032429273161,"Sam Witwicky leaves the Autobots behind for a normal life. But when his mind is filled with cryptic symbols, the Decepticons target him and he is dragged back into the Transformers' war.",Paramount,2017-06-11,,"action, blu-ray",,,,,82877178,,,,,1,,,,,,,,,,,,2026-09-17,1
kq7e38rysl,movie,"The Incredible Hulk",,,,"Rental Library",0191329032756,191329032756,"Scientist Bruce Banner scours the planet for an antidote to the unbridled force of rage within him: the Hulk. But when the military masterminds who dream of exploiting his powers force him back to civilization, he finds himself coming face to face with a new, deadly foe.","Universal Pictures Home Entertainment",2017-11-21,,"action, dvd",,,4127,,20058106,,,,,20,,,"Bill Bixby, Lou Ferrigno",1.33:1,,,,,,,,2026-09-17,1
t0bnfq893y,movie,"King Kong","Peter Jackson",Peter,Jackson,"Rental Library",0025192626029,025192626029,"In 1933 New York, an overly ambitious movie producer coerces his cast and hired ship crew to travel to mysterious Skull Island, where they encounter Kong, a giant ape who is immediately smitten with the leading lady.",Universal,2011-09-06,,"action, dvd",,,188,,20025338,,,,,1,,,"Naomi Watts, Jack Black, Adrien Brody, Jamie Bell, Andy Serkis",2.35:1,,,,,,,,2026-09-17,1
hetdqa519k,movie,"Man of Steel","Zack Snyder",Zack,Snyder,"Rental Library",0883929428229,883929428229,"A young boy learns that he has extraordinary powers and is not of this earth. As a young man, he journeys to discover where he came from and what he was sent here to do. But the hero in him must emerge if he is to save the world from annihilation and become the symbol of hope for all mankind.",WarnerBrothers,2018-09-18,,"action, dvd",,,143,,19992570,,,,,1,,,"Henry Cavill, Amy Adams, Michael Shannon, Kevin Costner, Diane Lane",,,,,,,,,2026-09-17,1
9dc4ewg6rp,movie,Aquaman,"James Wan",James,Wan,"Rental Library",0883929624300,883929624300,"Half-human, half-Atlantean Arthur Curry is taken on the journey of his lifetime to discover if he is worth of being a king.","Studio Distribution Services",2019-03-26,,"action, dvd",,,143,,19927034,,,,,2,,,"Jason Momoa, Amber Heard, Willem Dafoe, Patrick Wilson, Dolph Lundgren",,,,,,,,,2026-09-17,1
lsvoxmv7b9,movie,Ronin,,,,"Rental Library",0027616743923,027616743923,"A briefcase with undisclosed contents – sought by Irish terrorists and the Russian mob – makes its way into criminals' hands. An Irish liaison assembles a squad of mercenaries, or 'ronin', and gives them the thorny task of recovering the case.",,,,"action, dvd",,,,,19894266,,,,,,,,,,,,,,,,,2026-09-17,1
j7st4ueqlq,movie,"Rambo: Last Blood","Adrian Grunberg",Adrian,Grunberg,"Rental Library",0031398312741,031398312741,"After fighting his demons for decades, John Rambo now lives in peace on his family ranch in Arizona, but his rest is interrupted when Gabriela, the granddaughter of his housekeeper María, disappears after crossing the border into Mexico to meet her biological father. Rambo, who has become a true father figure for Gabriela over the years, undertakes a desperate and dangerous journey to find her.",Lionsgate,2019-12-17,,"action, dvd",,,89,,19861498,,,,,1,,,"Sylvester Stallone, Paz Vega",,,,,,,,,2026-09-17,1
obar27y0an,movie,"Wrong Turn at Tahoe","Lauro Chartrand",Lauro,Chartrand,"Rental Library",0032429215628,032429215628,"A small-time crime boss kills a drug dealer without realizing that the drug dealer works for the biggest crime boss in the country.",Paramount,2015-06-23,,"action, dvd",,,,,19730426,,,,,1,,,"Dan Badarau, Darren Shahlavi, Steven Seagal",,,,,,,,,2026-09-17,1
e90mhy35u2,movie,"True Grit","Joel Coen, Ethan Coen",Joel,Coen,"Rental Library",0097363532842,097363532842,"Following the murder of her father by a hired hand, a 14-year-old farm girl sets out to capture the killer. To aid her, she hires the toughest U.S. Marshal she can find—a man with 'true grit'—Reuben J. 'Rooster' Cogburn.","Paramount Pictures",2019-08-27,,"action, dvd",,,2,,19697658,,,,,1,,,"Jeff Bridges, Matt Damon, Josh Brolin, Hailee Steinfeld, Barry Pepper",,,,,,,,,2026-09-17,1
v8uazxn26q,movie,"Jurassic World: Fallen Kingdom","J.A. Bayona",J.A.,Bayona,"Rental Library",0191329002445,191329002445,"Three years after Jurassic World was destroyed, Isla Nublar now sits abandoned. When the island's dormant volcano begins roaring to life, Owen and Claire mount a campaign to rescue the remaining dinosaurs from this extinction-level event.","Universal Pictures Home Entertainment",2018-09-18,,"action, dvd",,,130,,19664890,,,,,1,,,"Chris Pratt, Bryce Dallas Howard, Rafe Spall, Justice Smith, Daniella Pineda",2.39:1,,,,,,,,2026-09-17,1
ftoc7kae5y,movie,"Hamburger Hill","John Irvin",John,Irvin,"Rental Library",0028485232884,028485232884,"The men of Bravo Company are facing a battle that's all uphill… up Hamburger Hill. Fourteen war-weary soldiers are battling for a mud-covered mound of earth so named because it chews up soldiers like chopped meat. They are fighting for their country, their fellow soldiers and their lives. War is hell, but this is worse. Hamburger Hill tells it the way it was, the way it really was. It's a raw, gritty and totally unrelenting dramatic depiction of one of the fiercest battles of America's bloodiest war. This happened. Hamburger Hill - war at its worst, men at their best.",Lionsgate,2008-05-20,,"action, dvd",,,110,,19599354,,,,,1,,,"Anthony Barrile, Michael Boatman, Don Cheadle, Michael Dolan, Don James",1.85:1,,,,,,,,2026-09-17,1
dmnj91hu84,movie,Glass,"M. Night Shyamalan",M.,Shyamalan,"Rental Library",0191329085462,191329085462,"In a series of escalating encounters, former security guard David Dunn uses his supernatural abilities to track Kevin Wendell Crumb, a disturbed man who has twenty-four personalities. Meanwhile, the shadowy presence of Elijah Price emerges as an orchestrator who holds secrets critical to both men.","Universal Pictures Home Entertainment",2019-04-16,,"action, dvd",,,129,,19501050,,,,,1,,,"James McAvoy, Bruce Willis, Anya Taylor-Joy, Sarah Paulson, Samuel L. Jackson",2.39:1,,,,,,,,2026-09-17,1
qhf9kgcwe4,movie,"The House with a Clock in its Walls","Eli Roth",Eli,Roth,"Rental Library",0191329068465,191329068465,"When ten-year-old Lewis is suddenly orphaned, he is sent to live with his Uncle Jonathan in a creaky (and creepy) old mansion with a mysterious ticking noise that emanates from the walls. Upon discovering that his uncle is a warlock, Lewis begins learning magic, but when he rebelliously resurrects an evil warlock he must find the secret of the house and save the world from destruction.","Universal Pictures Home Entertainment",2018-12-18,,"dvd, kids-family",,,105,,19206138,,,,,1,,,"Jack Black, Cate Blanchett, Owen Vaccaro, Renee Elise Goldsberry, Sunny Suljic",2.39:1,,,,,,,,2026-09-17,1
bpyiofvcho,movie,"Home Alone 2: Lost in New York","Chris Columbus",Chris,Columbus,"Rental Library",0024543152569,24543152569,"Instead of flying to Florida with his folks, Kevin ends up alone in New York, where he gets a hotel room with his dad's credit card—despite problems from a clerk and meddling bellboy. But when Kevin runs into his old nemeses, the Wet Bandits, he's determined to foil their plans to rob a toy store on Christmas Eve.","TWENTIETH CENTURY FOX",2015-10-06,,"dvd, kids-family",,,120,,19140602,,,,,1,,,"Macaulay Culkin, Joe Pesci, Daniel Stern, John Heard, Devin Ratray",,,,,,,,,2026-09-17,1
6umk5i18dt,movie,Replicas,"Jeffrey Nachmanoff",Jeffrey,Nachmanoff,"Rental Library",0031398294344,031398294344,"A scientist becomes obsessed with returning his family to normalcy after a terrible accident.",Lionsgate,2019-04-16,,"dvd, sci-fi",,,107,,17764346,,,,,1,,,"Keanu Reeves, John Ortiz, Alice Eve, Thomas Middleditch",,,,,,,,,2026-09-17,1
xlz2nd3jps,movie,"The Island","Michael Bay",Michael,Bay,"Rental Library",0032429257321,032429257321,"In 2019, Lincoln Six-Echo is a resident of a seemingly ""Utopian"" but contained facility. Like all of the inhabitants of this carefully-controlled environment, Lincoln hopes to be chosen to go to The Island — reportedly the last uncontaminated location on the planet. But Lincoln soon discovers that everything about his existence is a lie.","Paramount Pictures Home Entertainment",2017-04-25,,"dvd, sci-fi",,,135,,17633274,,,,,1,,,"Ewan McGregor, Djimon Hounsou, Scarlett Johansson, Sean Bean",,,,,,,,,2026-09-17,1
ri1vp0pxoz,movie,"Battlestar Galactica: RAZOR",,,,"Rental Library",0025195015059,025195015059,"The history and adventures of the Battlestar Pegasus, from shortly before the Cylon invasion to shortly after Lee Adama is made commander. The story is told through the eyes of and largely focuses on one particular member of Pegasus's crew, Kendra Shaw.","Universal Pictures Home Entertainment",2017-07-04,,"dvd, sci-fi",,,101,,17600506,,,,,1,,,"Edward James Olmos",1.78:1,,,,,,,,2026-09-17,1
0cpxth9dcu,movie,"Alien Covenant","Ridley Scott",Ridley,Scott,"Rental Library",0024543391937,24543391937,"The crew of the colony ship Covenant, bound for a remote planet on the far side of the galaxy, discovers what they think is an uncharted paradise but is actually a dark, dangerous world.","20th Century Fox",2017-08-15,,"dvd, sci-fi",,,123,,17567738,,,,,1,,,"Michael Fassbender, Katherine Waterston, Billy Crudup, Danny McBride, Demian Bichir",2.40:1,,,,,,,,2026-09-17,1
ywh5ao4r71,movie,Pandorum,,,,"Rental Library",0013138001399,013138001399,"Two crew members wake up on an abandoned spacecraft with no idea who they are, how long they've been asleep, or what their mission is. The two soon discover they're actually not alone – and the reality of their situation is more horrifying than they could have imagined.",,,,"dvd, sci-fi",,,,,17534970,,,,,,,,,,,,,,,,,2026-09-17,1
8g3yv70ohq,movie,"Beowulf & Grendel","Sturla Gunnarsson",Sturla,Gunnarsson,"Rental Library",12569842854,012569842854,"The blood-soaked tale of a Norse warrior's battle against the great and murderous troll, Grendel. Heads will roll. Out of allegiance to the King Hrothgar, the much respected Lord of the Danes, Beowulf leads a troop of warriors across the sea to rid a village of the marauding monster.",,,,"dvd, fantasy",,,,,17469434,,,,,,,,"Hringur Ingvarsson, Spencer Wilding, Stellan Skarsgård, Ingvar Eggert Sigurðsson, Gunnar Eyjólfsson",,,,,,,,,2026-09-17,1
kq7e3oxysl,movie,"The Conjuring","James Wan",James,Wan,"Rental Library",0794043161568,794043161568,"In 1970, paranormal investigators and demonologists Lorraine (Vera Farmiga) and Ed (Patrick Wilson) Warren are summoned to the home of Carolyn (Lili Taylor) and Roger (Ron Livingston) Perron. The Perrons and their five daughters have recently moved into a secluded farmhouse, where a supernatural presence has made itself known. Though the manifestations are relatively benign at first, events soon escalate in horrifying fashion, especially after the Warrens discover the house's macabre history.",WarnerBrothers,2013-10-22,,"dvd, horror",,,112,,34842618,,,,,1,,,"Vera Farmiga, Patrick Wilson, Ron Livingston, Lili Taylor, Joseph Bishara",,,,,,,,,2026-09-17,1
prwzb9rno7,movie,"All is Lost","J. C. Chandor",J.,Chandor,"Rental Library",0031398185291,031398185291,"During a solo voyage in the Indian Ocean, a veteran mariner (Robert Redford) awakes to find his vessel taking on water after a collision with a stray shipping container. With his radio and navigation equipment disabled, he sails unknowingly into a violent storm and barely escapes with his life. With any luck, the ocean currents may carry him into a shipping lane -- but, with supplies dwindling and the sharks circling, the sailor is forced to face his own mortality.",Lionsgate,2014-02-11,,"action, blu-ray",,,106,,67504378,,,,,1,,,"Robert Redford",,,,,,,,,2026-09-17,1
9dc4eib6rp,movie,Excalibur,"John Boorman",John,Boorman,"Rental Library",0883929167982,883929167982,"The magical sword of Excalibur starts off in the hands of British lord Uther Pendragon (Gabriel Byrne) and then, years later, finds its way to his bastard son, Arthur (Nigel Terry), the knave destined to become king. Aided by the sorcerer Merlin (Nicol Williamson), Arthur fulfills his fate by bringing together the Knights of the Round Table at Camelot and unifying the country. However, this flawed monarch faces greater tests ahead in pursuit of love, the Holy Grail and his nation's survival.","Warner Home Video",2011-03-08,,"action, blu-ray",,,140,,67406074,,,,,1,,,"Nigel Terry, Helen Mirren, Nicholas Clay, Cherie Lunghi, Paul Geoffrey",1.78:1,,,,,,,,2026-09-17,1
nxisc6i41p,movie,"Pulp Fiction",,,,"Rental Library",0032429344144,032429344144,"Vincent Vega (John Travolta) and Jules Winnfield (Samuel L. Jackson) are hitmen with a penchant for philosophical discussions. In this ultra-hip, multi-strand crime movie, their storyline is interwoven with those of their boss, gangster Marsellus Wallace (Ving Rhames) ; his actress wife, Mia (Uma Thurman) ; struggling boxer Butch Coolidge (Bruce Willis) ; master fixer Winston Wolfe (Harvey Keitel) and a nervous pair of armed robbers, Pumpkin (Tim Roth) and Honey Bunny (Amanda Plummer).",,,,"action, blu-ray",,,,,67373306,,,,,,,,,,,,,,,,,2026-09-17,1
7f20ja9hd6,movie,Heat,"Michael Mann",Michael,Mann,"Rental Library",0024543271321,024543271321,"Master criminal Neil McCauley (Robert De Niro) is trying to control the rogue actions of one of his men, while also planning one last big heist before retiring. Meanwhile, Lieutenant Hanna (Al Pacino) attempts to track down McCauley as he deals with the chaos in his own life, including the infidelity of his wife (Diane Venora) and the mental health of his stepdaughter (Natalie Portman). McCauley and Hanna discover a mutual respect, even as they try to thwart each other's plans.","20th Century Fox",2017-05-09,,"action, blu-ray",,,170,,67307770,,,,,1,,,"Al Pacino, Robert De Niro, Val Kilmer, Jon Voight, Ashley Judd",2.40:1,,,,,,,,2026-09-17,1
u34q6sxgnz,movie,"The Outlaw Josey Wales","Clint Eastwood",Clint,Eastwood,"Rental Library",0883929146666,883929146666,"Josey Wales watches helplessly as his wife and child are murdered by Union men led by Capt. Terrill. Seeking revenge, Wales joins the Confederate Army. He refuses to surrender when the war ends, but his fellow soldiers go to hand over their weapons -- and are massacred by Terrill. Wales guns down some of Terrill's men and flees to Texas, where he tries to make a new life for himself, but the bounty on his head endangers him and his new surrogate family.","Studio Distribution Services",2011-06-07,,"action, blu-ray",,,135,,67275002,,,,,1,,,"Clint Eastwood, Sondra Locke, John Vernon, Sam Bottoms",,,,,,,,,2026-09-17,1
obar2hr0an,movie,"John Wick","Chad Stahelski, David Leitch",Chad,Stahelski,"Rental Library",0031398211044,031398211044,"Legendary assassin John Wick (Keanu Reeves) retired from his violent career after marrying the love of his life. Her sudden death leaves John in deep mourning. When sadistic mobster Iosef Tarasov (Alfie Allen) and his thugs steal John's prized car and kill the puppy that was a last gift from his wife, John unleashes the remorseless killing machine within and seeks vengeance. Meanwhile, Iosef's father (Michael Nyqvist) -- John's former colleague -- puts a huge bounty on John's head.","Lionsgate Home Entertainment",2015-02-03,,"action, blu-ray",,,,,67209466,,,,,2,,,"Keanu Reeves, Adrianne Palicki, Bridget Regan, Willem Dafoe, Bridget Moynahan",2.40:1,,,,,,,,2026-09-17,1
e90mhra5u2,movie,Crumb,"Terry Zwigoff",Terry,Zwigoff,"Rental Library",0715515061315,715515061315,"Filmmaker Terry Zwigoff creates a complex but affectionate portrait of his longtime friend, underground cartoonist Robert Crumb. A notorious curmudgeon who would prefer to be alone with his fellow cartoonist wife Aline Kominsky-Crumb and his beloved vintage jazz records, Crumb reveals himself to be a complicated personality who suffered a troubled upbringing and harbors a philosophical opposition to the 1960s hippie underground that first celebrated his work.","Criterion Collection",2010-08-10,,"blu-ray, documentary",,,120,,67012858,,,,,1,,,"Robert Crumb, Aline Crumb, Charles Crumb, Maxon Crumb",1.37:1,,,,,,,,2026-09-17,1
gakw8f1bt4,movie,"The Lives of Others","Florian Henckel Von Donnersmarck",Florian,Donnersmarck,"Rental Library",0043396209480,043396209480,"In 1983 East Berlin, dedicated Stasi officer Gerd Wiesler (Ulrich Mühe), doubting that a famous playwright (Sebastian Koch) is loyal to the Communist Party, receives approval to spy on the man and his actress-lover Christa-Maria (Martina Gedeck). Wiesler becomes unexpectedly sympathetic to the couple, then faces conflicting loyalties when his superior takes a liking to Christa-Maria and orders Wiesler to get the playwright out of the way.","Sony Pictures Home Entertainment",2007-08-21,,"blu-ray, thriller",,,138,,66914554,,,,,1,,,"Martina Gedeck, Ulrich Muhe, Sebastian Koch, Ulrich Tukur",2.35:1,,,,,,,,2026-09-17,1
6umk5lw8dt,movie,"The Cat o' Nine Tails","Dario Argento",Dario,Argento,"Rental Library",0760137137580,760137137580,"A blind, retired journalist teams up with a newspaper reporter hoping to catch a killer connected to a pharmaceutical company's experimental research projects.","Arrow Video",2018-08-14,,"blu-ray, thriller",,,112,,66881786,,,,,1,,,"Karl Malden, James Francisus, Catherine Spark",,,,,,,,,2026-09-17,1
2ogpsqqtqt,movie,"Shutter Island","Martin Scorsese",Martin,Scorsese,"Rental Library",0032429258144,32429258144,"The implausible escape of a brilliant murderess brings U.S. Marshal Teddy Daniels and his new partner to Ashecliffe Hospital, a fortress-like insane asylum located on a remote, windswept island. The woman appears to have vanished from a locked room, and there are hints of terrible deeds committed within the hospital walls. As the investigation deepens, Teddy realizes he will have to confront his own dark fears if he hopes to make it off the island alive.","Paramount Pictures Home Entertainment",2016-01-24,,"dvd, thriller",,,138,,66849018,,,,,1,,,"Ben Kingsley, Leonardo DiCaprio, Emily Mortimer, Patricia Clarkson, Mark Ruffalo",,,,,,,,,2026-09-17,1
w1e6ycmisd,movie,"Promising Young Woman","Emerald Fennell",Emerald,Fennell,"Rental Library",0191329134108,191329134108,"Nothing in Cassie's life is what it appears to be -- she's wickedly smart, tantalizingly cunning, and she's living a secret double life by night. Now, an unexpected encounter is about to give Cassie a chance to right the wrongs from the past.","Universal Pictures Home Entertainment",2021-03-16,,"blu-ray, thriller",,,114,,66816250,,,,,1,,,"Carey Mulligan, Bo Burnham, Alison Brie, Clancy Brown, Jennifer Coolidge",2.39:1,,,,,,,,2026-09-17,1
bpyioe2cho,movie,"Four Weddings and a Funeral","Mike Newell",Mike,Newell,"Rental Library",0826663195484,826663195484,"Lovable Englishman Charles and his group of friends seem to be unlucky in love. When Charles meets a beautiful American named Carrie at a wedding, he thinks his luck may have changed. But, after one magical night, Carrie returns to the States, ending what might have been. As Charles and Carrie's paths continue to cross -- over a handful of nuptials and one funeral -- he comes to believe they are meant to be together, even if their timing always seems to be off.","SHOUT! FACTORY",2019-02-12,,"blu-ray, romantic-comedy",,,118,,78296058,,,,,1,,,"Hugh Grant, Andie MacDowell, Kristin Scott Thomas, Rowan Atkinson, Simon Callow",1.85:1,,,,,,,,2026-09-17,1
xlz2nuajps,movie,"Chasing Amy","Kevin Smith",Kevin,Smith,"Rental Library",0031398137238,031398137238,"A comic-book writer stumbles upon the love of his life, only to discover that she is gay. The situation is exacerbated by his roommate and professional partner who becomes increasingly threatened by the possibility that he will be replaced. The third film in writer-director's New Jersey trilogy, following on from `Clerks' and `Mallrats'.",Lionsgate,2011-04-26,,"blu-ray, comedy",,,,,78263290,,,,,1,,,"Ben Affleck, Joey Lauren Adams, Jason Lee, Jason Mewes, Kevin Smith",,,,,,,,,2026-09-17,1
ri1vpdnxoz,movie,"Chasing Amy",,,,"Rental Library",0031398137221,031398137221,"A comic-book writer stumbles upon the love of his life, only to discover that she is gay. The situation is exacerbated by his roommate and professional partner who becomes increasingly threatened by the possibility that he will be replaced. The third film in writer-director's New Jersey trilogy, following on from `Clerks' and `Mallrats'.",,,,"comedy, dvd",,,,,78132218,,,,,,,,,,,,,,,,,2026-09-17,1
m4x7dvb31h,movie,"This is the End","Seth Rogen, Evan Goldberg",Seth,Rogen,"Rental Library",0043396417656,043396417656,"This Is the End is a 2013 American apocalyptic comedy film written, directed and produced by Seth Rogen and Evan Goldberg in their directorial debuts.","Sony Pictures Entertainment",2013-10-01,,"comedy, dvd",,,107,,78099450,,,,,1,,,"James Franco, Jonah Hill, Seth Rogen, Jay Baruchel, Danny McBride",2.40:1,,,,,,,,2026-09-17,1
ywh5a0kr71,movie,"The Art of Getting By",,,,"Rental Library",24543774297,024543774297,"George (Freddie Highmore) is a senior at a posh Manhattan prep school, but his disaffected attitude leaves little room for toeing the line. He'd rather doodle and read philosophy, and he strenuously avoids his parents (Rita Wilson, Sam Robards) whenever possible. Unfortunately, George's attitude is endangering his chances of graduating. Then he meets Sally (Emma Roberts). George finds himself falling in love with her, but an older artist (Michael Angarano) adds a complication to the mix.","20th Century Fox",2011-11-29,,"dvd, romantic-comedy",,,84,,78001146,,,,,1,,,"Freddie Highmore, Emma Roberts",2.40:1,,,,,,,,2026-09-17,1
kq7e30jysl,movie,"Love Actually",,,,"Rental Library",0025192329326,25192329326,"Nine intertwined journeys examine the complexities of the one emotion that connects all individuals, love. Among these individuals is David, the handsome, newly elected British prime minister who falls for a junior staffer. Sarah is a graphic designer whose devotion to her mentally ill brother complicates her love life. Harry, a married man, is tempted by his attractive new secretary.","Universal Pictures Home Entertainment",2014-01-07,,"dvd, romantic-comedy",,,135,,77968378,,,,,1,,,"Hugh Grant, Liam Neeson, Colin Firth, Laura Linney, Emma Thompson",2.35:1,,,,,,,,2026-09-17,1
t0bnfi093y,movie,"Annie Hall",,,,"Rental Library",0883904256427,883904256427,"Comedian Alvy Singer (Woody Allen) examines the rise and fall of his relationship with struggling nightclub singer Annie Hall (Diane Keaton). Speaking directly to the audience in front of a bare background, Singer reflects briefly on his childhood and his early adult years before settling in to tell the story of how he and Annie met, fell in love, and struggled with the obstacles of modern romance, mixing surreal fantasy sequences with small moments of emotional drama.",,,,"blu-ray, comedy",,,,,77804538,,,,,,,,,,,,,,,,,2026-09-17,1
hetdqn219k,movie,"The Internship Unrated","Shawn Levy",Shawn,Levy,"Rental Library",0024543868019,024543868019,"After old-school salesmen Billy and Nick find themselves downsized, Billy decides that, despite their complete lack of technological savvy, they should work for Google. The friends somehow manage to finagle internships at the Internet giant and promptly head out to Silicon Valley. Viewed with disdain by most of their fellow interns, Billy and Nick join forces with the rest of the misfit ""nooglers"" to make it through a series of competitive team challenges.","20th Century Fox",2013-10-22,,"comedy, dvd",,,120,,77771770,,,,,1,,,"Vince Vaughn, Owen Wilson, Rose Byrne, Max Minghella, Aasif Mandvi",2.35:1,,,,,,,,2026-09-17,1
obar21x0an,movie,"E.T. The Extra-Terrestrial","Steven Spielberg",Steven,Spielberg,"Rental Library",0025192153716,025192153716,"After a gentle alien becomes stranded on Earth, the being is discovered and befriended by a young boy named Elliott. Bringing the extraterrestrial into his suburban California house, Elliott introduces E.T., as the alien is dubbed, to his brother and his little sister, Gertie, and the children decide to keep its existence a secret. Soon, however, E.T. falls ill, resulting in government intervention and a dire situation for both Elliott and the alien.","Universal Pictures",2012-10-09,,"blu-ray, kids-family",,,115,,77640698,,,,,2,,,"Henry Thomas, Dee Wallace",1.85:1,,,,,,,,2026-09-17,1
e90mhxp5u2,movie,"The Lord of the Rings: The Fellowship of the Ring","Peter Jackson",Peter,Jackson,"Rental Library",0794043554223,794043554223,"The future of civilization rests in the fate of the One Ring, which has been lost for centuries. Powerful forces are unrelenting in their search for it. But fate has placed it in the hands of a young Hobbit named Frodo Baggins (Elijah Wood), who inherits the Ring and steps into legend. A daunting task lies ahead for Frodo when he becomes the Ring-bearer - to destroy the One Ring in the fires of Mount Doom where it was forged.",WarnerBrothers,2002-08-06,,"dvd, fantasy",,,178,,32503290,,,,,2,,,"Elijah Wood, Ian McKellen, Liv Tyler, Viggo Mortensen, Sean Astin",2.35:1,,,,,,,,2026-09-17,1
4jlfmo3kbx,movie,"Austin Powers: The Spy Who Shagged Me",,,,"Rental Library",0663286200931,663286200931,"In his second screen adventure, British super spy Austin Powers must return to 1969, as arch-nemesis Dr. Evil has ventured back to that year and successfully stolen Austin's ""mojo"" and set up a powerful laser and aimed it at Earth. With the help of gorgeous agent Felicity Shagwell, the newly single Austin must now not only contend with Dr. Evil, but also Evil's vicious, pint-size attack-clone, Mini-Me.","Entertainment Software Inc.",2008-02-26,,"comedy, dvd",,,55,,32044538,,,,,1,,,"Artist Not Provided",,,,,,,,,2026-09-17,1
ri1vpu4xoz,movie,"Young Frankenstein",,,,"Rental Library",0024543371571,24543371571,"Respected medical lecturer Dr. Frederick Frankenstein (Gene Wilder) learns that he has inherited his infamous grandfather's estate in Transylvania. Arriving at the castle, Dr. Frankenstein soon begins to recreate his grandfather's experiments with the help of servants Igor (Marty Feldman), Inga (Teri Garr) and the fearsome Frau Blücher (Cloris Leachman). After he creates his own monster (Peter Boyle), new complications ensue with the arrival of the doctor's fiancée, Elizabeth (Madeline Kahn).","20th Century Studios",2006-09-05,,"comedy, dvd",,,102,,31946234,,,,,1,,,"Gene Wilder, Peter Boyle, Marty Feldman, Madeline Kahn, Cloris Leachman",1.85:1,,,,,,,,2026-09-17,1
0cpxtz8dcu,movie,"The Wedding Banquet","Andrew Ahn",Andrew,Ahn,"Rental Library",0843501044247,843501044247,"Wai-Tung (Bowen Yang) and his boyfriend (Kelly Marie Tran) live happily as a gay couple in New York City. Wai-Tung has not been open about his sexuality with his Taiwanese parents (Han Gi-chan, Joan Chen), and decides to acquiesce to their wish for a traditional Chinese union by marrying Wei-Wei (Lily Gladstone), a struggling artist desperate for a green card. But the simple arrangement turns into a lavish debacle when Wai-Tung's parents plan an extravagant wedding banquet.","Decal - Bleeker Street",2025-06-10,,"comedy, dvd",,,101,,31880698,,,,,1,,,"Bowen Yang, Han Gi-Chan, Kelly Marie Tran, Lily Gladstone",,,,,,,,,2026-09-17,1
ywh5adyr71,movie,"The Peacemaker","Mimi Leder",Mimi,Leder,"Rental Library",0032429283818,032429283818,"Two trains collide in rural Russia, one of them housing nuclear weapons that go missing after the wreck, and the U.S. government is alerted. Nuclear specialist Dr. Julia Kelly (Nicole Kidman) believes that there will soon be a terrorist attack, so Lt. Col. Thomas Devoe (George Clooney) joins Dr. Kelly as they try to track down the warhead-stealing culprits. They learn that Yugoslav terrorist Gavrich (Marcel Iures) has his hands on the weapons, and he's plotting a devastating attack on New York.",PARAMOUNT,2017-09-26,,"action, dvd",,,124,,31815162,,,,,1,,,"George Clooney, Nicole Kidman",,,,,,,,,2026-09-17,1
obar2zd0an,movie,"American Gangster","Ridley Scott",Ridley,Scott,"Rental Library",0025192026577,025192026577,"Harlem drug dealer Frank Lucas rises to power in corrupt 1970s New York, equalling and surpassing the notorious Mafia families with the reach of his empire. On the other side of the law, honest cop Richie Roberts dedicates himself to taking down `the most dangerous man walking the streets'. Lucas acts with impunity, smuggling heroin into the US in the coffins of American soldiers killed in Vietnam.","Universal Pictures Home Entertainment",2009-06-21,,"action, dvd",,,177,,31389178,,,,,,,,"Denzel Washington, Russell Crowe, Chiwetel Ejiofor, Cuba Gooding, Jr., Josh Brolin",1.85:1,,,,,,,,2026-09-17,1
cnrl02ammk,movie,"The Last Stand","Kim Jee-Woon",Kim,Jee-Woon,"Rental Library",0031398167273,031398167273,"The discovery of a cure for mutations leads to a turning point for Mutants (Hugh Jackman, Halle Berry, Famke Janssen, Anna Paquin, Rebecca Romijn, Kelsey Grammer). They may now choose to give up their powers and become fully human or retain their uniqueness and remain isolated. War looms between the followers of Charles Xavier (Patrick Stewart), who preaches tolerance, and those of Magneto (Ian McKellen), who advocates survival of the fittest.",Lionsgate,2013-05-21,,"action, dvd",,,107,,30897658,,,,,1,,,"Genesis Rodriguez, Luis Guzman, Allan Padelford, Jermaine Washington, Eduardo Noriega",,,,,,,,,2026-09-17,1
t0bnfld93y,movie,"The English Patient",,,,"Rental Library",0032429350817,032429350817,"The sweeping expanses of the Sahara are the setting for a passionate love affair in this adaptation of Michael Ondaatje's novel. A badly burned man, Laszlo de Almasy (Ralph Fiennes), is tended to by a nurse, Hana (Juliette Binoche), in an Italian monastery near the end of World War II. His past is revealed through flashbacks involving a married Englishwoman (Kristin Scott Thomas) and his work mapping the African landscape. Hana learns to heal her own scars as she helps the dying man.",PARAMOUNT,2021-01-12,,"drama, dvd",,,162,,08296698,,,,,2,,,"Willem Dafoe, Ralph Fiennes, Juliette Binoche",,,,,,,,,2026-09-17,1
ayq1g6fpsz,movie,"Leaving Las Vegas","Mike Figgis",Mike,Figgis,"Rental Library",0850050736349,850050736349,"Adapted from the novel by John O'Brien, this acclaimed drama follows alcoholic screenwriter Ben Sanderson (Nicolas Cage) as he drinks himself into oblivion in Las Vegas. When Ben meets the beautiful prostitute Sera (Elisabeth Shue), they strike up an unconventional relationship -- one where she can't ask him to curb his drinking, and he can't fault her for her job. Though they offer each other support, Ben's self-destruction threatens to eclipse their bond.","Sandpiper Pictures",2025-06-03,,"drama, dvd",,,,,07870714,,,,,1,,,"Elisabeth Shue, Julian Sands, Nicolas Cage, Richard Lewis, Steven Weber",,,,,,,,,2026-09-17,1
ftoc7x4e5y,movie,Philadelphia,"Jonathan Demme",Jonathan,Demme,"Rental Library",0043396078536,043396078536,"Fearing it would compromise his career, lawyer Andrew Beckett (Tom Hanks) hides his homosexuality and HIV status at a powerful Philadelphia law firm. But his secret is exposed when a colleague spots the illness's telltale lesions. Fired shortly afterward, Beckett resolves to sue for discrimination, teaming up with Joe Miller (Denzel Washington), the only lawyer willing to help. In court, they face one of his ex-employer's top litigators, Belinda Conine (Mary Steenburgen).","Sony Pictures Home Entertainment",2004-11-02,,"drama, dvd",,,125,,07739642,,,,,2,,,"Tom Hanks, Denzel Washington, Antonio Banderas, Mary Steenburgen, Ron Vawter",1.85:1,,,,,,,,2026-09-17,1
gakw85sbt4,movie,"Fight Club","David Fincher",David,Fincher,"Rental Library",0024543044796,24543044796,"A depressed man suffering from insomnia meets a strange soap salesman named Tyler Durden and soon finds himself living in his squalid house after his perfect apartment is destroyed. The two bored men form an underground club with strict rules and fight other men who are fed up with their mundane lives. Their perfect partnership frays when Marla, a fellow support group crasher, attracts Tyler's attention.","20th Century Fox",2002-08-27,,"drama, dvd",,,139,,07706874,,,,,1,,,"Edward Norton, Brad Pitt, Helena Bonham Carter, Meat Loaf, Eion Bailey",2.40:1,,,,,,,,2026-09-17,1
ri1vpgkxoz,movie,Stepmom,,,,"Rental Library",0011575028528,011575028528,"Three years after divorcing Jackie (Susan Sarandon), the mother of his children, Luke Harrison (Ed Harris) decides to take the next step with his significantly younger girlfriend, fashion photographer Isabel Kelly (Julia Roberts). But, when the flaky Kelly meets Harrison's children for the first time, their fierce allegiance to their mother is obvious. Try as she might, Kelly fails to endear herself to her young charges -- and to Jackie -- until a looming family crisis changes everything.",,,,"drama, dvd",,,,,07379194,,,,,,,,,2.35:1,,,,,,,,2026-09-17,1
m4x7dtm31h,movie,Anastasia,"Don Bluth, Gary Goldman",Don,Bluth,"Rental Library",24543035336,024543035336,"Ten years after she was separated from her family, an eighteen-year-old orphan with vague memories of the past sets out to Paris in hopes of reuniting with her grandmother. She is accompanied by two con men, who intend to pass her off as the Grand Duchess Anastasia to the Dowager Empress for a reward.","20th Century Fox",2002-02-19,,"dvd, kids-family",,,94,,28740346,,,,,1,,,"Meg Ryan, John Cusack, Christopher Lloyd, Kelsey Grammer, Hank Azaria",2.35:1,,,,,,,,2026-09-17,1
7f20j4ohd6,movie,"Under Suspicion","Stephen Hopkins",Stephen,Hopkins,"Rental Library",0043396060593,043396060593,"A lawyer is asked to come to the police station to clear up a few loose ends in his witness report of a foul murder. ""This will only take ten minutes"", they say, but it turns out to be one loose end after another, and the ten minutes he is away from his speech become longer and longer.","Sony Pictures Home Entertainment",2002-01-01,,"dvd, thriller",,,110,,92057082,,,,,1,,,"Morgan Freeman, Gene Hackman, Thomas Jane, Monica Bellucci",1.85:1,,,,,,,,2026-09-17,1
obar2sq0an,movie,"I Love You, Man","John Hamburg",John,Hamburg,"Rental Library",0032429257260,032429257260,"Peter Klaven is a successful real estate agent who, upon getting engaged to the woman of his dreams, Zooey, discovers, to his dismay and chagrin, that he has no male friend close enough to serve as his Best Man. Peter immediately sets out to rectify the situation, embarking on a series of bizarre and awkward ""man-dates.""","Paramount Pictures Home Entertainment",2017-04-25,,"comedy, dvd",,,104,,91893242,,,,,1,,,"Rashida Jones, Jason Segal, Paul Rudd",,,,,,,,,2026-09-17,1
ayq1g8epsz,movie,"War of the Worlds",,,,"Rental Library",0191329224847,191329224847,"Ray Ferrier is a divorced dockworker and less-than-perfect father. Soon after his ex-wife and her new husband drop off his teenage son and young daughter for a rare weekend visit, a strange and powerful lightning storm touches down.","Paramount Home Ent",2022-05-17,,"dvd, sci-fi",,,,,91860474,,,,,1,,,"Dakota Fanning, Justin Chatwin, Miranda Otto, Tim Robbins, Tom Cruise",,,,,,,,,2026-09-17,1
6umk5178dt,movie,"The Fifth Element","Luc Besson",Luc,Besson,"Rental Library",0043396824096,043396824096,"The Earth is about to be destroyed by a huge ball of fire racing toward the planet. Cornelius, an old monk, knows how to stop the burning sphere with the help of Korben Dallas, a taxi driver and former secret agent and a woman named Leeloo.","Sony Pictures Home Entertainment",1997-11-25,,"dvd, sci-fi",,,126,,69533178,,,,,1,,,"Bruce Willis, Gary Oldman, Ian Holm, Chris Tucker, Milla Jovovich",2.35:1,,,,,,,,2026-09-17,1
dmnj9efu84,movie,"Demolition Man","Marco Brambilla",Marco,Brambilla,"Rental Library",0883929155361,883929155361,"With innocent victims caught in the crossfire in Los Angeles' intensifying war on crime, both cop John Spartan (Sylvester Stallone) and violent thug Simon Phoenix (Wesley Snipes) are sentenced to a state of frozen incarceration known as ""CryoPrison."" When Spartan is finally thawed 36 years later, it's 2032, and Los Angeles is now a pacifist utopia called San Angeles. But with Phoenix again on the loose, Spartan must team up with future cop Lenina (Sandra Bullock) to apprehend the killer.","Studio Distribution Services",2010-11-09,,"dvd, sci-fi",,,115,,69467642,,,,,1,,,"Sylvester Stallone, Wesley Snipes, Sandra Bullock, Nigel Hawthorne, Benjamin Bratt",2.35:1,,,,,,,,2026-09-17,1
w1e6yapisd,movie,"Star Wars II: Attack of the Clones","George Lucas",George,Lucas,"Rental Library",0786936866551,786936866551,"Set ten years after the events of ""The Phantom Menace,"" the Republic continues to be mired in strife and chaos. A separatist movement encompassing hundreds of planets and powerful corporate alliances poses new threats to the galaxy that even the Jedi cannot stem. These moves, long planned by an as yet unrevealed and powerful force, lead to the beginning of the Clone Wars -- and the beginning of the end of the Republic.",LUCASFILM,2019-09-22,,"dvd, sci-fi",,,142,,69402106,,,,,1,,,"Ewan McGregor, Natalie Portman, Hayden Christensen, Frank Oz, Ian McDiarmid",,,,,,,,,2026-09-17,1
qhf9k3pwe4,movie,"Star Wars III: Revenge of the Sith","George Lucas",George,Lucas,"Rental Library",0786936866599,786936866599,"It has been three years since the Clone Wars began. Jedi Master Obi-Wan Kenobi (Ewan McGregor) and Jedi Knight Anakin Skywalker (Hayden Christensen) rescue Chancellor Palpatine (Ian McDiarmid) from General Grievous, the commander of the droid armies, but Grievous escapes. Suspicions are raised within the Jedi Council concerning Chancellor Palpatine, with whom Anakin has formed a bond. Asked to spy on the chancellor, and full of bitterness toward the Jedi Council, Anakin embraces the Dark Side.",LUCASFILM,2019-09-22,,"dvd, sci-fi",,,140,,69369338,,,,,1,,,"Ewan McGregor, Natalie Portman, Hayden Christensen, Ian McDiarmid, Frank Oz",,,,,,,,,2026-09-17,1
6umk51e8dt,movie,"Mission to Mars","Brian De Palma",Brian,Palma,"Rental Library",0717951008398,717951008398,"The first manned mission to Mars in 2020 ends in disaster when three of the crew are seemingly killed and the fourth, Luke Graham (Don Cheadle), is stranded with no way to contact Earth. Jim McConnell (Gary Sinise), Woody Blake (Tim Robbins), Phil Ohlmyer (Jerry O'Connell) and Terri Fisher (Connie Nielsen) are sent on a rescue mission to find any survivors and determine what happened. The team uncovers startling evidence that Mars may not be a dead planet after all.","TOUCHSTONE PICTURES",2002-06-04,,"dvd, sci-fi",,,113,,69303802,,,,,1,,,"Gary Sinise, Tim Robbins, Don Cheadle, Connie Nielsen, Jerry O'Connell",2.35:1,,,,,,,,2026-09-17,1
56d31wsv9x,movie,"Dune (1984)","David Lynch",David,Lynch,"Rental Library",0025192018428,25192018428,"In the year 10191, a spice called mélange is the most valuable substance known in the universe, and its only source is the desert planet Arrakis. A royal decree awards Arrakis to Duke Leto Atreides and ousts his bitter enemies, the Harkonnens. However, when the Harkonnens violently seize back their fiefdom, it is up to Paul, Leto's son, to lead the Fremen, the natives of Arrakis, in a battle for control of the planet and its spice. Based on Frank Herbert's epic novel.","Universal Pictures Home Entertainment",2009-01-27,,"dvd, sci-fi",,,137,,68910586,,,,,1,,,"Francesca Annis, Leonardo Cimino, Brad Dourif, José Ferrer, Linda Hunt",2.35:1,,,,,,,,2026-09-17,1
4jlfmdpkbx,movie,"The Terminator","James Cameron",James,Cameron,"Rental Library",0883904330929,883904330929,"Disguised as a human, a cyborg assassin known as a Terminator (Arnold Schwarzenegger) travels from 2029 to 1984 to kill Sarah Connor (Linda Hamilton). Sent to protect Sarah is Kyle Reese (Michael Biehn), who divulges the coming of Skynet, an artificial intelligence system that will spark a nuclear holocaust. Sarah is targeted because Skynet knows that her unborn son will lead the fight against them. With the virtually unstoppable Terminator in hot pursuit, she and Kyle attempt to escape.","Mgm (Video & DVD)",2015-05-05,,"dvd, sci-fi",,,108,,68648442,,,,,1,,,"Arnold Schwarzenegger, Michael Biehn, Linda Hamilton, Paul Winfield, Lance Henriksen",,,,,,,,,2026-09-17,1
0cpxtf0dcu,movie,Frozen,"Chris Buck, Jennifer Lee",Chris,Buck,"Rental Library",0786936838923,786936838923,"When their kingdom becomes trapped in perpetual winter, fearless Anna (Kristen Bell) joins forces with mountaineer Kristoff (Jonathan Groff) and his reindeer sidekick to find Anna's sister, Snow Queen Elsa (Idina Menzel), and break her icy spell. Although their epic journey leads them to encounters with mystical trolls, a comedic snowman (Josh Gad), harsh conditions, and magic at every turn, Anna and Kristoff bravely push onward in a race to save their kingdom from winter's cold grip.","Walt Disney Studios Home Entertainment",2014-03-18,,"blu-ray, kids-family",,,102,,38116858,,,,,2,,,"Kristen Bell, Idina Menzel, Jonathan Groff, Josh Gad",2.20:1,,,,,,,,2026-09-17,1
m4x7d6a31h,movie,"Malevolence 3: Killer","Stevan Mena",Stevan,Mena,"Rental Library",0762183496123,762183496123,"Abused kidnap victim Martin Bristol returns to his hometown 10 years after his abduction as a child and, warped by his experiences, begins a killing spree that authorities and his family race to stop.","Mena Films",2018-10-12,,"blu-ray, horror",,,89,,94633722,,,,,2,,,"Adrienne Barbeau, Katie Gibson, Kevin McKelvy",1.85:1,,,,,,,,2026-09-17,1
ywh5abjr71,movie,"Cloudy with a Chance of Meatballs 2","Cody Cameron, Kris Pearn",Cody,Cameron,"Rental Library",0043396425071,043396425071,"His genius finally recognized by his idol Chester V, inventor Flint Lockwood gets to join Chester's company, where he can work full-time on technologies to help mankind. However, Flint soon discovers that his most-famous machine, which turns water into food, is still operating but now creates animal/vegetable hybrids. With the fate of humanity in Flint's hands, he and his friends set out to save the world from tacodiles, shrimpanzees and other deliciously dangerous creatures.","Sony Pictures Home Entertainment",2014-01-28,,"blu-ray, kids-family",,,95,,94600954,,,,,2,,,,2.40:1,,,,,,,,2026-09-17,1
8g3yvsbohq,movie,"The Great Mouse Detective","Ron Clements, Burny Mattinson, Dave Michener, John Musker",Ron,Clements,"Rental Library",0786936825022,786936825022,"Basil embarks on the greatest case of his career when London's master toymaker is kidnapped. He ends up pitting his wits against his old adversary, Professor Ratigan, who wants to become 'supreme ruler of all mousedom'.","Walt Disney Studios Home Entertainment",2012-10-09,,"blu-ray, kids-family",,,74,,94568186,,,,,2,,,"Vincent Price, Barrie Ingham, Basil Rathbone, Val Bettin, Susanne Pollatschek",1.78:1,,,,,,,,2026-09-17,1
kq7e3giysl,movie,"Cop Car","Jon Watts",Jon,Watts,"Rental Library",0191329092194,191329092194,"Two mischievous boys (James Freedson-Jackson, Hays Wellford) stumble upon a seemingly abandoned police cruiser and steal it, unaware that its murderous owner (Kevin Bacon) has stashed a hostage in the trunk.","Universal Pictures Home Entertainment",2019-02-19,,"blu-ray, thriller",,,88,,94469882,,,,,1,,,"Kevin Bacon, James Freedson-Jackson, Hays Wellford, Camryn Manheim, Shea Whigham",2.40:1,,,,,,,,2026-09-17,1
t0bnfhg93y,movie,"Apocalypse Now","Francis Ford Coppola",Francis,Coppola,"Rental Library",0065935587651,065935587651,"In Vietnam in 1970, Captain Willard (Martin Sheen) takes a perilous and increasingly hallucinatory journey upriver to find and terminate Colonel Kurtz (Marlon Brando), a once-promising officer who has reportedly gone completely mad. In the company of a Navy patrol boat filled with street-smart kids, a surfing-obsessed Air Cavalry officer (Robert Duvall), and a crazed freelance photographer (Dennis Hopper), Willard travels further and further into the heart of darkness.",Imports,,,"blu-ray, drama",,,343,,94404346,,,,,1,,,"Martin Sheen, Marlon Brando, Robert Duvall, Frederic Forrest, Laurence Fishburne",,,,,,,,,2026-09-17,1
3kjhu8qarj,movie,Clueless,,,,"Rental Library",0097363321521,097363321521,"Shallow, rich and socially successful Cher (Alicia Silverstone) is at the top of her Beverly Hills high school's pecking scale. Seeing herself as a matchmaker, Cher first coaxes two teachers into dating each other. Emboldened by her success, she decides to give hopelessly klutzy new student Tai (Brittany Murphy) a makeover. When Tai becomes more popular than she is, Cher realizes that her disapproving ex-stepbrother (Paul Rudd) was right about how misguided she was -- and falls for him.","Paramount Studio",1999-10-19,,"comedy, dvd",,,,,91029242,,,,,1,,,"Silverstone, Shawn, Murphy, Rudd",,,,,,,,,2026-09-17,1
hetdqy619k,movie,"Easy A","Will Gluck",Will,Gluck,"Rental Library",0043396362796,043396362796,"Prompted by her popular best friend to spill details of her boring weekend, Olive, a clean-cut teen, decides to spice things up by telling a little lie about losing her virginity; when the high-school busybody overhears the conversation and spreads it all over campus, Olive is suddenly notorious but for the wrong reasons.","Sony Pictures",2010-12-21,,"comedy, dvd",,,92,,90996474,,,,,1,,,"Emma Stone, Stanley Tucci",1.85:1,,,,,,,,2026-09-17,1
nxiscd141p,movie,"Léon The Professional","Luc Besson",Luc,Besson,"Rental Library",0043396047303,043396047303,"Mathilda (Natalie Portman) is only 12 years old, but is already familiar with the dark side of life: her abusive father stores drugs for corrupt police officers, and her mother neglects her. Léon (Jean Reno), who lives down the hall, tends to his houseplants and works as a hired hitman for mobster Tony (Danny Aiello). When her family is murdered by crooked DEA agent Stansfield (Gary Oldman), Mathilda joins forces with a reluctant Léon to learn his deadly trade and avenge her family's deaths.","Columbia Pictures",,,"action, dvd",,,133,,90930938,,,,,1,,,"Jean Reno, Gary Oldman, Natalie Portman, Danny Aiello",2.35:1,,,,,,,,2026-09-17,1
lsvox487b9,movie,"The Descent","Neil Marshall",Neil,Marshall,"Rental Library",0031398206422,031398206422,"A year after a severe emotional trauma, Sarah (Shauna Macdonald) goes to North Carolina to spend some time exploring caves with her friends; after descending underground, the women find strange cave paintings and evidence of an earlier expedition, then learn they are not alone: Underground predators inhabit the crevasses, and they have a taste for human flesh.",Lionsgate,2006-12-26,,"dvd, horror",,,91,,27829754,,,,,1,,,"Shauna MacDonald, Natalie Mendoza, Alex Reid, Saskia Mulder, Oliver Milburn",2.35:1,,,,,,,,2026-09-17,1
7f20jk0hd6,movie,"Public Enemies",,,,"Rental Library",0025195044912,025195044912,"It's 1933 and as the Great Depression grips America, the exploits of Tommy Gun-toting outlaws have gripped the nation's imagination. Dubbed `Public Enemies' by crusading FBI director J Edgar Hoover, the bank-robbing rogues have become Robin Hood figures to the impoverished members of the population. Public enemy number one is none other than John Dillinger, an inveterate heist expert.","Universal Pictures Home Entertainment",2011-03-13,,"dvd, thriller",,,140,,27796986,,,,,1,,,"Johnny Depp, Christian Bale, Marion Cotillard, Rory Cochrane, Matt Craven",2.40:1,,,,,,,,2026-09-17,1
u34q6vignz,movie,Pi,"Darren Aronofsky",Darren,Aronofsky,"Rental Library",0012236049401,012236049401,"Max is a reclusive mathematician who's built a super-computer that will not only provide him with the key to cracking the stock market, but may also reveal the true name of Jehovah; a discovery that could lead to the end of the world. His search however brings him to the attention of both Hassidic priests and Wall Street gurus.",Lionsgate,1999-01-12,,"dvd, thriller",,,85,,27567610,,,,,1,,,"Sean Gullette, Mark Margolis, Ben Shenkman, Pamela Hart",1.66:1,,,,,,,,2026-09-17,1
iz58rndlqm,movie,"The Machinist","Brad Anderson",Brad,Anderson,"Rental Library",0032429279149,032429279149,"Factory worker Trevor Reznik (Christian Bale) suffers from insomnia so severe that his condition has taken its toll on his weight and his mental health. When Trevor unintentionally causes an on-the-job accident that horribly injures a coworker (Michael Ironside), he begins to become even more troubled. Despite a relationship with Stevie (Jennifer Jason Leigh), a pretty prostitute, Trevor descends further into paranoia, blaming his problems on an enigmatic figure named Ivan (John Sharian).",PARAMOUNT,2017-08-01,,"dvd, thriller",,,102,,27534842,,,,,1,,,"Christian Bale, Jennifer Jason Leigh",,,,,,,,,2026-09-17,1
ayq1go5psz,movie,"Happy Endings","Don Roos",Don,Roos,"Rental Library",0031398183723,031398183723,"Filmmaker Nicky (Jesse Bradford) offers to track down the son that Mamie (Lisa Kudrow) gave up for adoption nearly two decades before. Meanwhile, Mamie's stepbrother (and the father of her child), Charley (Steve Coogan), along with his boyfriend, Gil, try to find out what became of the sperm Gil donated to a lesbian couple. Finally, singer Jude (Maggie Gyllenhaal) becomes entangled in a love triangle with androgynous drummer Otis (Jason Ritter) and his conservative father (Tom Arnold).","Lionsgate Home Entertainment",2005-11-15,,"comedy, dvd",,,133,,27469306,,,,,1,,,"Lisa Kudrow, Steve Coogan, Jesse Bradford, Bobby Cannavale, Maggie Gyllenhaal",2.35:1,,,,,,,,2026-09-17,1
dmnj95eu84,movie,"The Hangover","Todd Phillips",Todd,Phillips,"Rental Library",0883929057832,883929057832,"Two days before his wedding, Doug (Justin Bartha) and three friends (Bradley Cooper, Ed Helms, Zach Galifianakis) drive to Las Vegas for a wild and memorable stag party. In fact, when the three groomsmen wake up the next morning, they can't remember a thing; nor can they find Doug. With little time to spare, the three hazy pals try to re-trace their steps and find Doug so they can get him back to Los Angeles in time to walk down the aisle.","Warner Home Video",2009-12-15,,"comedy, dvd",,,100,,27436538,,,,,1,,,"Bradley Cooper, Ed Helms, Zach Galifianakis, Heather Graham, Justin Bartha",2.35:1,,,,,,,,2026-09-17,1
w1e6ypnisd,movie,"Animal House","John Landis",John,Landis,"Rental Library",0025192155024,025192155024,"When they arrive at college, socially inept freshmen Larry (Thomas Hulce) and Kent (Stephen Furst) attempt to pledge the snooty Omega Theta Pi House, but are summarily rejected. Lowering their standards, they try at the notoriously rowdy Delta Tau Chi House, and get in. The trouble is, the college dean (John Vernon) has it in for the Deltas. He has put them on ""Double Secret Probation"" and secretly assigned Omega's president (James Daughton) the task of having their charter revoked.","Universal Pictures Home Entertainment",2011-09-06,,"comedy, dvd",,,109,,27371002,,,,,1,,,"John Belushi, Tim Matheson, John Vernon, Verna Bloom, Tom Hulce",1.85:1,,,,,,,,2026-09-17,1
qhf9kanwe4,movie,Snowpiercer,,,,"Rental Library",0013132622620,013132622620,"Survivors of Earth's second ice age live out their days on a luxury train that ploughs through snow and ice. The train's poorest residents, who live in the squalid caboose, plan to improve their lot by taking over the engine room.",,,,"dvd, thriller",,,,,27338234,,,,,,,,,,,,,,,,,2026-09-17,1
bpyiot8cho,movie,"Jackass: The Movie",,,,"Rental Library",0097361183442,097361183442,"In this comedic documentary, Johnny Knoxville heads a crew of stuntmen, skateboarders and all-around lunatics as they prank, embarrass and torture each other in the name of fun. The antics range from childlike -- the boys don panda suits for a romp through Tokyo -- to grotesque and life-threatening. A golf cart demolition derby turns downright dangerous. Live gators nearly chomp maniac Steve-O. Filmmaker Spike Jonze and Knoxville, in heavy makeup, test the public's patience for the elderly.",,,,"comedy, dvd",,,,,27305466,,,,,,,,,,,,,,,,,2026-09-17,1
8g3yvs2ohq,movie,Idiocracy,"Mike Judge",Mike,Judge,"Rental Library",0024543401797,24543401797,"In 2005, average in every way private Joe Bowers (Luke Wilson) is selected to take part in a secret military experiment to put him in hibernation for a year along with a woman named Rita (Maya Rudolph). The slumbering duo is forgotten when the base they are stored on is closed down and are left in stasis until 2505. When they finally wake up, they discover the average intelligence of humans has decreased so much that Joe is now the smartest man in the world.","20th Century Studios",2007-01-09,,"comedy, dvd",,,84,,27272698,,,,,1,,,"Luke Wilson, Maya Rudolph, Dax Shepard, Terry Crews, Anthony 'Citric' Campos",1.85:1,,,,,,,,2026-09-17,1
56d31ifv9x,movie,"Mystery Men","Kinka Usher",Kinka,Usher,"Rental Library",0025192068829,025192068829,"Champion City already has a superhero, the appropriately named Captain Amazing (Greg Kinnear), but that doesn't deter the city's seven quirky amateur crime-fighters, who use the Captain's capture at the hands of villain Casanova Frankenstein (Geoffrey Rush) as motivation to prove themselves. The only problem is that their strange powers -- silverware hurling, bowling, shovel skills, incompetent invisibility and deadly flatulence -- aren't doing them any favors.","Universal Pictures Home Entertainment",2010-10-05,,"comedy, dvd",,,122,,27108858,,,,,1,,,"Ben Stiller, William H. Macy, Hank Azaria, Greg Kinnear, Geoffrey Rush",1.85:1,,,,,,,,2026-09-17,1
m4x7d8p31h,movie,"Mulholland Dr.","David Lynch",David,Lynch,"Rental Library",0025192178023,025192178023,"A dark-haired woman (Laura Elena Harring) is left amnesiac after a car crash. She wanders the streets of Los Angeles in a daze before taking refuge in an apartment. There she is discovered by Betty (Naomi Watts), a wholesome Midwestern blonde who has come to the City of Angels seeking fame as an actress. Together, the two attempt to solve the mystery of Rita's true identity. The story is set in a dream-like Los Angeles, spoilt neither by traffic jams nor smog.","Universal Studios Home Entertainment",2002-04-09,,"dvd, thriller",,,147,,27010554,,,,,1,,,"Naomi Watts, Laura Harring, Justin Theroux",1.85:1,,,,,,,,2026-09-17,1
ywh5acqr71,movie,Madagascar,"Eric Darnell, Tom McGrath",Eric,Darnell,"Rental Library",0191329060926,191329060926,"Alex the lion is the king of the urban jungle, the main attraction at New York's Central Park Zoo. He and his best friends -- Marty the zebra, Melman the giraffe and Gloria the hippo -- have spent their whole lives in blissful captivity before an admiring public and with regular meals provided for them. Not content to leave well enough alone, Marty lets his curiosity get the better of him and makes his escape -- with the help of some prodigious penguins -- to explore the world.","Studio Distribution Services",2018-06-05,,"dvd, kids-family",,,86,,26879482,,,,,1,,,"Ben Stiller, Chris Rock, David Schwimmer, Jada Pinkett Smith, Sacha Baron Cohen",1.78:1,,,,,,,,2026-09-17,1
obar2eb0an,movie,"Big Fan","Robert Siegel",Robert,Siegel,"Rental Library",883476012124,883476012124,"Paul Aufiero, a parking-garage employee, is a huge fan of the New York Giants. He lives at home with his mother and spends much of his free time extolling the virtues of his favorite football team on sports radio. One night, Paul and his best friend, Sal, spy Giants linebacker Quantrell Bishop in their neighborhood and follow him to a strip club. Paul decides to approach his idol, but the encounter goes very badly.","Vivendi Entertainment",2010-01-12,,"comedy, dvd",,,86,,26846714,,,,,1,,,"Patton Oswalt, Marcia Jean Kurtz, Michael Rapaport, Matt Servitto, Gino Cafarelli",1.85:1,,,,,,,,2026-09-17,1
t0bnf1b93y,movie,"Antwone Fisher","Denzel Washington",Denzel,Washington,"Rental Library",0024543077060,024543077060,"The touching story of a sailor (Derek Luke) who, prone to violent outbursts, is sent to a naval psychiatrist (Denzel Washington) for help. Refusing at first to open up, the young man eventually breaks down and reveals a horrific childhood. Through the guidance of his new doctor, he confronts his painful past and begins a quest to find the family he never knew.","Fox Searchlight",2003-05-20,,"drama, dvd",,,120,,00140794,,,,,1,,,"Denzel Washington, Derek Luke, Joy Bryant, Malcolm David Kelley, Cory Hodges",2.35:1,,,,,,,,2026-09-17,1
nxiscuz41p,movie,Sublime,,,,"Rental Library",0008811171292,008811171292,"Admitted to Mt. Abaddon Hospital for a routine procedure, George Grieves discovers that his condition is much more serious and complicated than originally expected; and as his own fears begin to manifest around him, he learns that Mt. Abaddon is not a place where people come to get better... it is a place where people come to die.",Mca,2000-12-05,,"drama, dvd",,,25,,95957754,,,,,1,,,Sublime,1.33:1,,,,,,,,2026-09-17,1
j7st4a6qlq,movie,"Lie With Me","Olivier Peyon",Olivier,Peyon,"Rental Library",0784300362067,784300362067,"Happily unattached, the sexually voracious Leila satisfies her desires with a host of rapidly changing bed partners, unconcerned about the emotional consequences. But that all changes when she meets an artist looking for a deeper commitment.","Cinephobia Releasing",2024-02-13,,"drama, dvd",,,98,,95924986,,,,,1,,,"Guillaume de Tonquédec, Victor Belmondo, Doriane Chastanet, Julien de Saint Jean",2.35:1,,,,,,,,2026-09-17,1
obar2ei0an,movie,"Hold Me Thrill Me Kiss Me",,,,"Rental Library",0616011913989,616011913989,"Eli is a burglar who is caught in the act by Twinkle, an heiress who coerces him into a sexual relationship. Their violent break-up makes him a fugitive in search of a new identity. He lands in a trashy trailer park where he touches the lives of several dysfunctional residents.","American Laundromat",2018-03-23,,"comedy, dvd",,,,,24195834,,,,,1,,,"Joel Hershman",,,,,,,,,2026-09-17,1
e90mhiy5u2,movie,"Annie Hall","Woody Allen",Woody,Allen,"Rental Library",9786304907726,027616655929,"New York comedian Alvy Singer falls in love with the ditsy Annie Hall.","MGM (Video & DVD)",2000-05-30,,"dvd, romantic-comedy",,,93,,24163066,,,,,1,,,"Woody Allen, Diane Keaton, Tony Roberts, Carol Kane, Janet Margolin",1.66:1,,,,,,,,2026-09-17,1
ftoc7wre5y,movie,Sleeper,"Woody Allen",Woody,Allen,"Rental Library",0027616850157,27616850157,"Miles Monroe, a clarinet-playing health food store proprietor, is revived out of cryostasis 200 years into a future world in order to help rebels fight an oppressive government regime.",WarnerBrothers,2013-01-15,,"comedy, dvd",,,87,,24097530,,,,,1,,,"Woody Allen, Diane Keaton, Howard Cosell, John Beck",1.85:1,,,,,,,,2026-09-17,1
6umk5s18dt,movie,"Bringing Out The Dead","Martin Scorsese",Martin,Scorsese,"Rental Library",32429068620,032429068620,"Once called ""Father Frank"" for his efforts to rescue lives, Frank Pierce sees the ghosts of those he failed to save around every turn. He has tried everything he can to get fired, calling in sick, delaying taking calls where he might have to face one more victim he couldn't help, yet cannot quit the job on his own.",,,,"dvd, thriller",,,121,,23442170,,,,,1,,,"Nicolas Cage, Patricia Arquette, John Goodman, Ving Rhames, Tom Sizemore",,,,,,,,,2026-09-17,1
w1e6yn4isd,movie,"The Earrings of Madame",,,,"Rental Library",0715515031622,715515031622,"In late 19th century France, the Countess Louise, wife of a wealthy general, sells the earrings her husband gave her on their wedding day to pay off her secret debts, then claims to have lost them. Her husband quickly learns of the deceit, which is the beginning of many tragic misunderstandings, all involving the earrings, the general, the countess, and her new lover, the Italian Baron Donati.","Criterion Collection",2008-09-16,,"dvd, thriller",,,100,,20656890,,,,,1,,,"Charles Boyer, Danielle Darrieux, Paul Azäis, Madeleine Barbulee, Jean Debucourt",1.33:1,,,,,,,,2026-09-17,1
qhf9kp4we4,movie,"Children of Paradise","Marcel Carne",Marcel,Carne,"Rental Library",0715515098410,715515098410,"In a chaotic 19th-century Paris teeming with aristocrats, thieves, psychics, and courtesans, theater mime Baptiste is in love with the mysterious actress Garance. But Garance, in turn, is loved by three other men: pretentious actor Frederick, conniving thief Lacenaire, and Count Edouard of Montray.","Criterion Collection",2012-09-18,,"comedy, dvd",,,190,,20558586,,,,,2,,,"Arletty, Jean-Louis Barrault, Pierre Brasseur, Pierre Renoir, Marcel Herrand",,,,,,,,,2026-09-17,1
8g3yvftohq,movie,"The Hidden Fortress","Akira Kurosawa",Akira,Kurosawa,"Rental Library",0715515174817,715515174817,"In feudal Japan, during a bloody war between clans, two cowardly and greedy peasants, soldiers of a defeated army, stumble upon a mysterious man who guides them to a fortress hidden in the mountains.","Criterion Collection",2016-03-29,,"action, dvd",,,139,,50495738,,,,,1,,,"Toshiro Mifune, Minoru Chiaki",,,,,,,,,2026-09-17,1
56d31lev9x,movie,Rashomon,"Akira Kurosawa",Akira,Kurosawa,"Rental Library",0715515101011,715515101011,"Four people recount different versions of the story of a man's murder and the rape of his wife.","Criterion Collection",2012-11-06,,"dvd, thriller",,,88,,50233594,,,,,1,,,"Toshiro Mifune",,,,,,,,,2026-09-17,1
0cpxtvgdcu,movie,"Hiroshima Mon Amour","Alain Resnais",Alain,Resnais,"Rental Library",0715515151610,715515151610,"The deep conversation between a Japanese architect and a French actress forms the basis of this celebrated French film, considered one of the vanguard productions of the French New Wave. Set in Hiroshima after the end of World War II, the couple -- lovers turned friends -- recount, over many hours, previous romances and life experiences. The two intertwine their stories about the past with pondering the devastation wrought by the atomic bomb dropped on the city.","Criterion Collection (Direct)",2015-07-14,,"drama, dvd",,,90,,50168058,,,,,1,,,"Emmanuelle Riva, Eiji Okada",,,,,,,,,2026-09-17,1
ywh5amwr71,movie,"Night and Fog","Alain Resnais",Alain,Resnais,"Rental Library",0715515181617,715515181617,"Filmmaker Alain Resnais documents the atrocities behind the walls of Hitler's concentration camps.","Criterion Collection",2016-07-19,,"documentary, dvd",,,31,,50102522,,,,,1,,,,,,,,,,,,2026-09-17,1
8g3yvemohq,movie,RAN,"Akira Kurosawa",Akira,Kurosawa,"Rental Library",0720917536729,720917536729,"Shakespeare's King Lear is reimagined as a singular historical epic set in sixteenth-century Japan where an aging warlord divides his kingdom between his three sons.","Fox Lorber",2003-04-15,,"drama, dvd",,,162,,50036986,,,,,1,,,"Tatsuya Nakadai, Akira Terao, Jinpachi Nezu, Daisuke Ry, Mieko Harada",1.85:1,,,,,,,,2026-09-17,1
t0bnfzc93y,movie,"The Bad Sleep Well","Akira Kurosawa",Akira,Kurosawa,"Rental Library",0037429207529,037429207529,"In this loose adaptation of ""Hamlet,"" illegitimate son Kôichi Nishi climbs to a high position within a Japanese corporation and marries the crippled daughter of company vice president Iwabuchi. At the reception, the wedding cake is a replica of their corporate headquarters, but an aspect of the design reminds the party of the hushed-up death of Nishi's father. It is then that Nishi unleashes his plan to avenge his father's death.","Criterion Collection",2006-01-10,,"drama, dvd",,,135,,49971450,,,,,1,,,"Toshir Mifune, Masayuki Mori, Kyko Kagawa, Tatsuya Mihashi, Takashi Shimura",2.35:1,,,,,,,,2026-09-17,1
hetdqxo19k,movie,"Throne of Blood",,,,"Rental Library",0715515155212,715515155212,"Returning to their lord's castle, samurai warriors Washizu and Miki are waylaid by a spirit who predicts their futures. When the first part of the spirit's prophecy comes true, Washizu's scheming wife, Asaji, presses him to speed up the rest of the spirit's prophecy by murdering his lord and usurping his place. Director Akira Kurosawa's resetting of William Shakespeare's ""Macbeth"" in feudal Japan is one of his most acclaimed films.",,,,"drama, dvd",,,,,49938682,,,,,,,,,,,,,,,,,2026-09-17,1
nxiscgs41p,movie,"The River","Mark Rydell",Mark,Rydell,"Rental Library",0025195005432,025195005432,"Tom and Mae Garvey are a Tennessee farming couple battling violent floods to save their land. In addition to natural disasters, the Garveys fight to stop a selfish land developer and a local corporation from foreclosing on their farm. While Mae stays at home to care for their children and tend to the crops, Tom finds work as a scab at a steel mill to preserve his family's property.","Universal Studios Home Entertainment",2007-05-29,,"drama, dvd",,,124,,49742074,,,,,1,,,"Mel Gibson, Sissy Spacek, Scott Glenn, Shane Bailey, Becky Jo Lynch",1.85:1,,,,,,,,2026-09-17,1
7f20jruhd6,movie,"Drunken Angel",,,,"Rental Library",0715515026826,715515026826,"In postwar Tokyo, a blunt, alcohol-soaked doctor diagnoses a swaggering young yakuza with tuberculosis, forging an uneasy bond that’s tested when the gangster’s ruthless former boss returns and drags him back toward the swampy underworld he can’t escape.","Criterion Collection",2007-11-27,,"drama, dvd",,,98,,49676538,,,,,1,,,"Takashi Shimura, Toshirô Mifune, Reisaburo Yamamoto, Michiyo Kogure, Chieko Nakakita",1.33:1,,,,,,,,2026-09-17,1
u34q6t7gnz,movie,"Summer Interlude","Ingmar Bergman",Ingmar,Bergman,"Rental Library",0715515095815,715515095815,"During a brief summer vacation, a lonely woman recalls her first love thirteen years earlier.","Criterion Collection",2012-05-29,,"drama, dvd",,,96,,49316090,,,,,1,,,"Maj-Britt Nilsson, Birger Malmsten",,,,,,,,,2026-09-17,1
obar25l0an,movie,"The Soft Skin","François Truffaut",François,Truffaut,"Rental Library",0715515141215,715515141215,"Pierre Lachenay is a well-known publisher and lecturer, married to Franca and father of Sabine. He starts a love affair with air hostess Nicole, which Pierre is hiding, but he cannot stay away from her.","Criterion Collection (Direct)",2015-03-17,,"drama, dvd",,,117,,49119482,,,,,1,,,"Françoise Dorléac, Jean Desailly, Nelly Benedetti",,,,,,,,,2026-09-17,1
ayq1gd2psz,movie,"Le Notti Bianche","Luchino Visconti",Luchino,Visconti,"Rental Library",0037429207826,037429207826,"White Nights (Le Notti Bianche) is a 1957 romantic melodrama directed by Luchino Visconti, based on Dostoevsky's story, about a lonely young man who falls for a woman waiting faithfully for her lover's return.","Criterion Collection",2005-07-12,,"drama, dvd",,,97,,48922874,,,,,1,,,"Maria Schell, Marcello Mastroianni, Jean Marais, Marcella Rovena, Maria Zanoli",1.66:1,,,,,,,,2026-09-17,1
v8uazhq26q,movie,Viridiana,"Luis Buuel",Luis,Buuel,"Rental Library",0037429212622,037429212622,"Viridiana is preparing to start her life as a nun when she is sent, somewhat unwillingly, to visit her aging uncle, Don Jaime. He supports her; but the two have met only once. Jaime thinks Viridiana resembles his dead wife. Viridiana has secretly despised this man all her life and finds her worst fears proven when Jaime grows determined to seduce his pure niece. Viridiana becomes undone as her uncle upends the plans she had made to join the convent.","Criterion Collection",2006-05-23,,"drama, dvd",,,90,,48857338,,,,,1,,,"Silvia Pinal, Fernando Rey, Francisco Rabal, Jos Calvo, Margarita Lozano",1.66:1,,,,,,,,2026-09-17,1
6umk5fz8dt,movie,"Black Narcissus","Emeric Pressburger, Michael Powell",Emeric,Pressburger,"Rental Library",9780780023567,037429152126,"A group of Anglican nuns, led by Sister Clodagh, are sent to a mountain in the Himalayas. The climate in the region is hostile and the nuns are housed in an odd old palace. They work to establish a school and a hospital, but slowly their focus shifts. Sister Ruth falls for a government worker, Mr. Dean, and begins to question her vow of celibacy. As Sister Ruth obsesses over Mr. Dean, Sister Clodagh becomes immersed in her own memories of love.",Criterion,2001-01-30,,"drama, dvd",,,100,,48791802,,,,,1,,,"Deborah Kerr, David Farrar, Flora Robson, Jenny Laird, Judith Furse",1.33:1,,,,,,,,2026-09-17,1
dmnj92vu84,movie,Walkabout,"Nicolas Roeg",Nicolas,Roeg,"Rental Library",9344256018541,,"Under the pretense of having a picnic, a geologist takes his teenage daughter and 6-year-old son into the Australian outback and attempts to shoot them. When he fails, he turns the gun on himself, and the two city-bred children must contend with harsh wilderness alone. They are saved by a chance encounter with an Aboriginal boy who shows them how to survive, and in the process underscores the disharmony between nature and modern life.","Umbrella Records",2019-02-15,,"drama, dvd",,,101,,48759034,,,,,1,,,"Jenny Agutter, David Gulpilil, John Meillon, Barry Donnelly, Luc Roeg",,,,,,,,,2026-09-17,1
bpyio60cho,movie,"Toy Story 2","John Lasseter",John,Lasseter,"Rental Library",0786936798807,786936798807,"When Woody is stolen by a toy collector, Buzz and his friends set out on a rescue mission to save Woody before he becomes a museum toy property.",Disney*Pixar,2010-05-11,,"dvd, kids-family",,,95,,85536506,,,,,1,,,"Tom Hanks, Tim Allen, Joan Cusack, Kelsey Grammer, Don Rickles",1.78:1,,,,,,,,2026-09-17,1
6umk5f28dt,movie,"Inside Out","Pete Docter",Pete,Docter,"Rental Library",0786936865301,786936865301,"Riley (Kaitlyn Dias) is a happy, hockey-loving 11-year-old Midwestern girl, but her world turns upside-down when she and her parents move to San Francisco. Riley's emotions -- led by Joy (Amy Poehler) -- try to guide her through this difficult, life-changing event. However, the stress of the move brings Sadness (Phyllis Smith) to the forefront. When Joy and Sadness are inadvertently swept into the far reaches of Riley's mind, the only emotions left in Headquarters are Anger, Fear and Disgust.",DISNEY/PIXAR,2019-09-10,,"blu-ray, kids-family",,,95,,85503738,,,,,3,,,"Amy Poehler, Phyllis Smith, Richard Kind, Bill Hader, Lewis Black",,,,,,,,,2026-09-17,1
8g3yve9ohq,movie,Brave,"Mark Andrews, Brenda Chapman",Mark,Andrews,"Rental Library",0786936865035,786936865035,"Merida (Kelly Macdonald), the impetuous but courageous daughter of Scottish King Fergus (Billy Connolly) and Queen Elinor (Emma Thompson), is a skilled archer who wants to carve out her own path in life. Her defiance of an age-old tradition angers the Highland lords and leads to chaos in the kingdom. Merida seeks help from an eccentric witch (Julie Walters), who grants her an ill-fated wish. Now, Merida must discover the true meaning of courage and undo a beastly curse before it's too late.",DISNEY/PIXAR,2019-09-10,,"blu-ray, kids-family",,,93,,85470970,,,,,3,,,"Kelly Macdonald, Billy Connolly, Emma Thompson, Julie Walters, Robbie Coltrane",,,,,,,,,2026-09-17,1
prwzbg7no7,movie,"Blade Runner 2049","Denis Villeneuve",Denis,Villeneuve,"Rental Library",0883929571888,883929571888,"Officer K (Ryan Gosling), a new Blade Runner for the Los Angeles Police Department, unearths a long-buried secret that has the potential to plunge what's left of society into chaos. His discovery leads him on a quest to find Rick Deckard (Harrison Ford), a former Blade Runner who's been missing for 30 years.",WarnerBrothers,2018-01-16,,"blu-ray, sci-fi",,,163,,13020154,,,,,2,,,"Ryan Gosling, Harrison Ford, Ana de Armas, Sylvia Hoeks, Robin Wright",,,,,,,,,2026-09-17,1
3kjhudlarj,movie,"Lord of the Rings: The Return of the King",Various,Various,Various,"Rental Library",0794043167638,794043167638,"The culmination of nearly 10 years' work and conclusion to Peter Jackson's epic trilogy based on the timeless J.R.R. Tolkien classic, ""The Lord of the Rings: The Return of the King"" presents the final confrontation between the forces of good and evil fighting for control of the future of Middle-earth. Hobbits Frodo and Sam reach Mordor in their quest to destroy the `one ring', while Aragorn leads the forces of good against Sauron's evil army at the stone city of Minas Tirith.","Studio Distribution Services",2013-05-07,,"blu-ray, fantasy",,,200,,12954618,,,,,2,,,Various,,,,,,,,,2026-09-17,1
lsvoxrd7b9,movie,"Jurassic World","Colin Trevorrow",Colin,Trevorrow,"Rental Library",0191329163818,191329163818,"Located off the coast of Costa Rica, the Jurassic World luxury resort provides a habitat for an array of genetically engineered dinosaurs, including the vicious and intelligent Indominus rex. When the massive creature escapes, it sets off a chain reaction that causes the other dinos to run amok. Now, it's up to a former military man and animal expert to use his special skills to save two young brothers and the rest of the tourists from an all-out, prehistoric assault.","Universal Pictures Home Entertainment",2021-06-08,,"action, blu-ray",,,125,,12921850,,,,,1,,,"Chris Pratt, Bryce Dallas Howard, Vincent D'Onofrio, Ty Simpkins, Nick Robinson",2.20:1,,,,,,,,2026-09-17,1
7f20jxghd6,movie,"Mad Max Fury Road","George Miller",George,Miller,"Rental Library",0883929411733,883929411733,"Years after the collapse of civilization, the tyrannical Immortan Joe enslaves apocalypse survivors inside the desert fortress the Citadel. When the warrior Imperator Furiosa leads the despot's five wives in a daring escape, she forges an alliance with Max Rockatansky, a loner and former captive. Fortified in the massive, armored truck the War Rig, they try to outrun the ruthless warlord and his henchmen in a deadly high-speed chase through the Wasteland.",WarnerBrothers,2015-09-01,,"action, blu-ray",,,120,,12889082,,,,,1,,,"Tom Hardy, Charlize Theron",1.77:1,,,,,,,,2026-09-17,1
j7st4noqlq,movie,Tombstone,"George P. Cosmatos",George,Cosmatos,"Rental Library",0786936725247,786936725247,"Wyatt Earp and his brothers, Morgan and Virgil, have left their gunslinger ways behind them to settle down and start a business in the town of Tombstone, Ariz. While they aren't looking to find trouble, trouble soon finds them when they become targets of the ruthless Cowboy gang. Now, together with Wyatt's best friend, Doc Holliday, the brothers pick up their guns once more to restore order to a lawless land.","HOLLYWOOD PICTURES",2010-04-27,,"action, blu-ray",,,130,,12856314,,,,,1,,,"Kurt Russell, Val Kilmer, Sam Elliott, Bill Paxton, Charlton Heston",2.35:1,,,,,,,,2026-09-17,1
iz58ryblqm,movie,"Who Framed Roger Rabbit?","Robert Zemeckis",Robert,Zemeckis,"Rental Library",0786936833027,786936833027,"Down-on-his-luck private eye Eddie Valiant (Bob Hoskins) gets hired by cartoon producer R.K. Maroon (Alan Tilvern) to investigate an adultery scandal involving Jessica Rabbit (Kathleen Turner), the sultry wife of Maroon's biggest star, Roger Rabbit (Charles Fleischer). But when Marvin Acme (Stubby Kaye), Jessica's alleged paramour and the owner of Toontown, is found murdered, the villainous Judge Doom (Christopher Lloyd) vows to catch and destroy Roger.","TOUCHSTONE PICTURES",2013-03-12,,"blu-ray, kids-family",,,104,,12397562,,,,,2,,,"Bob Hoskins, Christopher Lloyd, Charles Fleischer, Stubby Kaye, Joanna Cassidy",1.85:1,,,,,,,,2026-09-17,1
obar2v70an,movie,"The Burbs","Joe Dante",Joe,Dante,"Rental Library",0025192351181,025192351181,"Settling in for some time off in his suburban home, Ray Peterson's vacation becomes a horror when the Klopeks, a suspiciously odd family, move in down the block. Enlisting the aid of his paranoid buddy, Art, and his militia-man neighbor, Rumsfield, Ray sends his son and wife away on a trip while he investigates the Klopeks. When a neighbor disappears, Ray and his cohorts risk their lives to save their cul-de-sac from the clutches of evil.","Universal Pictures Home Entertainment",2016-08-16,,"blu-ray, comedy",,,102,,12332026,,,,,1,,,"Tom Hanks, Carrie Fisher, Bruce Dern, Corey Feldman, Rick Ducommun",1.85:1,,,,,,,,2026-09-17,1
ayq1gutpsz,movie,Superbad,,,,"Rental Library",0043396194755,043396194755,"Two inseparable best friends navigate the last weeks of high school and are invited to a gigantic house party. Together with their nerdy friend, they spend a long day trying to score enough alcohol to supply the party and inebriate two girls in order to kick-start their sex lives before they go off to college. Their quest is complicated after one of them falls in with two inept cops who are determined to show him a good time.",,,,"comedy, dvd",,,,,12299258,,,,,,,,,,,,,,,,,2026-09-17,1
v8uaz1w26q,movie,"Lord of the Rings: The Two Towers","Peter Jackson",Peter,Jackson,"Rental Library",0794043140655,794043140655,"The sequel to the Golden Globe-nominated and AFI Award-winning ""The Lord of the Rings: The Fellowship of the Ring,"" ""The Two Towers"" follows the continuing quest of Frodo and the Fellowship to destroy the One Ring. Frodo and Sam discover they are being followed by the mysterious Gollum. Aragorn, the Elf archer Legolas and Gimli the Dwarf encounter the besieged Rohan kingdom, whose once great King Theoden has fallen under Saruman's deadly spell.",WarnerBrothers,2012-11-20,,"blu-ray, fantasy",,,179,,12102650,,,,,2,,,"Elijah Wood, Ian McKellen, Liv Tyler, Viggo Mortensen, Sean Astin",2.40:1,,,,,,,,2026-09-17,1
ftoc7lje5y,movie,Bowfinger,"Frank Oz",Frank,Oz,"Rental Library",0191329025161,191329025161,"On the verge of bankruptcy and desperate for his big break, aspiring filmmaker Bobby Bowfinger (Steve Martin) concocts a crazy plan to make his ultimate dream movie. Rallying a ragtag team that includes a starry-eyed ingénue (Heather Graham), a has-been diva (Christine Baranski) and a film studio gofer (Jamie Kennedy), he sets out to shoot a blockbuster featuring the biggest star in Hollywood, Kit Ramsey (Eddie Murphy) -- only without letting Ramsey know he's in the picture.","Universal Pictures Home Entertainment",2017-10-10,,"blu-ray, comedy",,,97,,12069882,,,,,1,,,"Steve Martin, Eddie Murphy, Heather Graham, Christine Baranski, Terence Stamp",1.85:1,,,,,,,,2026-09-17,1
6umk5et8dt,movie,"Halloween III: The Season of the Witch","Tommy Lee Wallace",Tommy,Wallace,"Rental Library",0025192360626,025192360626,"Hospital emergency room Dr. Daniel ""Dan"" Challis (Tom Atkins) and Ellie Grimbridge (Stacey Nelkin), the daughter of a murder victim, uncover a terrible plot by small-town mask maker Conal Cochran (Dan O'Herlihy), a madman who's planning a Halloween mass murder utilizing an ancient Celtic ritual. The ritual involves a boulder stolen from Stonehenge, the use of Silver Shamrock masks and a triggering device contained in a television commercial -- all designed to kill millions of children.","Universal Studios",2003-10-07,,"dvd, horror",,,99,,12037114,,,,,1,,,"Tom Atkins, Stacy Nelkin, Dan O'Herlihy, Michael Currie",2.35:1,,,,,,,,2026-09-17,1
4jlfmmrkbx,movie,"Howard The Duck","Willard Huyck",Willard,Huyck,"Rental Library",0025192337017,025192337017,"In this film based on the comic book character, Howard the Duck is suddenly beamed from Duckworld, a planet of intelligent ducks with arms and legs, to Earth, where he lands in Cleveland. There he saves rocker Beverly from thugs and forms a friendship with her. She introduces him to Phil, who works at a lab with scientist Dr. Jenning. When the doctor attempts to return Howard to his world, Jenning instead transfers an evil spirit into his own body.","Universal Pictures Home Entertainment",2016-03-08,,"blu-ray, comedy",,,111,,11971578,,,,,1,,,"Lea Thompson, Jeffrey Jones, Tim Robbins, Ed Gale, Chip Zien",1.85:1,,,,,,,,2026-09-17,1
0cpxttcdcu,movie,"Total Recall","Paul Verhoeven",Paul,Verhoeven,"Rental Library",0012236119166,012236119166,"Douglas Quaid is a bored construction worker in the year 2084 who dreams of visiting colonized Mars. He visits ""Rekall,"" a company that plants false memories into people's brains, in order to experience the thrill of Mars without having to travel there. But something goes wrong during the procedure; Quaid discovers that his entire life is actually a false memory and that the people who implanted it in his head now want him dead.","Lionsgate Home Entertainment",2012-07-31,,"blu-ray, sci-fi",,,113,,11938810,,,,,1,,,"Arnold Schwarzenegger, Rachel Ticotin, Sharon Stone, Michael Ironside, Ronny Cox",,,,,,,,,2026-09-17,1
m4x7ddk31h,movie,"Naked Lunch","David Cronenberg",David,Cronenberg,"Rental Library",0715515105019,715515105019,"Blank-faced bug killer Bill Lee (Peter Weller) and his dead-eyed wife, Joan (Judy Davis), like to get high on Bill's pest poisons while lounging with Beat poet pals. After meeting the devilish Dr. Benway (Roy Scheider), Bill gets a drug made from a centipede. Upon indulging, he accidentally kills Joan, takes orders from his typewriter-turned-cockroach, ends up in a constantly mutating Mediterranean city and learns that his hip friends have published his work -- which he doesn't remember writing.","Criterion Collection",2013-04-09,,"blu-ray, drama",,,115,,38422266,,,,,1,,,"Peter Weller, Judy Davis, Ian Holm, Julian Sands, Roy Scheider",,,,,,,,,2026-09-17,1
obar2230an,movie,"Murder My Sweet","Edward Dmytryk",Edward,Dmytryk,"Rental Library",0888574319816,888574319816,"Gumshoe Philip Marlowe (Dick Powell) is hired by the oafish Moose Malloy (Mike Mazurki) to track down his former girlfriend. He's also hired to accompany an effeminate playboy buy back some jewels. When the exchange results in the playboy's murder, Marlowe can't leave the case alone, and soon discovers it's related to Malloy's. As he gets drawn deeper into a complex web of intrigue by a mysterious blonde (Claire Trevor), the detective finds his own life in increasing jeopardy. Release date","Warner Archive Collection",2015-09-15,,"blu-ray, drama",,,95,,38389498,,,,,1,,,"Dick Powell, Claire Trevor, Anne Shirley, Otto Kruger, Mike Mazurki",,,,,,,,,2026-09-17,1
cnrl00rmmk,movie,"The Usual Suspects",Various,Various,Various,"Rental Library",0027616063335,027616063335,"""The greatest trick the devil ever pulled was convincing the world he didn't exist,"" says con man Kint, drawing a comparison to the most enigmatic criminal of all time, Keyser Söze. Kint attempts to convince the feds that the mythic crime lord not only exists, but is also responsible for drawing Kint and his four partners into a multi-million dollar heist that ended with an explosion in San Pedro Harbor - leaving few survivors.","Metro Goldwyn Mayer",2019-05-14,,"blu-ray, drama",,,106,,38356730,,,,,1,,,Various,2.35:1,,,,,,,,2026-09-17,1
t0bnff393y,movie,"The Green Mile","Frank Darabont",Frank,Darabont,"Rental Library",0883929075805,883929075805,"Paul Edgecomb, the head guard of death row, just wants life for him, his colleagues and the condemned to be nice and easy. However, when John Coffee, a massive man convicted of brutally killing a pair of young sisters arrives, things start to get strange. Beyond his simple, naïve nature and a deathly fear of the dark, Coffey seems to possess a prodigious, supernatural gift. Paul begins to question whether Coffey was truly guilty of murdering the two girls.","Warner Home Video",2009-10-13,,"blu-ray, drama",,,188,,38258426,,,,,1,,,"Tom Hanks, David Morse, Bonnie Hunt, Michael Clarke Duncan, James Cromwell",,,,,,,,,2026-09-17,1
prwzbbhno7,movie,"The Wages of Fear","Henri-Georges Clouzot",Henri-Georges,Clouzot,"Rental Library",0715515310611,715515310611,"In the South American jungle, supplies of nitroglycerine are needed at a remote oil field. The oil company pays four men to deliver the supplies in two trucks. A tense rivalry develops between the two sets of drivers on the rough remote roads where the slightest jolt can result in death.","The Criterion Collection",2025-03-04,,"blu-ray, drama",,,152,,38225658,,,,,1,,,"Yves Montand",,,,,,,,,2026-09-17,1
9dc4eek6rp,movie,"The Shawshank Redemption",,,,"Rental Library",0031398166481,031398166481,"Andy Dufresne (Tim Robbins) is sentenced to two consecutive life terms in prison for the murders of his wife and her lover and is sentenced to a tough prison. However, only Andy knows he didn't commit the crimes. While there, he forms a friendship with Red (Morgan Freeman), experiences brutality of prison life, adapts, helps the warden, etc., all in 19 years.",,,,"blu-ray, drama",,,,,38192890,,,,,,,,,,,,,,,,,2026-09-17,1
nxiscce41p,movie,"Road to Perdition","Sam Mendes",Sam,Mendes,"Rental Library",0032429257833,032429257833,"Mike Sullivan (Tom Hanks) is an enforcer for powerful Depression-era Midwestern mobster John Rooney (Paul Newman). Rooney's son, Connor (Daniel Craig), is jealous of the close bond they share, and when Mike's eldest son, Michael (Tyler Hoechlin), witnesses a hit, Connor uses the incident as an excuse to murder Sullivan's wife (Jennifer Jason Leigh) and youngest son. Forced to flee, Sullivan and Michael set out on a journey of revenge and self-discovery.","Paramount Pictures Home Entertainment",2017-05-09,,"blu-ray, drama",,,116,,36849402,,,,,1,,,"Tom Hanks, Tyler Hoechlin, Jennifer Jason Leigh, Jude Law, Paul Newman",,,,,,,,,2026-09-17,1
7f20jjbhd6,movie,"Boyz n the Hood","John Singleton",John,Singleton,"Rental Library",0043396341944,043396341944,"Tre is sent to live with his father, Furious Styles, in tough South Central Los Angeles. Although his hard-nosed father instills proper values and respect in him, and his devout girlfriend Brandi teaches him about faith, Tre's friends Doughboy and Ricky don't have the same kind of support and are drawn into the neighborhood's booming drug and gang culture, with increasingly tragic results.","Sony Pictures",2011-07-19,,"blu-ray, drama",,,112,,36816634,,,,,1,,,"Ice Cube, Cuba Gooding Jr., Morris Chestnut, Laurence Fishburne",1.85:1,,,,,,,,2026-09-17,1
u34q661gnz,movie,"Holiday Inn",Various,Various,Various,"Rental Library",0191329234334,191329234334,"In this Irving Berlin musical, Jim (Bing Crosby) and Lila are members of a performing trio who plan to quit and run a country hotel. When Lila says she has fallen in love with the dancer in the act, Ted (Fred Astaire), Jim leaves town with a broken heart. After turning the inn into a holidays-only live entertainment venue, Jim winds up booking -- and falling for -- Linda (Marjorie Reynolds). But when Ted shows up at the place after being dumped by Lila, he too sets his sights on beautiful Linda.","Universal Pictures Home Entertainment",2022-11-01,,"blu-ray, romantic-comedy",,,101,,92464890,,,,,1,,,Various,,,,,,,,,2026-09-17,1
obar22h0an,movie,Frank,"Lenny Abrahamson",Lenny,Abrahamson,"Rental Library",0876964007818,876964007818,"A young aspiring musician finds himself far out of his element after he joins an eccentric pop group led by the enigmatic Frank, who wears a giant fake head. As the band prepare to record their debut album, their personal issues generate tension.","Magnolia Home Ent",2014-12-09,,"blu-ray, comedy",,,95,,92366586,,,,,1,,,"Domhnall Gleeson, Maggie Gyllenhaal, Scoot McNairy",,,,,,,,,2026-09-17,1
v8uazzi26q,movie,Unsane,"Steven Soderbergh",Steven,Soderbergh,"Rental Library",0191329056615,191329056615,"A woman finds herself involuntarily committed to a mental institution, where she believes her stalker may be working.","Universal Pictures Home Entertainment",2018-06-19,,"blu-ray, thriller",,,,,92169978,,,,,,,,"Claire Foy, Joshua Leonard, Jay Pharoah, Juno Temple, Aimee Mullins",,,,,,,,,2026-09-17,1
w1e6yyrisd,movie,"Ides of March","George Clooney",George,Clooney,"Rental Library",0043396392465,043396392465,"An idealistic campaign staffer becomes entangled in scandal and political manipulation during a heated presidential primary.","Sony Pictures Entertainment",2012-01-17,,"blu-ray, drama",,,101,,92071674,,,,,1,,,"Ryan Gosling, George Clooney, Philip Seymour Hoffman, Paul Giamatti, Marisa Tomei",2.40:1,,,,,,,,2026-09-17,1
6umk5598dt,movie,"Something Borrowed","Luke Greenfield",Luke,Greenfield,"Rental Library",0883929156443,883929156443,"Though Rachel is a successful attorney and a loyal, generous friend, she is still single. After one drink too many at her 30th-birthday celebration, Rachel unexpectedly falls into bed with her longtime crush, Dex -- who happens to be engaged to her best friend, Darcy. Ramifications of the liaison threaten to destroy the women's lifelong friendship, while Ethan, Rachel's confidant, harbors a potentially explosive secret of his own.","Studio Distribution Services",2011-08-16,,"blu-ray, romantic-comedy",,,113,,85356026,,,,,1,,,"Kate Hudson, Ginnifer Goodwin, John Krasinski, Colin Egglesfield, Steve Howey",,,,,,,,,2026-09-17,1
56dahfov9x,movie,"The Pickle",,,,"Rental Library",,,"Harry Stone always dreamed of making ""The Great American Movie."" Instead, he made ""The Pickle"" - a teenage sci-fi flick about a flying cucumber. Harry just wanted to get out of debt; now everyone he's ever known, loved and neglected is standing in line for tickets.",,,,"comedy, vhs",,,,,55789306,,,,,,,,,,,,,,,,,2026-09-18,1
ri12ak1xoz,movie,"Iron Will",,,,"Rental Library",,,"When Will Stoneman's father dies, he is left alone to take care of his mother and their land. Needing money to maintain it, he decides to join a cross country dogsled race. This race will require days of racing for long hours, through harsh weather and terrain. This young man will need a lot of courage and a strong will to complete this race.",,,,"kids-family, vhs",,,,,20079354,,,,,,,,,,,,,,,,,2026-09-18,1
0cpj28ndcu,movie,"To Catch a King",,,,"Rental Library",,,"Robert Wagner plays an American who owns a Lisbon nightclub and Teri Garr is a slightly dippy chanteuse who has stumbled across a Nazi plot to kidnap the Duke and Duchess of Windsor, living at the time (1942) in Portugal.",,,,"drama, vhs",,,,,19981050,,,,,,,,,,,,,,,,,2026-09-18,1
m4xh0bq31h,movie,"Smokey Bites the Dust",,,,"Rental Library",,,"Follows the rivalry between a small-town Southern sheriff and a small-town delinquent who steals cars and then destroys them with the sheriff’s daughter by his side.",,,,"comedy, vhs",,,,,19849978,,,,,,,,,,,,,,,,,2026-09-18,1
ywhv34sr71,movie,Friendship,,,,"Rental Library",,,"Suburban dad Craig falls hard for his charismatic new neighbor Austin, and his attempts to make an adult male friend threatens to ruin both of their lives.",,,,"blu-ray, comedy",,,,,92061946,,,,,,,,,,,,,,,,,2026-09-18,1
obaxv6k0an,movie,Wall-E,,,,"Rental Library",,,,,,,"4k, kids-family",,,,,16328186,,,,,,,,,,,,,,,,,2026-09-18,1
8g3r59yohq,movie,"Delta Force 2",,,,"Rental Library",,,"When DEA agents are taken captive by a ruthless South American kingpin, the Delta Force is reunited to rescue them in this sequel to the 1986 film.",,,,"action, vhs",,,,,79495674,,,,,,,,,,,,,,,,,2026-09-18,1
kq75mn5ysl,movie,"Runaway Bride",,,,"Rental Library",,,"Having already left three grooms at the altar, Maggie Carpenter is branded ""the runaway bride"" by jaded New York journalist Ike Graham. But, after his facts are called into question, Ike races to Maggie's hometown to save his reputation and report on her upcoming fourth trip down the aisle – during which he's convinced she'll run again. Though he's there on a muckraking mission, Ike can't help but fall for this breathtaking heartbreaker.",,,,"romantic-comedy, vhs",,,,,79364602,,,,,,,,,,,,,,,,,2026-09-18,1
t0b4svk93y,movie,"Planet of the Apes",,,,"Rental Library",,,"Astronaut Taylor crash lands on a distant planet ruled by apes who use a primitive race of humans for experimentation and sport. Soon Taylor finds himself among the hunted, his life in the hands of a benevolent chimpanzee scientist.",,,,"sci-fi, vhs",,,,,79331834,,,,,,,,,,,,,,,,,2026-09-18,1
prwsg3eno7,movie,"Death Wise The Face of Death",,,,"Rental Library",,,"Death Wish V: The Face of Death is a 1994 vigilante action-thriller film, the fifth installment in the Death Wish series, starring Charles Bronson as a vigilante seeking revenge against a mob-connected fashion designer who has terrorized his fiancée.",,,,"action, vhs",,,,,79397370,,,,,,,,,,,,,,,,,2026-09-18,1
3kj1dcfarj,movie,"The Never Endng Story I & II",,,,"Rental Library",,,"The NeverEnding Story is a 1984 fantasy film in which a lonely young boy reads a magical book that draws him into the fantasy world of Fantasia, which he must help save from an all-consuming force known as the Nothing.",,,,"kids-family, vhs",,,,,26660090,,,,,,,,,,,,,,,,,2026-09-18,1
hetujlm19k,movie,"The Man Who Shot Libery Valance",,,,"Rental Library",,,"The Man Who Shot Liberty Valance is a 1962 Western film starring James Stewart and John Wayne, told in flashback as a senator returns to a frontier town to reveal the truth behind the killing of a notorious outlaw that made his career.",,,,"drama, vhs",,null,,,81575674,,,,,,,,,,,,,,,,,2026-09-18,1
nxifba941p,movie,Redheat,,,,"Rental Library",,,"Red Heat is a 1988 buddy cop action film starring Arnold Schwarzenegger as a Soviet police captain who teams up with a Chicago detective, played by Jim Belushi, to track down a Russian drug lord.",,,,"action, vhs",,,,,80854778,,,,,,,,,,,,,,,,,2026-09-18,1
lsv0rw37b9,movie,"Rogers & Hamerstein's Cinderella",,,,"Rental Library",,,"Rodgers & Hammerstein's Cinderella is a 1997 musical fantasy television film produced by Walt Disney, an adaptation of the classic fairy tale with a score by Rodgers and Hammerstein.",,,,"kids-family, vhs",,,,,60839674,,,,,,,,,,,,,,,,,2026-09-18,1
ywhvnk1r71,movie,1917,,,,"Rental Library",,,"At the height of the First World War, two young British soldiers must cross enemy territory and deliver a message that will stop a deadly attack on hundreds of soldiers.",,,,"4k, action",,,,,91373818,,,,,,,,,,,,,,,,,2026-09-18,1
kq75p4fysl,movie,Weapons,,,,"Rental Library",,,"Weapons presents a series of brutal, seemingly random youth-related killings over the course of a weekend in a typical small town in America, and tragically reveals how they are all interrelated.",,,,"4k, horror",,,,,90915066,,,,,,,,,,,,,,,,,2026-09-18,1
qhf8vz4we4,movie,"2 Days in the Valley",,,,"Rental Library",,,"In a sleepy bedroom community of LA's San Fernando Valley, the murder of a professional athlete by two hit men sets into motion a chain of events that puts the mundane lives of a dozen residents on a collision course. This clever tale tells the story of two hit men, a mistress, a nurse, a vindictive ex-wife, a wealthy art dealer and his lovelorn assistant, a suicidal writer and his dog, and a bitter cop and his partner.",,,,"thriller, vhs",,null,,,78447098,,,,,,,,,,,,,,,,,2026-09-19,1
bpy7j4ocho,movie,2012,,,,"Rental Library",,,"Dr. Adrian Helmsley, part of a worldwide geophysical team investigating the effect on the earth of radiation from unprecedented solar storms, learns that the earth's core is heating up. He warns U.S. President Thomas Wilson that the crust of the earth is becoming unstable and that without proper preparations for saving a fraction of the world's population, the entire race is doomed. Meanwhile, writer Jackson Curtis stumbles on the same information. While the world's leaders race to build ""arks"" to escape the impending cataclysm, Curtis struggles to find a way to save his family. Meanwhile, volcanic eruptions and earthquakes of unprecedented strength wreak havoc around the world.",,,,"action, blu-ray",,null,,,48222458,,,,,,,,,,,,,,,,,2026-09-19,1
6umrpbv8dt,movie,300,,,,"Rental Library",,,"A story very loosely based the 480 B.C. Battle of Thermopylae, where the King of Sparta led his army against the advancing Persians.",,,,"blu-ray, fantasy",,null,,,64361210,,,,,,,,,,,,,,,,,2026-09-19,1
xlz9ehyjps,movie,"8 Heads in a Duffle Bag",,,,"Rental Library",,,"Mafia hitman Tommy Spinelli is flying to San Diego with a bag that holds eight severed heads, which he's bringing to his superiors to prove that some troublesome rival mobsters are permanently out of the picture. When his bag gets accidentally switched at the airport, Tommy must track down his duffel bag and the 8 heads it contains.",,,,"comedy, vhs",,null,,,34849786,,,,,,,,,,,,,,,,,2026-09-19,1
56dpboev9x,movie,"A Fistful of Dollars",,,,"Rental Library",,,"The Man With No Name enters the Mexican village of San Miguel in the midst of a power struggle among the three Rojo brothers and sheriff John Baxter. When a regiment of Mexican soldiers bearing gold intended to pay for new weapons is waylaid by the Rojo brothers, the stranger inserts himself into the middle of the long-simmering battle, selling false information to both sides for his own benefit.",,,,"action, vhs",,null,,,78283258,,,,,,,,,,,,,,,,,2026-09-19,1
ri1tfhjxoz,movie,"A Low Down Dirty Shame",,,,"Rental Library",,,"A black detective becomes embroiled in a web of danger while searching for a fortune in missing drug money. During the course of his investigation, he encounters various old connections, ultimately confronting the criminal responsible for Shame's expulsion from the force. He must also deal with two women, Angela, a beautiful old flame, and Peaches, his energetic but annoying sidekick.",,,,"action, vhs",,null,,,98277370,,,,,,,,,,,,,,,,,2026-09-19,1
0cpqkagdcu,movie,"A Paradine Case",,,,"Rental Library",,,"In London, barrister Anthony Keane takes the case of Maddalena Paradine, a beautiful woman accused of poisoning her blind husband. Though happily married, Keane becomes infatuated with his enigmatic client and convinced of her innocence. His obsession clouds his judgment as he builds a defense implicating her servant, André Latour—an act that leads to devastating consequences both in court and at home.",,,,"drama, vhs",,null,,,78938618,,,,,,,,,,,,,,,,,2026-09-19,1
m4x1wrn31h,movie,"A Prayer for the Dying",,,,"Rental Library",,,"Martin, an I.R.A. hitman, is seen by a Catholic priest while carrying out a hit. He grows a bond with the priest and his niece. But his past and his former employers put all their lives in danger.",,,,"thriller, vhs",,null,,,92552954,,,,,,,,,,,,,,,,,2026-09-19,1
ywh2s7wr71,movie,"A Pyromaniac's Love Story",,,,"Rental Library",,,"A pastry boy and the son of a hair-piece mogul become involved in an arson scandal. Sergio is offered a bribe in exchange for taking the blame for the fire that destroys his workplace. Garet, the real arsonist, is apalled that someone else would try to take credit for his act of love. Before long, Sergio and Garet become entangled in a zany love-quadrangle involving Hattie and Stephanie. Written by Brian Whiting",,,,"romantic-comedy, vhs",,null,,,35177466,,,,,,,,,,,,,,,,,2026-09-19,1
obaj43c0an,movie,"A Taste for Killing",,,,"Rental Library",,,"Two college students get a summer job on an offshore oil rig. They are soon approached by a co-worker who had earlier befriended them, and who now tries to draw them into a plot to murder the rig's crew chief.",,,,"thriller, vhs",,null,,,00866042,,,,,,,,,,,,,,,,,2026-09-19,1
cnrhqykmmk,movie,"Against the Wall",,,,"Rental Library",,,"In 1971, a warden at Attica Penitentiary is caught up in a hostage crisis when inmates take over the prison to demand better living conditions.",,,,"drama, vhs",,null,,,81116922,,,,,,,,,,,,,,,,,2026-09-19,1
8g3xnmmohq,movie,"Aladdin and the King of Thieves",,,,"Rental Library",,,"Legendary secrets are revealed as Aladdin and his friends—Jasmine, Abu, Carpet and, of course, the always entertaining Genie—face all sorts of terrifying threats and make some exciting last-minute escapes pursuing the King Of Thieves and his villainous crew.",,,,"kids-family, vhs",,null,,,60970746,,,,,,,,,,,,,,,,,2026-09-19,1
kq7vzl7ysl,movie,Alive,,,,"Rental Library",,,"Tenshu is imprisoned and sentenced to death for murdering the men who raped his girlfriend. However, he manages to survive his execution and is presented with an option: face another execution attempt or subject himself to their bizarre and dangerous experiments.",,,,"action, vhs",,null,,,99096570,,,,,,,,,,,,,,,,,2026-09-19,1
t0bk3gc93y,movie,"All About the Benjamins",,,,"Rental Library",,,"Bounty hunter Bucum Jackson teams with the small-time con artist, Reggie Wright, that he is pursuing, in an attempt to locate a missing stash of diamonds and a lottery ticket worth millions of dollars. Bucum and Reggie find themselves in a race to the finish as they embark on an unlikely partnership that should -- when all is said and done -- prove beneficial to them both.",,,,"action, vhs",,null,,,00177914,,,,,,,,,,,,,,,,,2026-09-19,1
prwf7qlno7,movie,"Angel of Fury",,,,"Rental Library",,,"A security specialist is hired to deliver a valuable computer. She is joined by her former lover who has plans of his own for the computer.",,,,"action, vhs",,null,,,99162106,,,,,,,,,,,,,,,,,2026-09-19,1
3kjzixiarj,movie,"Animal Factory",,,,"Rental Library",,,"Suburbanite Ron is spoiled, young and not overly worried about the marijuana charges leveled against him. But, after being made out to be a drug dealer, he faces a five-year jail sentence in San Quentin State Prison. Physically frail and unaccustomed to his rough surroundings, Ron is primed to fall victim to sexual predators and bullying guards – that is, until he's befriended by Earl, a veteran inmate who finds meaning in protecting the vulnerable new kid.",,,,"drama, vhs",,null,,,78840314,,,,,,,,,,,,,,,,,2026-09-19,1
hetg82o19k,movie,"Another Woman",,,,"Rental Library",,,"Marion is a woman who has learned to shield herself from her emotions. She rents an apartment to work undisturbed on her new book, but by some acoustic anomaly she can hear all that is said in the next apartment in which a psychiatrist holds his office. When she hears a young woman tell that she finds it harder and harder to bear her life, Marion starts to reflect on her own life. After a series of events she comes to understand how her unemotional attitude towards the people around her affected them and herself.",,,,"drama, vhs",,null,,,78742010,,,,,,,,,,,,,,,,,2026-09-19,1
nxiehws41p,movie,"Assassin's Creed",,,,"Rental Library",,,"Through a technology that unlocks the genetic memories of his ancestor in 15th century Spain, Callum Lynch discovers he is a descendant of an ancient line of Assassins and amasses lethal skills to take on the oppressive Templar Order.",,,,"action, blu-ray",,null,,,94676474,,,,,,,,,,,,,,,,,2026-09-19,1
7f2u6vuhd6,movie,Assassins,,,,"Rental Library",,,"Assassin Robert Rath arrives at a funeral to kill a prominent mobster, only to witness a rival hired gun complete the job for him -- with grisly results. Horrified by the murder of innocent bystanders, Rath decides to take one last job and then return to civilian life. But finding his way out of the world of contract killing grows ever more dangerous as Rath falls for his female target and becomes a marked man himself.",,,,"action, vhs",,null,,,81510138,,,,,,,,,,,,,,,,,2026-09-19,1
j7s65z8qlq,movie,"Babes in Toyland",,,,"Rental Library",,,"With just days to go before presents are scheduled for Christmas delivery, Toyland is buzzing with activity. However, curmudgeonly creditor Barnaby Crookedman is hatching a devious scheme to destroy Toyland – meaning no presents for the world's children! Siblings Jack and Jill, alongside toy factory workers Tom and Mary, rush into action to stop the villain, receiving some assistance from the likes of Humpty Dumpty and even Santa Claus himself.",,,,"kids-family, vhs",,null,,,61003514,,,,,,,,,,,,,,,,,2026-09-19,1
iz50teglqm,movie,"Baby's Day Out",,,,"Rental Library",,,"Baby Bink couldn't ask for more: he has adoring (if somewhat sickly-sweet) parents, lives in a huge mansion, and he's just about to appear in the social pages of the paper. Unfortunately, not everyone in the world is as nice as Baby Bink's parents—especially the three enterprising kidnappers who pretend to be photographers from the newspaper. Successfully kidnapping Baby Bink, they have a harder time keeping hold of the rascal, who not only keeps one step ahead of them, but seems to be more than a little bit smarter than the three bumbling criminals.",,,,"kids-family, vhs",,null,,,59758330,,,,,,,,,,,,,,,,,2026-09-19,1
ayqslj2psz,movie,"Barbie & Her Sisters in The Great Puppy Adventure",,,,"Rental Library",,,"Barbie and her sisters, Skipper, Stacie and Chelsea, and their adorable new puppy friends find unexpected mystery and adventure when they return to their hometown of Willows. While going through mementos in Grandma's attic, the sisters discover an old map, believed to lead to a long-lost treasure buried somewhere in the town. With their puppy pals in tow, the four girls go on an exciting treasure hunt, along the way discovering that the greatest treasure of all is the love and laughter they share as sisters!",,,,"blu-ray, kids-family",,null,,,64852730,,,,,,,,,,,,,,,,,2026-09-19,1
e90agor5u2,movie,"Batteries not Included",,,,"Rental Library",,,"In a soon to be demolished block of apartments, the residents resist the criminal methods used to force them to leave so a greedy tycoon can build his new skyscraper. When tiny mechanical aliens land for a recharge, they decide to stay and help out.",,,,"kids-family, vhs",,null,,,78807546,,,,,,,,,,,,,,,,,2026-09-19,1
v8uncdq26q,movie,"Beauty and the Beast",,,,"Rental Library",,,"Follow the adventures of Belle, a bright young woman who finds herself in the castle of a prince who's been turned into a mysterious beast. With the help of the castle's enchanted staff, Belle soon learns the most important lesson of all -- that true beauty comes from within.",,,,"fantasy, vhs",,null,,,79036922,,,,,,,,,,,,,,,,,2026-09-19,1
gaklx4vbt4,movie,"Being There",,,,"Rental Library",,,"A simple-minded gardener named Chance has spent all his life in the Washington D.C. house of an old man. When the man dies, Chance is put out on the street with no knowledge of the world except what he has learned from television.",,,,"comedy, vhs",,null,,,79200762,,,,,,,,,,,,,,,,,2026-09-19,1
6umrpcz8dt,movie,"Black Beauty",,,,"Rental Library",,,"Born free in the American West, Black Beauty is a horse rounded up and brought to Birtwick Stables, where she meets spirited teenager Jo Green. The two forge a bond that carries Beauty through the different chapters, challenges and adventures.",,,,"kids-family, vhs",,null,,,61232890,,,,,,,,,,,,,,,,,2026-09-19,1
dmnwypvu84,movie,"Blind Horizon",,,,"Rental Library",,,"Left for dead in the remote Southwest, Frank is found clinging to life and in a state of amnesia. As he recovers, ominous memories begin to flash back...",,,,"action, vhs",,null,,,00538362,,,,,,,,,,,,,,,,,2026-09-19,1
2og4mu1tqt,movie,"Blood Alley",,,,"Rental Library",,,"An American Merchant Marine captain, rescued from a Chinese Communist jail by local villagers, is ""shanghaied"" into transporting the entire village to Hong Kong on an ancient paddle steamer.",,,,"action, vhs",,null,,,78774778,,,,,,,,,,,,,,,,,2026-09-19,1
w1eo2fkisd,movie,"Blood Work",,,,"Rental Library",,,"Still recovering from a heart transplant, a retired FBI profiler returns to service when his own blood analysis offers clues to the identity of a serial killer.",,,,"thriller, vhs",,null,,,80592634,,,,,,,,,,,,,,,,,2026-09-19,1
qhf8vskwe4,movie,"Born to be Wild",,,,"Rental Library",,,"Rick Heller is a juvenile delinquent who keeps getting himself into trouble. To keep him out of trouble his mother puts him to work cleaning the cage of a gorilla named Katie which she is teaching to communicate through the use of sign language. When the owner of the gorilla takes her back to become a flea market freak Rick takes it upon himself to break Katie out and take her on an adventurous journey to get her out of the country.",,,,"kids-family, vhs",,null,,,59922170,,,,,,,,,,,,,,,,,2026-09-19,1
6umrpc28dt,movie,Bowfinger,,,,"Rental Library",,,"On the verge of bankruptcy and desperate for his big break, aspiring filmmaker Bobby Bowfinger concocts a crazy plan to make his ultimate dream movie. Rallying a ragtag team that includes a starry-eyed ingenue, a has-been diva and a film studio gofer, he sets out to shoot a blockbuster featuring the biggest star in Hollywood, Kit Ramsey -- only without letting Ramsey know he's in the picture.",,,,"comedy, vhs",,null,,,78610938,,,,,,,,,,,,,,,,,2026-09-19,1
xlz9e1rjps,movie,"Bull Durham",,,,"Rental Library",,,"Veteran catcher Crash Davis is brought to the minor league Durham Bulls to help their up and coming pitching prospect, ""Nuke"" Laloosh. Their relationship gets off to a rocky start and is further complicated when baseball groupie Annie Savoy sets her sights on the two men.",,,,"romantic-comedy, vhs",,null,,,92290810,,,,,,,,,,,,,,,,,2026-09-19,1
56dpb05v9x,movie,"Chasing Mavericks",,,,"Rental Library",,,"Surfer Jay Moriarity sets out to ride the Northern California break known as Mavericks.",,,,"blu-ray, drama",,null,,,28914170,,,,,,,,,,,,,,,,,2026-09-19,1
4jl51lykbx,movie,"Chitty Chitty Bang Bang",,,,"Rental Library",,,"A hapless inventor finally finds success with a flying car, which a dictator from a foreign government sets out to take for himself.",,,,"kids-family, vhs",,null,,,26856698,,,,,,,,,,,,,,,,,2026-09-19,1
ri1tf1qxoz,movie,"Christmas Double Feature: Christmas Child / A Time to Remember",,,,"Rental Library",,,"This DVD pairs two holiday television movies: Christmas Child, starring William Moses, and A Time to Remember.",,,,"dvd, holiday",,null,,,17820666,,,,,,,,,,,,,,,,,2026-09-19,1
0cpqkpbdcu,movie,"Cocoon the Return",,,,"Rental Library",,,"The reinvigorated elderly group that left Earth comes back to visit their relatives. Will they all decide to go back to the planet where no one grows old, or will they be tempted to remain on Earth?",,,,"sci-fi, vhs",,null,,,26463482,,,,,,,,,,,,,,,,,2026-09-19,1
m4x1wx431h,movie,"Collateral Damage",,,,"Rental Library",,,"Firefighter Gordon Brewer is plunged into the complex and dangerous world of international terrorism after he loses his wife and child in a bombing credited to Claudio 'The Wolf' Perrini.",,,,"action, vhs",,null,,,80625402,,,,,,,,,,,,,,,,,2026-09-19,1
ywh2shir71,movie,Congo,,,,"Rental Library",,,"Eight people embark on an expedition into the Congo, a mysterious expanse of unexplored Africa, where human greed and the laws of nature have gone berserk.",,,,"action, vhs",,null,,,78578170,,,,,,,,,,,,,,,,,2026-09-19,1
obaj4am0an,movie,Contact,,,,"Rental Library",,,"A radio astronomer receives the first extraterrestrial radio signal ever picked up on Earth. As the world powers scramble to decipher the message and decide upon a course of action, she must make some difficult decisions between her beliefs, the truth, and reality.",,,,"sci-fi, vhs",,null,,,78479866,,,,,,,,,,,,,,,,,2026-09-19,1
kq7vz7hysl,movie,"Crocodile Dundee",,,,"Rental Library",,,"When a New York reporter plucks crocodile hunter Mick Dundee from the Australian Outback for a visit to the Big Apple, it's a clash of cultures and a recipe for good-natured comedy as naïve Dundee negotiates the concrete jungle. He proves that his instincts are quite useful in the city and adeptly handles everything from wily muggers to high-society snoots without breaking a sweat.",,,,"comedy, vhs",,null,,,80920314,,,,,,,,,,,,,,,,,2026-09-19,1
t0bk3bm93y,movie,"Curiosity Kills",,,,"Rental Library",,,"An apartment block janitor stumbles upon a deadly secret after one of the residents seemingly commits suicide and a mysterious new tenant arrives.",,,,"action, vhs",,null,,,98605050,,,,,,,,,,,,,,,,,2026-09-19,1
prwf7w7no7,movie,"Curse of the Starving Class",,,,"Rental Library",,,"Curse of the Starving Class is a play by Sam Shepard, considered the first of a series on family tragedies. Drama about a dirt-poor 1950's-era farm family. Dad's a foul talking drunk and Mom is desperately trying to save what's left of their family life.",,,,"drama, vhs",,null,,,35046394,,,,,,,,,,,,,,,,,2026-09-19,1
3kjzijlarj,movie,"Dan in Real Life",,,,"Rental Library",,,"Advice columnist Dan Burns is an expert on relationships, but somehow struggles to succeed as a brother, a son and a single parent to three precocious daughters. Things get even more complicated when Dan finds out that the woman he falls in love with is actually his brother's new girlfriend.",,,,"drama, dvd",,null,,,41665786,,,,,,,,,,,,,,,,,2026-09-19,1
hetg8t019k,movie,"Das Boot: Directors Cut",,,,"Rental Library",,,"A German submarine hunts allied ships during the Second World War, but it soon becomes the hunted. The crew tries to survive below the surface, while stretching both the boat and themselves to their limits.",,,,"drama, vhs",,null,,,26529018,,,,,,,,,,,,,,,,,2026-09-19,1
9dcyac46rp,movie,"Death Wish 4 The Crackdown",,,,"Rental Library",,,"After the death of his girlfriend's daughter from a drug overdose, Paul Kersey takes on the local drug cartel.",,,,"action, vhs",,null,,,78250490,,,,,,,,,,,,,,,,,2026-09-19,1
nxiehif41p,movie,"Dolores Claiborn",,,,"Rental Library",,,"Dolores Claiborne was accused of killing her abusive husband twenty years ago, but the court's findings were inconclusive and she was allowed to walk free. Now she has been accused of killing her employer, Vera Donovan, and this time there is a witness who can place her at the scene of the crime. Things look bad for Dolores when her daughter Selena, a successful Manhattan magazine writer, returns to cover the story.",,,,"drama, vhs",,null,,,91963130,,,,,,,,,,,,,,,,,2026-09-19,1
7f2u62ghd6,movie,Doomsday,,,,"Rental Library",,,"The lethal Reaper virus spreads throughout Britain—infecting millions and killing hundreds of thousands. Authorities brutally and successfully quarantine the country but, three decades later, the virus resurfaces in a major city. An elite group of specialists is urgently dispatched into the still-quarantined country to retrieve a cure by any means necessary. Shut off from the rest of the world, the unit must battle through a landscape that has become a waking nightmare.",,,,"action, vhs",,null,,,92126970,,,,,,,,,,,,,,,,,2026-09-19,1
j7s65soqlq,movie,"Double Edge",,,,"Rental Library",,,"In this fast paced action-thriller, daytime's top star Susan Lucci plays two roles: both a crack FBI agent and the elusive killer-for-hire who she stalks in a deadly game of hide-and-seek. Each driven by an obsession to succeed, the perfectly matched competitors hurtle full-speed through a risky game od double-cross to an unexpected and deadly finish line.",,,,"action, vhs",,null,,,81870586,,,,,,,,,,,,,,,,,2026-09-19,1
iz50t5blqm,movie,Dragnet,,,,"Rental Library",,,"LAPD Sgt. Joe Friday -- the equally straight-laced nephew of the famous police sergeant of the same name -- is paired up with a young, freewheeling detective named Pep Streebeck. After investigating some strange robberies at the local zoo and the theft of a stockpile of pornographic magazines, they uncover cult activity in the heart of the city and are hot on the case to figure out who's behind it all.",,,,"comedy, vhs",,null,,,91864826,,,,,,,,,,,,,,,,,2026-09-19,1
obaj4a70an,movie,"Dunston Checks In",,,,"Rental Library",,,"Hotel manager Robert Grant is forced by his boss to postpone his family vacation when a hotel critic checks in. Trouble is, the critic is really a villainous jewel thief with an orangutan assistant named Dunston. When Dunston gets loose and tries to escape a life of crime -- aided by Robert's sons -- havoc, hijinks and lots of laughs abound!",,,,"kids-family, vhs",,null,,,59987706,,,,,,,,,,,,,,,,,2026-09-19,1
e90ag0x5u2,movie,"Edge of Seventeen",,,,"Rental Library",,,"1984, Sandusky, Ohio. A naive 17-year-old navigates heartbreak and self-expression as he explores his sexuality.",,,,"drama, vhs",,null,,,35111930,,,,,,,,,,,,,,,,,2026-09-19,1
fto3uoje5y,movie,"Edie & Pen",,,,"Rental Library",,,"In this comedy, two women head for Reno to get simultaneous quicky divorces and end up becoming friends. Edie was married years ago, but her husband abandoned her two weeks after the wedding. Pen spent nine years married to an ice-cold businessman who neglected her.",,,,"romantic-comedy, vhs",,null,,,35013626,,,,,,,,,,,,,,,,,2026-09-19,1
gaklxk2bt4,movie,"Extreme Prejudice",,,,"Rental Library",,,"Lean, mean Texas Ranger Jack Benteen locks horns with a former friend, Cash Bailey, now a ruthless drug kingpin. Though they're on opposite sides of the law, they share a love interest in the sensual Sarita. When a crew of rogue soldiers descends upon the border town for an off-the-books mission, all roads lead to a bloody, to-the-death showdown, as loyalties shift and the lines between good and evil are blurred.",,,,"action, vhs",,null,,,92159738,,,,,,,,,,,,,,,,,2026-09-19,1
6umrpms8dt,movie,"Falling Fire",,,,"Rental Library",,,"In the not so distant future mankind has squandered their resources. A team of specialists is sent to the nearby asteroid field to retrieve an asteroid that will serve to replenish some of our natural resources. However, unbeknownst to the team, there is a killer on board determined to take control of the asteroid and destroy all mankind.",,,,"action, vhs",,null,,,92421882,,,,,,,,,,,,,,,,,2026-09-19,1
dmnwyn2u84,movie,"Fatal Attraction",,,,"Rental Library",,,"A married man's one-night stand comes back to haunt him when that lover begins to stalk him and his family.",,,,"documentary, vhs",,null,,,13598202,,,,,,,,,,,,,,,,,2026-09-19,1
2og4mgztqt,movie,"Final Notice",,,,"Rental Library",,,"Detective Harry Stoner has only a few clues. A year ago someone mutilated the nude photos found in the city library's art books. And shortly after, a young murder victim was found carved up in the same grisly way. Now, more mangled art books have suddenly turned up. And it's Harry's job to make sure another corpse doesn't.",,,,"thriller, vhs",,null,,,99555322,,,,,,,,,,,,,,,,,2026-09-19,1
qhf8vfywe4,movie,"Finding Dory",,,,"Rental Library",,,"Experience the heartwarming underwater journey of a forgetful blue tang as she searches for her long-lost parents across the ocean. This comprehensive home media set includes high-definition discs and a digital code, allowing you to enjoy the stunning animation and beloved characters on any device. It is a perfect addition to any family collection, offering hours of vibrant entertainment and meaningful lessons about friendship and perseverance.",,,,"blu-ray, kids-family",,null,,,191-BLRFND-002A,,,,,,,,,,,,,,,,,2026-09-19,1
bpy7jydcho,movie,"Fire Down Below",,,,"Rental Library",,,"When an EPA representative is murdered in a small Appalachian community, EPA undercover agent Jack Taggart is sent in—posing as a handyman working with a Christian relief agency—to determine what happened.",,,,"action, vhs",,null,,,92618490,,,,,,,,,,,,,,,,,2026-09-19,1
6umrpmt8dt,movie,"First Daughter",,,,"Rental Library",,,"A female Secret Service agent goes against protocol to save the U.S. president from an assassination attempt. She is reassigned to protect the president's daughter, which she considers a demotion. When the first daughter is kidnapped during a hiking trip, the agent and a river guide go to rescue her.",,,,"kids-family, vhs",,null,,,59135738,,,,,,,,,,,,,,,,,2026-09-19,1
8g3xn36ohq,movie,"First Kid",,,,"Rental Library",,,"Some say that to be the leader of a country is one of the loneliest jobs in the world. But being the child of a world leader can be doubly so. Constantly surrounded by security officers, restricted in movements and having almost every waking moment carefully monitored makes normalcy an impossibility. No one knows this better than young Luke Davenport, the son of U.S. President Davenport. He vents his loneliness, frustration and feelings of isolation from family and friends by being a brat to his private Secret Service agent. When the agent snaps from the strain in front of the First Lady, a new agent is assigned to Luke. He turns out to be the enormous Sam Simms, a bit of a rogue who managed to rise through the ranks by sheer determination rather than strict adherence to Secret-Service protocol. At first, Luke tries all his old tricks upon Sam. But instead of getting angry, Sam seems to actually understand.",,,,"kids-family, vhs",,null,,,59889402,,,,,,,,,,,,,,,,,2026-09-19,1
xlz9ezxjps,movie,"For a Few Dollars More",,,,"Rental Library",,,"Two bounty hunters both pursue the brutal and sadistic bandit, El Indio, who has a large bounty on his head.",,,,"action, vhs",,null,,,78217722,,,,,,,,,,,,,,,,,2026-09-19,1
56dpbu2v9x,movie,"Hang 'Em High",,,,"Rental Library",,,"Marshall Jed Cooper survives a hanging, vowing revenge on the lynch mob that left him dangling. To carry out his oath for vengeance, he returns to his former job as a lawman. Before long, he's caught up with the nine men on his hit list and starts dispensing his own brand of Wild West justice.",,,,"action, vhs",,null,,,00341754,,,,,,,,,,,,,,,,,2026-09-19,1
ri1tfzwxoz,movie,"Happy Feet",,,,"Rental Library",,,"Into the world of the Emperor Penguins, who find their soul mates through song, a penguin is born who cannot sing. But he can tap dance something fierce!",,,,"blu-ray, kids-family",,null,,,48124154,,,,,,,,,,,,,,,,,2026-09-19,1
0cpqkncdcu,movie,"Hard Justice",,,,"Rental Library",,,"When A.T.F. agent Nick Adams goes undercover in a prison to unravel the mystery of a fellow agents death there. Warden Pike and his pet goons are involved in all kinds of corrupt activities; dope dealing and gun smuggling to name a few.",,,,"action, vhs",,null,,,81608442,,,,,,,,,,,,,,,,,2026-09-19,1
m4x1wjk31h,movie,"Harry Potter and the Sorcerer's Stone",,,,"Rental Library",,,"Harry Potter has lived under the stairs at his aunt and uncle's house his whole life. But on his 11th birthday, he learns he's a powerful wizard—with a place waiting for him at the Hogwarts School of Witchcraft and Wizardry. As he learns to harness his newfound powers with the help of the school's kindly headmaster, Harry uncovers the truth about his parents' deaths—and about the villain who's to blame.",,,,"kids-family, vhs",,null,,,26889466,,,,,,,,,,,,,,,,,2026-09-19,1
ywh2s1lr71,movie,"Hollywood Homicide",,,,"Rental Library",,,"Joe Gavilan and his new partner K. C. Calden, are detectives on the beat in Tinseltown. Neither one of them really wants to be a cop, Gavilan moonlights as a real estate broker, and Calden is an aspiring actor moonlighting as a yoga instructor. When the two are assigned a big case they must work out whether they want to solve the case or follow their hearts.",,,,"comedy, vhs",,null,,,79871738,,,,,,,,,,,,,,,,,2026-09-19,1
obaj4p30an,movie,Hoodlum,,,,"Rental Library",,,"In 1934, the second most lucrative business in New York City was running 'the numbers'. When Madam Queen—the powerful woman who runs the scam in Harlem—is arrested, Ellsworth 'Bumpy' Johnson takes over the business and must resist an invasion from a merciless mobster.",,,,"drama, vhs",,null,,,92061434,,,,,,,,,,,,,,,,,2026-09-19,1
cnrhqxrmmk,movie,"I, Robot",,,,"Rental Library",,,"In 2035, where robots are commonplace and abide by the three laws of robotics, a technophobic cop investigates an apparent suicide. Suspecting that a robot may be responsible for the death, his investigation leads him to believe that humanity may be in danger.",,,,"blu-ray, sci-fi",,null,,,48189690,,,,,,,,,,,,,,,,,2026-09-19,1
8g3xnaaohq,movie,"Ice Age Continental Drift",,,,"Rental Library",,,"Manny, Diego, and Sid embark upon another adventure after their continent is set adrift. Using an iceberg as a ship, they encounter sea creatures and battle pirates as they explore a new world.",,,,"blu-ray, kids-family",,null,,,29831674,,,,,,,,,,,,,,,,,2026-09-19,1
kq7vzh1ysl,movie,"Ice Grill",,,,"Rental Library",,,"One of New York's biggest crime heads has offered to let the Ice Grill Bandits in on the biggest heist of the century, but the bandits decide to double cross the mob and make their own deal. When they try unload the ice, they soon discover all the dealers are working for the Mob. Now, their lives are an all out battle to escape the mob's reach.",,,,"action, vhs",,null,,,00046842,,,,,,,,,,,,,,,,,2026-09-19,1
t0bk3c393y,movie,Immortals,,,,"Rental Library",,,"Theseus is a mortal man chosen by Zeus to lead the fight against the ruthless King Hyperion, who is on a rampage across Greece to obtain a weapon that can destroy humanity.",,,,"action, blu-ray",,null,,,65147642,,,,,,,,,,,,,,,,,2026-09-19,1
prwf7ihno7,movie,"In Time",,,,"Rental Library",,,"In the not-too-distant future, the aging gene has been switched off. To avoid overpopulation, time has become the currency and the way people pay for luxuries and necessities. The rich can live forever, while the rest struggle to negotiate for their immortality. A poor young man who suddenly comes into a fortune of time finds himself on the run from a corrupt police force known as the ""time keepers"".",,,,"dvd, sci-fi",,null,,,41567482,,,,,,,,,,,,,,,,,2026-09-19,1
9dcyamk6rp,movie,"Independence Day Resurgence",,,,"Rental Library",,,"We always knew they were coming back. Using recovered alien technology, the nations of Earth have collaborated on an immense defense program to protect the planet. But nothing can prepare us for the aliens’ advanced and unprecedented force. Only the ingenuity of a few brave men and women can bring our world back from the brink of extinction.",,,,"blu-ray, sci-fi",,null,,,64525050,,,,,,,,,,,,,,,,,2026-09-19,1
nxiehle41p,movie,"Instant Justice",,,,"Rental Library",,,"Scott is a US Marine who travels Spain to see his sister Kim, after many years of separation. But she is dead, and there is nothing else to arrive him. Alone in the Madrid's streets, Scott will search for the killers, will try to reveal the reason of the murder of his dear sister, and for revenge for himself.",,,,"action, vhs",,null,,,80101114,,,,,,,,,,,,,,,,,2026-09-19,1
lsvd92u7b9,movie,"Invisible Dad",,,,"Rental Library",,,"Doug Baily's father is weird, but a strange machine in the garage now makes him invisible too. It's a roller coaster ride of fun and hijinks as Doug tries to turn his invisible dad back to normal again.",,,,"kids-family, vhs",,null,,,59856634,,,,,,,,,,,,,,,,,2026-09-19,1
7f2u6tbhd6,movie,"Invisible Mom",,,,"Rental Library",,,"A family's life is thrown into comical chaos after mom accidentally drinks her inventor husband's latest concoction, an invisibility potion.",,,,"kids-family, vhs",,null,,,60184314,,,,,,,,,,,,,,,,,2026-09-19,1
j7s65f0qlq,movie,"Jack Frost",,,,"Rental Library",,,"A father who can't keep his promises dies in a car accident. One year later, he returns as a snowman, who has one final chance to put things right with his son before he is gone forever.",,,,"kids-family, vhs",,null,,,60118778,,,,,,,,,,,,,,,,,2026-09-19,1
u34irk1gnz,movie,"Jingle All the Way",,,,"Rental Library",,,"Howard Langston, a salesman for a mattress company, is constantly kept busy at his job, disappointing his son. After he misses his son's karate exposition, Howard vows to make it up to him by buying an action figure of his son's favorite television hero for Christmas. Unfortunately for Howard, it is Christmas Eve, and every store is sold out of Turbo Man. Now, Howard must travel all over town and compete with everybody else to find a Turbo Man action figure.",,,,"kids-family, vhs",,null,,,61069050,,,,,,,,,,,,,,,,,2026-09-19,1
iz50tvclqm,movie,Delirious,,,,"Rental Library",,,"Delirious is a 1991 American romantic fantasy comedy film directed by Tom Mankiewicz, written by Lawrence J. Cohen and Fred Freeman, and starring John Candy, Mariel Hemingway, Emma Samms, Raymond Burr (in his last feature film role), David Rasche, Dylan Baker, and Charles Rocket. It tells the story of the lead soap opera writer who hits his head, finds himself in the setting of the soap opera he works on, and anything he types on his typewriter happens. The film used Prince's 1982 song as its title theme.",,,,"comedy, vhs",,null,,,92651258,,,,,,,,,,,,,,,,,2026-09-19,1
obaj4ph0an,movie,"Journey to Spirit Island",,,,"Rental Library",,,"A greedy Indian persuades his tribe to sell the lonesome 'Spirit Island' for a congress center. Instead of transferring the historical graves on it like he tells his tribe, he plans to wipe them out. By accident a group of two Indian kids and two friends from Chicago on vacation are flown to the island and get in his way.",,,,"kids-family, vhs",,null,,,98801658,,,,,,,,,,,,,,,,,2026-09-19,1
e90agdj5u2,movie,Junior,,,,"Rental Library",,,"A research scientist becomes the world's first pregnant man in order to test a drug he and a colleague have designed for expectant women. To carry out the trial, he has an embryo implant, believing that he will only carry the baby for three months – hardly expecting to face the prospect of giving birth.",,,,"comedy, vhs",,null,,,78414330,,,,,,,,,,,,,,,,,2026-09-19,1
v8uncgi26q,movie,"Knight and Day",,,,"Rental Library",,,"A fugitive couple goes on a glamorous and sometimes deadly adventure where nothing and no one – even themselves – are what they seem. Amid shifting alliances and unexpected betrayals, they race across the globe, with their survival ultimately hinging on the battle of truth vs. trust.",,,,"action, blu-ray",,null,,,28488186,,,,,,,,,,,,,,,,,2026-09-19,1
fto3u0qe5y,movie,Kounterfeit,,,,"Rental Library",,,"Flush with $3 million in counterfeit bills, a pair of small-time criminals hope to make the big time by trading it in for a cool million in authentic cash. However, when the trade goes awry, three men end up murdered- one a cop with a vengeful sister--and the hapless buddies find themselves caught between the police and mob hit men after the money.",,,,"action, vhs",,null,,,97884154,,,,,,,,,,,,,,,,,2026-09-19,1
6umrp3f8dt,movie,"Lego Star Wars: The Padawan Menace",,,,"Rental Library",,,"Master Yoda must go retrieve secret battle plans. However, things become a little more complicated when a class of younglings join the mission.",,,,"blu-ray, thriller",,null,,,65409786,,,,,,,,,,,,,,,,,2026-09-19,1
dmnwy4tu84,movie,"Les Miserables in Concert",,,,"Rental Library",,,"Proshot of the Chelmsford concert of Les Misérables on 24th August 1997.",,,,"musical, vhs",,null,,,26594554,,,,,,,,,,,,,,,,,2026-09-19,1
w1eo25risd,movie,"Lethal Weapon 3",,,,"Rental Library",,,"Riggs and Murtaugh pursue a former officer who uses his knowledge of police procedure and policies to steal and sell confiscated guns and ammunition to local street gangs.",,,,"action, vhs",,null,,,00734970,,,,,,,,,,,,,,,,,2026-09-19,1
qhf8verwe4,movie,"Liar's Poker",,,,"Rental Library",,,"Friends betray one another over investments and women, which leads to deadly confrontations.",,,,"thriller, vhs",,null,,,79838970,,,,,,,,,,,,,,,,,2026-09-19,1
bpy7jrucho,movie,"Little Big Man",,,,"Rental Library",,,"Jack Crabb, looking back from extreme old age, tells of his life being raised by Indians and fighting with General Custer.",,,,"drama, vhs",,null,,,79299066,,,,,,,,,,,,,,,,,2026-09-19,1
8g3xna8ohq,movie,"Live Free or Die Hard",,,,"Rental Library",,,"John McClane is back and badder than ever, and this time he calls on the services of a young hacker in his bid to stop a ring of Internet terrorists intent on taking control of America's computer infrastructure.",,,,"action, blu-ray",,null,,,94774778,,,,,,,,,,,,,,,,,2026-09-19,1
xlz9efqjps,movie,"Live Wire Human Timebomb",,,,"Rental Library",,,"A computer chip turns an FBI agent into a lethal weapon.",,,,"action, vhs",,null,,,99883002,,,,,,,,,,,,,,,,,2026-09-19,1
56dpbgtv9x,movie,"Luke and Lucy The Texas Rangers",,,,"Rental Library",,,"Dark City, Texas. A terrible bandit named Jim Parasite runs an illegal whiskey distillery. Parasite wants to become the biggest and has therefore developed a magical powder that can shrink anyone. The local Texas Rangers, led by the brave Ranger Tom, try to stop Parasijt, but are lured into a trap. Tom and his Rangers are shrunk and put into whiskey bottles. In an escape attempt, the bottle containing Ranger Tom ends up in a crate that is shipped to Belgium and thus ends up in the hands of Lambik, who is given a crate of whiskey by Theofiel Boomerang. Suske, Wiske, Aunt Sidonia, Lambik, Jerom, and Professor Barabas hear the story and decide to help Ranger Tom. Barabas will try to enlarge Ranger Tom again, and the rest travel to Dark City to stop Jim Parasijt.",,,,"blu-ray, kids-family",,null,,,28881402,,,,,,,,,,,,,,,,,2026-09-19,1
4jl51hxkbx,movie,"Magic in the Water",,,,"Rental Library",,,"Radio psychologist Jack Black takes his children Joshua and Ashley on a 'vacation' to a lake in British Columbia. While he grinds away at work the children discover that the famous local lake monster ""Orky"" may not be just a gimmick to attract tourists after all. In fact, Orky may enable them to get closer to their workaholic dad, and help stop local polluters who are dumping toxic waste.",,,,"kids-family, vhs",,null,,,59201274,,,,,,,,,,,,,,,,,2026-09-19,1
ri1tfsixoz,movie,"Magnum Force",,,,"Rental Library",,,"""Dirty"" Harry Callahan is a San Francisco Police Inspector on the trail of a group of rogue cops who have taken justice into their own hands. When shady characters are murdered one after another in grisly fashion, only Dirty Harry can stop them.",,,,"action, vhs",,null,,,78119418,,,,,,,,,,,,,,,,,2026-09-19,1
m4x1wqy31h,movie,"Mail to the Chief",,,,"Rental Library",,,"A humorous and inspiring adventure about an ordinary middle school student who strikes up an online friendship with someone bearing the screen name Average Joe, only to discover that he's been corresponding with and giving political advice to the President of the United States.",,,,"kids-family, vhs",,null,,,59168506,,,,,,,,,,,,,,,,,2026-09-19,1
ywh2sz7r71,movie,"Marketa Lazarova",,,,"Rental Library",,,"Mikolás and his brother Adam end up with a young German hostage of noble blood during a robbery. While their clan prepares for the wrath of the German king, Mikolás is sent to pressure his neighbor Lazar into a defense pact. Persuasion fails and he abducts Lazar's daughter Marketa on the eve of her initiation as a nun in an act of vengeance.",,,,"blu-ray, foreign",,null,,,48058618,,,,,,,,,,,,,,,,,2026-09-19,1
obaj4na0an,movie,"Marley & Me",,,,"Rental Library",,,"A newly married couple, in the process of starting a family, learn many of life's important lessons from their trouble-loving retriever, Marley. Packed with plenty of laughs to lighten the load, the film explores the highs and lows of marriage, maturity and confronting one's own mortality, as seen through the lens of family life with a dog.",,,,"blu-ray, kids-family",,null,,,49336570,,,,,,,,,,,,,,,,,2026-09-19,1
8g3xnppohq,movie,"Mary Kate & Ashley's School Dance Party",,,,"Rental Library",,,"Mary-Kate, Ashley and their friends are all excited about the big school dance. Unfortunately, Mary-Kate doesn't have a date yet, and Ashley is nervous about her decision to run for Queen of the Dance. Join the girls as they put on their best outfits and get ready to party because you're invited to dance the night away with Mary-Kate and Ashley.",,,,"kids-family, vhs",,null,,,26725626,,,,,,,,,,,,,,,,,2026-09-19,1
kq7vz1zysl,movie,"Mary Poppins",,,,"Rental Library",,,"In turn of the century London, a magical nanny employs music and adventure to help two neglected children become closer to their father.",,,,"blu-ray, kids-family",,null,,,48255226,,,,,,,,,,,,,,,,,2026-09-19,1
t0bk3ma93y,movie,McBain,,,,"Rental Library",,,"Santos attempts to lead a people's revolt in Colombia to overthrow the Presidente. When his revolt fails and he is killed, his sister Christina goes to New York to find McBain, a lieutenant Santos rescued during the Vietnam War. McBain agrees to help, recruits his old war buddies, raises some cash by killing a few drug dealers, then leads an attack to topple the Colombian government.",,,,"action, vhs",,null,,,80494330,,,,,,,,,,,,,,,,,2026-09-19,1
prwf7l1no7,movie,McCanick,,,,"Rental Library",,,"Over the course of one feverish day, a harried narcotics detective and his reluctant partner frantically track down a recently released convict who knows a secret from the past.",,,,"action, blu-ray",,null,,,29176314,,,,,,,,,,,,,,,,,2026-09-19,1
hetg86u19k,movie,"Memorial Day",,,,"Rental Library",,,"An embittered satellite expert gets the opportunity for revenge against the USA by aiding terrorists in a plan to destroy the country's military base.",,,,"action, vhs",,null,,,81215226,,,,,,,,,,,,,,,,,2026-09-19,1
9dcya3y6rp,movie,"Miracle on 34th Street",,,,"Rental Library",,,"Six-year-old Susan Walker has doubts about childhood's most enduring miracle—Santa Claus. Her mother told her the secret about Santa a long time ago, but, after meeting a special department store Santa who's convinced he's the real thing, Susan is given the most precious gift of all—something to believe in.",,,,"kids-family, vhs",,null,,,60151546,,,,,,,,,,,,,,,,,2026-09-19,1
nxieh7541p,movie,"Mission Impossible",,,,"Rental Library",,,"When Ethan Hunt, the leader of a crack espionage team whose perilous operation has gone awry with no explanation, discovers that a mole has penetrated the CIA, he's surprised to learn that he's the prime suspect. To clear his name, Hunt now must ferret out the real double agent and, in the process, even the score.",,,,"action, vhs",,null,,,78676474,,,,,,,,,,,,,,,,,2026-09-19,1
lsvd9tg7b9,movie,"Mississippi Burning",,,,"Rental Library",,,"Two FBI agents investigating the murder of civil rights workers during the 60s seek to breach the conspiracy of silence in a small Southern town where segregation divides black and white. The younger agent trained in FBI school runs up against the small town ways of his partner, a former sheriff.",,,,"drama, vhs",,null,,,78643706,,,,,,,,,,,,,,,,,2026-09-19,1
7f2u69chd6,movie,Napoleon,,,,"Rental Library",,,"An epic that details the checkered rise and fall of French Emperor Napoleon Bonaparte and his relentless journey to power through the prism of his addictive, volatile relationship with his wife, Josephine.",,,,"kids-family, vhs",,null,,,59954938,,,,,,,,,,,,,,,,,2026-09-19,1
j7s65edqlq,movie,"New Blood",,,,"Rental Library",,,"Alan White is a desperate man; his daughter must have a heart transplant to live. He gets an unexpected visit from his adult son, Danny, a criminal who hasn't spoken to his family in years. Danny lost track of a man marked for death and is afraid to face his merciless crime boss. In Danny's plight, Alan sees a way to save both of his children, already prepared to die in order to donate his heart to his daughter, he will stand in for Danny's escaped hostage.",,,,"action, vhs",,null,,,92520186,,,,,,,,,,,,,,,,,2026-09-19,1
iz50t2mlqm,movie,"New Rose Hotel",,,,"Rental Library",,,"A corporate raider and his henchman use a chanteuse to lure a scientific genius away from his employer and family.",,,,"action, vhs",,null,,,99031034,,,,,,,,,,,,,,,,,2026-09-19,1
obaj4n10an,movie,"Nick & Norah's Infinite Playlist",,,,"Rental Library",,,"Nick cannot stop obsessing over his ex-girlfriend, Tris, until Tris' friend Norah suddenly shows interest in him at a club. Thus begins an odd night filled with ups and downs as the two keep running into Tris and her new boyfriend while searching for Norah's drunken friend, Caroline, with help from Nick's band mates. As the night winds down, the two have to figure out what they want from each other.",,,,"dvd, romantic-comedy",,null,,,40649978,,,,,,,,,,,,,,,,,2026-09-19,1
ayqsli6psz,movie,"Night of the Fox",,,,"Rental Library",,,"Fox Night movie was made in 1996. This film is a product of the Iranian country in the genre of action and mystery genre. Mohammad Motoselani, Hossein Yaryar and Gholamhossein Lotfi have been featured in the film.",,,,"action, vhs",,null,,,80396026,,,,,,,,,,,,,,,,,2026-09-19,1
e90aguq5u2,movie,"No Good Deed",,,,"Rental Library",,,"While doing a friend a favor and searching for a runaway teenager, a police detective stumbles upon a bizarre band of criminals about to pull off a bank robbery.",,,,"action, vhs",,null,,,00800506,,,,,,,,,,,,,,,,,2026-09-19,1
fto3udwe5y,movie,"North by Northwest",,,,"Rental Library",,,"Advertising man Roger Thornhill is mistaken for a spy, triggering a deadly cross-country chase.",,,,"thriller, vhs",,null,,,78348794,,,,,,,,,,,,,,,,,2026-09-19,1
gaklxr9bt4,movie,Notorious,,,,"Rental Library",,,"In order to help bring Nazis to justice, U.S. government agent T.R. Devlin recruits Alicia Huberman, the American daughter of a convicted German war criminal, as a spy. As they begin to fall for one another, Alicia is instructed to win the affections of Alexander Sebastian, a Nazi hiding out in Brazil. When Sebastian becomes serious about his relationship with Alicia, the stakes get higher, and Devlin must watch her slip further undercover.",,,,"thriller, vhs",,null,,,79266298,,,,,,,,,,,,,,,,,2026-09-19,1
6umrpae8dt,movie,"O Lucky Man!",,,,"Rental Library",,,"An ambitious coffee salesman has a series of improbable and ironic adventures seemingly designed to challenge his naive idealism.",,,,"drama, vhs",,null,,,26397946,,,,,,,,,,,,,,,,,2026-09-19,1
dmnwyk9u84,movie,"October 22",,,,"Rental Library",,,"A wounded man makes a desperate call, reporting that a gunman is holding a coffee shop hostage and shooting anyone he pleases -- but when the SWAT team shows up, the madman opens fire. Through flashbacks, a waitress serves an array of customers, all of whom are blissfully unaware of how their lives will be horrifically changed.",,,,"action, vhs",,null,,,98736122,,,,,,,,,,,,,,,,,2026-09-19,1
w1eo2vxisd,movie,"On the Down 'N Low",,,,"Rental Library",,,"Most cops start at the bottom and work their way to the top, but in this heated urban crime thriller the officers sworn to protect and serve walk a dark path of corruption and destruction as they gradually succumb to their deepest criminal instincts. When two decorated police officers pound the pavement on a mission to take down the most vicious mobsters and drug dealers on the streets, their quest to purify the corrosive cesspool of a city they call home soon leads them into the upper-most ranks of the force.",,,,"drama, vhs",,null,,,92487418,,,,,,,,,,,,,,,,,2026-09-19,1
bpy7jxgcho,movie,"Once Upon a Time in the West",,,,"Rental Library",,,"As the railroad builders advance unstoppably through the Arizona desert on their way to the sea, Jill arrives in the small town of Flagstone with the intention of starting a new life.",,,,"action, vhs",,null,,,26561786,,,,,,,,,,,,,,,,,2026-09-19,1
6umrpa68dt,movie,"One Tough Cop",,,,"Rental Library",,,"A detective tries to remain loyal to his partner, and his best friend - a mobster.",,,,"action, vhs",,null,,,92454650,,,,,,,,,,,,,,,,,2026-09-19,1
8g3xnn0ohq,movie,"Only the Lonely",,,,"Rental Library",,,"Danny Muldoon, a Chicago policeman, still lives with his overbearing mother Rose. He meets and falls in love with Theresa Luna, whose father owns the local funeral parlour. Naturally, his mother objects to the relationship, and Danny and Theresa must either overcome her objections or give up the romance.",,,,"romantic-comedy, vhs",,null,,,92323578,,,,,,,,,,,,,,,,,2026-09-19,1
xlz9eewjps,movie,"Out for Justice",,,,"Rental Library",,,"Gino Felino is an NYPD detective from Brooklyn who knows everyone and everything in his neighborhood. Killing his partner was someone's big mistake... because he's now out for justice.",,,,"action, vhs",,null,,,80985850,,,,,,,,,,,,,,,,,2026-09-19,1
ri1tfflxoz,movie,"Out of Reach",,,,"Rental Library",,,"Vietnam veteran Billy Ray Lancing, a former CSA agent who now works on a wildlife refuge in Northern Alaska, has been exchanging letters in a pen-pal relationship with Irina Morawska, a 13-year-old orphaned girl in Poland that he's helping out financially. When the letters suddenly stop coming, Billy heads to Poland to figure out why -- only to discover that the orphanage that Irina was staying in, which is financed by honest -- and unsuspecting -- good-intentioned Samaritans, is a cover for a human trafficking network.",,,,"action, vhs",,null,,,80887546,,,,,,,,,,,,,,,,,2026-09-19,1
0cpqkk3dcu,movie,"Outlaw Justice",,,,"Rental Library",,,"In the tradition of THE WILD BUNCH and THE MAGNIFICENT SEVEN comes this fast paced, action filled western with unforgettable performances by an all star cast: Kris Kristofferson, Willie Nelson, Travis Tritt and Waylon Jennings. All hell breaks loose in this riveting story when a group of former outlaws with bad attitudes teams up to catch a killer with murder and revenge on his mind. After Tobey(Jennings), a retired member of the group, is brutally gunned down by a former member and killer, Clinton Reese, our band of reformed gunslingers, Lee (Nelson, Tarence (Kristofferson), and Dalton (Tritt), sets out on Clinton's Trail. They are joined by Tobeys reluctatant young son Bryce (Willett).",,,,"action, vhs",,null,,,92585722,,,,,,,,,,,,,,,,,2026-09-19,1
m4x1wwr31h,movie,Overboard,,,,"Rental Library",,,"Heiress Joanna Stayton hires carpenter Dean Proffitt to build a closet on her yacht—and refuses to pay him for the project when it's done. But after Joanna accidentally falls overboard and loses her memory, Dean sees an opportunity to get even.",,,,"romantic-comedy, vhs",,null,,,91897594,,,,,,,,,,,,,,,,,2026-09-19,1
ywh2sshr71,movie,"Pale Rider",,,,"Rental Library",,,"A mysterious preacher protects a humble prospector village from a greedy mining company trying to encroach on their land.",,,,"action, vhs",,null,,,00407290,,,,,,,,,,,,,,,,,2026-09-19,1
obaj44p0an,movie,Patton,,,,"Rental Library",,,"""Patton"" tells the tale of General George S. Patton, famous tank commander of World War II. The film begins with Patton's career in North Africa and progresses through the invasion of Germany and the fall of the Third Reich. Side plots also speak of Patton's numerous faults such his temper and habit towards insubordination.",,,,"drama, vhs",,null,,,26430714,,,,,,,,,,,,,,,,,2026-09-19,1
cnrhqqjmmk,movie,"Perfect Harmony",,,,"Rental Library",,,"During the 1950s, a private school in the south undergoes racial tension as it experiences desegregation. Can a love of music help ease the pain?",,,,"kids-family, vhs",,null,,,59430650,,,,,,,,,,,,,,,,,2026-09-19,1
8g3xnnnohq,movie,"Play Misty For Me",,,,"Rental Library",,,"A brief fling between a late-night radio disc jockey and an obsessed female fan takes a frightening turn when another woman enters the picture.",,,,"thriller, vhs",,null,,,79430138,,,,,,,,,,,,,,,,,2026-09-19,1
kq7vzzsysl,movie,"Playing God",,,,"Rental Library",,,"Stripped of his medical license after performing an operation while high on amphetamines, famed LA surgeon Dr Eugene Sands abandons his former life only to find himself crossing paths with Raymond Blossom, an infamous counterfeiter. Employed as a ""gun-shot doctor"" when Raymond's associates cannot risk visiting a hospital, Eugene is lured deep into the criminal world and becomes entangled with his boss's girlfriend.",,,,"thriller, vhs",,null,,,92094202,,,,,,,,,,,,,,,,,2026-09-19,1
t0bk33p93y,movie,"Pooh's Grand Adventure",,,,"Rental Library",,,"Pooh gets confused when Christopher Robin leaves him a note to say that he has gone back to school after the holidays. So Pooh, Piglet, Tigger, Eeyore and Rabbit go in search of Christopher Robin which leads to a big adventure.",,,,"kids-family, vhs",,null,,,61134586,,,,,,,,,,,,,,,,,2026-09-19,1
prwf77zno7,movie,"Prisoner of RI",,,,"Rental Library",,,"The story of the great train robber Ronald Biggs.",,,,"action, vhs",,null,,,81051386,,,,,,,,,,,,,,,,,2026-09-19,1
3kjzii1arj,movie,"Raw Target",,,,"Rental Library",,,"This high-powered action flick follows kickboxing champion Johnny Rider, who quits the ring after accidentally killing an opponent but is forced to employ his skills again to avenge the death of his brother at the hands of crime boss Rod Sparks (Nicholas Hill). After infiltrating Rod's gang, Johnny is targeted himself by Bill Williams (Ron Hall), a cop seeking revenge for the death of his own brother -- the fighter killed by Johnny.",,,,"action, vhs",,null,,,92356346,,,,,,,,,,,,,,,,,2026-09-19,1
hetg88g19k,movie,"Red Dawn (1984)",,,,"Rental Library",,,"It is the dawn of World War III. In mid-western America, a group of teenagers band together to defend their town—and their country—from invading Soviet forces.",,,,"action, blu-ray",,null,,,94545402,,,,,,,,,,,,,,,,,2026-09-19,1
nxiehhv41p,movie,"Resurrection Man",,,,"Rental Library",,,"Belfast, in 1970s. Victor Kelly is a young protestant man who hates the Catholics so much that one night he begins to brutally murder them. A reporter soon tries to uncover the murder and obtained prestige for himself, while Victor sinks deeper into madness.",,,,"action, vhs",,null,,,99686394,,,,,,,,,,,,,,,,,2026-09-19,1
lsvd99b7b9,movie,SCAM,,,,"Rental Library",,,"A female con-artist who sweet-talks wealthy men targeted by her violent boyfriend, then drugs them and makes off with their money, is being herself being watched by another man. He wants to use her talents in a much-bigger scam: ripping off a crime lord by getting at his programmer's computer files. But she starts to have doubts about what he's really after when she finds a huge stash of loot with the disks. He claims no knowledge of the money, she distrusts him, he's using her, things start getting dangerous and even murderous - and then her boyfriend shows up ! Who's scamming whom ?",,,,"action, vhs",,null,,,99489786,,,,,,,,,,,,,,,,,2026-09-19,1
7f2u66mhd6,movie,"Shadow of the Wolf",,,,"Rental Library",,,"In the 1930s, Agaguk lives his traditional Inuit life. But one day, there is a murder in the tribe and Agaguk becomes a suspect. Soon he becomes persecuted by Henderson, a mean mountie, and he must flee through the cold winter of Northern Quebec.",,,,"action, vhs",,null,,,79904506,,,,,,,,,,,,,,,,,2026-09-19,1
j7s655uqlq,movie,"Shaft (2000)",,,,"Rental Library",,,"New York police detective John Shaft arrests Walter Wade Jr. for a racially motivated slaying. But the only eyewitness disappears, and Wade jumps bail for Switzerland. Two years later Wade returns to face trial, confident his money and influence will get him acquitted -- especially since he's paid a drug kingpin to kill the witness.",,,,"action, vhs",,null,,,98539514,,,,,,,,,,,,,,,,,2026-09-19,1
u34irrsgnz,movie,"Shaft's Big Score",,,,"Rental Library",,,"John Shaft is back as the lady-loved black detective cop on the search for the murderer of a client.",,,,"action, vhs",,null,,,80133882,,,,,,,,,,,,,,,,,2026-09-19,1
iz50tt3lqm,movie,"Sharky's Machine",,,,"Rental Library",,,"Police officer Tom Sharky gets busted back to working vice, where he happens upon a scandalous conspiracy involving a local politician. Sharky's new 'machine' gathers evidence while Sharky falls in love with a woman he has never met.",,,,"action, vhs",,null,,,81149690,,,,,,,,,,,,,,,,,2026-09-19,1
obaj44z0an,movie,"Silence like Glass",,,,"Rental Library",,,"True story of two diametrically opposed young women dealing with terminal illness.",,,,"drama, vhs",,null,,,92225274,,,,,,,,,,,,,,,,,2026-09-19,1
ayqsll8psz,movie,"Silent Trigger",,,,"Rental Library",,,"Waxman is a former Special Forces soldier who is now working as a heavily armed assassin for a top secret government agency. When a covert mission goes terribly wrong, Waxman and fellow assassin Clegg become that agency's prime targets.",,,,"action, vhs",,null,,,81542906,,,,,,,,,,,,,,,,,2026-09-19,1
v8uncc726q,movie,"Silk 2",,,,"Rental Library",,,"Silk, the smoothest, toughest, and sexiest cop in Honolulu is hot on the trail of ruthless art smugglers who are after a priceless Asian Scroll. Silk will stop at nothing to get her man, even if it means blowing up an entire building.",,,,"thriller, vhs",,null,,,00112378,,,,,,,,,,,,,,,,,2026-09-19,1
fto3uuie5y,movie,Sing,,,,"Rental Library",,,"A koala named Buster recruits his best friend to help him drum up business for his theater by hosting a singing competition.",,,,"blu-ray, kids-family",,null,,,48091386,,,,,,,,,,,,,,,,,2026-09-19,1
gaklxx6bt4,movie,"Small Time Crooks",,,,"Rental Library",,,"A loser of a crook and his wife strike it rich when a botched bank job's cover business becomes a spectacular success.",,,,"comedy, vhs",,null,,,35144698,,,,,,,,,,,,,,,,,2026-09-19,1
6umrpp58dt,movie,"Some Girls",,,,"Rental Library",,,"While on Christmas break, college student Michael journeys to Quebec City to spend time with his attractive girlfriend, Gabriella. Not long after he arrives, Gabriella breaks up with him, but her two equally gorgeous sisters waste no time showing romantic interest. In the meantime, Michael is left to deal with Gabriella's eccentric grandmother and offbeat father, an academic who spends most of his time naked.",,,,"romantic-comedy, vhs",,null,,,34915322,,,,,,,,,,,,,,,,,2026-09-19,1
dmnwyy6u84,movie,"Some Like it Hot",,,,"Rental Library",,,"In Prohibition-era Chicago, musicians Joe and Jerry witness a mob hit, and flee the state in an all-female band disguised as Josephine and Daphne, but further complications set in.",,,,"romantic-comedy, vhs",,null,,,92258042,,,,,,,,,,,,,,,,,2026-09-19,1
2og4mmetqt,movie,"Something's Gotta Give",,,,"Rental Library",,,"When perpetually single, aging music industry exec Harry Sanborn, and his latest trophy girlfriend, Marin, arrive at her mother's beach house in the Hamptons, they find that her mother, playwright Erica Barry, also plans to stay for the weekend. Erica is scandalized by the relationship and Harry's sexist ways. But when Harry has a heart attack while there, and the doctor prescribes bedrest, his only option is to stay at the Barry home. Left in the care of Erica and his doctor, a love triangle starts to take shape.",,,,"romantic-comedy, vhs",,null,,,78381562,,,,,,,,,,,,,,,,,2026-09-19,1
qhf8vvjwe4,movie,"South Bronx Heroes",,,,"Rental Library",,,"A young man just released from prison and living with his sister crosses paths with two children, also brother and sister, who are on the run from their child pornographer foster parents.",,,,"action, vhs",,null,,,99227642,,,,,,,,,,,,,,,,,2026-09-19,1
bpy7jjbcho,movie,"Starship Troopers 2",,,,"Rental Library",,,"A group of troopers take refuge in an abandoned outpost after fighting alien bugs, failing to realize that more danger lays in wait.",,,,"sci-fi, vhs",,null,,,78152186,,,,,,,,,,,,,,,,,2026-09-19,1
6umrpno8dt,movie,"Stealing Time",,,,"Rental Library",,,"When a down-on-his-luck inventor builds a time machine to change the past, he unwittingly sets off a disastrous chain of events.",,,,"action, vhs",,null,,,81018618,,,,,,,,,,,,,,,,,2026-09-19,1
8g3xn4dohq,movie,Sticks,,,,"Rental Library",,,"Sticks is an off-beat noir comedy about a smugglar of Cuban cigars who gets involved, and ultimately falls in love, with a Cuban revolutionary who's in the U.S. trading cigars for guns. The two join forces to sell a large (stolen) shipment of Castro's private label cigar, the famed ""El Mariposa"", and suddenly they find themselves enmeshed in the seedy underbelly of a mob-run cigar smuggling ring that's being monitored by the feds.",,,,"action, vhs",,null,,,98965498,,,,,,,,,,,,,,,,,2026-09-19,1
xlz9e5ijps,movie,"Sudden Impact",,,,"Rental Library",,,"When a young rape victim takes justice into her own hands and becomes a serial killer, it's up to Dirty Harry Callahan, on suspension from the SFPD, to bring her to justice.",,,,"action, vhs",,null,,,79233530,,,,,,,,,,,,,,,,,2026-09-19,1
4jl51zqkbx,movie,"Suite 16",,,,"Rental Library",,,"After an argument and fight with a wealthy one night stand in a posh hotel, young hustler Chris finds himself trapped inside. With nowhere to go and the cops closing in on the hotel fast, he wanders into ""Suite 16"" in a fit of despair. Inside, a handicapped and wheelchair bound Glover is held captive for the evening once discovered by Chris. However, things change the next day when Glover informs Chris that the woman he slept with is now dead; and that he surely will be sought out for her murder. Lonely and bored, Glover offers to shelter Chris for awhile while the cuts and bruises from the previous nights escapades have time to heal.",,,,"thriller, vhs",,null,,,97949690,,,,,,,,,,,,,,,,,2026-09-19,1
ri1tfe7xoz,movie,"Sweet Dreams",,,,"Rental Library",,,"The story of Patsy Cline, the velvet-voiced country music singer who died in a tragic plane crash at the height of her fame.",,,,"drama, vhs",,null,,,78873082,,,,,,,,,,,,,,,,,2026-09-19,1
0cpqkyadcu,movie,"Taken 2",,,,"Rental Library",,,"In Istanbul, retired CIA operative Bryan Mills and his wife are taken hostage by the father of a kidnapper Mills killed while rescuing his daughter.",,,,"blu-ray, thriller",,null,,,47927546,,,,,,,,,,,,,,,,,2026-09-19,1
m4x1wix31h,movie,"Tender Mercies",,,,"Rental Library",,,"Alcoholic former country singer Mac Sledge makes friends with a young widow and her son. The friendship enables him to find inspiration to resume his career.",,,,"drama, vhs",,null,,,79102458,,,,,,,,,,,,,,,,,2026-09-19,1
ywh2sf1r71,movie,"The Age of Innocence",,,,"Rental Library",,,"In 19th century New York high society, a young lawyer falls in love with a woman separated from her husband, while he is engaged to the woman's cousin.",,,,"drama, vhs",,null,,,78184954,,,,,,,,,,,,,,,,,2026-09-19,1
obaj4kn0an,movie,"The Animal",,,,"Rental Library",,,"When loser Marvin Mange is involved in a horrible car accident, he's brought back to life by a deranged scientist as half man and half animal. His newfound powers are awesome -- but their adverse side effects could take over his life. Now, Marvin must fight to control his crazy primal urges around his new squeeze, Rianna, and his rival, Sgt. Sisk, who both think he's one cool cat.",,,,"comedy, vhs",,null,,,91930362,,,,,,,,,,,,,,,,,2026-09-19,1
cnrhqwqmmk,movie,"The Apostle",,,,"Rental Library",,,"After his happy life spins out of control, a preacher from Texas changes his name, goes to Louisiana and starts preaching on the radio.",,,,"drama, vhs",,null,,,79462906,,,,,,,,,,,,,,,,,2026-09-19,1
kq7vzsfysl,movie,"The Baby Sitters Club",,,,"Rental Library",,,"Seven junior-high-school girls organize a daycare camp for children while at the same time experiencing classic adolescent growing pains.",,,,"kids-family, vhs",,null,,,60380922,,,,,,,,,,,,,,,,,2026-09-19,1
t0bk3an93y,movie,"The Best Exotic Marigold Hotel",,,,"Rental Library",,,"British retirees travel to India to take up residence in what they believe is a newly restored hotel. Less luxurious than its advertisements, the Marigold Hotel nevertheless slowly begins to charm in unexpected ways as the residents find new purpose in their old age.",,,,"blu-ray, comedy",,null,,,28946938,,,,,,,,,,,,,,,,,2026-09-19,1
prwf7hsno7,movie,"The Brave Little Toaster",,,,"Rental Library",,,"A group of dated appliances, finding themselves stranded in a summer home that their family had just sold, decide to seek out their eight year old 'master'.",,,,"kids-family, vhs",,null,,,61757178,,,,,,,,,,,,,,,,,2026-09-19,1
3kjzilzarj,movie,"The Dead Pool",,,,"Rental Library",,,"Dirty Harry Callahan returns for his final film adventure. Together with his partner Al Quan, he must investigate the systematic murder of prominent figures. By the time Harry learns that the murders are part of a sick game to predict such deaths, it may be too late.",,,,"action, vhs",,null,,,78971386,,,,,,,,,,,,,,,,,2026-09-19,1
hetg8ob19k,movie,"The Devil's Own",,,,"Rental Library",,,"Frankie McGuire, one of the IRA's deadliest assassins, draws an American family into the crossfire of terrorism. But when he is sent to the U.S. to buy weapons, Frankie is housed with the family of Tom O'Meara, a New York cop who knows nothing about Frankie's real identity. Their surprising friendship, and Tom's growing suspicions, forces Frankie to choose between the promise of peace or a lifetime of murder.",,,,"thriller, vhs",,null,,,78512634,,,,,,,,,,,,,,,,,2026-09-19,1
9dcyapx6rp,movie,"The Enforcer",,,,"Rental Library",,,"An undercover cop struggling to provide for his son and ailing wife, must infiltrate a ruthless gang. But things turn sour when another cop blows his cover and he quickly finds himself battling for his life and the lives of his family.",,,,"action, vhs",,null,,,78905850,,,,,,,,,,,,,,,,,2026-09-19,1
nxieh1241p,movie,"The Final Alliance",,,,"Rental Library",,,"A drifter and his pet puma stand up against a motorcycle gang in a small American town.",,,,"action, vhs",,null,,,80461562,,,,,,,,,,,,,,,,,2026-09-19,1
lsvd96c7b9,movie,"The Foreigner",,,,"Rental Library",,,"This story is about a freelance agent who is the courier of a package from France to Germany. He soon finds that many people want to get their hands on it.",,,,"action, vhs",,null,,,80953082,,,,,,,,,,,,,,,,,2026-09-19,1
7f2u683hd6,movie,"The Goodbye Bird",,,,"Rental Library",,,"A teenager finds himself in hot water when his school principal accuses him of stealing her prized, talking parrot. But with the help of a kindly veterinarian, he solves the case of the purloined bird and learns the value of helping those who need it most.",,,,"kids-family, vhs",,null,,,59463418,,,,,,,,,,,,,,,,,2026-09-19,1
j7s65vgqlq,movie,"The Great Escape",,,,"Rental Library",,,"The Nazis, exasperated at the number of escapes from their prison camps by a relatively small number of Allied prisoners, relocate them to a high-security 'escape-proof' camp to sit out the remainder of the war. Undaunted, the prisoners plan one of the most ambitious escape attempts of World War II. Based on a true story.",,,,"action, vhs",,null,,,92192506,,,,,,,,,,,,,,,,,2026-09-19,1
u34irxfgnz,movie,"The Internship",,,,"Rental Library",,,"Two recently laid-off men in their 40s try to make it as interns at a successful Internet company where their managers are in their 20s.",,,,"blu-ray, comedy",,null,,,94578170,,,,,,,,,,,,,,,,,2026-09-19,1
iz50t9alqm,movie,"The Jungle King",,,,"Rental Library",,,"A reluctant lion king has his paws full trying to save his jungle kingdom in this marvellous animated, song-filled classic for the entire family!",,,,"kids-family, vhs",,null,,,59266810,,,,,,,,,,,,,,,,,2026-09-19,1
obaj4ks0an,movie,"The Karate Kid Part III",,,,"Rental Library",,,"Despondent over the closing of his karate school, Cobra Kai teacher John Kreese joins a ruthless businessman and martial artist to get revenge on Daniel and Mr. Miyagi.",,,,"kids-family, vhs",,null,,,92028666,,,,,,,,,,,,,,,,,2026-09-19,1
ayqsl7opsz,movie,"The Last of the Mohicans",,,,"Rental Library",,,"In war-torn colonial America, in the midst of a bloody battle between British, the French and Native American allies, the aristocratic daughter of a British Colonel and her party are captured by a group of Huron warriors. Fortunately, a group of three Mohican trappers comes to their rescue.",,,,"action, vhs",,null,,,78709242,,,,,,,,,,,,,,,,,2026-09-19,1
e90agbi5u2,movie,"The Little Rascals",,,,"Rental Library",,,"When nine-year-old Alfalfa falls for Darla, his ""He-Man-Woman-Hating"" friends attempt to sabotage their relationship.",,,,"kids-family, vhs",,null,,,59791098,,,,,,,,,,,,,,,,,2026-09-19,1
v8uncmh26q,movie,"The Lost Capone",,,,"Rental Library",,,"While Al Capone works his way up from top-dog street gang thug captain in Chicago to U.S. crime king, his brother Jimmy Capone chooses the righteous way, actually with father's blessing, leaving Illinois for small town Harmony in Nebraska, where he adopts the alias Richard Hart, marries teacher Kathleen, has offspring and becomes its incorruptible town marshal, with a loyal Indian deputy. When his efficient fight against Al's illegal alcohol trade starts to bite financially, the gang's top lawyer is sent to buy 'Hart' or order his death, but recognizes Jimmy and arranges a fraternal reunion in Chicago. Yet money nor threats can turn Jimmy bad...",,,,"drama, vhs",,null,,,81805050,,,,,,,,,,,,,,,,,2026-09-19,1
fto3ugle5y,movie,"The Mask of Zorro",,,,"Rental Library",,,"It has been twenty years since Don Diego de la Vega fought Spanish oppression in Alta California as the legendary romantic hero, Zorro. Having escaped from prison he transforms troubled bandit Alejandro into his successor, in order to foil the plans of the tyrannical Don Rafael Montero who robbed him of his freedom, his wife and his precious daughter.",,,,"action, vhs",,null,,,98211834,,,,,,,,,,,,,,,,,2026-09-19,1
gaklxj8bt4,movie,"The Miracle Worker",,,,"Rental Library",,,"Devoted teacher Anne Sullivan leads deaf, blind and mute Helen Keller out of solitude and helps integrate her into the world.",,,,"kids-family, vhs",,null,,,59496186,,,,,,,,,,,,,,,,,2026-09-19,1
6umrpnv8dt,movie,"The Muppet Christmas Carol",,,,"Rental Library",,,"A retelling of the classic Dickens tale of Ebenezer Scrooge, miser extraordinaire. He is held accountable for his dastardly ways during nighttime visitations by the Ghosts of Christmas Past, Present and Future.",,,,"kids-family, vhs",,null,,,60905210,,,,,,,,,,,,,,,,,2026-09-19,1
dmnwyr8u84,movie,"The Paper Brigade",,,,"Rental Library",,,"A 14 year old boy named Gunther moves to a small town with his parents and little brother. He meets up with a group of overly charitable paper boys who want him to sub for their friend while he's out of town. Gunther agrees so he can get enough money for concert tickets to take his blonde and beautiful crush too, all the while dealing with Chad, her wannabe boyfriend and his bully friends. All in all, Gunther learns to respect himself and other people and to have fun during it all.",,,,"kids-family, vhs",,null,,,60020474,,,,,,,,,,,,,,,,,2026-09-19,1
2og4m35tqt,movie,"The Patriot",,,,"Rental Library",,,"After proving himself on the field of battle in the French and Indian War, Benjamin Martin wants nothing more to do with such things, preferring the simple life of a farmer. But when his son Gabriel enlists in the army to defend their new nation, America, against the British, Benjamin reluctantly returns to his old life to protect his son.",,,,"action, vhs",,null,,,79167994,,,,,,,,,,,,,,,,,2026-09-19,1
w1eo2tqisd,movie,"The Puppet Masters",,,,"Rental Library",,,"The Midwest USA is invaded by stingray-shaped alien slugs that ride on people's backs and control their minds in order to spread their dominion. Government agency reps Sam Givens, Andrew Nivens, and Mary Sefton must stop the aliens.",,,,"thriller, vhs",,null,,,34980858,,,,,,,,,,,,,,,,,2026-09-19,1
qhf8v2qwe4,movie,"The Road",,,,"Rental Library",,,"The road through the wood is said to be haunted; but are the ghosts from the past or the future?",,,,"dvd, sci-fi",,null,,,41534714,,,,,,,,,,,,,,,,,2026-09-19,1
bpy7jwmcho,movie,"The SecretKingdom",,,,"Rental Library",,,"Three kids discover a tiny kingdom beneath their kitchen sink and are drawn inside, becoming involved with the miniature world's civil war.",,,,"kids-family, vhs",,null,,,26692858,,,,,,,,,,,,,,,,,2026-09-19,1
6umrp408dt,movie,"The Stick Up",,,,"Rental Library",,,"Duke Turnbeau (David Soul) has come to England, in the 1930s, as a way to improve his fortunes. For some reason, he believes that his larcenous ways will bring him prosperity in the country which at one time or another has had rulership over a large portion of the globe. While there, he meets Rosie McCratchit (Pamela McMyler), a lovely Irish gal who could do with some improvement in her fortunes as well. Together, they have a series of legal, quasi-legal and definitely illegal adventures, including Duke's cow-roping and Rosie's response to the mud-wrestling challenge of the Amazon Lady, as well as an attempted armored-car robbery.",,,,"action, vhs",,null,,,98473978,,,,,,,,,,,,,,,,,2026-09-19,1
8g3xnkuohq,movie,"The Swan Princess",,,,"Rental Library",,,"The beautiful princess Odette is transformed into a swan by an evil sorcerer's spell. Held captive at an enchanted lake, she befriends Jean-Bob the frog, Speed the turtle and Puffin the bird. Despite their struggle to keep the princess safe, these good-natured creatures can do nothing about the sorcerer's spell, which can only be broken by a vow of everlasting love.",,,,"kids-family, vhs",,null,,,60937978,,,,,,,,,,,,,,,,,2026-09-19,1
xlz9evljps,movie,"The Water Horse",,,,"Rental Library",,,"A lonely boy discovers a mysterious egg that hatches a sea creature of Scottish legend.",,,,"blu-ray, kids-family",,null,,,49041658,,,,,,,,,,,,,,,,,2026-09-19,1
56dpbm8v9x,movie,"The World is Not Enough",,,,"Rental Library",,,"Greed, revenge, world dominance and high-tech terrorism – it's all in a day's work for Bond, who's on a mission to protect a beautiful oil heiress from a notorious terrorist. In a race against time that culminates in a dramatic submarine showdown, Bond works to defuse the international power struggle that has the world's oil supply hanging in the balance.",,,,"action, blu-ray",,null,,,28979706,,,,,,,,,,,,,,,,,2026-09-19,1
4jl51swkbx,movie,"Thelma & Louise",,,,"Rental Library",,,"Taking a break from their dreary lives, close friends Thelma and Louise embark on a short weekend trip that ends in unforeseen incriminating circumstances. As fugitives, both women rediscover the strength of their bond and their newfound resilience.",,,,"drama, vhs",,null,,,78545402,,,,,,,,,,,,,,,,,2026-09-19,1
ri1tf5hxoz,movie,"Three Wishes",,,,"Rental Library",,,"Three Wishes is a Hong Kong Comedy starring Anita Mui",,,,"kids-family, vhs",,null,,,58840826,,,,,,,,,,,,,,,,,2026-09-19,1
0cpqkrpdcu,movie,"Thunderbolt and Lightfoot",,,,"Rental Library",,,"With the help of an irreverent young sidekick, a bank robber gets his old gang back together to organise a daring new heist.",,,,"action, vhs",,null,,,79004154,,,,,,,,,,,,,,,,,2026-09-19,1
m4x1wlj31h,movie,"To Catch of Thief",,,,"Rental Library",,,"Documentary of the making of Alfred Hitchcock's classic 1955 tale.",,,,"action, vhs",,null,,,81084154,,,,,,,,,,,,,,,,,2026-09-19,1
ywh2sezr71,movie,"Toy Story 2",,,,"Rental Library",,,"Andy heads off to Cowboy Camp, leaving his toys to their own devices. Things shift into high gear when an obsessive toy collector named Al McWhiggen, owner of Al's Toy Barn kidnaps Woody. Andy's toys mount a daring rescue mission, Buzz Lightyear meets his match and Woody has to decide where he and his heart truly belong.",,,,"kids-family, vhs",,null,,,60872442,,,,,,,,,,,,,,,,,2026-09-19,1
obaj4y40an,movie,"True Romance",,,,"Rental Library",,,"Clarence marries hooker Alabama, steals cocaine from her pimp, and tries to sell it in Hollywood, while the owners of the coke try to reclaim it.",,,,"action, vhs",,null,,,98899962,,,,,,,,,,,,,,,,,2026-09-19,1
cnrhqiwmmk,movie,Tsotsi,,,,"Rental Library",,,"A young South African boy from the Johannesburg ghetto named Tsotsi, meaning Gangster, leaves home as a child to get away from his helpless parents. Now a teenage thug, Tsotsi finds a baby in the back seat of a car he's just stolen. He decides that it is his responsibility to care for the infant and in the process learns that maybe the criminal life isn’t the best way.",,,,"dvd, thriller",,null,,,41469178,,,,,,,,,,,,,,,,,2026-09-19,1
8g3xnkkohq,movie,"Urban Legends Final Cut",,,,"Rental Library",,,"The making of a horror movie takes on a terrifying reality for students at the most prestigious film school in the country. At Alpine University, someone is determined to win the best film award at any cost - even if it means eliminating the competition. No one is safe and everyone is a suspect.",,,,"horror, vhs",,null,,,78316026,,,,,,,,,,,,,,,,,2026-09-19,1
kq7vzfeysl,movie,Vivah,,,,"Rental Library",,,"Poonam, a traditionally brought-up young woman, is to marry Prem, a groom chosen by her uncle. Poonam and Prem's faith and love are to be tested however, when an accident occurs and Poonam might be scarred for life.",,,,"blu-ray, foreign",,null,,,28815866,,,,,,,,,,,,,,,,,2026-09-19,1
t0bk3p493y,movie,"Welcome to Sarajevo",,,,"Rental Library",,,"Follow a group of international journalists into the heart of the once cosmopolitan city of Sarajevo—now a danger zone of sniper and mortar attacks where residents still live. While reporting on an American aid worker who’s trying to get children out of the country, a British correspondent decides to take an orphaned girl home to London.",,,,"drama, vhs",,null,,,79806202,,,,,,,,,,,,,,,,,2026-09-19,1
prwf71fno7,movie,"Wild Card",,,,"Rental Library",,,"When a Las Vegas bodyguard with lethal skills and a gambling problem gets in trouble with the mob, he has one last play… and it's all or nothing.",,,,"action, vhs",,null,,,00472826,,,,,,,,,,,,,,,,,2026-09-19,1
3kjzi7sarj,movie,Wisdom,,,,"Rental Library",,,"Unable to find work after a past felony, graduate John Wisdom and his girlfriend embark on a cross-country bank-robbing spree in order to aid American farmers.",,,,"action, vhs",,null,,,81313530,,,,,,,,,,,,,,,,,2026-09-19,1
hetg80c19k,movie,"Wishbone's Dog Days of the West",,,,"Rental Library",,,"In the dusty town of Chaparosa, Texas, one one knows how to tame the land better than Long Bill Longley and his best friend Tom Merwin. But, can our two heroes tame the resident bad guy, Calliope Catesby, before he destroys the town? Meanwhile, In Oakdale, Wanda Gilmore has also become quite a hero. That is, until a sneaky TV reporter tries to paint her as the town tyrant. Will Wishbone and his friends come to Wanda's rescue before it's too late! Or will Wanda watch her reputation ride off into the sunset?",,,,"kids-family, vhs",,null,,,26758394,,,,,,,,,,,,,,,,,2026-09-19,1
9dcyanj6rp,movie,"Woman with a Past",,,,"Rental Library",,,"A woman lives a normal life with her second husband and her two sons of the first marriage. One day she is caught by her past and the film reveales in flashbacks her stations of life until the day the police found her in her new life: First marriage, alcohol addiction, robberies, prison, escape from prison, search for work, second marriage, fight for the children,... In the end she has not only to fight for her freedom but also for the respect and love of her betrayed children and husband.",,,,"thriller, vhs",,null,,,00603898,,,,,,,,,,,,,,,,,2026-09-19,1
nxiehzt41p,movie,"Yellow Submarine",,,,"Rental Library",,,"The wicked Blue Meanies take over Pepperland, eliminating all color and music. As the only survivor, the Lord Admiral escapes in the yellow submarine and journeys to Liverpool to enlist the help of the Beatles.",,,,"dvd, musical",,null,,,40912122,,,,,,,,,,,,,,,,,2026-09-19,1
lsvd98m7b9,movie,"007: Tomorrow Never Dies",,,,"Rental Library",,,"A deranged media mogul is staging international incidents to pit the world's superpowers against each other. Now James Bond must take on this evil mastermind in an adrenaline-charged battle to end his reign of terror and prevent global pandemonium.",,,,"action, vhs",,null,,,50864890,,,,,,,,,,,,,,,,,2026-09-19,1
7f2u6oahd6,movie,"A Guy Thing",,,,"Rental Library",,,"Paul Morse is a good guy. When his friends throw him a wild bachelor party, he just wants to keep his conscience clean -- which is why he's shocked when he wakes up in bed with a beautiful girl named Becky and can't remember the night before. Desperate to keep his fiancée, Karen, from finding out what may or may not be the truth, he tells her a teensy lie. Soon his lies are spiraling out of control and his life is a series of comical misunderstandings.",,,,"comedy, dvd",,null,,,51343866,,,,,,,,,,,,,,,,,2026-09-19,1
j7s652bqlq,movie,"A Sweet Scent of Death",,,,"Rental Library",,,"Ramón is secretly in love with Adela. One morning, he discovers her corpse among the oat fields",,,,"dvd, foreign",,null,,,50946554,,,,,,,,,,,,,,,,,2026-09-19,1
obaj4yf0an,movie,Adaptation,,,,"Rental Library",,,"Charlie Kaufman is a confused L.A. screenwriter overwhelmed by feelings of inadequacy, sexual frustration, self-loathing, and by the screenwriting ambitions of his freeloading twin brother Donald. While struggling to adapt ""The Orchid Thief,"" by Susan Orlean, Kaufman's life spins from pathetic to bizarre. The lives of Kaufman and Orlean's book become strangely intertwined as each one's search for passion collides with the other's.",,,,"drama, dvd",,null,,,90291962,,,,,,,,,,,,,,,,,2026-09-19,1
ayqslh0psz,movie,"Agent Cody Banks",,,,"Rental Library",,,"Recruited by the U.S. government to be a special agent, nerdy teenager Cody Banks must get closer to cute classmate Natalie in order to learn about an evil plan hatched by her father. But despite the agent persona, Cody struggles with teen angst.",,,,"dvd, kids-family",,null,,,52228602,,,,,,,,,,,,,,,,,2026-09-19,1
e90agcl5u2,movie,"Alien Vs. Predator",,,,"Rental Library",,,"A black blob of viscous bodily material. An unknown organism of undifferentiated tissue. The dark web and dark tech as an internet based contagion and a new species of dark matter.",,,,"sci-fi, vhs",,null,,,51487482,,,,,,,,,,,,,,,,,2026-09-19,1
v8unc3126q,movie,"Almost Famous",,,,"Rental Library",,,"In 1973, a precocious 15-year-old aspiring rock journalist lands a dream assignment from Rolling Stone to tour with a rising rock band, embarking on a coming-of-age journey as he discovers the exhilarating and heartbreaking realities behind rock stardom.",,,,"drama, dvd",,null,,,03432698,,,,,,,,,,,,,,,,,2026-09-19,1
fto3ub7e5y,movie,"American Heart",,,,"Rental Library",,,"An ex-convict is tracked down by his estranged teenage son, and the pair try to build a relationship and life together in Seattle.",,,,"drama, vhs",,null,,,75750138,,,,,,,,,,,,,,,,,2026-09-19,1
gaklxqobt4,movie,Angie,,,,"Rental Library",,,"Angie lives in Bensonhurst, Brooklyn, and dreams of a better life. When she finds out she's pregnant by her boyfriend, Vinnie, she decides she'll have the baby; but not Vinnie as a husband. This turns the entire close-knit neighborhood upside-down and starts Angie on a journey of self-discovery.",,,,"comedy, vhs",,null,,,24634874,,,,,,,,,,,,,,,,,2026-09-19,1
6umrp428dt,movie,Babel,,,,"Rental Library",,,"Tragedy strikes a married couple vacationing in the Moroccan desert, which jumpstarts an interlocking story involving four different families.",,,,"drama, dvd",,null,,,66797306,,,,,,,,,,,,,,,,,2026-09-19,1
dmnwyxou84,movie,"Bad Seed",,,,"Rental Library",,,"Preston Tylk is an ordinary guy living in Seattle. When he discovers that his beloved wife, Emily, is having an affair, he is devastated. Storming out of the house, he returns later only to find her brutally murdered.",,,,"thriller, vhs",,null,,,25552378,,,,,,,,,,,,,,,,,2026-09-19,1
2og4mavtqt,movie,"Beautiful People",,,,"Rental Library",,,"Alfredo and Susanna are two well-off fifty-year-olds who lead a stimulating cultural life. He is an architect and she is a psychologist; they live in Rome but spend their weekends at their country home in Umbria, where they love to spend their days walking in the forests or relaxing poolside with a good book. One day, as she goes into town, Susanna sees a girl prostituting herself in the bushes on the side of the road and decides to save her from her unhappy existence, despite the enormous differences that separate their ways of life.",,,,"drama, vhs",,null,,,24471034,,,,,,,,,,,,,,,,,2026-09-19,1
w1eo29wisd,movie,"Bed of Roses",,,,"Rental Library",,,"The seeds of love are planted when Lisa, a high-powered investment banker, receives flowers from a secret admirer. But when his fairy-tale fantasies clash with her workaholic ways, they soon find out that sometimes, it's harder than it seems for love to conquer all.",,,,"romantic-comedy, vhs",,null,,,67773178,,,,,,,,,,,,,,,,,2026-09-19,1
qhf8v9iwe4,movie,"Belle Epoque",,,,"Rental Library",,,"In 1931, a young soldier deserts from the army and falls into a country farm, where he is welcomed by the owner due to his political ideas. Manolo has four daughters, Fernando likes all of them and they like him, so he has to decide which one to love.",,,,"foreign, vhs",,null,,,42435578,,,,,,,,,,,,,,,,,2026-09-19,1
bpy7ji3cho,movie,"Between the Lines",,,,"Rental Library",,,"The staff of the Back Bay Mainline, a Boston underground newspaper that rose to prominence in the 1960s, struggles with the shifting social climate of the '70s amid rumors that the paper is about to be sold to a media giant.",,,,"comedy, vhs",,null,,,42238970,,,,,,,,,,,,,,,,,2026-09-19,1
6umrpkd8dt,movie,"Bloodhounds of Broadway",,,,"Rental Library",,,"A musical comedy based on several Damon Runyon short stories. When a bookie on the run, Robert 'Numbers' Foster, falls for a pretty country songbird, Emily Ann Stackerlee , he'll do anything to help her make it big -- including a stint in jail to pay for his crimes. But will the tough guy's sacrifice of the heart pay off when it comes to his girlfriend's singing career?",,,,"comedy, vhs",,null,,,41878522,,,,,,,,,,,,,,,,,2026-09-19,1
8g3xnygohq,movie,Bloodhounds,,,,"Rental Library",,,"Charles Veasey is a cop killer who's on death row waiting for his execution. One day he escapes. Nikki a cop, whose father Veasey killed has decided to go after him, despite what her superiors say. Harrison Coyle, a crime author, offers his assistance to Nikki, who refuses, but Coyle thinking that it would be good material for another book, pursues Veasey, and bumps into Nikki. Which infuriates her. Eventually, they agree to work together.",,,,"thriller, vhs",,null,,,68330234,,,,,,,,,,,,,,,,,2026-09-19,1
xlz9e27jps,movie,"Boiler Room",,,,"Rental Library",,,"A college dropout gets a job as a broker for a suburban investment firm and is on the fast track to success—but the job might not be as legitimate as it sounds.",,,,"drama, vhs",,null,,,24765946,,,,,,,,,,,,,,,,,2026-09-19,1
56dpb3ov9x,movie,"Break In",,,,"Rental Library",,,"A woman recently separated from her wealthy husband is terrorized during one harrowing night when a masked intruder breaks into her home. Is it a random home invasion or is something more malicious and personal going on?",,,,"action, vhs",,null,,,68494074,,,,,,,,,,,,,,,,,2026-09-19,1
4jl51fikbx,movie,Breakout,,,,"Rental Library",,,"A pair of criminals try to track down the kids who witnessed them commit a murder in the woods.",,,,"kids-family, vhs",,null,,,42370042,,,,,,,,,,,,,,,,,2026-09-19,1
ri1tfv1xoz,movie,Breathless,,,,"Rental Library",,,"A small-time thief steals a car and impulsively murders a motorcycle policeman. Wanted by the authorities, he attempts to persuade a girl to run away to Italy with him.",,,,"drama, vhs",,null,,,50963194,,,,,,,,,,,,,,,,,2026-09-19,1
0cpqkxndcu,movie,"Brian's Songs",,,,"Rental Library",,,"Brian's Song is a 1971 television film recounting the true story of Chicago Bears running back Brian Piccolo and his close friendship with teammate Gale Sayers as Piccolo battles terminal cancer.",,,,"drama, vhs",,null,,,51258106,,,,,,,,,,,,,,,,,2026-09-19,1
m4x1w7q31h,movie,"Bridge of Dragons",,,,"Rental Library",,,"The tough and cold mercenary Warchild, is working for the man who took care of his war training and upbringing, the greedy General Ruechang. Ruechang is planning to take over the country by marrying Princess Halo. But Halo discovers that Ruechang killed her father to gain more power than he had working for the King, so she decides to run away. Warchild is the one who has to bring her back to Ruechang, but the one thing no one counted on happens... Warchild and Halo falls in love, and together they take on the forces of Ruechang... Written by Zorteper -",,,,"action, vhs",,null,,,42337274,,,,,,,,,,,,,,,,,2026-09-19,1
obaj4rk0an,movie,"Bridge to Nowhere",,,,"Rental Library",,,"Kids on an outing in the forest come up against a mysterious hermit who lives on the other side of a bridge, and he is definitely not happy to see them.",,,,"action, vhs",,null,,,68428538,,,,,,,,,,,,,,,,,2026-09-19,1
cnrhqlimmk,movie,"Call It Murder",,,,"Rental Library",,,"The wife of an executive finds her husband shot to death and destroys his suicide note in order to claim his insurance.",,,,"thriller, vhs",,null,,,51290874,,,,,,,,,,,,,,,,,2026-09-19,1
8g3xnyyohq,movie,"Call Me",,,,"Rental Library",,,"After agreeing to meet an obscene caller at a bar, a young New York reporter witnesses a murder and becomes an unwilling player in a dangerous game of cat-and-mouse.",,,,"drama, vhs",,null,,,52798202,,,,,,,,,,,,,,,,,2026-09-19,1
kq7vze5ysl,movie,"Cannes Man",,,,"Rental Library",,,"Film producer Sy Lerner makes a bet with a fellow film executive that he can turn any nobody into a star at the Cannes Film Festival. A New York cab driver who is visiting the festival is chosen as the test subject to settle the bet and Sy uses his skills of hype and manipulation to try and turn the cab driver named Frank into the talk of the town. Many celebrities make cameos throughout the film.",,,,"comedy, vhs",,null,,,24307194,,,,,,,,,,,,,,,,,2026-09-19,1
t0bk3nk93y,movie,"Cannonball Run 2",,,,"Rental Library",,,"When a wealthy sheikh puts up $1 million in prize money for a cross-country car race, there is one person crazy enough to hit the road hard with wheels spinning fast. Legendary driver J.J. McClure enters the competition along with his friend Victor and together they set off across the American landscape in a madcap action-adventure destined to test their wits and automobile skills.",,,,"comedy, vhs",,null,,,24798714,,,,,,,,,,,,,,,,,2026-09-19,1
prwf7zeno7,movie,"Car 54 Where are you?",,,,"Rental Library",,,"Brash NYC policeman Officer Gunther Toody is partnered with stiff, by-the-book Officer Francis Muldoon to protect an important mafia witness prior to testifying against orgainzed crime in Brooklyn, all the while dealing with their personal lives, overbearing spouses, common criminals, arms dealers, and their officious boss Captain Anderson.",,,,"comedy, vhs",,null,,,77519610,,,,,,,,,,,,,,,,,2026-09-19,1
hetg8dm19k,movie,"Car Wash",,,,"Rental Library",,,"This day-in-the-life cult comedy focuses on a group of friends working at Sully Boyar's Car Wash in the Los Angeles ghetto. The team meets dozens of eccentric customers -- including a smooth-talking preacher, a wacky cab driver and an ex-convict -- while cracking politically incorrect jokes to a constant soundtrack of disco and funk. Some of the workers find romance as the day moves along, but most are just happy to get through another shift.",,,,"comedy, vhs",,null,,,24176122,,,,,,,,,,,,,,,,,2026-09-19,1
9dcya4q6rp,movie,"Cast Away",,,,"Rental Library",,,"Chuck Noland, a top international manager for FedEx, and Kelly, a Ph.D. student, are in love and heading towards marriage. Then Chuck's plane to Malaysia crashes at sea during a terrible storm. He's the only survivor, and finds himself marooned on a desolate island. With no way to escape, Chuck must find ways to survive in his new home.",,,,"drama, dvd",,null,,,91958778,,,,,,,,,,,,,,,,,2026-09-19,1
nxiehs941p,movie,"Cat Chaser",,,,"Rental Library",,,"A Miami hotel owner finds danger when he becomes romantically involved with the wife of a deposed general from the Dominican Republic where he fought many years back.",,,,"thriller, vhs",,null,,,25159162,,,,,,,,,,,,,,,,,2026-09-19,1
lsvd9o37b9,movie,Celebrity,,,,"Rental Library",,,"The career and personal life of writer Lee are at a standstill, so he divorces his bashful wife, Robin, and dives into a new job as an entertainment journalist. His assignments take him to the swankiest corners of Manhattan, but as he jumps from one lavish party to another and engages in numerous empty romances, he starts to doubt the worth of his work. Meanwhile, top TV producer Tony falls for Robin and introduces her to the world of celebrity.",,,,"comedy, vhs",,null,,,24339962,,,,,,,,,,,,,,,,,2026-09-19,1
7f2u60phd6,movie,Cellular,,,,"Rental Library",,,"A young man receives an emergency phone call on his cell phone from an older woman. She claims to have been kidnapped – and the kidnappers have targeted her husband and child next.",,,,"action, dvd",,null,,,94798074,,,,,,,,,,,,,,,,,2026-09-19,1
j7s65tcqlq,movie,Cement,,,,"Rental Library",,,"Take a walk on the seamy side of town, where you can’t tell the difference between the bad cops and the crooks. Bob Holt, a corrupt detective knee-deep in kickbacks, has an uneasy partnership with a drug-addicted cop and an even shakier alliance with a notorious mob syndicate. When Holt pours the youngest mob brother into a cement freeway structure, it sets in motion a twisted tale of revenge.",,,,"thriller, vhs",,null,,,25060858,,,,,,,,,,,,,,,,,2026-09-19,1
u34irq5gnz,movie,Chaplin,,,,"Rental Library",,,"An aged Charlie Chaplin narrates his life to his autobiography's editor, including his rise to wealth and comedic fame from poverty, his turbulent personal life and his run-ins with the FBI.",,,,"drama, vhs",,null,,,51454714,,,,,,,,,,,,,,,,,2026-09-19,1
iz50t8nlqm,movie,"Chasing Amy",,,,"Rental Library",,,"Holden and Banky are comic book artists. Everything is going good for them until they meet Alyssa, also a comic book artist. Holden falls for her, but his hopes are crushed when he finds out she's a lesbian.",,,,"romantic-comedy, vhs",,null,,,76503802,,,,,,,,,,,,,,,,,2026-09-19,1
obaj4re0an,movie,"Checking Out",,,,"Rental Library",,,"When his best friend dies of a heart attack, Ray Macklin becomes a man obsessed with his own mortality. Convinced that all his aches and pains are an indication of his imminent death, Ray's life turns into a slapstick farce of health-crazed anxiety and hypochondria.",,,,"comedy, vhs",,null,,,25224698,,,,,,,,,,,,,,,,,2026-09-19,1
ayqsl1dpsz,movie,C.H.O.M.P.S.,,,,"Rental Library",,,"A young man invents a robot dog that has super strength, x-ray vision and can detect crimes being committed. A greedy businessman tries to steal the boy's invention from him.",,,,"kids-family, vhs",,null,,,52929274,,,,,,,,,,,,,,,,,2026-09-19,1
v8uncaz26q,movie,"CKY Trilogy",,,,"Rental Library",,,"Combined remix of the original movies CKY2K and CKY 3.",,,,"documentary, dvd",,null,,,50655738,,,,,,,,,,,,,,,,,2026-09-19,1
fto3uche5y,movie,"Code Name: Dancer",,,,"Rental Library",,,"Kate Capshaw plays a schoolteacher and suburban housewife who happens to be an ex-spy. Nobody knows of Capshaw's previous espionage activities, least of all her somewhat obtuse husband Cliff De Young. When Capshaw's ex-lover Jeroen Krabbe, an intimate of Castro, lands in a Cuban prison, she is swept back into the spy business, leaving her nonplussed hubby in the dust.",,,,"action, vhs",,null,,,76700410,,,,,,,,,,,,,,,,,2026-09-19,1
gaklxw0bt4,movie,Cyborg,,,,"Rental Library",,,"A martial artist hunts a killer in a plague-infested urban dump of the future.",,,,"action, dvd",,null,,,95977722,,,,,,,,,,,,,,,,,2026-09-19,1
6umrpkt8dt,movie,"Dead Center",,,,"Rental Library",,,"Street killer is retrained by a black-belt fighter who works for the government.",,,,"action, vhs",,null,,,42664954,,,,,,,,,,,,,,,,,2026-09-19,1
dmnwyj0u84,movie,"Dead Funny",,,,"Rental Library",,,"When her practical joker boyfriend dies, a young woman recalls all the pranks he pulled as she tries to figure out who murdered him.",,,,"comedy, vhs",,null,,,68756218,,,,,,,,,,,,,,,,,2026-09-19,1
2og4mp2tqt,movie,"Death Watch",,,,"Rental Library",,,"In a future world where the disease has been finally defeated and everything can be sold, even the crude spectacle of death, the rare case of a dying woman becomes the morbid theme of a revolutionary reality show, broadcast through the curious eyes of a peculiar camera.",,,,"sci-fi, vhs",,null,,,51553018,,,,,,,,,,,,,,,,,2026-09-19,1
w1eo28lisd,movie,"Divorce Italian Style",,,,"Rental Library",,,"Ferdinando Cefalù is desperate to marry his cousin, Angela, but he is married to Rosalia and divorce is illegal in Italy. To get around the law, he tries to trick his wife into having an affair so he can catch her and murder her, as he knows he would be given a light sentence for killing an adulterous woman. He persuades a painter to lure his wife into an affair, but Rosalia proves to be more faithful than he expected.",,,,"comedy, dvd",,null,,,45580538,,,,,,,,,,,,,,,,,2026-09-19,1
bpy7jlacho,movie,"Dog Gone",,,,"Rental Library",,,"A courageous boy battles a gang of bumbling thieves to rescue a dog carrying a fortune in stolen diamonds.",,,,"kids-family, vhs",,null,,,58808058,,,,,,,,,,,,,,,,,2026-09-19,1
6umrpyu8dt,movie,Downfall,,,,"Rental Library",,,"In April of 1945, Germany stands at the brink of defeat with the Russian Army closing in from the east and the Allied Expeditionary Force attacking from the west. In Berlin, capital of the Third Reich, Adolf Hitler proclaims that Germany will still achieve victory and orders his generals and advisers to fight to the last man. When the end finally does come, and Hitler lies dead by his own hand, what is left of his military must find a way to end the killing that is the Battle of Berlin, and lay down their arms in surrender.",,,,"dvd, foreign",,null,,,90484218,,,,,,,,,,,,,,,,,2026-09-19,1
xlz9ethjps,movie,"Dream for an Insomniac",,,,"Rental Library",,,"A girl with insomnia who works in a coffee house has impossibly high standards for her love and fears she will never meet a worthy man. Then in walks a new employee and they click - until she discovers he has a girlfriend. Undaunted, she moves to L.A. with a friend sure that he will dump the girlfriend and follow her. She puts all her faith in fate and hopes for the best.",,,,"romantic-comedy, vhs",,null,,,68559610,,,,,,,,,,,,,,,,,2026-09-19,1
56dpba0v9x,movie,Dreamkeeper,,,,"Rental Library",,,"In South Dakota, in an Indian reservation, an old storyteller Indian asks his grandson Shane, who is in trouble owing money to some bad guys, to take his old pony and him to Albuquerque to the great powwow, an Indian meeting. While traveling, Grandpa tells mysterious Indian tales of love, friendship and magic.",,,,"dvd, fantasy",,null,,,50848250,,,,,,,,,,,,,,,,,2026-09-19,1
4jl51elkbx,movie,dummy,,,,"Rental Library",,,"Archibald the Amazing, a ventriloquist nearing the end of his career, gives one final performance with his dummy, Chucklehead. After the show, he tragically takes his own life in his hotel room-but his negative energy inhabits Chucklehead, transforming the dummy into a murderous force of terror. From a class reunion to hotel staff to unsuspecting bystanders, Chucklehead embarks on a blood-soaked rampage, vowing to make it a night to remember.",,,,"comedy, dvd",,null,,,31387642,,,,,,,,,,,,,,,,,2026-09-19,1
ri1tf2zxoz,movie,Elektra,,,,"Rental Library",,,"Elektra the warrior survives a near-death experience, becomes an assassin-for-hire, and tries to protect her two latest targets, a single father and his young daughter, from a group of supernatural assassins.",,,,"action, dvd",,null,,,90844666,,,,,,,,,,,,,,,,,2026-09-19,1
m4x1whw31h,movie,"Escape From Hong Kong Island",,,,"Rental Library",,,"Arrogant day trader, Raymond, experiences a series of setbacks as he tries to cross from Hong Kong to Kowloon.",,,,"action, dvd",,null,,,52683258,,,,,,,,,,,,,,,,,2026-09-19,1
ywh2svfr71,movie,Fanboys,,,,"Rental Library",,,"In 1999, Star Wars fanatics take a cross-country trip to George Lucas' Skywalker Ranch so their dying friend can see a screening of The Phantom Menace before its release.",,,,"comedy, dvd",,null,,,51573242,,,,,,,,,,,,,,,,,2026-09-19,1
cnrhq7lmmk,movie,"Fantastic Beasts and Where to Find Them",,,,"Rental Library",,,"In 1926, Newt Scamander arrives at the Magical Congress of the United States of America with a magically expanded briefcase, which houses a number of dangerous creatures and their habitats. When the creatures escape from the briefcase, it sends the American wizarding authorities after Newt, and threatens to strain even further the state of magical and non-magical relations.",,,,"dvd, fantasy",,null,,,30928890,,,,,,,,,,,,,,,,,2026-09-19,1
8g3xnrrohq,movie,Fearless,,,,"Rental Library",,,"After surviving a plane crash that kills many others, Max Klein develops a sense of invulnerability, leading to radical, compulsive actions. Can a psychologist and a fellow guilt-ridden survivor bring him down to earth?",,,,"drama, dvd",,null,,,50160122,,,,,,,,,,,,,,,,,2026-09-19,1
kq7vz5vysl,movie,Fearless,,,,"Rental Library",,,"After going through a series of tragic events in his life, martial arts master Huo Yuanjia returns to Tianjin and must fight four international soldiers, in order to safeguard his nation's pride.",,,,"thriller, vhs",,null,,,68657914,,,,,,,,,,,,,,,,,2026-09-19,1
t0bk34y93y,movie,"Fever Lake",,,,"Rental Library",,,"A group of teenagers drives to ""Fever Lake"" to spend the weekend in a cursed house near the lake despite warnings from the locals.",,,,"dvd, horror",,null,,,52388346,,,,,,,,,,,,,,,,,2026-09-19,1
prwf7s5no7,movie,"Field of Fire",,,,"Rental Library",,,"Sergeant Thomas Duncan takes his men behind enemy lines to recover a secret government fighter copter and its pilot, a secret weapon all his own. But once stationed in the dense jungle brush of Vietnam, their radio goes out all hope of contacting their home base is out, and it is up to Duncan and his men to get to the hook up point by the agreed time. A traitor in the home camp is sending messages to the enemy side; Duncan must hurry!",,,,"action, vhs",,null,,,68952826,,,,,,,,,,,,,,,,,2026-09-19,1
3kjzi1earj,movie,Flirt,,,,"Rental Library",,,"In New York, Bill struggles to decide whether he has a future with Emily, while attempting to restrain Walter, the angry husband of a woman he thinks he might be in love with. Later incorporated into a feature film of the same name.",,,,"drama, vhs",,null,,,68264698,,,,,,,,,,,,,,,,,2026-09-19,1
hetg8u319k,movie,"Friday the 13th Part VI",,,,"Rental Library",,,"Tommy Jarvis, tormented by the fear that maybe Jason isn't really dead, unwittingly resurrects the mass murderer for another bloody rampage.",,,,"dvd, horror",,null,,,62373626,,,,,,,,,,,,,,,,,2026-09-19,1
nxiehf641p,movie,"Garden State",,,,"Rental Library",,,"Andrew returns to his hometown for his mother’s funeral, a journey that reconnects him with old friends. The trip coincides with his decision to stop taking his powerful antidepressants. A chance meeting with Sam—a girl also struggling with various maladies—opens up the possibility of rekindling emotional connections, confronting his psychologist father, and perhaps beginning a new life.",,,,"dvd, romantic-comedy",,null,,,91794938,,,,,,,,,,,,,,,,,2026-09-19,1
lsvd90a7b9,movie,"Guilty as Sin",,,,"Rental Library",,,"Before a criminal lawyer knows what has happened, she is forced to defend a wife killer she knows is guilty.",,,,"thriller, vhs",,null,,,68002554,,,,,,,,,,,,,,,,,2026-09-19,1
j7s659mqlq,movie,"Harry Potter and the Chamber of Secrets",,,,"Rental Library",,,"Cars fly, trees fight back, and a mysterious house-elf comes to warn Harry Potter at the start of his second year at Hogwarts. Adventure and danger await when bloody writing on a wall announces: The Chamber Of Secrets Has Been Opened. To save Hogwarts will require all of Harry, Ron and Hermione's magical abilities and courage.",,,,"dvd, kids-family",,null,,,03596538,,,,,,,,,,,,,,,,,2026-09-19,1
u34irwvgnz,movie,"Harry Potter and the Sorcerer's Stone",,,,"Rental Library",,,"Harry Potter has lived under the stairs at his aunt and uncle's house his whole life. But on his 11th birthday, he learns he's a powerful wizard—with a place waiting for him at the Hogwarts School of Witchcraft and Wizardry. As he learns to harness his newfound powers with the help of the school's kindly headmaster, Harry uncovers the truth about his parents' deaths—and about the villain who's to blame.",,,,"dvd, kids-family",,null,,,03531002,,,,,,,,,,,,,,,,,2026-09-19,1
iz50to4lqm,movie,Homework,,,,"Rental Library",,,"Good-looking but virginal ""rockstar"" teen Tommy tries to score with some of the local high school girls. But a classmate's mom decides to make a man out of him.",,,,"comedy, dvd",,null,,,50291194,,,,,,,,,,,,,,,,,2026-09-19,1
obaj4x50an,movie,"Homicidal Impulse",,,,"Rental Library",,,"An up and coming lawyer gets turned over for a case he'd been working on for a long while. The D.A.'s niece then decides to help the young lawyer by first blackmailing, then eventually plotting the murder of the D.A., all the while seducing the young attorney. It then becomes the attorney job to cover up the murder he believes he committed, while finding out the truth about the D.A.'s ""niece"".",,,,"thriller, vhs",,null,,,68461306,,,,,,,,,,,,,,,,,2026-09-19,1
ayqslzupsz,movie,"Hot War",,,,"Rental Library",,,"Blue, Tango, and C.S. are CIA research scientists working on Project VR Fighter, which is designed to train any unskilled person into a magnificent combat agent. Tango and C.S. decide to undergo the training themselves, because Alien, the international terrorist, has killed C.S.’s fiancée and kidnapped Blue for his conspiracy. However, the side effects of Project VR Fighter cause problems between the two friends and their mission is soon put into jeopardy.",,,,"dvd, foreign",,null,,,95256826,,,,,,,,,,,,,,,,,2026-09-19,1
e90ag3h5u2,movie,"I Could Never Be Your Woman",,,,"Rental Library",,,"A mother falls for a younger man while her daughter falls in love for the first time.",,,,"dvd, romantic-comedy",,null,,,31748090,,,,,,,,,,,,,,,,,2026-09-19,1
v8uncps26q,movie,INSTINCT,,,,"Rental Library",,,"Catherine, a novelist with an insatiable sexual appetite, becomes a prime suspect when her boyfriend is brutally murdered -- a crime she had described in her latest story.",,,,"action, vhs",,null,,,68133626,,,,,,,,,,,,,,,,,2026-09-19,1
fto3um1e5y,movie,"Island in the Sun",,,,"Rental Library",,,"A scandalous tale of politics, social inequality, interracial romance, and murder set on a fictitious British-owned Caribbean island.",,,,"drama, dvd",,null,,,95715578,,,,,,,,,,,,,,,,,2026-09-19,1
6umrpy98dt,movie,"Jackass Number Two (Unrated)",,,,"Rental Library",,,"Jackass Number Two is a compilation of various stunts, pranks and skits, and essentially has no plot. Chris Pontius, Johnny Knoxville, Steve-O, Bam Margera, and the whole crew return to the screen to raise the stakes higher than ever before.",,,,"comedy, dvd",,null,,,28707578,,,,,,,,,,,,,,,,,2026-09-19,1
2og4m49tqt,movie,"Jane Doe",,,,"Rental Library",,,"Father and son coroners receive a mysterious unidentified corpse with no apparent cause of death. As they attempt to examine the ""Jane Doe,"" they discover increasingly bizarre clues that hold the key to her terrifying secrets.",,,,"thriller, vhs",,null,,,68166394,,,,,,,,,,,,,,,,,2026-09-19,1
w1eo2o7isd,movie,"Jeepers Creepers 2",,,,"Rental Library",,,"When their bus is crippled on the side of a deserted road, a team of high school athletes discover an opponent they cannot defeat – and may not survive.",,,,"dvd, horror",,null,,,31649786,,,,,,,,,,,,,,,,,2026-09-19,1
qhf8v87we4,movie,"Joyeux Noel",,,,"Rental Library",,,"France, 1914, during World War I. On Christmas Eve, an extraordinary event takes place in the bloody no man's land that the French and the Scots dispute with the Germans…",,,,"drama, dvd",,null,,,50487802,,,,,,,,,,,,,,,,,2026-09-19,1
bpy7j7pcho,movie,Juno,,,,"Rental Library",,,"Faced with an unplanned pregnancy, sixteen year old high-schooler, Juno MacGuff, makes an unusual decision regarding her unborn child.",,,,"comedy, dvd",,null,,,31715322,,,,,,,,,,,,,,,,,2026-09-19,1
6umrprg8dt,movie,"Krakatoa East of Java",,,,"Rental Library",,,"A team of maritime salvage workers are about to embark on a recovery dive. However the 1883 Krakatoa Volcano eruption provides more pressing problems.",,,,"action, vhs",,null,,,69051130,,,,,,,,,,,,,,,,,2026-09-19,1
8g3xnxcohq,movie,Kundun,,,,"Rental Library",,,"From childhood to adulthood, Tibet's fourteenth Dalai Lama deals with Chinese oppression and other problems.",,,,"drama, dvd",,null,,,96076026,,,,,,,,,,,,,,,,,2026-09-19,1
56dpbpdv9x,movie,"La Vi En Ros",,,,"Rental Library",,,"La Vie en Rose is a 2007 biographical musical film about the life of French singer Édith Piaf, from her impoverished childhood to her rise to international fame and her struggles with addiction and illness.",,,,"dvd, foreign",,null,,,51896826,,,,,,,,,,,,,,,,,2026-09-19,1
4jl5157kbx,movie,"Lake Placid",,,,"Rental Library",,,"When a man is eaten alive by an unknown creature, the local Game Warden teams up with a paleontologist from New York to find the beast. Add to the mix an eccentric philanthropist with a penchant for ""Crocs"", and here we go! This quiet, remote lake is suddenly the focus of an intense search for a crocodile with a taste for live animals...and people!",,,,"dvd, horror",,null,,,51933690,,,,,,,,,,,,,,,,,2026-09-19,1
ri1tftsxoz,movie,Landslide,,,,"Rental Library",,,"Manhattan fireman Mark Decker visits, for the first time, his Steven in his ex Emma's new apartment in one of her dad Donald Richardson's development estates, at the foot of Diamand-back Mountain. But Don's ambitious executive Stewart Hancock, who dreams of his own firm, has been cutting too many corners, at the expense of safety, causing a landslide. Mark gets trapped with Steven and the new concierge Harold, who knows everything about an additional danger: rattlesnakes awoken early from hibernation. Now Mark discovers artistic, nerdy Steven only did 'manly' stuff in the city because dad-son time is so rare. While they soldier on, landscape architect Emma discovers the truth and counters Stewart's plan B to literally cover it up.",,,,"thriller, vhs",,null,,,52830970,,,,,,,,,,,,,,,,,2026-09-19,1
0cpqkqkdcu,movie,"Larks on a String",,,,"Rental Library",,,"In post-WWII Communist Czechoslovakia, several characters considered bourgeois are sentenced to work in a junkyard for rehabilitation. Among them is a young man who pines for a female convict.",,,,"foreign, vhs",,null,,,50537210,,,,,,,,,,,,,,,,,2026-09-19,1
ywh2s2er71,movie,L'Eclisse,,,,"Rental Library",,,"Vittoria is a beautiful literary translator living in Rome. After splitting from her writer boyfriend, Riccardo, Vittoria meets Piero, a lively stockbroker, on the hectic floor of the Roman stock exchange. Though Vittoria and Piero begin a relationship, it is not one without difficulties, and their commitment to one another is tested during an eclipse.",,,,"drama, dvd",,null,,,46170362,,,,,,,,,,,,,,,,,2026-09-19,1
obaj4jr0an,movie,"Led Zeppelin",,,,"Rental Library",,,"Led Zeppelin is a double DVD set first released in 2003. It represents the first official video release of Led Zeppelin's live material since 1976's The Song Remains the Same. The recording of the DVD spans the years from 1969 to 1979 and includes performances from the Royal Albert Hall in 1970, Madison Square Garden in 1973, Earls Court in 1975, and Knebworth in 1979. Extras provided on the set include a 1969 promo film for Communication Breakdown, a short performance on the French TV show 'Tous En Scene' in 1969, a short performance on the Danish TV Show 'TV-Byen' in 1969, a performance on the British TV shoe 'Supershow' in 1969, a performance of Immigrant Song from the band's show at the Sydney Showground in February 1972, an interview with the NYC Press Conference in 1970, an Australian press conference in 1972, an interview with The Old Grey Whistle Test, the Over The Hills And Far Away promo (1990) and the Travelling Riverside Blues promo (1990).",,,,"dvd, musical",,null,,,03858682,,,,,,,,,,,,,,,,,2026-09-19,1
cnrhqh7mmk,movie,"Les Miserables",,,,"Rental Library",,,"An adaptation of the successful stage musical based on Victor Hugo's classic novel set in 19th-century France. Jean Valjean, a man imprisoned for stealing bread, must flee a relentless policeman named Javert. The pursuit consumes both men's lives, and soon Valjean finds himself in the midst of the student revolutions in France.",,,,"dvd, musical",,null,,,90746362,,,,,,,,,,,,,,,,,2026-09-19,1
kq7vzv2ysl,movie,"Liberty Heights",,,,"Rental Library",,,"This semi-autobiographical film by Barry Levinson follows various members of the Kurtzman clan, a Jewish family living in suburban Baltimore during the 1950s. As teenaged Ben completes high school, he falls for Sylvia, a black classmate, creating inevitable tensions. Meanwhile, Ben's brother, Van, attends college and becomes smitten with a mysterious woman while their father tries to maintain his burlesque business.",,,,"drama, vhs",,null,,,68854522,,,,,,,,,,,,,,,,,2026-09-19,1
t0bk3kr93y,movie,"Little Buddah",,,,"Rental Library",,,"Little Buddha is a 1993 drama film directed by Bernardo Bertolucci, interweaving the story of a young American boy believed to be the reincarnation of a Tibetan lama with a retelling of the life of Siddhartha, the historical Buddha.",,,,"drama, dvd",,null,,,96272634,,,,,,,,,,,,,,,,,2026-09-19,1
3kjziz5arj,movie,"Little Nemo",,,,"Rental Library",,,"Cartoon figures announce, via comic strip balloons, that they will move - and move they do, in a wildly exaggerated style. Also known as ""Winsor McCay, the Famous Cartoonist of the N.Y. Herald and His Moving Comics"".",,,,"dvd, kids-family",,null,,,03465466,,,,,,,,,,,,,,,,,2026-09-19,1
9dcyayi6rp,movie,"Lost and Delerious",,,,"Rental Library",,,"Lost and Delirious is a 2001 Canadian drama film about a secret romance between two students at an all-girls boarding school and the emotional fallout when they are discovered.",,,,"drama, vhs",,null,,,50930426,,,,,,,,,,,,,,,,,2026-09-19,1
nxiehe841p,movie,"Love Potion No. 9",,,,"Rental Library",,,"Unlucky in love, chemist Paul Matthews visits gypsy Madame Rosa for help. Quickly realizing he is a hopeless nerd, she gifts him with Love Potion No. 8, which makes anyone who wears it irresistible to the opposite sex for four hours. Paul and animal psychologist coworker Diane Farrow decide to test it on themselves. The awkward pair suddenly find themselves alluring to anyone they approach, but soon realize they are most attracted to each other.",,,,"romantic-comedy, vhs",,null,,,77650682,,,,,,,,,,,,,,,,,2026-09-19,1
7f2u6u4hd6,movie,"Lovers and Liars",,,,"Rental Library",,,"An American actress on vacation in Italy falls for her friend's married Italian lover.",,,,"comedy, vhs",,null,,,42533882,,,,,,,,,,,,,,,,,2026-09-19,1
j7s6563qlq,movie,"Matrix Revolutions",,,,"Rental Library",,,"The human city of Zion defends itself against the massive invasion of the machines as Neo fights to end the war at another front while also opposing the rogue Agent Smith.",,,,"dvd, sci-fi",,null,,,60800762,,,,,,,,,,,,,,,,,2026-09-19,1
iz50t0klqm,movie,"Max and Helen",,,,"Rental Library",,,"In trying to bring a former concentration camp commandant to justice, Nazi-hunter Simon Wiesenthal uncovers the tragic story of two lovers separated by the war.",,,,"drama, vhs",,null,,,68887290,,,,,,,,,,,,,,,,,2026-09-19,1
obaj4jv0an,movie,"Me, Myself & Irene",,,,"Rental Library",,,"Rhode Island State Trooper Charlie Baileygates has a multiple personality disorder. One personality is crazy and aggressive, while the other is more friendly and laid back. Both of these personalities fall in love with the same woman named Irene after Charlie loses his medication.",,,,"comedy, dvd",,null,,,92024314,,,,,,,,,,,,,,,,,2026-09-19,1
ayqslsgpsz,movie,Mercy,,,,"Rental Library",,,"In the near future, a detective stands on trial accused of murdering his wife. He has ninety minutes to prove his innocence to the advanced AI Judge he once championed, before it determines his fate.",,,,"thriller, vhs",,null,,,68035322,,,,,,,,,,,,,,,,,2026-09-19,1
e90aga15u2,movie,Molly,,,,"Rental Library",,,"Molly McKay is a profoundly autistic twenty-something woman who has lived in an institution from a young age following her parents' death in a car accident. When the institution must close due to budget cuts, Molly is left in the care of her neurotypical, older brother, Buck McKay, an advertising executive and perennial bachelor. Buck forces her to undergo an experimental medical treatment, with unexpectedly drastic results.",,,,"drama, vhs",,null,,,25290234,,,,,,,,,,,,,,,,,2026-09-19,1
v8uncnf26q,movie,MONOLITH,,,,"Rental Library",,,"Two cops investigating the murder of a young boy become involved in a very secret project involving alien life. Needless to say, the authorities don't want them to stick their noses into this",,,,"sci-fi, vhs",,null,,,24405498,,,,,,,,,,,,,,,,,2026-09-19,1
gaklxlubt4,movie,"Monthy Python and the Holy Grail",,,,"Rental Library",,,"King Arthur, accompanied by his squire, recruits his Knights of the Round Table, including Sir Bedevere the Wise, Sir Lancelot the Brave, Sir Robin the Not-Quite-So-Brave-As-Sir-Lancelot and Sir Galahad the Pure. On the way, Arthur battles the Black Knight who, despite having had all his limbs chopped off, insists he can still fight. They reach Camelot, but Arthur decides not to enter, as ""it is a silly place"".",,,,"comedy, dvd",,null,,,30142458,,,,,,,,,,,,,,,,,2026-09-19,1
2og4mk6tqt,movie,"Morgan's Ferry",,,,"Rental Library",,,"Three escaped convicts hide out in the home a reclusive woman as they wait to catch a ferry.",,,,"drama, vhs",,null,,,42009594,,,,,,,,,,,,,,,,,2026-09-19,1
w1eo20hisd,movie,"Motel Blue",,,,"Rental Library",,,"Kyle Rivers has joined the Dpt of Defense as an investigator. Her first assignment is to do a background check on Lana Hawking, scientist for a top secret clearance.",,,,"thriller, vhs",,null,,,68395770,,,,,,,,,,,,,,,,,2026-09-19,1
qhf8vohwe4,movie,"Mr. Deeds",,,,"Rental Library",,,"When Longfellow Deeds, a small-town pizzeria owner and poet, inherits $40 billion from his deceased uncle, he quickly begins rolling in a different kind of dough. Moving to the big city, Deeds finds himself besieged by opportunists all gunning for their piece of the pie. Babe, a television tabloid reporter, poses as an innocent small-town girl to do an exposé on Deeds.",,,,"comedy, vhs",,null,,,77617914,,,,,,,,,,,,,,,,,2026-09-19,1
bpy7jhncho,movie,"My Own Country",,,,"Rental Library",,,"In 1985, East Indian disease specialist Abraham Verghese settles in Johnson City, TN, where his compassion and nonjudgmental treatment brings a sense of comfort to those living with AIDS.",,,,"drama, vhs",,null,,,75979514,,,,,,,,,,,,,,,,,2026-09-19,1
6umrpxb8dt,movie,"My Own Private Idaho",,,,"Rental Library",,,"In this loose adaptation of Shakespeare's ""Henry IV,"" Mike Waters is a hustler afflicted with narcolepsy. Scott Favor is the rebellious son of a mayor. Together, the two travel from Portland, Oregon to Idaho and finally to the coast of Italy in a quest to find Mike's estranged mother. Along the way they turn tricks for money and drugs, eventually attracting the attention of a wealthy benefactor and sexual deviant.",,,,"drama, vhs",,null,,,76241658,,,,,,,,,,,,,,,,,2026-09-19,1
xlz9e6zjps,movie,"Nickel & Dime",,,,"Rental Library",,,"A P.I. hasn't paid taxes in ages. When the IRS sends an accountant to investigate him, his only way out is to solve his latest case of a missing heiress. However, someone wants to prevent this.",,,,"comedy, vhs",,null,,,77585146,,,,,,,,,,,,,,,,,2026-09-19,1
4jl51vhkbx,movie,"Night Buffalo",,,,"Rental Library",,,"Unable to cope with the fact that his girlfriend cheated on him with his best friend, a 22-year-old schizophrenic sets an elaborate revenge plan into motion before taking his own life.",,,,"dvd, foreign",,null,,,96370938,,,,,,,,,,,,,,,,,2026-09-19,1
ri1tf9fxoz,movie,"Nirvana Unplugged",,,,"Rental Library",,,"A live album by American rock band Nirvana, the album features an acoustic performance recorded at Sony Music Studios in New York City on 18 November 1993, for the television series MTV Unplugged.",,,,"dvd, musical",,null,,,50524666,,,,,,,,,,,,,,,,,2026-09-19,1
m4x1wzl31h,movie,"No Way Home",,,,"Rental Library",,,"An ex-con's future is threatened by his brother's involvement with drugs.",,,,"thriller, vhs",,null,,,24667642,,,,,,,,,,,,,,,,,2026-09-19,1
ywh2st5r71,movie,Norbit,,,,"Rental Library",,,"A mild-mannered guy who is engaged to a monstrous woman meets the woman of his dreams, and schemes to find a way to be with her.",,,,"comedy, dvd",,null,,,31813626,,,,,,,,,,,,,,,,,2026-09-19,1
obaj4qx0an,movie,"Observe and Report",,,,"Rental Library",,,"Mall security guard Ronnie Barnhardt is called into action to stop a flasher from turning shopper's paradise into his personal peep show. But when Barnhardt can't bring the culprit to justice, a surly police detective is recruited to close the case.",,,,"comedy, dvd",,null,,,92089850,,,,,,,,,,,,,,,,,2026-09-19,1
cnrhq1hmmk,movie,"Ocean's Twelve",,,,"Rental Library",,,"Despite pulling off one of the biggest heists in Las Vegas history and splitting the $160 million take, each of the infamous Ocean's crew have tried to go straight, lay low and live a legit life... but that's proven to be a challenge. Casino owner Terry Benedict demands that Danny Ocean return the money, plus millions more in interest. Unable to come up the cash, the crew is forced to come together to pull off another series of heists, this time in Rome, Paris, and Amsterdam – but a Europol agent is hot on their heels.",,,,"action, dvd",,null,,,81346298,,,,,,,,,,,,,,,,,2026-09-19,1
8g3xnjjohq,movie,"On Her Majesty's Secret Service",,,,"Rental Library",,,"With the help of Marc-Ange Draco, head of the Unione Corse crime syndicate, and Draco's troubled daughter Tracy, James Bond tracks his archnemesis, Ernst Stravro Blofeld, to a mountaintop retreat in the Swiss Alps, where he is training an army of beautiful, lethal women.",,,,"action, vhs",,null,,,50766586,,,,,,,,,,,,,,,,,2026-09-19,1
kq7vz2tysl,movie,"On the Border",,,,"Rental Library",,,"A dumb as rocks security guard in a Texas border town gets involved in a planned bank heist thanks to the charms of two different femmes fatales.",,,,"thriller, vhs",,null,,,67904250,,,,,,,,,,,,,,,,,2026-09-19,1
prwf7e2no7,movie,"Once Upon a Time in Mexico",,,,"Rental Library",,,"A corrupt CIA agent Sands hires hitman El Mariachi to assassinate a Mexican general hired by a drug kingpin attempting a coup d'état of the President of Mexico.",,,,"action, dvd",,null,,,96600314,,,,,,,,,,,,,,,,,2026-09-19,1
hetg8bp19k,movie,"One Night Stand",,,,"Rental Library",,,"Michelle Sanderson is a woman who seems to have everything -- great looks, a promising career, a large circle of friends. But the one thing she yearns for most is a romantic relationship, which somehow eludes her. One night, Michelle meets a stunning young man and the game of seduction begins. But is this stranger really the man of her dreams or is he something more dangerous? A steamy one-night stand sets the stage for a suspenseful exploration of a woman's need for the right lover and the consequences she faces when choosing a person she just met.",,,,"thriller, vhs",,null,,,41976826,,,,,,,,,,,,,,,,,2026-09-19,1
9dcyarl6rp,movie,"Other People's Money",,,,"Rental Library",,,"When a corporate raider threatens a hostile takeover of a 'mom and pop' company, the patriarch of the company enlists the help of his wife's attractive daughter—who is a lawyer—to stop the takeover. However, the raider soon becomes infatuated with her, and enjoys the legal manoeuvring as he tries to win her heart.",,,,"comedy, vhs",,null,,,50635514,,,,,,,,,,,,,,,,,2026-09-19,1
nxieh5o41p,movie,"Passed Away",,,,"Rental Library",,,"Thrown for a loop by the unexpected news that Dad has suddenly gone to his reward, the grieving eccentric Scanian clan are drawn together in a test of familial endurance that soon has them at each other's throats.",,,,"comedy, vhs",,null,,,68723450,,,,,,,,,,,,,,,,,2026-09-19,1
lsvd9un7b9,movie,"Passion Flower",,,,"Rental Library",,,"A bored society woman invites scandal and heartache when she falls in love with her low-born chauffeur.",,,,"thriller, vhs",,null,,,68625146,,,,,,,,,,,,,,,,,2026-09-19,1
7f2u6gkhd6,movie,"Phantom of the Opera",,,,"Rental Library",,,"A young soprano becomes the obsession of a disfigured and murderous musical genius who lives beneath the Paris Opera House.",,,,"dvd, musical",,null,,,83508986,,,,,,,,,,,,,,,,,2026-09-19,1
u34irltgnz,movie,"Picnic at Hanging Rock",,,,"Rental Library",,,"In the early 1900s, Miranda attends a girls boarding school in Australia. One Valentine's Day, the school's typically strict headmistress treats the girls to a picnic field trip to an unusual but scenic volcanic formation called Hanging Rock. Despite rules against it, Miranda and several other girls venture off. It's not until the end of the day that the faculty realizes the girls and one of the teachers have disappeared mysteriously.",,,,"dvd, horror",,null,,,51044858,,,,,,,,,,,,,,,,,2026-09-19,1
iz50tdylqm,movie,"Platypus Cove",,,,"Rental Library",,,"After saving a drowning boy's life, a fifteen-year-old orphan is taken aboard by the family as a deckhand.",,,,"kids-family, vhs",,null,,,77552378,,,,,,,,,,,,,,,,,2026-09-19,1
obaj4q20an,movie,"Pulp Fiction",,,,"Rental Library",,,"A burger-loving hit man, his philosophical partner, a drug-addled gangster's moll and a washed-up boxer converge in this sprawling, comedic crime caper. Their adventures unfurl in three stories that ingeniously trip back and forth in time.",,,,"action, dvd",,null,,,03399930,,,,,,,,,,,,,,,,,2026-09-19,1
e90agpz5u2,movie,"Quicksand No Escape",,,,"Rental Library",,,"A hard-working architect is pulled into intrigue when his wife hires a private investigator to make sure he's just working late. The private eye sees an opportunity to frame him for a murder instead.",,,,"action, vhs",,null,,,41780218,,,,,,,,,,,,,,,,,2026-09-19,1
v8unc4e26q,movie,"Race Against Time",,,,"Rental Library",,,"When a man faces surmounting bills for his dying son's hospital stay, he enters into an agreement to sell his body for organ transplants to pay the bills. However, when he is advised that the doctors want to claim his organs immediately, he goes on the run",,,,"action, vhs",,null,,,50602746,,,,,,,,,,,,,,,,,2026-09-19,1
fto3uase5y,movie,"Rain Without Thunder",,,,"Rental Library",,,"In 2042, it’s illegal for women to get abortions. After a girl and her mother are sentenced to life behind bars, a reporter investigates why.",,,,"drama, vhs",,null,,,41911290,,,,,,,,,,,,,,,,,2026-09-19,1
6umrpjo8dt,movie,"Rainbow Drive",,,,"Rental Library",,,"A Hollywood multiple murder is investigated by a homicide cop, despite high-placed efforts to cover up the crime.",,,,"action, vhs",,null,,,25454074,,,,,,,,,,,,,,,,,2026-09-19,1
dmnwylbu84,movie,"Reckless Kelly",,,,"Rental Library",,,"A satirical take on a modern day Ned Kelly who is forced to Hollywood in order to make enough money to save his family's land. As it goes against his belief, he cannot simply rob banks for his own benefit (all money goes to the poor). Ned is forced to find another way to come up with the $1 million required to save his family island.",,,,"comedy, vhs",,null,,,51421946,,,,,,,,,,,,,,,,,2026-09-19,1
2og4my8tqt,movie,Revenge,,,,"Rental Library",,,"Michael ‘Jay’ Cochran has just left the Navy after 12 years and he's not quite sure what he's going to do, except that he knows he wants a holiday. He decides to visit Tiburon Mendez, a powerful but shady Mexican businessman who he once flew to Alaska for a hunting trip. Arriving at the Mendez mansion in Mexico, he is immediately surprised by the beauty and youth of Mendez’s wife, Miryea.",,,,"thriller, vhs",,null,,,25519610,,,,,,,,,,,,,,,,,2026-09-19,1
w1eo2d1isd,movie,"Ring of Steel",,,,"Rental Library",,,"A champion fencer accidentally kills an opponent in a match. Disgraced, he is blackballed from the fencing community, until a mysterious stranger saves his life one night from a gang of muggers. He soon finds himself caught up in the world of underground illegal swordfights, where combatants fight to the death.",,,,"action, vhs",,null,,,67805946,,,,,,,,,,,,,,,,,2026-09-19,1
qhf8v01we4,movie,Ronin,,,,"Rental Library",,,"A briefcase with undisclosed contents – sought by Irish terrorists and the Russian mob – makes its way into criminals' hands. An Irish liaison assembles a squad of mercenaries, or 'ronin', and gives them the thorny task of recovering the case.",,,,"action, vhs",,null,,,24995322,,,,,,,,,,,,,,,,,2026-09-19,1
bpy7j14cho,movie,Rubdown,,,,"Rental Library",,,"A rich man offers his masseur, a former baseball player with damaged knees, $50,000 to have an affair with his wife so she'll be in violation of their pre-nuptial agreement and he can divorce her without losing his fortune. The masseur agrees although he is already having an affair with the wife, and they together work out a way to set up her husband in order that she does get his fortune. But when the client is murdered and the real wife shows up the masseur has to clear his own name, and as he begins to piece together the evidence he realises that he's been played by yet another man who still holds a grudge from years before.",,,,"thriller, vhs",,null,,,68199162,,,,,,,,,,,,,,,,,2026-09-19,1
6umrpjc8dt,movie,"Safe House",,,,"Rental Library",,,"Trapped in a high-security safe house after a terrorist attack in downtown Los Angeles, six government agents realize they must survive not just the enemy outside, but the potential traitor among them.",,,,"sci-fi, vhs",,null,,,42271738,,,,,,,,,,,,,,,,,2026-09-19,1
8g3xnq3ohq,movie,Sahara,,,,"Rental Library",,,"Seasoned adventurer and treasure hunter Dirk Pitt, a former Navy SEAL, sets out for the African desert with his wisecracking buddy Al in search of a confederate ironclad battleship rumored to have vanished long ago, the main draw being the treasure supposedly hidden within the lost vessel. When the daring duo come across Dr. Eva Rojas, a beautiful scientist who is juggling an escape from a warlord and a mission to stop the spread of a powerful plague, their desert expedition begins to heat up.",,,,"action, dvd",,null,,,91500026,,,,,,,,,,,,,,,,,2026-09-19,1
xlz9e8sjps,movie,"Saints and Sinners",,,,"Rental Library",,,"In lawless storm ravaged New Orleans, eleaguered Detective Sean Riley is trying to cope with the death of his young son and the abandonment of his wife. Facing a probable suspension from the department, Riley is teamed with a young homicide Detective, Will Ganz, to help solve a series of brutal murders that have plunged the city into a major gang war. The two quickly realize there is something far more sinister going on than either could have ever imagined.",,,,"drama, vhs",,null,,,42173434,,,,,,,,,,,,,,,,,2026-09-19,1
56dpb4gv9x,movie,"Santa Claus Conquers the Martians",,,,"Rental Library",,,"Martians fear their children have become lazy and joyless due to their newfound obsession with Earth TV shows. After ancient Martian leader Chochem suggests that the children of Mars need more fun—including their own Santa Claus—supreme leader Lord Kimar assembles an expedition to Earth. Once there, they kidnap two children who lead them to the North Pole, then capture the real Santa Claus, taking all three back to Mars in an attempt to bring the Martian children happiness.",,,,"dvd, sci-fi",,null,,,90942970,,,,,,,,,,,,,,,,,2026-09-19,1
4jl5121kbx,movie,Saw,,,,"Rental Library",,,"Two men wake up to find themselves shackled in a grimy, abandoned bathroom. As they struggle to comprehend their predicament, they discover a disturbing tape left behind by the sadistic mastermind known as Jigsaw. With a chilling voice and cryptic instructions, Jigsaw informs them that they must partake in a gruesome game in order to secure their freedom.",,,,"dvd, horror",,null,,,87736058,,,,,,,,,,,,,,,,,2026-09-19,1
ri1tf6exoz,movie,"Say Hello to Yesterday",,,,"Rental Library",,,"Approaching middle-age and stuck in an unfulfilled marriage, a suburban British housewife allows herself a sexual fling with a brash young hunk she meets on a commuter train.",,,,"drama, dvd",,null,,,51798522,,,,,,,,,,,,,,,,,2026-09-19,1
0cpqkirdcu,movie,"Scary Movie",,,,"Rental Library",,,"Twenty-six years after outrunning a suspiciously familiar masked killer, the Core Four are back in the killer's crosshairs and no horror movie IP is safe.",,,,"comedy, vhs",,null,,,51028730,,,,,,,,,,,,,,,,,2026-09-19,1
m4x1ws731h,movie,"Servants of Twilight",,,,"Rental Library",,,"Based on the novel by Dean R. Koontz, this action packed thriller features Bruce Greenwood as a private detective hired to protect a little boy from a fanatical religious cult that believe he is the antichrist fortold in the book of Revelations.",,,,"thriller, vhs",,null,,,68100858,,,,,,,,,,,,,,,,,2026-09-19,1
ywh2s9vr71,movie,"Seven Years in Tibet",,,,"Rental Library",,,"Austrian mountaineer Heinrich Harrer journeys to the Himalayas without his family to head an expedition in 1939. But when World War II breaks out, the arrogant Harrer falls into Allied forces' hands as a prisoner of war. He escapes with a fellow detainee and makes his way to Lhasa, Tibet, where he meets the 14-year-old Dalai Lama, whose friendship ultimately transforms his outlook on life.",,,,"drama, dvd",,null,,,51409402,,,,,,,,,,,,,,,,,2026-09-19,1
obaj4wj0an,movie,"Sex and the City",,,,"Rental Library",,,"When Carrie's big step forward in her relationship goes awry, best friends Charlotte, Miranda and Samantha are there to help her pick up the pieces.",,,,"comedy, dvd",,null,,,03629306,,,,,,,,,,,,,,,,,2026-09-19,1
cnrhqz1mmk,movie,"Shanghai Noon",,,,"Rental Library",,,"Chon Wang, a clumsy imperial guard, trails Princess Pei Pei when she's kidnapped from the Forbidden City and transported to America. Wang follows her captors to Nevada, where he teams up with an unlikely partner, outcast outlaw Roy O'Bannon, and tries to spring the princess from her imprisonment.",,,,"comedy, vhs",,null,,,24569338,,,,,,,,,,,,,,,,,2026-09-19,1
8g3xnqqohq,movie,"Shaun of the Dead",,,,"Rental Library",,,"Shaun lives a supremely uneventful life, which revolves around his girlfriend, his mother, and, above all, his local pub. This gentle routine is threatened when the dead return to life and make strenuous attempts to snack on ordinary Londoners.",,,,"comedy, dvd",,null,,,03367162,,,,,,,,,,,,,,,,,2026-09-19,1
kq7vzt9ysl,movie,She-Devil,,,,"Rental Library",,,"A cunning and resourceful housewife vows revenge on her husband when he begins an affair with a wealthy romance novelist.",,,,"comedy, vhs",,null,,,24962554,,,,,,,,,,,,,,,,,2026-09-19,1
prwf75tno7,movie,Sliver,,,,"Rental Library",,,"A woman moves into a Manhattan apartment, where she learns that the previous tenant's life ended under mysterious circumstances.",,,,"thriller, vhs",,null,,,42599418,,,,,,,,,,,,,,,,,2026-09-19,1
3kjzif2arj,movie,"Snow Falling on Cedars",,,,"Rental Library",,,"In the 1950s, a Japanese-American fisherman is suspected of killing his neighbour at sea. For Ishmael, a local reporter, the trial strikes a deep emotional chord when he finds his ex-lover is linked to the case. As he investigates the killing, he uncovers some startling clues that lead him to a shocking discovery.",,,,"drama, vhs",,null,,,50701050,,,,,,,,,,,,,,,,,2026-09-19,1
hetg8cn19k,movie,"Spanish Judges",,,,"Rental Library",,,"A con-artist hires two low-lifes to cover him during a deal, ending with three criminals, two dueling pistols, and one night they'll never forget",,,,"thriller, vhs",,null,,,25093626,,,,,,,,,,,,,,,,,2026-09-19,1
9dcyax76rp,movie,"Stanley & Iris",,,,"Rental Library",,,"An illiterate cook at a company cafeteria tries for the attention of a newly widowed woman. As they get to know one another, she discovers his inability to read. When he is fired, she takes on trying to teach him to read in her kitchen each night.",,,,"drama, vhs",,null,,,52863738,,,,,,,,,,,,,,,,,2026-09-19,1
nxiehv041p,movie,Stargate,,,,"Rental Library",,,"An interstellar teleportation device, found in Egypt, leads to a planet with humans resembling ancient Egyptians who worship the god Ra.",,,,"sci-fi, vhs",,null,,,51127034,,,,,,,,,,,,,,,,,2026-09-19,1
7f2u6byhd6,movie,"Stiff Upper Lips",,,,"Rental Library",,,"Stiff Upper Lips is a broad parody of British period films, especially the lavish Merchant-Ivory productions of the 'eighties and early 'nineties. Although it specifically targets A Room with a View, Chariots of Fire, Maurice, A Passage to India, and many other films, in a more general way Stiff Upper Lips satirises popular perceptions of certain Edwardian traits: propriety, sexual repression, xenophobia, and class snobbery.",,,,"comedy, vhs",,null,,,77683450,,,,,,,,,,,,,,,,,2026-09-19,1
j7s65opqlq,movie,"Stomp the Yard",,,,"Rental Library",,,"After the death of his younger brother, a troubled 19-year-old street dancer from Los Angeles is able to bypass juvenile hall by enrolling in the historically black, Truth University in Atlanta, Georgia. But his efforts to get an education and woo the girl he likes are sidelined when he is courted by the top two campus fraternities, both of which want and need his fierce street-style dance moves to win the highly coveted national step show competition.",,,,"drama, dvd",,null,,,91237882,,,,,,,,,,,,,,,,,2026-09-19,1
u34ir79gnz,movie,Sybil,,,,"Rental Library",,,"A true story of a young woman whose abusive childhood results in her developing a multiple personality disorder.",,,,"drama, dvd",,null,,,95584506,,,,,,,,,,,,,,,,,2026-09-19,1
iz50turlqm,movie,Tarzan,,,,"Rental Library",,,"Tarzan was a small orphan who was raised by an ape named Kala since he was a child. He believed that this was his family, but on an expedition Jane Porter is rescued by Tarzan. He then finds out that he's human. Now Tarzan must make the decision as to which family he should belong to...",,,,"kids-family, vhs",,null,,,77454074,,,,,,,,,,,,,,,,,2026-09-19,1
obaj4wt0an,movie,"Tequila Sunrise",,,,"Rental Library",,,"In a seaside California town, best friends Mac and Nick are on opposite sides of the law. Mac is a former drug dealer trying to clean up his act, while Nick is a high-profile detective trying to take down a Mexican drug lord named Carlos. Soon Nick's loyalties are put to the test when he begins an affair with restaurateur Jo Ann -- a love interest of Mac's -- unwittingly leading his friend into a police-orchestrated trap.",,,,"thriller, vhs",,null,,,50799354,,,,,,,,,,,,,,,,,2026-09-19,1
ayqslecpsz,movie,"The Amityville Horror",,,,"Rental Library",,,"George Lutz, his wife Kathy, and their three children have just moved into a beautiful, and improbably cheap, Victorian mansion nestled in the sleepy coastal town of Amityville, Long Island. However, their dream home is concealing a horrific past and soon each member of the Lutz family is plagued with increasingly strange and violent visions and impulses.",,,,"dvd, horror",,null,,,90320378,,,,,,,,,,,,,,,,,2026-09-19,1
e90agns5u2,movie,"The Bad News Bears Go To Japan",,,,"Rental Library",,,"A small time promotor/hustler takes the pint-sized baseball team to Japan for a match against the country's best little league baseball team which sparks off a series of adventures and mishaps the boys come into.",,,,"comedy, vhs",,null,,,24864250,,,,,,,,,,,,,,,,,2026-09-19,1
v8unck526q,movie,"The Bedroom Window",,,,"Rental Library",,,"Baltimore, Maryland. Sylvia sees a girl being attacked from her lover Terry's bedroom window. The assailant flees and his victim is saved. But that same night another girl is found murdered.",,,,"thriller, vhs",,null,,,42402810,,,,,,,,,,,,,,,,,2026-09-19,1
fto3upfe5y,movie,"The Brady Bunch Movie",,,,"Rental Library",,,"The original '70s TV family is now placed in the 1990s, where they're even more square and out of place than ever.",,,,"comedy, vhs",,null,,,21056762,,,,,,,,,,,,,,,,,2026-09-19,1
gaklx1cbt4,movie,"The Breed",,,,"Rental Library",,,"Brothers John and Matt have inherited an island cabin from their recently deceased uncle. Along with Matt's girlfriend, Nicki, and other mutual friends, the siblings travel to the cabin for a relaxing weekend getaway. But, not long after arriving, the group is besieged by ravenous dogs. They watch in horror as another vacationer, Luke, is eaten alive. Soon, they discover a training facility where the dogs have been bred to kill.",,,,"horror, vhs",,null,,,51389178,,,,,,,,,,,,,,,,,2026-09-19,1
6umrpq08dt,movie,"The Cannonball Run",,,,"Rental Library",,,"A cross-country road race is based on an actual event, the Cannonball Baker Sea to Shining Sea Memorial Trophy Dash, organized by Brock Yates to protest the 55 mph speed limit then in effect in the U.S. The Cannonball was named for Erwin G. ""Cannonball"" Baker, who in the roaring 20's rode his motorcycle across the country. Many of the characters are based on ruses developed by real Cannonball racers over the several years that the event was run.",,,,"comedy, vhs",,null,,,25355770,,,,,,,,,,,,,,,,,2026-09-19,1
dmnwy7cu84,movie,"The Catamount Killing",,,,"Rental Library",,,"A banker troubled by both business and personal problems is transferred to a small town. There he meets and seduces an older woman. Together, they decide to pull off a payroll holdup together.",,,,"thriller, vhs",,null,,,24503802,,,,,,,,,,,,,,,,,2026-09-19,1
2og4mrotqt,movie,"The Code Conspiracy",,,,"Rental Library",,,"A code that foretells the greatest prophecies of all time...Protected by the faith of one man.",,,,"sci-fi, vhs",,null,,,77028090,,,,,,,,,,,,,,,,,2026-09-19,1
w1eo2uzisd,movie,"The Conman",,,,"Rental Library",,,"A man kills an assassin by accident and when he gets out of prison, the victim's brother attempts to avenge his death.",,,,"dvd, foreign",,null,,,95191290,,,,,,,,,,,,,,,,,2026-09-19,1
qhf8vdzwe4,movie,"The Dead One",,,,"Rental Library",,,"Trapped between the living and the dead, Diego de la Muerte fights to rescue his soul from the evil god of death that controls him. But a bigger battle awaits him when the Aztec god demands the soul of Maria, the girlfriend Diego left behind.",,,,"dvd, horror",,null,,,95879418,,,,,,,,,,,,,,,,,2026-09-19,1
6umrpqm8dt,movie,"The Hi-Lo Country",,,,"Rental Library",,,"An intimate story of the enduring bond of friendship between two hard-living men, set against a sweeping backdrop: the American West, post-World War II, in its twilight. Pete and Big Boy are masters of the prairie, but ultimately face trickier terrain: the human heart.",,,,"drama, vhs",,null,,,68788986,,,,,,,,,,,,,,,,,2026-09-19,1
8g3xnwaohq,movie,"The Last House of the Left",,,,"Rental Library",,,"On the eve of her 17th birthday, Mari and friend Phyllis set off from her family home to attend a rock concert in the city. Attempting to score some drugs on the way, the pair run afoul of a group of vicious crooks, headed up by the sadistic Krug.",,,,"dvd, horror",,null,,,51999226,,,,,,,,,,,,,,,,,2026-09-19,1
xlz9eofjps,movie,"The Last Stop",,,,"Rental Library",,,"A group of snowbound strangers discover there are killers amongst them.",,,,"thriller, vhs",,null,,,25323002,,,,,,,,,,,,,,,,,2026-09-19,1
4jl51tzkbx,movie,"The Last Word",,,,"Rental Library",,,"Martin Ryan is a Detroit columnist with mob ties. He meets Caprice, a stripper with a dark past. When his best friend Doc helps sell a film deal based on his writings to a Hollywood studio, Martin chooses between fame or saving his girlfriend Sara.",,,,"thriller, vhs",,null,,,42206202,,,,,,,,,,,,,,,,,2026-09-19,1
ri1tf85xoz,movie,"The Legend of Zorro",,,,"Rental Library",,,"Despite trying to keep his swashbuckling to a minimum, a threat to California's pending statehood causes the adventure-loving Don Alejandro de la Vega and his wife, Elena, to take action.",,,,"action, dvd",,null,,,95060218,,,,,,,,,,,,,,,,,2026-09-19,1
0cpqklxdcu,movie,"The Lion King II",,,,"Rental Library",,,"Timon the meerkat and Pumbaa the warthog are best pals and the unsung heroes of the African savanna. This prequel to the smash Disney animated adventure takes you back -- way back -- before Simba's adventure began. You'll find out all about Timon and Pumbaa and tag along as they search for the perfect home and attempt to raise a rambunctious lion cub.",,,,"kids-family, vhs",,null,,,77486842,,,,,,,,,,,,,,,,,2026-09-19,1
m4x1wfh31h,movie,"The Night and the Moment",,,,"Rental Library",,,"The Night and the Moment is a 1995 erotic drama. A writer (Dafoe) is invited to the house of a noblewoman (Olin) who adores free-thinkers. He attempts to seduce her but she insists that he tell her of his past love exploits. While doing so, he takes her through his time in prison where he was unknowingly incarcerated in the cell beside hers.",,,,"drama, vhs",,null,,,75782906,,,,,,,,,,,,,,,,,2026-09-19,1
ywh2s62r71,movie,"The Official Story",,,,"Rental Library",,,"Buenos Aires, Argentina, 1983. In the last and turbulent days of the military dictatorship, Alicia, a high school history teacher, begins to ask uncomfortable questions about the dark origins of Gaby, her adopted daughter.",,,,"foreign, vhs",,null,,,69018362,,,,,,,,,,,,,,,,,2026-09-19,1
obaj4iq0an,movie,"The Order",,,,"Rental Library",,,"A covert group of vigilantes known as The Order dedicate their lives to eliminating violent threats and imminent disasters, but discover that one threat they face, is being lead by some of their very own.",,,,"action, dvd",,null,,,49701370,,,,,,,,,,,,,,,,,2026-09-19,1
cnrhqszmmk,movie,"The Pagemaster",,,,"Rental Library",,,"Rich knows a lot about accidents. So much so, he is scared to do anything that might endanger him, like riding his bike, or climbing into his treehouse. While in an old library, he is mystically transported into the unknown world of books, and he has to try and get home again.",,,,"dvd, kids-family",,null,,,31092730,,,,,,,,,,,,,,,,,2026-09-19,1
8g3xnwwohq,movie,"The Perfect Bride",,,,"Rental Library",,,"A young woman begins to suspect that her brother's young fiancée, an attractive Englishwoman, is actually a serial killer who kills men on the eve of their weddings.",,,,"thriller, vhs",,null,,,68821754,,,,,,,,,,,,,,,,,2026-09-19,1
kq7vz96ysl,movie,"The Price of Kissing",,,,"Rental Library",,,"Pauley Perrette plays Renee, a young woman discovering her own meaning of love. From childhood memories of her mother to her own experiences as a young woman, she struggles to find answers to life's greatest mystery. From a recommendation of a friend, she becomes the doorman at a local club. There she meets several friends who help her on her journey of discovery. Who will be there when it rains?",,,,"comedy, vhs",,null,,,42632186,,,,,,,,,,,,,,,,,2026-09-19,1
prwf7v9no7,movie,"The Sandlot | The Sandlot 2 | The Sandlot Heading Home",,,,"Rental Library",,,"A decade has passed in the small town where the original Sandlot gang banded together during the summer of ’62 to play baseball and battle the Beast. Now, back at the dugout, nine new kids descend on the diamond only to discover that a descendant of the Beast lives in Mr. Mertle’s backyard – a monster of mythical proportions known as 'The Great Fear'.",,,,"dvd, kids-family",,null,,,51278330,,,,,,,,,,,,,,,,,2026-09-19,1
3kjzietarj,movie,"The Simpsons Christmas",,,,"Rental Library",,,"A collection of five different Simpson holiday specials; Simpsons Roasting on an Open Fire, Mr. Plow, Miracle on Evergreen Terrace, Grift of the Magi, and She of Little Faith",,,,"comedy, dvd",,null,,,31322106,,,,,,,,,,,,,,,,,2026-09-19,1
hetg8m419k,movie,"The Super",,,,"Rental Library",,,"Louie Kritski is a heartless landlord who has been so negligent in keeping up his ghetto apartment that he is threatened with jail time. The judge gives him another option -- he must live in his rat-infested hell hole until he brings it up to liveable standards.",,,,"comedy, vhs",,null,,,42468346,,,,,,,,,,,,,,,,,2026-09-19,1
nxieh2d41p,movie,"The Village",,,,"Rental Library",,,"When a willful young man tries to venture beyond his sequestered Pennsylvania hamlet, his actions set off a chain of chilling incidents that will alter the community forever.",,,,"dvd, horror",,null,,,74956538,,,,,,,,,,,,,,,,,2026-09-19,1
lsvd9bk7b9,movie,"The Wrong Guy",,,,"Rental Library",,,"Nelson Hibbert expects to become the new president of Nagel Industries, but Mr. Nagel gives the promotion to another employee. When Nelson barges into Nagel's office to confront him, he finds Nagel's been murdered. Fearing that he will be implicated, Nelson decides to run from the law...despite the fact that the police already know the killer's identity.",,,,"comedy, vhs",,null,,,41714682,,,,,,,,,,,,,,,,,2026-09-19,1
7f2u6crhd6,movie,"The Year of Living Dangerously",,,,"Rental Library",,,"A young Australian reporter tries to navigate the political turmoil of Indonesia during the rule of President Sukarno with the help of a diminutive photographer.",,,,"thriller, vhs",,null,,,42730490,,,,,,,,,,,,,,,,,2026-09-19,1
j7s650nqlq,movie,Thunderball,,,,"Rental Library",,,"A criminal organization has obtained two nuclear bombs and are asking for a 100 million pound ransom in the form of diamonds in seven days or they will use the weapons. The secret service sends James Bond to the Bahamas to once again save the world.",,,,"action, vhs",,null,,,68526842,,,,,,,,,,,,,,,,,2026-09-19,1
u34irh6gnz,movie,"Till Death Us Do Part",,,,"Rental Library",,,"This is a true crime story based on the book of the same title by prosecuting attorney, Vincent Bugliosi. (Bugliosi is the L.A. prosecutor that put Charles Manson away.) On December 11, 1966, a murder occurs in a small neighborhood of El Sereno, CA. In the middle of the night, Henry Stockton is shot three times in the head and twice in the chest and then his house is set on fire. The murderer left no clues, baffling the police, until a year later when a young pregnant woman is found bludgeoned to death in a Jaguar. Strangely, these two murders are related. As the mystery unfolds a horrific tale of greed, lust and ambition are revealed.",,,,"thriller, vhs",,null,,,42075130,,,,,,,,,,,,,,,,,2026-09-19,1
iz50tgxlqm,movie,"To Catch a Killer",,,,"Rental Library",,,"Baltimore. New Year's Eve. A talented but troubled police officer is recruited by the FBI's chief investigator to help profile and track down a mass murderer.",,,,"thriller, vhs",,null,,,67969786,,,,,,,,,,,,,,,,,2026-09-19,1
obaj4i90an,movie,"Tomb Raider The Cradle of Life",,,,"Rental Library",,,"Off the coast of the volcanic island of Santorini, the intrepid archaeologist Lara Croft makes the unexpected discovery of a pulsating golden orb able to guide its holder to the mythical Pandora's Box. As the legendary artifact contains ancient mysteries of unfathomable power - said to contain one of the deadliest plagues on Earth, Lara is tasked by MI6 to make sure it doesn't fall into the wrong hands. With the aid of former Marine turned mercenary Terry Sheridan, she travels the world in pursuit of the precious item in a race against time; she must beat the unscrupulous Nobel Prize-winning scientist turned bioterrorist, Jonathan Reiss, to it.",,,,"action, dvd",,null,,,91303418,,,,,,,,,,,,,,,,,2026-09-19,1
ayqsl5mpsz,movie,"Twilight New Moon",,,,"Rental Library",,,"Forks, Washington resident Bella Swan is reeling from the departure of her vampire love, Edward Cullen, and finds comfort in her friendship with Jacob Black, a werewolf. But before she knows it, she's thrust into a centuries-old conflict, and her desire to be with Edward at any cost leads her to take greater and greater risks.",,,,"dvd, fantasy",,null,,,52523514,,,,,,,,,,,,,,,,,2026-09-19,1
e90ag4f5u2,movie,"Twisted Justice",,,,"Rental Library",,,"In the Los Angeles of the future, police are forbidden to carry weapons and must use stun guns instead. A maverick detective ignores those restrictions in his pursuit of ""The Bullseye Murderer,"" a psychotic rapist who takes a new drug called ""Umbra"" that gives him superhuman strength and intelligence.",,,,"dvd, thriller",,null,,,51208698,,,,,,,,,,,,,,,,,2026-09-19,1
fto3u45e5y,movie,"Two Moon Junction",,,,"Rental Library",,,"A young Southern débutante temporarily abandons her posh lifestyle and upcoming, semi-arranged marriage to have a lustful and erotic fling with a rugged drifter who works at a local carnival.",,,,"thriller, vhs",,null,,,67871482,,,,,,,,,,,,,,,,,2026-09-19,1
gaklxzmbt4,movie,Undertow,,,,"Rental Library",,,"Six friends enter the strange town of Old Mines for a weekend float trip. They quickly realize that the town is not friendly to strangers, and they are pressured to leave by the police. When the friends decide to continue their float trip anyway, terrifying secrets of the town surface. A seven-foot-tall deformed maniac, known by the townsfolk as The Boy is kept under lock and key by the town's mayor. The Boy's purpose is simple: kill outsiders. The Mayor of Old Mines releases The Boy and the maniac's hunt begins. One by one, the campers on their float trip are ripped to gory shreds by the enraged, deformed, hulking Boy. But there is great mystery to the Boy. Who is his father? Who is his mother? How did he become so dangerous? In the end, the answers to these questions will put the entire town of Old Mines in danger. The Boy is an unstoppable killing machine, and anyone in his path won't be in one piece for long!",,,,"thriller, vhs",,null,,,68231930,,,,,,,,,,,,,,,,,2026-09-19,1
dmnwyhmu84,movie,"Universal Soldier 2 | 3",,,,"Rental Library",,,"When reporter Veronica Roberts unwillingly gets involved in a hostage situation and is forced to escape, she and Luc Devereaux go into hiding. Meanwhile, Dr. Walker and Mentor get set with a powerful new Universal Soldier and a lethal plan.",,,,"action, dvd",,null,,,96796922,,,,,,,,,,,,,,,,,2026-09-19,1
2og4mx0tqt,movie,"Universal Soldier: Regeneration",,,,"Rental Library",,,"When terrorists threaten nuclear catastrophe at Chernobyl, the world's only hope is to reactivate decommissioned Universal Soldier Luc Deveraux. Rearmed and reprogrammed, Deveraux must take on his nemesis from the original Universal Soldier and a next-generation ""UniSol"" that seems almost unstoppable.",,,,"action, dvd",,null,,,96698618,,,,,,,,,,,,,,,,,2026-09-19,1
w1eo2gsisd,movie,"Victor / Victoria",,,,"Rental Library",,,"A struggling female soprano finds work playing a male female impersonator, but it complicates her personal life.",,,,"musical, vhs",,null,,,51356410,,,,,,,,,,,,,,,,,2026-09-19,1
qhf8vuswe4,movie,"Walking Across Egypt",,,,"Rental Library",,,"An elderly widow befriends an orphaned juvenile delinquent.",,,,"drama, vhs",,null,,,68690682,,,,,,,,,,,,,,,,,2026-09-19,1
bpy7jsycho,movie,"When Night is Falling",,,,"Rental Library",,,"Camille is a professor at a Protestant college and is in a long-term relationship with Martin, a respected minister and fellow professor. When Camille meets Petra, a bold and flamboyant performer in a circus troupe, she is inexplicably drawn. Pursuing Petra, Camille throws her whole conservative life into disarray.",,,,"thriller, vhs",,null,,,42042362,,,,,,,,,,,,,,,,,2026-09-19,1
6umrpw38dt,movie,Widows,,,,"Rental Library",,,"A police shootout leaves four thieves dead during an explosive armed robbery attempt in Chicago. Their widows have nothing in common except a debt left behind by their spouses' criminal activities. Hoping to forge a future on their own terms, they join forces to pull off a heist.",,,,"thriller, vhs",,null,,,41845754,,,,,,,,,,,,,,,,,2026-09-19,1
xlz9e0ejps,movie,"Willy Wonka and the Chocolate Factory",,,,"Rental Library",,,"When eccentric candy man Willy Wonka promises a lifetime supply of sweets and a tour of his chocolate factory to five lucky kids, penniless Charlie Bucket seeks the golden ticket that will make him a winner.",,,,"kids-family, vhs",,null,,,77257466,,,,,,,,,,,,,,,,,2026-09-19,1
56dpbycv9x,movie,Wonderland,,,,"Rental Library",,,"Now that the Queen of Hearts is nice and Cinderella is safe, things seem perfect for Red and Chloe… But little do they know that changing the past created a new villain — Maddox Hatter. When Maddox captures the Queen of Hearts, Red and Chloe must work alongside Red’s new sister Pink, Luisa Madrigal’s son Luis, and Maddox’s son Max to save her and Wonderland.",,,,"drama, dvd",,null,,,03727610,,,,,,,,,,,,,,,,,2026-09-19,1
4jl519skbx,movie,"Yankee Zulu",,,,"Rental Library",,,"Two South African boys, one white, Rhino, and one black, Zulu, go their separate ways after an incident. Many years later, they meet up again as adults, when one, after living for years in the United States, is now a wanted criminal. The two end up being a part of a madcap chase involving a check for a large amount of lottery money, pursued by Gen. Diehard and Rhino's ex-wife Rowena, who was the cause of the rift between the two protagonists.",,,,"kids-family, vhs",,null,,,58775290,,,,,,,,,,,,,,,,,2026-09-19,1
ri1tfovxoz,movie,"Yeti: A Gay Love Story",,,,"Rental Library",,,"A camping trip goes very wrong when five college students are kidnapped by a secret cult that plans to sacrifice them to a mysterious hairy beast called the Yeti -- who turns out to harbor a deep attraction to young men -- in this raunchy comedy. The situation starts to improve when one of the victims begins to examine his own desires and finds that the Yeti doesn't seem so unappealing -- but can the group escape from the crazed cult members?",,,,"comedy, dvd",,null,,,50586106,,,,,,,,,,,,,,,,,2026-09-19,1
0cpqk7jdcu,movie,Zathura,,,,"Rental Library",,,"After their father is called into work, two young boys, Walter and Danny, are left in the care of their teenage sister, Lisa, and told they must stay inside. Walter and Danny, who anticipate a boring day, are shocked when they begin playing Zathura, a space-themed board game, which they realize has mystical powers when their house is shot into space. With the help of an astronaut, the boys attempt to return home.",,,,"dvd, kids-family",,null,,,86851322,,,,,,,,,,,,,,,,,2026-09-19,1
ywh2s8tr71,movie,"84 Charing Cross Road",,,,"Rental Library",,,"When a humorous script-reader in her New York apartment sees an ad in the Saturday Review of Literature for a bookstore in London that does mail order, she begins a very special correspondence and friendship with Frank Doel, the bookseller who works at Marks & Co., 84 Charing Cross Road.",,,,"drama, vhs",,null,,,17418234,,,,,,,,,,,,,,,,,2026-09-19,1
obaj4lw0an,movie,"A Summer Place",,,,"Rental Library",,,"A self-made businessman rekindles a romance with a former flame while their two teenage children begin a romance of their own with drastic consequences for both couples.",,,,"drama, vhs",,null,,,17614842,,,,,,,,,,,,,,,,,2026-09-19,1
cnrhqfsmmk,movie,"Absent Minded Professor",,,,"Rental Library",,,"Bumbling professor Ned Brainard accidentally invents flying rubber, or ""Flubber"", an incredible material that gains energy every time it strikes a hard surface. It allows for the invention of shoes that can allow jumps of amazing heights and enables a modified Model-T to fly. Unfortunately, no one is interested in the material except for Alonzo Hawk, a corrupt businessman who wants to steal the material for himself.",,,,"kids-family, vhs",,null,,,69179386,,,,,,,,,,,,,,,,,2026-09-19,1
kq7vz68ysl,movie,"All About My Mother",,,,"Rental Library",,,"Following the tragic death of her teenage son, Manuela travels from Madrid to Barcelona in an attempt to contact the long-estranged father the boy never knew. She reunites with an old friend, an outspoken transgender sex worker, and befriends a troubled actress and a pregnant, HIV-positive nun.",,,,"foreign, vhs",,null,,,69081082,,,,,,,,,,,,,,,,,2026-09-19,1
t0bk3jw93y,movie,"Almost an Angel",,,,"Rental Library",,,"Terry Dean is an electronics wizard and thief. After he is released from jail, he is hit by a car while saving a little girl's life. While in the hospital, he dreams that God visits him and tells him he's an Angel, and must start doing good things to make up for his past life. Not believing it at first, he soon becomes convinced he must be an Angel. Not having any Angel powers yet, he must use his own experiences and talents to make good things happen.",,,,"comedy, vhs",,null,,,82941946,,,,,,,,,,,,,,,,,2026-09-19,1
prwf726no7,movie,"Angel's Dance",,,,"Rental Library",,,"A young hitman is asked to prove himself by killing an innocent woman.",,,,"thriller, vhs",,null,,,78991098,,,,,,,,,,,,,,,,,2026-09-19,1
3kjzi59arj,movie,"Any Given Sunday",,,,"Rental Library",,,"A star quarterback gets knocked out of the game and an unknown third stringer is called in to replace him. The unknown gives a stunning performance and forces the aging coach to reevaluate his game plans and life. A new co-owner/president adds to the pressure of winning. The new owner must prove herself in a male dominated world.",,,,"drama, vhs",,null,,,69319674,,,,,,,,,,,,,,,,,2026-09-19,1
9dcyaq16rp,movie,Arachnid,,,,"Rental Library",,,"Mercer's brother, an amateur pilot, crashes on an island and is killed by a giant spider. A year later, when Mercer goes in search of him, she discovers a breed of poisonous arachnids ready to attack.",,,,"sci-fi, vhs",,null,,,69024762,,,,,,,,,,,,,,,,,2026-09-19,1
lsvd9cy7b9,movie,Arachnophobia,,,,"Rental Library",,,"A large spider from the jungles of South America is accidentally transported in a crate with a dead body to America where it mates with a local spider. Soon after, the residents of a small California town disappear as the result of spider bites from the deadly spider offspring. It's up to a couple of doctors with the help of an insect exterminator to annihilate these eight legged freaks.",,,,"horror, vhs",,null,,,69417978,,,,,,,,,,,,,,,,,2026-09-19,1
7f2u6mxhd6,movie,"Around the Bend",,,,"Rental Library",,,"A tale of four generations of men, all of whom have had their offspring at a young age: a great-grandfather, a grandfather, a father in his twenties and a son who is about 7 years old. When the oldest member passes away, the trio heads out on the road together in the Southwest to search out an old family secret that connects to their past.",,,,"drama, vhs",,null,,,82909178,,,,,,,,,,,,,,,,,2026-09-19,1
j7s65d4qlq,movie,"Babe Pig in the City",,,,"Rental Library",,,"Babe, fresh from his victory in the sheepherding contest, returns to Farmer Hoggett's farm, but after Farmer Hoggett is injured and unable to work, Babe has to go to the big city to save the farm.",,,,"kids-family, vhs",,null,,,69212154,,,,,,,,,,,,,,,,,2026-09-19,1
u34ir18gnz,movie,"Baby Boom",,,,"Rental Library",,,"J.C. Wiatt is a talented and ambitious New York City career woman who is married to her job and working towards partner at her firm. She has a live-in relationship with Steven, a successful investment broker who, along with J.C., agreed children aren't part of the plan. J.C.'s life takes an unexpected turn when a distant relative dies and the will appoints her the caretaker of their baby girl, Elizabeth. The baby's sudden arrival causes Steven to leave, breaking off their relationship. Juggling power lunches and powdered formula, she is soon forced off the fast track by a conniving colleague and a bigoted boss. But she won't stay down for long. She'll prove to the world that a woman can have it all and on her own terms too!",,,,"comedy, vhs",,null,,,82614266,,,,,,,,,,,,,,,,,2026-09-19,1
iz50tbjlqm,movie,"Beautiful Dreamers",,,,"Rental Library",,,"When the superintendent of the Canadian insane asylum, Dr. Maurice Bucke, meets poet Walt Whitman, his life and that of his wife and patients is radically changed. Like Dr. Bucke, Whitman has avant-garde ideas on the subject of mental illness. ""Dreamers"" is based on true events. Dr. Bucke became an important biographer of Walt Whitman.",,,,"drama, vhs",,null,,,85487098,,,,,,,,,,,,,,,,,2026-09-19,1
obaj4l60an,movie,"Beautiful Joe",,,,"Rental Library",,,"A bad girl becomes a con artist, gets into trouble with the mob and taps a nice-guy florist for help.",,,,"comedy, vhs",,null,,,84798970,,,,,,,,,,,,,,,,,2026-09-19,1
ayqslv3psz,movie,Beautiful,,,,"Rental Library",,,"The story of several people involved in the sale of a yet unborn child. A couple of irresponsible young people want to sell their child to a couple who lost their offspring. The mother of the girl who wants to sell the child objects. This leads to conflict between her and the young couple. The girl's mother additionally brings up little Berry, from whom she hides a secret from the past. The heroes are put to a severe test. They have to face the darkest corners of their souls.",,,,"comedy, vhs",,null,,,69474298,,,,,,,,,,,,,,,,,2026-09-19,1
e90agke5u2,movie,"Blue Ice",,,,"Rental Library",,,"An ex-British spy (Michael Caine) helps a U.S. diplomat's wife (Sean Young) and blows the lid off a deadly government cover-up.",,,,"thriller, vhs",,null,,,69549050,,,,,,,,,,,,,,,,,2026-09-19,1
v8uncxt26q,movie,"Book of Love",,,,"Rental Library",,,"John Twiller takes down his high school yearbook and begins to reminiscence about that time he first moved into the neighborhood in 1956. His teenage self, Jack is obsessed with Lily one of the more popular girls around. The sole obstacle is Angelo, her bullying boyfriend. With the help of his pals Crutch, Floyd, and Spider, he makes every attempt possible to change her mind.",,,,"comedy, vhs",,null,,,03317498,,,,,,,,,,,,,,,,,2026-09-19,1
fto3ukve5y,movie,"Breaking In",,,,"Rental Library",,,"Professional thief Ernie takes Mike on as an apprentice, but while Mike clearly has ""larceny in his heart"", it will take him a long time to get as good as Ernie.",,,,"comedy, vhs",,null,,,79023866,,,,,,,,,,,,,,,,,2026-09-19,1
gaklxs3bt4,movie,"Caught Up",,,,"Rental Library",,,"Daryl gets out of jail after 5 years. His mother has died, his girlfriend is married, and he can't find a job. His new girlfriend Vanessa, whom he meets when a gunman opens fire on them, gets him a job as a car driver. Hitmen are still after them, and Vanessa tells Daryl that this is her former lover Ahmad who wants revenge.",,,,"action, vhs",,null,,,85749242,,,,,,,,,,,,,,,,,2026-09-19,1
6umrpiu8dt,movie,Century,,,,"Rental Library",,,"Turn-of-the-century love story centered around a young doctor and the emergence of modern science.",,,,"drama, vhs",,null,,,00112378,,,,,,,,,,,,,,,,,2026-09-19,1
dmnwy13u84,movie,"Chain of Command",,,,"Rental Library",,,"After finding his brother murdered after returning from duty, Webster searches for the perpetrators, but discovers a conspiracy that cuts deep inside the U.S. government.",,,,"action, vhs",,null,,,37436922,,,,,,,,,,,,,,,,,2026-09-19,1
2og4mjdtqt,movie,"China O'Brien 2",,,,"Rental Library",,,"This time China O'Brien has trouble with a dealer who puts a price on her head because she had spoiled an important drug deal of his. But all the world's criminals will not be enough to catch up with China O'Brian, one of the masters of the martial arts.",,,,"action, vhs",,null,,,37207546,,,,,,,,,,,,,,,,,2026-09-19,1
w1eo2bfisd,movie,"Chungking Express",,,,"Rental Library",,,"Two melancholic Hong Kong policemen fall in love: one with a mysterious underworld figure, the other with a beautiful and ethereal server at a late-night restaurant.",,,,"drama, dvd",,null,,,49545466,,,,,,,,,,,,,,,,,2026-09-19,1
qhf8vgfwe4,movie,"Circumstances Unknown",,,,"Rental Library",,,"A psychopath is obsessed with the wife of his longtime friend, which leads to a series of brutal murders.",,,,"thriller, vhs",,null,,,00276218,,,,,,,,,,,,,,,,,2026-09-19,1
bpy7jfrcho,movie,"City Boy",,,,"Rental Library",,,"Nick, a 17-year-old in search of his father, gains employment with a logging company in a beautiful and mysterious virgin forest known as the Limberlost. Through his relationships with new associates and his adventures in this new and strange environment, Nick learns the value of personal honesty and integrity and discovers what defines true friendship. He finds himself torn between his affection for Angelica, who believes with her Aunt Olivia that the forest should be preserved, and loyalty to his boss, the owner of the lumber company. In the end, this city boy must choose between his own safety and the lives of those he has come to love.",,,,"drama, vhs",,null,,,69146618,,,,,,,,,,,,,,,,,2026-09-19,1
6umrpia8dt,movie,"City of Ghosts",,,,"Rental Library",,,"A con man who is on the run from law enforcement in the U.S. travels to Cambodia to collect his share in an insurance scam but discovers more than he bargained for.",,,,"thriller, vhs",,null,,,00308986,,,,,,,,,,,,,,,,,2026-09-19,1
8g3xnlnohq,movie,"City of Industry",,,,"Rental Library",,,"A retired thief swears revenge on the lunatic who murdered his brother and partner, while going on the run with the loot they stole.",,,,"thriller, vhs",,null,,,69244922,,,,,,,,,,,,,,,,,2026-09-19,1
xlz9ed5jps,movie,Claudia,,,,"Rental Library",,,"An experimental film documentary of a playful little girl exploring nature.",,,,"thriller, vhs",,null,,,84930042,,,,,,,,,,,,,,,,,2026-09-19,1
56dpbrmv9x,movie,"Closely Watched Trains",,,,"Rental Library",,,"At a village railway station in occupied Czechoslovakia, a bumbling dispatcher’s apprentice longs to liberate himself from his virginity. Oblivious to the war and the resistance that surrounds him, this young man embarks on a journey of sexual awakening and self-discovery, encountering a universe of frustration, eroticism, and adventure within his sleepy backwater depot.",,,,"foreign, vhs",,null,,,00145146,,,,,,,,,,,,,,,,,2026-09-19,1
4jl516fkbx,movie,"Code Name Jaguar",,,,"Rental Library",,,"When both the CIA and the underworld mistake regular guy Stuart Dempsey (Danny Nucci) for a notorious killer-for-hire named Jaguar, Dempsey doesn't know whom he can turn to or trust. Certain only of his boss, Max Kaufman (David Carradine), Dempsey is wary of everyone else -- especially his new love (Victoria Sanches). Pursued by the CIA, Dempsey sets out to prove his identity and outwit his pursuers.",,,,"drama, vhs",,null,,,82745338,,,,,,,,,,,,,,,,,2026-09-19,1
ri1tf02xoz,movie,"Cold Comfort",,,,"Rental Library",,,"Dolores has everthing she wants for her birthday: a party, 18 glowing candles, and Stephen, the handsome stranger who's more than a guest. He's a prisoner. COLD COMFORT bristles with the suspense, passion and danger of three people caught up in a madman's game.",,,,"thriller, vhs",,null,,,37535226,,,,,,,,,,,,,,,,,2026-09-19,1
0cpqkhqdcu,movie,Commandments,,,,"Rental Library",,,"Seth Warner has reached the end of his rope. Ever since his wife died two years earlier, his world has been in turmoil. He is despondent, his career has fallen apart, even his house has been destroyed. There seems to be nothing left for him to live for. Confused and angry after two years of suffering, he finally directs his wrath at God from the rooftop of his apartment building in New York City. In the midst of a wild thunderstorm he demands to know why he has been betrayed by the god he has believed in and honored his whole life. God's answer is to strike down Seth's dog in a bolt of lightning. Pushed beyond his limits, Seth decides to respond to his years of torment by breaking each of the biblical Ten Commandments.",,,,"romantic-comedy, vhs",,null,,,79449850,,,,,,,,,,,,,,,,,2026-09-19,1
m4x1w5z31h,movie,"Compromising Position",,,,"Rental Library",,,"An ex-newspaper woman, who is now a suburban housewife, can't resist getting involved in an investigation of the murder of a philandering dentist who had been having affairs with several of her neighbors.",,,,"drama, vhs",,null,,,17787386,,,,,,,,,,,,,,,,,2026-09-19,1
obaj47i0an,movie,"Count of Monte Cristo",,,,"Rental Library",,,"Young sailor Edmond Dantès is wrongfully imprisoned, escapes, finds treasure, and reinvents himself as the wealthy Count of Monte Cristo to exact revenge on those who betrayed him.",,,,"drama, vhs",,null,,,69277690,,,,,,,,,,,,,,,,,2026-09-19,1
cnrhqefmmk,movie,"Cowboy up",,,,"Rental Library",,,"""Cowboy Up"" is a celebration of the risk-taking, daredevil personalities of modern rodeo. In the world of professional bull riding, newcomer Ely Braxton (Marcus Thomas) is the craziest guy around; his brother Hank (Kiefer Sutherland) is a rodeo clown, and the two use each other to play up their acts. But love may be one thing that tears the brothers apart. When Ely falls for the rodeo's sweetheart (Daryl Hannah), Hank is filled with jealousy and hatred. The brothers try to come to grips with their differences, but the competition gets as fierce as the bulls in the ring.",,,,"thriller, vhs",,null,,,82810874,,,,,,,,,,,,,,,,,2026-09-19,1
8g3xnllohq,movie,"Crazy From the Heart",,,,"Rental Library",,,"A small-town, high-school principal still living at home with her mother shakes up her life in a way that even she never expected when she agrees to go out on a date with her school's Hispanic janitor.",,,,"drama, vhs",,null,,,00243450,,,,,,,,,,,,,,,,,2026-09-19,1
kq7vz8oysl,movie,"Cria Cuervos",,,,"Rental Library",,,"Ana, an eight-year-old girl living in Madrid with her grandmother and two sisters, mourns the death of her mother.",,,,"drama, dvd",,null,,,48627962,,,,,,,,,,,,,,,,,2026-09-19,1
prwf7t8no7,movie,"Criminal Law",,,,"Rental Library",,,"Ben Chase is an on-the-rise Boston attorney currently defending a wealthy client in a high-profile murder case. Martin Thiel is the wealthy young man on trial for a particularly brutal murder. The verdict sets Thiel free. Within 24 hours another grizzly and all-too-familiar murder has taken place with striking similarities to the first crime. Chase inexplicably agrees to act as his defense attorney; but this time it will be to gather evidence that will put away his client for good.",,,,"thriller, vhs",,null,,,82548730,,,,,,,,,,,,,,,,,2026-09-19,1
3kjziv6arj,movie,"Cutthroat Island",,,,"Rental Library",,,"Morgan Adams and her slave, William Shaw, are on a quest to recover the three portions of a treasure map. Unfortunately, the final portion is held by her murderous uncle, Dawg. Her crew is skeptical of her leadership abilities, so she must complete her quest before they mutiny against her. This is made yet more difficult by the efforts of the British crown to end her pirate raids.",,,,"action, vhs",,null,,,00341754,,,,,,,,,,,,,,,,,2026-09-19,1
hetg8ay19k,movie,"Dangerous Beauty",,,,"Rental Library",,,"Veronica is brilliant, gifted and beautiful, but the handsome aristocrat she loves, Marco Venier, cannot marry her because she is penniless and of questionable family. So Veronica's mother, Paola, teaches her to become a courtesan, one of the exotic companions favored by the richest and most powerful Venetian men. Veronica courageously uses her charms to change destiny -- and to give herself a chance at true love.",,,,"drama, vhs",,null,,,85126650,,,,,,,,,,,,,,,,,2026-09-19,1
9dcyawz6rp,movie,Daniel,,,,"Rental Library",,,"The fictionalized story of Daniel, the son of Paul and Rochelle Isaacson, who were executed as Soviet spies in the 1950s. As a graduate student in New York in the 1960s, Daniel is involved in the antiwar protest movement and contrasts his experiences to the memory of his parents and his belief that they were wrongfully convicted.",,,,"drama, vhs",,null,,,82876410,,,,,,,,,,,,,,,,,2026-09-19,1
nxieh9g41p,movie,"Dark Journey",,,,"Rental Library",,,"British double agent Madeleine Goddard meets and falls in love with German spy Baron Karl Von Marwitz during World War I.",,,,"drama, vhs",,null,,,03022586,,,,,,,,,,,,,,,,,2026-09-19,1
lsvd9mr7b9,movie,D.A.R.Y.L.,,,,"Rental Library",,,"Daryl is a normal 10-year-old boy in many ways. However, unbeknown to his foster parents and friends, Daryl is actually a government-created robot with superhuman reflexes and mental abilities. Even his name has a hidden meaning -- it's actually an acronym for Data Analyzing Robot Youth Life-form. When the organization that created him deems the ""super soldier"" experiment a failure and schedules Daryl to be disassembled, it is up to a few rogue scientists to help him escape.",,,,"kids-family, vhs",,null,,,69343226,,,,,,,,,,,,,,,,,2026-09-19,1
7f2u63jhd6,movie,"Dead in the Water",,,,"Rental Library",,,"Young, rich, and randy Gloria takes the family motorboat for some fun in the sun off the coast of Brazil. Along with her are her longtime boyfriend Danny, his best friend Jeff, and the son of an important and infinitely influential client, Marcos. It probably wasn't a good idea to take three gorgeous men the same age out on a boat with a bikini-clad beauty who lately has been questioning her relationship with her main squeeze, but it gets even worse than expected. There's tragedy, betrayal, and more tragedy as the faulty value systems of the wealthy brats spin out of control.",,,,"thriller, vhs",,null,,,78499578,,,,,,,,,,,,,,,,,2026-09-19,1
j7s65ukqlq,movie,Deceived,,,,"Rental Library",,,"The murder of a museum curator places art dealer Jack Saunders under suspicion for selling forged treasures to museums. When Jack suddenly dies in a car crash, his wife Adrienne tries to discover what he did on her own. She finds that she knew little about the man she was married to. The more she learns about her husband's possible illegal activities and double life, the more she places her daughter, and herself, in grave danger.",,,,"action, vhs",,null,,,82778106,,,,,,,,,,,,,,,,,2026-09-19,1
u34irzognz,movie,"Dick Tracy",,,,"Rental Library",,,"The comic strip detective finds his life vastly complicated when Breathless Mahoney makes advances towards him while he is trying to battle Big Boy Caprice's united mob.",,,,"action, vhs",,null,,,93294842,,,,,,,,,,,,,,,,,2026-09-19,1
iz50tcqlqm,movie,"Double Obsession",,,,"Rental Library",,,"A disturbed lesbian librarian kidnaps a beautiful young woman she's obsessed with, breaks her foot to keep her incapacitated, then starts to kill off people she believes are intruding in their ""relationship"".",,,,"thriller, vhs",,null,,,83040250,,,,,,,,,,,,,,,,,2026-09-19,1
obaj4780an,movie,"Dr. No",,,,"Rental Library",,,"Agent 007 battles mysterious Dr. No, a scientific genius bent on destroying the U.S. space program. As the countdown to disaster begins, Bond must go to Jamaica, where he encounters beautiful Honey Ryder, to confront a megalomaniacal villain in his massive island headquarters.",,,,"action, vhs",,null,,,93491450,,,,,,,,,,,,,,,,,2026-09-19,1
e90agrv5u2,movie,"Dragon Heart",,,,"Rental Library",,,"In an ancient time when majestic fire-breathers soared through the skies, a knight named Bowen comes face to face and heart to heart with the last dragon on Earth, Draco. Taking up arms to suppress a tyrant king, Bowen soon realizes his task will be harder than he'd imagined: If he kills the king, Draco will die as well.",,,,"fantasy, vhs",,null,,,16992250,,,,,,,,,,,,,,,,,2026-09-19,1
v8uncj926q,movie,Druids,,,,"Rental Library",,,"In the year 60 B.C. a group of Druids, including the arch-druid Guttuart (Max von Sydow), witness the passing of a comet and interpret it as the sign of the coming of a king for their country Gaul, which has not had a king for a long time. Guttuart goes to Gergovia, the capital of the Arvenes tribe, to attend a meeting of Gallic tribal chieftains. The young boy Vercingetorix, along with his friend the young girl Eponia, sneak into a large cavern where Celtill, Vercingetorix's father and chieftain of the Arvenes, hosts the meeting of chieftains with the intention of proclaiming himself king of all Gauls. When Celtill shows off the crown once worn by the old kings of Gaul, an arrow from two Roman spies (dressed as Gauls) hits Celtill in the back.",,,,"action, vhs",,null,,,83499002,,,,,,,,,,,,,,,,,2026-09-19,1
fto3uy2e5y,movie,Drum,,,,"Rental Library",,,"A mid-19th century mulatto slave is torn between his success as a pit-fighter and the injustices of white society.",,,,"drama, vhs",,null,,,28860666,,,,,,,,,,,,,,,,,2026-09-19,1
gaklxfabt4,movie,Drylongs,,,,"Rental Library",,,"A young woman in a photography class begins taking pictures of black men out of fear they will soon be extinct.",,,,"drama, vhs",,null,,,16631802,,,,,,,,,,,,,,,,,2026-09-19,1
dmnwyzau84,movie,"Dudley Do-Right",,,,"Rental Library",,,"Royal Canadian Mountie Dudley Do-right is busy keeping the peace in his small mountain town when his old rival, Snidely Whiplash, comes up with a plot to buy all the property in town, then start a phony gold rush by seeding the river with gold nuggets.",,,,"kids-family, vhs",,null,,,93982970,,,,,,,,,,,,,,,,,2026-09-19,1
2og4mqutqt,movie,Elizabeth,,,,"Rental Library",,,"The story of the ascension to the throne and the early reign of Queen Elizabeth the First, the endless attempts by her council to marry her off, the Catholic hatred of her and her romance with Lord Robert Dudley.",,,,"drama, vhs",,null,,,94081274,,,,,,,,,,,,,,,,,2026-09-19,1
w1eo2ceisd,movie,"Ernie Kovacs: Between the Laughter",,,,"Rental Library",,,"TV movie biopic depicting the life, career, and family of comedian Ernie Kovacs.",,,,"comedy, vhs",,null,,,16173050,,,,,,,,,,,,,,,,,2026-09-19,1
qhf8vbewe4,movie,"Eyewitness: Shark",,,,"Rental Library",,,"How many rows of teeth does a shark have? Have can they swim without any bones in their body? Shark drives into the murky world of one of the most misunderstood of all creatures. We explore the workings of this perfect killing machine, why they might attack, and how they have evolved over 400 million years.",,,,"kids-family, vhs",,null,,,03415802,,,,,,,,,,,,,,,,,2026-09-19,1
bpy7jexcho,movie,"Fanfan la Tulipe",,,,"Rental Library",,,"Fanfan la Tulipe is a 1952 French swashbuckling comedy adventure film starring Gérard Philipe as a charming young rogue who joins the army to escape a forced marriage and finds himself caught up in romance and heroics.",,,,"comedy, dvd",,null,,,49250554,,,,,,,,,,,,,,,,,2026-09-19,1
6umrplp8dt,movie,Feds,,,,"Rental Library",,,"Ellie DeWitt and Janis Zuckermann are admitted to the very strict FBI Training Academy. They get a hard course, in which they learn to deal with guns and to recognise crimes. They also get a physical training. It appears that Ellie is a real fighting- machine, in contrast with Janis, the great student. They have to help each other, all the way to graduation.",,,,"comedy, vhs",,null,,,17385466,,,,,,,,,,,,,,,,,2026-09-19,1
8g3xn74ohq,movie,"Ferris Bueller's Day Off",,,,"Rental Library",,,"After high school slacker Ferris Bueller successfully fakes an illness in order to skip school for the day, he goes on a series of adventures throughout Chicago with his girlfriend Sloane and best friend Cameron, all the while trying to outwit his wily school principal and fed-up sister.",,,,"comedy, vhs",,null,,,16041978,,,,,,,,,,,,,,,,,2026-09-19,1
xlz9euvjps,movie,"Flesh and Bone",,,,"Rental Library",,,"Haunted by memories of his father murdering a family, Arlis Sweeney prefers to keep to himself, focusing his energy on his work. One day, the traumatic past that eats away at him returns when he meets Kay Davies, a woman connected to the bloody event. Against all odds, Arlis and Kay fall in love; however, when his father, Roy, reappears in his life -- with the coldhearted Ginnie in tow -- Arlis must deal with his past demons.",,,,"drama, vhs",,null,,,17656314,,,,,,,,,,,,,,,,,2026-09-19,1
56dpbx3v9x,movie,"Forced March",,,,"Rental Library",,,"Ben Kline is an American television star and a bankable name, who is cast to portray the Hungarian writer Miklos Radnoti, whose journal of poems was found with his body, buried in one of Hungary’s mass graves. Kline is also the son of a Holocaust survivor and has long resented his father’s refusal to speak about the War. Now given the opportunity to play the role of a hero, but faced with the reality of a victim, the boundaries between truth and illusion begin to blur.",,,,"drama, vhs",,null,,,82843642,,,,,,,,,,,,,,,,,2026-09-19,1
4jl518ekbx,movie,"Gang Related",,,,"Rental Library",,,"After murdering an undercover DEA agent, two corrupt cops scramble to cover up what they've done.",,,,"thriller, vhs",,null,,,28762362,,,,,,,,,,,,,,,,,2026-09-19,1
ri1tfdtxoz,movie,"Girls in Prison",,,,"Rental Library",,,"In 1952 Hollywood, aspiring singer/songwriter Aggie O'Hanlon is sentenced to life after being found guilty of a murder she didn't commit. While incarcerated, Aggie befriends other inmates also serving life. However, Aggie soon finds herself the target of various 'hit girls'. Can Aggie survive life behind bars long enough to prove her innocence?",,,,"drama, vhs",,null,,,29319418,,,,,,,,,,,,,,,,,2026-09-19,1
0cpqk1wdcu,movie,"Gore Vidal's Billy the Kid",,,,"Rental Library",,,"Gore Vidal's historical novel is brought to life in this television production of Turner Network Television's Billy the Kid.",,,,"action, vhs",,null,,,79482618,,,,,,,,,,,,,,,,,2026-09-19,1
m4x1wvs31h,movie,"Great Balls of Fire!",,,,"Rental Library",,,"The story of Jerry Lee Lewis, arguably the greatest and certainly one of the wildest musicians of the 1950s. His arrogance, remarkable talent, and unconventional lifestyle often brought him into conflict with others in the industry, and even earned him the scorn and condemnation of the public.",,,,"drama, vhs",,null,,,17132026,,,,,,,,,,,,,,,,,2026-09-19,1
ywh2s06r71,movie,"High and Low",,,,"Rental Library",,,"A Yokohama shoe executive faces a wrenching choice when kidnappers mistakenly seize his chauffeur’s son but demand the ransom anyway.",,,,"dvd, thriller",,null,,,50561274,,,,,,,,,,,,,,,,,2026-09-19,1
obaj4hl0an,movie,"Hollywood Safari",,,,"Rental Library",,,"A mountain lion escapes from animal trainers in Hollywood.",,,,"kids-family, vhs",,null,,,29221114,,,,,,,,,,,,,,,,,2026-09-19,1
cnrhq5emmk,movie,Hope,,,,"Rental Library",,,"The story of a town's secret, a family's crisis, and a young girl's struggle to reveal the truth.",,,,"drama, vhs",,null,,,17525242,,,,,,,,,,,,,,,,,2026-09-19,1
8g3xn77ohq,movie,"I Vitelloni",,,,"Rental Library",,,"Five young men dream of success as they drift lazily through life in a small Italian village. Fausto, the group's leader, is a womanizer; Riccardo craves fame; Alberto is a hopeless dreamer; Moraldo fantasizes about life in the city; and Leopoldo is an aspiring playwright. As Fausto chases a string of women, to the horror of his pregnant wife, the other four blunder their way from one uneventful experience to the next.",,,,"comedy, dvd",,null,,,48988410,,,,,,,,,,,,,,,,,2026-09-19,1
kq7vzo0ysl,movie,"Ice Castles",,,,"Rental Library",,,"Alexis is on top of the world until a tragic accident dashes her hopes and dreams of becoming a world-class figure skater. Only with the help of those who love her can she prove to the world — and herself — that she still has the potential to realize her dreams.",,,,"drama, vhs",,null,,,29286650,,,,,,,,,,,,,,,,,2026-09-19,1
t0bk3wl93y,movie,"Independence Day",,,,"Rental Library",,,"Strange phenomena surface around the globe. The skies ignite. Terror races through the world's major cities. As these extraordinary events unfold, it becomes increasingly clear that a force of incredible magnitude has arrived. Its mission: total annihilation over the Fourth of July weekend. The last hope to stop the destruction is an unlikely group of people united by fate and unimaginable circumstances.",,,,"sci-fi, vhs",,null,,,55313658,,,,,,,,,,,,,,,,,2026-09-19,1
prwf79ono7,movie,"Iron Thunder",,,,"Rental Library",,,"Danger faces unsuspecting tourists in Las Vegas as Colonel Nelson goes mad when he is accidentally electrocuted by the very super secret U.S. military tank he is testing, Iron Thunder. He now believes he is in the middle of an actual war and the city of glittering lights is his target. In a desperate attempt to stop him from using the state of the art offensive and defensive technology on board, the head of the Iron Thunder project sends out a Special Forces team, headed by woman who has to deal with a crew that has its own ulterior agendas. Following Nelson's trail of destruction across the desert, they face off in a spectacular battle.",,,,"action, vhs",,null,,,37174778,,,,,,,,,,,,,,,,,2026-09-19,1
3kjzi28arj,movie,"It's a Pleasure",,,,"Rental Library",,,"A star hockey player with the Wildcats is barred from Hockey for hitting a referee. Through the actions of Chris, Don is able to get a job with Buzz Fletcher's ice-show as the novelty act.",,,,"drama, vhs",,null,,,17820154,,,,,,,,,,,,,,,,,2026-09-19,1
hetg8pr19k,movie,"J Lo: Let's Get Loud",,,,"Rental Library",,,"Let's Get Loud was a limited concert engagement by Jennifer Lopez, performed in support of her albums On the 6 and J.Lo, staged in San Juan, Puerto Rico in fall 2001.",,,,"dvd, musical",,null,,,48178426,,,,,,,,,,,,,,,,,2026-09-19,1
9dcyais6rp,movie,"Jagged Edge",,,,"Rental Library",,,"After a wealthy heiress is murdered in her beach house, her devastated husband becomes the prime suspect. He hires a lawyer who hasn’t taken a criminal case in years, and as they work together, a complicated romance develops amidst the trial.",,,,"thriller, vhs",,null,,,17230330,,,,,,,,,,,,,,,,,2026-09-19,1
nxieh6b41p,movie,"Labor Pains",,,,"Rental Library",,,"Labor Pains is a 2009 romantic comedy starring Lindsay Lohan as an assistant who fakes a pregnancy to avoid being fired.",,,,"romantic-comedy, vhs",,null,,,16664570,,,,,,,,,,,,,,,,,2026-09-19,1
lsvd93x7b9,movie,"Lady Sings the Blues",,,,"Rental Library",,,"Chronicles the rise and fall of legendary blues singer Billie Holiday, beginning with her traumatic youth. The story depicts her early attempts at a singing career and her eventual rise to stardom, as well as her difficult relationship with Louis McKay, her boyfriend and manager. Casting a shadow over even Holiday's brightest moments is the vocalist's severe drug addiction, which threatens to end both her career and her life.",,,,"drama, vhs",,null,,,63940602,,,,,,,,,,,,,,,,,2026-09-19,1
7f2u6aqhd6,movie,"Licence to Kill",,,,"Rental Library",,,"After capturing the notorious drug lord Franz Sanchez, Bond's close friend and former CIA agent Felix Leiter is left for dead and his wife is murdered. Bond goes rogue and seeks vengeance on those responsible, as he infiltrates Sanchez's organization from the inside.",,,,"action, vhs",,null,,,93622522,,,,,,,,,,,,,,,,,2026-09-19,1
j7s65gyqlq,movie,"Lily in Love",,,,"Rental Library",,,"Insulted when his screenwriter wife writes a leading role for a younger man, aging Broadway idol Fitz Wynn disguises himself as a handsome young Italian.",,,,"romantic-comedy, vhs",,null,,,85618170,,,,,,,,,,,,,,,,,2026-09-19,1
iz50tmwlqm,movie,"Lip Service",,,,"Rental Library",,,"A young news reporter schemes to take over the job of a veteran news anchor whose ratings he's been hired to promote.",,,,"thriller, vhs",,null,,,93950202,,,,,,,,,,,,,,,,,2026-09-19,1
obaj4ho0an,movie,"Live and Let Die",,,,"Rental Library",,,"James Bond must investigate a mysterious murder case of a British agent in New Orleans. Soon he finds himself up against a gangster boss named Mr. Big.",,,,"action, vhs",,null,,,93458682,,,,,,,,,,,,,,,,,2026-09-19,1
ayqsl9npsz,movie,"Lonely Guy",,,,"Rental Library",,,"A writer for a greeting card company learns the true meaning of loneliness when he comes home to find his girlfriend in bed with another man.",,,,"romantic-comedy, vhs",,null,,,16304122,,,,,,,,,,,,,,,,,2026-09-19,1
e90agx25u2,movie,Looker,,,,"Rental Library",,,"Plastic surgeon Larry Roberts performs a series of minor alterations on a group of models who are seeking perfection. The operations are a resounding success. But when someone starts killing his beautiful patients, Dr. Roberts becomes suspicious and starts investigating. What he uncovers are the mysterious - and perhaps murderous - activities of a high-tech computer company called Digital Matrix.",,,,"sci-fi, vhs",,null,,,55280890,,,,,,,,,,,,,,,,,2026-09-19,1
v8uncq626q,movie,"Lords of the Deep",,,,"Rental Library",,,"Man has finally conquered the ocean. America's first self-contained undersea laboratory is the pride of the nation, and expectations are high for an elaborate undersea mining operation. What wasn't expected was the inhabitants of an undiscovered world.",,,,"sci-fi, vhs",,null,,,83302394,,,,,,,,,,,,,,,,,2026-09-19,1
fto3urte5y,movie,"Love Affair",,,,"Rental Library",,,"Ex-football star Mike Gambril meets Terry McKay on a flight to Sydney, which is forced to land on a small atoll. They become romantic on board a ship sent to take them to a larger island. They agree to meet in New York three months later to see if the attraction is real. One shows up but the other doesn't. However, a chance meeting brings them together again.",,,,"comedy, vhs",,null,,,94114042,,,,,,,,,,,,,,,,,2026-09-19,1
gaklxepbt4,movie,"Lovely and Amazing",,,,"Rental Library",,,"An intimate family portrait of four hapless but resilient women and the bittersweet lessons they learn in keeping up with the hectic demands of their individual neuroses. Each of the women seeks redemption in her own haphazard way, but whatever salvation they find is illusory and short-lived.",,,,"drama, vhs",,null,,,17033722,,,,,,,,,,,,,,,,,2026-09-19,1
6umrp7b8dt,movie,"Man on Fire (1987)",,,,"Rental Library",,,"Creasy, a traumatized ex-CIA agent, gets a job as a bodyguard for Samantha, the twelve-year-old daughter of a wealthy Italian family living in a swanky villa on the shores of Lake Como.",,,,"action, vhs",,null,,,37043706,,,,,,,,,,,,,,,,,2026-09-19,1
2og4mwgtqt,movie,Maryam,,,,"Rental Library",,,"An Iranian-born teenager living in suburban New Jersey thinks of herself as simply an American until anti-Iranian sentiment erupts in her community after American hostages are held in Iran.",,,,"drama, vhs",,null,,,68959226,,,,,,,,,,,,,,,,,2026-09-19,1
bpy7j5jcho,movie,Mirage,,,,"Rental Library",,,"After a blackout in his office building, accountant David Stillwell emerges outside to find out a man he did not know either jumped or was pushed out a window to his death — and that he can't remember the past two years of his life. Enlisting the help of a rookie private eye and a reluctant old flame, Stillwell uncovers the mystery detail by unexpected detail.",,,,"thriller, vhs",,null,,,78958330,,,,,,,,,,,,,,,,,2026-09-19,1
6umrp7n8dt,movie,"Mon Oncle Antoine",,,,"Rental Library",,,"Set in cold rural Quebec at Christmas time, we follow the coming of age of a young boy and the life of his family which owns the town's general store and undertaking business.",,,,"drama, dvd",,null,,,49414394,,,,,,,,,,,,,,,,,2026-09-19,1
8g3xnhkohq,movie,Moonraker,,,,"Rental Library",,,"After Drax Industries' Moonraker space shuttle is hijacked, secret agent James Bond is assigned to investigate, traveling to California to meet the company's owner, the mysterious Hugo Drax. With the help of scientist Dr. Holly Goodhead, Bond soon uncovers Drax's nefarious plans for humanity, all the while fending off an old nemesis, Jaws, and venturing to Venice, Rio, the Amazon...and even outer space.",,,,"action, vhs",,null,,,93786362,,,,,,,,,,,,,,,,,2026-09-19,1
xlz9eg2jps,movie,"Mountains of the Moon",,,,"Rental Library",,,"The story of Captain Richard Francis Burton's and Lt. John Hanning Speke's expedition to find the source of the Nile river in the name of Queen Victoria's British Empire.",,,,"action, vhs",,null,,,78827258,,,,,,,,,,,,,,,,,2026-09-19,1
56dpbjav9x,movie,"Mr. Love",,,,"Rental Library",,,"An fifty-year-old mild-mannered gardener becomes a lovable legend in his town for his talent to romantically please every woman that fancies him.",,,,"drama, vhs",,null,,,69507066,,,,,,,,,,,,,,,,,2026-09-19,1
ri1tfu9xoz,movie,"Mr. Vincent",,,,"Rental Library",,,"Mr. Vincent is the character study of a struggling songwriter who obsesses over the women in his life. After his wife leaves him he meets Lisa who becomes his mentor, muse and lover, but lies, betrayal and finally threats gets in their way and relationships spiral out of control.",,,,"drama, vhs",,null,,,17426938,,,,,,,,,,,,,,,,,2026-09-19,1
0cpqkzidcu,movie,Multiplicity,,,,"Rental Library",,,"Construction worker Doug Kinney finds that the pressures of his working life, combined with his duties to his wife Laura and daughter Jennifer leaves him with little time for himself. However, he is approached by geneticist Dr. Owen Leeds, who offers Doug a rather unusual solution to his problems: cloning.",,,,"comedy, vhs",,null,,,17582074,,,,,,,,,,,,,,,,,2026-09-19,1
ywh2sd8r71,movie,"My Man Godfry",,,,"Rental Library",,,"My Man Godfrey is a 1936 screwball comedy film in which a wealthy, scatterbrained young woman hires a homeless man as her family's butler, unaware that he is far more refined and worldly than he lets on.",,,,"comedy, dvd",,null,,,50299130,,,,,,,,,,,,,,,,,2026-09-19,1
obaj4170an,movie,"Next of Kin",,,,"Rental Library",,,"Truman Gates, a Chicago cop, sets out to find his brother's killer. Meanwhile, another of his brothers, Briar (a hillbilly) decides to find the killer himself.",,,,"action, vhs",,null,,,78892794,,,,,,,,,,,,,,,,,2026-09-19,1
cnrhqv5mmk,movie,"Nick of Time",,,,"Rental Library",,,"An ordinary man is suddenly forced into a plot to kill a politician in exchange for his kidnapped daughter's freedom.",,,,"thriller, vhs",,null,,,69123066,,,,,,,,,,,,,,,,,2026-09-19,1
8g3xnhhohq,movie,"Night of the Cyclone",,,,"Rental Library",,,"A big city police lieutenant travels to the tropics to find his daughter, who he finds involved with a very suspicious artist.",,,,"action, vhs",,null,,,68926458,,,,,,,,,,,,,,,,,2026-09-19,1
t0bk3i793y,movie,Nightfall,,,,"Rental Library",,,"The people of the planet Aeon, blessed with three suns, have never experienced night. When an archeological excavation uncovers evidence of an ancient catastrophe, all signs point towards the impending darkness of the very Nightfall. Panic erupts as the suns slowly disappear one by one. Science struggles against superstition as the people race to comprehend the approaching Nightfall... the end of the world as they know it. Based on Isaac Asimov's classic story ""Nightfall"" voted ""The Greatest Science-Fiction Story of All Time.""",,,,"sci-fi, vhs",,null,,,68991994,,,,,,,,,,,,,,,,,2026-09-19,1
prwf760no7,movie,"Nikita Blues",,,,"Rental Library",,,"A teenage girl seeks love in all the wrong places. In particular, with her English teacher, who is engaged to the school’s assistant principal.",,,,"comedy, vhs",,null,,,03186426,,,,,,,,,,,,,,,,,2026-09-19,1
3kjzitoarj,movie,"No Way Out",,,,"Rental Library",,,"Navy Lt. Tom Farrell meets a young woman, Susan Atwell, and they share a passionate fling. Farrell then finds out that his superior, Defense Secretary David Brice, is also romantically involved with Atwell. When the young woman turns up dead, Farrell is put in charge of the murder investigation. He begins to uncover shocking clues about the case, but when details of his encounter with Susan surface, he becomes a suspect as well.",,,,"thriller, vhs",,null,,,69221370,,,,,,,,,,,,,,,,,2026-09-19,1
hetg8nx19k,movie,"Not Quite Human",,,,"Rental Library",,,"Dr. Jonas Carson, a scientist, invents Chip, an android teenager. Dr. Carson sends Chip to school with his daughter Becky to see whether an android could interact with others. But his former employer decides to try and make a profit by stealing the mechanical boy.",,,,"kids-family, vhs",,null,,,93229306,,,,,,,,,,,,,,,,,2026-09-19,1
9dcyalf6rp,movie,"Not Without My Daughter",,,,"Rental Library",,,"An American woman, trapped in Islamic Iran by her brutish husband, must find a way to escape with her daughter as well.",,,,"drama, vhs",,null,,,78466810,,,,,,,,,,,,,,,,,2026-09-19,1
7f2u6pwhd6,movie,Octopussy,,,,"Rental Library",,,"James Bond is sent to investigate after a fellow “00” agent is found dead with a priceless Fabergé egg. Bond follows the mystery and uncovers a smuggling scandal and a Russian General who wants to provoke a new World War.",,,,"action, vhs",,null,,,93524218,,,,,,,,,,,,,,,,,2026-09-19,1
j7s65brqlq,movie,"Office Killer",,,,"Rental Library",,,"When Dorine Douglas' job as proofreader for Constant Consumer magazine is turned into an at-home position during a downsizing, she doesn't know how to cope. But after accidentally killing one of her co-workers, she discovers that murder can quench the loneliness of her home life, as a macabre office place forms in her basement, populated by dead co-workers.",,,,"horror, vhs",,null,,,93884666,,,,,,,,,,,,,,,,,2026-09-19,1
u34irfdgnz,movie,"One Crazy Summer",,,,"Rental Library",,,"An aspiring teenage cartoonist and his friends come to the aid of a singer trying to save her family property from developers.",,,,"comedy, vhs",,null,,,00210682,,,,,,,,,,,,,,,,,2026-09-19,1
iz50t3ilqm,movie,"Paradise Alley",,,,"Rental Library",,,"Three Italian-American brothers, living in the slums of 1940's New York City, try to help each other with one's wrestling career using one brother's promotional skills and another brother's con-artist tactics to thwart a sleazy manager.",,,,"drama, vhs",,null,,,17361402,,,,,,,,,,,,,,,,,2026-09-19,1
ayqsl64psz,movie,"Paris Trout",,,,"Rental Library",,,"Paris Trout is a vile Southern bigot. He owns a store and is a loanshark. He often sues people, and so his lawyer, Harry Seagraves, eventually meets Paris' wife Hannah. A former schoolteacher, she made the mistake of her life when she married Paris, who brutalizes her. Soon Paris goes beyond the overgenerous bounds of what a man in his position can get away with even in the segregated South, leading to a spiral of perverse insanity.",,,,"drama, vhs",,null,,,86076922,,,,,,,,,,,,,,,,,2026-09-19,1
e90agjt5u2,movie,"Perfect Strangers",,,,"Rental Library",,,"When a man and a woman swap jobs and cities temporarily, they face many problems large and small, but their phone calls develop into romance.",,,,"comedy, vhs",,null,,,83105786,,,,,,,,,,,,,,,,,2026-09-19,1
v8uncw826q,movie,Personals,,,,"Rental Library",,,"A woman that during the daytime is an insignificant librarian, at night becomes a fascinating mysterious dark lady. She uses the personal advertisements on the newspapers to obtain appointments with men then kills them. These murders last until the wife of one victim decides to investigate.",,,,"comedy, vhs",,null,,,93819130,,,,,,,,,,,,,,,,,2026-09-19,1
fto3ux9e5y,movie,"Pitch Black",,,,"Rental Library",,,"When their ship crash-lands on a remote planet, the marooned passengers soon learn that escaped convict Riddick isn't the only thing they have to fear. Deadly creatures lurk in the shadows, waiting to attack in the dark, and the planet is rapidly plunging into the utter blackness of a total eclipse. With the body count rising, the doomed survivors are forced to turn to Riddick with his eerie eyes to guide them through the darkness to safety. With time running out, there's only one rule: Stay in the light.",,,,"sci-fi, vhs",,null,,,83269626,,,,,,,,,,,,,,,,,2026-09-19,1
gaklx5nbt4,movie,"Point of Impact",,,,"Rental Library",,,"Jack Davis is a tough, outspoken cop who finds himself wrongly accused for the death of a fellow agent by the depraved and power hungry chief of Miami Customs, Martin Cullen. Disgraced and dismissed, Jack swears revenge and goes to work for Roberto Largo, a rich, evil Cuban crime boss, as bodyguard for his smoldering wife, Eva. Jack knows Largo is connected to his old boss Cullen and is determined to learn the secret that will bring him down. Trapped in a deadly game of cat and mouse, held captive by his passionate affair with Eva, Jack must figure out the significance of the mysterious Spanish Rose to survive.",,,,"action, vhs",,null,,,85978618,,,,,,,,,,,,,,,,,2026-09-19,1
6umrphc8dt,movie,"Postcards from the Edge",,,,"Rental Library",,,"A substance-addicted actress tries to look on the bright side even as she's forced to move back in with her mother to avoid unemployment.",,,,"drama, vhs",,null,,,65185786,,,,,,,,,,,,,,,,,2026-09-19,1
dmnwyfnu84,movie,"Practical Magic",,,,"Rental Library",,,"Sally and Gillian Owens, born into a magical family, have mostly avoided witchcraft themselves. But when Gillian's vicious boyfriend, Jimmy Angelov, dies unexpectedly, the Owens sisters give themselves a crash course in hard magic. With policeman Gary Hallet growing suspicious, the girls struggle to resurrect Angelov -- and unwittingly inject his corpse with an evil spirit that threatens to end their family line.",,,,"romantic-comedy, vhs",,null,,,17590778,,,,,,,,,,,,,,,,,2026-09-19,1
2og4mibtqt,movie,"Promised a Miracle",,,,"Rental Library",,,"True story of a couple charged with manslaughter when their rejection of modern medicine in favor of religion to treat their diabetic child resulted in his death.",,,,"drama, vhs",,null,,,82679802,,,,,,,,,,,,,,,,,2026-09-19,1
qhf8vmvwe4,movie,Proximity,,,,"Rental Library",,,"When William Conroy (Rob Lowe), a former college professor, is sentenced to life in prison for vehicular manslaughter it seems his life is over. But when a fellow inmate tells him that in the past two years fourteen inmates have died at the prison, and then turns up dead the next day, Conroy realizes he is in more danger than he ever imagined. Conroy's suspicions are confirmed when the van carrying the inmates crashes. Seizing the opportunity, Conroy flees the scene and elicits the help of his lawyer. What the two discover is a grisly murder ring set up within the prison walls that incriminates those at the highest levels of the correctional system.",,,,"action, vhs",,null,,,83367930,,,,,,,,,,,,,,,,,2026-09-19,1
bpy7jvqcho,movie,"Public Enemies",,,,"Rental Library",,,"Ma Barker and her sons rob banks, shoot people and wind up at the top of the FBI's Most Wanted list in the 1930s.",,,,"drama, vhs",,null,,,29384954,,,,,,,,,,,,,,,,,2026-09-19,1
6umrph48dt,movie,Rage,,,,"Rental Library",,,"When the Russian mob kidnaps the daughter of a reformed criminal, he rounds up his old crew and seeks his own brand of justice.",,,,"thriller, vhs",,null,,,28795130,,,,,,,,,,,,,,,,,2026-09-19,1
8g3xn1yohq,movie,"Ratatouille: Cooking Fun For All Ages",,,,"Rental Library",,,"A cooking-show compilation DVD titled 'Ratatouille - Cooking Fun For All Ages,' featuring segments from Emeril Live, Rachael Ray, and Alton Brown's Good Eats.",,,,"dvd, kids-family",,null,,,48211194,,,,,,,,,,,,,,,,,2026-09-19,1
xlz9ebtjps,movie,"Real Life",,,,"Rental Library",,,"A pushy, narcissistic filmmaker persuades a Phoenix family to let him and his crew film their everyday lives, in the manner of the ground-breaking PBS series ""An American Family"".",,,,"comedy, vhs",,null,,,15910906,,,,,,,,,,,,,,,,,2026-09-19,1
56dpbqpv9x,movie,Rebound,,,,"Rental Library",,,"An acclaimed college hoops coach is demoted to a junior varsity team after a public meltdown.",,,,"comedy, vhs",,null,,,69375994,,,,,,,,,,,,,,,,,2026-09-19,1
4jl510vkbx,movie,"Red Beard",,,,"Rental Library",,,"Aspiring to an easy job as personal physician to a wealthy family, Noboru Yasumoto is disappointed when his first post after medical school takes him to a small country clinic under the gruff doctor Red Beard. Yasumoto rebels in numerous ways, but Red Beard proves a wise and patient teacher. He gradually introduces his student to the unglamorous side of the profession, ultimately assigning him to care for a prostitute rescued from a local brothel.",,,,"drama, dvd",,null,,,50430202,,,,,,,,,,,,,,,,,2026-09-19,1
0cpqksldcu,movie,"Reign of Fire",,,,"Rental Library",,,"In post-apocalyptic England, an American volunteer and a British survivor team up to fight off a brood of fire-breathing dragons seeking to return to global dominance after centuries of rest underground. The Brit -- leading a clan of survivors to hunt down the King of the Dragons -- has much at stake: His mother was killed by a dragon, but his love is still alive.",,,,"fantasy, vhs",,null,,,93917434,,,,,,,,,,,,,,,,,2026-09-19,1
m4x1wte31h,movie,"Renaissance Man",,,,"Rental Library",,,"An advertising man is slowly sliding downhill. When he is fired from his job in Detroit, he signs up for unemployment. One day they find him a job: teaching thinking skills to Army recruits. He arrives on base to find that there is no structure set up for the class.",,,,"comedy, vhs",,null,,,37600762,,,,,,,,,,,,,,,,,2026-09-19,1
obaj4zh0an,movie,"Return to the Blue Lagoon",,,,"Rental Library",,,"In this sequel to the 1980 classic, two children are stranded on a beautiful island in the South Pacific. With no adults to guide them, the two make a simple life together and eventually become tanned teenagers in love.",,,,"drama, vhs",,null,,,37567994,,,,,,,,,,,,,,,,,2026-09-19,1
cnrhq2vmmk,movie,"Reversal of Fortune",,,,"Rental Library",,,"Wealthy Sunny von Bülow lies brain-dead, husband Claus guilty of attempted murder; but he says he's innocent and hires Alan Dershowitz for his appeal.",,,,"drama, vhs",,null,,,00177914,,,,,,,,,,,,,,,,,2026-09-19,1
8g3xn11ohq,movie,"Rich and Famous",,,,"Rental Library",,,"Two literary women compete for 20 years: one writes for the critics; the other one, to get rich.",,,,"drama, vhs",,null,,,85421562,,,,,,,,,,,,,,,,,2026-09-19,1
prwf78dno7,movie,Ringmaster,,,,"Rental Library",,,"Jerry Springer stars as more or less himself, the host of a raunchy, controversial and popular Los Angeles talk show which features everyday people with problems and who frequently vent their problems on the air.",,,,"comedy, vhs",,null,,,03350266,,,,,,,,,,,,,,,,,2026-09-19,1
3kjzi90arj,movie,"Rising Sun",,,,"Rental Library",,,"When a prostitute is found dead in a Los Angeles skyscraper occupied by a large Japanese corporation, detectives John Connor and Web Smith are called in to investigate. Although Connor has previous experience working in Japan, cultural differences make their progress difficult until a security disc showing the murder turns up. Close scrutiny proves the disc has been doctored, and the detectives realize they're dealing with a cover-up as well.",,,,"thriller, vhs",,null,,,69286906,,,,,,,,,,,,,,,,,2026-09-19,1
9dcya7e6rp,movie,"Rockwell: A Legend of the Wild West",,,,"Rental Library",,,"The feature-film debut from writer/director Richard Lloyd Dewey, this Western stars Randy Gleave as Porter Rockwell, an outlaw looking to go straight. After landing on the right side of the law as a deputy, Rockwell assembles a team and takes on the dangerous task of bringing down a corrupt business owner. Rockwell also stars NBA superstar Karl Malone and George Sullivan.",,,,"drama, vhs",,null,,,29352186,,,,,,,,,,,,,,,,,2026-09-19,1
nxiehom41p,movie,"Romeo is Bleeding",,,,"Rental Library",,,"A corrupt cop gets in over his head when he tries to assassinate a beautiful Russian hit-woman.",,,,"thriller, vhs",,null,,,78860026,,,,,,,,,,,,,,,,,2026-09-19,1
lsvd9pq7b9,movie,Roosters,,,,"Rental Library",,,"Gallo Morales is the proud patriach returning home after a seven-year stint for manslaughter. Seeking to re-establish his legendary status as a champion breeder, he comes back for the rooster bred by his father. But it is Hector, his son who inherits the prize-winning bird and neither are about to give in. The fall-out from their conflict has consequences for the whole family, especially for Angela, the sensitive 14-year-old daughter unable to cope with the brutal world that surrounds her and her own emerging womanhood, despite the best efforts of Juana, her strong but long-suffering mother.",,,,"drama, vhs",,null,,,17459706,,,,,,,,,,,,,,,,,2026-09-19,1
j7s65cxqlq,movie,Roxanne,,,,"Rental Library",,,"In this modern take on Edmond Rostand's classic play ""Cyrano de Bergerac,"" C. D. Bales is the witty, intelligent, and brave fire chief of a small Pacific Northwest town who, due to the size of his enormous nose, declines to pursue the girl of his dreams, lovely Roxanne Kowalski. Instead, when his shy underling Chris McConnell becomes smitten with Roxanne, C.D. feeds the handsome young man the words of love to win her heart.",,,,"comedy, vhs",,null,,,69254138,,,,,,,,,,,,,,,,,2026-09-19,1
iz50tp7lqm,movie,Rubberface,,,,"Rental Library",,,"A teen-age girl conceals her insecurity behind a barrage of jokes — until she meets an aspiring comedian who asks for her help with his new act. Janet is an over-weight girl who has a knack for making the other children in school laugh... by making fun of her own weight. In seeing the other kids' reactions, she feels that she might have what it takes to be a comedian. She visits the local comedy club where she finds Tony Moroni who is a struggling comedian whose jokes are less than funny. Together Tony helps Janet find self-esteem and Janet helps Tony with his material.",,,,"comedy, vhs",,null,,,68893690,,,,,,,,,,,,,,,,,2026-09-19,1
obaj4su0an,movie,"Ruthless People",,,,"Rental Library",,,"Sam Stone hates his wife Barbara so much that he wants her dead. He's ecstatic when she's taken by a duo of kidnappers who want $500,000 ransom in exchange for her life. Fully intending to ignore every one of the kidnappers' demands in the hopes that they do him a favor and murder her for him, the two confused kidnappers have to figure out how they're going get their money, and what they're going to do with the overbearing Barbara.",,,,"comedy, vhs",,null,,,69090298,,,,,,,,,,,,,,,,,2026-09-19,1
ayqsl8kpsz,movie,"Sanctuary of Fear",,,,"Rental Library",,,"A Manhattan priest with a penchant for solving crimes goes to the aid of a young actress. She is becoming enmeshed in a series of bizarre incidents she can't explain, and her complaints to the police have gone ignored.",,,,"thriller, vhs",,null,,,17689082,,,,,,,,,,,,,,,,,2026-09-19,1
e90agq95u2,movie,"Short Time",,,,"Rental Library",,,"As a result of a misdiagnosis, Detective Burt Simpson is told he has just weeks to live. He gains a new respect for his life and loved ones but learns that in order for his wife, Carolyn, and son, Dougie, to collect any insurance money, he must be killed in the line of duty. He then becomes the most reckless man on the police force, volunteering for dangerous assignments over the objections of his by-the-book partner.",,,,"action, vhs",,null,,,75717370,,,,,,,,,,,,,,,,,2026-09-19,1
v8uncio26q,movie,"Skeleton Coast",,,,"Rental Library",,,"A retired Army colonel attempts to rescue his imprisoned son in this action packed thriller. To save his CIA operative son from terrorists, Col. Smith (Ernest Borgnine) and a group of mercenaries head to war-torn Angola's Skeleton Coast, where they must infiltrate an armed compound run by a sadistic East German officer before Smith's son is tortured to death. Robert Vaughn, Oliver Reed and Herbert Lom costar.",,,,"action, vhs",,null,,,69516282,,,,,,,,,,,,,,,,,2026-09-19,1
gaklxv4bt4,movie,"Slaughter of the Innocents",,,,"Rental Library",,,"A seasoned FBI Agent's child-genius son assists him on catching a child-killer, a schizophrenic mohab nut who believes he's been chosen by god to be a new Noah.",,,,"action, vhs",,null,,,84733434,,,,,,,,,,,,,,,,,2026-09-19,1
6umrp1m8dt,movie,"Smiles of a Summer Night",,,,"Rental Library",,,"Early in the 20th century, middle-aged lawyer Fredrik Egerman and his young wife, Anne, have still not consummated their marriage, while Fredrik's son finds himself increasingly attracted to his new stepmother. To make matters worse, Fredrik's old flame Desiree makes a public bet that she can seduce him at a romantic weekend retreat where four couples convene, swapping partners and pairing off in unexpected ways.",,,,"comedy, dvd",,null,,,50364666,,,,,,,,,,,,,,,,,2026-09-19,1
2og4mlctqt,movie,"Solo Con Tu Pareja",,,,"Rental Library",,,"Tomás Tomás is a young yuppie playboy with a string of discarded girlfriends. But when Silvia, the victim of one of his adventures, tries to get revenge by typing ""positive"" on his AIDS test, Tomás experiences for the first time the realities of love and death.",,,,"dvd, romantic-comedy",,null,,,49185018,,,,,,,,,,,,,,,,,2026-09-19,1
w1eo2a2isd,movie,"Something Wild",,,,"Rental Library",,,"A young rape victim tries desperately to pick up the pieces of her life, only to find herself at the mercy of a would-be rescuer.",,,,"drama, dvd",,null,,,49611002,,,,,,,,,,,,,,,,,2026-09-19,1
qhf8v32we4,movie,"Son of Kong",,,,"Rental Library",,,"Beleaguered adventurer Carl Denham returns to the island where he found King Kong.",,,,"sci-fi, vhs",,null,,,83335162,,,,,,,,,,,,,,,,,2026-09-19,1
bpy7j2wcho,movie,"Split Decisions",,,,"Rental Library",,,"When a boxer is killed because he wouldn't take a dive, his brother tries to find a way to avenge him even if only symbolically.",,,,"drama, vhs",,null,,,82712570,,,,,,,,,,,,,,,,,2026-09-19,1
8g3xnzrohq,movie,"Still Breathing",,,,"Rental Library",,,"Two lost souls: she a con-artist in L.A.; he a puppeteer in San Antonio have the same dream linking each with the other. He travels to L.A. to find this woman he has become obsessed with. She resists, afraid of his kooky ideas until she travels with him to San Antonio and meets his wise grandmother. Story of two disparate people linked by ""fate"" gets increasingly interesting as it rolls along.",,,,"romantic-comedy, vhs",,null,,,75684602,,,,,,,,,,,,,,,,,2026-09-19,1
4jl51d2kbx,movie,StoogeMania,,,,"Rental Library",,,"The film centers on Howard F. Howard, an overweight everyman. Engaged to Beverly, the woman of his dreams, Howard has one problem - an overactive fixation with The Three Stooges. Everywhere Howard goes, he sees Moe, Larry, Curly, and Shemp intruding on his life. Determined to overcome his fixation, Howard and Beverly prepare for their wedding. But on his way to the ceremony, Howard descends into Stoogemania and finds himself walking into the city streets with other Stoogemaniacs. His only hope is commitment to the Stooge Hills sanitarium, under the care of a renowned psychologist, until the inmates take over the asylum on graduation day.",,,,"comedy, vhs",,null,,,79515386,,,,,,,,,,,,,,,,,2026-09-19,1
0cpqkf7dcu,movie,"Stray Dog",,,,"Rental Library",,,"A bad day gets worse for young detective Murakami when a pickpocket steals his gun on a hot, crowded bus. Desperate to right the wrong, he goes undercover, scavenging Tokyo’s sweltering streets for the stray dog whose desperation has led him to a life of crime. With each step, cop and criminal’s lives become more intertwined and the investigation becomes an examination of Murakami’s own dark side.",,,,"drama, dvd",,null,,,49873146,,,,,,,,,,,,,,,,,2026-09-19,1
ywh2sg0r71,movie,"Summer Lovers",,,,"Rental Library",,,"Michael Pappas and his girlfriend, Cathy, are enjoying the white sand beaches of a Greek island as well as the freewheeling nature of the locals. When Michael meets Lina, who is in Greece from Paris doing archaeological work, he is enamored with the beautiful foreigner. Cathy, unhappy about Lina getting close to Michael, confronts the woman -- only to be unexpectedly wooed by her charms as well.",,,,"romantic-comedy, vhs",,null,,,85814778,,,,,,,,,,,,,,,,,2026-09-19,1
obaj4s10an,movie,Summertime,,,,"Rental Library",,,"In 1971, a young woman moves from the French countryside to Paris and begins a passionate love affair with a feminist leader.",,,,"drama, dvd",,null,,,48693498,,,,,,,,,,,,,,,,,2026-09-19,1
cnrhqt2mmk,movie,"Sworn to Justice",,,,"Rental Library",,,"After masked attackers kill her sister and young nephew, a female psychologist takes the law into her own hands by acting as a defense witness by day and a ruthless avenger by night.",,,,"action, vhs",,null,,,85683706,,,,,,,,,,,,,,,,,2026-09-19,1
8g3xnzzohq,movie,"That Darn Cat",,,,"Rental Library",,,"While making his nightly rounds in the neighborhood, Patti's pet cat D.C. finds himself the carrier of a call for help from a kidnap victim. Patti enlists skeptical law enforcement help to find the victim before it's too late.",,,,"kids-family, vhs",,null,,,15943674,,,,,,,,,,,,,,,,,2026-09-19,1
t0bk37193y,movie,"The Bone Collector",,,,"Rental Library",,,"Lincoln Rhyme was the department's top homicide detective and leading expert in criminal forensics until an injury left him paralyzed, depressed, and incapable of working. But when a gruesome murder in Manhattan leaves detectives baffled, they call on Rhyme to help solve the mystery. Amelia Donaghy, a rookie cop whose quick thinking preserved a gruesome murder scene, is enlisted by Rhyme to be his on-the-scene forensics expert. With Amelia reluctantly acting as Rhyme's able-bodied go-between, the pair piece together cryptic clues the killer leaves behind at the scene of the crime, hoping to catch the grisly serial killer.",,,,"thriller, vhs",,null,,,69352442,,,,,,,,,,,,,,,,,2026-09-19,1
prwf7ouno7,movie,"The Cat's Meow",,,,"Rental Library",,,"Semi-true story of the Hollywood murder that occurred at a star-studded gathering aboard William Randolph Hearst's yacht in 1924.",,,,"thriller, vhs",,null,,,79220474,,,,,,,,,,,,,,,,,2026-09-19,1
3kjzi6darj,movie,"The Cemetary Club",,,,"Rental Library",,,"The Cemetery Club is a 1993 comedy film starring Olympia Dukakis, Ellen Burstyn, and Diane Ladd as three widowed friends who regularly visit their husbands' graves together and navigate life, friendship, and new romance.",,,,"comedy, vhs",,null,,,03284730,,,,,,,,,,,,,,,,,2026-09-19,1
hetg8kq19k,movie,"The Girl in the Picture",,,,"Rental Library",,,"A crime reporter investigating a murder discovers the case hinges on a mysterious woman he had photographed earlier.",,,,"drama, vhs",,null,,,17394170,,,,,,,,,,,,,,,,,2026-09-19,1
9dcyah56rp,movie,"The Graduate",,,,"Rental Library",,,"A disillusioned college graduate finds himself torn between his older lover and her daughter.",,,,"drama, vhs",,null,,,17492474,,,,,,,,,,,,,,,,,2026-09-19,1
7f2u64lhd6,movie,"The Groundstar Conspiracy",,,,"Rental Library",,,"A break-in and sabotage attempt occurs at a top secret research institute and the culprit is cornered and captured. The problem is that he's been badly injured and claims to have lost his memory entirely. A cat-and-mouse game ensues between investigator Tuxan, the mystery intruder Welles and the people who sent him on the mission.",,,,"sci-fi, vhs",,null,,,02924282,,,,,,,,,,,,,,,,,2026-09-19,1
j7s65mjqlq,movie,"The Hurricane",,,,"Rental Library",,,"The story of Rubin ""Hurricane"" Carter, a boxer wrongly imprisoned for murder, and the people who aided in his fight to prove his innocence.",,,,"drama, vhs",,null,,,78532346,,,,,,,,,,,,,,,,,2026-09-19,1
u34irvbgnz,movie,"The Last Innocent Man",,,,"Rental Library",,,"A retired criminal lawyer is persuaded to take on one more case and becomes involved with his client's wife.",,,,"thriller, vhs",,null,,,85290490,,,,,,,,,,,,,,,,,2026-09-19,1
iz50tnhlqm,movie,"The Last Temptation of Christ",,,,"Rental Library",,,"Jesus, a humble Judean carpenter beginning to see that he is the son of God, is drawn into revolutionary action against the Roman occupiers by Judas -- despite his protestations that love, not violence, is the path to salvation. The burden of being the savior of mankind torments Jesus throughout his life, leading him to doubt.",,,,"drama, dvd",,null,,,48824570,,,,,,,,,,,,,,,,,2026-09-19,1
ayqsloypsz,movie,"The Maker",,,,"Rental Library",,,"Absent for 10 years, a teen's older brother returns and seeks his help with criminal activity.",,,,"drama, vhs",,null,,,17623546,,,,,,,,,,,,,,,,,2026-09-19,1
v8uncl026q,movie,"The Man With the Golden Gun",,,,"Rental Library",,,"Cool government operative James Bond searches for a stolen invention that can turn the sun's heat into a destructive weapon. He soon crosses paths with the menacing Francisco Scaramanga, a hitman so skilled he has a seven-figure working fee. Bond then joins forces with the swimsuit-clad Mary Goodnight, and together they track Scaramanga to a Thai tropical isle hideout where the killer-for-hire lures the slick spy into a deadly maze for a final duel.",,,,"action, vhs",,null,,,93753594,,,,,,,,,,,,,,,,,2026-09-19,1
gaklx2kbt4,movie,"The Perfect Man",,,,"Rental Library",,,"Holly is tired of moving every time her mom Jean breaks up with yet another second-rate guy. To distract her mother from her latest bad choice, Holly conceives the perfect plan for the perfect man, an imaginary secret admirer who will romance Jean and boost her self-esteem.",,,,"dvd, kids-family",,null,,,48243962,,,,,,,,,,,,,,,,,2026-09-19,1
6umrpz38dt,movie,"The Rage: Carrie 2",,,,"Rental Library",,,"A horrible massacre strikes up after an outcast teenage girl is taunted by a group of high school jocks, all of them unaware of her cutthroat telekinetic powers.",,,,"horror, vhs",,null,,,69113850,,,,,,,,,,,,,,,,,2026-09-19,1
dmnwy5ku84,movie,"The Rich Man's Wife",,,,"Rental Library",,,"A rich man's wife finds she has a bad prenuptial agreement with an even worse husband. Over drinks with a stranger, she fantasizes about doing her husband in to void the prenup — but much to her surprise, the stranger decides to turn her imagination into reality.",,,,"thriller, vhs",,null,,,03219194,,,,,,,,,,,,,,,,,2026-09-19,1
2og4m7mtqt,movie,"The Rookie",,,,"Rental Library",,,"Jim Morris never made it out of the minor leagues before a shoulder injury ended his pitching career twelve years ago. Now a married-with-children high-school chemistry teacher and baseball coach in Texas, Jim's team makes a deal with him: if they win the district championship, Jim will try out with a major-league organization. The bet proves incentive enough for the team, and they go from worst to first, making it to state for the first time in the history of the school. Jim, forced to live up to his end of the deal, is nearly laughed off the try-out field--until he gets onto the mound, where he confounds the scouts (and himself) by clocking successive 98 mph fastballs, good enough for a minor-league contract with the Tampa Bay Devil Rays. Jim's still got a lot of pitches to throw before he makes it to The Show, but with his big-league dreams revived, there's no telling where he could go.",,,,"kids-family, vhs",,null,,,85028346,,,,,,,,,,,,,,,,,2026-09-19,1
w1eo2ptisd,movie,"The Score",,,,"Rental Library",,,"An aging thief hopes to retire and live off his ill-gotten wealth when a young kid convinces him into doing one last heist.",,,,"thriller, vhs",,null,,,82647034,,,,,,,,,,,,,,,,,2026-09-19,1
bpy7jticho,movie,"The Shadow of Chikara",,,,"Rental Library",,,"Two former Confederate captains try to remove diamonds hidden in the Arkansas mountains, but a native spirit guards the sacred site against intruders.",,,,"horror, vhs",,null,,,03251962,,,,,,,,,,,,,,,,,2026-09-19,1
8g3xnsxohq,movie,"The Spy Within",,,,"Rental Library",,,"An explosives expert fleeing his past and a beautiful spy trading sex for secrets find themselves in love and fighting the spy ring out to kill them.",,,,"thriller, vhs",,null,,,78597882,,,,,,,,,,,,,,,,,2026-09-19,1
56dpbi4v9x,movie,"The Stepdaughter",,,,"Rental Library",,,"Growing up, Susan Miller survived countless foster homes and years of abuse and neglect with one, burning goal: to someday find the birth mother who abandoned her - and get revenge.",,,,"thriller, vhs",,null,,,83073018,,,,,,,,,,,,,,,,,2026-09-19,1
4jl51utkbx,movie,"The Vagina Monoloues",,,,"Rental Library",,,"The Vagina Monologues (2002 TV Movie) is a filmed performance of Eve Ensler's acclaimed stage show, featuring candid, funny, and moving interviews and monologues about women's experiences.",,,,"documentary, vhs",,null,,,16336890,,,,,,,,,,,,,,,,,2026-09-19,1
ri1tfcoxoz,movie,"The Wilde Girls",,,,"Rental Library",,,"A young girl hopes to follow in her famous singer mother's footsteps, but her mother fears the negative effect fame could have on her daughter's life.",,,,"drama, vhs",,null,,,61810682,,,,,,,,,,,,,,,,,2026-09-19,1
0cpqkehdcu,movie,"They Still Call me Bruce",,,,"Rental Library",,,"Bruce Won arrives in America in search of an American G.I. who saved his life in the Korean War. He meets an orphan boy and together they land themselves in a string of outrageous situations. This high-strung farce culminates when a case of mistaken identity leads a gang of thugs to think Bruce is a karate master. They arrange a nationally-televised match which pits our hero against a monstrous brute, and Bruce is beaten to a bloody pulp...",,,,"comedy, vhs",,null,,,16140282,,,,,,,,,,,,,,,,,2026-09-19,1
m4x1w6v31h,movie,Thunderbolt,,,,"Rental Library",,,"In order to release his kidnapped sister, sports car mechanic, Chan Foh To, has to defeat a super-criminal street racer.",,,,"action, vhs",,null,,,03448570,,,,,,,,,,,,,,,,,2026-09-19,1
ywh2sbdr71,movie,"Time Served",,,,"Rental Library",,,"When a boy kills his abusive stepfather in self-defense, his mother takes the blame and gets sentenced to a long prison term. The warden is corrupt and forces hot inmates to work as strippers in a local nightclub. Is it a way out?",,,,"thriller, vhs",,null,,,94015738,,,,,,,,,,,,,,,,,2026-09-19,1
obaj4fz0an,movie,"Time Stalkers",,,,"Rental Library",,,"Timestalkers is a 1987 made-for-television science fiction film starring William Devane, Klaus Kinski, and Lauren Hutton, based on Ray Brown's story 'The Tintype.'",,,,"sci-fi, vhs",,null,,,16828410,,,,,,,,,,,,,,,,,2026-09-19,1
cnrhq9tmmk,movie,"To Catch a Yeti",,,,"Rental Library",,,"Big Jake's after Bigfoot in the Big Apple. It's the biggest chase this town has ever seen.",,,,"kids-family, vhs",,null,,,17549306,,,,,,,,,,,,,,,,,2026-09-19,1
8g3xnssohq,movie,"Too Young to Die",,,,"Rental Library",,,"An abused 15 year old is charged with a murder that carries the death penalty in this fact-based story.",,,,"drama, vhs",,null,,,16467962,,,,,,,,,,,,,,,,,2026-09-19,1
t0bk3hz93y,movie,"Traces of Red",,,,"Rental Library",,,"Jack, a Palm Beach detective, becomes involved in a case of multiple murders. All the women can be linked to Jack in some way. Jack and his partner have no leads, but numerous suspects. The murders continue, along with anonymous letters from the killer.",,,,"thriller, vhs",,null,,,93851898,,,,,,,,,,,,,,,,,2026-09-19,1
prwf70gno7,movie,"Trading Mom",,,,"Rental Library",,,"The Martin kids learn of a magic spell that will take them to the 'mommy market' so they can get a more user friendly model. After giving a few other moms a try, they want their own back. But that is not so easy.",,,,"kids-family, vhs",,null,,,93262074,,,,,,,,,,,,,,,,,2026-09-19,1
3kjzi8uarj,movie,"Tricks of the Trade",,,,"Rental Library",,,"After her picture perfect husband is murdered in a prostitute's apartment, Beverly Hills homemaker Catherine is devastated. But she doesn't spend too long mourning, because she's soon on a mission to put her husband's killer behind bars. To do so, she forms an unlikely partnership with Marla, the Hollywood hooker who serviced the deceased. Under Marla's guidance, the pair navigate the seedier side of Los Angeles to put this mystery to rest.",,,,"comedy, vhs",,null,,,84864506,,,,,,,,,,,,,,,,,2026-09-19,1
hetg8yw19k,movie,Trippin',,,,"Rental Library",,,"Greg is near the end of his senior year in high school, wanting to go to the prom, eyeing Cinny (the school's beauty with brains) from afar, and regularly trippin', daydreaming about being a big success as a poet, a student, a lover. His mom wants him to apply to colleges, but Greg hasn't a clue. One of his teachers, Mr. Shapic, tries to inspire him, too. He finally figures out he can get close to Cinny if he asks her for help with college applications. But friendship isn't enough, he wants romance and a prom date. So, he tells a few lies and, for awhile, it seems to be working. Then, things fall apart and Greg has to figure out how to put the trippin aside and get real.",,,,"comedy, vhs",,null,,,94048506,,,,,,,,,,,,,,,,,2026-09-19,1
9dcya1v6rp,movie,"Twilight Man",,,,"Rental Library",,,"Jordan Cooper, a professor in Durham, has everything going for him. A beautiful girlfriend named Kathy, a good job and a nice place to live. But when he goes for his annual check up, things go wrong. Someone is tampering with his computer files and all his tests are bad. He is admitted to the hospital and dragged off to the county hospital late that night for a brain operation that he does not need. His electronic records are changing. He gets cable he did not order and then his girlfriend is murdered in his car. Someone is trying to ruin the life of Cooper, and he has to find out who and why before the police catch up to him.",,,,"thriller, vhs",,null,,,55346426,,,,,,,,,,,,,,,,,2026-09-19,1
nxiehda41p,movie,"Twilight's Last Gleaming",,,,"Rental Library",,,"A renegade USAF general, Lawrence Dell, escapes from a military prison and takes over an ICBM silo near Montana and threatens to provoke World War 3 unless the President reveals details of a secret meeting held just after the start of the Vietnam War between Dell and the then President's most trusted advisors.",,,,"thriller, vhs",,null,,,29417722,,,,,,,,,,,,,,,,,2026-09-19,1
lsvd94i7b9,movie,"Ulee's Gold",,,,"Rental Library",,,"Third-generation Florida beekeeper Ulee Jackson may have gotten out of Vietnam alive, but he left a part of himself behind. Now he methodically tends his bees, carefully provides for his two grandchildren and keeps his emotions at bay. But when a long-buried secret threatens Ulee's business and family, he is forced to break through his emotional walls and confront the terror of his wounded spirit.",,,,"drama, vhs",,null,,,85192186,,,,,,,,,,,,,,,,,2026-09-19,1
j7s65awqlq,movie,Ultraviolet,,,,"Rental Library",,,"In the late 21st century, a subculture of humans have emerged who have been modified genetically by a vampire-like disease, giving them enhanced speed, incredible stamina and acute intelligence. As they are set apart from ""normal"" and ""healthy"" humans, the world is pushed to the brink of worldwide civil war aimed at the destruction of the ""diseased"" population. In the middle of this crossed-fire is - an infected woman - Ultraviolet, who finds herself protecting a nine-year-old boy who has been marked for death by the human government as he is believed to be a threat to humans.",,,,"action, vhs",,null,,,37240314,,,,,,,,,,,,,,,,,2026-09-19,1
u34ir2cgnz,movie,"Unfaithfully Yours",,,,"Rental Library",,,"A composer—who suspects his wife of cheating—plots to kill her and frame it on her lover, but things don't turn out as planned.",,,,"comedy, dvd",,null,,,49807610,,,,,,,,,,,,,,,,,2026-09-19,1
obaj4eb0an,movie,"Variety Lights",,,,"Rental Library",,,"In Italy, Checco Dal Monte manages a troupe of traveling performers with plenty of heart but minimal talent. At a small town engagement, he encounters the starry-eyed, gorgeous Lily Antonelli, and hires her as a dancer on the show. Vivacious Lily quickly sells out crowds and earns the resentment of Checco's mistress, Melina Amour, but the fledgling performer has far bigger ambitions and soon sets her sights on a higher-profile role.",,,,"comedy, dvd",,null,,,49053946,,,,,,,,,,,,,,,,,2026-09-19,1
ayqsl0rpsz,movie,"Waking Ned Devine",,,,"Rental Library",,,"When a lottery winner dies of shock, his fellow townsfolk attempt to claim the money.",,,,"comedy, vhs",,null,,,93196538,,,,,,,,,,,,,,,,,2026-09-19,1
e90agi85u2,movie,"White Mane",,,,"Rental Library",,,"In the south of France, in a vast plain region called the Camargue, lives White Mane, a magnificent stallion and the leader of a herd of wild horses too proud to let themselves be broken by humans. Only Folco, a young fisherman, manages to tame him. A strong friendship grows between the boy and the horse, as the two go looking for the freedom that the world of men won’t allow them.",,,,"kids-family, vhs",,null,,,16795642,,,,,,,,,,,,,,,,,2026-09-19,1
v8unc7d26q,movie,"Whitesnake: Trilogy",,,,"Rental Library",,,"Whitesnake: Trilogy (1988) collects the three music videos from the band's 1987 self-titled album -- 'Still of the Night,' 'Here I Go Again,' and 'Is This Love' -- plus behind-the-scenes footage.",,,,"musical, vhs",,null,,,93163770,,,,,,,,,,,,,,,,,2026-09-19,1
fto3uwoe5y,movie,"Wild America",,,,"Rental Library",,,"Three brothers - Marshall, Marty and Mark dream of becoming naturalists and portraying animal life of America. One summer their dream comes true, they travel through America, filming alligators, bears and moose.",,,,"kids-family, vhs",,null,,,16500730,,,,,,,,,,,,,,,,,2026-09-19,1
gaklxtybt4,movie,"Wild Strawberries",,,,"Rental Library",,,"Crotchety retired doctor Isak Borg travels from Stockholm to Lund, Sweden, with his pregnant and unhappy daughter-in-law, Marianne, in order to receive an honorary degree from his alma mater. Along the way, they encounter a series of hitchhikers, each of whom causes the elderly doctor to muse upon the pleasures and failures of his own life. These include the vivacious young Sara, a dead ringer for the doctor's own first love.",,,,"drama, dvd",,null,,,50397434,,,,,,,,,,,,,,,,,2026-09-19,1
6umrpsa8dt,movie,Wildcats,,,,"Rental Library",,,"High school track coach Molly McGrath knows just as much about football as anyone else on the planet. When a football coach's position becomes vacant, she applies for the job, despite snickers from fellow staff members and her former husband.",,,,"comedy, vhs",,null,,,78565114,,,,,,,,,,,,,,,,,2026-09-19,1
dmnwyvyu84,movie,"Wing Commander",,,,"Rental Library",,,"In the mid-27th century, the Terran Confederation is at war with the vicious alien Kilrathi Empire. When the Kilrathi capture a crucial navigational device that could lead them to Earth, the Confederation’s only hope rests with a small group of young fighter pilots. Lieutenant Christopher Blair, along with his wingman Todd 'Maniac' Marshall and Commander Jeanette 'Angel' Deveraux, must intercept the alien fleet and prevent the destruction of mankind. Battling overwhelming odds and racing against time, they face not only external threats but also inner fears and rivalries as they fight to save Earth from annihilation.",,,,"sci-fi, vhs",,null,,,55510266,,,,,,,,,,,,,,,,,2026-09-19,1
2og4mh3tqt,movie,"With Honors",,,,"Rental Library",,,"Convinced he'll graduate with honors because of his thesis paper, a stuffy Harvard student finds his paper being held hostage by a homeless man, who might be the guy to school the young man in life.",,,,"drama, vhs",,null,,,65382394,,,,,,,,,,,,,,,,,2026-09-19,1
bpy7j9lcho,movie,"Wyatt Earp",,,,"Rental Library",,,"From Wichita to Dodge City, to the O.K. Corral in Tombstone, Wyatt Earp is taught that nothing matters more than family and the law. Joined by his brothers and Doc Holliday, Earp wages war on the dreaded Clanton and McLaury gangs.",,,,"action, vhs",,null,,,37273082,,,,,,,,,,,,,,,,,2026-09-19,1
6umrpsr8dt,movie,"Young Sherlock Holmes",,,,"Rental Library",,,"Sherlock Holmes and Dr. Watson meet as boys in an English Boarding school. Holmes is known for his deductive ability even as a youth, amazing his classmates with his abilities. When they discover a plot to murder a series of British business men by an Egyptian cult, they move to stop it.",,,,"drama, vhs",,null,,,17263098,,,,,,,,,,,,,,,,,2026-09-19,1
8g3xnfjohq,movie,"Zig Zag",,,,"Rental Library",,,"An autistic 15-year-old boy steals money from his boss to provide rent for his abusive father, who uses the money to repay a loan shark.",,,,"drama, vhs",,null,,,66234362,,,,,,,,,,,,,,,,,2026-09-19,1
56dpblkv9x,movie,"2 Days in Paris",,,,"Rental Library",,,"Marion and Jack try to rekindle their relationship with a visit to Paris, home of Marion's parents — and several of her ex-boyfriends.",,,,"dvd, romantic-comedy",,null,,,39885306,,,,,,,,,,,,,,,,,2026-09-19,1
4jl51g9kbx,movie,"21 Grams",,,,"Rental Library",,,"Paul Rivers, an ailing mathematician lovelessly married to an English émigré; Christina Peck, an upper-middle-class suburban housewife and mother of two girls; and Jack Jordan, a born-again ex-con, are brought together by a terrible accident that changes their lives.",,,,"drama, dvd",,null,,,67871738,,,,,,,,,,,,,,,,,2026-09-19,1
ri1tfm0xoz,movie,"3 Movie Collection: Just Go With It / That's My Boy / Jack & Jill",,,,"Rental Library",,,"The Laugh Out Loud 3-Movie Collection combining three Adam Sandler comedies -- Just Go with It (2011), That's My Boy (2012), and Jack and Jill (2011).",,,,"comedy, dvd",,null,,,03619066,,,,,,,,,,,,,,,,,2026-09-19,1
0cpqk51dcu,movie,"300 Spartans",,,,"Rental Library",,,"The 300 Spartans is an account of the 480 B.C. Battle of Thermopylae, in which the Greek Spartan King Leonidas, played by Richard Egan, led a remarkably small number of Greek Sparta to victory over an invading Persian army led by evil King Xerxes that was thought to number over 25,000. This spectacular conflict gave the Grecians enough time to organize a force to ultimately repel the Persians, and thus change the course of Western civilization.",,,,"action, dvd",,null,,,42770938,,,,,,,,,,,,,,,,,2026-09-19,1
ywh2scur71,movie,"A Christmas Star",,,,"Rental Library",,,"Born under the Christmas Star, Noelle believes she has the gift to perform miracles, so when conniving developer McKerrod threatens her peaceful life she and her friends determine to use this gift to thwart his plans and save their village.",,,,"dvd, holiday",,null,,,59706362,,,,,,,,,,,,,,,,,2026-09-19,1
cnrhq69mmk,movie,"A Night at the Roxbury",,,,"Rental Library",,,"Despite being well into adulthood, brothers Doug and Steve Butabi still live at home and work in the flower shop owned by their dad. They exist only to hit on women at discos, though they're routinely unsuccessful until a chance run-in with Richard Grieco gets them inside the swank Roxbury club. Mistaken for high rollers, they meet their dream women, Vivica and Cambi, and resolve to open a club of their own.",,,,"comedy, dvd",,null,,,84020218,,,,,,,,,,,,,,,,,2026-09-19,1
kq7vzbcysl,movie,"A Night in Old Mexico",,,,"Rental Library",,,"Forced to give up his land and home, Texas rancher Red Bovie isn't about to retire quietly in a dismal trailer park. Instead he hops in his Cadillac and hits the road with his estranged grandson for one last wild adventure filled with guns, women and booze. It’s just another night in Old Mexico.",,,,"action, dvd",,null,,,64595450,,,,,,,,,,,,,,,,,2026-09-19,1
t0bk31s93y,movie,"A Walk in My Shoes",,,,"Rental Library",,,"Ever judge someone just by looking at them? Of course, we’ve all made snap judgments about people. But what if we really got to know them? How would our opinions change? And what if we were forced to become them… how would the shoes fit then? Stressed-out high school teacher Trish Fahey can’t understand her students’ lack of effort and why their parents don’t seem to care. This perspective dramatically changes when Trish meets Molly, a mysterious stranger intent on helping her see things differently. When Trish wrecks her car, Molly is there as Trish wakes to find herself living the life of Cindy Kremer, the woman she has personally judged and criticized. Trish discovers that there is often more to the story and learns a powerful lesson that affects everyone she interacts with. Her husband, her daughter, the ex-Marine next door… No one is left unchanged.",,,,"drama, dvd",,null,,,96140026,,,,,,,,,,,,,,,,,2026-09-19,1
prwf7dbno7,movie,"About a Boy",,,,"Rental Library",,,"Will Freeman is a good-looking, smooth-talking bachelor whose primary goal in life is avoiding any kind of responsibility. But when he invents an imaginary son in order to meet attractive single moms, Will gets a hilarious lesson about life from a bright, but hopelessly geeky 12-year-old named Marcus. Now, as Will struggles to teach Marcus the art of being cool, Marcus teaches Will that you're never too old to grow up.",,,,"dvd, romantic-comedy",,null,,,38993146,,,,,,,,,,,,,,,,,2026-09-19,1
3kjziogarj,movie,"Abraham Lincoln Vs. Zombies",,,,"Rental Library",,,"As Abraham Lincoln labors over the Gettysburg address, the importance of which he is fully aware, he learns that a menace from his past has returned, threatening to tear the already fractured nation to pieces. He must journey behind enemy lines to face an foe far more fearsome than the Confederate army: the walking dead.",,,,"dvd, horror",,null,,,41123066,,,,,,,,,,,,,,,,,2026-09-19,1
hetg8ri19k,movie,"Always Watching",,,,"Rental Library",,,"A short film about a seventeen-year-old Eli begins to experience disturbing hallucinations—voices, shifting shadows, and a reality that won’t stay still. As his mind unravels, he struggles to tell what’s real and what isn’t, while a mysterious voice pulls him deeper into the chaos.",,,,"dvd, horror",,null,,,03913978,,,,,,,,,,,,,,,,,2026-09-19,1
9dcyaz26rp,movie,"American Lowrider",,,,"Rental Library",,,"Lefty-a hard working, light hearted man is looking to make a decent buck. But when a simple bet goes horribly wrong, Lefty is stuck between a rock and gangster who's dead set on collecting his money.",,,,"drama, dvd",,null,,,95220474,,,,,,,,,,,,,,,,,2026-09-19,1
nxiehup41p,movie,"American Pie",,,,"Rental Library",,,"At a high-school party, four friends find that losing their collective virginity isn't as easy as they had thought. But they still believe that they need to do so before college. To motivate themselves, they enter a pact to all ""score"" by their senior prom.",,,,"comedy, dvd",,null,,,96238330,,,,,,,,,,,,,,,,,2026-09-19,1
lsvd9kl7b9,movie,"American Pie Presents: Beta House",,,,"Rental Library",,,"Erik, Ryan, and Cooze start college and pledge the Beta House fraternity, presided over by none other than legendary Dwight Stifler. But chaos ensues when a fraternity of geeks threatens to stop the debauchery and the Betas have to make a stand for their right to party.",,,,"comedy, dvd",,null,,,95613690,,,,,,,,,,,,,,,,,2026-09-19,1
7f2u6r1hd6,movie,"An All Dogs Christmas / Christmas Carol",,,,"Rental Library",,,"Charlie, Itchy and Sasha itch and scratch their way through everything and anything in an effort to save Christmas from the wicked hellhound Belladonna, who wants to use dogs from all over the world to ruin Christmas.",,,,"dvd, holiday",,null,,,64464378,,,,,,,,,,,,,,,,,2026-09-19,1
u34irtmgnz,movie,"Andre / Arctic Tale",,,,"Rental Library",,,"Andre (1994), about a family's bond with an orphaned seal pup, paired with Arctic Tale (2007), a nature documentary following polar bear and walrus cubs.",,,,"dvd, kids-family",,null,,,02996474,,,,,,,,,,,,,,,,,2026-09-19,1
iz50tkzlqm,movie,"Angels in America",,,,"Rental Library",,,"Peter Eötvös's operatic adaptation of Tony Kushner's ""Angels in America.""",,,,"drama, dvd",,null,,,42467578,,,,,,,,,,,,,,,,,2026-09-19,1
obaj45c0an,movie,"Anger of the Dead",,,,"Rental Library",,,"In a world ravaged by a rabies virus that turns people into hungry cannibals, Alice a pregnant survivor, along with two other men, struggles to reach an island unaffected by the plague. Meanwhile a dangerous man is on the trail of a mysterious girl, and Alice soon discovers that zombies are not the only threat.",,,,"dvd, horror",,null,,,35989498,,,,,,,,,,,,,,,,,2026-09-19,1
ayqsldxpsz,movie,Backdraft,,,,"Rental Library",,,"Two feuding siblings carrying on a heroic family tradition as Chicago firefighters. But when a puzzling series of arson attacks is reported, they are forced to set aside their differences to solve the mystery surrounding these crimes.",,,,"action, dvd",,null,,,58959354,,,,,,,,,,,,,,,,,2026-09-19,1
e90aglo5u2,movie,Bandits,,,,"Rental Library",,,"After escaping from prison, Joe and Terry go on a crime spree, robbing banks through Oregon and California in order to finance their scheme for a new life south of the border. Unfortunately, things get more complicated when they meet Kate, who runs into them with her car. She joins the bandits on their cross-country spree, and eventually she steals something, too: their hearts.",,,,"action, dvd",,null,,,42508794,,,,,,,,,,,,,,,,,2026-09-19,1
v8unchu26q,movie,"Beautifully Insecure",,,,"Rental Library",,,"Imagine falling in love with someone but not being able to love yourself. Leanna was diagnosed with Alopecia at age 7 and by 9 years of age all of her hair was gone. By her early 20's her insecurities had such a grip on her heart that she became a master of hiding her hair loss. It wasn't until she met Terrence, the love of her life, that she felt she couldn't hide it any longer.",,,,"drama, dvd",,null,,,70493178,,,,,,,,,,,,,,,,,2026-09-19,1
fto3ui0e5y,movie,Beginners,,,,"Rental Library",,,"Oliver meets the irreverent and unpredictable Anna only months after his father Hal Fields has passed away. This new love floods Oliver with memories of his father, who, following the death of his wife of 44 years, came out of the closet at age 75 to live a full, energized, and wonderfully tumultuous gay life – which included a younger boyfriend.",,,,"dvd, romantic-comedy",,null,,,76614650,,,,,,,,,,,,,,,,,2026-09-19,1
gaklx9rbt4,movie,"Beverly Hills Chihuahua",,,,"Rental Library",,,"A pampered Beverly Hills chihuahua named Chloe who, while on vacation in Mexico with her owner Viv's niece, Rachel, gets lost and must rely on her friends to help her get back home before she is caught by a dognapper who wants to ransom her.",,,,"dvd, kids-family",,null,,,39459322,,,,,,,,,,,,,,,,,2026-09-19,1
dmnwy2ru84,movie,"Billy Flynn's Long Half Time Walk",,,,"Rental Library",,,"Billy Lynn's Long Halftime Walk is a 2016 war drama directed by Ang Lee, starring Joe Alwyn, Kristen Stewart, and Vin Diesel, based on the novel by Ben Fountain.",,,,"drama, dvd",,null,,,96008954,,,,,,,,,,,,,,,,,2026-09-19,1
2og4m1atqt,movie,Bishwick,,,,"Rental Library",,,"Bushwick is a 2017 American action thriller film about a military veteran and a graduate student caught in an armed invasion of Brooklyn by a secessionist militia.",,,,"dvd, horror",,null,,,02832634,,,,,,,,,,,,,,,,,2026-09-19,1
w1eo246isd,movie,"Black Mask",,,,"Rental Library",,,"Super-soldier recruit Tsui Chik is forced to escape with his comrades after the project is canceled. Months later, he's trying to have a quiet life as a librarian with his best friend, Inspector Shek Wai-Ho. However, a string of vicious gangland murders begins that has all the markings of Tsui's former compatriots who seem to have turned to crime. Realizing that the police are helpless, he decides to take them on himself. With a disguise, Tsui becomes the mysterious superhero known only as Black Mask.",,,,"action, dvd",,null,,,70820858,,,,,,,,,,,,,,,,,2026-09-19,1
bpy7j67cho,movie,"Blue Streak",,,,"Rental Library",,,"Miles Logan is a jewel thief who just hit the big time by stealing a huge diamond. However, after two years in jail, he comes to find out that he hid the diamond in a police building that was being built at the time of the robbery. In an attempt to regain his diamond, he poses as an LAPD detective.",,,,"action, dvd",,null,,,02963706,,,,,,,,,,,,,,,,,2026-09-19,1
6umrpfx8dt,movie,Brooklyn,,,,"Rental Library",,,"In 1950s Ireland and New York, young Eilis Lacey has to choose between two men and two countries.",,,,"drama, dvd",,null,,,67904506,,,,,,,,,,,,,,,,,2026-09-19,1
xlz9eaojps,movie,"Casino Royal",,,,"Rental Library",,,"Le Chiffre, a banker to the world's terrorists, is scheduled to participate in a high-stakes poker game in Montenegro, where he intends to use his winnings to establish his financial grip on the terrorist market. M sends Bond—on his maiden mission as a 00 Agent—to attend this game and prevent Le Chiffre from winning. With the help of Vesper Lynd and Felix Leiter, Bond enters the most important poker game in his already dangerous career.",,,,"action, dvd",,null,,,35923962,,,,,,,,,,,,,,,,,2026-09-19,1
56dpb7yv9x,movie,"Center Stage",,,,"Rental Library",,,"A group of 12 teenagers from various backgrounds enroll at the American Ballet Academy in New York to make it as ballet dancers and each one deals with the problems and stress of training and getting ahead in the world of dance.",,,,"drama, dvd",,null,,,42598650,,,,,,,,,,,,,,,,,2026-09-19,1
ri1tf3dxoz,movie,Checkmate,,,,"Rental Library",,,"A notorious serial killer is hired to kidnap the daughter of Pittsburgh's Chief of Police when he takes up the charge against human trafficking in his city.",,,,"dvd, thriller",,null,,,41918970,,,,,,,,,,,,,,,,,2026-09-19,1
m4x1wot31h,movie,"Christmas in Wonderland",,,,"Rental Library",,,"Three kids and their Dad move from L.A to Edmonton. When they go shopping at West Edmonton Mall they find counterfeit cash. They inadvertently help catch the crooks, and later make a discovery about Santa",,,,"dvd, holiday",,null,,,78515194,,,,,,,,,,,,,,,,,2026-09-19,1
ywh2smgr71,movie,"Contract Killer",,,,"Rental Library",,,"Financially troubled, a newbie hitman reluctantly takes the job of finding the plotted killer of a Japanese tycoon.",,,,"action, dvd",,null,,,70525946,,,,,,,,,,,,,,,,,2026-09-19,1
obaj45f0an,movie,"Courage Under Fire",,,,"Rental Library",,,"A US Army officer, who made a ""friendly fire"" mistake that was covered up, has been reassigned to a desk job. He is tasked to investigate a female chopper commander's worthiness to be awarded the Medal of Honor. At first all seems in order. But then he begins to notice inconsistencies between the testimonies of the witnesses...",,,,"drama, dvd",,null,,,42237178,,,,,,,,,,,,,,,,,2026-09-19,1
cnrhq86mmk,movie,"Courting Mom & Dad",,,,"Rental Library",,,"Three children seek the help of an eccentric personal injury attorney in order to stop their parents' imminent divorce.",,,,"dvd, kids-family",,null,,,02406650,,,,,,,,,,,,,,,,,2026-09-19,1
8g3xneeohq,movie,Cravings,,,,"Rental Library",,,"A woman struggles with an uncontrollable craving.",,,,"dvd, horror",,null,,,30973946,,,,,,,,,,,,,,,,,2026-09-19,1
kq7vzcmysl,movie,Crossroads,,,,"Rental Library",,,"After eight years apart, three childhood friends - Lucy, Kit, and Mimi - rediscover their friendship on a cross-country trip. With barely a plan, practically no money but plenty of dreams, the girls catch a lift with Mimi's handsome friend Ben in his convertible. Along the way they not only gather experiences that will change their lives, but they also discover how important it is to hold onto their hearts' desires.",,,,"dvd, romantic-comedy",,null,,,30615546,,,,,,,,,,,,,,,,,2026-09-19,1
t0bk3zf93y,movie,"Crowning Jules",,,,"Rental Library",,,"To get to her Harvard admissions interview, a bright 17-year-old girl is forced to hitch a ride with her twin sister, who is headed to a beauty pageant. Their road trip takes a serious detour when they come into possession of a stolen jewel.",,,,"comedy, dvd",,null,,,64759290,,,,,,,,,,,,,,,,,2026-09-19,1
prwf7ucno7,movie,"Cumbia Callera",,,,"Rental Library",,,"Framed by the high mountain chains that surround the city of Monterrey (Mexico), three youngsters live passions and dilemmas, roaming between the steep slums and the luxury districts, crowned by the irresistible rhythm of the ""colombia regiomontana"".",,,,"dvd, foreign",,null,,,41090298,,,,,,,,,,,,,,,,,2026-09-19,1
3kjzi0barj,movie,"Dance Flick",,,,"Rental Library",,,"Street dancer Thomas Uncles is from the wrong side of the tracks, but his bond with the beautiful Megan White might help the duo realize their dreams as they enter in the mother of all dance battles.",,,,"comedy, dvd",,null,,,42312186,,,,,,,,,,,,,,,,,2026-09-19,1
9dcyast6rp,movie,"Dead Tone",,,,"Rental Library",,,"As another semester draws to a close at the University of Dreyskill, a simple game dreamt to help students avoid studying becomes a bloody battle for survival.",,,,"dvd, horror",,null,,,02341114,,,,,,,,,,,,,,,,,2026-09-19,1
nxiehgn41p,movie,"Deep Blue Sea / Deep Blue Sea 2",,,,"Rental Library",,,"When shark conservationist Dr. Misty Calhoun is invited to consult on a top-secret project run by pharmaceutical billionaire Carl Durant, she is shocked to learn that the company is using unpredictable and highly aggressive bull sharks as its test subjects, which soon break loose and cause havoc.",,,,"dvd, horror",,null,,,03520762,,,,,,,,,,,,,,,,,2026-09-19,1
lsvd9rh7b9,movie,Dejavu,,,,"Rental Library",,,"""Mirna"" A young nurse, takes a job in a spooky house to help a disabled woman called ""Sofia"" In the house she has to deal with Sophia's strange husband and a constant feeling of deja vu.",,,,"dvd, thriller",,null,,,70755322,,,,,,,,,,,,,,,,,2026-09-19,1
j7s65nlqlq,movie,Divergent,,,,"Rental Library",,,"In a world divided into factions based on personality types, Tris learns that she's been classified as Divergent and won't fit in. When she discovers a plot to destroy Divergents, Tris and the mysterious Four must find out what makes Divergents dangerous before it's too late.",,,,"action, dvd",,null,,,31170554,,,,,,,,,,,,,,,,,2026-09-19,1
u34ir93gnz,movie,"Don Jon",,,,"Rental Library",,,"A New Jersey guy dedicated to his family, friends, and church, develops unrealistic expectations from watching porn and works to find happiness and intimacy with his potential true love.",,,,"comedy, dvd",,null,,,59614714,,,,,,,,,,,,,,,,,2026-09-19,1
iz50tyslqm,movie,"Don't Come Knocking",,,,"Rental Library",,,"Howard Spence has seen better days. Once a big Western movie star, he now drowns his disgust for his selfish and failed life with alcohol, drugs and young women. If he were to die now, nobody would shed a tear over him, that's the sad truth. Until one day Howard learns that he might have a child somewhere out there...",,,,"drama, dvd",,null,,,39025914,,,,,,,,,,,,,,,,,2026-09-19,1
obaj4vm0an,movie,"Don't Say a Word",,,,"Rental Library",,,"When the daughter of a psychiatrist is kidnapped, he is horrified to discover that the abductors' demand is that he break through to a young woman, suffering from PTSD, who knows a secret six digit code number.",,,,"dvd, thriller",,null,,,30351354,,,,,,,,,,,,,,,,,2026-09-19,1
ayqslujpsz,movie,"Down and Derby",,,,"Rental Library",,,"A local Pinewood Derby competition transforms an average group of dads into overzealous rivals desperate to build the winning car. As egos swell, the kids are lucky if they get to pick the paint color. While the dads are busy with outlandish gimmicks and sabotage, the underestimated scouts pull together and discover the true meaning of sportsmanship.",,,,"dvd, kids-family",,null,,,86632954,,,,,,,,,,,,,,,,,2026-09-19,1
e90ag705u2,movie,"Down with Love",,,,"Rental Library",,,"In 1962 New York City, love blossoms between a playboy journalist and a feminist advice author.",,,,"dvd, romantic-comedy",,null,,,29695994,,,,,,,,,,,,,,,,,2026-09-19,1
fto3ulde5y,movie,"Downton Abbey: The Motion Picture",,,,"Rental Library",,,"The beloved Crawleys and their intrepid staff prepare for the most important moment of their lives. A royal visit from the King and Queen of England will unleash scandal, romance and intrigue that will leave the future of Downton hanging in the balance.",,,,"drama, dvd",,null,,,95253242,,,,,,,,,,,,,,,,,2026-09-19,1
6umrpen8dt,movie,"Dragon Heart 3",,,,"Rental Library",,,"When aspiring knight Gareth goes in search of a fallen comet rumored to contain gold, he is shocked to instead find the dragon Drago. After Drago saves Gareth's life the two become intricately bonded, and must work together to defeat an evil sorcerer and stop his reign of terror. Along the way, Gareth learns the true meaning of being a knight in this fantasy action-adventure for the ages.",,,,"dvd, fantasy",,null,,,41843962,,,,,,,,,,,,,,,,,2026-09-19,1
2og4mzptqt,movie,"Dumb and Dumber",,,,"Rental Library",,,"Lloyd and Harry are two men whose stupidity is really indescribable. When Mary, a beautiful woman, loses an important suitcase with money before she leaves for Aspen, the two friends (who have found the suitcase) decide to return it to her. After some ""adventures"" they finally get to Aspen where, using the lost money they live it up and fight for Mary's heart.",,,,"comedy, dvd",,null,,,86764026,,,,,,,,,,,,,,,,,2026-09-19,1
w1eo2k8isd,movie,"Eagles: Hell Freezes Over",,,,"Rental Library",,,"The Eagles performed live for the first time in April 1994 after a fourteen-year-long hiatus. Their reunion album’s name was in reference to Don Henley’s quote after the band’s breakup in 1980, when he commented that they would only play together again “when Hell freezes over”. Recorded at the Warner Bros. Studios in Burbank, California for an MTV special, the live sessions produced eleven tracks for the album, including a new acoustic version of “Hotel California”.",,,,"dvd, musical",,null,,,03848442,,,,,,,,,,,,,,,,,2026-09-19,1
qhf8v48we4,movie,"Earth, Wind & Fire in Concert",,,,"Rental Library",,,"Earth, Wind & Fire: In Concert was recorded at the Oakland Coliseum on December 30-31, 1981 for broadcast on HBO. This brilliant performance by the Grammy-winning flamboyant funk group captures the hard-driving rhythms, the soothing melodies, the scintillating horns and the special effects that have dazzled concertgoers around the world. Included are ""Sing a Song,"" ""Fantasy,"" ""Shining Star,"" ""Kalimba Tree,"" ""Let Your Feelings Show,"" ""In the Stone"" and ""Phoenix Intro.""",,,,"dvd, musical",,null,,,03258618,,,,,,,,,,,,,,,,,2026-09-19,1
bpy7j8hcho,movie,"El Cantante",,,,"Rental Library",,,"The rise and fall of salsa singer, Héctor Lavoe (1946-1993), as told from the perspective of his wife Puchi, who looks back from 2002.",,,,"dvd, romantic-comedy",,null,,,39426554,,,,,,,,,,,,,,,,,2026-09-19,1
6umrpej8dt,movie,"Elton John - One Night Only - The Greatest Hits",,,,"Rental Library",,,"One of the biggest musical legends in pop music today, Elton John performs one of his most memorable concerts ever at the world famous Madison Square Garden in New York City. This stunningly visual concert special was filmed over two nights in October 2000, and Elton and his band play some of his greatest hits from over four decades, including ""Your Song"", ""Crocodile Rock"", ""Candle In The Wind"" and ""Rocket Man"". Elton also invites some special guests to share the microphone on stage with him, among them Billy Joel, Bryan Adams, Kiki Dee, Mary J. Blige and Anastacia. You've never seen Elton like this before... a ""must see"" and a ""must have"" for any true Elton fan.",,,,"dvd, musical",,null,,,59418106,,,,,,,,,,,,,,,,,2026-09-19,1
xlz9ep0jps,movie,Empire,,,,"Rental Library",,,"Big time drug dealer Victor Rosa is looking to get out of the game and sees his chance with a big deal with a new friend who happens to be a Wall St. stockbroker. Thinking this will be his chance to go out on top, Victor soon finds out that he's been double crossed and his last option is to get revenge.",,,,"dvd, thriller",,null,,,64562682,,,,,,,,,,,,,,,,,2026-09-19,1
4jl51c8kbx,movie,Escapee,,,,"Rental Library",,,"While on a class observation trip at a local mental hospital, young psychology major Abby Jones, has a chilling encounter with high-risk patient, Harmon Porter. She returns home for an evening of normal study with her two roommates unaware of the darkness she’s awakened within him.",,,,"action, dvd",,null,,,96205562,,,,,,,,,,,,,,,,,2026-09-19,1
ri1tfauxoz,movie,"Escobar: Paradise Lost",,,,"Rental Library",,,"For Pablo Escobar family is everything. When young surfer Nick falls for Escobar's niece, Maria, he finds his life on the line when he's pulled into the dangerous world of the family business.",,,,"drama, dvd",,null,,,42533114,,,,,,,,,,,,,,,,,2026-09-19,1
0cpqk2sdcu,movie,"Eye in the Sky",,,,"Rental Library",,,"A UK-based military officer in command of a top secret drone operation to capture terrorists in Kenya discovers the targets are planning a suicide bombing and the mission escalates from “capture” to “kill.” As American pilot Steve Watts is about to engage, a nine-year old girl enters the kill zone, triggering an international dispute reaching the highest levels of US and British government over the moral, political, and personal implications of modern warfare.",,,,"dvd, thriller",,null,,,86600186,,,,,,,,,,,,,,,,,2026-09-19,1
m4x1w0931h,movie,"Fahrenheit 9/11",,,,"Rental Library",,,"Michael Moore's view on how the Bush administration allegedly used the tragic events on 9/11 to push forward its agenda for unjust wars in Afghanistan and Iraq.",,,,"documentary, dvd",,null,,,26648570,,,,,,,,,,,,,,,,,2026-09-19,1
ywh2s3br71,movie,Feast,,,,"Rental Library",,,"When a motley crew of strangers find themselves trapped in an isolated tavern, they must band together in a battle for survival against a family of flesh-hungry creatures.",,,,"dvd, horror",,null,,,48466938,,,,,,,,,,,,,,,,,2026-09-19,1
obaj4ve0an,movie,Fighting,,,,"Rental Library",,,"Small-town boy Shawn MacArthur has come to New York City with nothing. Barely earning a living selling counterfeit goods on the streets, his luck changes when scam artist Harvey Boarden sees that he has a natural talent for streetfighting. When Harvey offers Shawn help at making the real cash, the two form an uneasy partnership.",,,,"action, dvd",,null,,,64955898,,,,,,,,,,,,,,,,,2026-09-19,1
cnrhqo8mmk,movie,"Final Destination 2",,,,"Rental Library",,,"When Kimberly has a violent premonition of a highway pileup she blocks the freeway, keeping a few others meant to die, safe...Or are they? The survivors mysteriously start dying and it's up to Kimberly to stop it before she's next.",,,,"dvd, horror",,null,,,41221370,,,,,,,,,,,,,,,,,2026-09-19,1
8g3xn55ohq,movie,"Freedom Force",,,,"Rental Library",,,"There is a plot under way to change the course of history. Four kids are chosen to be the Freedom Force—a gang of unlikely heroes who travel through time to change the outcome of sacred stories.",,,,"action, dvd",,null,,,31500282,,,,,,,,,,,,,,,,,2026-09-19,1
kq7vzm3ysl,movie,"Fun with Dick and Jane",,,,"Rental Library",,,"After Dick Harper loses his job at Globodyne in an Enron-esque collapse, he and his wife, Jane, turn to crime in order to handle the massive debt they now face. Two intelligent people, Dick and Jane actually get pretty good at robbing people and even enjoy it – but they have second thoughts when they're reminded that crime can hurt innocent people. When the couple hears that Globodyne boss Jack McCallister actually swindled the company, they plot revenge.",,,,"comedy, dvd",,null,,,95843066,,,,,,,,,,,,,,,,,2026-09-19,1
prwf7gmno7,movie,"Future Shock",,,,"Rental Library",,,"A psychiatrist uses virtual reality to probe the minds of three unsuspecting patients, unleashing horrific psychic forces in the process.",,,,"dvd, sci-fi",,null,,,40018938,,,,,,,,,,,,,,,,,2026-09-19,1
3kjzidcarj,movie,"Gangs of the Dead",,,,"Rental Library",,,"On the verge of a major arms deal, the two toughest gangs in L.A. will find themselves trapped in an abandoned warehouse by a ravenous mob of bloodthirsty zombies. They will have to work together with the cops to avoid being torn limb-from-limb and eaten alive. A one of a kind urban-zombie film, Gangs of the Dead is a gore-filled and action-packed thriller for both the horror fan and the urban audience.",,,,"dvd, horror",,null,,,03291386,,,,,,,,,,,,,,,,,2026-09-19,1
hetg8j719k,movie,Gatsby,,,,"Rental Library",,,"In the heart of the Gobi Desert, a herd of Bactrian camels follows the well-walked paths of the camels that came before them, but one camel dreams of a greater purpose outside the routine. Gatsby follows a mysterious voice into the desert in search of adventure, but the brutality of nature leaves him with a difficult question: are his dreams legitimate or just teenage delusions of grandeur?",,,,"drama, dvd",,null,,,70427642,,,,,,,,,,,,,,,,,2026-09-19,1
9dcyaf96rp,movie,"Girls Trip",,,,"Rental Library",,,"Four girlfriends take a trip to New Orleans for an annual festival and, along the way, rediscover their wild sides and strengthen the bonds of sisterhood.",,,,"comedy, dvd",,null,,,59673594,,,,,,,,,,,,,,,,,2026-09-19,1
nxiehck41p,movie,"Grand Prix",,,,"Rental Library",,,"The most daring drivers in the world have gathered to compete for the 1966 Formula One championship. After a spectacular wreck in the first of a series of races, American wheelman Pete Aron is dropped by his sponsor. Refusing to quit, he joins a Japanese racing team. While juggling his career with a torrid love affair involving an ex-teammate's wife, Pete must also contend with Jean-Pierre Sarti, a French contestant who has previously won two world titles.",,,,"drama, dvd",,null,,,31533050,,,,,,,,,,,,,,,,,2026-09-19,1
lsvd9x17b9,movie,"Grey Gardens",,,,"Rental Library",,,"Based on the life stories of the eccentric aunt and first cousin of Jackie Onassis raised as Park Avenue débutantes but who withdrew from New York society, taking shelter at their Long Island summer home, ""Grey Gardens."" As their wealth and contact with the outside world dwindled, so did their grasp on reality.",,,,"drama, dvd",,null,,,41319674,,,,,,,,,,,,,,,,,2026-09-19,1
7f2u6jshd6,movie,"Halo Legends",,,,"Rental Library",,,"The universe of the Halo video game series is expanded in seven short animated films from Japan's greatest anime directors and studios.",,,,"dvd, sci-fi",,null,,,31467514,,,,,,,,,,,,,,,,,2026-09-19,1
u34ir6agnz,movie,"Hard Candy",,,,"Rental Library",,,"Hayley’s a smart, charming teenage girl. Jeff’s a handsome, smooth fashion photographer. An Internet chat, a coffee shop meet-up, an impromptu fashion shoot back at Jeff’s place. Jeff thinks it’s his lucky night. He’s in for a surprise.",,,,"dvd, thriller",,null,,,39691258,,,,,,,,,,,,,,,,,2026-09-19,1
iz50trflqm,movie,"Head in the Clouds",,,,"Rental Library",,,"Gilda Bessé shares her Paris apartment with an Irish schoolteacher, Guy Malyon, and Mia, a refugee from Spain. As the world drifts toward war, Gilda defiantly pursues her hedonistic lifestyle and her burgeoning career as a photographer. But Guy and Mia feel impelled to join the fight against fascism, and the three friends are separated.",,,,"drama, dvd",,null,,,03651834,,,,,,,,,,,,,,,,,2026-09-19,1
obaj4230an,movie,"Heidi / The Borrowers",,,,"Rental Library",,,"A double feature pairing two family classics: Heidi and The Borrowers.",,,,"dvd, kids-family",,null,,,30681082,,,,,,,,,,,,,,,,,2026-09-19,1
ayqslgqpsz,movie,"Held Up",,,,"Rental Library",,,"What should have been a romantic getaway turns into one hilarious debacle after another when Michael's woman dumps him in the desert where he gets carjacked by a teenager and he is taken hostage in a stickup at the local Sip and Zip.",,,,"comedy, dvd",,null,,,02603258,,,,,,,,,,,,,,,,,2026-09-19,1
e90aghd5u2,movie,"Help, I Shrunk my Friends",,,,"Rental Library",,,"Melanie is a new pupil at the Otto Leonhard High School, and Felix takes a real shine to this newbie, much to the annoyance of Ella and Felix’s gang. They believe that Melanie is responsible for a number of small thefts that have been happening at the school since she arrived. Events take a drastic turn when the class goes on a school trip...",,,,"dvd, kids-family",,null,,,59575290,,,,,,,,,,,,,,,,,2026-09-19,1
v8unczb26q,movie,"Hip Hop 2000",,,,"Rental Library",,,"Hip Hop 2000 (2000) follows an underground rapper who searches for the street hustler who profited off his hit single, with narration by Dolemite (Rudy Ray Moore) and interviews with Ice-T and Too Short.",,,,"documentary, dvd",,null,,,39164410,,,,,,,,,,,,,,,,,2026-09-19,1
fto3u7ue5y,movie,Hoosiers,,,,"Rental Library",,,"Failed college coach Norman Dale gets a chance at redemption when he is hired to coach a high school basketball team in a tiny Indiana town. After a teacher persuades star player Jimmy Chitwood to quit and focus on his long-neglected studies, Dale struggles to develop a winning team in the face of community criticism for his temper and his unconventional choice of assistant coach: Shooter, a notorious alcoholic.",,,,"drama, dvd",,null,,,39983610,,,,,,,,,,,,,,,,,2026-09-19,1
gaklx8jbt4,movie,"Hostel / Hostel Part II / That Tattooist / The Hunt for the BTK Killer",,,,"Rental Library",,,"A 4-movie horror set: Hostel, Hostel: Part II, The Tattooist, and The Hunt for the BTK Killer.",,,,"dvd, horror",,null,,,42541562,,,,,,,,,,,,,,,,,2026-09-19,1
6umrp548dt,movie,Hugo,,,,"Rental Library",,,"Orphaned and alone except for an uncle, Hugo Cabret lives in the walls of a train station in 1930s Paris. Hugo's job is to oil and maintain the station's clocks, but to him, his more important task is to protect a broken automaton and notebook left to him by his late father. Accompanied by the goddaughter of an embittered toy merchant, Hugo embarks on a quest to solve the mystery of the automaton and find a place he can call home.",,,,"dvd, kids-family",,null,,,81791994,,,,,,,,,,,,,,,,,2026-09-19,1
dmnwy9ju84,movie,Hush,,,,"Rental Library",,,"A deaf woman is stalked by a psychotic killer in her secluded home.",,,,"dvd, horror",,null,,,41155834,,,,,,,,,,,,,,,,,2026-09-19,1
2og4msntqt,movie,Inviticus,,,,"Rental Library",,,"Invictus is a 2009 sports drama directed by Clint Eastwood, starring Morgan Freeman as Nelson Mandela and Matt Damon as the captain of South Africa's rugby team during the 1995 Rugby World Cup.",,,,"drama, dvd",,null,,,67740666,,,,,,,,,,,,,,,,,2026-09-19,1
qhf8vkowe4,movie,"Irish Jam",,,,"Rental Library",,,"Upon discovering that their town is up for sale, crafty Irish villagers scheme to raise the money to prevent the buy-out. They hold a poetry contest with a tempting grand prize -- the deed to their local pub. But what could happen when a duplicitous American rapper emerges as the best poet around?",,,,"comedy, dvd",,null,,,39819770,,,,,,,,,,,,,,,,,2026-09-19,1
bpy7jo1cho,movie,"Jackass 3 (Unrated)",,,,"Rental Library",,,"Johnny Knoxville, Bam Margera, Steve-O, Wee Man and the rest of their fearless and foolhardy friends take part in another round of outrageous pranks and stunts. In addition to standing in the path of a charging bull, launching themselves into the air and crashing through various objects, the guys perform in segments such as ""Sweatsuit Cocktail,"" ""Beehive Tetherball"" and ""Lamborghini Tooth Pull.""",,,,"comedy, dvd",,null,,,86731258,,,,,,,,,,,,,,,,,2026-09-19,1
6umrp5q8dt,movie,"Jane Austins Book Club",,,,"Rental Library",,,"The Jane Austen Book Club is a 2007 romantic drama directed by Robin Swicord, based on the novel by Karen Joy Fowler, about six people whose lives intersect through a book club devoted to Austen's novels.",,,,"dvd, romantic-comedy",,null,,,65218042,,,,,,,,,,,,,,,,,2026-09-19,1
8g3xnviohq,movie,"Jason's Lyric",,,,"Rental Library",,,"The story of a young man who must confront his own fears about love as well as his relationships with family and friends.",,,,"drama, dvd",,null,,,59640826,,,,,,,,,,,,,,,,,2026-09-19,1
56dpb1xv9x,movie,"Just Around the Corner",,,,"Rental Library",,,"Penny helps her idealistic architect father get his dream of a slum clearance project; The little miss dances with Corporal Jones.",,,,"musical, vhs",,null,,,15747066,,,,,,,,,,,,,,,,,2026-09-19,1
4jl51mokbx,movie,"Kill 'Em All",,,,"Rental Library",,,"After a massive shootout, a mysterious stranger arrives at a local hospital on the brink of death. Then, a foreign gang brazenly comes to the hospital to hunt him down. His nurse, the sole surviving witness to the follow-up shootout, must face an FBI interrogation that unlocks a plot of international intrigue and revenge.",,,,"action, dvd",,null,,,39557626,,,,,,,,,,,,,,,,,2026-09-19,1
0cpqktfdcu,movie,"King of Paper Chasin'",,,,"Rental Library",,,"In the city of 9 Million people everyone is engulfed in the everyday rat race chasing that almighty dollar. This movie tells the story of one of its own 'Carter Blanche'. Carter has staked his claim to the American dream. But history teaches us that behind every wealthy empire is a major crime; and Carter's rise to power is no exception. Trying to go legit, he is faced with deception, betrayal, and self serving agendas from those closest to him and must maneuver his way through all those who want to crumble what he has built. As he determines who's friend or foe. The decisions Carter makes can, and will cost lives.",,,,"drama, dvd",,null,,,29728762,,,,,,,,,,,,,,,,,2026-09-19,1
m4x1wd631h,movie,"Lions for Lambs",,,,"Rental Library",,,"Three stories told simultaneously in ninety minutes of real time: a Republican Senator who's a presidential hopeful gives an hour-long interview to a skeptical television reporter, detailing a strategy for victory in Afghanistan; two special forces ambushed on an Afghani ridge await rescue as Taliban forces close in; a poli-sci professor at a California college invites a student to re-engage.",,,,"drama, dvd",,null,,,45939962,,,,,,,,,,,,,,,,,2026-09-19,1
obaj4250an,movie,"Little Laura & Big John",,,,"Rental Library",,,"Based on a true story, this action-packed, hard-hitting depiction of the infamous Ashley gang - who terrorized the southeast in the 1920's - also illustrates a desperate love between two people destined for destruction.",,,,"drama, vhs",,null,,,15615994,,,,,,,,,,,,,,,,,2026-09-19,1
cnrhq0ommk,movie,"Lost City",,,,"Rental Library",,,"The film tells of a small expedition that decides to track down the lost city in the exclusion zone, where there are extraordinary things.",,,,"comedy, dvd",,null,,,65119738,,,,,,,,,,,,,,,,,2026-09-19,1
kq7vz3aysl,movie,Maintainence,,,,"Rental Library",,,"Maintenance (2007) follows a young hospital worker who befriends the maintenance man in her new apartment complex, unaware of how much access and danger he brings.",,,,"dvd, horror",,null,,,30121978,,,,,,,,,,,,,,,,,2026-09-19,1
t0bk3f593y,movie,"Marked for Death",,,,"Rental Library",,,"Just retired from the Drug Enforcement Agency, John Hatcher returns to his hometown and quickly discovers that drugs have infiltrated his old neighborhood. Determined to drive the dealers out, Hatcher crosses paths with a ferocious Jamaican drug lord who vows that Hatcher and his family are now marked for death.",,,,"action, dvd",,null,,,42302714,,,,,,,,,,,,,,,,,2026-09-19,1
prwf7b3no7,movie,Masterminds,,,,"Rental Library",,,"A night guard at an armored car company in the Southern U.S. organizes one of the biggest bank heists in American history.",,,,"comedy, dvd",,null,,,95417082,,,,,,,,,,,,,,,,,2026-09-19,1
3kjziumarj,movie,"Max Payne",,,,"Rental Library",,,"A DEA agent whose family was slain as part of a conspiracy, and an assassin out to avenge her sister's death, join forces to solve a series of murders in New York City.",,,,"action, dvd",,null,,,42344954,,,,,,,,,,,,,,,,,2026-09-19,1
9dcya586rp,movie,"Men in Black II",,,,"Rental Library",,,"Kay and Jay reunite to provide our best, last and only line of defense against a sinister seductress who levels the toughest challenge yet to the MIB's untarnished mission statement – protecting Earth from the scum of the universe. It's been four years since the alien-seeking agents averted an intergalactic disaster of epic proportions. Now it's a race against the clock as Jay must convince Kay – who not only has absolutely no memory of his time spent with the MIB, but is also the only living person left with the expertise to save the galaxy – to reunite with the MIB before the earth submits to ultimate destruction.",,,,"dvd, sci-fi",,null,,,00895738,,,,,,,,,,,,,,,,,2026-09-19,1
nxiehmy41p,movie,M:I:III,,,,"Rental Library",,,"Retired from active duty, and training recruits for the Impossible Mission Force, agent Ethan Hunt faces the toughest foe of his career: Owen Davian, an international broker of arms and information, who's as cunning as he is ruthless. Davian emerges to threaten Hunt and all that he holds dear – including the woman Hunt loves.",,,,"action, dvd",,null,,,46071034,,,,,,,,,,,,,,,,,2026-09-19,1
lsvd9jz7b9,movie,"Monte Carlo",,,,"Rental Library",,,"Three young women vacationing in Paris find themselves whisked away to Monte Carlo after one of the girls is mistaken for a British heiress.",,,,"dvd, romantic-comedy",,null,,,31041530,,,,,,,,,,,,,,,,,2026-09-19,1
7f2u6qfhd6,movie,Mortal,,,,"Rental Library",,,"MORTAL is a film that tackles the issue of the immense pressure that's placed on young people during the exam season. The film follows Jonathan, a student preparing for his final A Level exams which will decide whether he can pursue his dream of going to university or fail and have to try and pursue a career in writing without a degree. As the weight of this pressure becomes unbearable he turns to drinking to cope although this cause major issues when he meets up with his friends for a few casual drinks.",,,,"dvd, thriller",,null,,,39492090,,,,,,,,,,,,,,,,,2026-09-19,1
j7s65khqlq,movie,"Motives 2",,,,"Rental Library",,,"Vivica A. Fox and Shemar Moore return for this thrilling sequel to Motives that picks up three years after the events of the original film. Innocent convict Emery Simms is serving time for a crime he didn't commit; while most convict's claims of innocence are shoddy at best, Emery has every reason to protest his wrongful incarceration. Meanwhile, in the outside world, Emery's ex-wife (Fox) has married his best friend and the pair is struggling to build a normal life together. When Emery is killed in prison and his brother Donovan (Brian J. White) discovers the truth about what killed his ill-fated sibling, his quest to cut through the complex web of lies and deceit which previously ensnared Emery threatens to bring about deadly consequences.",,,,"dvd, thriller",,null,,,38967802,,,,,,,,,,,,,,,,,2026-09-19,1
iz50txelqm,movie,MUD,,,,"Rental Library",,,"Two teenage boys find a fugitive hiding out on an island in the Mississippi River and help him reunite with his lover and escape an avenging family and their armed posse.",,,,"drama, dvd",,null,,,42182650,,,,,,,,,,,,,,,,,2026-09-19,1
obaj4ta0an,movie,"Music of the Heart",,,,"Rental Library",,,"After Roberta Guaspari separates from her husband, she receives encouragement from her mother to take up a job of a music teacher at the Central Park East School in East Harlem.",,,,"drama, vhs",,null,,,15583226,,,,,,,,,,,,,,,,,2026-09-19,1
ayqslbwpsz,movie,"My Big Fat Independent Movie",,,,"Rental Library",,,"This hilariously smart satire tells the story of Johnny Vince, a swingin' hepcat who meets hitman Sam and Harvey on a road trip to pull a ""botched robbery"" in Las Vegas. Along the way they take a deeply unfulfilled not-so-good-girl hostage, encounter the mysterious Mechanic, get harassed by a foul-mouthed answering machine... and did we mention the lesbians? The result - hilarity ensues!",,,,"comedy, dvd",,null,,,31434746,,,,,,,,,,,,,,,,,2026-09-19,1
e90ag1u5u2,movie,"Night of the Living Dead / The Terror",,,,"Rental Library",,,"A double feature pairing two horror classics: Night of the Living Dead (1968), George A. Romero's zombie film, and The Terror (1963), a Roger Corman gothic horror starring Boris Karloff and Jack Nicholson.",,,,"dvd, horror",,null,,,31006714,,,,,,,,,,,,,,,,,2026-09-19,1
v8uncsc26q,movie,Noah,,,,"Rental Library",,,"A man who suffers visions of an apocalyptic deluge takes measures to protect his family from the coming flood.",,,,"drama, dvd",,null,,,02537722,,,,,,,,,,,,,,,,,2026-09-19,1
gaklxoqbt4,movie,"Open Range",,,,"Rental Library",,,"A former gunslinger is forced to take up arms again when he and his cattle crew are threatened by a corrupt lawman.",,,,"drama, dvd",,null,,,02570490,,,,,,,,,,,,,,,,,2026-09-19,1
6umrpvk8dt,movie,"Pants on Fire",,,,"Rental Library",,,"Jack Parker has always skated by on his lies, especially the one about Mikey, an underprivileged (and made-up) teen who Jack ""tutors""... until one day ""Mikey"" shows up for real, and all Jack's lies start coming true.",,,,"dvd, kids-family",,null,,,31565818,,,,,,,,,,,,,,,,,2026-09-19,1
dmnwy6qu84,movie,"Paradise City",,,,"Rental Library",,,"The worlds of a young cop with a checkered past, an ex-con turned devout Muslim, and a junkie with affluent roots collide in a plot to justify New York City's counter-terrorism campaign against homegrown extremists.",,,,"action, dvd",,null,,,03750138,,,,,,,,,,,,,,,,,2026-09-19,1
2og4mf4tqt,movie,"Paul Blart: Mall Cop 2",,,,"Rental Library",,,"Security guard Paul Blart is headed to Las Vegas to attend a Security Guard Expo with his teenage daughter Maya before she departs for college. While at the convention, he inadvertently discovers a heist - and it's up to Blart to apprehend the criminals.",,,,"dvd, kids-family",,null,,,02799866,,,,,,,,,,,,,,,,,2026-09-19,1
w1eo2r0isd,movie,"Paul Blart: Mall Cop",,,,"Rental Library",,,"When a shopping mall is taken over by a gang of organized crooks, it's up to a mild-mannered security guard to save the day.",,,,"dvd, kids-family",,null,,,02308346,,,,,,,,,,,,,,,,,2026-09-19,1
qhf8vy0we4,movie,"Paul McCartney: Live at the Cavern Club",,,,"Rental Library",,,"On December 14, 1999, 300 people squeezed into the Cavern Club in Liverpool to watch Paul McCartney perform at The Beatles' legendary venue for the first time since 1963. Pink Floyd guitarist David Gilmour and Deep Purple drummer Ian Paice were among the other great musicians joining Paul on stage. You can now view this unique piece of rock 'n' roll history, as well as two of Paul's latest music videos and an interview with him on this special home video release. Songs: Honey Hush, Blue Jean Bop, Brown-Eyed Handsome Man, Fabulous, What It Is, Lonesome Town, Twenty Flight Rock, No Other Baby, Try Not to Cry, Shake a Hand, All Shook Up, I Saw Her Standing There, Party.",,,,"dvd, musical",,null,,,03225850,,,,,,,,,,,,,,,,,2026-09-19,1
6umrpvw8dt,movie,"Prairie Love",,,,"Rental Library",,,"As a mysterious high plains drifter travels across the wintry North Dakota prairie, he finds a man lying unconscious in the middle of the road and stops to lend a hand. After defrosting, the man explains that he's on his way to meet his pen-pal girlfriend for the first time, as she's being released from prison. Desperate for a girlfriend of his own, the drifter sees this as an opportunity to change his lonely existence, and hatches a plan to steal his new companion's identity, forever changing the destinies of all three people.",,,,"drama, dvd",,null,,,40347642,,,,,,,,,,,,,,,,,2026-09-19,1
8g3xn2lohq,movie,"Pray for Morning",,,,"Rental Library",,,"Looking for a night of thrills, eight friends roam the abandoned Royal Crescent Hotel, where five students were murdered more than 20 years ago. When they discover a severed hand, they conjure up a evil spirit and unleash its bloody wrath. To survive the night, the friends must solve a century-old mystery that threatens to annihilate them one by one.",,,,"dvd, horror",,null,,,40117242,,,,,,,,,,,,,,,,,2026-09-19,1
56dpbzjv9x,movie,Premonition,,,,"Rental Library",,,"A depressed housewife who learns her husband was killed in a car accident the day previously awakens the next morning to find him alive and well at home, and then awakens the day after to a world in which he is still dead.",,,,"dvd, thriller",,null,,,70460410,,,,,,,,,,,,,,,,,2026-09-19,1
4jl5130kbx,movie,"Project Almanac",,,,"Rental Library",,,"A group of teens discover secret plans of a time machine, and construct one. However, things start to get out of control.",,,,"dvd, sci-fi",,null,,,33728506,,,,,,,,,,,,,,,,,2026-09-19,1
0cpqk9edcu,movie,"Rachel Getting Married",,,,"Rental Library",,,"A young woman who has been in and out from rehab for the past 10 years returns home for the weekend for her sister's wedding.",,,,"drama, dvd",,null,,,38283258,,,,,,,,,,,,,,,,,2026-09-19,1
ywh2spmr71,movie,"Rambo III",,,,"Rental Library",,,"Combat has taken its toll on Rambo, but he's finally begun to find inner peace in a monastery. When Rambo's friend and mentor Col. Trautman asks for his help on a top secret mission to Afghanistan, Rambo declines but must reconsider when Trautman is captured.",,,,"action, dvd",,null,,,31696890,,,,,,,,,,,,,,,,,2026-09-19,1
obaj4tv0an,movie,"Red Son",,,,"Rental Library",,,"Within the framework of Beethoven's Piano Sonata No. 14, a dying woman's journal reveals the story of the relationship that led to her demise.",,,,"dvd, kids-family",,null,,,31203322,,,,,,,,,,,,,,,,,2026-09-19,1
8g3xn22ohq,movie,"Redemption Day",,,,"Rental Library",,,"When his wife Kate is kidnapped by terrorists for ransom, veteran war hero Brad Paxton races against the clock to rescue her in a daring and deadly operation that pits him against powerful and dark forces.",,,,"dvd, thriller",,null,,,42803706,,,,,,,,,,,,,,,,,2026-09-19,1
kq7vzapysl,movie,"Reguarding Henry",,,,"Rental Library",,,"Regarding Henry is a 1991 American drama film directed by Mike Nichols, starring Harrison Ford as a lawyer who must rebuild his memory, speech, and family relationships after surviving a shooting.",,,,"drama, dvd",,null,,,03127546,,,,,,,,,,,,,,,,,2026-09-19,1
t0bk3ev93y,movie,"Return to Nim's Island",,,,"Rental Library",,,"Fourteen year old Nim, more determined than ever to protect her island and all the wildlife that call it home, faces off against resort developers and animal poachers. Soon she realizes she can’t depend on her animal cohorts alone and must make her first human friend – Edmund, who’s run away to the island from the mainland – to save her home.",,,,"dvd, kids-family",,null,,,03422458,,,,,,,,,,,,,,,,,2026-09-19,1
prwf7cano7,movie,Revenge,,,,"Rental Library",,,"Jen's romantic getaway with her wealthy married boyfriend is disrupted when his friends arrive for an impromptu hunting trip. Tension mounts at the house until the situation culminates in an unexpected way.",,,,"action, dvd",,null,,,29827066,,,,,,,,,,,,,,,,,2026-09-19,1
3kjzig3arj,movie,"Romancing the Bride",,,,"Rental Library",,,"One day before she is set to exchange vows with the man of her dreams, a flustered bride-to-be wakes up next to a complete stranger who claims to be her husband in this south-of-the-border romantic comedy.",,,,"dvd, romantic-comedy",,null,,,03094778,,,,,,,,,,,,,,,,,2026-09-19,1
9dcyavo6rp,movie,"Running with Scissors",,,,"Rental Library",,,"Young Augusten Burroughs absorbs experiences that could make for a shocking memoir: the son of an alcoholic father and an unstable mother, he's handed off to his mother's therapist, Dr. Finch, and spends his adolescent years as a member of Finch's bizarre extended family.",,,,"comedy, dvd",,null,,,40216570,,,,,,,,,,,,,,,,,2026-09-19,1
nxieh3r41p,movie,"Safe Haven",,,,"Rental Library",,,"A depressed woman's elegy from the other side of the grave that is told from the depths of her heart. She is realizing all the faults and cracks in the only place in the world she once viewed as her Safe Haven.",,,,"drama, dvd",,null,,,29761530,,,,,,,,,,,,,,,,,2026-09-19,1
7f2u6wehd6,movie,"Sam Elliott: I WIll Fight No More / Forever Dog Watch",,,,"Rental Library",,,"A double feature pairing I Will Fight No More Forever (1975), a TV western drama about Chief Joseph's resistance dramatized with James Whitmore, and Dogwatch, featuring Sam Elliott.",,,,"drama, dvd",,null,,,31072250,,,,,,,,,,,,,,,,,2026-09-19,1
u34irongnz,movie,Scarface,,,,"Rental Library",,,"After getting a green card in exchange for assassinating a Cuban government official, Tony Montana stakes a claim on the drug trade in Miami. Viciously murdering anyone who stands in his way, Tony eventually becomes the biggest drug lord in the state, controlling nearly all the cocaine that comes through Miami. But increased pressure from the police, wars with Colombian drug cartels and his own drug-fueled paranoia serve to fuel the flames of his eventual downfall.",,,,"drama, dvd",,null,,,69274618,,,,,,,,,,,,,,,,,2026-09-19,1
iz50tj5lqm,movie,"Secret Window",,,,"Rental Library",,,"Mort Rainey, a writer just emerging from a painful divorce with his ex-wife, is stalked at his remote lake house by a psychotic stranger and would-be scribe who claims Rainey swiped his best story idea. But as Rainey endeavors to prove his innocence, he begins to question his own sanity.",,,,"dvd, thriller",,null,,,02668794,,,,,,,,,,,,,,,,,2026-09-19,1
obaj49p0an,movie,"Seven Swords",,,,"Rental Library",,,"In the middle of the 17th century, the Manchus conquered China and founded the Ching dynasty. Due to widespread uprisings against the new rulers, the study and practice of traditional martial arts is forbidden and punishable by death. The unscrupulous leader of a troop of mercenaries takes advantage of this situation to make a fortune with the bounty on his head.",,,,"action, dvd",,null,,,45677818,,,,,,,,,,,,,,,,,2026-09-19,1
ayqslcipsz,movie,Sleepover,,,,"Rental Library",,,"Desperate to improve their social status, four best friends enter into an all-night scavenger hunt against the popular clique in their school.",,,,"comedy, dvd",,null,,,87362554,,,,,,,,,,,,,,,,,2026-09-19,1
v8uncfm26q,movie,"Sliding Doors",,,,"Rental Library",,,"Helen, a London ad executive, is fired from her job and rushes out to catch a train, but, as she runs down, her life suddenly splits off. In one version she catches the train; in the second, she misses it. Her whole life changes in that one second, and the rest of the film depicts what happens in each scenario.",,,,"dvd, romantic-comedy",,null,,,78547962,,,,,,,,,,,,,,,,,2026-09-19,1
fto3u1be5y,movie,"Snakes on a Plane",,,,"Rental Library",,,"FBI agent Neville Flynn boards a flight from Honolulu, Hawaii to Los Angeles, escorting a key witness to testify against a mob boss at an upcoming trial. An on-board assassin releases a crate full of hundreds of deadly venomous snakes in an attempt to eliminate the witness. Flynn and a host of frightened passengers and crew must band together to survive the slithery threat.",,,,"comedy, dvd",,null,,,31105018,,,,,,,,,,,,,,,,,2026-09-19,1
gaklx0wbt4,movie,"St. Agatha",,,,"Rental Library",,,"St. Agatha is set in the 1950s in small town Georgia. A pregnant con woman named Agatha is on the run and seeks refuge in a convent hidden in deafening isolation. What first starts out as the perfect place to have a child turns into a dark lair where silence is forced. Ghastly secrets are masked, and every bit of will power Agatha has is tested. She soon learns the sick and twisted truth of the convent and the odd people that lurk inside its halls. Agatha must now find a way to discover the unyielding strength needed to escape and save her baby before she’s caged behind these walls forever.",,,,"dvd, horror",,null,,,42639866,,,,,,,,,,,,,,,,,2026-09-19,1
dmnwy8wu84,movie,"Stir of Echoes 2",,,,"Rental Library",,,"A soldier returns home from the Iraq war only to be haunted by visions of the dead.",,,,"dvd, thriller",,null,,,96074490,,,,,,,,,,,,,,,,,2026-09-19,1
2og4mektqt,movie,"Suburban Girl",,,,"Rental Library",,,"Publishing assistant Brett Eisenberg wants to be a big-time editor. However, she lacks self-confidence, a problem that isn't helped by her new, overbearing boss. Brett soon enters into a relationship with Archie, an older man who has plenty of his own issues, including alcoholism, diabetes and a difficult relationship with his daughter. Intent on helping Archie get past his problems, she turns to her dying father for advice.",,,,"dvd, romantic-comedy",,null,,,95318778,,,,,,,,,,,,,,,,,2026-09-19,1
qhf8vrdwe4,movie,"Super Dave",,,,"Rental Library",,,"Super Dave Osborne, our accident-prone stuntman hero, comes out of a self-imposed retirement to raise money for his new girlfriend's son's heart operation.",,,,"comedy, dvd",,null,,,31236090,,,,,,,,,,,,,,,,,2026-09-19,1
6umrp2i8dt,movie,"Super Eruption",,,,"Rental Library",,,"A Yellowstone National Park scientist and a thrill-seeking ranger join forces to plug-up a volatile super volcano that threatens to wipe out the entire United States.",,,,"action, dvd",,null,,,39091450,,,,,,,,,,,,,,,,,2026-09-19,1
8g3xnt7ohq,movie,"Superstar: Dare to Dream",,,,"Rental Library",,,"The story follows Mary Katherine trying to find her place in her Roman Catholic private school. The movie is directed by Kids in the Hall member Bruce McCulloch. It stars Molly Shannon, Will Ferrell, Elaine Hendrix, Harland Williams, Mark McKinney, who appeared in many of the Mary Katherine Gallagher SNL skits on TV, and Glynis Johns in her final film.[4]",,,,"comedy, dvd",,null,,,03160314,,,,,,,,,,,,,,,,,2026-09-19,1
56dpbsqv9x,movie,"Surviving D-Day",,,,"Rental Library",,,"Recent study shows that the chance of surviving the invasion beaches was 25%. Then how is it possible 50% of the men survived? This documentary which has been recognized as the best D-Day documentary ever tells a different story. A beautifully made detailed reconstruction shows what happened on that day on the beaches. In the first hour of the attack one third of the American soldiers dies. This battle will be decisive in the further course of the war. Survivors tell about the factors that made it so hard to conquer the coastlines. The animated images show it all.",,,,"documentary, dvd",,null,,,42269946,,,,,,,,,,,,,,,,,2026-09-19,1
4jl51adkbx,movie,"Take no Prisoners",,,,"Rental Library",,,"Three childhood friends raised in the housing projects of Brooklyn grow into men of the streets, taking three separate paths in a common search for a way out of the ghetto. When a murder gone wrong reunites them, loyalty and betrayal will determine who lives and who dies at the hands of a murderous drug lord. Will their friendship be the bond that saves them, or will survival of the fittest determine who makes it out of this urban war?",,,,"action, dvd",,null,,,42050042,,,,,,,,,,,,,,,,,2026-09-19,1
ri1tf4cxoz,movie,"The Adventures of Mickey Matson and the Copperhead Treasure",,,,"Rental Library",,,"When a mythical device from ancient times is rebuilt by a group of Confederates who feel the civil war never ended, Mickey Matson and his newfound friend, Sully, must follow a series of clues left by his dead grandfather to keep the evil men away from the three mystical objects that power the device. If he fails, it could mean not only the loss of his family's home, but maybe the demise of our country as we know it.",,,,"dvd, kids-family",,null,,,59778554,,,,,,,,,,,,,,,,,2026-09-19,1
0cpqk65dcu,movie,"The American",,,,"Rental Library",,,"Dispatched to a small Italian town to await further orders, assassin Jack embarks on a double life that may be more relaxing than is good for him.",,,,"drama, dvd",,null,,,70329338,,,,,,,,,,,,,,,,,2026-09-19,1
ywh2sn3r71,movie,"The Amityvilly Horror",,,,"Rental Library",,,"A family moves into a bargain waterfront home linked to mass murder, only to face escalating supernatural disturbances that strain their marriage, threaten their children, and draw desperate intervention from increasingly powerless clergy.",,,,"dvd, horror",,null,,,95744762,,,,,,,,,,,,,,,,,2026-09-19,1
obaj4920an,movie,"The Bount Hunter",,,,"Rental Library",,,"The Bounty Hunter is a 2010 American romantic action comedy starring Jennifer Aniston and Gerard Butler, about a bounty hunter hired to track down his ex-wife.",,,,"comedy, dvd",,null,,,39688698,,,,,,,,,,,,,,,,,2026-09-19,1
cnrhqudmmk,movie,"The Brothers Grimsby",,,,"Rental Library",,,"Wrongfully accused and on the run, a top MI6 assassin joins forces with his long-lost, football hooligan brother to save the world from a sinister plot.",,,,"comedy, dvd",,null,,,42204410,,,,,,,,,,,,,,,,,2026-09-19,1
8g3xnttohq,movie,"The Card Counter",,,,"Rental Library",,,"William Tell just wants to play cards. His spartan existence on the casino trail is shattered when he is approached by Cirk, a vulnerable and angry young man seeking help to execute his plan for revenge on a military colonel. Tell sees a chance at redemption through his relationship with Cirk.",,,,"dvd, thriller",,null,,,70657018,,,,,,,,,,,,,,,,,2026-09-19,1
kq7vzpnysl,movie,"The Chinese Connection",,,,"Rental Library",,,"Director William Lee's homage to his idol, Bruce Lee",,,,"action, dvd",,null,,,42148346,,,,,,,,,,,,,,,,,2026-09-19,1
prwf7mpno7,movie,"The Contractor / The Fan",,,,"Rental Library",,,"A double feature pairing two thrillers: The Contractor (2007) starring Wesley Snipes, and The Fan (1996) starring Robert De Niro and Wesley Snipes.",,,,"dvd, thriller",,null,,,65414650,,,,,,,,,,,,,,,,,2026-09-19,1
3kjzicparj,movie,"The Cookout",,,,"Rental Library",,,"When Todd Anderson signs a $30 million deal with his hometown team, the New Jersey Nets, he knows that his life is set for a big change. To keep things real, he decides to throw a barbeque at his place -- just like the ones his family used to have. But when you have new and old friends, family, agents, and product reps in the same house, things are bound to get crazy.",,,,"comedy, dvd",,null,,,45907194,,,,,,,,,,,,,,,,,2026-09-19,1
hetg8ls19k,movie,"The Day After",,,,"Rental Library",,,"In the mid-1980s, the U.S. is poised on the brink of nuclear war. This shadow looms over the residents of a small town in Kansas as they continue their daily lives. Dr. Russell Oakes maintains his busy schedule at the hospital, Denise Dahlberg prepares for her upcoming wedding, and Stephen Klein is deep in his graduate studies. When the unthinkable happens and the bombs come down, the town's residents are thrust into the horrors of nuclear winter.",,,,"drama, dvd",,null,,,42017274,,,,,,,,,,,,,,,,,2026-09-19,1
9dcya206rp,movie,"The Debt",,,,"Rental Library",,,"Rachel Singer is a former Mossad agent who tried to capture a notorious Nazi war criminal – the Surgeon of Birkenau – in a secret Israeli mission that ended with his death on the streets of East Berlin. Now, 30 years later, a man claiming to be the doctor has surfaced, and Rachel must return to Eastern Europe to uncover the truth. Overwhelmed by haunting memories of her younger self and her two fellow agents, the still-celebrated heroine must relive the trauma of those events and confront the debt she has incurred.",,,,"dvd, thriller",,null,,,39852538,,,,,,,,,,,,,,,,,2026-09-19,1
nxiehax41p,movie,"The Driver",,,,"Rental Library",,,"Young San Francisco ride share driver Guillaume tells all of his passengers that he is homesick for France, but realized he was afraid of flying and feels he cannot return. One passenger, a beautiful woman named Amy, feels bad for Guillaume and offers to become his friend. Soon the two are having an affair and Guillaume, Amy and her boyfriend Mike become entangled in a quarter life crisis. As the three try to figure out what it is they want in life, they are interrupted by a series of strange occurrences that make coming to a decision even harder.",,,,"comedy, dvd",,null,,,40084474,,,,,,,,,,,,,,,,,2026-09-19,1
7f2u6i5hd6,movie,"The Fighter",,,,"Rental Library",,,"Boxer ""Irish"" Micky Ward's unlikely road to the world light welterweight title. His Rocky-like rise was shepherded by half-brother Dicky, a boxer-turned-trainer who rebounded in life after nearly being KO'd by drugs and crime.",,,,"blu-ray, drama",,null,,,90344442,,,,,,,,,,,,,,,,,2026-09-19,1
j7s65rzqlq,movie,"The Flock",,,,"Rental Library",,,"Erroll Babbage has spent his career tracking sex offenders and his unorthodox methods are nearly as brutal as the criminals he monitors. When he links one of his deranged parolees to the disappearance of a local girl, he and his new partner must scour the S&M underground to find her before it's too late.",,,,"dvd, thriller",,null,,,42738170,,,,,,,,,,,,,,,,,2026-09-19,1
u34ir04gnz,movie,"The Fog",,,,"Rental Library",,,"Trapped within an eerie mist, the residents of Antonio Bay have become the unwitting victims of a horrifying vengeance. One hundred years earlier, a ship carrying lepers was purposely lured onto the rocky coastline and sank, drowning all aboard. Now they're back – long-dead mariners who've waited a century for their revenge.",,,,"dvd, horror",,null,,,42565882,,,,,,,,,,,,,,,,,2026-09-19,1
iz50tqvlqm,movie,"The Gathering",,,,"Rental Library",,,"Itinerant traveler Cassie Grant comes out of a car accident in Glastonbury, England, with partial memory loss. The deeply regretful driver allows her to convalesce at a large rural home, where she becomes friends with the woman's stepson, Michael. As Cassie delves into Michael's research about an old, newly discovered area church, it triggers some strange premonitions and offers gradual clues about her deeper links to this British community.",,,,"dvd, horror",,null,,,44534778,,,,,,,,,,,,,,,,,2026-09-19,1
obaj46n0an,movie,"The Icebreaker",,,,"Rental Library",,,"The story is based on the real events of 1985. The team of a Russian polar icebreaker “Mikhail Gromov” discovered a giant iceberg. The ship came into collision while attempting to take cover from the weather and is forced to drift with ice along the Amundsen Sea coast. The crew of “Gromov” spent 133 days of polar night trying to find a way out of their icy trap. They have no room for mistakes; one wrong move and the vessel is crushed by ice.",,,,"dvd, thriller",,null,,,39789562,,,,,,,,,,,,,,,,,2026-09-19,1
ayqslmlpsz,movie,"The Invention of Lying",,,,"Rental Library",,,"Set in a world where the concept of lying doesn't exist, a loser changes his lot when he invents lying and uses it to get ahead.",,,,"comedy, dvd",,null,,,30648314,,,,,,,,,,,,,,,,,2026-09-19,1
e90agsb5u2,movie,"The Jensen Project",,,,"Rental Library",,,"After a sixteen-year absence, married scientists Claire and Matt Thompson reunite with The Jensen Project. The Jensen Project is a secret community of geniuses doing cutting edge research they share anonymously to help the world.",,,,"dvd, sci-fi",,null,,,39066106,,,,,,,,,,,,,,,,,2026-09-19,1
gaklxdibt4,movie,"The Librarian: Quest for the Spear",,,,"Rental Library",,,"When a magical artifact is lifted from his library, a meek librarian sets out to ensure its safe return.",,,,"action, dvd",,null,,,39229946,,,,,,,,,,,,,,,,,2026-09-19,1
6umrptr8dt,movie,"The Man with the Iron Fists",,,,"Rental Library",,,"In feudal China, a blacksmith who makes weapons for a small village is put in the position where he must defend himself and his fellow villagers.",,,,"action, dvd",,null,,,38960378,,,,,,,,,,,,,,,,,2026-09-19,1
dmnwyoiu84,movie,"The Mod Squad",,,,"Rental Library",,,"Three youthful delinquents escape conviction for their crimes by teaming with the LAPD.",,,,"drama, dvd",,null,,,00633594,,,,,,,,,,,,,,,,,2026-09-19,1
w1eo2juisd,movie,"The Mothman Curse",,,,"Rental Library",,,"A supernatural thriller based on the terrifying legend of The Mothman. Rachel and Katy work together in a large, empty museum. But lately, Katy notices sight, disturbing changes in her friend, while a menacing, dark shadow appears to be watching them night after night, drawing them both further into fear and madness. As they investigate deeper, the legend becomes a very real, living nightmare.",,,,"dvd, horror",,null,,,95580922,,,,,,,,,,,,,,,,,2026-09-19,1
bpy7jufcho,movie,"The Newton Boys",,,,"Rental Library",,,"The story of the Newton gang, the most successful bank robbers in history, owing to their good planning and minimal violence.",,,,"drama, dvd",,null,,,45710586,,,,,,,,,,,,,,,,,2026-09-19,1
6umrptl8dt,movie,"The November Man",,,,"Rental Library",,,"An ex-CIA operative is brought back in on a very personal mission and finds himself pitted against his former pupil in a deadly game involving high level CIA officials and the Russian president-elect.",,,,"action, dvd",,null,,,40049146,,,,,,,,,,,,,,,,,2026-09-19,1
8g3xn9hohq,movie,"The Paperboy",,,,"Rental Library",,,"A reporter returns to his Florida hometown to investigate a case involving a death row inmate.",,,,"dvd, thriller",,null,,,30285818,,,,,,,,,,,,,,,,,2026-09-19,1
56dpbfwv9x,movie,"The Perfect Man",,,,"Rental Library",,,"Holly is tired of moving every time her mom Jean breaks up with yet another second-rate guy. To distract her mother from her latest bad choice, Holly conceives the perfect plan for the perfect man, an imaginary secret admirer who will romance Jean and boost her self-esteem.",,,,"dvd, romantic-comedy",,null,,,67576826,,,,,,,,,,,,,,,,,2026-09-19,1
ri1tfkmxoz,movie,"The Phantom of the Opera",,,,"Rental Library",,,"A comedy musical stage version of the Phantom of the Opera, filmed live on-stage during a performance in Florida.",,,,"dvd, musical",,null,,,64202234,,,,,,,,,,,,,,,,,2026-09-19,1
0cpqk8vdcu,movie,"The Pursuit fo Happyness",,,,"Rental Library",,,"The Pursuit of Happyness is a 2006 American biographical drama directed by Gabriele Muccino, starring Will Smith as a homeless salesman struggling to build a better life for himself and his son.",,,,"drama, dvd",,null,,,39623162,,,,,,,,,,,,,,,,,2026-09-19,1
m4x1wb031h,movie,"The Scorpion King 4: Quest for Power",,,,"Rental Library",,,"When he is betrayed by a trusted friend, Mathayus must marshal all his strength and cunning to outwit a formidable opponent who will stop at nothing to unlock a supreme ancient power.",,,,"action, dvd",,null,,,70362106,,,,,,,,,,,,,,,,,2026-09-19,1
ywh2s4ar71,movie,"The Scout",,,,"Rental Library",,,"When his star recruit botches a Major League Baseball debut, humiliated talent scout Al Percolo gets banished to rural Mexico, where he finds a potential gold mine in the arm of young phenom Steve Nebraska. Soon, the New York Yankees put a $55 million contract on the table—provided a psychiatrist can affirm Nebraska's mental stability.",,,,"comedy, dvd",,null,,,38894842,,,,,,,,,,,,,,,,,2026-09-19,1
obaj46t0an,movie,"The Seat Filler",,,,"Rental Library",,,"Derrick is a struggling law student who takes a job as an awards show seat filler to make ends meet. One day, he is seated next to the beautiful pop superstar Jhnelle, who mistakes him for a well-known industry executive. With an instant chemistry, the unlikely pair begin to date.",,,,"comedy, dvd",,null,,,96271098,,,,,,,,,,,,,,,,,2026-09-19,1
cnrhqgummk,movie,"The Secret of Roan Inish (Island of the Seals)",,,,"Rental Library",,,"The Secret of Roan Inish is a 1994 fantasy-adventure film written and directed by John Sayles, based on the novel Secret of the Ron Mor Skerry, about a young girl who uncovers her family's connection to seal-folk on a small Irish island.",,,,"dvd, kids-family",,null,,,95646458,,,,,,,,,,,,,,,,,2026-09-19,1
kq7vzn4ysl,movie,"The Ten",,,,"Rental Library",,,"Ten stories, each inspired by one of the ten commandments.",,,,"comedy, dvd",,null,,,39658490,,,,,,,,,,,,,,,,,2026-09-19,1
prwf7a4no7,movie,"The Thin Red Line",,,,"Rental Library",,,"The story of a group of men, an Army Rifle company called C-for-Charlie, who change, suffer, and ultimately make essential discoveries about themselves during the fierce World War II battle of Guadalcanal. It follows their journey, from the surprise of an unopposed landing, through the bloody and exhausting battles that follow, to the ultimate departure of those who survived.",,,,"drama, dvd",,null,,,43065850,,,,,,,,,,,,,,,,,2026-09-19,1
3kjzimnarj,movie,"The Twiligh Saga: Breaking Dawn Part 1",,,,"Rental Library",,,"The Twilight Saga: Breaking Dawn - Part 1 is a 2011 romantic fantasy film starring Kristen Stewart, Robert Pattinson, and Taylor Lautner, the fourth installment in the Twilight Saga.",,,,"dvd, fantasy",,null,,,01223418,,,,,,,,,,,,,,,,,2026-09-19,1
hetg87f19k,movie,"The War",,,,"Rental Library",,,"The son of a Vietnam War Veteran must deal with neighborhood bullies as well as his dad's post-traumatic stress disorder while growing up in the deep south in the 1970's.",,,,"drama, vhs",,null,,,15452154,,,,,,,,,,,,,,,,,2026-09-19,1
nxiehpj41p,movie,"The Witches Hammer",,,,"Rental Library",,,"On the day of her death a normal woman is transformed into a genetically engineered vampire and trained to kill. She is sent on a mission to stop the Souls of the Damned being unleashed into our dimension.",,,,"dvd, horror",,null,,,39000570,,,,,,,,,,,,,,,,,2026-09-19,1
lsvd9ie7b9,movie,"The Yes Men",,,,"Rental Library",,,"A comic, biting and revelatory documentary following a small group of prankster activists as they gain worldwide notoriety for impersonating the World Trade Organization (WTO) on television and at business conferences around the world.",,,,"documentary, dvd",,null,,,40182778,,,,,,,,,,,,,,,,,2026-09-19,1
7f2u6lvhd6,movie,"Things You Can Tell Just by Looking at Her",,,,"Rental Library",,,"In California, a group of women struggle with personal problems as their paths intertwine in unexpected ways. Dr. Elaine Keener, the sole caretaker for her aging mother, turns to tarot card reader Christine for spiritual aid. Christine grapples with her own angst due to her lover's debilitating illness. Meanwhile, a bank manager deals with an unwanted pregnancy, two sisters pursue romantic interests and a housewife gets back into the dating game.",,,,"drama, dvd",,null,,,02930938,,,,,,,,,,,,,,,,,2026-09-19,1
u34irdkgnz,movie,Thr3e,,,,"Rental Library",,,"Innocent lives hang on the whim of an elusive psychopathic murderer whose strange riddles and impossible timelines force three people into a mission to end the game before one or all of them die.",,,,"dvd, horror",,null,,,95351546,,,,,,,,,,,,,,,,,2026-09-19,1
obaj4840an,movie,"Three Days of Rain",,,,"Rental Library",,,"Six Anton Chekhov short stories set in modern day Cleveland during a three day rain storm.",,,,"drama, dvd",,null,,,73436154,,,,,,,,,,,,,,,,,2026-09-19,1
e90agfc5u2,movie,"Tin Cup / The Lengend of Bagger Vance",,,,"Rental Library",,,"A double feature pairing two golf dramas: Tin Cup (1996) starring Kevin Costner, and The Legend of Bagger Vance (2000) starring Will Smith and Matt Damon.",,,,"drama, dvd",,null,,,31762426,,,,,,,,,,,,,,,,,2026-09-19,1
v8unc5a26q,movie,Topaz,,,,"Rental Library",,,"Copenhagen, Denmark, 1962. When a high-ranking Soviet official decides to change sides, a French intelligence agent is caught up in a cold, silent and bloody spy war in which his own family will play a decisive role.",,,,"thriller, vhs",,null,,,15779834,,,,,,,,,,,,,,,,,2026-09-19,1
fto3usme5y,movie,"Triple Feature: Lone Survivor, Jardhead, Green Zone",,,,"Rental Library",,,"A triple-feature DVD collecting three war and military action films: Lone Survivor (2013), Jarhead (2005), and Green Zone (2010).",,,,"action, dvd",,null,,,95976186,,,,,,,,,,,,,,,,,2026-09-19,1
gaklxulbt4,movie,"Tristan + Isolde",,,,"Rental Library",,,"An affair between the second in line to Britain's throne and the princess of the feuding Irish spells doom for the young lovers.",,,,"drama, dvd",,null,,,43000314,,,,,,,,,,,,,,,,,2026-09-19,1
dmnwy0lu84,movie,"Two Moon Junction",,,,"Rental Library",,,"A young Southern débutante temporarily abandons her posh lifestyle and upcoming, semi-arranged marriage to have a lustful and erotic fling with a rugged drifter who works at a local carnival.",,,,"drama, dvd",,null,,,38869498,,,,,,,,,,,,,,,,,2026-09-19,1
2og4mvrtqt,movie,"Uncle Saddam",,,,"Rental Library",,,"Everything you've ever wanted to know about Saddam Hussein (but were afraid to ask).",,,,"documentary, dvd",,null,,,39131642,,,,,,,,,,,,,,,,,2026-09-19,1
w1eo2qgisd,movie,"Under the Tuscan Sky",,,,"Rental Library",,,"Under the Tuscan Sun is a 2003 romantic comedy-drama starring Diane Lane as a writer who buys a villa in Tuscany after her divorce.",,,,"dvd, romantic-comedy",,null,,,33761274,,,,,,,,,,,,,,,,,2026-09-19,1
qhf8vjgwe4,movie,"Under World",,,,"Rental Library",,,"Stalin and Majeed want to earn quick money through any means possible. However, things take a turn when they cross paths with Padmanabhan and Solomon.",,,,"action, dvd",,null,,,35956730,,,,,,,,,,,,,,,,,2026-09-19,1
6umrp978dt,movie,"USHER: TRUTH TOUR",,,,"Rental Library",,,"The Truth Tour was the second concert tour by American recording artist Usher.",,,,"dvd, musical",,null,,,39361018,,,,,,,,,,,,,,,,,2026-09-19,1
8g3xn61ohq,movie,"USS Poseidon: Phantom Below",,,,"Rental Library",,,"In the cold, dark waters off North Korea a U.S. Navy fast attack submarine meets with a mysterious disaster - it's attacked and nearly sunk by an ominous stealth submarine resulting in the deaths of the Executive Officer and the Engineering Officer.",,,,"action, dvd",,null,,,38771194,,,,,,,,,,,,,,,,,2026-09-19,1
56dpbeiv9x,movie,"Weapons of Death",,,,"Rental Library",,,"When a crime boss sends out his thugs to terrorize an entire city, they do whatever they want, which includes anything from petty theft to robbing the police station in broad daylight. Napoli spara! (internationally released as Weapons of Death and Naples shoots) is a ""poliziottesco"" film directed by Mario Caiano in 1977. It is an unofficial sequel of Napoli violenta, of which reprises the character of Gennarino (still played by Massimo Deda).",,,,"action, dvd",,null,,,42500346,,,,,,,,,,,,,,,,,2026-09-19,1
4jl51ngkbx,movie,"White Wolves a Cry in the Wild II",,,,"Rental Library",,,"A two-week trek through the Cascade Mountains tries the survival instincts of five adventurous teenagers. At first, it's all a good time. Shooting the rapids, exploring caves and making new friends. But when an accident occurs, Mother Nature raises the stakes and challenges the hikers to the greatest test of their young lives.",,,,"dvd, kids-family",,null,,,86567418,,,,,,,,,,,,,,,,,2026-09-19,1
ri1tfy3xoz,movie,"Wicker Park",,,,"Rental Library",,,"Matthew, a young advertising executive in Chicago, puts his life and a business trip to China on hold when he thinks he sees Lisa, the love of his life who left him without a word two years earlier, walking out of a restaurant one day.",,,,"dvd, thriller",,null,,,65185274,,,,,,,,,,,,,,,,,2026-09-19,1
m4x1wcd31h,movie,Windsor,,,,"Rental Library",,,"Six high school seniors and their beloved local hero search for a graceful exit from a struggling small town.",,,,"drama, dvd",,null,,,67642362,,,,,,,,,,,,,,,,,2026-09-19,1
ywh2skpr71,movie,Zookeeper,,,,"Rental Library",,,"Kindhearted Griffin Keyes is one of the best-loved caretakers at the Franklin Park Zoo, but he's more comfortable with the animals than with females of his own species as proven by his failed marriage proposal to the self-absorbed Stephanie several years ago. The animals have listened to Griffin pine over her for years and, after she reappears in his life, they decide to help Griffin rekindle the relationship and become the alpha male she wants him to be. They inadvertently reveal their secret ability to talk and, after Griffin's initial shock, teach him the rules of courtship, animal-style. Surprisingly, the animals' advice really works and Griffin is about to get everything he's ever dreamed of--or is he?",,,,"dvd, kids-family",,null,,,31598586,,,,,,,,,,,,,,,,,2026-09-19,1
obaj4890an,movie,"2 Films: Deadly Drifter, Blood Tide",,,,"Rental Library",,,"A double feature pairing Deadly Drifter with Blood Tide (1982), a horror film starring James Earl Jones about an ancient monster on a Greek island..",,,,"dvd, horror",,null,,,19980794,,,,,,,,,,,,,,,,,2026-09-19,1
cnrhqbgmmk,movie,"7 Soles",,,,"Rental Library",,,"A man called ""The Black"" is hired to smuggle a group of undocumented migrants into the United States. He wants to quit the smuggling business and claims this is his last trip. His superiors, now suspicious, send Gavilan, a younger smuggler, to keep an eye on him. During the troubled crossing, the smugglers fight and eventually lose part of their human cargo. ""The Black"" escapes from his former associates but also needs to ecape from the Border Patrol.",,,,"dvd, horror",,null,,,70888442,,,,,,,,,,,,,,,,,2026-09-19,1
8g3xn66ohq,movie,"A Fathers Choice, Wrangler",,,,"Rental Library",,,"A Father's Choice (2000) is a TV drama starring Peter Strauss and Mary McDonnell, paired here with Wrangler.",,,,"drama, dvd",,null,,,01047802,,,,,,,,,,,,,,,,,2026-09-19,1
kq7vz4kysl,movie,"A Little Trip to Heaven",,,,"Rental Library",,,"Insurance investigator Abraham Holt travels to a tiny town in rural Minnesota to look into a particularly unusual insurance claim stemming from a horrific car accident. As Holt examines the scene of the wreck, it all seems a bit too perfect. And when he interviews Isold Mcbride and her shifty husband, Fred -- the impoverished beneficiaries of the massive, recently initiated life-insurance policy -- he begins to suspect that something is amiss.",,,,"dvd, thriller",,null,,,01211642,,,,,,,,,,,,,,,,,2026-09-19,1
prwf7pkno7,movie,"A Mother's Prayer",,,,"Rental Library",,,"Rosemary Holmstrom is struggling to bring up her son following the death of her husband. When she is diagnosed with AIDS, at first she refuses to believe it, but soon turns her attentions to the problem of what will happen to her son when she dies.",,,,"drama, vhs",,null,,,38862330,,,,,,,,,,,,,,,,,2026-09-19,1
3kjzi34arj,movie,"Adventures in Babysitting (2016)",,,,"Rental Library",,,"Two teen rival babysitters, Jenny and Lola, team up to hunt down one of their kids who accidentally ran away into the big city without any supervision.",,,,"dvd, kids-family",,null,,,77540346,,,,,,,,,,,,,,,,,2026-09-19,1
hetg8he19k,movie,"Alice and Martin",,,,"Rental Library",,,"Martin, the illegitimate son of an industrialist and a hairdresser, was sent to live with his wealthy father in the countryside as a young boy. Alice is a musician living with Martin's half-brother in Paris. When Martin shows up at Alice's door after fleeing his father's home under troubled circumstances, their lives become intertwined.",,,,"drama, vhs",,null,,,41713146,,,,,,,,,,,,,,,,,2026-09-19,1
9dcya9u6rp,movie,"Aliens, Abductions & Extraordinary Sightings",,,,"Rental Library",,,"UFO's 1973 Film takes you inside the Pascagoula Incident, the Charlie Hickson case, the Iran Pilot sighting, the Coyne case, the Jeffery Greenhaw case, and many more from around the world where in this landmark year, the strangest and most mind-bending cases in UFO history occurred.",,,,"documentary, dvd",,null,,,76229626,,,,,,,,,,,,,,,,,2026-09-19,1
lsvd9l57b9,movie,...Almost,,,,"Rental Library",,,"Alex and Erica Boyer are a young couple in crisis. Alex, despite his loving wife, beautiful home and high-paying job, feels trapped. When Erica has an accident that leaves her temporarily confined to a wheelchair and requiring the services of a private nurse, the beautiful Lisa enters the Boyers' lives. A complicated situation develops as Alex sees Lisa as the cure for his own problems as well as his wife's.",,,,"comedy, vhs",,null,,,17318906,,,,,,,,,,,,,,,,,2026-09-19,1
7f2u672hd6,movie,"American Beauty",,,,"Rental Library",,,"Lester Burnham, a depressed suburban father in a mid-life crisis, decides to turn his hectic life around after developing an infatuation with his daughter's attractive friend.",,,,"drama, dvd",,null,,,83615226,,,,,,,,,,,,,,,,,2026-09-19,1
j7s65jfqlq,movie,"An Easter Bunny Puppy",,,,"Rental Library",,,"A Mystery writer is not thrilled when she's assigned to write a children's book, ""An Easter Bunny Puppy."" Out of ideas, she asks her daughter for help. Meanwhile, her dog, RUSS, the narrator of the story, digs up a priceless Faberge egg buried in the woods and takes it home with him, unaware that he's trailing a thief who stole the egg.",,,,"dvd, kids-family",,null,,,38559226,,,,,,,,,,,,,,,,,2026-09-19,1
u34iruygnz,movie,"Angels Don't Sleep Here",,,,"Rental Library",,,"A man is accused of murder and manipulated into a web of deceit as his thought-to-be dead twin brother plots revenge on those who tried to kill him.",,,,"action, vhs",,null,,,08339450,,,,,,,,,,,,,,,,,2026-09-19,1
ayqslahpsz,movie,Annapolis,,,,"Rental Library",,,"Jake Huard, from a shipbuilders family, promised his dying mother he'ld make it to Anapolis Naval Academy. Thanks to tenaciously bugging a Congressman, he's selected despite dubious grades. Once inside, Jake soon proves sub-standard academically. Constantly challenged to his limits, repeatedly made the 'over-cocky' reason for the entire class to suffer, Jake nearly quits, but after facing his utterly un-supportive father's gloating returns just in time. Stubborn Jake finds support withs mates as well as Senor Ali, his lover-to-be, and a discipline he may excel in: the 'brigade' boxing tournament, open to all ranks.",,,,"drama, dvd",,null,,,01375482,,,,,,,,,,,,,,,,,2026-09-19,1
e90agem5u2,movie,Annie,,,,"Rental Library",,,"Things seem pretty bad for a young girl living a ""hard-knock life"" in an orphanage. Fed up with the dastardly Miss Hannigan, Annie escapes the run-down orphanage determined to find her mom and dad. It's an adventure that takes her from the cold, mean streets of New York to the warm, comforting arms of bighearted billionaire Oliver Warbucks - with plenty of mischief and music in between.",,,,"dvd, musical",,null,,,28696058,,,,,,,,,,,,,,,,,2026-09-19,1
v8uncvp26q,movie,"Artificial Inteligence",,,,"Rental Library",,,"David, a robotic boy—the first of his kind programmed to love—is adopted as a test case by a Cybertronics employee and his wife. Though he gradually becomes their child, a series of unexpected circumstances make this life impossible for David.",,,,"dvd, sci-fi",,null,,,86206970,,,,,,,,,,,,,,,,,2026-09-19,1
fto3uf3e5y,movie,"Back in the USSR",,,,"Rental Library",,,"A vacationing American and a sultry Russian thief lead police and smugglers on a deadly chase through Moscow.",,,,"thriller, vhs",,null,,,26724346,,,,,,,,,,,,,,,,,2026-09-19,1
gaklxg7bt4,movie,"Barber Shop 2: Back in Business",,,,"Rental Library",,,"Barbershop 2: Back in Business is a 2004 comedy-drama sequel starring Ice Cube and Cedric the Entertainer, about the impact of gentrification on a Chicago barbershop.",,,,"comedy, dvd",,null,,,83647994,,,,,,,,,,,,,,,,,2026-09-19,1
dmnwyd7u84,movie,"Barclay's Big Adventure",,,,"Rental Library",,,"Barclay's Big Adventure (1998) stars Shelley Long and Jay Thomas in a family comedy about a miniature horse kidnapped for ransom by two bumbling villains.",,,,"dvd, kids-family",,null,,,40066554,,,,,,,,,,,,,,,,,2026-09-19,1
2og4m2xtqt,movie,"Beautiful Girls",,,,"Rental Library",,,"During a snowy winter in the small fictional town of Knight's Ridge, Massachusetts, a group of lifelong buddies hang out, drink and struggle to connect with the women who affect their decisions, dreams and desires.",,,,"comedy, vhs",,null,,,17384442,,,,,,,,,,,,,,,,,2026-09-19,1
qhf8vqbwe4,movie,Betrayed,,,,"Rental Library",,,"An FBI agent posing as a combine driver becomes romantically involved with a Midwest farmer who lives a double life as a white supremacist.",,,,"thriller, vhs",,null,,,26691578,,,,,,,,,,,,,,,,,2026-09-19,1
bpy7jb5cho,movie,"Big Trouble",,,,"Rental Library",,,"The story of how a mysterious suitcase brings together, and changes, the lives of a divorced dad, an unhappy housewife, two hitmen, a pair of street thugs, two love struck teens, two FBI men and a psychedelic toad. Based on Pulitzer Prize-winning humorist Dave Barry's best-selling first novel, ""Big Trouble.""",,,,"comedy, vhs",,null,,,22365178,,,,,,,,,,,,,,,,,2026-09-19,1
6umrp6h8dt,movie,"Big Wish Movie: The Care Bears",,,,"Rental Library",,,"The Care Bears' Big Wish Movie is a 2005 direct-to-video animated musical fantasy film, the fifth Care Bears film.",,,,"dvd, kids-family",,null,,,06516218,,,,,,,,,,,,,,,,,2026-09-19,1
8g3xn8zohq,movie,"Biker Boyz",,,,"Rental Library",,,"A mythic motorcycle tale of father and son, this is the story of Manuel Galloway, also known as ""the King of Cali"", the president of a motorcycle club whose members are all African-American men, mostly white-collar workers who exchange their suits and ties at night and on weekends for leather outfits and motorcycle helmets.",,,,"action, vhs",,null,,,07651322,,,,,,,,,,,,,,,,,2026-09-19,1
56dpb5lv9x,movie,"Billy's Hollywood Screen Kiss",,,,"Rental Library",,,"Billy Collier is a photographer working on a series of pictures featuring recreations of movie kisses, with drag queens playing the female roles. For his male model, he hires Gabriel, a young waiter on whom he has developed a serious crush. While Billy is openly gay, Gabriel says that he is straight and even claims to have a girlfriend. However, as they spend more time together and grow closer, Billy becomes increasingly unsure that this is true.",,,,"comedy, vhs",,null,,,21709818,,,,,,,,,,,,,,,,,2026-09-19,1
ri1tfraxoz,movie,"Black Label Society: The European Invasion, Doom Troopin'",,,,"Rental Library",,,"This DVD contains footage from guitar virtuoso Zakk Wylde's band, Black Label Society, on their 2005 Tour of Europe. Featuring concerts at the Elysee Montmartre in Paris, and the Astoria in London, as well as candid behind the scenes footage.",,,,"dvd, musical",,null,,,00720122,,,,,,,,,,,,,,,,,2026-09-19,1
m4x1wmu31h,movie,"Black Water Abyss",,,,"Rental Library",,,"An adventure-loving couple convince their friends to explore a remote, uncharted cave system in the forests of Northern Australia. With a tropical storm approaching, they abseil into the mouth of the cave, but when the caves start to flood, tensions rise as oxygen levels fall and the friends find themselves trapped. Unknown to them, the storm has also brought in a pack of dangerous and hungry crocodiles.",,,,"dvd, horror",,null,,,83090938,,,,,,,,,,,,,,,,,2026-09-19,1
ywh2synr71,movie,"Black X-Mas",,,,"Rental Library",,,"As the residents of sorority house Pi Kappa Sigma prepare for the festive season, a stranger begins a series of obscene phone calls with dubious intentions...",,,,"dvd, horror",,null,,,72264698,,,,,,,,,,,,,,,,,2026-09-19,1
obaj4o60an,movie,"Blades of Glory",,,,"Rental Library",,,"When a much-publicized ice-skating scandal strips them of their gold medals, two world-class athletes skirt their way back onto the ice via a loophole that allows them to compete together as a pairs team.",,,,"comedy, dvd",,null,,,37871098,,,,,,,,,,,,,,,,,2026-09-19,1
cnrhqcbmmk,movie,"Blazing Saddles",,,,"Rental Library",,,"Crafty railroad worker Bart becomes the first Black sheriff of Rock Ridge, a frontier town about to be destroyed in order to make way for a new railroad. Initially, the citizens of Rock Ridge harbor a racial bias toward their new protector. However, they warm to him after realizing that Bart and his perpetually drunk gunfighter friend Jim are their only defense against a wave of thugs sent to rid the town of its population.",,,,"comedy, vhs",,null,,,20038650,,,,,,,,,,,,,,,,,2026-09-19,1
kq7vsrrysl,movie,"Bob's Big Break",,,,"Rental Library",,,"Dr. Cockroach comes up with a brilliant plan to break themselves out of Area 52 – but to implement the plan, he has to trick B.O.B. into thinking it’s his birthday.",,,,"dvd, kids-family",,null,,,85715450,,,,,,,,,,,,,,,,,2026-09-19,1
t0bka6893y,movie,Boogeyman,,,,"Rental Library",,,"Every culture has one – the horrible monster fueling young children's nightmares. But for Tim, the Boogeyman still lives in his memories as a creature that devoured his father 16 years ago. Is the Boogeyman real, or did Tim make it up to explain why his father abandoned his family?",,,,"dvd, horror",,null,,,04736762,,,,,,,,,,,,,,,,,2026-09-19,1
prwfh4yno7,movie,"Brain Donors",,,,"Rental Library",,,"Three manic idiots—a lawyer, a cab driver and a handyman—team up to run a ballet company to fulfil the will of a millionaire. Stooge-like antics result as the trio try to outwit the rich widow and her scheming big-shot lawyer, who also wants to run the ballet.",,,,"comedy, vhs",,null,,,20333562,,,,,,,,,,,,,,,,,2026-09-19,1
3kjzlpkarj,movie,"Brassed OFF!",,,,"Rental Library",,,"A Yorkshire coal mine is threatened with closure and the only hope is for the men to enter their Grimley Colliery Brass Band into a national competition. They believe they have no hope until Gloria appears carrying her Flugelhorn. At first mocked for being a woman, she soon becomes the only chance for the band to win.",,,,"comedy, vhs",,null,,,16663546,,,,,,,,,,,,,,,,,2026-09-19,1
hetgoz519k,movie,"Breach of Conduct",,,,"Rental Library",,,"Helen attracts the unwanted attention of the commander of her husband's new army base. Colonel Andrew Case arranges to have Helen's husband travel on base business so that he can force Helen to be his new plaything. Helen fights back.",,,,"thriller, vhs",,null,,,27379706,,,,,,,,,,,,,,,,,2026-09-19,1
9dcyp8g6rp,movie,"Breaking Free",,,,"Rental Library",,,"When troubled, cynical teen Rick chooses service at a camp for the blind over serving time, he thinks he's found the easy way out. Instead, it's the way to a new life. Step by step, as Rick helps a blind gymnast rediscover the joys of competition through equestrian show jumping, they begin to take control of the most important journey of all... a journey called life.",,,,"drama, vhs",,null,,,40828410,,,,,,,,,,,,,,,,,2026-09-19,1
nxie1kw41p,movie,"Breaking Loose",,,,"Rental Library",,,"A young man leaves home in search of his fathers backgound in a small country town and gets mixed up with all sorts of weird and wild characters.",,,,"action, vhs",,null,,,13254650,,,,,,,,,,,,,,,,,2026-09-19,1
7f2u81thd6,movie,"Bride of the Wind",,,,"Rental Library",,,"A biopic of Alma Mahler, the wife of composer Gustav Mahler (as well as Walter Gropius and Franz Werfel), and the mistress of Oskar Kokoschka.",,,,"drama, vhs",,null,,,39845370,,,,,,,,,,,,,,,,,2026-09-19,1
u34ixbrgnz,movie,"Bridget Jones: The Edge of Reason",,,,"Rental Library",,,"Bridget Jones is still dating her new love, barrister Mark Darcy, for a perfect six weeks. However, while on assignment in Thailand with her disreputable ex, Daniel Cleaver, claiming to be reformed, Bridget questions if she has everything she's ever dreamed of having.",,,,"dvd, romantic-comedy",,null,,,83385850,,,,,,,,,,,,,,,,,2026-09-19,1
iz50979lqm,movie,"Brotherhood of the Wolf",,,,"Rental Library",,,"In 18th century France, the Chevalier de Fronsac and his Native American friend Mani are sent by the King to the Gevaudan province to investigate the killings of hundreds by a mysterious beast.",,,,"dvd, horror",,null,,,49055994,,,,,,,,,,,,,,,,,2026-09-19,1
obajkdy0an,movie,"Brothers by Blood",,,,"Rental Library",,,"Peter and Michael, raised on the streets of Philadelphia, are the children of Irish mob members, forever linked by the crimes of their fathers. 30 years later, Michael now runs the criminal organization and lusts for more power, his dangerous antics frequently held in check by his cautious cousin Peter. Haunted by the death of his sister, whose passing destroyed both his parents, Peter is caught between the dreams of childhood and the realities of his life as an enforcer. His only reprieve is a local boxing gym, a sanctuary that is quickly threatened as Michael’s desire for control escalates.",,,,"drama, dvd",,null,,,98777338,,,,,,,,,,,,,,,,,2026-09-19,1
ayqs7n1psz,movie,"Buck Rogers in the 25th Century",,,,"Rental Library",,,"Capt. William ""Buck"" Rogers is a jovial space cowboy who is accidentally time-warped from 1987 to 2491. Earth is engaged in interplanetary war following a global holocaust, and Buck's piloting skills make him an ideal starfighter recruit for the Earth Defense Directorate.",,,,"sci-fi, vhs",,null,,,42008058,,,,,,,,,,,,,,,,,2026-09-19,1
v8unmtn26q,movie,"Butch Cassidy and the Sundance Kid",,,,"Rental Library",,,"As the west rapidly becomes civilized, a pair of outlaws in 1890s Wyoming find themselves pursued by a posse and decide to flee to South America in hopes of evading the law.",,,,"action, vhs",,null,,,07585786,,,,,,,,,,,,,,,,,2026-09-19,1
fto3g5ae5y,movie,"Catch a Fire",,,,"Rental Library",,,"The true story of anti-apartheid activists in South Africa, and particularly the life of Patrick Chamusso, a timid foreman at Secunda CTL, the largest synthetic fuel plant in the world. Patrick is wrongly accused, imprisoned and tortured for an attempt to bomb the plant, with the injustice transforming the apolitical worker into a radicalised insurgent, who then carries out his own successful sabotage mission.",,,,"dvd, thriller",,null,,,83582458,,,,,,,,,,,,,,,,,2026-09-19,1
gakljchbt4,movie,"Catherine's Grove",,,,"Rental Library",,,"Undercover cop Doyle is working on a serial killer case that's left a trail of dead transvestites. Then, moonlighting as a private eye, Doyle and his girlfriend are hired by a rich young man to find his sister. The search leads to her mysterious uncle, and the possibility of becoming the killer's next victim.",,,,"thriller, vhs",,null,,,30853114,,,,,,,,,,,,,,,,,2026-09-19,1
dmnwrghu84,movie,"Cats & Dogs",,,,"Rental Library",,,"When a professor develops a vaccine that eliminates human allergies to dogs, he unwittingly upsets the fragile balance of power between cats and dogs and touches off an epic battle for pet supremacy. The fur flies as the feline faction, led by Mr. Tinkles, squares off against wide-eyed puppy Lou and his canine cohorts.",,,,"kids-family, vhs",,null,,,32570874,,,,,,,,,,,,,,,,,2026-09-19,1
2og439jtqt,movie,"Cat's Eye",,,,"Rental Library",,,"Three short stories linked by a stray cat that roams from one tale to the next, in this creepy triptych that begins as Dick tries to quit smoking by any means necessary. Next, we meet Johnny, an adulterous man who's forced by his lover's husband onto a building's hazardous ledge. Finally, Amanda is threatened by an evil gnome who throws suspicion on the family cat.",,,,"horror, vhs",,null,,,42761722,,,,,,,,,,,,,,,,,2026-09-19,1
w1eotlcisd,movie,"Charlie's Angels",,,,"Rental Library",,,"The captivating crime-fighting trio who are masters of disguise, espionage and martial arts are back! When a devious mastermind embroils them in a plot to destroy individual privacy, the Angels, aided by their loyal sidekick Bosley, set out to bring down the bad guys. But when a terrible secret is revealed, it makes the Angels targets for assassination.",,,,"action, vhs",,null,,,14139386,,,,,,,,,,,,,,,,,2026-09-19,1
qhf82icwe4,movie,Clarence,,,,"Rental Library",,,"The title character is a resourceful young man who knows a whole little about a whole lot of things, and who concentrates by playing his saxophone. Clarence ingratiates himself with the wealthy and eccentric Wheeler family, though daughter Cora can't stand the boy.",,,,"kids-family, vhs",,null,,,34373114,,,,,,,,,,,,,,,,,2026-09-19,1
bpy7qmvcho,movie,"Clean Shaven",,,,"Rental Library",,,"Peter Winter is a young schizophrenic who is desperately trying to get his daughter back from her adoptive family. He attempts to function in a world that, for him, is filled with strange voices, electrical noise, disconcerting images, and jarringly sudden emotional shifts. During his quest, he runs afoul of the law and an ongoing murder investigation.",,,,"thriller, vhs",,null,,,29476858,,,,,,,,,,,,,,,,,2026-09-19,1
6umrno18dt,movie,"Clean Slate",,,,"Rental Library",,,"Pogue is a private eye with a problem: every morning when he wakes up, he has total amnesia, waking up with a 'blank slate'. Since he is in the middle of a hot investigation and has a developing romance, this is less than convenient.",,,,"comedy, vhs",,null,,,18072570,,,,,,,,,,,,,,,,,2026-09-19,1
xlz95q3jps,movie,"Coming Home for Christmas",,,,"Rental Library",,,"Lizzie Richfield is at a crossroads when she lands a job as house manager for the exquisite Ashford Estate in the Virginia countryside. While planning one final Christmas Eve gala for the Marley family, Lizzie finds herself drawn to Robert—even as Kip pursues her.",,,,"dvd, holiday",,null,,,82697722,,,,,,,,,,,,,,,,,2026-09-19,1
56dpc27v9x,movie,"Cop and a Half",,,,"Rental Library",,,"When a pint-sized 8-year-old kid witnesses a murder he offers to help the police, if they make him a cop, too. Saddled with this streetwise sidekick, a hardboiled cop is forced to take his new partner seriously as they race the clock to bring the bad guys to justice.",,,,"kids-family, vhs",,null,,,33390074,,,,,,,,,,,,,,,,,2026-09-19,1
4jl5zyckbx,movie,"Corporate Animals",,,,"Rental Library",,,"Disaster strikes when the egotistical CEO of an edible cutlery company leads her long-suffering staff on a corporate team-building trip in New Mexico. Trapped underground, this mismatched and disgruntled group must pull together to survive.",,,,"comedy, dvd",,null,,,01791994,,,,,,,,,,,,,,,,,2026-09-19,1
ri1tejpxoz,movie,"County General",,,,"Rental Library",,,"After he gets an 'F' on his latest assignment, film student Craig needs solid inspiration for his next short film. His girlfriend, Simone, who works at the local county hospital insists that the hospital's quack doctors, sexpot nurses, and hutty patients would be perfect source material for the budding director. Craig then takes a job as a lowly orderly at County General and soon wacky and harrowing hilarity ensues.",,,,"comedy, dvd",,null,,,46369018,,,,,,,,,,,,,,,,,2026-09-19,1
0cpqyu9dcu,movie,"Cruel World",,,,"Rental Library",,,"Following his dismissal from a television reality show, a deranged young man lures a group of beautiful coeds to his abode by telling them they will be the stars of a new show he is creating. What the women do not know is that when they lose their slot on the show, they lose their lives as well.",,,,"dvd, horror",,null,,,31384058,,,,,,,,,,,,,,,,,2026-09-19,1
ywh2fx4r71,movie,"Dance with Me",,,,"Rental Library",,,"Young Cuban Rafael just buried his mother, and comes to Houston to meet his father John for the first time. The difficult part is that John doesn't know he is Rafael's father. John runs a dance studio, and everyone prepares for the World Open Dance championship in Las Vegas. It soon becomes clear Rafael is a very good dancer, and Ruby is the biggest hope for the studio at the championship.",,,,"drama, dvd",,null,,,35839482,,,,,,,,,,,,,,,,,2026-09-19,1
obajkd80an,movie,"Dances with Wolves",,,,"Rental Library",,,"Wounded Civil War soldier John Dunbar tries to commit suicide—and becomes a hero instead. As a reward, he's assigned to his dream post, a remote junction on the Western frontier, and soon makes unlikely friends with the local Sioux tribe.",,,,"action, vhs",,null,,,08994810,,,,,,,,,,,,,,,,,2026-09-19,1
cnrhw3cmmk,movie,"Dangerous Orphans",,,,"Rental Library",,,"Three orphaned boys - O'Malley, Rossi and Moir - become blood brothers. When they grow up, they plot revenge on the crooks who got away with shooting O'Malley's father. The crooks are doing very nicely importing heroin and laundering money. The boys begin by killing one of the crooks, stealing his indentification and cleaning out the guy's Swiss bank account. But their revenge does not stop here... And the American end of the operation is getting very curious.",,,,"thriller, vhs",,null,,,30885882,,,,,,,,,,,,,,,,,2026-09-19,1
8g3x4d0ohq,movie,"Death Trance",,,,"Rental Library",,,"In an unknown place and unknown time, a lone Samurai known only as Grave thirsts for the ultimate battle.",,,,"dvd, fantasy",,null,,,96849658,,,,,,,,,,,,,,,,,2026-09-19,1
kq7vsxxysl,movie,Dinotopia,,,,"Rental Library",,,"After a plane crash strands two brothers on a lost continent where dinosaurs and humans live together in harmony, they disagree over escape plans. (Condensed cut of original mini-series to be a feature length as seen on Peacock).",,,,"dvd, kids-family",,null,,,47712506,,,,,,,,,,,,,,,,,2026-09-19,1
t0bka8o93y,movie,Disturbia,,,,"Rental Library",,,"Kale has a life most teenagers would envy. He spends his days endlessly playing video games, surfing the net, eating junk food and watching cable. He has complete free reign of the house, and a beautiful young hottie named Ashley has just moved in next door. There’s only one problem—he’s not allowed to leave the house. Kale’s under court-ordered house arrest for three months, and if he takes one step beyond a 100-foot perimeter of the house, his next confinement will be in a real prison.",,,,"dvd, thriller",,null,,,82959866,,,,,,,,,,,,,,,,,2026-09-19,1
prwfhkrno7,movie,"Doctor Who: Deep Breath",,,,"Rental Library",,,"The newly-regenerated Doctor arrives in Victorian London, and Clara Oswald struggles to embrace the man he has become. All the while, they reunite with the Paternoster Gang to investigate a series of combustions that have been occurring all around the city.",,,,"dvd, sci-fi",,null,,,74918906,,,,,,,,,,,,,,,,,2026-09-19,1
3kjzlnyarj,movie,"Double Feature: Despicable Me / Despicable Me 2",,,,"Rental Library",,,"A double feature pairing Despicable Me (2010) and Despicable Me 2, the animated comedies about supervillain-turned-dad Gru and his Minions.",,,,"dvd, kids-family",,null,,,03075578,,,,,,,,,,,,,,,,,2026-09-19,1
hetgosv19k,movie,"Double Feature: Hook / The Indian in the Cupboard",,,,"Rental Library",,,"A double feature pairing Hook (1991), Steven Spielberg's fantasy starring Robin Williams as a grown-up Peter Pan, with The Indian in the Cupboard.",,,,"dvd, kids-family",,null,,,01732090,,,,,,,,,,,,,,,,,2026-09-19,1
9dcypob6rp,movie,"Double Feature: Moonligt Sword and Jade Lion, The Boody Fists",,,,"Rental Library",,,"A martial arts double feature: Moonlight Sword / Jade Lion, paired with The Bloody Fists.",,,,"action, dvd",,null,,,08275706,,,,,,,,,,,,,,,,,2026-09-19,1
lsvd6127b9,movie,"Double Feature: The Last Castle, The Peacemaker",,,,"Rental Library",,,"A double feature pairing The Last Castle (2001) starring Robert Redford, with The Peacemaker (1997) starring George Clooney and Nicole Kidman.",,,,"dvd, thriller",,null,,,42732026,,,,,,,,,,,,,,,,,2026-09-19,1
7f2u8z9hd6,movie,"Dr. T & The Women",,,,"Rental Library",,,"A successful Texas gynecologist finds himself amid a bevy of women and their problems – his wife’s breakdown, his daughter's fake marriage, his other daughter’s conspiracy theories, and his secretary’s crush. Craving time for himself, he finds solace in a kind outsider.",,,,"comedy, dvd",,null,,,40721914,,,,,,,,,,,,,,,,,2026-09-19,1
j7s6vi5qlq,movie,Drive,,,,"Rental Library",,,"Driver is a skilled Hollywood stuntman who moonlights as a getaway driver for criminals. Though he projects an icy exterior, lately he's been warming up to a pretty neighbor named Irene and her young son, Benicio. When Irene's husband gets out of jail, he enlists Driver's help in a million-dollar heist. The job goes horribly wrong, and Driver must risk his life to protect Irene and Benicio from the vengeful masterminds behind the robbery.",,,,"action, dvd",,null,,,21062138,,,,,,,,,,,,,,,,,2026-09-19,1
u34ixcxgnz,movie,"Drop Dead Fred",,,,"Rental Library",,,"An unhappy housewife gets a lift from the return of her imaginary childhood friend, Drop Dead Fred.",,,,"kids-family, vhs",,null,,,37617146,,,,,,,,,,,,,,,,,2026-09-19,1
iz509h6lqm,movie,"Duece Bigalo Male Gigolo",,,,"Rental Library",,,"Deuce Bigalow: Male Gigolo is a 1999 sex comedy starring Rob Schneider as a fish tank cleaner who becomes a male prostitute.",,,,"comedy, dvd",,null,,,76884986,,,,,,,,,,,,,,,,,2026-09-19,1
ayqs74zpsz,movie,"Elephant White",,,,"Rental Library",,,"An assassin is hired by a businessman to avenge the murder of his daughter by white slave traders in Thailand.",,,,"action, dvd",,null,,,19882490,,,,,,,,,,,,,,,,,2026-09-19,1
e90ab2a5u2,movie,Emma.,,,,"Rental Library",,,"Emma Woodhouse is a congenial young lady who delights in meddling in other people’s affairs. She is perpetually trying to unite men and women who are utterly wrong for each other. Despite her interest in romance, Emma is clueless about her own feelings, and her relationship with gentle Mr. Knightley.",,,,"drama, dvd",,null,,,01604858,,,,,,,,,,,,,,,,,2026-09-19,1
fto3gvpe5y,movie,"Escape Plan",,,,"Rental Library",,,"Ray Breslin is the world's foremost authority on structural security. After analyzing every high security prison and learning a vast array of survival skills so he can design escape-proof prisons, his skills are put to the test. He's framed and incarcerated in a master prison he designed himself. He needs to escape and find the person who put him behind bars.",,,,"action, dvd",,null,,,78294010,,,,,,,,,,,,,,,,,2026-09-19,1
gakljm1bt4,movie,"Exorcism: The Possession of Gail Bowers",,,,"Rental Library",,,"The film takes place in an undisclosed part of Florida, in which a priest is called upon to help exorcise Gail Bowers, who has come to be possessed by malevolent forces.",,,,"dvd, horror",,null,,,00018170,,,,,,,,,,,,,,,,,2026-09-19,1
6umrn0w8dt,movie,"Family Adventure: White Fang / The Adventures of Black Stallion / Forbidden Territory / Lassie",,,,"Rental Library",,,"Family Adventure Collector's Set combining four classic family films: White Fang, The Adventures of Black Stallion, Forbidden Territory, and Lassie.",,,,"dvd, kids-family",,null,,,03763706,,,,,,,,,,,,,,,,,2026-09-19,1
dmnwrb1u84,movie,"""...First Do No Harm""",,,,"Rental Library",,,"When Lori Reimuller learns that her young son Robbie has epilepsy, she first trusts the judgment of the hospital staff in how best to bring it under control. As Robbie's health slides radically downhill, however, she becomes frustrated and desperate, and so does her own research into the existing literature on treatments. When she decides to try an alternative treatment called the Ketogenic Diet, devised long ago by a doctor from Johns Hopkins, she is met with narrow-minded resistance from Robbie's doctor, who is prepared to take legal action to prevent Lori from removing him from the hospital.",,,,"drama, dvd",,null,,,83353082,,,,,,,,,,,,,,,,,2026-09-19,1
w1eot7misd,movie,Flightplan,,,,"Rental Library",,,"Flying at 40,000 feet in a state-of-the art aircraft that she helped design, Kyle Pratt's 6-year-old daughter Julia vanishes without a trace. Or did she? No one on the plane believes Julia was ever onboard. And now Kyle, desperate and alone, can only count on her own wits to unravel the mystery and save her daughter.",,,,"dvd, thriller",,null,,,41421306,,,,,,,,,,,,,,,,,2026-09-19,1
qhf82lmwe4,movie,"Follow the River",,,,"Rental Library",,,"Mary Ingles is pregnant when she and her two sons are captured from their homestead in Virginia's Blue Ridge Mountains by Shawnee Indians. Her husband, Will, narrowly escapes death during the attack. Impressed by her grace under the pressure of captivity, Wildcat, the Shawnee chief, confers special privileges on Mary and her children, eventually proposing that Mary become his mate. Surprised by her attraction to the handsome brave, Mary nonetheless opts to remain faithful to Will and engineers a plan for her escape. Separated from her children, Mary joins another female settler, and together they embark on a harrowing homeward trek. Her odyssey comes full circle more than a decade later when she is finally reunited with her long-lost children.",,,,"drama, dvd",,null,,,01080570,,,,,,,,,,,,,,,,,2026-09-19,1
6umrn0z8dt,movie,"For Love or Money",,,,"Rental Library",,,"New York concierge Doug Ireland wants to go into business for himself and refurbish a hotel on Roosevelt Island, N.Y., but he needs an investor. With a few weeks left before his option on the site runs out, Doug agrees to help wealthy Christian Hanover conceal his affair with salesgirl Andy Hart from his wife. Despite his own attraction to Andy, Doug tries to stay focused on getting Christian to invest $3 million in his project.",,,,"dvd, romantic-comedy",,null,,,26731002,,,,,,,,,,,,,,,,,2026-09-19,1
8g3x4dfohq,movie,"Fort Bliss",,,,"Rental Library",,,"After returning home from an extended tour in Afghanistan, a decorated U.S. Army medic and single mother struggles to rebuild her relationship with her young son.",,,,"drama, dvd",,null,,,83320314,,,,,,,,,,,,,,,,,2026-09-19,1
xlz95wajps,movie,"Fortress 2 Re-entry",,,,"Rental Library",,,"John Brennick once again finds himself imprisoned, but this time in a new, more sophisticated fortress prison in outer space. But Brennick's not a man to give in easily, and with a 10-year-old son waiting for him back on earth, he's going to pack some serious assault on the evil corporation.",,,,"dvd, sci-fi",,null,,,73575418,,,,,,,,,,,,,,,,,2026-09-19,1
56dpcthv9x,movie,"Ghostbusters 2",,,,"Rental Library",,,"The discovery of a massive river of ectoplasm and a resurgence of spectral activity allows the staff of Ghostbusters to revive the business.",,,,"comedy, dvd",,null,,,86141434,,,,,,,,,,,,,,,,,2026-09-19,1
ri1teqnxoz,movie,"Ginger in the Morning",,,,"Rental Library",,,"A recently divorced Santa Fe architect is surprised to find himself falling in love with a free-spirited young hitchhiker.",,,,"drama, dvd",,null,,,99694842,,,,,,,,,,,,,,,,,2026-09-19,1
0cpqyg6dcu,movie,"Green Zone",,,,"Rental Library",,,"During the U.S.-led occupation of Baghdad in 2003, Chief Warrant Officer Roy Miller and his team of Army inspectors are dispatched to find weapons of mass destruction believed to be stockpiled in the Iraqi desert. Rocketing from one booby-trapped and treacherous site to the next, the men search for deadly chemical agents but stumble instead upon an elaborate cover-up that threatens to invert the purpose of their mission.",,,,"action, dvd",,null,,,01441018,,,,,,,,,,,,,,,,,2026-09-19,1
m4x1ipb31h,movie,"Grindhouse Presents: Planet of Terror",,,,"Rental Library",,,"Planet Terror is a 2007 action zombie comedy directed by Robert Rodriguez, part of the Grindhouse double feature, starring Rose McGowan and Freddy Rodriguez.",,,,"dvd, horror",,null,,,01637626,,,,,,,,,,,,,,,,,2026-09-19,1
ywh2fjkr71,movie,"Gun Powder",,,,"Rental Library",,,"It's 1999 on the hottest day of the year, and an ensemble of teens are engaged in a turf war over their local skate park. However, a circulating mysterious drug threatens to cut their lives viciously short.",,,,"dvd, thriller",,null,,,82894330,,,,,,,,,,,,,,,,,2026-09-19,1
obajkuo0an,movie,Half-Castle,,,,"Rental Library",,,"Half-Caste (also known as The Real Story of Half-Caste) is a 2004 documentary-style horror film about documentary makers searching for a half-man, half-leopard creature in Southern Africa.",,,,"dvd, horror",,null,,,01394426,,,,,,,,,,,,,,,,,2026-09-19,1
8g3x4udohq,movie,"Hamlet 2",,,,"Rental Library",,,"Failed actor-turned-worse-high-school-drama-teacher Dana Marschz rallies his Tucson students as he conceives and stages a politically incorrect musical sequel to Shakespeare's Hamlet.",,,,"comedy, dvd",,null,,,27124218,,,,,,,,,,,,,,,,,2026-09-19,1
kq7vsjjysl,movie,"Hank and Mike",,,,"Rental Library",,,"Two blue-collar Easter Bunnies get fired and try their hand at an assortment of odd jobs, failing at each. Fighting depression, debt and eventually each other, their lives start to unravel until they realize that without their job they are nothing.",,,,"comedy, dvd",,null,,,85780986,,,,,,,,,,,,,,,,,2026-09-19,1
t0bkao093y,movie,"Hart's War",,,,"Rental Library",,,"When Col. William McNamara is stripped of his freedom in a German POW camp, he's determined to keep on fighting even from behind enemy lines. Enlisting the help of a young lieutenant in a brilliant plot against his captors, McNamara risks everything on a mission to free his men and change the outcome of the war.",,,,"drama, dvd",,null,,,49744122,,,,,,,,,,,,,,,,,2026-09-19,1
prwfhyxno7,movie,"Harvie and the Magic Museum",,,,"Rental Library",,,"Harvie is a smart but a bit too lively boy with one ambition, to finish the last level of his computer game. Once in the Gamers Hall of Fame, his absent-minded father, would finally be proud of him. But finishing the game turns out to be only the start of a real adventure that takes Harvie, his dog Jerry, and his friend Monica deep into the forgotten realms of the city's old puppet museum.",,,,"dvd, kids-family",,null,,,19948026,,,,,,,,,,,,,,,,,2026-09-19,1
3kjzl4rarj,movie,"High School Musical Encore Edition",,,,"Rental Library",,,"High School Musical is a 2006 Disney Channel musical starring Zac Efron and Vanessa Hudgens as two students who audition for their school musical.",,,,"dvd, kids-family",,null,,,04484602,,,,,,,,,,,,,,,,,2026-09-19,1
9dcyp0c6rp,movie,Hitman,,,,"Rental Library",,,"A genetically engineered assassin with deadly aim, known only as ""Agent 47"" eliminates strategic targets for a top-secret organization. But when he's double-crossed, the hunter becomes the prey as 47 finds himself in a life-or-death game of international intrigue.",,,,"dvd, thriller",,null,,,42076666,,,,,,,,,,,,,,,,,2026-09-19,1
nxie1rl41p,movie,"Home at Last",,,,"Rental Library",,,"Billy, a streetwise kid from New York City, is sent to Nebraska and is taken in by a Swedish farm family, the Andersons. Initially fearful and resentful, Billy doesn’t fit in, and he clashes with his new family and adoptive father (Frank Converse). Not until a terrible crisis occurs does Billy realize that, for the first time in his life, he truly belongs and is Home At Last.",,,,"drama, dvd",,null,,,83418618,,,,,,,,,,,,,,,,,2026-09-19,1
lsvd6zt7b9,movie,I-Spy,,,,"Rental Library",,,"When the Switchblade, the most sophisticated prototype stealth fighter created yet, is stolen from the U.S. government, one of the United States' top spies, Alex Scott, is called to action. What he doesn't expect is to get teamed up with a cocky civilian, World Class Boxing Champion Kelly Robinson, on a dangerous top secret espionage mission. Their assignment: using equal parts skill and humor, catch Arnold Gundars, one of the world's most successful arms dealers.",,,,"comedy, dvd",,null,,,83516922,,,,,,,,,,,,,,,,,2026-09-19,1
7f2u8s6hd6,movie,"I Still Know What You Did Last Summer",,,,"Rental Library",,,"Ever since killing the Fisherman one year ago, Julie James is still haunted by images of him after her. When her best friend Karla wins free tickets to the Bahamas, Julie finds this a perfect opportunity to finally relax. But someone is waiting for her. Someone who she thought was dead. Someone who is out again for revenge.",,,,"dvd, horror",,null,,,04081402,,,,,,,,,,,,,,,,,2026-09-19,1
j7s6vlvqlq,movie,"Ice Age: Continental Drift",,,,"Rental Library",,,"Manny, Diego, and Sid embark upon another adventure after their continent is set adrift. Using an iceberg as a ship, they encounter sea creatures and battle pirates as they explore a new world.",,,,"dvd, kids-family",,null,,,01076730,,,,,,,,,,,,,,,,,2026-09-19,1
iz50918lqm,movie,"Imaginary Heroes",,,,"Rental Library",,,"Matt Travis is good-looking, popular, and his school's best competitive swimmer, so everyone is shocked when he inexplicably commits suicide. As the following year unfolds, each member of his family struggles to recover from the tragedy with mixed results.",,,,"drama, dvd",,null,,,01506554,,,,,,,,,,,,,,,,,2026-09-19,1
obajkgx0an,movie,Imprint,,,,"Rental Library",,,"An American journalist travels through 19th-century Japan to find the prostitute he fell in love with but instead learns of the physical and existential horror that befell her after he left.",,,,"dvd, horror",,null,,,49023226,,,,,,,,,,,,,,,,,2026-09-19,1
ayqs7kspsz,movie,"In Her Shoes",,,,"Rental Library",,,"Irresponsible party girl Maggie is kicked out of her father's and stepmother's home—where she lives for free—and is taken in by her hard-working sister, Philadelphia lawyer Rose. After Maggie's disruptive ways ruin her sister's love life, Rose turns her out as well. But when their grandmother, who they never knew existed, comes into their lives, the sisters face some complicated truths about themselves and their family.",,,,"comedy, dvd",,null,,,51775738,,,,,,,,,,,,,,,,,2026-09-19,1
e90abtp5u2,movie,"JL Family Ranch",,,,"Rental Library",,,"A veteran rancher and former sheriff, forced to face some federal bureaucracy when an old enemy-cum-millionaire alleges he doesn't actually own his beloved family ranch in a small Texas town.",,,,"drama, dvd",,null,,,82566650,,,,,,,,,,,,,,,,,2026-09-19,1
v8unm6k26q,movie,"Johnny English",,,,"Rental Library",,,"A lowly pencil pusher working for MI7, Johnny English is suddenly promoted to super spy after Agent One is assassinated and every other agent is blown up at his funeral. When a billionaire entrepreneur sponsors the exhibition of the Crown Jewels—and the valuable gems disappear on the opening night and on English's watch—the newly-designated agent must jump into action to find the thief and recover the missing gems.",,,,"dvd, kids-family",,null,,,05795322,,,,,,,,,,,,,,,,,2026-09-19,1
gaklj3zbt4,movie,"Justice League: Gotham City Breakout",,,,"Rental Library",,,"The caped crusader reluctantly agrees to let Batgirl and Nightwing take him on a long overdue vacation from crime-fighting, while Superman and the Justice League watch over Gotham City.",,,,"dvd, kids-family",,null,,,05828090,,,,,,,,,,,,,,,,,2026-09-19,1
2og438wtqt,movie,Kidnap,,,,"Rental Library",,,"A mother (in her Minivan) stops at nothing to recover her kidnapped son.",,,,"dvd, thriller",,null,,,44829178,,,,,,,,,,,,,,,,,2026-09-19,1
w1eoth3isd,movie,"Kingsman: The Secret",,,,"Rental Library",,,"The story of a super-secret spy organization that recruits an unrefined but promising street kid into the agency's ultra-competitive training program just as a global threat emerges from a twisted tech genius.",,,,"action, blu-ray",,null,,,65711098,,,,,,,,,,,,,,,,,2026-09-19,1
qhf8273we4,movie,"Lara Croft: Tomb Raider",,,,"Rental Library",,,"Orphaned heiress, English aristocrat and intrepid archaeologist, Lara Croft, embarks on a dangerous quest to retrieve the two halves of an ancient artifact which controls time before it falls into the wrong hands. As an extremely rare planetary alignment is about to occur for the first time in 5,000 years, the fearless tomb raider will have to team up with rival adventurers and sworn enemies to collect the pieces, while time is running out. But, in the end, who can harness the archaic talisman's unlimited power?",,,,"action, vhs",,null,,,06897658,,,,,,,,,,,,,,,,,2026-09-19,1
bpy7qatcho,movie,"Last Days in the Desert",,,,"Rental Library",,,"On his way out of the wilderness, Jesus struggles with the Devil over the fate of a family in crisis, setting himself up for a dramatic test.",,,,"drama, dvd",,null,,,27319802,,,,,,,,,,,,,,,,,2026-09-19,1
6umrnds8dt,movie,"Last Man Standing",,,,"Rental Library",,,"John Smith is a mysterious stranger who is drawn into a vicious war between two Prohibition-era gangs. In a dangerous game, he switches allegiances from one to another, offering his services to the highest bidder. As the death toll mounts, Smith takes the law into his own hands in a deadly race to stay alive.",,,,"action, dvd",,null,,,46336250,,,,,,,,,,,,,,,,,2026-09-19,1
xlz95ipjps,movie,Lifeform,,,,"Rental Library",,,"When the Viking space capsule suddenly returns to Earth from its long ago trip to Mars, it brings with it an intelligent visitor that is part ""Alien"" and part ""ET"". Encased in armor, it extends a human like form from its shell to examine its surroundings and shows an interest in humans including a soft caress of a female scientist prior to the Army killing it. This only enrages its sibling.",,,,"dvd, sci-fi",,null,,,82501114,,,,,,,,,,,,,,,,,2026-09-19,1
56dpc91v9x,movie,"Live and Let Die",,,,"Rental Library",,,"James Bond must investigate a mysterious murder case of a British agent in New Orleans. Soon he finds himself up against a gangster boss named Mr. Big.",,,,"action, dvd",,null,,,08996602,,,,,,,,,,,,,,,,,2026-09-19,1
ri1tew4xoz,movie,"Lock Out",,,,"Rental Library",,,"Set in the near future, Lockout follows a falsely convicted ex-government agent , whose one chance at obtaining freedom lies in the dangerous mission of rescuing the President's daughter from rioting convicts at an outer space maximum security prison.",,,,"dvd, sci-fi",,null,,,35184122,,,,,,,,,,,,,,,,,2026-09-19,1
0cpqyb8dcu,movie,"Run Lola Run",,,,"Rental Library",,,"Lola receives a phone call from her boyfriend Manni. He lost 100,000 DM in a subway train that belongs to a very bad guy. She has 20 minutes to raise this amount and meet Manni. Otherwise, he will rob a store to get the money. Three different alternatives may happen depending on some minor event along Lola's run.",,,,"action, dvd",,null,,,78949370,,,,,,,,,,,,,,,,,2026-09-19,1
m4x1inc31h,movie,"Lost Voyage",,,,"Rental Library",,,"Twenty five years ago, the SS Corona Queen disappeared in the region known as, ""The Bermuda Triangle"". Now, it has returned. Seven people go on board to learn the truth behind her disappearance but the ship did not return alone...",,,,"dvd, horror",,null,,,86043130,,,,,,,,,,,,,,,,,2026-09-19,1
ywh2fqyr71,movie,"Love Potion #9",,,,"Rental Library",,,"Unlucky in love, chemist Paul Matthews visits gypsy Madame Rosa for help. Quickly realizing he is a hopeless nerd, she gifts him with Love Potion No. 8, which makes anyone who wears it irresistible to the opposite sex for four hours. Paul and animal psychologist coworker Diane Farrow decide to test it on themselves. The awkward pair suddenly find themselves alluring to anyone they approach, but soon realize they are most attracted to each other.",,,,"dvd, romantic-comedy",,null,,,51087610,,,,,,,,,,,,,,,,,2026-09-19,1
obajkbd0an,movie,"Machine Gun Preacher",,,,"Rental Library",,,"The true story of Sam Childers, a former drug-dealing biker who finds God and became a crusader for hundreds of Sudanese children who've been kidnapped and pressed into duty as soldiers.",,,,"action, dvd",,null,,,86108666,,,,,,,,,,,,,,,,,2026-09-19,1
cnrhwnammk,movie,"Magic Mike",,,,"Rental Library",,,"Mike, an experienced stripper, takes a younger performer called The Kid under his wing and schools him in the arts of partying, picking up women, and making easy money.",,,,"comedy, dvd",,null,,,00785658,,,,,,,,,,,,,,,,,2026-09-19,1
kq7vsqqysl,movie,"Makin' Baby",,,,"Rental Library",,,"A man's potential rap career is at odds with his wife's ticking biological clock in this 2002 film from director Paul Wynne. Aaron Spears stars as Michael, a young married man struggling with the idea of becoming a father when fame comes knocking in the form of a hip-hop star impressed with Michael's skills on the mic. Will he choose fame and fortune or the stable life of parenthood? Music star Mystikal makes his acting debut.",,,,"comedy, dvd",,null,,,36527610,,,,,,,,,,,,,,,,,2026-09-19,1
t0bka0d93y,movie,"Marley & Me",,,,"Rental Library",,,"A newly married couple, in the process of starting a family, learn many of life's important lessons from their trouble-loving retriever, Marley. Packed with plenty of laughs to lighten the load, the film explores the highs and lows of marriage, maturity and confronting one's own mortality, as seen through the lens of family life with a dog.",,,,"comedy, dvd",,null,,,85846522,,,,,,,,,,,,,,,,,2026-09-19,1
prwfhrjno7,movie,"Mee-Shee The Water Giant",,,,"Rental Library",,,"A New York City oil company troubleshooter is brought to a remote B.C. lake to look for some lost machinery. Cancelling a trip to Disney World with his son, he decides to bring the boy along. They both end up experiencing more excitement than Mickey could ever conjure in Orlando, when they meet up with bad guys and a legendary creature",,,,"dvd, kids-family",,null,,,05139962,,,,,,,,,,,,,,,,,2026-09-19,1
3kjzlkxarj,movie,"Meet Joe Black",,,,"Rental Library",,,"Bill Parrish has it all - success, wealth and power. Days before his 65th birthday, he receives a visit from a mysterious stranger, Joe Black, who soon reveals himself as Death. In exchange for extra time, Bill agrees to serve as Joe's earthly guide. But will he regret his choice when Joe unexpectedly falls in love with Bill's beautiful daughter Susan?",,,,"drama, dvd",,null,,,34495994,,,,,,,,,,,,,,,,,2026-09-19,1
nxie1x741p,movie,"Memories of Me",,,,"Rental Library",,,"After a heart attack, Abbie Polin (Crystal), a New York doctor, goes to Los Angeles to see his father, Abe (King), who works in Hollywood as the ""king of the extras."" Their relationship has been strained for several years. Lisa, the romantic interest in Abbie's life, bonds with Abe, who gets along famously with everyone but his son. Abe begins having memory loss and eventually is diagnosed with a brain aneurysm. He and his son grow closer in time and, before it's too late, Abbie tries to get Abe a speaking role in a film.",,,,"comedy, vhs",,null,,,21677050,,,,,,,,,,,,,,,,,2026-09-19,1
lsvd6s97b9,movie,"Milltown Pride",,,,"Rental Library",,,"A coming of age story for Will Wright, an enthusiastic baseball player in South Carolina during the 1920s.",,,,"drama, dvd",,null,,,83451386,,,,,,,,,,,,,,,,,2026-09-19,1
j7s6v72qlq,movie,"Miss Firecracker",,,,"Rental Library",,,"Unhappy Carnelle Scott is desperate to escape her reputation as Yazoo City's 'Miss Hot Tamale.' She throws herself into a do-or-die effort to win the Mississippi town's big talent contest, an honor won ten years ago by her older sister and unattainable role model Elain.",,,,"comedy, vhs",,null,,,18727930,,,,,,,,,,,,,,,,,2026-09-19,1
iz509zolqm,movie,"Molly & Gina",,,,"Rental Library",,,"Molly is the former secretary of a murdered private detective. Gina, a budding actress, witnessed the shooting which also killed her boyfriend. Together, they set out to bring the culprits to justice.",,,,"action, vhs",,null,,,08306682,,,,,,,,,,,,,,,,,2026-09-19,1
obajkbj0an,movie,"Monsieur Hire",,,,"Rental Library",,,"A French man spies on a lovely younger woman across the way. When he's spotted by the woman shortly after being questioned by the police about a local murder, the man's simple life becomes more complicated.",,,,"thriller, vhs",,null,,,28788730,,,,,,,,,,,,,,,,,2026-09-19,1
e90ab9n5u2,movie,"Mysterious Island",,,,"Rental Library",,,"It is 1865 and Union prisoners use a military balloon to escape a Southern prison camp near the end of the Civil War. The balloon drifts for days and finally lands on a mysterious volcanic island with very unusual inhabitants. Also landing, in a better aircraft, is Rulu, a visitor from Mercury. She seeks a radio-active material that will enable her to manufacture an explosive that will destroy the world or, at least, the portion known as Earth in this 15 Chapter Serial from the 1950s.",,,,"dvd, fantasy",,null,,,99634938,,,,,,,,,,,,,,,,,2026-09-19,1
v8unm8y26q,movie,"Nazis At The Center of the Earth",,,,"Rental Library",,,"A group of researchers in Antarctica are abducted by a platoon of masked soldiers and dragged into a hidden continent in the center of the Earth. There, they discover that surviving Nazi soldiers are plotting an invasion of Earth to revive the Third Reich.",,,,"dvd, horror",,null,,,47024378,,,,,,,,,,,,,,,,,2026-09-19,1
fto3gt4e5y,movie,"Net Games",,,,"Rental Library",,,"The successful publicist Adam Vance of the SFC is in the middle of a campaign to get an important Japanese client and is needy of sex because his traumatized wife Jennifer Vance was raped one year ago and is totally frigid, refusing to have sex. His close friend and colleague Ray Walters suggests Adam to visit the porn site cyber chat.net, where lonely people have erotic conversation. Adam meets Angel, a luscious woman and hacker while his wife is visiting her rapist in the prison with her therapist as part of her treatment. When Adam decides to finish his virtual affair with Angel, he is chased and blackmailed by the deranged sexy killer.",,,,"dvd, horror",,null,,,04802298,,,,,,,,,,,,,,,,,2026-09-19,1
6umrnul8dt,movie,"Nine Months",,,,"Rental Library",,,"When he finds out his longtime girlfriend is pregnant, a commitment-phobe realizes he might have to change his lifestyle for better or much, much worse.",,,,"dvd, romantic-comedy",,null,,,83549690,,,,,,,,,,,,,,,,,2026-09-19,1
dmnwrmsu84,movie,"No Escape",,,,"Rental Library",,,"In the year 2022, a ruthless prison warden has created the ultimate solution for his most troublesome and violent inmates: Absolom, a secret jungle island where prisoners are abandoned and left to die. But Marine Captain John Robbins, convicted of murdering a commanding officer, is determined to escape the island in order to reveal the truth behind his murderous actions and clear his name.",,,,"action, vhs",,null,,,14499834,,,,,,,,,,,,,,,,,2026-09-19,1
w1eot1aisd,movie,Nomads,,,,"Rental Library",,,"One night, in a Los Angeles hospital, Dr. Flax attends to a seriously injured man who, apparently crazed, whispers mysterious and disconcerting words in French into her ear.",,,,"thriller, vhs",,null,,,28100602,,,,,,,,,,,,,,,,,2026-09-19,1
bpy7qp9cho,movie,"Not of this Earth",,,,"Rental Library",,,"An alien arrives on Earth looking to take human blood in an attempt to preserve his dying planet.",,,,"sci-fi, vhs",,null,,,42728954,,,,,,,,,,,,,,,,,2026-09-19,1
6umrnuf8dt,movie,"Notting Hill",,,,"Rental Library",,,"London bookstore owner William Thacker's quiet life turns upside down when a chance encounter with famous actress Anna Scott sparks an unlikely romance challenged by their vastly different worlds.",,,,"comedy, vhs",,null,,,19383290,,,,,,,,,,,,,,,,,2026-09-19,1
xlz95lnjps,movie,"Original Sin",,,,"Rental Library",,,"A young man is plunged into a life of subterfuge, deceit and mistaken identity in pursuit of a femme fatale whose heart is never quite within his grasp.",,,,"drama, dvd",,null,,,83287546,,,,,,,,,,,,,,,,,2026-09-19,1
4jl5zjakbx,movie,Paranoid,,,,"Rental Library",,,"Chloe Keane is an stressed American fashion model living in London who is about to have the worst weekend of her life. She and her boyfriend are invited to attend a party at the house of a former rock-star named Stan and his weird family who live in the countryside. Chloe awakes the next morning only to find her boyfriend has abandoned her at Stan's house and she has been drugged and handcuffed to the bed.",,,,"dvd, horror",,null,,,03954682,,,,,,,,,,,,,,,,,2026-09-19,1
ri1teikxoz,movie,Paulie,,,,"Rental Library",,,"Paulie, a talking parrot, recounts his travels looking for his original owner to a Russian janitor who helps him to the end of his journey.",,,,"kids-family, vhs",,null,,,35618298,,,,,,,,,,,,,,,,,2026-09-19,1
m4x1i4m31h,movie,"Poison Friends",,,,"Rental Library",,,"A group of college students are duped by a charming pathological liar.",,,,"dvd, foreign",,null,,,30695930,,,,,,,,,,,,,,,,,2026-09-19,1
obajkcu0an,movie,"Police Story",,,,"Rental Library",,,"Officer Chan Ka Kui manages to put a major Hong Kong drug dealer behind the bars practically alone, after a shooting and an impressive chase inside a slum. Now, he must protect the boss' secretary, Selina, who will testify against the gangster in court.",,,,"action, dvd",,null,,,85944826,,,,,,,,,,,,,,,,,2026-09-19,1
8g3x4bgohq,movie,"Prince of Persia",,,,"Rental Library",,,"A rogue prince reluctantly joins forces with a mysterious princess and together, they race against dark forces to safeguard an ancient dagger capable of releasing the Sands of Time – gift from the gods that can reverse time and allow its possessor to rule the world.",,,,"action, dvd",,null,,,30858746,,,,,,,,,,,,,,,,,2026-09-19,1
kq7vswwysl,movie,"Professor and the Madman",,,,"Rental Library",,,"Professor James Murray begins work compiling words for the first edition of the Oxford English Dictionary in the mid 19th century, and receives over 10,000 entries from a patient at Broadmoor Criminal Lunatic Asylum, Dr. William Minor.",,,,"drama, dvd",,null,,,98973946,,,,,,,,,,,,,,,,,2026-09-19,1
t0bkadu93y,movie,"Pros & Cons",,,,"Rental Library",,,"Framed for crimes they didn't commit, two small-timers are headed up the river without a paddle. Now, the only thing that can bail them out is a case of mistaken identity. It's the hysterical prison comedy that's so funny, it's criminal!",,,,"comedy, vhs",,null,,,21021690,,,,,,,,,,,,,,,,,2026-09-19,1
3kjzlyjarj,movie,"Railroad Tigers",,,,"Rental Library",,,"A railroad worker in China in 1941 leads a team of freedom fighters against the Japanese in order to get food for the poor.",,,,"comedy, dvd",,null,,,37182970,,,,,,,,,,,,,,,,,2026-09-19,1
9dcypu36rp,movie,Rogue,,,,"Rental Library",,,"When a group of tourists stumble into the remote Australian river territory of an enormous crocodile, the deadly creature traps them on a tiny mud island with the tide quickly rising and darkness descending. As the hungry predator closes in, they must fight for survival against all odds.",,,,"dvd, thriller",,null,,,43485690,,,,,,,,,,,,,,,,,2026-09-19,1
lsvd6f67b9,movie,"Role Models",,,,"Rental Library",,,"Two salesmen trash a company truck on an energy drink-fueled bender. Upon their arrest, the court gives them a choice: do hard time or spend 150 service hours with a mentorship program. After one day with the kids, however, jail doesn't look half bad.",,,,"comedy, dvd",,null,,,03266554,,,,,,,,,,,,,,,,,2026-09-19,1
7f2u8eohd6,movie,"Run Fatboy Run",,,,"Rental Library",,,"Five years after jilting his pregnant fiancée on their wedding day, out-of-shape Dennis decides to run a marathon to win her back.",,,,"comedy, dvd",,null,,,24764922,,,,,,,,,,,,,,,,,2026-09-19,1
iz509s0lqm,movie,"Saw: The Final Chapter",,,,"Rental Library",,,"As a deadly battle rages over Jigsaw's brutal legacy, a group of Jigsaw survivors gathers to seek the support of self-help guru and fellow survivor Bobby Dagen, a man whose own dark secrets unleash a new wave of terror.",,,,"dvd, horror",,null,,,01408250,,,,,,,,,,,,,,,,,2026-09-19,1
obajkcq0an,movie,"Scary Stories",,,,"Rental Library",,,"A documentary about children's horror classic Scary Stories to Tell in the Dark. It includes the author's family, scholars, folklorists, artists, and children's book authors such as R.L. Stine, Q.L. Pearce, and more.",,,,"dvd, horror",,null,,,00706298,,,,,,,,,,,,,,,,,2026-09-19,1
ayqs7repsz,movie,"See No Evil",,,,"Rental Library",,,"A group of delinquents are sent to clean the Blackwell Hotel but little do they know reclusive psychopath Jacob Goodnight has holed away in the rotting hotel. When one of the teens is captured, those who remain band together to survive against the brutal killer.",,,,"dvd, horror",,null,,,03393274,,,,,,,,,,,,,,,,,2026-09-19,1
v8unmor26q,movie,"Send It!",,,,"Rental Library",,,"An extreme sportsman's life forever changes upon departing his simple Texas roots to compete in the world's most prestigious Kiteboarding Championship. Along the way, an edgy street-smart girl challenges him well beyond just kiting.",,,,"comedy, dvd",,null,,,01103866,,,,,,,,,,,,,,,,,2026-09-19,1
fto3g9ke5y,movie,"Sense and Sensibility",,,,"Rental Library",,,"The Dashwood sisters, sensible Elinor and passionate Marianne, learn that their prospects of marriage seem doomed by their family's sudden loss of fortune. After Henry Dashwood dies unexpectedly, his estate must pass on by law to his son. These circumstances leave Mr. Dashwood's wife and daughters without a home and with barely enough money to live on. As Elinor and Marianne struggle to find romantic fulfillment in a society obsessed with financial and social status, they must learn to mix sense with sensibility in their dealings with both money and men.",,,,"drama, dvd",,null,,,34528762,,,,,,,,,,,,,,,,,2026-09-19,1
gakljpfbt4,movie,"Shanghai Nights",,,,"Rental Library",,,"Shanghai Knights is a 2003 martial arts action comedy starring Jackie Chan and Owen Wilson, the sequel to Shanghai Noon.",,,,"comedy, dvd",,null,,,23454202,,,,,,,,,,,,,,,,,2026-09-19,1
dmnwr3fu84,movie,Snitch,,,,"Rental Library",,,"Construction company owner John Matthews learns that his estranged son, Jason, has been arrested for drug trafficking. Facing an unjust prison sentence for a first time offender courtesy of mandatory minimum sentence laws, Jason has nothing to offer for leniency in good conscience. Desperately, John convinces the DEA and the opportunistic DA Joanne Keeghan to let him go undercover to help make arrests big enough to free his son in return. With the unwitting help of an ex-con employee, John enters the narcotics underworld where every move could be his last in an operation that will demand all his resources, wits and courage to survive.",,,,"dvd, thriller",,null,,,20013562,,,,,,,,,,,,,,,,,2026-09-19,1
qhf821pwe4,movie,"Snow / Snow 2 Brain Freeze",,,,"Rental Library",,,"When Nick gets amnesia, it's up to Sandy and Buddy the reindeer to save him and Christmas.",,,,"dvd, holiday",,null,,,28990970,,,,,,,,,,,,,,,,,2026-09-19,1
bpy7qn6cho,movie,Southie,,,,"Rental Library",,,"South Boston Irish bad boy Danny Quinn returns back home from New York and gets stuck between his pals, who are supported by one Irish mafia clan, and his family, which are members of another.",,,,"thriller, vhs",,null,,,28133370,,,,,,,,,,,,,,,,,2026-09-19,1
6umrnge8dt,movie,"Spirit of the Eagle",,,,"Rental Library",,,"A frontier mapmaker, apart from his son for one year, renews his bond with him and then heads into the deep woods to make maps together. But when his son is kidnapped, his new mission is to find him and exact revenge on those who took him and sold him to an Indian tribe.",,,,"drama, dvd",,null,,,83058170,,,,,,,,,,,,,,,,,2026-09-19,1
8g3x4bvohq,movie,"Spy Kids 2",,,,"Rental Library",,,"Exploring the further adventures of Carmen and Juni Cortez, who have now joined the family spy business as Level 2 OSS agents. Their new mission is to save the world from a mad scientist living on a volcanic island populated by an imaginative menagerie of creatures. On this bizarre island, none of the Cortez's gadgets work and they must rely on their wits--and each other--to survive and save the day.",,,,"dvd, kids-family",,null,,,06483450,,,,,,,,,,,,,,,,,2026-09-19,1
4jl5zqpkbx,movie,"Stone Cold",,,,"Rental Library",,,"Jesse Stone is a former L.A. homicide detective who left behind the big city and an ex-wife to become the police chief of the quiet New England fishing town of Paradise. Stone's old habits die hard as he continues to indulge his two favorite things: Scotch whiskey and women. After a series of murders, the first ever in Paradise, and a high school girl is raped he's forced to face his own demons in order to solve the crimes.",,,,"dvd, thriller",,null,,,42764794,,,,,,,,,,,,,,,,,2026-09-19,1
ri1telyxoz,movie,Stonebrook,,,,"Rental Library",,,"Seth Green and Brad Rowe star in this drama as a pair of college students who come up with a plan to cheat an underworld syndicate at their own game. However, their ambition outstrips their street smarts, and they soon find themselves on the wrong end of their own con game.",,,,"dvd, thriller",,null,,,35872250,,,,,,,,,,,,,,,,,2026-09-19,1
0cpqym0dcu,movie,"Stonehenge Apolcalypse",,,,"Rental Library",,,"Stonehenge Apocalypse is a 2010 made-for-TV science fiction film starring Misha Collins, about a series of disasters mysteriously connected to Stonehenge.",,,,"action, dvd",,null,,,07554810,,,,,,,,,,,,,,,,,2026-09-19,1
m4x1iya31h,movie,"Super Miss",,,,"Rental Library",,,"Josje, a primary school teacher, is a secret super hero saving animals: Superteacher. When animals of a zoo are in danger she has to choose: rescue them or run.",,,,"dvd, kids-family",,null,,,19718650,,,,,,,,,,,,,,,,,2026-09-19,1
cnrhwknmmk,movie,"Swing Kids",,,,"Rental Library",,,"The story of a close-knit group of young kids in Nazi Germany who listen to banned swing music from the US. Soon dancing and fun leads to more difficult choices as the Nazis begin tightening the grip on Germany. Each member of the group is forced to face some tough choices about right, wrong, and survival.",,,,"drama, dvd",,null,,,51808506,,,,,,,,,,,,,,,,,2026-09-19,1
kq7vsiiysl,movie,"Taking Lives",,,,"Rental Library",,,"Recruited to assist Montreal police in their desperate search for a serial killer who assumes the identities of his victims, FBI profiler Illeana Scott knows it's only a matter of time before the killer strikes again. Her most promising lead is a museum employee who might be the killer's only eyewitness.",,,,"dvd, thriller",,null,,,45517306,,,,,,,,,,,,,,,,,2026-09-19,1
t0bkaug93y,movie,"Terminator 2: Judgement Day",,,,"Rental Library",,,"Ten years after the events of the original, a reprogrammed T-800 is sent back in time to protect young John Connor from the shape-shifting T-1000. Together with his mother Sarah, he fights to stop Skynet from triggering a nuclear apocalypse.",,,,"dvd, sci-fi",,null,,,75574266,,,,,,,,,,,,,,,,,2026-09-19,1
3kjzlrqarj,movie,"The Baby Bot Chase: Rolie Polie Olie",,,,"Rental Library",,,"An ill-fated attempt to capture a wishing star as a gift for their parents leads Rolie and Zowie into a musical outer space venture that brings a pair of lost twins into their lives in the multicolored robotic family's second feature-length outing. The baby bots have inadvertently left their dwelling, a fantasy foster home more akin to amusement park than institution. When Rolie and Zowie bring the misplaced babies back to their home planet, Mom and Dad are willing to give up the Family Fun Day Parade in order to track down the ""mothership."" The intergalactic road trip results in the discovery that the infants need a good adoptive home. The parents offer verbal agreement (no red tape or exorbitant fees here!) and it's back home in time for the parade in this sweetly unjaded 68-minute movie from the folks at Disney Playhouse. (Ages 2 to 7) --Kimberly Heinrichs",,,,"dvd, kids-family",,null,,,02420218,,,,,,,,,,,,,,,,,2026-09-19,1
hetgov619k,movie,"The Banger Sisters",,,,"Rental Library",,,"In the late '60s, the self-proclaimed belles of the rock 'n' roll ball, rocked the worlds of every music legend whose pants they could take off -- and they have the pictures to prove it. But it's been more than two decades since the Banger Sisters earned their nickname -- or even laid eyes on each other. Their reunion is the collision of two women's worlds; one who's living in the past, and one who's hiding from it. Together they learn to live in the moment.",,,,"comedy, vhs",,null,,,22529018,,,,,,,,,,,,,,,,,2026-09-19,1
lsvd6e87b9,movie,"The Beautitian and the Beast",,,,"Rental Library",,,"The Beautician and the Beast is a 1997 romantic comedy starring Fran Drescher as a New York beautician hired to tutor the children of an Eastern European dictator, played by Timothy Dalton.",,,,"kids-family, vhs",,null,,,36634106,,,,,,,,,,,,,,,,,2026-09-19,1
7f2u850hd6,movie,"The Big Lebowski",,,,"Rental Library",,,"Jeffrey 'The Dude' Lebowski, a Los Angeles slacker who only wants to bowl and drink White Russians, is mistaken for another Jeffrey Lebowski, a wheelchair-bound millionaire, and finds himself dragged into a strange series of events involving nihilists, adult film producers, ferrets, errant toes, and large sums of money.",,,,"comedy, dvd",,null,,,85879290,,,,,,,,,,,,,,,,,2026-09-19,1
j7s6v19qlq,movie,"The Body",,,,"Rental Library",,,"An ancient skeleton has been discovered in Jerusalem in a rich man's tomb. Colouration of the wrist and leg bones indicates the cause of death was crucifiction. other signs, include a gold coin bearing the marks of Pontius Pilate and faint markings around the skull, lead authorities to suspect that these could be the bones of Jesus Christ. Politicians, clerics, religious extremists and those using terror as a means to an end, find their beliefs and identities tested while risking their lives to unearth the truth.....",,,,"thriller, vhs",,null,,,30197754,,,,,,,,,,,,,,,,,2026-09-19,1
u34ixpignz,movie,"The Breed",,,,"Rental Library",,,"Brothers John and Matt have inherited an island cabin from their recently deceased uncle. Along with Matt's girlfriend, Nicki, and other mutual friends, the siblings travel to the cabin for a relaxing weekend getaway. But, not long after arriving, the group is besieged by ravenous dogs. They watch in horror as another vacationer, Luke, is eaten alive. Soon, they discover a training facility where the dogs have been bred to kill.",,,,"dvd, horror",,null,,,70855674,,,,,,,,,,,,,,,,,2026-09-19,1
obajkmw0an,movie,"The Day the Earth Stood Still",,,,"Rental Library",,,"A representative of an alien race that went through drastic evolution to survive its own climate change, Klaatu comes to Earth to assess whether humanity can prevent the environmental damage they have inflicted on their own planet. When barred from speaking to the United Nations, he decides humankind shall be exterminated so the planet can survive.",,,,"dvd, sci-fi",,null,,,74230778,,,,,,,,,,,,,,,,,2026-09-19,1
e90ab8k5u2,movie,"The Gateway",,,,"Rental Library",,,"A particle physicist grieving over the loss of her husband in a car crash uses a revolutionary machine to bring him back, with dire consequences for her family.",,,,"dvd, thriller",,null,,,43452922,,,,,,,,,,,,,,,,,2026-09-19,1
v8unm0x26q,movie,"The Good Doctor",,,,"Rental Library",,,"Dr. Martin Blake, who has spent his life looking for respect, meets an 18-year-old patient named Diane, suffering from a kidney infection, and gets a much-needed boost of self-esteem. However, when her health starts improving, Martin fears losing her, so he begins tampering with her treatment, keeping Diane sick and in the hospital right next to him.",,,,"drama, dvd",,null,,,21422586,,,,,,,,,,,,,,,,,2026-09-19,1
fto3g6ye5y,movie,"The Guardian",,,,"Rental Library",,,"A high school swim champion with a troubled past enrolls in the U.S. Coast Guard's 'A' School, where legendary rescue swimmer Ben Randall teaches him some hard lessons about loss, love, and self-sacrifice.",,,,"action, dvd",,null,,,00818426,,,,,,,,,,,,,,,,,2026-09-19,1
gakljnebt4,movie,"The Theory of Everything",,,,"Rental Library",,,"Once a healthy, active young man, Hawking received an earth-shattering diagnosis at 21 years of age. With Jane fighting tirelessly by his side, Stephen embarks on his most ambitious scientific work, studying the very thing he now has precious little of – time.",,,,"blu-ray, drama",,null,,,67873786,,,,,,,,,,,,,,,,,2026-09-19,1
qhf82znwe4,movie,"The Italian Job",,,,"Rental Library",,,"Charlie Croker pulled off the crime of a lifetime. The one thing that he didn't plan on was being double-crossed. Along with a drop-dead gorgeous safecracker, Croker and his team take off to re-steal the loot and end up in a pulse-pounding, pedal-to-the-metal chase that careens up, down, above and below the streets of Los Angeles.",,,,"action, dvd",,null,,,85453306,,,,,,,,,,,,,,,,,2026-09-19,1
bpy7q48cho,movie,"The Last King of Scotland",,,,"Rental Library",,,"Young Scottish doctor, Nicholas Garrigan decides it's time for an adventure after he finishes his formal education, so he decides to try his luck in Uganda, and arrives during the downfall of President Obote. General Idi Amin comes to power and asks Garrigan to become his personal doctor.",,,,"drama, dvd",,null,,,00752890,,,,,,,,,,,,,,,,,2026-09-19,1
6umrnb58dt,movie,"The Magic Sword",,,,"Rental Library",,,"The son of a sorceress, armed with weapons, armour and six magically summoned knights, goes on a quest to save a princess from a vengeful wizard.",,,,"dvd, fantasy",,null,,,97636090,,,,,,,,,,,,,,,,,2026-09-19,1
8g3x4c2ohq,movie,"The Mysterious Island",,,,"Rental Library",,,"March 23rd, 1885. Fighting rages in the city and the southerners gain ground. Meanwhile, five northern prisoners, accompanied by their dog Tob, manage to escape. In their escape from the enemy, they had no choice but to board a hot air balloon to survive the chaos of the terrain. It is then that the flying machine will take them to a mysterious place, perhaps even more dangerous than the war itself...",,,,"dvd, kids-family",,null,,,50399482,,,,,,,,,,,,,,,,,2026-09-19,1
xlz95hkjps,movie,"The Phildelphia Experiment",,,,"Rental Library",,,"The Philadelphia Experiment is a 1984 science fiction film starring Michael Pare, about two sailors thrown forward in time from 1943 to 1984 during a naval experiment gone wrong.",,,,"blu-ray, sci-fi",,null,,,19489274,,,,,,,,,,,,,,,,,2026-09-19,1
4jl5zwnkbx,movie,"The Pyramid",,,,"Rental Library",,,"An archaeological team attempt to unlock the secrets of a lost pyramid only to find themselves hunted by an insidious creature.",,,,"dvd, horror",,null,,,71543802,,,,,,,,,,,,,,,,,2026-09-19,1
ri1te7rxoz,movie,"The Scorpion King 2",,,,"Rental Library",,,"The heroic tale of young Mathayus and his relentless quest for justice against an evil and powerful villain, King Sargon. Mathayus faces heart-stopping tribulations during his adventurous, odds-defying trajectory toward his ultimate destiny: becoming the formidable warrior king of an ancient desert empire.",,,,"action, dvd",,null,,,06244090,,,,,,,,,,,,,,,,,2026-09-19,1
0cpqyaudcu,movie,"The Scorpion King",,,,"Rental Library",,,"In ancient Egypt, peasant Mathayus is hired to exact revenge on the powerful Memnon and the sorceress Cassandra, who are ready to overtake Balthazar's village. Amid betrayals, thieves, abductions and more, Mathayus strives to bring justice to his complicated world.",,,,"action, dvd",,null,,,06899450,,,,,,,,,,,,,,,,,2026-09-19,1
m4x1irp31h,movie,"The Squeeze",,,,"Rental Library",,,"Harry Berg is both a con artist and an actual artist -- he constructs large sculptures out of television sets -- but he is not particularly successful in either role. He owes some money, which gets him involved with Rachel Dobs, a police detective who works with a collection agency. When Harry comes into possession of a strange parcel, both the con man and the detective find themselves wrapped up in a sinister corporate plot to fix the lottery.",,,,"comedy, vhs",,null,,,18039802,,,,,,,,,,,,,,,,,2026-09-19,1
ywh2f7qr71,movie,"The Toy",,,,"Rental Library",,,"On one of his bratty son Eric's annual visits, the plutocrat U.S. Bates takes him to his department store and offers him anything in it as a gift. Eric chooses a black janitor who has made him laugh with his antics. At first the man suffers many indignities as Eric's ""toy"", but gradually teaches the lonely boy what it is like to have and to be a friend.",,,,"comedy, dvd",,null,,,01824762,,,,,,,,,,,,,,,,,2026-09-19,1
obajk3b0an,movie,"They Come to America II",,,,"Rental Library",,,"They Come to America II: The Cost of Amnesty (2013) is a documentary directed by Dennis M. Lynch examining the impact of immigration amnesty, featuring Rudy Giuliani.",,,,"documentary, dvd",,null,,,00654586,,,,,,,,,,,,,,,,,2026-09-19,1
8g3x4mcohq,movie,"Three Men and a Baby",,,,"Rental Library",,,"Remake of the 1987 film that put three bachelors in charge of a baby left by the girlfriend of one of them.",,,,"kids-family, vhs",,null,,,35257850,,,,,,,,,,,,,,,,,2026-09-19,1
kq7vsllysl,movie,"Tracks of a Killer",,,,"Rental Library",,,"Business mogul David Hawkner and his wife are enjoying a quiet vacation by themselves at their isolated retreat. The serenity is broken when they become the targets of a handsome, crazed killer.",,,,"thriller, vhs",,null,,,29542394,,,,,,,,,,,,,,,,,2026-09-19,1
t0bkagb93y,movie,"Trading Hearts",,,,"Rental Library",,,"A baseball-loving small girl decides to hook up her favorite down-on-his-luck baseball player and her mom, a down-on-her-luck lounge singer. Then her controlling rich granddad tries to force her mother to send the girl to live with him.",,,,"comedy, vhs",,null,,,20366330,,,,,,,,,,,,,,,,,2026-09-19,1
prwfhqino7,movie,Untraceable,,,,"Rental Library",,,"Special Agent Jennifer Marsh works in an elite division of the FBI dedicated to fighting cybercrime. She thinks she has seen it all, until a particularly sadistic criminal arises on the Internet. This tech-savvy killer posts live feeds of his crimes on his website; the more hits the site gets, the faster the victim dies. Marsh and her team must find the elusive killer before time runs out.",,,,"dvd, thriller",,null,,,82533882,,,,,,,,,,,,,,,,,2026-09-19,1
3kjzlxwarj,movie,"Van Helsing",,,,"Rental Library",,,"Famed monster slayer Gabriel Van Helsing is dispatched to Transylvania to assist the last of the Valerious bloodline in defeating Count Dracula. Anna Valerious reveals that Dracula has formed an unholy alliance with Dr. Frankenstein's monster and is hell-bent on exacting a centuries-old curse on her family.",,,,"action, dvd",,null,,,48367866,,,,,,,,,,,,,,,,,2026-09-19,1
hetgo2819k,movie,Volcano,,,,"Rental Library",,,"An earthquake shatters a peaceful Los Angeles morning and opens a fissure deep into the earth, causing lava to start bubbling up. As a volcano begins forming in the La Brea Tar Pits, the director of the city's emergency management service, working with a geologist, must then use every resource in the city to try and stop the volcano from consuming LA.",,,,"action, dvd",,null,,,07587578,,,,,,,,,,,,,,,,,2026-09-19,1
9dcypbp6rp,movie,"Walking Tall",,,,"Rental Library",,,"A former U.S. soldier returns to his hometown to find it overrun by crime and corruption, which prompts him to clean house.",,,,"action, dvd",,null,,,40033786,,,,,,,,,,,,,,,,,2026-09-19,1
nxie1wz41p,movie,"Warning Shot",,,,"Rental Library",,,"Hounded by the press for shooting a doctor, an ousted Los Angeles policeman works his own case.",,,,"dvd, thriller",,null,,,01244410,,,,,,,,,,,,,,,,,2026-09-19,1
lsvd65o7b9,movie,Wasteland,,,,"Rental Library",,,"Wasteland is set in a world ravaged by a deadly virus and within that world is Scott Miller, a man who, against the odds, is trying to carve out some sort of life. The deadly infection that has ravaged the globe has almost totally wiped out the human race and Scott must spend his days finding water, food etc. Whilst trying to find uninfected people by radio, he must also avoid the many dangers that lurk in the outside world, while he waits for the return of the love of his life, Beth.",,,,"dvd, horror",,null,,,68561914,,,,,,,,,,,,,,,,,2026-09-19,1
j7s6vz6qlq,movie,"What Just Happened?",,,,"Rental Library",,,"During the course of an ordinary week in Hollywood, movie producer Ben must navigate his way through shark-infested waters as he struggles to complete his latest projects. A demanding studio boss demands extensive changes to a movie starring Sean Penn, while another chief won't greenlight a project unless star Bruce Willis shaves his beard. Meanwhile, Ben tries to reconcile with his wife and maintain a relationship with his young daughter.",,,,"comedy, dvd",,null,,,00982266,,,,,,,,,,,,,,,,,2026-09-19,1
u34ixnlgnz,movie,"What's Your Number?",,,,"Rental Library",,,"Ally Darling is realizing she's a little lost in life. Her latest romance has just fizzled out, and she's just been fired from her marketing job. Then she reads an eye-opening magazine article that warns that 96 percent of women who've been with 20 or more lovers are unlikely to find a husband. Determined to turn her life around and prove the article wrong, Ally embarks on a mission to find the perfect mate from among her numerous ex-boyfriends.",,,,"dvd, romantic-comedy",,null,,,22471162,,,,,,,,,,,,,,,,,2026-09-19,1
iz509eulqm,movie,"Where the Red Fern Grows 1&2",,,,"Rental Library",,,"A double feature pairing Where the Red Fern Grows (2003), starring Joseph Ashton and Kris Kristofferson, with its sequel Where the Red Fern Grows: Part Two.",,,,"dvd, kids-family",,null,,,83484154,,,,,,,,,,,,,,,,,2026-09-19,1
obajk3i0an,movie,"Where the Rivers Flow North",,,,"Rental Library",,,"A lone wolf logger fights developers, bankers and the modern world to maintain his way of life.",,,,"drama, vhs",,null,,,38534650,,,,,,,,,,,,,,,,,2026-09-19,1
ayqs7jvpsz,movie,Whipped,,,,"Rental Library",,,"Three to one may sound like fairly good odds, but it depends on the game. When the ""one"" is one very irresistible woman and the ""three"" are three hopelessly smitten guys, the deck is pretty stacked. In the battle of the sexes, the first rule is to never underestimate the power of a woman.",,,,"comedy, vhs",,null,,,16008186,,,,,,,,,,,,,,,,,2026-09-19,1
v8unmdj26q,movie,"Wish Upon",,,,"Rental Library",,,"A teenage girl discovers a box with magical powers, but those powers comes with a deadly price.",,,,"dvd, horror",,null,,,00050938,,,,,,,,,,,,,,,,,2026-09-19,1
