title,creators,description,upc_isbn10,ean_isbn13,number_of_discs,ensemble,aspect_ratio,tags,notes,group,price,added,publisher,publish_date,length_of,copies,call_number,ddc,lcc,rating,review,review_created,status,began_date,completed_date
"4 Films in 1: Paris, Je T'aime / The Truth About Love / My Date with Drew / Jack & Jill VS The World",,"Four Movies in One: Romantic Comedy -- Paris, Je T'aime / The Truth About Love / My Date with Drew / Jack and Jill vs. The World.",,,,,,"DVD, romantic-comedy",,,0.00,,,,,1,62852602,,,,,,,,
400 Bullets,,"One cold winter night in Afghanistan is about to get a whole lot worse for Rana Rae, a Gurkha soldier left to guard a British military outpost, when Captain Noah Brandt arrives looking for refuge from a group of rogue special ops and a cell of heavily armed Taliban. The two soldiers must fight for their lives as they attempt to call for backup before the rogue squad, led by the backstabbing Sergeant Bartlett, can hunt them down to retrieve a case of missile guidance chips that Noah intercepted. But Bartlett and his men do not count on Rana, whose ferocious Gurkha training makes him a force to be reckoned with.",,,,,,"DVD, action",,,0.00,,,,,1,41712378,,,,,,,,
42 The Jackie Robinson Story,,"In 1947, Jackie Robinson becomes the first Black man to play in Major League Baseball facing unabashed racism from the public, the press and other players.",,,,,,"DVD, drama",,,0.00,,,,,1,80350714,,,,,,,,
A Perfect Murder,,"Millionaire industrialist Steven Taylor is a man who has everything but what he craves most: the love and fidelity of his wife. A hugely successful player in the New York financial world, he considers her to be his most treasured acquisition. But she needs more than simply the role of dazzling accessory.",,,,,,"VHS, thriller",,,0.00,,,,,1,18444538,,,,,,,,
A.I. Artificial Intelligence,,"David, a robotic boy—the first of his kind programmed to love—is adopted as a test case by a Cybertronics employee and his wife. Though he gradually becomes their child, a series of unexpected circumstances make this life impossible for David.",,,,,,"DVD, sci-fi",,,0.00,,,,,1,17666042,,,,,,,,
Along Came a Spider,,"After the harrowing death of his partner, forensic psychologist and best-selling author Alex Cross cannot forgive himself and has retreated to the peace of retirement. But when a brilliant criminal kidnaps a senator's young daughter, he is lured back into action as the kidnapper wants to deal with Alex personally. Teamed with Jezzie Flanigan, the Secret Service agent assigned to protect the missing girl, Alex follows a serpentine trail of clues that leads him to a stunning discovery - the kidnapper wants more than just ransom.",,,,,,"VHS, thriller",,,0.00,,,,,1,18575610,,,,,,,,
Alvin and the Chipmunks: Chip Wrecked,,"Alvin and the Chipmunks: Chipwrecked is a 2011 American musical comedy film in which Alvin, Simon, Theodore and the Chipettes are stranded on a tropical island after a cruise ship mishap.",,,,,,"DVD, kids-family",,,0.00,,,,,1,19468282,,,,,,,,
Amadeus,,Disciplined Italian composer Antonio Salieri becomes consumed by jealousy and resentment towards the hedonistic and remarkably talented young Salzburger composer Wolfgang Amadeus Mozart.,,,,,,"VHS, drama",,,0.00,,,,,1,06877434,,,,,,,,
Ambushed,,"In the frenetic underbelly of Los Angeles, Agent Maxwell closes in on an international cocaine smuggling operation run by criminal mastermind Vincent Camastra. When Agent Beverly Royce goes undercover with the drug dealers and finds herself deeper then she can handle - the case becomes personal for Maxwell who has to combat ruthless killers and dirty cops in an all-out action filled finale to bring the criminals to justice.",,,,,,"DVD, action",,,0.00,,,,,1,05520378,,,,,,,,
American Pie Presends: The Book of Love,,"American Pie Presents: The Book of Love is a 2009 American sex comedy film directed by John Putch, the fourth installment in the American Pie Presents spin-off series of the American Pie franchise.",,,,,,"DVD, comedy",,,0.00,,,,,1,91181050,,,,,,,,
An Affair to Remember,,A couple falls in love and agrees to meet in six months at the Empire State Building - but will it happen?,,,,,,"VHS, drama",,,0.00,,,,,1,07598330,,,,,,,,
Ancient Evil,,A rookie police officer is forced to fight for survival against a cannibalistic cult in order to rescue a kidnapped journalist.,,,,,,"DVD, horror",,,0.00,,,,,1,97559802,,,,,,,,
Anna,,"Disappointment, shame and unanswered love. Anna has to experience everything in a single evening, only 15 years old.",,,,,,"DVD, thriller",,,0.00,,,,,1,47754490,,,,,,,,
Apache Junction,,"Apache Junction is an outpost of lawlessness, a haven for thieves and cold-blooded killers. After big-city reporter Annabelle Angel arrives to write an article on the town, she becomes a target when notorious gunslinger Jericho Ford comes to her aid. Now Annabelle must entrust her future to a man with a deadly past, as Jericho heads toward a tense showdown.",,,,,,"DVD, action",,,0.00,,,,,1,07060474,,,,,,,,
Archenemy,,"Max Fist claims he’s a hero from another dimension who has somehow landed on Earth and been stripped of his powers. Instead of treating him like a powerful champion, no one believes Max’s claims — except for a teenager named Hamster and his sister Indigo. The siblings convince Max to help them take out a local drug gang, where Max’s abilities are put to a violent and harrowing test.",,,,,,"DVD, action",,,0.00,,,,,1,44006138,,,,,,,,
Armageddon,,"When an asteroid threatens to collide with Earth, NASA honcho Dan Truman determines the only way to stop it is to drill into its surface and detonate a nuclear bomb. This leads him to renowned driller Harry Stamper, who agrees to helm the dangerous space mission provided he can bring along his own hotshot crew. Among them is the cocksure A.J. who Harry thinks isn't good enough for his daughter, until the mission proves otherwise.",,,,,,"DVD, action",,,0.00,,,,,1,97363194,,,,,,,,
Austin Powers | International Man of Mystery,,"As a swinging fashion photographer by day and a groovy British superagent by night, Austin Powers is the '60s' most shagadelic spy. But can he stop megalomaniac Dr. Evil after the bald villain freezes himself and unthaws in the '90s? With the help of sexy sidekick Vanessa Kensington, he just might.",,,,,,"VHS, comedy",,,0.00,,,,,1,07368954,,,,,,,,
Avatar,,"In the 22nd century, a paraplegic Marine is dispatched to the moon Pandora on a unique mission, but becomes torn between following orders and protecting an alien civilization.",,,,,,"Blu-Ray, sci-fi",,,0.00,,,,,1,83303162,,,,,,,,
Aviator,,"Upon arriving in Cartagena, Colombia, American pilot Benjamin Grey's passport and money are stolen leaving him stranded. Shortly after he receives a call from his son's doctor, who informs him that he is his Leukemia-stricken son's only chance for survival, and the clock is ticking",,,,,,"Blu-Ray, drama",,,0.00,,,,,1,82909946,,,,,,,,
Beverly Hills Chihuahua 3,,"When Papi, Chloe, the pups, Uncle Pedro, and their owners move to a hotel, the smallest pup Rosa feels like she doesn't fit in, and Papi wants to make her feel better by showing her how special she is.",,,,,,"DVD, kids-family",,,0.00,,,,,1,51752186,,,,,,,,
Billy Elliot,,"County Durham, England, 1984. The miners' strike has started and the police have started coming up from Bethnal Green, starting a class war with the lower classes suffering. Caught in the middle of the conflict is 11-year old Billy Elliot, who, after leaving his boxing club for the day, stumbles upon a ballet class and finds out that he's naturally talented. He practices with his teacher Mrs. Wilkinson for an upcoming audition in Newcastle-upon Tyne for the royal Ballet school in London.",,,,,,"DVD, drama",,,0.00,,,,,1,79826426,,,,,,,,
Blue Hawaii,,"Just discharged GI Chad Gates returns to Hawaii, where he becomes a tour guide, defying his mother's wishes for him to join the family business.",,,,,,"VHS, musical",,,0.00,,,,,1,18739450,,,,,,,,
Blue Streak,,"Miles Logan is a jewel thief who just hit the big time by stealing a huge diamond. However, after two years in jail, he comes to find out that he hid the diamond in a police building that was being built at the time of the robbery. In an attempt to regain his diamond, he poses as an LAPD detective.",,,,,,"DVD, comedy",,,0.00,,,,,1,91410426,,,,,,,,
Brazil,,"Low-level bureaucrat Sam Lowry escapes the monotony of his day-to-day life through a recurring daydream of himself as a virtuous hero saving a beautiful damsel. Investigating a case that led to the wrongful arrest and eventual death of an innocent man instead of wanted terrorist Harry Tuttle, he meets the woman from his daydream, and in trying to help her gets caught in a web of mistaken identities, mindless bureaucracy and lies.",,,,,,"VHS, sci-fi",,,0.00,,,,,1,18477306,,,,,,,,
Break Even,,Four adventurous friends find 50M in cash at a remote island only to discover it was left by the DEA for the Cartel in a rogue deal.,,,,,,"DVD, action",,,0.00,,,,,1,41745146,,,,,,,,
Caged,,"Somewhere in Eastern Europe. Carole is a young nurse with a humanitarian aid group that has reached the end of its mission. But just then, the young woman and her two colleagues are kidnapped by strangers for mysterious reasons. Held captive, cared for and kept alive in an oppressive and sinister setting, the three prisoners soon discover with horror what their kidnappers truly have in store for them.",,,,,,"DVD, horror",,,0.00,,,,,1,05356538,,,,,,,,
Casino Royale,,"Le Chiffre, a banker to the world's terrorists, is scheduled to participate in a high-stakes poker game in Montenegro, where he intends to use his winnings to establish his financial grip on the terrorist market. M sends Bond—on his maiden mission as a 00 Agent—to attend this game and prevent Le Chiffre from winning. With the help of Vesper Lynd and Felix Leiter, Bond enters the most important poker game in his already dangerous career.",,,,,,"DVD, action",,,0.00,,,,,1,71823098,,,,,,,,
Catch That Kid,,"A determined twelve-year-old mountain climber takes drastic action to save her injured father by planning a high-stakes bank heist, using her skills and teamwork to navigate the challenge.",,,,,,"DVD, kids-family",,,0.00,,,,,1,19173370,,,,,,,,
Catch the Bullet,,"U.S. marshal Britt MacMasters returns from a mission to find his father wounded and his son kidnapped by the outlaw Jed Blake. Hot on their trail, Britt forms a posse with a gunslinging deputy and a stoic Pawnee tracker. But Jed and Britt tread dangerously close to the Red Desert’s Sioux territory.",,,,,,"DVD, action",,,0.00,,,,,1,07027706,,,,,,,,
Charlotte's Web,,"Wilbur the pig is scared of the end of the season, because he knows that come that time, he will end up on the dinner table. He hatches a plan with Charlotte, a spider that lives in his pen, to ensure that this will never happen.",,,,,,"DVD, kids-family",,,0.00,,,,,1,95954170,,,,,,,,
City of Angels,,"When a guardian angel – who invisibly watches over the citizens of Los Angeles – becomes captivated by a strong-willed heart surgeon, he ponders trading in his pure, otherworldly existence for a mortal life with his beloved. The couple embarks on a tender but forbidden romance spanning heaven and Earth.",,,,,,"VHS, drama",,,0.00,,,,,1,07663866,,,,,,,,
Clash of the Titans,,"Born of a god but raised as a man, Perseus is helpless to save his family from Hades, vengeful god of the underworld. With nothing to lose, Perseus volunteers to lead a dangerous mission to defeat Hades before he can seize power from Zeus and unleash hell on earth. Battling unholy demons and fearsome beasts, Perseus and his warriors will only survive if Perseus accepts his power as a god, defies fate and creates his own destiny.",,,,,,"DVD, fantasy",,,0.00,,,,,1,72216314,,,,,,,,
Crash,,"In post-Sept. 11 Los Angeles, tensions erupt when the lives of a Brentwood housewife, her district attorney husband, a Persian shopkeeper, two cops, a pair of carjackers and a Korean couple converge during a 36-hour period.",,,,,,"DVD, drama",,,0.00,,,,,1,93854458,,,,,,,,
Criminal,,"Needing a new partner capable of intricate cons, Richard Gaddis, recruits Rodrigo, a crook with a perfect poker face. The two plan a big-time scam: selling a fake Silver Certificate to currency collector William Hannigan. Rodrigo distrusts his new associate, but needs money to help out his ill father. The situation becomes more complicated when Rodrigo falls for Gaddis' sister, Valerie, drawing another player into the game.",,,,,,"DVD, action",,,0.00,,,,,1,19795962,,,,,,,,
Crimson Force,,"The crew of the first manned mission to Mars crash land on the surface in search of a clean everlasting power source they believe to be hidden somewhere beneath the ground. However, the crew find themselves in the middle of a civil war between the High Priest of Mars' royal guards and the High Priestess' warriors. The crew is divided with one half deciding to help the High Priest make peace with Earth and the other side with the High Priestess who is secretly plotting to kill her husband and invade Earth.",,,,,,"DVD, sci-fi",,,0.00,,,,,1,06765562,,,,,,,,
Cry Wolf,,"After a local woman is murdered, a group of teenage liars create a warning e-mail of a serial killer named “The Wolf”, coming on the next full moon. The teens describe each death method The Wolf uses, but when the described victims actually do start turning up dead, suddenly no one knows where the lies end and the truth begins.",,,,,,"DVD, horror",,,0.00,,,,,1,62393850,,,,,,,,
Dancing on Ice,,"New Year 1996. The Balkans are shaken by nationalist wars, after the overthrow of socialist regimes. The wars have resulted in economic crisis and large population displacements. Three women, unknown to each other, from different Eastern European countries, meet in a border town in Bulgaria, in order to cross illegally into Greece.",,,,,,"DVD, kids-family",,,0.00,,,,,1,96183546,,,,,,,,
Danny and the Dinosaur,,The adventures of a little boy named Danny and a tall dinosaur from a local museum.,,,,,,"DVD, kids-family",,,0.00,,,,,1,51948794,,,,,,,,
Dear Mr. Gacy,,"A chronicle of the interaction between college student Jason Moss and the object of his obsession, serial killer John Wayne Gacy.",,,,,,"DVD, thriller",,,0.00,,,,,1,47852794,,,,,,,,
Dementia 13,,"A scheming widow hatches a bold plan to acquire her late husband's inheritance, unaware that she is being targeted by an ax murderer who lurks in the family's estate.",,,,,,"DVD, horror",,,0.00,,,,,1,62426618,,,,,,,,
Despicable Me,,"Determined to prove he's the world's greatest supervillain, Gru hatches an audacious plan to steal the Moon. To pull it off, he adopts three orphaned girls—Margo, Edith, and Agnes—intending to use them as pawns in his scheme. But the unexpected bond they form forces him to question the criminal life he's always known.",,,,,,"DVD, kids-family",,,0.00,,,,,1,51883258,,,,,,,,
Dirty Dancing,,"Expecting the usual tedium that accompanies a summer in the Catskills with her family, 17-year-old Frances 'Baby' Houseman is surprised to find herself stepping into the shoes of a professional hoofer—and unexpectedly falling in love.",,,,,,"DVD, drama",,,0.00,,,,,1,79695354,,,,,,,,
Dirty Dancing,,"Expecting the usual tedium that accompanies a summer in the Catskills with her family, 17-year-old Frances 'Baby' Houseman is surprised to find herself stepping into the shoes of a professional hoofer—and unexpectedly falling in love.",,,,,,"VHS, drama",,,0.00,,,,,1,18411770,,,,,,,,
Dog Jack,,"""Dog Jack"" is the story of a slave boy and his dog who escape the master's plantation, join the union army, and have to face their former master on the battlefield. The story is inspired by the historical true-life adventures of the beloved mascot of the Pennsylvania 102nd, who was so prized by his regiment for his skills in battle that he was twice exchanged for a Confederate prisoner of war.",,,,,,"DVD, kids-family",,,0.00,,,,,1,19238906,,,,,,,,
Donnie Brasco,,An FBI undercover agent infiltrates the mob and identifies more with the mafia life at the expense of his regular one.,,,,,,"VHS, drama",,,0.00,,,,,1,07008506,,,,,,,,
"Double Feature: Missing in Action 2, Missing in Action III",,"A double feature pairing Missing in Action 2: The Beginning and Braddock: Missing in Action III, starring Chuck Norris.",,,,,,"DVD, action",,,0.00,,,,,1,42052858,,,,,,,,
"Double Feature: Romeo Must Die, Cradle 2 the Grave",,"A double feature pairing Romeo Must Die (2000) and Cradle 2 the Grave (2003), both starring Jet Li and DMX.",,,,,,"DVD, action",,,0.00,,,,,1,41921786,,,,,,,,
Double Feature: Spy / The Heat,,"A double feature DVD pairing Spy (2015) and The Heat (2013), two action-comedy films starring Melissa McCarthy.",,,,,,"DVD, comedy",,,0.00,,,,,1,91017210,,,,,,,,
"Double Feature: Stand and Deliver, Lean on Me",,"A double feature pairing Stand and Deliver (1988) and Lean on Me (1989), both inspirational dramas about dedicated teachers.",,,,,,"DVD, drama",,,0.00,,,,,1,79498746,,,,,,,,
"Double Feature: State Property, State Property 2",,"A double feature pairing State Property (2002) and State Property 2 (2005), crime dramas produced by Damon Dash and featuring Beanie Sigel.",,,,,,"DVD, drama",,,0.00,,,,,1,79367674,,,,,,,,
"Double Feature: Terminator:3, Terminator Salvation",,"A double feature DVD pairing Terminator 3: Rise of the Machines (2003) and Terminator Salvation (2009), the third and fourth installments in the Terminator sci-fi action franchise.",,,,,,"DVD, sci-fi",,,0.00,,,,,1,72380154,,,,,,,,
Entrapment,,"Two thieves, who travel in elegant circles, try to outsmart each other and, in the process, end up falling in love.",,,,,,"DVD, action",,,0.00,,,,,1,83860218,,,,,,,,
Erin Brockovich,,"A twice-divorced mother of three who sees an injustice, takes on the bad guy and wins -- with a little help from her push-up bra. Erin goes to work for an attorney and comes across medical records describing illnesses clustered in one nearby town. She starts investigating and soon exposes a monumental cover-up.",,,,,,"VHS, drama",,,0.00,,,,,1,18936058,,,,,,,,
Escanaba In Da Moonlight,,"On the eve of deer-hunting season in Michigan, a family of hunters contends with the shame of their eldest son never having shot his own buck.",,,,,,"VHS, comedy",,,0.00,,,,,1,06942970,,,,,,,,
Fear in the Night,,"It took Peggy Heller a long time to recover from the trauma of a brutal physical assault, suffered in her youth. When she married Robert, he provided her with the love and reassurance she craved for and the two settled down in a pretty house in the grounds of the public school where Robert was a master. But the headmaster of the school is not what he seems and Peggy is convinced he means to harm her - is her fear a figment of her tortured imagination or are there forces at work that intend to manipulate her anxieties with fatal consequences?",,,,,,"DVD, thriller",,,0.00,,,,,1,47820026,,,,,,,,
Fearless,,"After going through a series of tragic events in his life, martial arts master Huo Yuanjia returns to Tianjin and must fight four international soldiers, in order to safeguard his nation's pride.",,,,,,"Blu-Ray, action",,,0.00,,,,,1,82942714,,,,,,,,
Field of Dreams,,"Ray Kinsella is an Iowa farmer who hears a mysterious voice telling him to turn his cornfield into a baseball diamond. He does, but the voice's directions don't stop -- even after the spirits of deceased ballplayers turn up to play.",,,,,,"VHS, drama",,,0.00,,,,,1,18837754,,,,,,,,
Fifty Shades of Gray,,"Fifty Shades of Grey is a 2015 erotic romantic drama starring Dakota Johnson and Jamie Dornan, based on the novel by E.L. James.",,,,,,"DVD, drama",,,0.00,,,,,1,79334906,,,,,,,,
Flight 93,,"Flight 93 is a 2006 made-for-TV film, directed by Peter Markle, which chronicles the events aboard United Airlines Flight 93 during the September 11 attacks. It premiered January 30, 2006 on the A&E Network and was re-broadcast several times throughout 2006. The film focused heavily on eight passengers, namely Todd Beamer, Mark Bingham, Tom Burnett, Jeremy Glick, Lauren Grandcolas, Donald Greene, Nicole Miller, and Honor Elizabeth Wainio. It features small appearances from many other passengers, namely Donald Peterson and his wife, Jean, and also from flight attendant Sandra Bradshaw.",,,,,,"DVD, drama",,,0.00,,,,,1,41823482,,,,,,,,
Footloose,,"Ren MacCormack is transplanted from Boston to the small southern town of Bomont where loud music and dancing are prohibited. Not one to bow to the status quo, Ren challenges the ban, revitalizing the town and falling in love with the minister’s troubled daughter Ariel in the process.",,,,,,"DVD, musical",,,0.00,,,,,1,83368698,,,,,,,,
Frank and Jesse,,"At the end of the Civil War, Frank and Jesse James and other former guerillas who rode with Quantrill and Bill Anderson take the oath of allegiance to the Union. Feeling oppressed by Chicago railroad investors, the James and Younger brothers, Bob and Charlie Ford, Clell Miller and Arch Clements take to robbing banks, trains and coaches, with Pinkerton sworn to bringing them to justice.",,,,,,"DVD, action",,,0.00,,,,,1,71495418,,,,,,,,
Friday Night Lights,,"A small, turbulent town in Texas obsesses over their high school football team to an unhealthy degree. When the star tailback, Boobie Miles, is seriously injured during the first game of the season, all hope is lost, and the town's dormant social problems begin to flare up. It is left to the inspiring abilities of new coach Gary Gaines to instill in the other team members -- and, by proxy, the town itself -- a sense of self-respect and honor.",,,,,,"DVD, drama",,,0.00,,,,,1,83499770,,,,,,,,
Garden State,,"Andrew returns to his hometown for his mother’s funeral, a journey that reconnects him with old friends. The trip coincides with his decision to stop taking his powerful antidepressants. A chance meeting with Sam—a girl also struggling with various maladies—opens up the possibility of rekindling emotional connections, confronting his psychologist father, and perhaps beginning a new life.",,,,,,"DVD, drama",,,0.00,,,,,1,83565306,,,,,,,,
Get Him to the Greek,,"Pinnacle records has the perfect plan to get their sinking company back on track: a comeback concert in LA featuring Aldous Snow, a fading rockstar who has dropped off the radar in recent years. Record company intern Aaron Green is faced with the monumental task of bringing his idol, out of control rock star Aldous Snow, back to LA for his comeback show.",,,,,,"DVD, comedy",,,0.00,,,,,1,90755066,,,,,,,,
Get Shorty,,"Chili Palmer is a Miami mobster who gets sent to L.A. to collect a bad debt from Harry Zimm, a Hollywood producer who specializes in cheesy horror films. When Chili meets Harry's leading lady, the romantic sparks fly. After pitching his own life story as a movie idea, Chili learns that being a mobster and being a Hollywood producer really aren't all that different.",,,,,,"DVD, comedy",,,0.00,,,,,1,41725178,,,,,,,,
Ghost in the Family,,"When an emotionally broken family moves into a house haunted by Tom, a suffering spirit, Tom sees an opportunity to try and save his soul by teaching the family how to live again...but quickly discovers that is easier said than done.",,,,,,"DVD, comedy",,,0.00,,,,,1,94785530,,,,,,,,
Golden Eye,,"When a powerful secret defense system is stolen, James Bond is assigned to stop a Russian crime syndicate from using it.",,,,,,"DVD, action",,,0.00,,,,,1,71528186,,,,,,,,
Gone are the Days,,"The story of notorious outlaw Taylon Flynn, a man hell-bent on exiting this life in a blaze of glory. His plans go awry upon the discovery of the sordid life his estranged daughter is forced to live. To save her, he must summon the inner demons he purged long ago, and finds that redemption is a hard road to travel.",,,,,,"DVD, action",,,0.00,,,,,1,45415162,,,,,,,,
Gunslingers Revenge,,"The idealistic lifestyle of an old West farmer, his Indian wife, and half-breed son is interrupted when the boy's old gunslinger father returns. They are not happy with his return despite the old gunslinger's intention to retire. Things take a turn for the worse when another gunslinger arrives in town, trying to force a battle with the father.",,,,,,"DVD, action",,,0.00,,,,,1,19828730,,,,,,,,
Hatchet 2,,"Picking up right where the original ended, Marybeth escapes the clutches of the swamp-dwelling killer Victor Crowley. After learning the truth about her family’s connection to the hatchet-wielding madman, Marybeth returns to the Louisiana swamps along with an army of hunters to recover the bodies of her family and exact the bloodiest revenge against the bayou butcher.",,,,,,"DVD, horror",,,0.00,,,,,1,17174522,,,,,,,,
Hatchet,,"When a group of tourists on a New Orleans haunted swamp tour find themselves stranded in the wilderness, their evening of fun and spooks turns into a horrific nightmare.",,,,,,"DVD, horror",,,0.00,,,,,1,17338362,,,,,,,,
Hitari,,"Hatari! is a 1962 American adventure romantic comedy film directed by Howard Hawks, starring John Wayne as the leader of a group of professional game catchers in Africa.",,,,,,"DVD, action",,,0.00,,,,,1,71659258,,,,,,,,
Hitchhikers Guide to the Galaxy,,"Mere seconds before the Earth is to be demolished by an alien construction crew, Arthur Dent is swept off the planet by his friend Ford Prefect, a researcher penning a new edition of ""The Hitchhiker's Guide to the Galaxy.""",,,,,,"DVD, sci-fi",,,0.00,,,,,1,97494266,,,,,,,,
Hold That Ghost,,Two bumbling service station attendants are left as the sole beneficiaries in a gangster's will. Their trip to claim their fortune is sidetracked when they are stranded in a haunted house along with several other strangers.,,,,,,"VHS, comedy",,,0.00,,,,,1,18706682,,,,,,,,
Home of the Brave,,"The day after they get the word they'll go home in two weeks, a group of soldiers from Spokane are ambushed in an Iraqi city. Back stateside we follow four of them - a surgeon who saw too much, a teacher who's a single mom and who lost a hand in the ambush, an infantry man whose best friend died that day, and a soldier who keeps reliving the moment he killed a civilian woman.",,,,,,"DVD, action",,,0.00,,,,,1,40336122,,,,,,,,
Hostel,,"Three backpackers head to a Slovakian city that promises to meet their hedonistic expectations, with no idea of the hell that awaits them.",,,,,,"DVD, horror",,,0.00,,,,,1,17272826,,,,,,,,
How Stella Got Her Groove Back,,"Through good times and bad, Stella and Delilah have always had each other. Now, Stella's so busy building a life that she's forgotten how to really live. But Delilah is about to change all that. What starts as a quick trip to Jamaica, ends as an exhilarating voyage of self discovery as Stella learns to open her heart and find love – even if it's with a man 20 years her junior.",,,,,,"VHS, romantic-comedy",,,0.00,,,,,1,02420986,,,,,,,,
I Am Legend,,"Robert Neville is a scientist who was unable to stop the spread of the terrible virus that was incurable and man-made. Immune, Neville is now the last human survivor in what is left of New York City and perhaps the world. For three years, Neville has faithfully sent out daily radio messages, desperate to find any other survivors who might be out there. But he is not alone.",,,,,,"DVD, sci-fi",,,0.00,,,,,1,83761914,,,,,,,,
Ice Soldiers,,A scientist discovers the bodies of three frozen genetically modified Russians buried in the Canadian North. Upon thawing them out he realizes he has unleashed a deadly threat to Western society and must stop them at all costs.,,,,,,"DVD, action",,,0.00,,,,,1,71429882,,,,,,,,
Invasion of the Tinysauruses,,"Littlefoot and his friends return in another adventure. But this time, they aren't the smallest dinosaurs in the valley anymore.",,,,,,"DVD, kids-family",,,0.00,,,,,1,96647418,,,,,,,,
John Tucker Must Die,,"After discovering they are all dating the same same guy, three popular students from different cliques band together for revenge, so they enlist the help of a new gal in town and conspire to break the jerk's heart, while destroying his reputation.",,,,,,"DVD, comedy",,,0.00,,,,,1,94982138,,,,,,,,
John Wick Chapter 3: Parebellum,,"John Wick: Chapter 3 – Parabellum is a 2019 American neo-noir action thriller film directed by Chad Stahelski, starring Keanu Reeves as the legendary hitman on the run after killing a member of the international assassins' guild.",,,,,,"DVD, action",,,0.00,,,,,1,71560954,,,,,,,,
Justice League : Starcrossed the Movie,,"When the Thanagarians visit Earth, Hawkgirl is forced to choose between loyalty to her people and love for her friends on her adopted planet Earth.",,,,,,"DVD, kids-family",,,0.00,,,,,1,52079866,,,,,,,,
Justin Time,,"An ancient stone amulet and calendar disc has the power to stop time. Passed from generation to generation, these magical artifacts end up in the hands of an 18-year-old half Shoshoni Indian named Justin, who chooses to to use his power to make the world a better place.",,,,,,"DVD, kids-family",,,0.00,,,,,1,51916026,,,,,,,,
K-Pax,,"Prot is a patient at a mental hospital who claims to be from a far away planet. His psychiatrist tries to help him, only to begin to doubt his own explanations.",,,,,,"VHS, drama",,,0.00,,,,,1,07205114,,,,,,,,
Kangaroo Jack G'Day USA,,"Kangaroo Jack is back but this time he's animated! Three Teenagers go to the Outback, and find themselves back in Vegas - trying to get Jack home!",,,,,,"DVD, kids-family",,,0.00,,,,,1,96085242,,,,,,,,
King Kong vs Godzilla,,"The advertising director of Pacific Pharmaceuticals, frustrated with the low ratings of their sponsored TV program, seeks a more sensationalist approach. He orders his staff to Faro Island to capture King Kong for exploitation. As Godzilla re-emerges, a media frenzy generates with Pacific looking to capitalize off of the ultimate battle.",,,,,,"VHS, action",,,0.00,,,,,1,06844666,,,,,,,,
Kiss of the Dragon,,"Liu Jian, an elite Chinese police officer, comes to Paris to arrest a Chinese drug lord. When Jian is betrayed by a French officer and framed for murder, he must go into hiding and find new allies.",,,,,,"DVD, action",,,0.00,,,,,1,05684218,,,,,,,,
Kung Fu Dunk,,"Shi-Jie is a brilliant martial artist from the Kung Fu School. One day, he encounters a group of youths playing basketball and shows off how easy it is for him, with his martial arts training, to do a Slam Dunk. Watching him was Chen-Li, a shrewd businessman, who recruits him to play varsity basketball at the local university.",,,,,,"DVD, action",,,0.00,,,,,1,43219706,,,,,,,,
Legend of the Naga Pearls,,"After being defeated by humans centuries ago, the Winged Tribe has lost their ability to fly. Seeking vengeance, a royal descendant of the tribe has begun searching for the magical Naga Pearls, which he plans to use to destroy the humans. When the legendary pearls fall into - and out of - the hands of Heiyu, a wily human street punk, he must join a team of unlikely heroes as they race to prevent the destruction of their people in this magical fantasy adventure.",,,,,,"DVD, fantasy",,,0.00,,,,,1,72314618,,,,,,,,
Legend,,"Set in a timeless mythical forest inhabited by fairies, goblins, unicorns and mortals, this fantastic story follows a mystical forest dweller, chosen by fate, to undertake a heroic quest. He must save the beautiful Princess Lili and defeat the demonic Lord of Darkness, or the world will be plunged into a never-ending ice age.",,,,,,"VHS, fantasy",,,0.00,,,,,1,07172346,,,,,,,,
Liar Liar,,"Forced by his son's birthday wish, fast-talking attorney and habitual liar Fletcher Reede must tell the truth for the next 24 hours.",,,,,,"VHS, comedy",,,0.00,,,,,1,07237882,,,,,,,,
Life of Brian,,"Brian Cohen is an average young Jewish man, but through a series of ridiculous events, he gains a reputation as the Messiah. When he's not dodging his followers or being scolded by his shrill mother, the hapless Brian has to contend with the pompous Pontius Pilate and acronym-obsessed members of a separatist movement. Rife with Monty Python's signature absurdity, the tale finds Brian's life paralleling Biblical lore, albeit with many more laughs.",,,,,,"DVD, comedy",,,0.00,,,,,1,97232122,,,,,,,,
Machete,,"After being set-up and betrayed by the man who hired him to assassinate a Texas Senator, an ex-Federale launches a brutal rampage of revenge against his former boss.",,,,,,"DVD, action",,,0.00,,,,,1,71692026,,,,,,,,
McLintock,,"Aging rancher and self-made man, George Washington McLintock is forced to deal with numerous personal and professional problems. Seemingly everyone wants a piece of his enormous farmstead, including high-ranking government men and nearby Native Americans. As McLintock tries to juggle his various adversaries, his wife—who left him two years previously—suddenly returns. But she isn't interested in George; she wants custody of their daughter.",,,,,,"VHS, action",,,0.00,,,,,1,07565562,,,,,,,,
Meet the Parents,,"Greg Focker is ready to marry his girlfriend, Pam, but before he pops the question, he must win over her formidable father, humorless former CIA agent Jack Byrnes, at the wedding of Pam's sister. As Greg bends over backward to make a good impression, his visit to the Byrnes home turns into a hilarious series of disasters, and everything that can go wrong does, all under Jack's critical, hawklike gaze.",,,,,,"VHS, comedy",,,0.00,,,,,1,02453754,,,,,,,,
Meet the Spartans,,"The heroic Leonidas, armed with nothing but leather underwear and a cape, leads a ragtag group of thirteen Spartans to defend their homeland against the invading Persians (whose ranks include Ghost Rider, Rocky Balboa, the Transformers, and a hunchbacked Paris Hilton). No one is safe when the Spartans take on the biggest icons in pop culture!",,,,,,"DVD, comedy",,,0.00,,,,,1,62197242,,,,,,,,
Memoirs of a Geisha,,"In the years before World War II, a penniless Japanese child is torn from her family to work as a maid in a geisha house.",,,,,,"DVD, drama",,,0.00,,,,,1,83139322,,,,,,,,
Men in Black,,"After a police chase with an otherworldly being, a New York City cop is recruited as an agent in a top-secret organization established to monitor and police alien activity on Earth: the Men in Black. Agent K and new recruit Agent J find themselves in the middle of a deadly plot by an intergalactic terrorist who has arrived on Earth to assassinate two ambassadors from opposing galaxies.",,,,,,"DVD, sci-fi",,,0.00,,,,,1,05323770,,,,,,,,
Miami Vice The Movie,,Miami detective Sonny Crockett reluctantly teams with New York City cop Rico Tubbs when both of them end up pursuing a drug dealer who killed their respective partners.,,,,,,"VHS, action",,,0.00,,,,,1,07270650,,,,,,,,
Mike and Dave Need Wedding Dates,,"Mike and Dave are young, adventurous, fun-loving brothers who tend to get out of control at family gatherings. When their sister Jeanie reveals her Hawaiian wedding plans, the rest of the Stangles insist that the brothers bring respectable dates. After placing an ad on Craigslist, the siblings decide to pick Tatiana and Alice, two charming and seemingly normal women. Once they arrive on the island, however, Mike and Dave realize that their companions are ready to get wild and party.",,,,,,"DVD, romantic-comedy",,,0.00,,,,,1,62819834,,,,,,,,
Miss Congeniality,,"When the local FBI office receives a letter from a terrorist known only as 'The Citizen', it's quickly determined that he's planning his next act at the Miss America beauty pageant. Because tough-as-nails Gracie Hart is the only female Agent at the office, she's chosen to go undercover as the contestant from New Jersey.",,,,,,"VHS, comedy",,,0.00,,,,,1,18804986,,,,,,,,
Monty Python and the Holy Grail,,"King Arthur, accompanied by his squire, recruits his Knights of the Round Table, including Sir Bedevere the Wise, Sir Lancelot the Brave, Sir Robin the Not-Quite-So-Brave-As-Sir-Lancelot and Sir Galahad the Pure. On the way, Arthur battles the Black Knight who, despite having had all his limbs chopped off, insists he can still fight. They reach Camelot, but Arthur decides not to enter, as ""it is a silly place"".",,,,,,"DVD, comedy",,,0.00,,,,,1,93657850,,,,,,,,
Mother Krampus,,"Based on the myth of Frau Perchta, a witch that comes on the 12 days of Christmas taking children each night.",,,,,,"DVD, holiday",,,0.00,,,,,1,94517498,,,,,,,,
Moulin Rouge!,,"A celebration of love and creative inspiration takes place in the infamous, gaudy and glamorous Parisian nightclub, at the cusp of the 20th century. A young poet, who is plunged into the heady world of Moulin Rouge, begins a passionate affair with the club's most notorious and beautiful star.",,,,,,"DVD, musical",,,0.00,,,,,1,94149370,,,,,,,,
My Big Fat Greek Wedding,,A young Greek woman falls in love with a non-Greek and struggles to get her family to accept him while she comes to terms with her heritage and cultural identity.,,,,,,"DVD, romantic-comedy",,,0.00,,,,,1,62918138,,,,,,,,
My Cousin Vinny,,"Two carefree pals traveling through rural Alabama on their way back to college are mistakenly arrested and charged with murder. Fortunately, one of them has a cousin who's a lawyer - Vincent Gambini, a former auto mechanic from Brooklyn who has just passed his bar exam after his sixth try. When he arrives with his leather-clad girlfriend to try his first case, it's a real shock - for him and the Deep South!",,,,,,"VHS, comedy",,,0.00,,,,,1,07401722,,,,,,,,
Night At The Museum: Secret of the Tomb,,"When the magic powers of The Tablet of Ahkmenrah begin to die out, Larry Daley spans the globe, uniting favorite and new characters while embarking on an epic quest to save the magic before it is gone forever.",,,,,,"DVD, kids-family",,,0.00,,,,,1,19304442,,,,,,,,
Nim's Island,,A young girl inhabits an isolated island with her scientist father and communicates with a reclusive author of the novel she's reading.,,,,,,"DVD, kids-family",,,0.00,,,,,1,19075066,,,,,,,,
Ocean's 8,,"Debbie Ocean, a criminal mastermind, gathers a crew of female thieves to pull off the heist of the century at New York's annual Met Gala.",,,,,,"DVD, comedy",,,0.00,,,,,1,90886138,,,,,,,,
Old School,,Three friends attempt to recapture their glory days by opening up a fraternity near their alma mater.,,,,,,"DVD, comedy",,,0.00,,,,,1,90787834,,,,,,,,
One Missed Call,,"Several people start receiving voice-mails from their future selves -- messages which include the date, time, and some of the details of their deaths.",,,,,,"DVD, horror",,,0.00,,,,,1,83204858,,,,,,,,
Ong-Bak the Thai Warrior,,"When the head of a statue sacred to a village is stolen, a young martial artist goes to the big city and finds himself taking on the underworld to retrieve it.",,,,,,"DVD, action",,,0.00,,,,,1,41135354,,,,,,,,
Open Season,,"Boog, a domesticated 900lb. Grizzly bear finds himself stranded in the woods 3 days before Open Season. Forced to rely on Elliot, a fast-talking mule deer, the two form an unlikely friendship and must quickly rally other forest animals if they are to form a rag-tag army against the hunters.",,,,,,"DVD, kids-family",,,0.00,,,,,1,96150778,,,,,,,,
Paranormal Entity,,"Thomas Finley has been arrested for the murder of his nineteen-year old sister, Samantha and fifty-two year old, Edgar Lauren, a Professor and paranormal investigator. Police were called to the scene by Thomas himself in the early hours of the morning, finding him inside with his sister's body cradled in his arms. In his statement given in police custody, Thomas claimed that the victims were attacked by a demonic entity of unknown origin. Days later, he committed suicide. It is the opinion of those closely related to the family that a video found at the scene be shown to the public as a final testament to what actually happened inside the Finley home in those final days.",,,,,,"DVD, horror",,,0.00,,,,,1,62328314,,,,,,,,
Perfect Stranger,,"A journalist goes undercover to ferret out businessman Harrison Hill as her best friend's killer. Posing as one of his temps, she enters into a game of online cat-and-mouse.",,,,,,"DVD, thriller",,,0.00,,,,,1,83237626,,,,,,,,
Pirates of the Caribbean: The Curse of the Black Pearl,,"When wily pirate Captain Barbossa seizes Jack Sparrow’s beloved ship, the Black Pearl, and kidnaps the governor’s daughter, Elizabeth Swann, blacksmith Will Turner reluctantly teams up with the unpredictable pirate Jack to rescue her—only to uncover a terrifying curse that turns Barbossa’s crew into the undead.",,,,,,"DVD, kids-family",,,0.00,,,,,1,94051066,,,,,,,,
Pop & Me,,A documentary on the complex relationship between a father and son.,,,,,,"DVD, documentary",,,0.00,,,,,1,06667258,,,,,,,,
Presumed Innocent,,"Rusty Sabich is a deputy prosecutor engaged in an obsessive affair with a coworker who is murdered. Soon after, he's accused of the crime. And his fight to clear his name becomes a whirlpool of lies and hidden passions.",,,,,,"VHS, thriller",,,0.00,,,,,1,07336186,,,,,,,,
Project A,,"In late 19th century Hong Kong, the British may rule the land, but the pirates rule the waters. Coast Guard officer Dragon Ma is determined that his beloved Coast Guard will not be made a fool of.",,,,,,"DVD, action",,,0.00,,,,,1,43940602,,,,,,,,
Prom Night,,"Donna's senior prom is supposed to be the best night of her life, though a sadistic killer from her past has different plans for her and her friends.",,,,,,"DVD, horror",,,0.00,,,,,1,62230010,,,,,,,,
Public Enemies,,"Depression-era bank robber John Dillinger's charm and audacity endear him to much of America's downtrodden public, but he's also a thorn in the side of J. Edgar Hoover and the fledgling FBI. Desperate to capture the elusive outlaw, Hoover makes Dillinger his first Public Enemy Number One and assigns his top agent, Melvin Purvis, the task of bringing him in dead or alive.",,,,,,"DVD, thriller",,,0.00,,,,,1,06994938,,,,,,,,
Rain Man,,"When car dealer Charlie Babbitt learns that his estranged father has died, he returns home to Cincinnati, where he discovers that he has a savant older brother named Raymond and that his father's $3 million fortune is being left to the mental institution in which Raymond lives. Motivated by his father's money, Charlie checks Raymond out of the facility in order to return with him to Los Angeles. The brothers' cross-country trip ends up changing both their lives.",,,,,,"VHS, drama",,,0.00,,,,,1,18608378,,,,,,,,
Regarding Henry,,"After being shot, a lawyer loses his memory and must relearn speech and mobility, but he has a loving family to support him.",,,,,,"VHS, drama",,,0.00,,,,,1,06910202,,,,,,,,
Return to the Hiding Place,,"When a young resistance fighter witnesses atrocities towards the Jews, he's drawn into a web of espionage and clandestine activities. When he meets a young physics students and resistance journalist - Hans Poley - they embark on a hunt through underground tunnels, Gestapo hijacks and daring rescues.",,,,,,"DVD, drama",,,0.00,,,,,1,79531514,,,,,,,,
Robin hood,,A war-hardened Crusader and his Moorish commander mount an audacious revolt against the corrupt English crown.,,,,,,"DVD, fantasy",,,0.00,,,,,1,72183546,,,,,,,,
Rush Hour 3,,"After a botched assassination attempt, the mismatched duo finds themselves in Paris, struggling to retrieve a precious list of names, as the murderous crime syndicate's henchmen try their best to stop them. Once more, Lee and Carter must fight their way through dangerous gangsters; however, this time, the past has come back to haunt Lee. Will the boys get the job done once and for all?",,,,,,"DVD, comedy",,,0.00,,,,,1,89542650,,,,,,,,
Santa Claus Conquers the Martians,,"Martians fear their children have become lazy and joyless due to their newfound obsession with Earth TV shows. After ancient Martian leader Chochem suggests that the children of Mars need more fun—including their own Santa Claus—supreme leader Lord Kimar assembles an expedition to Earth. Once there, they kidnap two children who lead them to the North Pole, then capture the real Santa Claus, taking all three back to Mars in an attempt to bring the Martian children happiness.",,,,,,"DVD, holiday",,,0.00,,,,,1,95172858,,,,,,,,
Season of the Witch,,"A 14th century Crusader returns with his comrade to a homeland devastated by the Black Plague. The Church commands the two knights to transport a witch to a remote abbey, where monks will perform a ritual in hopes of ending the pestilence.",,,,,,"DVD, fantasy",,,0.00,,,,,1,72150778,,,,,,,,
Serena,,"North Carolina mountains at the end of the 1920s – George and Serena Pemberton, love-struck newly-weds, begin to build a timber empire. Serena soon proves herself to be equal to any man: overseeing loggers, hunting rattle-snakes, even saving a man’s life in the wilderness. With power and influence now in their hands, the Pembertons refuse to let anyone stand in the way of their inflated love and ambitions. However, once Serena discovers George’s hidden past and faces an unchangeable fate of her own, the Pemberton’s passionate marriage begins to unravel leading toward a dramatic reckoning.",,,,,,"DVD, drama",,,0.00,,,,,1,80383482,,,,,,,,
Shane,,"A weary gunfighter attempts to settle down with a homestead family, but a smouldering settler and rancher conflict forces him to act.",,,,,,"VHS, action",,,0.00,,,,,1,07532794,,,,,,,,
Shining Through,,"Spirited New Yorker Linda Voss goes to work for international lawyer and secret Office of Strategic Services operative Ed Leland just before World War II. As they fall in love, the United States enters the fight against Hitler, and Linda volunteers to work for Ed spying undercover behind Nazi lines. Assigned to uncover information about a German bomb, Linda also has personal motives to fulfill: discovering the fate of her Jewish family members in Berlin.",,,,,,"VHS, drama",,,0.00,,,,,1,18641146,,,,,,,,
Shouthpaw,,"Southpaw is a 2015 sports drama starring Jake Gyllenhaal as a boxer rebuilding his life after tragedy, directed by Antoine Fuqua.",,,,,,"DVD, drama",,,0.00,,,,,1,79760890,,,,,,,,
Sin City,,"Welcome to Sin City. This town beckons to the tough, the corrupt, the brokenhearted. Some call it dark… Hard-boiled. Then there are those who call it home — Crooked cops, sexy dames, desperate vigilantes. Some are seeking revenge, others lust after redemption, and then there are those hoping for a little of both. A universe of unlikely and reluctant heroes still trying to do the right thing in a city that refuses to care.",,,,,,"DVD, action",,,0.00,,,,,1,94116602,,,,,,,,
Skyfire,,"Tianhuo Island is as beautiful as a paradise. It almost makes people forget that it is located in the ""Ring of Fire"" the world-famous Pacific Rim volcanic belt. The volcano erupts, and the fates of the people on the island are entangled.",,,,,,"DVD, action",,,0.00,,,,,1,42531578,,,,,,,,
Skyline,,"When strange lights descend on the city of Los Angeles, people are drawn outside like moths to a flame where an extraterrestrial force threatens to swallow the entire human population off the face of the Earth. Now the band of survivors must fight for their lives as the world unravels around them.",,,,,,"DVD, sci-fi",,,0.00,,,,,1,17698810,,,,,,,,
Speed,,Tensions run high when a crazed bomber rigs a Los Angeles bus with a device that will kill everyone on board if the vehicle's speed dips below fifty miles per hour.,,,,,,"DVD, action",,,0.00,,,,,1,97428730,,,,,,,,
Spider-Man 2,,"Peter Parker is going through a major identity crisis. Burned out from being Spider-Man, he decides to shelve his superhero alter ego, which leaves the city suffering in the wake of carnage left by the evil Doc Ock. In the meantime, Parker still can't act on his feelings for Mary Jane Watson, a girl he's loved since childhood. A certain anger begins to brew in his best friend Harry Osborn as well...",,,,,,"DVD, action",,,0.00,,,,,1,94083834,,,,,,,,
Star Wars: Attack of the Clones,,"Following an assassination attempt on Senator Padmé Amidala, Jedi Knights Anakin Skywalker and Obi-Wan Kenobi investigate a mysterious plot into the heart of the Separatist movement and the beginning of the Clone Wars.",,,,,,"DVD, sci-fi",,,0.00,,,,,1,83106554,,,,,,,,
Star Wars Episode 1: The Phantom Menace,,"Anakin Skywalker, a young slave strong with the Force, is discovered on Tatooine. Meanwhile, the evil Sith have returned, enacting their plot for revenge against the Jedi.",,,,,,"VHS, sci-fi",,,0.00,,,,,1,07467258,,,,,,,,
Star Wars: The Phantom Menace,,"Anakin Skywalker, a young slave strong with the Force, is discovered on Tatooine. Meanwhile, the evil Sith have returned, enacting their plot for revenge against the Jedi.",,,,,,"DVD, sci-fi",,,0.00,,,,,1,94542586,,,,,,,,
Stepmom,,"Jackie is a divorced mother of two. Isabel is the career minded girlfriend of Jackie’s ex-husband Luke, forced into the role of unwelcome stepmother to their children. But when Jackie discovers she is ill, both women realise they must put aside their differences to find a common ground and celebrate life to the fullest, while they have the chance.",,,,,,"VHS, drama",,,0.00,,,,,1,18870522,,,,,,,,
Stuart Little 2,,"Stuart, an adorable white mouse, still lives happily with his adoptive family, the Littles, on the east side of Manhattan's Central Park. More crazy mouse adventures are in store as Stuart, his human brother, George, and their mischievous cat, Snowbell, set out to rescue a friend.",,,,,,"DVD, kids-family",,,0.00,,,,,1,51981562,,,,,,,,
Stuart Little,,"When the Littles adopt Stuart, the mouse, George is initially unwelcoming to his new brother, and the family cat, Snowbell, is even less enthusiastic. Stuart resolves to face these difficulties with as much pluck and courage as he can muster.",,,,,,"DVD, kids-family",,,0.00,,,,,1,96216314,,,,,,,,
Suburban Commando,,"Shep Ramsey is an interstellar hero, righting wrongs, etc. His ship is damaged after a fight with an interstellar nasty and he must hide out on Earth until it can recharge. He leaves his power suit at home, but still finds himself unable to allow wrongs to go unrighted and so mixes it up with bad drivers, offensive paperboys, muggers and the like.",,,,,,"VHS, comedy",,,0.00,,,,,1,18673914,,,,,,,,
Swimfan,,"Ben Cronin has it all: the admiration of his many friends, a terrific girlfriend, and he's on the fast-track to an athletic scholarship. Ben's rock-solid, promising future and romance are turned upside-down with the arrival of Madison Bell. Madison, the new girl in town, quickly sets her sights on the impressionable Ben. While their first few meetings are innocent enough, the obsessive and seductive Madison wants more ... much more.",,,,,,"DVD, thriller",,,0.00,,,,,1,48049402,,,,,,,,
Tears of the Sun,,"Navy SEAL Lieutenant A.K. Waters and his elite squadron of tactical specialists are forced to choose between their duty and their humanity, between following orders by ignoring the conflict that surrounds them, or finding the courage to follow their conscience and protect a group of innocent refugees. When the democratic government of Nigeria collapses and the country is taken over by a ruthless military dictator, Waters, a fiercely loyal and hardened veteran is dispatched on a routine mission to retrieve a Doctors Without Borders physician.",,,,,,"DVD, action",,,0.00,,,,,1,44727034,,,,,,,,
Teenage Mutant Ninja Turtles 2,,"The Turtles and the Shredder battle once again, this time for the last cannister of the ooze that created the Turtles, which Shredder wants to create an army of new mutants. Meanwhile Splinter is coming... to a decision.",,,,,,"VHS, kids-family",,,0.00,,,,,1,07631098,,,,,,,,
That Thing You Do,,"A Pennsylvania band scores a hit in 1964 and rides the star-making machinery as long as it can, with lots of help from its manager. But behind the scenes, the group’s sudden fame tests their strength, their maturity and responsibility, and their ability to resist the temptations that money and notoriety always make possible.",,,,,,"VHS, drama",,,0.00,,,,,1,07106810,,,,,,,,
The 39 Steps,,"Richard Hanney has a rude awakening when a glamorous female spy falls into his bed - with a knife in her back. Having a bit of trouble explaining it all to Scotland Yard, he heads for the hills of Scotland to try to clear his name by locating the spy ring known as The 39 Steps.",,,,,,"VHS, thriller",,,0.00,,,,,1,07041274,,,,,,,,
The 40 Year-Old-Virgin,,"Andy Stitzer has a pleasant life with a nice apartment and a job stamping invoices at an electronics store. But at age 40, there's one thing Andy hasn't done, and it's really bothering his sex-obsessed male co-workers: Andy is still a virgin. Determined to help Andy get laid, the guys make it their mission to de-virginize him. But it all seems hopeless until Andy meets small business owner Trish, a single mom.",,,,,,"DVD, comedy",,,0.00,,,,,1,94411514,,,,,,,,
The Awakening,,"In post–War England, a writer and sometime-ghost hunter investigates a reported haunting at a boys boarding school.",,,,,,"DVD, horror",,,0.00,,,,,1,42249466,,,,,,,,
The Boss Baby,,"A story about how a new baby's arrival impacts a family, told from the point of view of a delightfully unreliable narrator, a wildly imaginative 7 year old named Tim.",,,,,,"DVD, kids-family",,,0.00,,,,,1,96249082,,,,,,,,
The Box Trolls,,"The Boxtrolls is a 2014 stop-motion animated fantasy comedy from Laika, about a boy raised by cardboard-box-wearing trolls.",,,,,,"DVD, kids-family",,,0.00,,,,,1,97068282,,,,,,,,
The Call of the Wild,,"A prospector, a trapper and their sled dog battle the Klondike elements on their journey to get to the gold country.",,,,,,"DVD, kids-family",,,0.00,,,,,1,97990906,,,,,,,,
The Chronicles of Riddick,,"After years of outrunning ruthless bounty hunters, escaped convict Riddick suddenly finds himself caught between opposing forces in a fight for the future of the human race. Now, waging incredible battles on fantastic and deadly worlds, this lone, reluctant hero will emerge as humanity's champion - and the last hope for a universe on the edge of annihilation.",,,,,,"DVD, sci-fi",,,0.00,,,,,1,06863866,,,,,,,,
The Dark,,"In an attempt to pull her family together, Adèlle travels with her young daughter Sarah to Wales to visit her father. The morning after they arrive, Sarah mysteriously vanishes in the ocean. Not long after, a little girl bearing a striking resemblance to their missing daughter reveals that she has retuned from the dead — and that Sarah has been taken to the Welsh underworld.",,,,,,"DVD, horror",,,0.00,,,,,1,06798330,,,,,,,,
The Emperor's Sword,,"During the chaotic rule of Qin Shi Huang ruled China, his Qin Dynasty is about to be usurped by Zhao Gao. For a time, heroes came together to guard the Ding Qin sword that could stabilize the country, so as not to fall into the hands of the enemy., Ji Lian a loyal subject of the Qin Dynasty did not retreat from the untold fighters sent by the wicked Zhao Gao, and vowed to stick to the last moment of life to safeguard the sword and the Qin dynasty.",,,,,,"DVD, action",,,0.00,,,,,1,71397114,,,,,,,,
The First Purge,,"To push the crime rate below one percent for the rest of the year, the New Founding Fathers of America test a sociological theory that vents aggression for one night in one isolated community. But when the violence of oppressors meets the rage of the others, the contagion will explode from the trial-city borders and spread across the nation.",,,,,,"DVD, horror",,,0.00,,,,,1,62295546,,,,,,,,
The Gambler,,"Literature professor Jim Bennett leads a secret life as a high-stakes gambler. Always a risk-taker, Bennett bets it all when he borrows from a gangster and offers his own life as collateral. Staying one step ahead, he pits his creditor against the operator of an illicit gambling ring while garnering the attention of Frank, a paternalistic loan shark. As his relationship with a student deepens, Bennett must risk everything for a second chance.",,,,,,"DVD, action",,,0.00,,,,,1,42498810,,,,,,,,
The Godfather Collection,,"The Godfather Collection gathers Francis Ford Coppola's crime drama trilogy — The Godfather (1972), The Godfather Part II (1974), and The Godfather Part III (1990) — starring Marlon Brando and Al Pacino.",,,,,,"DVD, drama",,,0.00,,,,,1,83892986,,,,,,,,
The Invincible Iron Man,,"When a cocky industrialist's efforts to raise an ancient Chinese temple leads him to be seriously wounded and captured by enemy forces, he must use his ideas for a revolutionary power armor in order to fight back as a superhero.",,,,,,"DVD, action",,,0.00,,,,,1,06962170,,,,,,,,
The Killing,,"Career criminal Johnny Clay recruits a sharpshooter, a crooked police officer, a bartender and a betting teller named George, among others, for one last job before he goes straight and gets married. But when George tells his restless wife about the scheme to steal millions from the racetrack where he works, she hatches a plot of her own.",,,,,,"DVD, thriller",,,0.00,,,,,1,51424506,,,,,,,,
The Legend of Hercules,,"In Ancient Greece 1200 B.C., a queen succumbs to the lust of Zeus to bear a son promised to overthrow the tyrannical rule of the king and restore peace to a land in hardship. But this prince, Hercules, knows nothing of his real identity or his destiny. He desires only one thing: the love of Hebe, Princess of Crete, who has been promised to his own brother. When Hercules learns of his greater purpose, he must choose: to flee with his true love or to fulfill his destiny and become the true hero of his time. The story behind one of the greatest myths is revealed in this action-packed epic - a tale of love, sacrifice and the strength of the human spirit.",,,,,,"DVD, fantasy",,,0.00,,,,,1,17436666,,,,,,,,
The Matador,,"The life of Danny Wright, a salesman forever on the road, veers into dangerous and surreal territory when he wanders into a Mexican bar and meets a mysterious stranger, Julian, who's very likely a hit man. Their meeting sets off a chain of events that will change their lives forever, as Wright is suddenly thrust into a far-from-mundane existence that he takes to surprisingly well … once he gets acclimated to it.",,,,,,"DVD, action",,,0.00,,,,,1,42085626,,,,,,,,
The Midnight Horror Collection,,"The Midnight Horror Collection Volume 11 is a horror movie multi-pack featuring Eric Roberts, Dennis Hopper, Stephen Lee, Lance Henriksen, and Billy Zane.",,,,,,"DVD, horror",,,0.00,,,,,1,17240058,,,,,,,,
The Nut Job & Nut Job 2,,"When the evil mayor of Oakton decides to bulldoze Liberty Park and build a dangerous amusement park in its place, Surly Squirrel and his ragtag group of animal friends need to band together to save their home, defeat the mayor, and take back the park.",,,,,,"DVD, kids-family",,,0.00,,,,,1,97302778,,,,,,,,
The Nutty Professor,,"When beautiful Carla Purty joins the university faculty, genetic professor Dr. Sherman Klump grows desperate to whittle his 400-pound frame down to size and win her heart. So, with one swig of his experimental fat-reducing serum, Sherman becomes 'Buddy Love', a fast-talking, pumped-up, plumped down Don Juan.",,,,,,"VHS, comedy",,,0.00,,,,,1,18510074,,,,,,,,
The Oath,,"In a politically-divided United States, a man struggles to make it through the Thanksgiving holiday without destroying his family.",,,,,,"DVD, comedy",,,0.00,,,,,1,90951674,,,,,,,,
The Oija Experiment,,The Ouija Experiment (2011) follows a film student and his friends who open a portal to the spirit world after playing with a Ouija board.,,,,,,"DVD, horror",,,0.00,,,,,1,05585914,,,,,,,,
The Outsider,,"Revolves around a British military contractor Lex Walker who is told his daughter has died. When he arrives in Los Angeles and discovers the body is not hers, he begins an investigation.",,,,,,"DVD, action",,,0.00,,,,,1,19632122,,,,,,,,
The Pit and the Pendulum,,"Set during the height of Spanish Inquisition. The beautiful and kind-hearted Maria is arrested as a witch when she inadvertently cries out in horror at the public whipping of a child. As Maria’s husband Antonio tries to save her, Torquemada, the Grand Inquisitor, determines to punish Maria with torture for the desire she inflames in him. Loosely based on Edgar Allen Poe's classic short story.",,,,,,"VHS, horror",,,0.00,,,,,1,18379002,,,,,,,,
The Remains,,"After a family moves into an old Victorian home, they discover a chest in the attic containing antiques tainted by a malevolent spirit. As the antiques slowly possess each family member, the spirit grows stronger, hellbent on kidnapping the children.",,,,,,"DVD, horror",,,0.00,,,,,1,42118394,,,,,,,,
The Road Warrior,,The Road Warrior (also known as Mad Max 2) is a 1981 Australian post-apocalyptic action film starring Mel Gibson as Max Rockatansky.,,,,,,"DVD, sci-fi",,,0.00,,,,,1,07126010,,,,,,,,
The Scorpion King,,"In ancient Egypt, peasant Mathayus is hired to exact revenge on the powerful Memnon and the sorceress Cassandra, who are ready to overtake Balthazar's village. Amid betrayals, thieves, abductions and more, Mathayus strives to bring justice to his complicated world.",,,,,,"DVD, fantasy",,,0.00,,,,,1,17502202,,,,,,,,
The Shawshank Redemption,,"Imprisoned in the 1940s for the double murder of his wife and her lover, upstanding banker Andy Dufresne begins a new life at the Shawshank prison, where he puts his accounting skills to work for an amoral warden. During his long stretch in prison, Dufresne comes to be admired by the other inmates -- including an older prisoner named Red -- for his integrity and unquenchable sense of hope.",,,,,,"DVD, drama",,,0.00,,,,,1,80317946,,,,,,,,
The Sicilian,,"Egocentric bandit Salvatore Giuliano fights the Church, the Mafia, and the landed gentry while leading a populist movement for Sicilian independence.",,,,,,"DVD, thriller",,,0.00,,,,,1,51391738,,,,,,,,
The Sorcerer's Apprentice,,"Balthazar Blake is a master sorcerer in modern-day Manhattan trying to defend the city from his arch-nemesis, Maxim Horvath. Balthazar can't do it alone, so he recruits Dave Stutler, a seemingly average guy who demonstrates hidden potential, as his reluctant protégé. The sorcerer gives his unwilling accomplice a crash course in the art and science of magic, and together, these unlikely partners work to stop the forces of darkness.",,,,,,"DVD, kids-family",,,0.00,,,,,1,95992058,,,,,,,,
The Spirit,,"Rookie cop Denny Colt returns from the beyond as The Spirit, a hero whose mission is to fight against the bad forces from the shadows of Central City. The Octopus, who kills anyone unfortunate enough to see his face, has other plans:g to wipe out the entire city.",,,,,,"DVD, action",,,0.00,,,,,1,93985530,,,,,,,,
The Toy,,"On one of his bratty son Eric's annual visits, the plutocrat U.S. Bates takes him to his department store and offers him anything in it as a gift. Eric chooses a black janitor who has made him laugh with his antics. At first the man suffers many indignities as Eric's ""toy"", but gradually teaches the lonely boy what it is like to have and to be a friend.",,,,,,"VHS, comedy",,,0.00,,,,,1,18542842,,,,,,,,
The Triangle,,This made-for-TV movie follows a group of friends as they try to find a boat lost for 50 years in the Bermuda Triangle.,,,,,,"DVD, sci-fi",,,0.00,,,,,1,72347386,,,,,,,,
The Wave,,"Although theorised, no one is really ready when a mountain pass above the scenic and narrow Geiranger fjord in Norway collapses and creates a tsunami over 300 feet high. A geologist is one of those caught in the middle of it.",,,,,,"DVD, action",,,0.00,,,,,1,71724794,,,,,,,,
This is Christmas,,"Christmas is approaching, and best friends Harry, Jordan, Ben, and Dennis are at their annual get together before the holidays. As they share stories of their past year, it is clear they all still have a lot of growing to do. Jimmy struggles with an unhappy marriage and an ill-timed affair with his daughter's 17 year old babysitter. Meanwhile, his best friend Jordan splits from his partner, Steve, only to discover he may not be the biological father of their daughter. Harry struggles with an estranged relationship with his father and his ex-wife. But everything turns into total chaos when Ben loses custody of his son and decides kidnapping is the only way to save his family. Now these friends must come together and do the right thing, proving family and friendship is what is most important. With an all star ensemble cast, ""This Is Christmas"" is perfect for the holidays. -- from WowNow Entertainment",,,,,,"DVD, holiday",,,0.00,,,,,1,95238394,,,,,,,,
Thunderhead: Son of Flicka,,"A young boy tries to train Thunderhead, a beautiful white colt and the son of his beloved Flicka, to be a champion race horse.",,,,,,"DVD, kids-family",,,0.00,,,,,1,98023674,,,,,,,,
Tom & Jerry: Shiver Me Whiskers,,"Dueling cat-and-mouse team Tom and Jerry hit the high seas on a hunt for buried treasure in this pirate adventure. The tale begins when crew member Tom sets sail with an infamous pirate and finds a treasure map along with stowaway Jerry. The furry swashbucklers race to a deserted island where X marks the spot, but along with battling each other, they must outwit ruthless buccaneers, angry monkeys and a giant octopus to strike it rich.",,,,,,"DVD, kids-family",,,0.00,,,,,1,96642298,,,,,,,,
True Heart,,"A brother and sister are plane-wrecked in Canada, where they must rely on the help of a native and his bear.",,,,,,"DVD, kids-family",,,0.00,,,,,1,51490042,,,,,,,,
Twister,,"An unprecedented series of violent tornadoes is sweeping across Oklahoma. Tornado chasers, headed by Dr. Jo Harding, attempt to release a groundbreaking device that will allow them to track them and create a more advanced warning system. They are joined by Jo's soon to be ex-husband Bill, a former tornado chaser himself, and his girlfriend Melissa.",,,,,,"VHS, action",,,0.00,,,,,1,07074042,,,,,,,,
Two Weeks Notice,,"Dedicated environmental lawyer Lucy Kelson goes to work for billionaire George Wade as part of a deal to preserve a community center. Indecisive and weak-willed George grows dependent on Lucy's guidance on everything from legal matters to clothing. Exasperated, Lucy gives notice and picks Harvard graduate June Carter as her replacement. As Lucy's time at the firm nears an end, she grows jealous of June and has second thoughts about leaving George.",,,,,,"VHS, romantic-comedy",,,0.00,,,,,1,07434490,,,,,,,,
Uncle Drew,,Uncle Drew recruits a squad of older basketball players to return to the court to compete in a tournament.,,,,,,"DVD, comedy",,,0.00,,,,,1,91246586,,,,,,,,
Underdog,,A lab accident gives a beagle named Shoeshine some serious superpowers -- a secret that the dog eventually shares with the young boy who becomes his owner and friend.,,,,,,"DVD, kids-family",,,0.00,,,,,1,07224314,,,,,,,,
Unfaithful,,A New York suburban couple's marriage goes dangerously awry when the wife indulges in an adulterous fling.,,,,,,"DVD, thriller",,,0.00,,,,,1,83794682,,,,,,,,
Black X-Mas,,"As the residents of sorority house Pi Kappa Sigma prepare for the festive season, a stranger begins a series of obscene phone calls with dubious intentions...",,,,,,"DVD, horror",,,0.00,,,,,1,17403898,,,,,,,,
Water for Elehants,,"Water for Elephants is a 2011 period romantic drama starring Reese Witherspoon and Robert Pattinson, based on the novel by Sara Gruen.",,,,,,"DVD, drama",,,0.00,,,,,1,06831098,,,,,,,,
White Noise 2,,"A man's family brought back from the verge of death, he then discovers he can identify people who are about to die.",,,,,,"DVD, thriller",,,0.00,,,,,1,47983866,,,,,,,,
White,,"A struggling Hollywood actress has a sideline, working through the night to support her dream.",,,,,,"VHS, foreign",,,0.00,,,,,1,18772218,,,,,,,,
Who Framed Roger Rabbit?,,"Toon star Roger is worried that his wife Jessica is playing pattycake with someone else, so the studio hires detective Eddie Valiant to snoop on her. But the stakes are quickly raised when Marvin Acme is found dead and Roger is the prime suspect.",,,,,,"VHS, kids-family",,,0.00,,,,,1,06975738,,,,,,,,
Who's Your Caddy?,,"Superstar rap mogul C-Note wants to join the Carolina Pines Golf & Country Club, but faces stiff opposition from the establishment's snooty members. C-Note forces the issue by purchasing the land adjacent to the golf course's 17th hole. As the club leaders search for a way to revoke his membership, C-Note realizes his family's honor and golf history are at stake, and digs in for the fight of his life.",,,,,,"DVD, comedy",,,0.00,,,,,1,91443194,,,,,,,,
Willow,,"The evil Queen Bavmorda hunts the newborn princess Elora Danan, a child prophesied to bring about her downfall. When the royal infant is found by Willow, a timid farmer and aspiring sorcerer, he's entrusted with delivering her from evil.",,,,,,"VHS, fantasy",,,0.00,,,,,1,02388218,,,,,,,,
X-Men Revealed,,X-Men Revealed is a promotional bonus behind-the-scenes disc released alongside the X-Men film series.,,,,,,"DVD, action",,,0.00,,,,,1,44694266,,,,,,,,
Zookeeper,,"Kindhearted Griffin Keyes is one of the best-loved caretakers at the Franklin Park Zoo, but he's more comfortable with the animals than with females of his own species as proven by his failed marriage proposal to the self-absorbed Stephanie several years ago. The animals have listened to Griffin pine over her for years and, after she reappears in his life, they decide to help Griffin rekindle the relationship and become the alpha male she wants him to be. They inadvertently reveal their secret ability to talk and, after Griffin's initial shock, teach him the rules of courtship, animal-style. Surprisingly, the animals' advice really works and Griffin is about to get everything he's ever dreamed of--or is he?",,,,,,"DVD, comedy",,,0.00,,,,,1,62098938,,,,,,,,
102 Dalmatians,,"Get ready for a howling good time as an all new assortment of irresistible animal heroes are unleashed in this great family tail! In an unlikely alliance, the outrageous Waddlesworth - a parrot who thinks he's a Rottweiler - teams up with Oddball - an un-marked Dalmatian puppy eager to earn her spots! Together they embark on a laugh-packed quest to outwit the ever-scheming Cruella De Vil.",,,,,,"VHS, kids-family",,,0.00,,,,,1,33141498,,,,,,,,
A Friend of the Deceased,,"Tolla is an unemployed translator whose wife is leaving him. Despondent and weak, he submits to the suggestion of an acquaintance to have a contract placed on the man that his wife is seeing. Instead, however, he arranges for the hit to be placed on himself. Before the contract is executed, he develops a relationship with a prostitute, and then changes his mind. In order to survive he takes the obvious course of action, which turns out to have possibly been unnecessary, and then he must deal with the guilt.",,,,,,"VHS, foreign",,,0.00,,,,,1,74679802,,,,,,,,
A Funny Thing Happened on the Way to the Forum,,A wily slave must unite a virgin courtesan and his young smitten master to earn his freedom.,,,,,,"VHS, comedy",,,0.00,,,,,1,74548730,,,,,,,,
A Grand Collection of Swaordsman II,,"Swordsman II (also known as The Legend of the Swordsman) is a 1992 Hong Kong wuxia film loosely adapted from Jin Yong's novel The Smiling, Proud Wanderer, the second part of the Swordsman trilogy.",,,,,,"DVD, action",,,0.00,,,,,1,20525818,,,,,,,,
A Weekend in the Country,,"Six people. One weekend. The possibilities are endless when city meets country in this roundelay of old flames, new flings, and last chances.",,,,,,"VHS, drama",,,0.00,,,,,1,74188282,,,,,,,,
Aladdin,,"In the boorish city of Agrabah, kind-hearted street urchin Aladdin and Princess Jasmine fall in love, although she can only marry a prince. He and power-hungry Grand Vizier Jafar vie for a magic lamp that can fulfill their wishes.",,,,,,"VHS, kids-family",,,0.00,,,,,1,32617210,,,,,,,,
Alice's Restaurant,,"After getting kicked out of college, Arlo decides to visit his friend Alice for Thanksgiving dinner. After dinner is over, Arlo volunteers to take the trash to the dump but finds it closed for the holiday, so he dumps the trash in the bottom of a ravine. This act of littering gets him arrested and sends him on a bizarre journey.",,,,,,"VHS, comedy",,,0.00,,,,,1,38100730,,,,,,,,
Amor Bandido,,"Police investigator Galvão is pursuing two trails, one professional and one personal. While he looks for a serial killer, he also searches for his estranged daughter, Sandra, whom he kicked out of the house. Lives intersect when the serial killer, Toninho, befriends Sandra, now an exotic dancer and prostitute living and working in the seamy underside of late 1970s Rio.",,,,,,"DVD, thriller",,,0.00,,,,,1,95892218,,,,,,,,
An American Tail,,"A young mouse named Fievel and his family decide to migrate to America, a ""land without cats,"" at the turn of the 20th century. But somehow, Fievel ends up in the New World alone and must fend off not only the felines he never thought he'd have to deal with again but also the loneliness of being away from home.",,,,,,"VHS, kids-family",,,0.00,,,,,1,10899962,,,,,,,,
An Extremely Goofy Movie,,"It's all extreme sports and a life of freedom as Max sets off for college -- but Goofy misses Max so much he loses his job and goes to finish college alongside Max and his friends. But as Goofy tries to get closer to Max, both must go to the extreme to learn how to live their own lives together.",,,,,,"VHS, kids-family",,,0.00,,,,,1,33010426,,,,,,,,
An Officer and a Gentleman,,"Zack Mayo is an aloof, taciturn man who aspires to be a navy pilot. Once he arrives at training camp for his 13-week officer's course, Mayo runs afoul of abrasive, no-nonsense drill Sergeant Emil Foley. Mayo is an excellent cadet, but a little cold around the heart, so Foley rides him mercilessly, sensing that the young man would be prime officer material if he weren't so self-involved. Zack's affair with a working girl is likewise compromised by his unwillingness to give of himself.",,,,,,"VHS, drama",,,0.00,,,,,1,02224378,,,,,,,,
And She Was,,"A young girl deals with the discovery of her sexuality, her turbulent relationship with her mother, and high school during the 80s. Found under 'caroline & kaitlyn films' on youtube! This was made by 2 high school students for a senior project so please be kind!",,,,,,"VHS, drama",,,0.00,,,,,1,79971322,,,,,,,,
Article 99,,"Dr. Richard Sturgess leads a team of compassionate doctors at a veteran's hospital. Along with Drs. Morgan, Handleman and Van Dorn, he fights to deliver adequate care to needy veterans in the face of funding cuts and a corrupt administration. To succeed, the staff may have to bend the rules and circumvent the villainous ""Article 99,"" a bureaucratic loophole that prevents veterans from receiving the benefits they deserve.",,,,,,"VHS, drama",,,0.00,,,,,1,00581370,,,,,,,,
As Good As It Gets,,"A misanthropic author, a single mother and waitress, and a gay artist form an unlikely friendship after the artist is assaulted in a robbery.",,,,,,"VHS, comedy",,,0.00,,,,,1,10310138,,,,,,,,
Babe,,"Babe is a little pig who doesn't quite know his place in the world. With a bunch of odd friends, like Ferdinand the duck who thinks he is a rooster and Fly the dog he calls mum, Babe realises that he has the makings to become the greatest sheep pig of all time, and Farmer Hoggett knows it. With the help of the sheep dogs, Babe learns that a pig can be anything that he wants to be.",,,,,,"VHS, kids-family",,,0.00,,,,,1,17945082,,,,,,,,
Bananas,,"When a bumbling New Yorker is dumped by his activist girlfriend, he travels to a tiny Latin American nation and becomes involved in its latest rebellion.",,,,,,"DVD, comedy",,,0.00,,,,,1,20493050,,,,,,,,
Batman & Robin,,"Batman and his sidekick Robin attempt to the foil the sinister schemes of a deranged set of new villains, most notably the melancholy Mr. Freeze, who wants to make Gotham City into an arctic region, and the sultry Poison Ivy, a botanical femme fatale. As the Dynamic Duo contend with these bad guys, a third hero, Batgirl, joins the ranks of the city's crime-fighters.",,,,,,"VHS, action",,,0.00,,,,,1,02126074,,,,,,,,
Beethoven,,"The Newton family live in their comfortable home, but there seems to something missing. This ""hole"" is filled by a small puppy, who walks into their home and their lives. Beethoven, as he is named, grows into a giant of a dog... a St Bernard. Doctor Varnick, the local vet has a secret and horrible sideline, which requires lots of dogs for experiments. Beethoven is on the bad doctor's list.",,,,,,"VHS, kids-family",,,0.00,,,,,1,11162106,,,,,,,,
Beethoven's 3rd,,"Everyone's favorite St. Bernard returns in this family film about man's best friend. Richard Newton, his wife Beth and kids Brennan and Sara shove off in their camper for a road trip. Along the way, they gain a new passenger: slobbery Beethoven. The Newtons plan to return Beethoven to his owner -- but not before he turns hero when a pair of thieves enter the picture.",,,,,,"VHS, kids-family",,,0.00,,,,,1,18305530,,,,,,,,
Béla Fleck & The Flecktones | Live At The Quick,,"Fronted by one of the most accomplished banjo players of his time, Bela Fleck and the Flecktones are captured live in concert on Live at the Quick. The versatile band performs just over a dozen songs including such radically different compositions as ""Amazing Grace,"" ""Big Country,"" ""Hoedown,"" and the prelude from a Bach violin concerto.",,,,,,"DVD, musical",,,0.00,,,,,1,42229498,,,,,,,,
Black Society Trilogy,,The Black Society trilogy (Kuroshakai trilogy) is a series of films directed by Japanese filmmaker Takashi Miike involving Chinese triads and Japanese yakuza.,,,,,,"DVD, action",,,0.00,,,,,1,20198138,,,,,,,,
Bone Hill Road,,"Bonehill Road is a 2017 horror thriller directed by Todd Sheets. Two sisters fleeing a violent situation become stranded in the woods, hunted by a family of werewolves.",,,,,,"DVD, horror",,,0.00,,,,,1,96056058,,,,,,,,
Brightwood,,A couple find themselves trapped while on a run around a pond.,,,,,,"DVD, horror",,,0.00,,,,,1,96121594,,,,,,,,
Bruce Almighty,,"Bruce Nolan toils as a ""human interest"" television reporter in Buffalo, NY, but despite his high ratings and the love of his beautiful girlfriend, Bruce remains unfulfilled. At the end of the worst day in his life, he angrily ridicules God — and the Almighty responds, endowing Bruce with all of His divine powers.",,,,,,"VHS, comedy",,,0.00,,,,,1,10572282,,,,,,,,
Casper,,"Casper is a kind young ghost who peacefully haunts a mansion in Maine. When specialist James Harvey arrives to communicate with Casper and his fellow spirits, he brings along his teenage daughter, Kat. Casper quickly falls in love with Kat, but their budding relationship is complicated not only by his transparent state, but also by his troublemaking apparition uncles and their mischievous antics.",,,,,,"VHS, kids-family",,,0.00,,,,,1,33174266,,,,,,,,
Chilly Dogs,,"A man must participate in the Iditarod dog race across Alaska to inherit property from his legendary grandfather, but ends up getting much more than he bargained for.",,,,,,"VHS, kids-family",,,0.00,,,,,1,29343738,,,,,,,,
China Cry,,"Young Sung Neng Yee, who is brought as part of a wealthy Chinese family. She is eager to become part of Mao Tze Tung's ""new society"", but soon becomes disenchanted by the economic misery the changes bring to her family. Before long, the authorities become aware of Neng Yee's feelings and she is taken to a labour camp, overseen by the sadistic Colonel Cheng.",,,,,,"VHS, drama",,,0.00,,,,,1,80036858,,,,,,,,
Cool Runnings,,"When a Jamaican sprinter is disqualified from the Olympic Games, he enlists the help of a dishonored coach to start the first Jamaican bobsled team.",,,,,,"VHS, kids-family",,,0.00,,,,,1,18010618,,,,,,,,
D2 The Mighty Ducks,,"After Gordon Bombay's hockey comeback is cut short he is named coach of Team USA Hockey for the Junior Goodwill Games. Bombay reunites the Mighty Ducks and introduces a few new players, however, he finds himself distracted by his newfound fame and must regather if the Ducks are to defeat tournament favourites Iceland.",,,,,,"VHS, kids-family",,,0.00,,,,,1,33075962,,,,,,,,
Dave Matthews Band | Listener Supported,,"Recorded at Continental Airlines Arena in East Rutherford, New Jersey, on September 11, 1999, Dave Matthews Band's ""Listener Supported"" DVD presents the video version of the concert that became their fourth live album and was also broadcast on PBS' show In the Spotlight.",,,,,,"DVD, musical",,,0.00,,,,,1,42295034,,,,,,,,
Dave Matthews Band | Live at Folsom Field,,"Live at Folsom Field, Boulder, Colorado, also known as Live at Folsom Field, is the fourth live album released by the Dave Matthews Band. It was recorded in Boulder, Colorado at Folsom Field, the football stadium of the University of Colorado at Boulder on July 11, 2001. It was released on the RCA Records music label on November 5, 2002 on Compact Disc, VHS, and DVD.",,,,,,"DVD, musical",,,0.00,,,,,1,42262266,,,,,,,,
Dave Matthews Band | The Central Park Concert,,"The Central Park Concert is a two-disc DVD by the Dave Matthews Band. The album was recorded on September 24, 2003 on the Great Lawn of Central Park in New York, New York in front of a crowd of 121,382, the band's largest audience to date.",,,,,,"DVD, musical",,,0.00,,,,,1,42196730,,,,,,,,
Dave Matthews Band | The Videos 1994-2001,,"The Videos 1994–2001 is a music video compilation by the Dave Matthews Band, released on August 21, 2001 on VHS and DVD. The compilation features all of the band's 12 music videos from their first four albums, from ""What Would You Say"" to ""The Space Between"", with the earliest released in 1995, contrary to the compilation's title.",,,,,,"DVD, musical",,,0.00,,,,,1,41967354,,,,,,,,
Dead Heat,,Detective Roger Mortis is killed in action while investigating a string of mysterious robberies: until he's brought back from the dead with a chemical company's secret re-animation technology. Now he has twelve hours to solve the case of his own death before he dies: And stays dead.,,,,,,"VHS, action",,,0.00,,,,,1,00646906,,,,,,,,
Dead Poets Society,,"At an elite, old-fashioned boarding school in New England, a passionate English teacher inspires his students to rebel against convention and seize the potential of every day, courting the disdain of the stern headmaster.",,,,,,"VHS, drama",,,0.00,,,,,1,79774714,,,,,,,,
Death Wish 4,,"After the death of his girlfriend's daughter from a drug overdose, Paul Kersey takes on the local drug cartel.",,,,,,"VHS, action",,,0.00,,,,,1,11096570,,,,,,,,
Deep Rising,,"A group of heavily armed hijackers board a luxury ocean liner in the South Pacific Ocean to loot it, only to do battle with a series of large-sized, tentacled, man-eating sea creatures who have taken over the ship first.",,,,,,"VHS, action",,,0.00,,,,,1,38166266,,,,,,,,
Demon of Paradise,,"Hunters become the hunted when illegal dynamite disturbs the ageold slumber of a carnivorous lizardman. Resort owner Angela, joins forces with Sheriff Keefer to save tourists from the beast's path of death.",,,,,,"VHS, horror",,,0.00,,,,,1,38133498,,,,,,,,
"Disaster Double Feature | Stormageddon, Impact Event",,"A disaster-movie double feature pairing Stormageddon and Impact Event, two made-for-TV science fiction disaster films.",,,,,,"DVD, action",,,0.00,,,,,1,96088826,,,,,,,,
Dracula Has Risen From The Grave,,"In the shadow of Castle Dracula, the Prince of Darkness is revived by blood trickling from the head-wound of an unconscious priest attempting exorcism. And once more fear and terror strikes Transylvania as the undead Prince of Darkness stalks the village of Keineneburg to ensnare victims and satisfy his evil thirst.",,,,,,"VHS, horror",,,0.00,,,,,1,11063802,,,,,,,,
Duel to the Death,,"In 16th century, during the Ming dynasty era, every ten years the greatest swordsman from Japan faces the greatest swordsman from China in a duel to the death for their nation's honor. As a duel approaches, Chinese champion Bo Ching-Wan and Japanese champion Miyamoto uncover a plot to rig the fight.",,,,,,"DVD, action",,,0.00,,,,,1,20427514,,,,,,,,
Dumbo,,"Dumbo is a baby elephant born with over-sized ears and a supreme lack of confidence. But thanks to his even more diminutive buddy Timothy the Mouse, the pint-sized pachyderm learns to surmount all obstacles.",,,,,,"VHS, kids-family",,,0.00,,,,,1,32912122,,,,,,,,
"Enemies, a Love Story",,"A ghostwriter finds himself romantically involved with his current wife, a married woman and his long-vanished wife.",,,,,,"VHS, drama",,,0.00,,,,,1,79643642,,,,,,,,
E.T. The Extra Terrestrial,,"An alien is left behind on Earth and saved by the 10-year-old Elliott who decides to keep him hidden in his home. While a task force hunts for the extra-terrestrial, Elliott, his brother, and his little sister Gertie form an emotional bond with their new friend, and try to help him find his way home.",,,,,,"VHS, kids-family",,,0.00,,,,,1,02093306,,,,,,,,
Exception to the Rule,,An aggressive woman tries to blackmail a married gem trader who had an affair with her.,,,,,,"VHS, thriller",,,0.00,,,,,1,79479802,,,,,,,,
Extreme Heist,,"A pair of small time thieves bungle their biggest heist, get pulled into a scheme of deadly deceit and ultimately stumble onto a second chance to redeem themselves.",,,,,,"VHS, action",,,0.00,,,,,1,79807482,,,,,,,,
Face to Face,,"A psychiatrist temporarily separated from her family begins to experience severe psychological distress while working at a mental hospital and returning to her childhood home. As her professional responsibilities and personal relationships intersect, she undergoes a breakdown that forces her to confront long-suppressed memories and fears. (Note: This entry refers to the 1976 theatrical feature film (approximately 135 minutes), created by condensing and re-editing the four-part Swedish television miniseries originally produced the same year.)",,,,,,"VHS, drama",,,0.00,,,,,1,29278202,,,,,,,,
Facing the Enemy,,"Griff McCleary is a cop, now his son shot himself with Griff's gun. A year later both he and his wife are still reeling from it. Griff feeling shut out by his wife Olivia, decides to move out. Now he is investigating what appears to be a murder-suicide. He believes that there was no suicide. His investigation leads him to a girl named Nikki.",,,,,,"VHS, thriller",,,0.00,,,,,1,29114362,,,,,,,,
Faerie Tale Theater: Puss in Boots,,"Puss in Boots is a 1985 episode of the anthology series Faerie Tale Theatre, in which a clever cat outwits an ogre to elevate his master's fortunes and win a princess's hand.",,,,,,"VHS, kids-family",,,0.00,,,,,1,38002426,,,,,,,,
Fahrenheit 451,,"In the future, the government maintains control of public opinion by outlawing literature and maintaining a group of enforcers, known as “firemen,” to perform the necessary book burnings. Fireman Montag begins to question the morality of his vocation…",,,,,,"VHS, sci-fi",,,0.00,,,,,1,10998266,,,,,,,,
Fast Times at Ridgemont High,,A group of Southern-California high school students ignore their studies in favor of indulging in their teenage distractions.,,,,,,"VHS, comedy",,,0.00,,,,,1,02289914,,,,,,,,
Fiddler on the Roof,,"In a pre-revolutionary Russia, a poor Jewish milkman struggles with the challenges of a changing world as his daughters fall in love and antisemitism grows.",,,,,,"VHS, musical",,,0.00,,,,,1,37969658,,,,,,,,
Fireworks,,"A woman and a man, living in a trailer, are sitting at each side of their dinner table. The woman is glaring at the man, but the man seems completely remote. The woman runs out of their trailer and starts to wander around the forest.",,,,,,"DVD, drama",,,0.00,,,,,1,95990522,,,,,,,,
Five Weeks in a Balloon,,Professor Fergusson plans to make aviation history by making his way across Africa by balloon. He plans to claim uncharted territories in West Africa as proof of his inventions worth.,,,,,,"VHS, action",,,0.00,,,,,1,00548602,,,,,,,,
Flashdance,,"Alex Owens, a young woman juggling between two odd jobs, aspires to become a successful ballet dancer. Nick, who is her boss and lover, supports and encourages her to fulfil her dream.",,,,,,"VHS, drama",,,0.00,,,,,1,02257146,,,,,,,,
Flipping,,"The story of Michael Moore, Shot, Hooker, Joey, and Dennis. Five gangsters who work for a man named Leo. They soon discover they could get more out of life if they could run the streets themselves. Tensions build and loyalty is tested as they plan a hit that could change all of their lives forever.",,,,,,"VHS, action",,,0.00,,,,,1,10932730,,,,,,,,
For the Love of the Game,,"A baseball legend almost finished with his distinguished career at the age of forty has one last chance to prove who he is, what he is capable of, and win the heart of the woman he has loved for the past four years.",,,,,,"VHS, drama",,,0.00,,,,,1,79610874,,,,,,,,
Four Junior Detective,,"The four young snoopers Tim, Karl, Kloesschen and Gaby by chance discover a hidden cave near an old castle. In it there's a board that seems to describe the way to a legendary sword. They ask their history teacher Schindler about it. He forbids them further actions, but secretly continues investigations with help of two ruthless criminals. But our young heros don't give up on an adventure so fast...",,,,,,"VHS, kids-family",,,0.00,,,,,1,71239162,,,,,,,,
Foxtrap,,"Private detective is hired by rich man to find his niece, who has disappeared while traveling in Europe.",,,,,,"VHS, action",,,0.00,,,,,1,79938554,,,,,,,,
Frances,,The true story of Frances Farmer's meteoric rise to fame in Hollywood and the tragic turn her life took when she was blacklisted.,,,,,,"VHS, drama",,,0.00,,,,,1,08873722,,,,,,,,
Frankie Starlight,,The quirky story of a young boy's adventures growing up with his stunningly beautiful mother and the two very different men who love her.,,,,,,"VHS, drama",,,0.00,,,,,1,09037562,,,,,,,,
Freefall,,"An NTSB investigator and her boyfriend, who works for the FAA, investigate a series of similar and suspicious plane crashes that seem to be affecting only one airline.",,,,,,"VHS, thriller",,,0.00,,,,,1,09266938,,,,,,,,
Frog And Wombat,,Alli and Jane had their neighborhood under control... until their new principal moved in next door.,,,,,,"VHS, kids-family",,,0.00,,,,,1,74876410,,,,,,,,
Fugitive Among Us,,An increasingly obsessed detective chases an escaped rapist across the Southwest and enters into a complicated relationship with one of the victims.,,,,,,"VHS, action",,,0.00,,,,,1,73205242,,,,,,,,
Full Moon in Blue Water,,"Floyd, the owner of a bar on the Texas coast, has been depressed for a year after his wife disappeared in a swimming accident. He lives with his senile father-in-law ""The General"" and is helped by Jimmy, a former asylum inmate, and the good-natured Louise. The bar is rapidly losing money and Charlie wants to buy it cheaply before it becomes publicly known that a nearby bridge is to be built. Louise offers her savings to go into partnership with Floyd, but Floyd decides to sell when he is forced to pay his back taxes.",,,,,,"VHS, thriller",,,0.00,,,,,1,08906490,,,,,,,,
Fun In Acapulco,,"Mike Windgren works on a boat in Acapulco, but when the bratty daughter of its owner gets him fired, Mike finds new work as a lifeguard and singer at a local hotel. Tensions increase when Mike runs afoul of the rival lifeguard—also the champion diver of Mexico.",,,,,,"VHS, musical",,,0.00,,,,,1,10408442,,,,,,,,
Funny About Love,,"As political cartoonist Duffy and his bride Meg fail to conceive, he and sorority girl Daphne succeed.",,,,,,"VHS, romantic-comedy",,,0.00,,,,,1,09594618,,,,,,,,
Funny Farm,,"Sportswriter Andy Farmer moves with his schoolteacher wife Elizabeth to the country in order to write a novel in relative seclusion. Of course, seclusion is the last thing the Farmers find in the small, eccentric town, where disaster awaits them at every turn.",,,,,,"VHS, comedy",,,0.00,,,,,1,09135866,,,,,,,,
FW Murnau's Nosferatu,,"Nosferatu: A Symphony of Horror is a 1922 silent German Expressionist vampire film directed by F. W. Murnau, starring Max Schreck as Count Orlok.",,,,,,"DVD, horror",,,0.00,,,,,1,20591354,,,,,,,,
Gallipoli,,Two Australian sprinters face the brutal realities of war when they are sent to fight in the Gallipoli campaign in the Ottoman Empire during World War I.,,,,,,"VHS, drama",,,0.00,,,,,1,29245434,,,,,,,,
Genuine Risk,,An unlucky horseplayer turns collector for a mobster and winds up on the run after bungling a job.,,,,,,"VHS, thriller",,,0.00,,,,,1,73827834,,,,,,,,
Ghost,,"After a young man is murdered, his spirit stays behind to warn his lover of impending danger, with the help of a reluctant psychic.",,,,,,"VHS, drama",,,0.00,,,,,1,02355450,,,,,,,,
Girls Will Be Girls,,"A group of employees, on a winter vacation, rather than skiing, spend their time in an attempt to impress the beautiful Angela and a sexy servant girl.",,,,,,"VHS, comedy",,,0.00,,,,,1,75138554,,,,,,,,
Goosed,,"Sheltered rich girl Charlene has an over-protective mother who insists that her daughter should marry a rich doctor. After Charlene's psychic predicts that her future lover is named Steven, she heads to L.A. to search for him.",,,,,,"VHS, comedy",,,0.00,,,,,1,00515834,,,,,,,,
Grizzly Falls,,"When a young boy is captured by a grizzly bear, he begins the most incredible journey of a lifetime, full of breathtaking excitement, harrowing danger and thrilling surprises.",,,,,,"VHS, kids-family",,,0.00,,,,,1,73696762,,,,,,,,
Gummo,,"Teenagers Solomon and Tummler kill time in Xenia, Ohio, a small town that has never recovered from the tornado that ravaged the community in the 1970s.",,,,,,"DVD, drama",,,0.00,,,,,1,20722426,,,,,,,,
Held for Ransom,,"HELD FOR RANSOM tells the true story of Danish photojournalist Daniel Rye who was held hostage for 398 days in Syria by the terror organization ISIS along with several other foreign nationals including the American journalist, James Foley. The film follows Daniel’s struggle to survive in captivity, his friendship with James, and the nightmare of the Rye family back home in Denmark as they try to do everything in their power to save their son. At the center of this crisis, we find hostage negotiator, Arthur, who plays a pivotal role in securing Daniel’s release.",,,,,,"VHS, drama",,,0.00,,,,,1,29409274,,,,,,,,
Henry & June,,"While traveling in Paris, author Henry Miller and his wife, June, meet Anais Nin, and sexual sparks fly as Nin starts an affair with the openly bisexual June. When June is forced to return to the U.S., she gives Nin her blessing to sleep with her husband. Then, when June returns to France, an unexpected, and sometimes contentious, threesome forms.",,,,,,"VHS, drama",,,0.00,,,,,1,09103098,,,,,,,,
Hideous Kinky,,"In 1972, disenchanted about the dreary conventions of English life, 25-year-old Julia heads for Morocco with her daughters, six-year-old Lucy and precocious eight-year-old Bea.",,,,,,"VHS, drama",,,0.00,,,,,1,09430778,,,,,,,,
Hoffa,,"A portrait of union leader James R. Hoffa, as seen through the eyes of his friend, Bobby Ciaro. The film follows Hoffa through his countless battles with the RTA and President Roosevelt.",,,,,,"VHS, drama",,,0.00,,,,,1,10867194,,,,,,,,
Home Alone 2,,"Masha Khametova goes on a summer trip in a camper van with her parents. Three years ago, mom and dad promised their daughter that they would spend more time together, and now a trip to nature is a family tradition. But Masha has grown up, and she is bored of spending so much time with her parents. The teenager's soul is yearning for new adventures, but the adults do not understand this at all. One of the stops on the family's route is a campsite. A bus that takes the teenagers to a summer camp also stops there. Masha meets one of the girls. By a lucky chance, her name is also Masha, and she does not want to go to camp at all. Without thinking twice, the girls switch places: Masha Khametova goes to camp, and the ""other Masha"" calmly returns home.",,,,,,"VHS, kids-family",,,0.00,,,,,1,18076154,,,,,,,,
Homegrown,,"Three laborers on a Northern California marijuana plantation become increasingly paranoid when they learn that their boss has been murdered. They know enough to run, taking with them enough of the crop to pay them for services rendered. Hooking up with go-between Lucy in the next town, they plot their next move.",,,,,,"VHS, comedy",,,0.00,,,,,1,73303546,,,,,,,,
Hook,,"The boy who wasn't supposed to grow up—Peter Pan—does just that, becoming a soulless corporate lawyer whose workaholism could cost him his wife and kids. During his trip to see Granny Wendy in London, the vengeful Capt. Hook kidnaps Peter's kids and forces Peter to return to Neverland.",,,,,,"VHS, kids-family",,,0.00,,,,,1,18108922,,,,,,,,
In Search of the Castaways,,"Two teenagers, Mary (Hayley Mills) and Robert (Keith Hamshere) are lead by Professor Paganel (Maurice Chevalier) on a search expedition for the children's shipwrecked sea captain father. This Disney film was based upon Jules Verne's 1868 adventure novel Captain Grant's Children.",,,,,,"VHS, kids-family",,,0.00,,,,,1,80167930,,,,,,,,
Incubus | The Morning View Sessions,,"Funky hard rock upstarts Incubus recorded their album Morning View at a house in Malibu, CA, and in a special event to celebrate the album's release, the group played a special radio concert at the Sony studios in New York City, which had been decorated to look like the house where the album took shape. Incubus: Morning View Sessions is a video record of the group's radio performance, which includes ""Nice to Know You,"" ""Wish You Were Here,"" ""Drive,"" ""New Skin,"" ""Stellar,"" and seven others. Mark Deming, Rovi",,,,,,"DVD, musical",,,0.00,,,,,1,42065658,,,,,,,,
"James Stewart | Mode for Each Other, Pot O' Gold",,A double feature DVD pairing two James Stewart films: Made for Each Other (1939) and Pot o' Gold (1941).,,,,,,"VHS, drama",,,0.00,,,,,1,11129338,,,,,,,,
Jane Austen's Persuasion,,"In early 19th-century England, dire financial straits reacquaint the aristocratic Anne Elliot with her wealthy ex-fiance Frederick Wentworth. The two must choose between either putting the past behind them or listening to their hearts.",,,,,,"VHS, drama",,,0.00,,,,,1,70977018,,,,,,,,
Jimi Hendrix | Jimi Plays Berkeley,,"This rousing world-famous concert is regarded by critics to be one of Jimi Hendrix's finest performances ever. Taking footage from two separate performances at the Berkeley Community Theater on May 30th, 1970, these incendiary shows help illustrate the student uprisings in Berkeley, by setting footage to the stunning backdrop of some awe-inspiring Hendrix material. Tracks include ""Purple Haze,"" ""Voodoo Child (Slight Return),"" ""Star Spangled Banner,"" ""Hey Joe,"" and many others. This is a never-to-be-forgotten musical experience you will enjoy over and over again.",,,,,,"VHS, musical",,,0.00,,,,,1,10801658,,,,,,,,
John Mayer | Any Give Thursday,,"Any Given Thursday is a live CD/DVD by John Mayer, recorded at Oak Mountain Amphitheater in Birmingham, Alabama during his Room for Squares tour.",,,,,,"DVD, musical",,,0.00,,,,,1,42131194,,,,,,,,
Johnny Handsome,,"A career criminal who has been deformed since birth is given a new face by a kindly doctor and paroled from prison. It appears that he has gone straight, but he is really planning his revenge on the man who killed his mentor and sent him to prison.",,,,,,"DVD, thriller",,,0.00,,,,,1,24031994,,,,,,,,
Julia Has Two Lovers,,"Julia gets a call to a wrong number, but stays on the phone with the man on the other end for the entire day.",,,,,,"VHS, comedy",,,0.00,,,,,1,74450426,,,,,,,,
Kids Rock,,"Four boys between 11 and 13 years old are members of the rock band Blană Bombă. The magnificent four are observed both on the path of artistic transformations, and on the way from childhood to adolescence.",,,,,,"VHS, kids-family",,,0.00,,,,,1,17977850,,,,,,,,
Kill Zone,,"An American colonel will pay any price to defeat the Viet Cong. When his unauthorized fighting force in Cambodia is discovered, he becomes a one man army, fighting a war of his own for a cause he knows is just.",,,,,,"VHS, action",,,0.00,,,,,1,80004090,,,,,,,,
Killing Time,,"After the mobster who murdered his partner is acquitted, semicorrupt detective Robert Bryant hires a beautiful female assassin, Maria, to kill him. When he discovers that he cannot afford Maria's services, Bryant is forced to hire another assassin, Madison, to kill her. Maria survives the doublecross and sets out to collect what's owed to her, one way or another.",,,,,,"VHS, thriller",,,0.00,,,,,1,80102394,,,,,,,,
Kiss the Girls,,"Forensic psychologist and detective Alex Cross travels to North Carolina and teams with escaped kidnap victim Kate McTiernan to hunt down ""Casanova,"" a serial killer who abducts strong-willed women and forces them to submit to his demands. The trail leads to Los Angeles, where the duo discovers that the psychopath may not be working alone.",,,,,,"VHS, thriller",,,0.00,,,,,1,38067962,,,,,,,,
Kramer Vs Kramer,,"Ted Kramer is a career man for whom his work comes before his family. His wife Joanna cannot take this anymore, so she decides to leave him. Ted is now faced with the tasks of housekeeping and taking care of himself and their young son Billy.",,,,,,"VHS, drama",,,0.00,,,,,1,71796218,,,,,,,,
Kuffs,,"George Kuffs didn't finish high-school, just lost his job, and his college-age girlfriend is pregnant. To top it off, George's brother Brad is killed and George inherits Brad's ""patrol special"" privatized police district and all the problems that come with it.",,,,,,"VHS, comedy",,,0.00,,,,,1,79348730,,,,,,,,
Lady and the Tramp,,"Lady, a golden cocker spaniel, meets up with a mongrel dog who calls himself the Tramp. He is obviously from the wrong side of town, but happenings at Lady's home make her decide to travel with him for a while.",,,,,,"VHS, kids-family",,,0.00,,,,,1,32748282,,,,,,,,
Leather Jackets,,"Claudia, a girl who gets around, finally lands her dream man in Mickey. However, Mickey's friend Dobbs spoils their nuptial plans when the thugs of a Vietnamese gangster that he has robbed, come looking for him. In order to save Dobbs, Mickey and Claudia, hide him in the boot of their car as they take off to LA. Things don't go as smoothly as planned, and Mickey finds out more about his fiancée than he ever needs to know.",,,,,,"VHS, drama",,,0.00,,,,,1,80069626,,,,,,,,
Life With Judy Garland: Me & My Shadows,,"Life with Judy Garland: Me and My Shadows is a 2001 American two-part biographical television miniseries based on Lorna Luft's memoir about her mother, singer-actress Judy Garland.",,,,,,"VHS, drama",,,0.00,,,,,1,95543034,,,,,,,,
Light Sleeper,,"John LeTour is a recovering drug user who suffers insomnia and still deals to a high-end New York clientele, even though he’s trying to move on from the business. John’s professional midlife crisis becomes something more acute — and dangerous — when he re-encounters an old flame while a string of seemingly drug-related murders rocks the city.",,,,,,"VHS, thriller",,,0.00,,,,,1,92069626,,,,,,,,
Manhattan,,Manhattan explores how the life of a middle-aged television writer dating a teenage girl is further complicated when he falls in love with his best friend's mistress.,,,,,,"DVD, comedy",,,0.00,,,,,1,20460282,,,,,,,,
Me and the Kid,,A lonely and emotionally neglected rich kid forms an attachment to one of the men who kidnap him during a botched robbery of his father's safe.,,,,,,"VHS, kids-family",,,0.00,,,,,1,72484346,,,,,,,,
"Me, Myself & Irene",,"Rhode Island State Trooper Charlie Baileygates has a multiple personality disorder. One personality is crazy and aggressive, while the other is more friendly and laid back. Both of these personalities fall in love with the same woman named Irene after Charlie loses his medication.",,,,,,"VHS, comedy",,,0.00,,,,,1,02322682,,,,,,,,
Million Dollar Mystery,,"A dying man in a roadside diner tells the other patrons about money he has hidden in four places. But instead of directions, he leaves them only with clues they must solve in order to claim the loot. Released with a promotional tie-in for Glad-Lock brand bags.",,,,,,"VHS, comedy",,,0.00,,,,,1,10637818,,,,,,,,
Miracle on 34th Street,,"Six-year-old Susan Walker has doubts about childhood's most enduring miracle—Santa Claus. Her mother told her the secret about Santa a long time ago, but, after meeting a special department store Santa who's convinced he's the real thing, Susan is given the most precious gift of all—something to believe in.",,,,,,"VHS, holiday",,,0.00,,,,,1,18043386,,,,,,,,
"Monsters, Inc.",,"Lovable Sulley and his wisecracking sidekick Mike Wazowski are the top scare team at Monsters, Inc., the scream-processing factory in Monstropolis. When a little girl named Boo wanders into their world, it's the monsters who are scared silly, and it's up to Sulley and Mike to keep her out of sight and get her back home.",,,,,,"VHS, kids-family",,,0.00,,,,,1,32813818,,,,,,,,
Night Train to Terror,,God and Satan are on a train discussing the fate of three individuals. The stories of the people in question are told in a trio of very strange vignettes. One involves an insane asylum with some very interesting treatment plans. Another involves a 'death club'. The final story shows us the adventures of a server of Satan.,,,,,,"VHS, horror",,,0.00,,,,,1,18338298,,,,,,,,
On the Beach,,"In 1964, atomic war wipes out humanity in the northern hemisphere; one American submarine finds temporary safe haven in Australia, where life-as-usual covers growing despair. In denial about the loss of his wife and children in the holocaust, American Captain Towers meets careworn but gorgeous Moira Davidson, who begins to fall for him. The sub returns after reconnaissance a month (or less) before the end; will Towers and Moira find comfort with each other?",,,,,,"VHS, drama",,,0.00,,,,,1,79512570,,,,,,,,
Orlando,,"England, 1600. Queen Elizabeth I promises Orlando, a young nobleman obsessed with poetry, that she will grant him land and fortune if he agrees to satisfy a very particular request.",,,,,,"VHS, drama",,,0.00,,,,,1,73500154,,,,,,,,
Paint it Black,,"The death of Michael leaves behind the two women he loved, his girlfriend and his mother, both of whom blame each other for his suicide. Joined by their grief, the two women are soon drawn into a twisted relationship.",,,,,,"VHS, drama",,,0.00,,,,,1,79905786,,,,,,,,
Paint it Black,,A California metal sculptor becomes a suspect after someone kills his gallery-owner lover.,,,,,,"VHS, thriller",,,0.00,,,,,1,00614138,,,,,,,,
Patch Adams,,"The true story of Dr. Hunter ""Patch"" Adams, who in the 1970s found that humor is the best medicine, and was willing to do just anything to make his patients laugh—even if it meant risking his own career.",,,,,,"VHS, drama",,,0.00,,,,,1,10605050,,,,,,,,
Perpetraitors of the Crime,,"Perpetrators of the Crime is a 1999 comedy starring Tori Spelling, about three college students whose plan to kidnap a wealthy young woman for money goes wrong when they grab the wrong woman.",,,,,,"VHS, action",,,0.00,,,,,1,72582650,,,,,,,,
Personal Velocity,,"In a series of three vignettes, three women in turn struggle to free themselves from the men who restrict their personal freedom.",,,,,,"VHS, drama",,,0.00,,,,,1,71075322,,,,,,,,
Pinocchio,,"When the gentle woodcarver Geppetto builds a marionette to be his substitute son, a benevolent fairy brings the toy to life. The puppet, named Pinocchio, is not yet a human boy. He must earn the right to be real by proving that he is brave, truthful, and unselfish.",,,,,,"VHS, kids-family",,,0.00,,,,,1,32944890,,,,,,,,
Pirates of Sillicon Valley,,"Pirates of Silicon Valley is a 1999 American biographical drama television film starring Noah Wyle as Steve Jobs and Anthony Michael Hall as Bill Gates, chronicling the rise of Apple and Microsoft.",,,,,,"VHS, drama",,,0.00,,,,,1,08808186,,,,,,,,
Price of Glory,,"An ex-boxer, living with the knowledge that his fight career was cut short by a crooked manager, channels his bitter disappointment in a single-minded quest for boxing championships for his three sons. We see them in pee-wee Silver Glove matches with dad constantly pushing them. Ten years later, they're young men, with dad as both father and manager. A professional promoter, Nick Everson, wants to sign the boys, but dad rejects those offers. Then, in expressions of their varied relationships with their father, each son makes his own decisions. Can dad ever step aside, and can the family hold together?",,,,,,"VHS, drama",,,0.00,,,,,1,79315962,,,,,,,,
Priceless Beauty,,A rock-star who stopped singing after the death of his brother finds a female genie in a vase. She tries to help him live again.,,,,,,"VHS, thriller",,,0.00,,,,,1,79873018,,,,,,,,
Prizzi's Honor,,"Charley Partanna is a hitman who works for the Prizzis, one of the richest crime families in the US. When he sees Irene Walker, it's love at first sight. But he soon finds that she, too, is a killer for hire. Charley can overlook his suspicions, but he can't turn off his heart. And the couple must remember that even if they love each other, the Prizzis love only money.",,,,,,"VHS, thriller",,,0.00,,,,,1,10768890,,,,,,,,
Queen Tut,,"Upon the loss of his mother, an Egyptian teenager leaves his home of Cairo to live with his father in Toronto. Parachuted into the underground queer nightlife in Toronto, he confronts his mother's death, much to his father's disapproval, by taking up the ways of drag and becoming Queen Tut.",,,,,,"DVD, comedy",,,0.00,,,,,1,96023290,,,,,,,,
Race The Sun,,"A bunch of high school misfits in Hawaii, introduced by their new teacher, attend a science fair in which they draw up inspiration to build their own solar car and win a trip to compete in the 1990 World Solar Challenge in Australia.",,,,,,"VHS, drama",,,0.00,,,,,1,29048826,,,,,,,,
Rescue Me,,"Fraser's unrequited love for the beautiful and rich Ginny gets a chance to prove itself, when she is suddenly kidnapped. He teams up with rebel Mac, who's got a score to settle with the kidnappers. Together they cross the country, looking for Ginny and the bad guys.",,,,,,"VHS, comedy",,,0.00,,,,,1,71534074,,,,,,,,
Roger & Me,,"A documentary about the closure of General Motors' plant at Flint, Michigan, which resulted in the loss of 30,000 jobs. Details the attempts of filmmaker Michael Moore to get an interview with GM CEO Roger Smith.",,,,,,"VHS, comedy",,,0.00,,,,,1,38035194,,,,,,,,
Rudolph the Movie,,"Young Rudolph suffers a childhood accident that sees his nose turn from the publicly accepted norm of black to a glowing red colour. His parents worry about him getting teased, and indeed he does in the end. When he is beaten in the reindeer games by his rival for a doe he fancies, Rudolph runs away and moves into a cave with Slyly the Fox. However can he overcome his fear and reach his true potential?",,,,,,"VHS, kids-family",,,0.00,,,,,1,33043194,,,,,,,,
Saturn 3,,"In the future, Earth is overcrowded and the population relies on distant bases to be fed. In the Saturn 3 station, Major Adam and the scientist Alex, who is also his lover and has never been on Earth, have been researching hydroponics for three years in the base alone with their dog Sally. Captain Benson arrives Saturn 3 with Hector, incapable to controlling his emotions he transfers his homicidal tendency and insanity to Hector. Now Major Adam and Alex are trapped in the station with a dangerous psychopath robot.",,,,,,"VHS, sci-fi",,,0.00,,,,,1,79545338,,,,,,,,
Searching for Bobby Fischer,,A seven-year-old chess prodigy refuses to harden himself in order to become a champion like the famous but unlikable Bobby Fischer.,,,,,,"VHS, drama",,,0.00,,,,,1,29212666,,,,,,,,
Silk,,"Silk, the toughest cop in Honolulu, busts small time smugglers only to reveal a larger syndicate smuggling Asian mobsters into the States by buying the identities of Hawaiian citizens.",,,,,,"DVD, action",,,0.00,,,,,1,23376634,,,,,,,,
Singalong Songs: Very Merry Christmas Songs,,"It's the happiest time of the year! And the season of Santa, reindeer and gift-wrapped surprises will be even jollier with this joyful volume of Disney's Sing-Along Songs: Very Merry Christmas Songs. Gather up the family and enjoy a fun-filled collection of the most beloved Christmas songs and carols, accompanied by a wonderland of wintry holiday scenes! It's a kaleidoscope of sights and sounds that is sure to make everyone's holiday very, very merry! Voices ready? Let's all sing!",,,,,,"VHS, kids-family",,,0.00,,,,,1,18174458,,,,,,,,
Soft Fruit,,"For the first time in 15 years, all four siblings in a family show up to care for their dying mother, who is only given a couple of weeks to live. One comes from America with her two children. A divorced sister also comes with her child and sneaks off regularly to meet a mystery man who may be her ex-husband. The third & youngest daughter is an unmarried nurse aware of her ticking biological clock. The only son chases after his grumpy father who seems to not care a whit about his wife's circumstances. The four are also faced my their mother's dreams to accomplish a few things before she dies - to visit a beach she had visited in the past, to see her youngest married, and to visit Paris. She also wants to be embalmed and be honored with a 21 gun salute. Thus the whole group has to set off in the quest to fulfill their mother's wishes.",,,,,,"VHS, drama",,,0.00,,,,,1,72386042,,,,,,,,
Somebody Has to Shoot the Picture,,"Raymond Eames, a small-time drug dealer, has been sentenced to death for the shooting death of a policeman. After seven years of appeals are exhausted, the date of his execution arrives. His last request is that his execution be photographed. Eames selects Paul Marish, a jaded Pulitzer Prize winning photographer, who is convinced by his agent to visit the small town in Georgia. Sensing a big story, Marish's agent sends in a reporter from Time magazine, and together they begin to investigate the events surrounding the murder, in a small town where emotions are high and opinions are fixed.",,,,,,"VHS, action",,,0.00,,,,,1,74352122,,,,,,,,
Star Wars a New Hope,,Princess Leia is captured and held hostage by the evil Imperial forces in their effort to take over the galactic Empire. Venturesome Luke Skywalker and dashing captain Han Solo team together with the loveable robot duo R2-D2 and C-3PO to rescue the beautiful princess and restore peace and justice in the Empire.,,,,,,"VHS, sci-fi",,,0.00,,,,,1,02158842,,,,,,,,
Summer's End,,"A 12-year-old boy and his older brother have just lost their dad. At their summer cottage, the younger boy befriends a black doctor who has to deal with local prejudice and racism.",,,,,,"VHS, drama",,,0.00,,,,,1,09561850,,,,,,,,
Take the Money and Run,,"Virgil Starkwell is intent on becoming a notorious bank robber. Unfortunately for Virgil and his not-so-budding career, he is completely incompetent.",,,,,,"VHS, comedy",,,0.00,,,,,1,09365242,,,,,,,,
The Adventures of Buckaroo Banzai,,"Adventurer/surgeon/rock musician Buckaroo Banzai and his band of men, the Hong Kong Cavaliers, take on evil alien invaders from the 8th dimension.",,,,,,"DVD, action",,,0.00,,,,,1,20230906,,,,,,,,
The American President,,"Widowed U.S. president Andrew Shepherd, one of the world's most powerful men, can have anything he wants -- and what he covets most is Sydney Ellen Wade, a Washington lobbyist. But Shepherd's attempts at courting her spark wild rumors and decimate his approval ratings.",,,,,,"VHS, drama",,,0.00,,,,,1,10506746,,,,,,,,
The Babe,,"A chronicle of Babe Ruth's phenomenal story--from his hard knock beginnings at a Baltimore orphanage, to his meteoric rise to baseball superstardom and his poignant retirement from the game. His amazing career included seven American League pennants, four World Series championships, two tempestuous marriages and a wild lifestyle that earned him numerous suspensions.",,,,,,"VHS, kids-family",,,0.00,,,,,1,80200698,,,,,,,,
The Black Cauldron,,"Taran is an assistant pigkeeper with boyish dreams of becoming a great warrior. However, he has to put the daydreaming aside when his charge, an oracular pig named Hen Wen, is kidnapped by an evil lord known as the Horned King. The villain hopes Hen will show him the way to The Black Cauldron, which has the power to create a giant army of unstoppable soldiers.",,,,,,"VHS, kids-family",,,0.00,,,,,1,17912314,,,,,,,,
The Bodyguard,,"A former Secret Service agent grudgingly takes an assignment to protect a pop idol who's threatened by a crazed fan. At first, the safety-obsessed bodyguard and the self-indulgent diva totally clash. But before long, all that tension sparks fireworks of another sort, and the love-averse tough guy is torn between duty and romance.",,,,,,"VHS, drama",,,0.00,,,,,1,10834426,,,,,,,,
The China Lake Murders,,A small town sheriff has his suspicions in a murder case which involves a rogue cop who goes on a murder spree.,,,,,,"VHS, thriller",,,0.00,,,,,1,29310970,,,,,,,,
The Crow,,"Exactly one year after young rock guitarist Eric Draven and his fiancée are brutally killed by a ruthless gang of criminals, Draven, watched over by a hypnotic crow, returns from the grave to exact revenge.",,,,,,"VHS, action",,,0.00,,,,,1,10375674,,,,,,,,
The Executioner,,A British intelligence agent must track down a fellow spy suspected of being a double agent.,,,,,,"VHS, thriller",,,0.00,,,,,1,79381498,,,,,,,,
The Fast and the Furious,,"Dominic Toretto is a Los Angeles street racer suspected of masterminding a series of big-rig hijackings. When undercover cop Brian O'Conner infiltrates Toretto's iconoclastic crew, he falls for Toretto's sister and must choose a side: the gang or the LAPD.",,,,,,"VHS, action",,,0.00,,,,,1,02191610,,,,,,,,
The Fourth War,,"Cold War adversaries Col. Jack Knowles and his Russian counterpart, Col. Valachev, are stationed on opposite sides of the German-Czech border. Both men are responsible for a group of troops in their remote settings, and both have been shaped by their combat experiences and a shared aversion to their superiors' ways of doing things. After a defector is killed, things escalate into a full-fledged battle with serious geopolitical ramifications.",,,,,,"VHS, drama",,,0.00,,,,,1,08972026,,,,,,,,
The Freddie Mercury Tribute Concert,,"A live concert in tribute to Freddie Mercury, former lead singer of Queen. Mercury died of AIDS and so some of the proceeds of this concert went to AIDS research. Features performers such as Metallica, Def Leppard, Elton John, Axl Rose, Extreme, George Michael, and many others. Performers alternate between doing their own hits, covering Queen songs, or jamming with the surviving members of Queen.",,,,,,"VHS, musical",,,0.00,,,,,1,95575802,,,,,,,,
The Fury of Hercules,,In a tyrannical kingdom there is an evil ruler and a queen who lusts after Hercules who is attracted to a handmaiden. A rebellion overthrows the ruler.,,,,,,"VHS, action",,,0.00,,,,,1,72746490,,,,,,,,
The Girl From Petrovka,,A beautiful Russian ballerina falls in love with an American news correspondent. The KGB is most displeased and does everything it can to break them up.,,,,,,"VHS, drama",,,0.00,,,,,1,71632378,,,,,,,,
The Great Moment,,"The biography of Dr. W.T. Morgan, a 19th century Boston dentist, during his quest to have anesthesia, in the form of ether, accepted by the public and the medical and dental establishment.",,,,,,"DVD, drama",,,0.00,,,,,1,20394746,,,,,,,,
The Invisible Circus,,"After learning that her sister, Faith, has committed suicide in Portugal, Phoebe, an 18-year-old hippie, decides to uproot from her San Francisco home to travel to Europe. Phoebe hopes to discover and experience the life that led to her sister's death by retracing her footsteps, which eventually leads to Wolf -- Faith's boyfriend. However, as Phoebe's journey continues, a series of visions of Faith pushes her mind to the brink.",,,,,,"VHS, drama",,,0.00,,,,,1,71435770,,,,,,,,
The Italian Straw Hat,,"Fadinard is going through the woods on his horse en route to his wedding. Unfortunately, his horse eats the straw hat of a married woman who is having a secret rendezvous with her lover. In order to save the woman's honor, Fadinard must find the exact same type of hat to replace the one his horse ate and still be able to get to his wedding on time.",,,,,,"DVD, comedy",,,0.00,,,,,1,20787962,,,,,,,,
The Jungle Book,,"The boy Mowgli makes his way to the man-village with Bagheera, the wise panther. Along the way he meets jazzy King Louie, the hypnotic snake Kaa and the lovable, happy-go-lucky bear Baloo, who teaches Mowgli ""The Bare Necessities"" of life and the true meaning of friendship.",,,,,,"VHS, kids-family",,,0.00,,,,,1,32649978,,,,,,,,
The Kissing Place,,"Every night the boy dreams he is someone else. Someone in danger. A crazy woman is after him. A woman who cannot have a son of her own. A story about a kidnapped boy, who finds out that the people he thought were his parents are his kidnappers. The film is about his escape and search for his home.",,,,,,"VHS, drama",,,0.00,,,,,1,29179898,,,,,,,,
The Land Girls,,"During World War II, the organisation ""The Women's Land Army"" recruited women to work on British farms while the men were off to war. Three such ""land girls"" of different social backgrounds - quiet Stella, young hairdresser Prue, and Cambridge graduate Ag - become best friends in spite of their different backgrounds.",,,,,,"VHS, drama",,,0.00,,,,,1,74253818,,,,,,,,
The Lion in Winter,,"Christmas 1183, Angevin Empire: King Henry II plans to announce his successor to the throne. Jockeying for the crown, though, is complex. Henry has three sons and wants his boy Prince John to take over. Henry's wife, Queen Eleanor, believes their son Prince Richard should be king. As family and various schemers gather for the holiday, each tries to make the indecisive king choose their option.",,,,,,"VHS, drama",,,0.00,,,,,1,72844794,,,,,,,,
The Many Adventures of Winnie the Pooh,,"Whether we’re young or forever young at heart, the Hundred Acre Wood calls to that place in each of us that still believes in magic. Join pals Pooh, Piglet, Kanga, Roo, Owl, Rabbit, Tigger and Christopher Robin as they enjoy their days together and sing their way through adventures.",,,,,,"VHS, kids-family",,,0.00,,,,,1,32846586,,,,,,,,
The Merry Widow,,"Anne-Marie lives an easy life with Gilbert, a rich plastic surgeon: a beautiful house, a doggy, a cleaning lady, expensive furniture, the lot. Not so easy in fact when she thinks twice. She does not get on with her husband any longer. She gets on his nerves and he does not attract her any longer. She feels good only when she jogs on the beach and ... when she is the arms of her lover, Leo. One day, Gilbert gets killed in a car accident. Good news, since she will be able to live with Leo. The trouble is her well-meaning family settle at her villa with a view to supporting the ""poor widow"" morally. Anne-Marie just cannot admit she is not distressed at all, especially to her son Christophe. She is now even more of a prisoner than when Gilbert was alive...",,,,,,"DVD, comedy",,,0.00,,,,,1,20820730,,,,,,,,
The Mummy Returns,,"Rick and Evelyn O’Connell, along with their 8-year-old son Alex, discover the key to the legendary Scorpion King’s might: the fabled Bracelet of Anubis. Unfortunately, a newly resurrected Imhotep has designs on the bracelet as well, and isn’t above kidnapping its new bearer, Alex, to gain control of Anubis’s otherworldly army.",,,,,,"VHS, action",,,0.00,,,,,1,10473978,,,,,,,,
The Nightmare Before Christmas,,"Tired of scaring humans every October 31 with the same old bag of tricks, Jack Skellington, the spindly king of Halloween Town, kidnaps Santa Claus and plans to deliver shrunken heads and other ghoulish gifts to children on Christmas morning. But as Christmas approaches, Jack's rag-doll girlfriend, Sally, tries to foil his misguided plans.",,,,,,"VHS, kids-family",,,0.00,,,,,1,32879354,,,,,,,,
The People VS Larry Flynt,,"Larry Flynt is the hedonistically obnoxious, but indomitable, publisher of Hustler magazine. The film recounts his struggle to make an honest living publishing his girlie magazine and how it changes into a battle to protect the freedom of speech for all people.",,,,,,"VHS, drama",,,0.00,,,,,1,75040250,,,,,,,,
The Proposition,,"Father Michael McKinnon goes from the UK to Boston circa 1935. For unknown reasons, he avoids at all costs the most prominent parishioners, Arthur and Eleanor Barret. Meanwhile Eleanor and Arthur desperately want to have a child, but Arthur is sterile, so they hire Harvard law student Roger Martin to impregnate Eleanor, but unfortunately Roger falls in love with her.",,,,,,"VHS, drama",,,0.00,,,,,1,71337466,,,,,,,,
The Rescuers Down Under,,"A lawless poacher wants to capture a majestic and rare golden eagle, so he kidnaps the boy who knows where to find the bird. Not to worry -- the Rescue Aid Society's top agents, heroic mice Miss Bianca and Bernard, fly to Australia to save the day. Accompanying the fearless duo are bumbling albatross Wilbur and local field operative Jake the Kangaroo Rat.",,,,,,"VHS, kids-family",,,0.00,,,,,1,32715514,,,,,,,,
The Sword in the Stone,,"Wart is a young boy who aspires to be a knight's squire. On a hunting trip he falls in on Merlin, a powerful but amnesiac wizard who has plans for him beyond mere squiredom. He starts by trying to give him an education, believing that once one has an education, one can go anywhere. Needless to say, it doesn't quite work out that way.",,,,,,"VHS, kids-family",,,0.00,,,,,1,32682746,,,,,,,,
The Terrorists,,"Two terrorists (Ben Morgan and GW Lawrence) kidnap the daughters of influential government officials and threaten to execute them if their demands are not met! The women are chloroformed and carried off to an unknown location. One by one, the innocent women die horribly as the government refuses to give in to the terrorists demands!",,,,,,"VHS, thriller",,,0.00,,,,,1,29016058,,,,,,,,
The Things Called Love,,"The Thing Called Love is a 1993 American romantic drama film starring River Phoenix and Samantha Mathis, set among aspiring singer-songwriters in Nashville.",,,,,,"VHS, drama",,,0.00,,,,,1,09529082,,,,,,,,
The Tigger Movie,,"Winnie the Pooh, Piglet, Owl, Kanga, Roo, and Rabbit are preparing a suitable winter home for Eeyore, the perennially dejected donkey, but Tigger's continual bouncing interrupts their efforts. Rabbit suggests that Tigger go find others of his kind to bounce with, but Tigger thinks ""the most wonderful thing about tiggers is"" he's ""the only one!"" Just in case though, the joyously jouncy feline sets out to see if he can find relatives.",,,,,,"VHS, kids-family",,,0.00,,,,,1,33108730,,,,,,,,
The Usual Suspects,,"Held in an L.A. interrogation room, Verbal Kint attempts to convince the feds that a mythic crime lord, Keyser Soze, not only exists, but was also responsible for drawing him and his four partners into a multi-million dollar heist that ended with an explosion in San Pedro harbor – leaving few survivors. Verbal lures his interrogators with an incredible story of the crime lord's almost supernatural prowess.",,,,,,"VHS, thriller",,,0.00,,,,,1,10736122,,,,,,,,
The Verdict,,"Frank Galvin is a down-on-his-luck lawyer and reduced to drinking and ambulance chasing, when a former associate reminds him of his obligations in a medical malpractice suit by serving it to Galvin on a silver platter—all parties are willing to settle out of court. Blundering his way through the preliminaries, Galvin suddenly realizes that the case should actually go to court—to punish the guilty, to get a decent settlement for his clients... and to restore his standing as a lawyer.",,,,,,"VHS, drama",,,0.00,,,,,1,09168634,,,,,,,,
The Wonderful Ice Cream Suit,,"Gomez is a middle-aged man who dreams of buying a gorgeous white suit in a nearby store, but doesn't have enough cash. He finds 4 more people of same size, who each give $20 and get to wear the suit for an hour each in return. But the suit is not just a suit - it makes wishes of the one wearing it come true.",,,,,,"VHS, comedy",,,0.00,,,,,1,79741946,,,,,,,,
Theodore Rex,,"In an alternate futuristic society, a tough female police detective is paired with a talking dinosaur to find the killer of dinosaurs and other prehistoric animals leading them to a mad scientist bent on creating a new Armageddon.",,,,,,"VHS, kids-family",,,0.00,,,,,1,32977658,,,,,,,,
They Might Be Giants | Venue Songs,,"Ten original video clips, as well as colorful narration by former literary agent John Hodgman in the role of The Deranged Millionaire.",,,,,,"DVD, musical",,,0.00,,,,,1,42327802,,,,,,,,
This is My Life,,"Single mom Dottie Ingels sells cosmetics in a department store while dreaming of becoming a comedian. After she inherits some money, she decides to move to New York with her children Erica and Opal in order to begin a stand-up career in small bars. Dottie soon rises to stardom, but while she travels all over the USA, her daughters stay home lonely.",,,,,,"VHS, comedy",,,0.00,,,,,1,73401850,,,,,,,,
Three Seasons,,"The residents of Ho Chi Minh City face modernization amid widespread poverty. A retired American Marine arrives on a search for his daughter, whom he abandoned at the end of the Vietnam War. Elsewhere, a cyclo driver falls for a troubled prostitute and schemes to raise money so he can spend time with her. Additionally, a young women begins harvesting lotuses for a writer suffering from leprosy, and a child trinket seller loses his traveling case.",,,,,,"VHS, drama",,,0.00,,,,,1,71173626,,,,,,,,
Tightrope,,Wes Block is a detective who's put on the case of a serial killer whose victims are young and pretty women. The murders are getting personal when the killer chooses victims who are acquaintances of Block. Even his daughters are threatened.,,,,,,"VHS, thriller",,,0.00,,,,,1,79840250,,,,,,,,
To Kill A Priest,,A young priest speaks out against the Communist regime in Poland and is killed for it.,,,,,,"VHS, action",,,0.00,,,,,1,73598458,,,,,,,,
Tomcat,,"When four degenerate thugs rape and murder a young waitress in part of their rape and murder spree, they are arrested, but get away with though a legal technicality. The brother of one of the rape/murder victims decides to become vigilante and kill the four degenerates by himself.",,,,,,"VHS, thriller",,,0.00,,,,,1,80135162,,,,,,,,
Toy Story | 10th Anniversary Edition,,"Toy Story is a 1995 American computer-animated buddy comedy film produced by Pixar, following a group of toys that come to life when no humans are present.",,,,,,"DVD, kids-family",,,0.00,,,,,1,86630138,,,,,,,,
Under The Hulu Moon,,"Under the Hula Moon is a 1995 American crime comedy film directed by Jeff Celentano, starring Stephen Baldwin, Emily Lloyd, and Chris Penn.",,,,,,"VHS, comedy",,,0.00,,,,,1,74778106,,,,,,,,
Undercover Angel,,"With his landlord breathing down his neck and his writing career stagnant, the last thing Harrison Tyler (Dean Winters) needs is a kid hanging around. But he's in for a surprise when his ex-girlfriend (Lorraine Ansell) leaves her precocious 6-year-old (Emily Mae Young) in his care for a few weeks. It turns out the girl possesses remarkable matchmaking skills, and soon Tyler's professional and romantic fortunes begin to turn around.",,,,,,"VHS, romantic-comedy",,,0.00,,,,,1,74941946,,,,,,,,
Undisputed,,"Monroe Hutchens is the heavyweight champion of Sweetwater, a maximum security prison. He was convicted to a life sentence due to a passionate crime. Iceman Chambers is the heavyweight champion, who lost his title due to a rape conviction to ten years in Sweetwater. When these two giants collide in the same prison, they fight against each other disputing who is the real champion.",,,,,,"VHS, drama",,,0.00,,,,,1,10441210,,,,,,,,
Unknown Origins,,"In Madrid, Spain, a mysterious serial killer ruthlessly murders his victims by recreating the first appearance of several comic book superheroes. Cosme, a veteran police inspector who is about to retire, works on the case along with the tormented inspector David Valentín and his own son Jorge Elías, a nerdy young man who owns a comic book store.",,,,,,"VHS, sci-fi",,,0.00,,,,,1,79578106,,,,,,,,
Vampires,,The church enlists a team of vampire-hunters to hunt down and destroy a group of vampires searching for an ancient relic that will allow them to exist in sunlight.,,,,,,"VHS, action",,,0.00,,,,,1,10670586,,,,,,,,
Vice Versa,,"A mysterious oriental skull transforms a father into his son, and vice versa.",,,,,,"VHS, comedy",,,0.00,,,,,1,72943098,,,,,,,,
Wall Street,,"A young and impatient stockbroker is willing to do anything to get to the top, including trading on illegal inside information taken through a ruthless and greedy corporate raider, who takes the youth under his wing.",,,,,,"VHS, drama",,,0.00,,,,,1,10539514,,,,,,,,
Waterworld,,"In a futuristic world where the polar ice caps have melted and made Earth a liquid planet, a beautiful barmaid rescues a mutant seafarer from a floating island prison. They escape, along with her young charge, Enola, and sail off aboard his ship. But the trio soon becomes the target of a menacing pirate who covets the map to 'Dryland'—which is tattooed on Enola's back.",,,,,,"VHS, action",,,0.00,,,,,1,72680954,,,,,,,,
Web of Deceit,,"After making a name for herself on the West Coast, a defense lawyer returns to her hometown of Atlanta to argue a controversial rape-murder case. But it's not all work and no play: once there, she reenters high society and has a reunion with an old flame -- who just happens to be the prosecuting attorney on her case. As she investigates her client's claims of innocence, she uncovers a sinister conspiracy that threatens both her life and her new romance.",,,,,,"VHS, romantic-comedy",,,0.00,,,,,1,09496314,,,,,,,,
Wedding Band,,A drama which examines the enduring nature of love between a white man and a black woman in 1918 South Carolina.,,,,,,"VHS, drama",,,0.00,,,,,1,00712442,,,,,,,,
We'll Meet Again,,"Socialite Molly Lasch is released from prison after serving a six-year sentence for the murder of her husband, Dr. Gary Lasch. Now, with the help of Fran, an investigative reporter, Molly sets out to prove her innocence. Together they uncover a conspiracy of silence at the Lasch Medical Center and a shocking secret that could cost both women their lives.",,,,,,"VHS, drama",,,0.00,,,,,1,09201402,,,,,,,,
Werewolf,,"After an archaeological team in Arizona unearths a werewolf skeleton and one of them develops symptoms of lycanthropy before dying, the dig's foreman, Yuri, tries to infect other townspeople as an experiment. When a science writer named Paul takes up residence in the town to cover the dig and develops a romantic interest in a female team member, Yuri makes Paul his next target.",,,,,,"VHS, horror",,,0.00,,,,,1,08840954,,,,,,,,
Whatever it Takes,,"A nerdy teen, Ryan Woodman is smitten with the popular and gorgeous Ashley Grant, who apparently has no interest in him. Meanwhile, dim star athlete Chris Campbell has his eye on Ryan's brainy and beautiful friend, Maggie Carter. The two agree to help each other in their romantic quests, but, as they come closer to their goals, both Ryan and Chris suspect that they might be pursuing the wrong girls.",,,,,,"VHS, romantic-comedy",,,0.00,,,,,1,29147130,,,,,,,,
What's Love Got To Do With It,,Singer Tina Turner rises to stardom while mustering the courage to break free from her abusive husband Ike.,,,,,,"VHS, drama",,,0.00,,,,,1,95510266,,,,,,,,
"What's Up, Doc?",,The accidental mix-up of four identical plaid overnight bags leads to a series of increasingly wild and wacky situations.,,,,,,"VHS, comedy",,,0.00,,,,,1,79676410,,,,,,,,
When The Party's Over,,"Three women and a gay man in their 20s share a house in Los Angeles; try to find love and happiness - often at the expense of their well-being and friendships. Artist Amanda is trying to make it on the gallery scene, while aspiring actor Banks attempts to hit it big in Hollywood. Meanwhile, Frankie has an emotionally draining yet rewarding job as a social worker, but would be shattered to know that her roommate M.J. is sleeping with her boyfriend.",,,,,,"VHS, comedy",,,0.00,,,,,1,73139706,,,,,,,,
When The Whales Come,,"When the Whales Came is a 1989 British drama film starring Paul Scofield, based on Michael Morpurgo's novel about two children who befriend an old islander with a connection to a pod of narwhals.",,,,,,"VHS, drama",,,0.00,,,,,1,71894522,,,,,,,,
Windtalkers,,"Joe Enders is a gung-ho Marine assigned to protect a ""windtalker"" - one of several Navajo Indians who were used to relay messages during World War II because their spoken language was indecipherable to Japanese code breakers.",,,,,,"VHS, action",,,0.00,,,,,1,00679674,,,,,,,,
Without Mercy,,"He' s been betrayed by his country, stripped of his honor, and exiled to a foreign land. Now maverick Marine officer John Carter has found a way to get back what was stolen from him. And he'll get it - no matter what it takes.",,,,,,"VHS, action",,,0.00,,,,,1,79709178,,,,,,,,
Women & Men: Stories of Seduction,,"An erotic anthology based on classic short stories, chronicling the complicated relations between the sexes: a salesman seduces a woman on a train; a romantic evening is interrupted by phone calls; and a couple vacationing in Spain discusses a pregnancy.",,,,,,"VHS, drama",,,0.00,,,,,1,79414266,,,,,,,,
Wrongfully Accused,,"Ryan Harrison, a violin god, superstar and sex symbol does not want to cheat on sexy Lauren Goodhue's husband with her. Mr. Goodhue is found murdered and Ryan suddenly finds himself being the main suspect. After being sentenced to death he manages to flee while being transferred to his execution site. Now, all the world is after him as he stumbles from one unfortunate incident to the next in order to prove himself innocent - by finding a mysterious one-eyed, one-armed, one-legged man...",,,,,,"VHS, comedy",,,0.00,,,,,1,29081594,,,,,,,,
Your Friends Neighbors,,"Restless and unhappy, two couples get caught up in infidelity and deception. Barry is a sullen businessman married to Mary, a writer who is unsatisfied with their relationship. Mary begins an affair with Jerry, a smug theater professor and husband of her friend, Terri, who is also a writer. Adding to the adulterous mix are Cary, a callous doctor, and Cheri, an art-gallery assistant.",,,,,,"VHS, comedy",,,0.00,,,,,1,29442042,,,,,,,,
You're in the Superbowl Charlie Brown,,"You're in the Super Bowl, Charlie Brown is a 1994 animated television special based on Charles M. Schulz's Peanuts comic strip. It premiered on NBC and was the last new Peanuts special to air before Schulz's death.",,,,,,"VHS, kids-family",,,0.00,,,,,1,18207226,,,,,,,,
Zappa | The Dub Room Special,,"Produced by Frank Zappa in 1982, The Dub Room Special combines footage from a performance at the KCET studios in Los Angeles on August 27, 1974, a concert performed at The Palladium, NYC on October 31, 1981, some clay animation by Bruce Bickford, and several interviews. Previously only available through mail-order, it was made widely available on DVD on October 17, 2005.",,,,,,"DVD, musical",,,0.00,,,,,1,41934586,,,,,,,,
101 Dalmatians,,"In a Disney animation classic, Dalmatian Pongo is tired of his bachelor-dog life. He spies lovely Perdita and maneuvers his master, Roger, into meeting Perdita's owner, Anita. The owners fall in love and marry, keeping Pongo and Perdita together too. After Perdita gives birth to a litter of 15 puppies, Anita's old school friend Cruella De Vil wants to buy them all. Roger declines her offer, so Cruella hires the criminal Badun brothers to steal them -- so she can have a fur coat.",,,,,,"VHS, kids-family",,,0.00,,,,,1,85405434,,,,,,,,
40 Carats,,"A divorced woman begins a romance with a much younger man, challenging social expectations about age and relationships. Starring Liv Ullmann and Edward Albert.",,,,,,"VHS, romantic-comedy",,,0.00,,,,,1,72387066,,,,,,,,
A Beautiful Mind,,"The life of brilliant mathematician John Nash, whose groundbreaking work is complicated by his struggle with schizophrenia. Starring Russell Crowe.",,,,,,"VHS, drama",,,0.00,,,,,1,39535354,,,,,,,,
A Few Good Men,,"Lt. Daniel Kaffee (Tom Cruise) is a military lawyer defending two U.S. Marines charged with killing a fellow Marine at the Guantánamo Bay Naval Base in Cuba. Although Kaffee is known for seeking plea bargains, a fellow lawyer, Lt. Cdr. JoAnne Galloway (Demi Moore), convinces him that the accused marines were most likely carrying out an order from a commanding officer. Kaffee takes a risk by calling Col. Nathan R. Jessep (Jack Nicholson) to the stand in an effort to uncover the conspiracy.",,,,,,"VHS, drama",,,0.00,,,,,1,57722362,,,,,,,,
A Rumor of Angels,,"Twelve-year-old James Neubauer (Trevor Morgan) is spending the summer in Maine. He's emotionally estranged from his father (Ray Liotta), resentful of his stepmother (Catherine McCormack), and haunted by the events surrounding his mother's death. James's summer takes a turn when he crashes through a fence owned by the local recluse, Maddy (Vanessa Redgrave). Reluctantly enlisted to repair the damage, he's at first put off by Maddy's personality and candor, but they eventually form a bond.",,,,,,"VHS, drama",,,0.00,,,,,1,66916090,,,,,,,,
A Summer to Remember,,"Toby is bitter since losing his hearing and refuses to accept his stepfather. But when an orangutan named Casey is thrown from a truck, the boy soon has a secret friend.",,,,,,"VHS, kids-family",,,0.00,,,,,1,54463482,,,,,,,,
A World Apart,,"Molly (Jodhi May), a white teenage girl living in Johannesburg during the 1960s, finds her life turned upside down when her leftist parents become targets of the pro-apartheid South African government. Molly's father, Gus (Jeroen Krabbé), is forced into exile, but her mother, Diana (Barbara Hershey), continues her activism. As her family's reputation leaves her shunned by fellow Caucasian peers, Molly grows closer to her mother and begins to understand the anti-apartheid cause.",,,,,,"VHS, thriller",,,0.00,,,,,1,48189690,,,,,,,,
Alice in Wonderland,,"A young girl when she first visited magical Underland, Alice Kingsleigh is now a teenager with no memory of the place -- except in her dreams. Her life takes a turn for the unexpected when, at a garden party for her fiancé and herself, she spots a certain white rabbit and tumbles down a hole after him. Reunited with her friends the Mad Hatter, the Cheshire Cat and others, Alice learns it is her destiny to end the Red Queen's reign of terror.",,,,,,"DVD, kids-family",,,0.00,,,,,1,85438202,,,,,,,,
All Dogs go to Heaven,,"After returning from the afterlife, a lovable but mischievous dog sets out for revenge against his former partner but instead learns the value of friendship, kindness, and redemption through an orphan girl with a special gift.",,,,,,"VHS, kids-family",,,0.00,,,,,1,00230906,,,,,,,,
Almost Famous,,"A teenage aspiring music journalist goes on tour with an up-and-coming rock band in the 1970s, discovering the highs and lows of life on the road. Directed by Cameron Crowe.",,,,,,"VHS, comedy",,,0.00,,,,,1,39109370,,,,,,,,
Annie Hall,,"A neurotic New York comedian reflects on his relationship with the quirky and free-spirited Annie Hall, exploring love, memory, and the complexities of modern romance in Woody Allen's Oscar-winning classic.",,,,,,"VHS, romantic-comedy",,,0.00,,,,,1,00165370,,,,,,,,
Apocalypse Now,,"During the Vietnam War, a U.S. Army captain is sent deep into the Cambodian jungle on a secret mission to find and eliminate a rogue colonel who has established his own mysterious and powerful command. A visually stunning and psychologically intense epic.",,,,,,"VHS, drama",,,0.00,,,,,1,00099834,,,,,,,,
Arizona,,Cassie is a single mother and real estate agent whose problems go from bad to worse when a disgruntled client kidnaps her.,,,,,,"Blu-Ray, comedy",,,0.00,,,,,1,92268282,,,,,,,,
Autumn in New York,,"Will Keane, a New York restaurateur, infamous verging-on-50 playboy, acts as the master of the no-commitment seduction until he runs into an unexpected dead end when he meets Charlotte Fielding. Charlotte is half Will's age and twice his match, a 21-year-old free spirit yearning to get out and taste the excitement of adult life.",,,,,,"VHS, romantic-comedy",,,0.00,,,,,1,17222138,,,,,,,,
Bach and Broccoli,,"Bachelor Jonathan's only passion is Bach music. The last thing he thought he needed was a long-lost niece, at least that was what he thought before the arrival of 11- year-old Fanny and her skunk Broccoli. Newly orphaned Fanny has a wonderful outloo.",,,,,,"VHS, kids-family",,,0.00,,,,,1,23856122,,,,,,,,
Batman - 4 Film Collection,,"bundles the classic live-action films released between 1989 and 1997: Batman (1989), Batman Returns (1992), Batman Forever (1995), and Batman & Robin (1997).",,,,,,"Blu-Ray, action",,,0.00,,,,,1,12364794,,,,,,,,
Best in Show,,"The tension is palpable, the excitement is mounting and the heady scent of competition is in the air as hundreds of eager contestants from across America prepare to take part in what is undoubtedly one of the greatest events of their lives -- the Mayflower Dog Show. The canine contestants and their owners are as wondrously diverse as the great country that has bred them.",,,,,,"VHS, comedy",,,0.00,,,,,1,99706618,,,,,,,,
Beverly Hills Cop Trilogy,,The Beverly Hills Cop trilogy follows fast-talking Detroit detective Axel Foley as he clashes with the stuffy Beverly Hills Police Department. The original 1984 classic was followed by two sequels,,,,,,"DVD, action",,,0.00,,,,,1,12659706,,,,,,,,
BMW Films Presents The Hire,,The BMW film series The Hire consists of eight short films (averaging about ten minutes each) produced for internet distribution in 2001 and 2002.,,,,,,"DVD, action",,,0.00,,,,,1,92661498,,,,,,,,
Boiler Room,,"Welcome to the infamous ""boiler room"" -- where twenty-something millionaires are made overnight. Here, in the inner sanctum of a fly-by-night brokerage firm, hyper-aggressive young stock jocks peddle to unsuspecting buyers over the phone -- and are rewarded with mansions, Ferraris and more luxury toys than they know what to do with. In this unassuming Long Island enclave, Gen Xers chase the green at breakneck speeds, sometimes one step ahead of the law.",,,,,,"VHS, action",,,0.00,,,,,1,19598330,,,,,,,,
"Bright Lights, Big City",,"In this adaptation of Jay McInerney's novel, Jamie Conway moves from small-town Kansas to New York City to work at a magazine. However, a number of things are making him miserable: He would rather be a writer, his wife has left him and his mother has recently died. So he takes to partying with his yuppie friend Tad, abusing alcohol and cocaine. But he quickly finds himself becoming more and more dependent on drinking and drugs.",,,,,,"VHS, drama",,,0.00,,,,,1,19383802,,,,,,,,
Brooklyn Babylon,,A charming rap musician (Tariq Trotter) falls in love with a woman (Karen Goberman) from a conservative Jewish family.,,,,,,"VHS, drama",,,0.00,,,,,1,24019962,,,,,,,,
Bullitt,,"Senator Walter Chalmers (Robert Vaughn) is aiming to take down mob boss Pete Ross (Vic Tayback) with the help of testimony from the criminal's hothead brother Johnny (Pat Renella), who is in protective custody in San Francisco under the watch of police lieutenant Frank Bullitt (Steve McQueen). When a pair of mob hitmen enter the scene, Bullitt follows their trail through a maze of complications and double-crosses. This thriller includes one of the most famous car chases ever filmed.",,,,,,"VHS, action",,,0.00,,,,,1,24216570,,,,,,,,
Caddyshack,,"Danny Noonan (Michael O'Keefe), a teen down on his luck, works as a caddy at the snob-infested Bushwood Country Club to raise money for his college education. In an attempt to gain votes for a college scholarship reserved for caddies, Noonan volunteers to caddy for a prominent and influential club member (Ted Knight). Meanwhile, Danny struggles to prepare for the high pressure Caddy Day golf tournament while absorbing New Age advice from wealthy golf guru Ty Webb (Chevy Chase).",,,,,,"VHS, comedy",,,0.00,,,,,1,12200954,,,,,,,,
Casablanca,,"During World War II, an American nightclub owner in Casablanca is forced to choose between rekindling a romance with his former love and helping her and her husband escape the Nazis. Widely regarded as one of Hollywood's greatest classic films, it blends romance, sacrifice, and political intrigue.",,,,,,"VHS, drama",,,0.00,,,,,1,00296442,,,,,,,,
Cast Away,,"Obsessively punctual FedEx executive Chuck Noland (Tom Hanks) is en route to an assignment in Malaysia when his plane crashes over the Pacific Ocean during a storm. The sole survivor of the flight, Chuck washes ashore on a deserted island. When his efforts to sail away and contact help fail, Chuck learns how to survive on the island, where he remains for years, accompanied by only his handmade volleyball friend, Wilson. Will Chuck ever return to civilization and reunite with his loved ones?",,,,,,"VHS, drama",,,0.00,,,,,1,48287994,,,,,,,,
Critters 4 Film Collection,,"The Critters 4 Film Collection bundles all four sci-fi horror cult classics: Critters (1986), Critters 2: The Main Course (1988), Critters 3 (1991), and Critters 4 (1992).",,,,,,"DVD, horror",,,0.00,,,,,1,12725242,,,,,,,,
Dances with Wolves,,"A Union Army lieutenant stationed on the American frontier befriends a Lakota Sioux tribe, finding a new sense of belonging while witnessing the clash between Native Americans and westward expansion.",,,,,,"VHS, drama",,,0.00,,,,,1,00198138,,,,,,,,
Dark Victory,,"Socialite Judith Traherne (Bette Davis) lives a lavish but emotionally empty life. Riding horses is one of her few joys, and her stable master (Humphrey Bogart) is secretly in love with her. Told she has a brain tumor by her doctor, Frederick Steele (George Brent), Judith becomes distraught. After she decides to have surgery to remove the tumor, Judith realizes she is in love with Dr. Steele, but more troubling medical news may sabotage her new relationship, and her second chance at life.",,,,,,"VHS, romantic-comedy",,,0.00,,,,,1,53939194,,,,,,,,
Dazed and Confused,,"On the last day of school in 1976, a group of Texas teenagers cruise, party, and search for freedom during one unforgettable night.",,,,,,"VHS, comedy; sci-fi",,,0.00,,,,,1,99772154,,,,,,,,
Death in Brunswick,,"An unlucky man gets caught up in a messy situation involving a dead body, crime, and a failing restaurant. Australian cult comedy starring Sam Neill.",,,,,,"VHS, comedy",,,0.00,,,,,1,72157690,,,,,,,,
Deathfight,,The heir to an Asian trading empire is framed for the murder of his mistress by his stepbrother and a deadly business rival.,,,,,,"VHS, action",,,0.00,,,,,1,47730938,,,,,,,,
Deconstructing Harry,,"A successful but troubled novelist finds his personal life unraveling as the people around him recognize themselves in his fictional stories. Woody Allen's dark comedy explores creativity, relationships, and self-reflection.",,,,,,"VHS, comedy",,,0.00,,,,,1,00034298,,,,,,,,
Deep Blue Sea,,"Scientists working in an underwater research facility genetically alter sharks while searching for an Alzheimer's cure. The experiment backfires when the intelligent sharks turn on the team. Starring Samuel L. Jackson, Thomas Jane, Saffron Burrows, and LL Cool J.",,,,,,"VHS, sci-fi",,,0.00,,,,,1,71895546,,,,,,,,
Deep Cover,,"David Jason (Jeff Goldblum) is the biggest drug dealer in Los Angeles, and Russell Stevens (Larry Fishburne) is an undercover cop who wants to bring him down. Posing as a dealer, Stevens begins to earn the trust of the L.A. drug underworld, eventually making his way to Jason himself. But along the way he has to take his cover to depths he never thought he would have to see, including selling drugs and going to great lengths to eliminate potential competitors for Jason's drug cartel.",,,,,,"VHS, action",,,0.00,,,,,1,47960314,,,,,,,,
Delta Heat,,A Los Angeles police detective (Anthony Edwards) goes to New Orleans on the trail of a deadly new designer drug.,,,,,,"VHS, thriller",,,0.00,,,,,1,47894778,,,,,,,,
Digimon Adventure Reunion,,"It's been six years since that summer adventure when Taichi Yagami and the rest of the DigiDestined crossed over to the Digital World. And nearly three years have passed since the final battle between Hikari Yagami's group and BelialVamdemon. As the peaceful days passed by, at some point the gate to the Digital World closed. Not even the DigiDestined know what caused this, and time alone continues to pass.",,,,,,"Blu-Ray, kids-family",,,0.00,,,,,1,92301050,,,,,,,,
Down to You,,"College coeds in New York City, Al (Freddie Prinze Jr.), the son of a celebrity chef (Henry Winkler), and Imogen (Julia Stiles), a talented artist, become smitten the second they lay eyes on one another at a bar. However, the road to happiness is not a smooth one. Outside forces, including a predatory porn star (Selma Blair) who wants to lure Al into her bed, threaten to pull apart the young lovers before their romance has a chance to really flourish.",,,,,,"VHS, comedy",,,0.00,,,,,1,18302458,,,,,,,,
Down With Love,,"It's 1962, and feminist Barbara Novak (Renée Zellweger) pens a best-selling book that details the drawbacks of love. She encourages women to forgo serious relationships with men in favor of independence, workplace achievements and satisfying sex. Despite her success, many men are taken aback by her progressive views, including slick writer Catcher Block (Ewan McGregor), who decides to expose Barbara as a fraud by making her fall in love with him. However, his plan has unexpected consequences.",,,,,,"VHS, romantic-comedy",,,0.00,,,,,1,16959994,,,,,,,,
Dune,,"Young nobleman Paul Atreides journeys to the desert planet Arrakis, where political intrigue, giant sandworms, and a valuable resource shape the fate of the galaxy. (If your VHS is the 1984 David Lynch version, this description applies.)",,,,,,"VHS, sci-fi",,,0.00,,,,,1,99804922,,,,,,,,
Eat the Rich,,A disgruntled restaurant worker and anti-establishment outsiders turn their anger toward the wealthy elite in this anarchic British dark comedy featuring Lemmy from Motörhead.,,,,,,"VHS, comedy",,,0.00,,,,,1,72124922,,,,,,,,
Everyone Says I Love You,,"The daughter of wealthy Manhattanites Joe (Woody Allen) and Steffi (Goldie Hawn), D.J. (Natasha Lyonne) has to contend with her extended family after her parents' divorce. The entire clan is abuzz about the impending wedding of her half-sister, Skylar (Drew Barrymore), and her fiancé, Holden (Edward Norton). However, when gruff former criminal Charlie (Tim Roth) enters the picture, things take an unexpected turn. Meanwhile, the lovelorn Joe pursues the beautiful Von (Julia Roberts) in Europe.",,,,,,"VHS, romantic-comedy",,,0.00,,,,,1,16730618,,,,,,,,
Faerie Tale Theater: The Princess & The Pea,,A princess (Liza Minnelli) likes a lazy prince (Tom Conti) but is not so fond of his mother (Beatrice Straight); with Nancy Allen; directed by Tony Bill.,,,,,,"VHS, kids-family",,,0.00,,,,,1,54529018,,,,,,,,
Fantasia,,"Disney's groundbreaking animated classic combines orchestral music with imaginative animated sequences, including the iconic ""Sorcerer's Apprentice.""",,,,,,"VHS, kids-family",,,0.00,,,,,1,40944378,,,,,,,,
Fargo,,"""Fargo"" is a reality-based crime drama set in Minnesota in 1987. Jerry Lundegaard (William H. Macy) is a car salesman in Minneapolis who has gotten himself into debt and is so desperate for money that he hires two thugs (Steve Buscemi), (Peter Stormare) to kidnap his own wife. Jerry will collect the ransom from her wealthy father (Harve Presnell), paying the thugs a small portion and keeping the rest to satisfy his debts. The scheme collapses when the thugs shoot a state trooper.",,,,,,"VHS, thriller",,,0.00,,,,,1,53349370,,,,,,,,
Flubber,,"Professor Philip Brainard is experimenting with new kinds of energy, and he thinks this project will save struggling Medfield College, where his girlfriend, Sara, is president. But when he discovers a lively, rubber-like substance dubbed flubber, he gets so excited, he absent-mindedly misses his own wedding. Sara dumps him, so he tries to use his discovery to win her back; unfortunately, the mischievous flubber seems to have a mind of its own.",,,,,,"VHS, kids-family",,,0.00,,,,,1,83832570,,,,,,,,
Fortress,,"As the teacher at a small school in rural Australia, Sally Jones (Rachel Ward) leads a rather mundane life. However, for her and nine of her students, all of that changes when a band of criminals breaks into their school to take them hostage. Dragging the teacher and children to the outback, the kidnappers intend to hold their victims for ransom. But Jones has other plans. Leading her pupils, Jones turns on her captors and fights to first survive and then escape.",,,,,,"VHS, action",,,0.00,,,,,1,18859514,,,,,,,,
Fortunes of War,,"Fortunes of War (1994) is an action-thriller and adventure film starring Matt Salinger and Haing S. Ngor. The plot follows an American relief worker and his friends who are unknowingly hired to smuggle goods into the Cambodian jungles, resulting in a desperate fight for survival.",,,,,,"VHS, action",,,0.00,,,,,1,18728442,,,,,,,,
Foxfire,,"Five high school girls turn the tables on a teacher who makes sexual advances, but the principal punishes them instead. In order to get her confiscated art supplies, Maddy Wirtz (Hedy Burress) and her new friends, including the fearless Legs (Angelina Jolie) and the disturbed Goldie (Jenny Shimizu), sneak into the school, leading to an accidental fire. The incident cements the girls' friendship, but attacks by the football team and their own personal demons threaten to pull the group apart.",,,,,,"VHS, thriller",,,0.00,,,,,1,47763706,,,,,,,,
French Kiss,,"When Kate (Meg Ryan) learns that her fiance, Charlie (Timothy Hutton), has become smitten with a young Parisian woman, she boards a plane for France. She is seated next to Luc (Kevin Kline), a small-time crook who uses her to smuggle a stolen necklace, leading Luc to the hotel where she's staying to confront Charlie. As Kate and Luc get to know each other, their sarcastic rapport grows warmer, and Kate must decide where her heart truly lies as Charlie tries to win her back.",,,,,,"VHS, romantic-comedy",,,0.00,,,,,1,17156602,,,,,,,,
French Twist,,"After learning of her husband's infidelities, a housewife invites an itinerant lesbian to move in with them. None of their lives will ever be the same again.",,,,,,"VHS, foreign",,,0.00,,,,,1,08447738,,,,,,,,
From the Earth to the Moon,,"Following the Civil War, demolition expert Victor Barbicane (Joseph Cotten) develops the world's most powerful explosive, Power X. When other countries warn that the weaponization of Power X may be seen as an act of war, Barbicane and his rival, Stuyvesant Nicholl (George Sanders), join forces to create a Power X-fueled rocket to the moon. With Barbicane's assistant, Ben (Don Dubbins), and Nicholl's stowaway daughter, Virginia (Debra Paget), the two men set forth into outer space.",,,,,,"VHS, sci-fi",,,0.00,,,,,1,18400762,,,,,,,,
Frosty the Snowman,,A magical snowman comes to life and embarks on a heartwarming adventure with a group of children before winter comes to an end. Narrated by Jimmy Durante.,,,,,,"VHS, holiday",,,0.00,,,,,1,39961338,,,,,,,,
Garden State,,"After many years away, television bit part actor Andrew Largeman returns to his small hometown in New Jersey to attend his mother's funeral. There he is confronted by various aspects of the life he left behind, including his overbearing father. Largeman also meets compulsive liar and amateur musician Sam, with whom he feels an immediate connection. Together with several other figures from his past, Largeman heals old wounds and forges new friendships.",,,,,,"VHS, romantic-comedy",,,0.00,,,,,1,53906426,,,,,,,,
Georgia,,"Georgia Flood (Mare Winningham) is a well-to-do folk-singer with a stable family and a loving husband. Her younger sister, Sadie (Jennifer Jason Leigh), is the lead singer in a rowdy punk-rock band. Living in Georgia's shadow causes Sadie to become obsessed with her, and she tries everything she can to live up to her big sister's achievements. Unfortunately it is this very obsession --coupled with her self-destructive tendencies and rampant drug abuse-- that keep her spiraling down the drain.",,,,,,"VHS, drama",,,0.00,,,,,1,66883322,,,,,,,,
Give 'Em Hell Harry!,,"President Harry S. Truman (James Whitmore) looks back on his life in this one-man performance. Over the course of the film, Truman talks about his upbringing on a farm, his service in World War I and his time as an aspiring politician in Missouri. He also provides details about his short stint as vice president under President Franklin D. Roosevelt. Following Roosevelt's death, Truman ascended to the presidency, and he addresses the weight of that responsibility with both humor and humility.",,,,,,"VHS, comedy",,,0.00,,,,,1,47796474,,,,,,,,
Glitz,,"Glitz is a 1988 made-for-television crime thriller based on the novel by Elmore Leonard. The story follows Vincent Marra (Jimmy Smits), a Miami detective who travels to Atlantic City to investigate the murder of his girlfriend, only to become the target of a sadistic ex-con (John Diehl) he once testified against.",,,,,,"VHS, action",,,0.00,,,,,1,18433530,,,,,,,,
Good Boy,,"An intergalactic dog pilot from Sirius (the dog star), visits Earth to verify the rumors that dogs have failed to take over the planet.",,,,,,"VHS, kids-family",,,0.00,,,,,1,08709882,,,,,,,,
Grand Canyon,,A diverse group of characters are thrown together through chance encounters while coping with urban chaos in L.A. The main focus is the growing friendship between an immigration lawyer (Kevin Kline) and a tow-truck driver (Danny Glover) who meet when Kline's car breaks down in a crime-ridden neighborhood.,,,,,,"VHS, drama",,,0.00,,,,,1,48353530,,,,,,,,
Greedy,,"Elderly Uncle Joe (Kirk Douglas) made his fortune as a businessman, and now his heirs are maneuvering to ensure they get their portions of it once he dies. Uncle Joe isn't too keen on most of his ungrateful family members, though, so they call on the old man's favorite nephew, Daniel (Michael J. Fox), to make their case. He doesn't much care about the money, but as his obnoxious relatives gather at Joe's mansion, Daniel realizes he and the aging millionaire share a contempt for their own family.",,,,,,"VHS, comedy",,,0.00,,,,,1,19088890,,,,,,,,
Guarding Tess,,"Doug Chesnic (Nicolas Cage), an agent with the Secret Service Uniformed Division, is assigned to protect former first lady Tess Carlisle (Shirley MacLaine). Chesnic finds the job demeaning and a challenge because of Tess' high-maintenance personality and petty demands. He's desperate to get another assignment, but she insists that he remain head of her security detail, using her influence with the current president to get her way. When she's kidnapped, however, Chesnic's feelings change.",,,,,,"VHS, comedy",,,0.00,,,,,1,19056122,,,,,,,,
Guys and Dolls,,"Two gamblers make a bet involving a Salvation Army missionary and a nightclub singer, leading to romance, colorful musical numbers, and classic Broadway charm. Starring Marlon Brando, Frank Sinatra, Jean Simmons, and Vivian Blaine.",,,,,,"VHS, musical",,,0.00,,,,,1,38945530,,,,,,,,
Hair,,"In New York City for the first time while on his way to enlist in the U.S. Army during the Vietnam War, Oklahoma farm hand Claude Hooper Bukowski (John Savage) meets up with a freewheeling group of Central Park hippies led by the irrepressible George Berger (Treat Williams). When the unlikely friends meet upper-middle-class debutante Sheila Franklin (Beverly D'Angelo), sparks fly between the country boy and the city girl, and Berger's troupe attempts to keep the young lovers together.",,,,,,"VHS, musical",,,0.00,,,,,1,54430714,,,,,,,,
Harriet the Spy,,"Harriet (Michelle Trachtenberg) may only be in the sixth grade, but she's already found her calling: to be a spy. In a private journal she takes everywhere, Harriet records suspicious activity and keeps a running list of observations on virtually everyone she knows. It seems harmless enough until, one day, someone finds the journal and exposes Harriet's critical thoughts about her classmates. Suddenly, even her best friends are against her, and Harriet resolves to take revenge.",,,,,,"VHS, kids-family",,,0.00,,,,,1,85372666,,,,,,,,
Heartburn,,"Rachel Samstat (Meryl Streep), a New York food critic, beds Mark Forman (Jack Nicholson), a Washington, D.C., newspaper columnist. The two fall in love, and Rachel relinquishes her job and relocates to be with a man who views himself as unfit for marriage. They try to build a life together -- literally -- as they struggle with the construction crews renovating their home. When Rachel gets pregnant, Mark is enthusiastic, but then soon begins doubting whether he could be a family man.",,,,,,"VHS, romantic-comedy",,,0.00,,,,,1,48025850,,,,,,,,
Hearts of Fire,,"For as long as she can remember, Molly McGuire has picked guitar. Written songs. And dreamed about the day opportunity would knock. But opportunity never knocked. Instead it kicked the door down, grabbed her by the guitar strap and thrust her into a warld far different from her sleepy small town. Suddenly Molly's a rockstar, IF she can handle it.",,,,,,"VHS, musical",,,0.00,,,,,1,48091386,,,,,,,,
Heartsong,,"Heartsong is a unique musical experience in which you will share, with Dolly Parton, a lifetime of her Smoky Mountain inspiration.",,,,,,"VHS, musical",,,0.00,,,,,1,54332410,,,,,,,,
Hell's Kitchen,,An ex-con returns to his home town after serving a five-year prison sentence. He approaches a former heavyweight contender to teach him the skills of boxing.,,,,,,"VHS, thriller",,,0.00,,,,,1,48386298,,,,,,,,
Herculese Against th Moonmen,,The mythological hero battles giants and monsters in his efforts to free the peaceful Samar from their lunar captors.,,,,,,"VHS, sci-fi",,,0.00,,,,,1,47632634,,,,,,,,
High Fidelity,,"A record store owner reflects on his failed relationships while obsessing over music, mixtapes, and Top 5 lists. Starring John Cusack and based on Nick Hornby's novel.",,,,,,"VHS, comedy",,,0.00,,,,,1,39568122,,,,,,,,
"Honey, I Blew Up the Kids",,"Scatterbrained scientist Wayne Szalinski develops a contraption that makes objects bigger. A routine test goes horribly wrong, however, when Wayne accidentally targets his 2-year-old son with the enlarging ray. The toddler experiences huge growth spurts every time he is exposed to electricity. When their child grows to become over 100 feet tall, Wayne and his wife, Diane, must use a shrink ray to cure his gigantism before he destroys all of Las Vegas.",,,,,,"VHS, kids-family",,,0.00,,,,,1,54561786,,,,,,,,
Hope Floats,,"Birdee Pruitt (Sandra Bullock) has been humiliated on live television by her best friend, Connie (Rosanna Arquette), who's been sleeping with Birdee's husband, Bill (Michael Paré). Birdee tries starting over with her daughter, Bernice (Mae Whitman), by returning to her small Texas hometown, but she's faced with petty old acquaintances who are thrilled to see Birdee unhappy -- except for her friend Justin (Harry Connick Jr.). As he helps Birdee get back on her feet, love begins to blossom.",,,,,,"VHS, romantic-comedy",,,0.00,,,,,1,05408762,,,,,,,,
House Party 4,,"A group of friends tries to throw the ultimate house party while dealing with relationships, rivalries, and the chaos of young adulthood. A later entry in the House Party franchise.",,,,,,"VHS, comedy",,,0.00,,,,,1,72321530,,,,,,,,
How the Grinch Stole Christmas,,The Grinch plans to ruin Christmas for the Whos of Whoville but discovers the true meaning of the holiday. Narrated by Boris Karloff.,,,,,,"VHS, holiday",,,0.00,,,,,1,38978298,,,,,,,,
How to get Ahead in Advertising,,"A troubled advertising executive suffering a creative crisis develops a bizarre physical manifestation of his own inner conflict, leading to a surreal battle with himself. A sharp British satire about consumer culture and ambition.",,,,,,"VHS, comedy",,,0.00,,,,,1,72288762,,,,,,,,
Igby Goes Down,,"Igby Slocumb (Kieran Culkin), a rebellious and sarcastic 17-year-old boy, is at war with the stifling world of old money privilege he was born into. With a schizophrenic father (Bill Pullman), a self-absorbed, distant mother (Susan Sarandon), and a shark-like young Republican big brother (Ryan Phillippe), Igby figures there must be a better life out there -- and sets about finding it.",,,,,,"VHS, drama",,,0.00,,,,,1,48058618,,,,,,,,
In Between,,The souls of three strangers meet and reflect on the first day of the rest of eternity.,,,,,,"VHS, drama",,,0.00,,,,,1,48451834,,,,,,,,
I.Q.,,"Catherine Boyd (Meg Ryan) is a highly intelligent doctoral student at Princeton University and is engaged to stuffy Professor James Moreland (Stephen Fry). Ed Walters (Tim Robbins), a mechanic and all-around regular guy, falls for Catherine and searches for a way to impress her. Believing that the key to Catherine's heart is his IQ, Ed passes himself off as a physicist with the help of Catherine's uncle, who just happens to be Albert Einstein (Walter Matthau).",,,,,,"VHS, romantic-comedy",,,0.00,,,,,1,17058298,,,,,,,,
It Could Happen to You,,"Charlie Lang is a simple, kindhearted New York City cop. When he realizes he has no money to tip waitress Yvonne Biasi, Lang offers her half the winnings of his lottery ticket. Amazingly, the ticket happens to be a winner, in the sum of $4 million. True to his word, Lang proceeds to share the prize money with Biasi, which infuriates his greedy wife, Muriel. Not content with the arrangement, Muriel begins scheming to take all the money.",,,,,,"VHS, romantic-comedy",,,0.00,,,,,1,08414970,,,,,,,,
It's a Wonderful Life,,"George Bailey has so many problems he is thinking about ending it all - and it's Christmas! As the angels discuss George, we see his life in flashback. As George is about to jump from a bridge, he ends up rescuing his guardian angel, Clarence - who then shows George what his town would have looked like if it hadn't been for all his good deeds over the years.",,,,,,"VHS, holiday",,,0.00,,,,,1,53251066,,,,,,,,
Jesus Christ Superstar,,Andrew Lloyd Webber and Tim Rice's rock opera retells the final days of Jesus through modern music and striking visuals.,,,,,,"VHS, musical",,,0.00,,,,,1,39076602,,,,,,,,
Jimmy Hollywood,,"Jimmy Alto (Joe Pesci) is an unemployed actor in Hollywood, Calif., who decides to allay his boredom by fighting crime. With assistance from his dim-witted buddy, William (Christian Slater), Jimmy forms a vigilante group and adopts the alias Jericho. Rather than take on criminals directly, Jimmy records them engaging in illegal activities and then gives the evidence to the cops. Inevitably, this pursuit winds up getting Jimmy and William into plenty of trouble.",,,,,,"VHS, comedy",,,0.00,,,,,1,66785018,,,,,,,,
Joan of Arc,,"During the Hundred Years' War, peasant girl Joan of Arc (Ingrid Bergman) hears voices instructing her to save France from the English. Convinced that these unsummoned murmurings are divine messages from God, Joan consults the uncrowned Charles VII (Jose Ferrer) who, startled by the accuracy of her clairvoyance, assembles an army and installs her as its leader and spiritual guide. Her victorious forces reclaim much of their homeland from the English, but she herself falls into enemy hands.",,,,,,"VHS, drama",,,0.00,,,,,1,53054458,,,,,,,,
Johns,,"It's Christmas Eve, the day before John (David Arquette) -- a Los Angeles street prostitute -- turns 21. He's hoping to scrape together the cash to spend his birthday in a plush hotel, but, when his money is stolen while he sleeps in a park, John's plans fall apart. Suddenly, he's trying to stave off local gangster Jimmy the Warlock (Terrence Dashon Howard), hoping to calm down his speed-head girlfriend (Alanna Ubach) and dealing with the affections of a wide-eyed young hustler (Lukas Haas).",,,,,,"VHS, drama",,,0.00,,,,,1,47829242,,,,,,,,
J.R.R. Tolkien's The Hobbit,,"This short film is the first film adaptation of J.R.R. Tolkien's 1937 novel, The Hobbit. The film is a considered an ""ashcan copy"" as it was made quickly and cheaply by the producer to keep the rights to to the material.",,,,,,"VHS, fantasy",,,0.00,,,,,1,08644346,,,,,,,,
Jumpin at the Boneyard,,"In this tough and uncompromising drama, unemployed Manny (Tim Roth) spends a painful day attempting to get his drug addict brother Danny (Alexis Arquette) straightened out.",,,,,,"VHS, drama",,,0.00,,,,,1,48419066,,,,,,,,
Knockaround Guys,,"The film follows four sons (Barry Pepper, Vin Diesel, Seth Green, Andrew Davoli) of well-known Brooklyn-based mobsters (Dennis Hopper, John Malkovich) and their desperate fight to retrieve a bag of cash in a small Montana town ruled by a powerful sheriff. As they unite to find the money, they come face-to-face with the bloodshed and betrayal that is their birthright.",,,,,,"VHS, action",,,0.00,,,,,1,18990586,,,,,,,,
Lakota Woman,,"Raised on a Sioux reservation in the 1960s, young Lakota girl Mary Crow Dog (Irene Bedard) learns the history of her people at the foot of her grandfather Fool Bull (Floyd ""Red Crow"" Westerman), a survivor of the legendary massacre at Wounded Knee in 1890. Forced to attend a Catholic boarding school, she loses touch with her tribal heritage until becoming radicalized by a fellow student (Amy Moore Davis) and going forth to regain her Native American identity.",,,,,,"VHS, drama",,,0.00,,,,,1,48156922,,,,,,,,
Leaving Normal,,"A waitress with a past that's weighing her down, Darly decides to drive to Alaska to try and come to terms with her unfortunate history. Along the way, Darly meets Marianne, an impulsive young woman leaving an abusive relationship. The two hit the road together and keep driving north, bonding over the hardships that they have endured and meeting a number of eccentric characters as they get closer to their destination.",,,,,,"VHS, comedy",,,0.00,,,,,1,66817786,,,,,,,,
Lethal Weapon,,"A veteran detective and a reckless younger cop are forced to work together, creating one of the defining buddy-cop franchises of the 1980s.",,,,,,"VHS, action",,,0.00,,,,,1,71961082,,,,,,,,
Let's Make it Legal,,"A couple are divorcing because of his gambling after 20 years of marriage but are parting as friends. When an ex-flame starts making a play for her, hubby explains his lucky dice.",,,,,,"VHS, romantic-comedy",,,0.00,,,,,1,53185530,,,,,,,,
Little House on the Prairie: Christmas at Plum Creek,,Christmas is coming and everyone is being secretive. Laura wants to buy something expensive for her mother and has to come up with a way to pay for it.,,,,,,"VHS, holiday",,,0.00,,,,,1,53840890,,,,,,,,
Little Women,,"In this 1994 adaptation of Louisa May Alcott's classic, the March sisters confront growing pains, financial shortages, family tragedies and romantic rivalries in mid-19th-century Massachusetts. Jo struggles for independence and sometimes clashes with her beloved mother and her sisters Meg, Amy and Beth. She also contends with their cranky Aunt March, their impulsive neighbor Laurie and kindly linguistics professor Friedrich Bhaer.",,,,,,"VHS, drama",,,0.00,,,,,1,53873658,,,,,,,,
Lord of the Rings: The Fellowship of the Ring,,"The future of civilization rests in the fate of the One Ring, which has been lost for centuries. Powerful forces are unrelenting in their search for it. But fate has placed it in the hands of a young Hobbit named Frodo Baggins (Elijah Wood), who inherits the Ring and steps into legend. A daunting task lies ahead for Frodo when he becomes the Ring-bearer - to destroy the One Ring in the fires of Mount Doom where it was forged.",,,,,,"Blu-Ray, fantasy",,,0.00,,,,,1,12987386,,,,,,,,
Loser,,A kindhearted college student struggles to fit in at a new school while falling for a classmate who is already involved with someone else. Starring Jason Biggs.,,,,,,"VHS, romantic-comedy",,,0.00,,,,,1,72518138,,,,,,,,
Mafia,,"Mafia! (also known as Jane Austen's Mafia!) is a 1998 satirical comedy directed by Jim Abrahams. It is a slapstick parody of classic gangster films, primarily focusing on The Godfather and Casino, while also poking fun at other iconic movies.",,,,,,"VHS, comedy",,,0.00,,,,,1,18236922,,,,,,,,
Memphis Belle,,"At a U.S. Army Air Force base in England, the crew members of B-17 bomber Memphis Belle prepare for their 25th and final sortie into enemy German territory. Bomber Capt. Dennis Dearborn (Matthew Modine) knows the mission is a dangerous one, but he's under pressure from Army public relations man Lt. Col. Bruce Derringer (John Lithgow) to earn a decisive victory for the Allies. Now, the Memphis Belle prepares to take flight as apprehension and dissention grow among Dearborn's crew.",,,,,,"VHS, drama",,,0.00,,,,,1,18925050,,,,,,,,
Minority Report,,"Based on a story by famed science fiction writer Philip K. Dick, ""Minority Report"" is an action-detective thriller set in Washington D.C. in 2054, where police utilize a psychic technology to arrest and convict murderers before they commit their crime. Tom Cruise plays the head of this Precrime unit and is himself accused of the future murder of a man he hasn't even met.",,,,,,"VHS, sci-fi",,,0.00,,,,,1,47993082,,,,,,,,
Monty Python and the Holy Grail,,"A comedic send-up of the grim circumstances of the Middle Ages as told through the story of King Arthur and framed by a modern-day murder investigation. When the mythical king of the Britons leads his knights on a quest for the Holy Grail, they face a wide array of horrors, including a persistent Black Knight, a three-headed giant, a cadre of shrubbery-challenged knights, the perilous Castle Anthrax, a killer rabbit, a house of virgins, and a handful of rude Frenchmen.",,,,,,"VHS, comedy",,,0.00,,,,,1,54234106,,,,,,,,
Moonwalkers,,"In 60s London, an unstable CIA agent is forced to work with a shabby rock band manager to develop the biggest scam ever - to stage the moon landings. With or without the help of legendary filmmaker, Stanley Kubrick.",,,,,,"Blu-Ray, comedy",,,0.00,,,,,1,92497658,,,,,,,,
Mr. Wonderful,,"Gus (Matt Dillon) is a New Yorker with an entrepreneurial spirit. He'd like to quit his job and open a bowling alley, but financial obligations from his ex-marriage are standing in his way. Gus owes alimony to Leonora (Annabella Sciorra), but if she remarries, he'll be flush with cash. So he embarks on a scheme to find her a husband. Leonora is in a relationship with Tom (William Hurt), but like Gus, she's a romantic -- and soon Gus and Leonora find they may still have a spark left.",,,,,,"VHS, romantic-comedy",,,0.00,,,,,1,17287674,,,,,,,,
Murder at 1600,,"A secretary is found dead in a White House bathroom during an international crisis, and Detective Harlan Regis is in charge of the investigation. Despite resistance from the Secret Service, Regis partners with agent Nina Chance. As political tensions rise, they learn that the crime could be part of an elaborate cover-up. Framed as traitors, the pair and Regis' partner break into the White House to expose the true culprit.",,,,,,"VHS, thriller",,,0.00,,,,,1,05375994,,,,,,,,
My Big Fat Greek Wedding,,"Everyone in the Portokalos family worries about Toula (Nia Vardalos). Still unmarried at 30 years old, she works at Dancing Zorba's, the Greek restaurant owned by her parents, Gus (Michael Constantine) and Maria (Lainie Kazan). After taking a job at her aunt's travel agency, she falls in love with Ian Miller (John Corbett), a teacher who is tall, handsome and definitely not Greek. Toula isn't sure which will be more upsetting to her father, that Ian is a foreigner or that he's a vegetarian.",,,,,,"VHS, romantic-comedy",,,0.00,,,,,1,17091066,,,,,,,,
My Fair Lady,,"In this beloved musical, pompous phonetics professor Henry Higgins (Rex Harrison) is so sure of his abilities that he takes it upon himself to transform a Cockney working-class girl into someone who can pass for a cultured member of high society. His subject turns out to be the lovely Eliza Doolittle (Audrey Hepburn), who agrees to speech lessons to improve her job prospects. Higgins and Eliza clash, then form an unlikely bond -- one that is threatened by an aristocratic suitor (Jeremy Brett).",,,,,,"VHS, musical",,,0.00,,,,,1,57689594,,,,,,,,
My Life as a Fairytale,,"A wealthy patron and his daughter welcome the young Andersen into their home, and watch as his storytelling gifts flourish.",,,,,,"VHS, fantasy",,,0.00,,,,,1,54365178,,,,,,,,
My Man Godfrey,,"A wealthy socialite hires a homeless man as her family's butler, only to discover he is far more sophisticated than anyone imagined in this classic screwball comedy.",,,,,,"VHS, comedy",,,0.00,,,,,1,99837690,,,,,,,,
My Name is Barbara,,"Barbra Streisand's first television special features musical performances, comedy sketches, and the charisma that launched her television career.",,,,,,"VHS, musical",,,0.00,,,,,1,39633658,,,,,,,,
National Lampoon's Last Resort,,"A group of people win a vacation to a remote tropical island resort, only to discover the ""paradise"" getaway is much stranger and more chaotic than expected.",,,,,,"VHS, comedy",,,0.00,,,,,1,72092154,,,,,,,,
National Lampoon's Senior Trip,,A group of high school students takes a chaotic cross-country trip after their class paper criticizes the principal and lands them in trouble. Starring Matt Frewer and Jeremy Renner.,,,,,,"VHS, comedy",,,0.00,,,,,1,72452602,,,,,,,,
"New York, New York",,"Jimmy Doyle (Robert De Niro), an aspiring saxophone player, meets established USO band singer Francine Evans (Liza Minnelli) during V-J Day celebrations at the end of World War II. The two become a musical double act and, more importantly, fall in love. They quickly get married and start a family, however, their volatile relationship disintegrates over time. Years later, when both of them have successful careers, Jimmy and Francine find their paths crossing once again.",,,,,,"DVD, drama",,,0.00,,,,,1,92727034,,,,,,,,
Newsies,,"In this musical, homeless New York City newsboy Jack ""Cowboy"" Kelly (Christian Bale) befriends two newcomers to his trade, brothers David (David Moscow) and Les Jacobs (Luke Edwards). When publisher Joseph Pulitzer (Robert Duvall) sets new rules that make it harder for the young newspaper salesmen to make a buck, the boys go on strike. Bryan Denton (Bill Pullman), a journalist who's sympathetic to their plight, gives them some tips in public relations, as the newsboys' battle grips the city.",,,,,,"VHS, musical",,,0.00,,,,,1,54299642,,,,,,,,
No Contest,,"A Ms Galaxy beauty pageant is taken over by a gang of terrorists. After wiring the building with explosives, they demand $10 million dollars in ransom. It soon turns out that the police are not the only ones planning a valiant attempt at freedom.",,,,,,"VHS, thriller",,,0.00,,,,,1,47927546,,,,,,,,
October Sky,,"John Hickam is a West Virginia coal miner who loves his job and expects his sons, Jim and Homer, to follow in his footsteps. But Jim gets a football scholarship, and Homer becomes interested in rocket science after seeing Sputnik 1 crossing the sky. John disapproves of his son's new mania, but Homer begins building rockets with the help of friends and a sympathetic teacher. Rocketry, he hopes, will prove his ticket to a better life.",,,,,,"VHS, kids-family",,,0.00,,,,,1,48124154,,,,,,,,
Oliver & Company,,"In this animated update of the classic Oliver Twist tale, Oliver (Joey Lawrence) is an orphaned kitten taken in by a gang of thieving dogs, led by cavalier canine Dodger (Billy Joel) and owned by down-and-out pickpocket Fagin (Dom DeLuise). While pulling a job in the streets of New York City, Oliver winds up being adopted by a rich girl, Jenny (Natalie Gregory), and landing on easy street. But through a series of events, a loan shark threatens the peaceful new arrangement.",,,,,,"VHS, kids-family",,,0.00,,,,,1,84258554,,,,,,,,
Overexposed,,"A soap-opera star (Catherine Oxenberg) thinks someone's trying to kill her, but cannot figure out which someone.",,,,,,"VHS, thriller",,,0.00,,,,,1,54594554,,,,,,,,
Permanent Midnight,,"As television writer Jerry Stahl (Ben Stiller) becomes more successful, his heroin habit grows worse. Already using when he comes to Los Angeles, Stahl finds his problems intensify when he moves in with his friend Nicky (Owen Wilson), also an addict. Eventually, Stahl marries producer Sandra (Elizabeth Hurley) to help her get a green card, and she gets him jobs on top television shows. However, more and more, he is unable to separate his addiction from his working life.",,,,,,"VHS, drama",,,0.00,,,,,1,66850554,,,,,,,,
Peter Pan,,"This Disney classic begins in London at the beginning of the century, Wendy Darling delights her brothers with the wonder of bedtime stories. She tells them how the mythical Peter Pan, the boy who never grew up, fights against the evil Captain Hook. One night the tale comes to life when the kids are visited by Peter Pan and whisked away to Never Land. There they meet the Lost Boys and Peter's nemesis: Captain Hook and his dangerous pirates.",,,,,,"VHS, kids-family",,,0.00,,,,,1,85110522,,,,,,,,
Picnic at Hanging Rock,,"In the early 1900s, Miranda (Anne Lambert) attends a girls boarding school in Australia. One Valentine's Day, the school's typically strict headmistress (Rachel Roberts) treats the girls to a picnic field trip to an unusual but scenic volcanic formation called Hanging Rock. Despite rules against it, Miranda and several other girls venture off. It's not until the end of the day that the faculty realizes the girls and one of the teachers (Vivean Gray) have disappeared mysteriously.",,,,,,"VHS, drama",,,0.00,,,,,1,53775354,,,,,,,,
Pillow Talk,,"Playboy songwriter Brad Allen's (Rock Hudson) succession of romances annoys his neighbor, interior designer Jan Morrow (Doris Day), who shares a telephone party line with him and hears all his breezy routines. After Jan unsuccessfully lodges a complaint against him, Brad sets about to seduce her in the guise of a sincere and upstanding Texas rancher. When mutual friend Jonathan (Tony Randall) discovers that his best friend is moving in on the girl he desires, however, sparks fly.",,,,,,"VHS, romantic-comedy",,,0.00,,,,,1,16370170,,,,,,,,
Platoon,,"Chris Taylor is a young, naive American who, upon his arrival in Vietnam, quickly discovers that he must do battle not only with the Viet Cong, but also with the gnawing fear, physical exhaustion, and intense anger growing within him.",,,,,,"VHS, drama",,,0.00,,,,,1,18793978,,,,,,,,
Point Break,,"After a string of bizarre bank robberies in Southern California, with the crooks donning masks of various former presidents, a federal agent, Johnny Utah (Keanu Reeves), infiltrates the suspected gang. But this is no ordinary group of robbers. They're surfers -- led by the charismatic Bodhi (Patrick Swayze) -- who are addicted to the rush of thievery. But when Utah falls in love with a female surfer, Tyler (Lori Petty), who is close to the gang, it complicates his sense of duty.",,,,,,"VHS, action",,,0.00,,,,,1,18826746,,,,,,,,
P.O.W. The Escape,,"At the end of the Vietnam War, Colonel James Cooper embarks on a life-threatening liberation mission to free American prisoners imprisoned in a secret Vietcong camp.",,,,,,"VHS, action",,,0.00,,,,,1,19023354,,,,,,,,
Pretty Woman,,"A wealthy businessman hires a spirited Hollywood escort to accompany him for a week, and their business arrangement unexpectedly turns into romance.",,,,,,"VHS, romantic-comedy",,,0.00,,,,,1,99870458,,,,,,,,
Profile for Murder,,A female police psychiatrist develops sexual fantasies involving a patient accused of murder.,,,,,,"VHS, thriller",,,0.00,,,,,1,08611578,,,,,,,,
Radioland Murders,,"The secretary at radio station WBN, Penny Henderson is frantically trying to keep things in order as a broadcast goes on the air. Chaos breaks loose, however, when a series of murders occurs in the building, accompanied by an enigmatic voice over the airwaves. Penny's writer husband, Roger, tries to deduce who the killer is, but he also happens to be the prime suspect. As he evades the law, Roger gets closer to uncovering the identity of the murderer.",,,,,,"VHS, comedy",,,0.00,,,,,1,57656826,,,,,,,,
Recipe for Disaster,,"Rebecca Korda and her two brothers, Sam and Max, are left alone on opening night of their family-owned restaurant.",,,,,,"VHS, comedy",,,0.00,,,,,1,08742650,,,,,,,,
Red Dawn,,"In an alternate 1980s, the United States stands alone as communism grows stronger. When Soviet soldiers invade a small Colorado town, brothers Jed and Matt Eckert escape with friends to the forest. With their father, Tom, a prisoner of the invading army, the children decide to fight against the Soviets. As the country comes under increasing attack, the group teams up with Lt. Col. Andrew Tanner to take back their town.",,,,,,"VHS, action",,,0.00,,,,,1,05244922,,,,,,,,
Roger Corman Horror Collection,,"Legendary filmmaker Roger Corman has directed over 50 films and produced nearly 400 more. In 2010, he received an Honorary Oscar Award for his extraordinary contributions to the state of motion picture arts. Corman also helped launch the careers of such Hollywood luminaries as Jack Nicholson, Robert De Niro, Charles Bronson, Sylvester Stallone, Francis Ford Coppola, Martin Scorsese, Ron Howard, and James Cameron!",,,,,,"DVD, horror",,,0.00,,,,,1,92563194,,,,,,,,
Romeo & Juliet,,"In the Italian city of Verona, the Montague and the Capulet families are perpetually feuding. When Romeo (Leonard Whiting), a handsome young Montague, disregards convention by attending a Capulet ball, he falls in love with the beautiful Juliet (Olivia Hussey), a Capulet. After a brief courtship, the two elope, creating even greater tension between their families. Italian director Franco Zeffirelli's film is considered one of the best screen versions of Shakespeare's classic love story.",,,,,,"VHS, drama",,,0.00,,,,,1,54201338,,,,,,,,
Rookie of the Year,,"A freak accident causes 12-year-old Little League player Henry (Thomas Ian Nicholas) to become such a powerful and accurate pitcher that the Chicago Cubs sign the junior high student to a contract. Unprepared for such a high-pressure environment, Henry falters until aging fast baller Chet Steadman (Gary Busey) takes him under his wing and teaches him how to play in the big leagues. Meanwhile, his mother's venal boyfriend (Bruce Altman) tries to sell Henry's contract to a hated opposing team.",,,,,,"VHS, kids-family",,,0.00,,,,,1,54397946,,,,,,,,
Rushmore,,"When a beautiful first-grade teacher (Olivia Williams) arrives at a prep school, she soon attracts the attention of an ambitious teenager named Max (Jason Schwartzman), who quickly falls in love with her. Max turns to the father (Bill Murray) of two of his schoolmates for advice on how to woo the teacher. However, the situation soon gets complicated when Max's new friend becomes involved with her, setting the two pals against one another in a war for her attention.",,,,,,"VHS, comedy",,,0.00,,,,,1,54266874,,,,,,,,
Sabrina (1995),,"Sabrina Fairchild is a chauffeur's daughter who grew up with the wealthy Larrabee family. She always had unreciprocated feelings for David, the family's younger son and playboy. But after returning from Paris, Sabrina has become a glamorous woman who gets David's attention. His older, work-minded brother Linus thinks their courtship is bad for the family business and tries to break them up -- but then he starts to fall for her too.",,,,,,"VHS, romantic-comedy",,,0.00,,,,,1,17320442,,,,,,,,
Secret in the Attic,,"A beautiful woman marries a wealthy man, who for years chose to be a bachelor inspite of numerous female suitors. At first the marriage is perfect; he’s a loving husband and an enthusiastic lover. But soon the romance cools and the wife discovers that it has to do with a secret kept in the attic, something – or someone – he visits every night, that is changing him from a loving husband into a stranger… Akira Fukamachi directs this erotic and atmospheric drama.",,,,,,"VHS, thriller",,,0.00,,,,,1,08775418,,,,,,,,
Sense and Sensibility,,"When Elinor Dashwood's father dies, her family's finances are crippled. After the Dashwoods move to a cottage in Devonshire, Elinor's sister Marianne is torn between the handsome John Willoughby and the older Colonel Brandon. Meanwhile, Elinor's romantic hopes with Edward Ferrars are hindered due to his prior engagement. Both Elinor and Marianne strive for love while the circumstances in their lives constantly change.",,,,,,"VHS, drama",,,0.00,,,,,1,52988922,,,,,,,,
Shaun of the Dead / Hot Fuzz / The World's End Trilogy,,"A directionless electronics salesman must protect his friends and family when a zombie apocalypse overtakes London. An elite London police officer is reassigned to a quiet English village, where a string of suspicious “accidents” reveals a deadly conspiracy. Five childhood friends reunite for an epic pub crawl, only to discover their hometown has been taken over by extraterrestrials.",,,,,,"Blu-Ray, comedy",,,0.00,,,,,1,92006138,,,,,,,,
She Gets What She Wants,,"A popular Texas high school girl’s life is turned upside down when a charming French exchange student arrives and quickly becomes the new center of attention. A rivalry develops as the two compete for popularity, romance, and social status.",,,,,,"VHS, romantic-comedy",,,0.00,,,,,1,72419834,,,,,,,,
Showdown,,"A man falls in love with the girlfriend of another man who is the best kickboxer in his club. In order to stand a chance against him, the man gets help from a martial arts champion.",,,,,,"VHS, action",,,0.00,,,,,1,18957818,,,,,,,,
Showtime,,"When a no-nonsense LAPD detective (Robert De Niro) is forced to star in a reality-based television show with a frustrated actor-turned-LAPD-patrolman (Eddie Murphy), they find their lives turned upside down by a powerhouse producer (Rene Russo) and her very intrusive camera crew.",,,,,,"VHS, comedy",,,0.00,,,,,1,19449338,,,,,,,,
Sixteen Candles,,"A teenager's sixteenth birthday is forgotten by her family as she navigates high school crushes, awkward moments, and growing up. Written and directed by John Hughes.",,,,,,"VHS, comedy",,,0.00,,,,,1,40551162,,,,,,,,
Sleeping Beauty,,"Filled with jealousy, the evil witch Maleficent (Erdman Penner) curses Princess Aurora (Clyde Geronimi) to die on her 16th birthday.",,,,,,"VHS, kids-family",,,0.00,,,,,1,84291322,,,,,,,,
Sniper,,"During a mission to kill Panamanian rebel Miguel Alvarez (Frederick Miragliotta), veteran American sniper Thomas Beckett (Tom Berenger) loses his partner, Doug Papich (Aden Young), to another assassin's bullet. Papich's replacement is sharpshooter Richard Miller (Billy Zane), who is higher ranked than Beckett but has no experience in the field, placing the two men at odds. Dropped into the jungle, the bickering duo have a week to find and kill Alvarez.",,,,,,"VHS, action",,,0.00,,,,,1,18761210,,,,,,,,
Snow White and the Seven Dwarfs,,"The Grimm fairy tale gets a Technicolor treatment in Disney's first animated feature. Jealous of Snow White's beauty, the wicked queen orders the murder of her innocent stepdaughter, but later discovers that Snow White is still alive and hiding in a cottage with seven friendly little miners. Disguising herself as a hag, the queen brings a poisoned apple to Snow White, who falls into a death-like sleep that can be broken only by a kiss from the prince.",,,,,,"VHS, kids-family",,,0.00,,,,,1,85143290,,,,,,,,
Sonny,,"Nicolas Cage's directorial debut follows a young male escort in New Orleans trying to escape the life he was raised in. Stars James Franco, Brenda Blethyn, and Harry Dean Stanton.",,,,,,"VHS, drama",,,0.00,,,,,1,71993850,,,,,,,,
"South Park Bigger, Longer, Uncut",,"Stan, Kyle, Cartman, and Kenny sneak into an R-rated movie, triggering an international crisis and an outrageous musical adventure.",,,,,,"VHS, musical",,,0.00,,,,,1,40420090,,,,,,,,
Speed,,"Los Angeles police officer Jack (Keanu Reeves) angers retired bomb squad member Howard Payne (Dennis Hopper) by foiling his attempt at taking hostages. In revenge, Payne arms a bus with a bomb that will explode if it drops below 50 miles per hour. With the help of spunky passenger Annie (Sandra Bullock), Jack and his partner Harry (Jeff Daniels) try to save the people on the bus before the bomb goes off, while also trying to figure out how Payne is monitoring them.",,,,,,"4K, action",,,0.00,,,,,1,12758010,,,,,,,,
Stardust Memories,,"Can a comedian evolve into a challenging artist? Not in the public's view, as Sandy Bates (Woody Allen) learns the hard way. The hostile comments persistently hurled at him indicate that audiences prefer his earlier slapstick comedies over his recent work: allegorical black-and-white head-scratchers in the vein of European art films. Invited to attend a retrospective of his work, the former funny man must come to terms with critics, audiences, lovers and, ultimately, himself.",,,,,,"DVD, drama",,,0.00,,,,,1,17466874,,,,,,,,
Stella,,"A feisty working-class single mother sacrifices herself to give her child a better life with her estranged, but wealthy father. She would do anything for her daughter, including giving her up.",,,,,,"VHS, drama",,,0.00,,,,,1,48320762,,,,,,,,
Stepmonster,,"No one, especially his father (Alan Thicke), believes a boy who says his future stepmother (Robin Riker) is a murdering monster.",,,,,,"VHS, comedy",,,0.00,,,,,1,05310458,,,,,,,,
Stoked The Rise and Fall of Gator,,"This documentary film explores the life of former skateboarding pro Mark ""Gator"" Rogowski, who, in 1991, was sentenced to 31 years in jail after raping and murdering a female acquaintance. Filmmaker Helen Stickler chronicles Rogowski's tragic journey from cool, confident skateboarding icon to convicted murderer. His struggles with alcoholism and depression are also explored, and skate legends such as Tony Hawk and Stacy Peralta offer first-hand accounts of their experiences with Rogowski.",,,,,,"DVD, documentary",,,0.00,,,,,1,92595962,,,,,,,,
Stuart Little,,"When the Littles go to an orphanage to adopt a new family member, a charming young mouse named Stuart is chosen. While George is initially unwelcoming to his new brother, the family cat, Snowbell, is even less enthusiastic about having a mouse as his ""master"" and plots to get rid of him. Against these difficulties, Stuart resolves to face them with as much pluck, love and courage as he can muster. In doing so, he shows his beloved new family that great things can truly come in small packages.",,,,,,"VHS, kids-family",,,0.00,,,,,1,85339898,,,,,,,,
Super Mario Bros. (1993),,"Brooklyn plumbers Mario and Luigi get the shock of their lives when they discover a parallel world populated by the intelligent descendants of dinosaurs. It seems they weren't destroyed by a meteor millions of years ago but hurled into another dimension and, now, they have plans to rule our world. It's up to our unlikely heroes to battle the evil King Koopa and his Goomba guards, free the beautiful Princess Daisy and save mankind in this adventure of a lifetime.",,,,,,"DVD, kids-family",,,0.00,,,,,1,12168186,,,,,,,,
Taxi Driver,,"A lonely Vietnam veteran working as a New York City taxi driver descends into obsession and violence as he attempts to ""clean up"" the city. Directed by Martin Scorsese and starring Robert De Niro.",,,,,,"VHS, drama",,,0.00,,,,,1,39404282,,,,,,,,
Teenage Mutant Ninja Turtles III,,"The Ninja Turtles are transported to feudal Japan, where they become involved in a conflict between rival factions.",,,,,,"Blu-Ray, kids-family",,,0.00,,,,,1,92104442,,,,,,,,
Terms of Endearment,,"Widow Aurora Greenway (Shirley MacLaine) and her daughter, Emma (Debra Winger), have a strong bond, but Emma marries teacher Flap Horton (Jeff Daniels) against her mother's wishes. When the marriage grows sour due to Flap's cheating, Emma eventually splits from him, returning to her mother, who is involved with a former astronaut (Jack Nicholson). Soon, Emma learns that she has terminal cancer. In the hospital, supported by Aurora, she tries to make peace with Flap and her children.",,,,,,"VHS, drama",,,0.00,,,,,1,52726778,,,,,,,,
The Bacheor,,"Jimmie (Chris O'Donnell) and Anne (Renée Zellweger) are in a committed relationship, but the pressure is mounting on Jimmie to propose. Rather than lose Anne, Jimmie decides to ask for her hand in marriage. But when he delivers a lackluster speech to her, Anne turns him down. Jimmie soon finds out that he has one day to find a woman and marry her; otherwise he will lose out on his hefty inheritance. What ensues is a crazed search through Jimmie's past to find a suitable bride.",,,,,,"VHS, romantic-comedy",,,0.00,,,,,1,16632314,,,,,,,,
The Boys in then Band,,"A birthday party among a group of gay friends in New York City begins as a lively reunion but gradually turns into an emotionally charged evening as long-held resentments, insecurities, and truths come to the surface.",,,,,,"VHS, drama",,,0.00,,,,,1,99935994,,,,,,,,
The Client,,"Fast-paced thriller, based on the John Grisham bestseller, about a boy whose life is endangered after he stumbles across vital information about a politician's murder. His lawyer is the only person offering protection from the unwanted attentions of the Mob and the FBI - but is she capable of saving his life?",,,,,,"VHS, action",,,0.00,,,,,1,19532794,,,,,,,,
The Courier,,"A motorcycle courier in Dublin discovers that the delivery company he works for is actually a front for a drug operation. After uncovering the criminal network, he gets pulled into a dangerous revenge mission. It’s a gritty Irish crime thriller with a strong cast and music by Elvis Costello.",,,,,,"VHS, thriller",,,0.00,,,,,1,71928314,,,,,,,,
The Cowboy Way,,"When their friend and mentor Nacho (Joaquín Martínez) goes missing after trying to bring his daughter, Teresa (Cara Buono), to the U.S. from Cuba, rodeo riders Pepper (Woody Harrelson) and Sonny (Kiefer Sutherland) leave New Mexico for New York City. When they arrive, however, they find Nacho's been killed and his daughter is still being held by the smugglers. Now it's up to Pepper and Sonny to find Nacho's killer, rescue his daughter and somehow survive life in the big city.",,,,,,"VHS, comedy",,,0.00,,,,,1,19416570,,,,,,,,
The Doom Generation,,"Teens Jordan White (James Duval) and Amy Blue (Rose McGowan) pick up a handsome drifter named Xavier Red (Johnathon Schaech). Red tends to create combustible situations -- for example, a trip to a convenience store leads to a clerk getting decapitated. Afterward, the trio voyages through small-town America, where Amy is accosted by various men claiming to be her lovers, and she and Jordan find themselves drawn to Xavier. But can any amount of sex lift the sense of doom hanging over them?",,,,,,"VHS, comedy",,,0.00,,,,,1,53021690,,,,,,,,
The Fisher King,,A disgraced radio shock jock seeks redemption by helping a homeless man searching for the Holy Grail. Starring Robin Williams and Jeff Bridges.,,,,,,"VHS, drama",,,0.00,,,,,1,72354298,,,,,,,,
The Fox and the Hound,,"After his mother is killed, Tod the fox (Mickey Rooney) is taken in by the kindly Widow Tweed (Jeanette Nolan). He soon befriends the neighbor's new hound dog, Copper (Kurt Russell). The two are inseparable, but their friendship is hampered by their masters and by the fact that they are, by nature, enemies. They grow apart as they grow older; Copper has become a strong hunting dog and Tod a wild fox. The pair must overcome their inherent differences in order to salvage their friendship.",,,,,,"VHS, kids-family",,,0.00,,,,,1,85241594,,,,,,,,
The Freshman,,"Clark Kellogg (Matthew Broderick) is robbed moments after arriving in New York, so when he sees his mugger several days later, he confronts him. The man promises to return his property and get him a job with his uncle, Carmine Sabatini (Marlon Brando), who turns out to be a Mafia boss. As Clark continues his shady work for Carmine, he discovers an elaborate underworld that has caught the attention of the authorities. As things come to a head, not everything is what it seems.",,,,,,"VHS, comedy",,,0.00,,,,,1,18171386,,,,,,,,
The Good The Bad The Ugly,,"In the Southwest during the Civil War, a mysterious stranger, Joe (Clint Eastwood), and a Mexican outlaw, Tuco (Eli Wallach), form an uneasy partnership -- Joe turns in the bandit for the reward money, then rescues him just as he is being hanged. When Joe's shot at the noose goes awry during one escapade, a furious Tuco tries to have him murdered. The men re-team abruptly, however, to beat out a sadistic criminal and the Union army and find $20,000 that a soldier has buried in the desert.",,,,,,"Blu-Ray, action",,,0.00,,,,,1,92399354,,,,,,,,
The Guru,,"Bored with Bollywood movies but fascinated with their Hollywood counterparts from his youth, Ram dreams to become a singer and actor in America, the country where dreams are made. He is encouraged when his American-based close friend, Vijay Rao, comes for visit, and brags about driving a Mercedes and living in a penthouse.",,,,,,"VHS, comedy",,,0.00,,,,,1,08578810,,,,,,,,
The Land of Faraway,,"Two Swedish boys (Nicholas Pickard, Christian Bale) fight a fantasy-land Black Knight (Christopher Lee) who has turned children into birds.",,,,,,"VHS, kids-family",,,0.00,,,,,1,54856698,,,,,,,,
The Lion King,,"This Disney animated feature follows the adventures of the young lion Simba (Jonathan Taylor Thomas), the heir of his father, Mufasa (James Earl Jones). Simba's wicked uncle, Scar (Jeremy Irons), plots to usurp Mufasa's throne by luring father and son into a stampede of wildebeests. But Simba escapes, and only Mufasa is killed. Simba returns as an adult (Matthew Broderick) to take back his homeland from Scar with the help of his friends Timon (Nathan Lane) and Pumbaa (Ernie Sabella).",,,,,,"VHS, kids-family",,,0.00,,,,,1,85077754,,,,,,,,
The Little Mermaid,,"Ariel, a young mermaid, dreams of life on land and makes a dangerous bargain with the sea witch Ursula to pursue her dreams.",,,,,,"VHS, kids-family",,,0.00,,,,,1,40780538,,,,,,,,
The Lost Empire,,"American scholar Nick is smitten when he meets mysterious beauty Kwan. What Nick doesn't know is that Kwan is a goddess who will lead him into a mythic world of giants, dragons and cannibals.",,,,,,"VHS, action",,,0.00,,,,,1,18466298,,,,,,,,
The Music Man,,"A charismatic traveling con man arrives in a small Midwestern town, convincing residents to start a boys' marching band despite knowing nothing about music. Along the way, he unexpectedly falls in love and begins to change his ways.",,,,,,"VHS, musical",,,0.00,,,,,1,99968762,,,,,,,,
The Other Sister,,"Carla Tate (Juliette Lewis) has never been like her sisters. Sent at a young age to a school for children with intellectual impairments, a maturing Carla returns to her family home in San Francisco. Her overbearing mother, Elizabeth (Diane Keaton), and patient father, Radley (Tom Skerritt), struggle to come to terms with Carla's growing independence as she embarks on her dream of attending college and pursues a romance with Danny (Giovanni Ribisi), a young man with a similar disability.",,,,,,"VHS, drama",,,0.00,,,,,1,23593978,,,,,,,,
The Ratings Game,,Danny DeVito directs and stars as a small-time gangster trying to break into television by manipulating ratings. Also stars Rhea Perlman and features early appearances by comedy legends.,,,,,,"VHS, comedy",,,0.00,,,,,1,72059386,,,,,,,,
The Red Balloon,,"A young boy wandering the streets of Paris befriends a magical red balloon that seems to have a personality of its own. This beloved, nearly dialogue-free classic celebrates childhood imagination and friendship.",,,,,,"VHS, kids-family",,,0.00,,,,,1,00001530,,,,,,,,
The Secret Garden,,"Young, orphaned Mary Lennox (Gennie James) leaves her residence in India to live with her uncle Archibald Craven (Derek Jacobi) at his lavish manor in Yorkshire, England. Ignored by her heartless uncle, Mary finds refugee in a hidden garden tended by a boy named Dickon Sowerby (Barret Oliver). One day, Mary is amazed to discover a miraculous power emanating from the garden, which begins to thaw long-withheld affections in the Craven household -- even healing Archibald's ailing son.",,,,,,"VHS, kids-family",,,0.00,,,,,1,00263674,,,,,,,,
The Secret Life of an American Wife,,"Feeling restless after years of marriage and concerned that she's no longer attractive, housewife Victoria Layton (Anne Jackson) embarks on a quest to reaffirm her sex appeal. Victoria's husband, Tom (Patrick O'Neal), is a talent agent who represents a famous movie star (Walter Matthau) known for his womanizing ways, so she decides to take on the guise of a call girl to see if she can seduce the celebrity. Will she go through with bedding the actor, or will she remain faithful to her spouse?",,,,,,"VHS, comedy",,,0.00,,,,,1,54496250,,,,,,,,
The Smokers,,"Three teens (Dominique Swain, Busy Philipps, Keri Lynn Pratt) start with petty mischief but soon begin to cause more trouble, particularly for men who mistreat them on dates.",,,,,,"VHS, comedy",,,0.00,,,,,1,18367994,,,,,,,,
The Squid and the Whale / Running with Scissors,,"The Squid and the Whale: A pair of brothers living in Brooklyn are caught in the middle of, and deeply affected by, the divorce of their erudite parents, Bernard (Jeff Daniels) and Joan Berkman (Laura Linney). Older sibling Walt (Jesse Eisenberg) sides with dad and acts out at school, while younger brother Frank (Owen Kline) quietly backs up mom. The household tension rises further when Joan's writing career takes off and surpasses the failed ambitions of her professor ex-husband. Running with Scissors: As the son of an alcoholic father and a mentally ill mother, young Augusten Burroughs faces a challenging childhood at the very least. His life takes an unexpected turn when his mother gives him to her unorthodox therapist, and the boy becomes a member of the doctor's own strange, extended family.",,,,,,"Blu-Ray, comedy",,,0.00,,,,,1,11906042,,,,,,,,
The Way We Were,,"Years after falling in love during college, a politically outspoken activist and an ambitious writer struggle to keep their relationship together as their differences grow in postwar America.",,,,,,"VHS, drama",,,0.00,,,,,1,99739386,,,,,,,,
The Wedding Planner,,"A successful wedding planner falls for the groom of one of her clients, forcing her to choose between her career and her feelings. Starring Jennifer Lopez and Matthew McConaughey.",,,,,,"VHS, romantic-comedy",,,0.00,,,,,1,72485370,,,,,,,,
The Wind and the Lion,,"John Milius fictionalizes the historical story of President Roosevelt's attempts to deal with the kidnapping of an American citizen by a Moroccan Sheikh. Leaving cynicism way behind, Milius veers away from conspiracy theories and turns instead to adventure with plenty of action.",,,,,,"VHS, action",,,0.00,,,,,1,19482106,,,,,,,,
The Witches of Salem,,"Set during the Salem witch trials, this historical drama follows the hysteria and fear that spread through a Puritan community as accusations of witchcraft tear families apart and innocent lives are destroyed. Based on Arthur Miller's The Crucible.",,,,,,"VHS, drama",,,0.00,,,,,1,00132602,,,,,,,,
The X Files,,FBI agents Mulder and Scully uncover a global conspiracy involving extraterrestrial life while investigating a deadly virus.,,,,,,"VHS, sci-fi",,,0.00,,,,,1,99903226,,,,,,,,
The Yards,,"After serving time in prison for taking the fall for a group of his friends, Leo just wants to get his life back on track. So he goes to the one place he thinks will be safe -- home. There he takes a new job with his highly connected and influential uncle. But in the yards, where his uncle now pulls the strings, safe is not how they do business. Unwittingly, he's drawn into a world of sabotage, high stakes payoffs and even murder.",,,,,,"VHS, thriller",,,0.00,,,,,1,48222458,,,,,,,,
Three Amigos!,,"Three silent-film cowboys mistakenly believe they are hired to perform when they are actually needed to defend a Mexican village from bandits. Starring Steve Martin, Chevy Chase, and Martin Short.",,,,,,"VHS, comedy",,,0.00,,,,,1,72255994,,,,,,,,
Tip Toes,,"Carol falls in love with Steven without knowing much about him. When Carol finds herself pregnant it forces Steven to expose a secret. Steven happens to be the only average-sized person in a family of dwarfs, including his twin brother Rolfe.",,,,,,"VHS, romantic-comedy",,,0.00,,,,,1,16992762,,,,,,,,
Touch and Go,,"A professional hockey player, Bobby Barbato makes an unexpected turn in his life when a gang of young thugs tries to rob him. Bobby manages to scare them off, but not before nabbing one of the troublemakers, Louis DeLeon. Bobby decides to give the kid a ride home and meets his single mother, Denise. Despite their differences, Bobby begins a romance with Denise and slowly earns the respect of Louis.",,,,,,"VHS, romantic-comedy",,,0.00,,,,,1,16665082,,,,,,,,
Tumbleweeds (Screener),,"Whenever trouble strikes in one of her relationships, single mother Mary Jo Walker (Janet McTeer) and her daughter, Ava (Kimberly J. Brown), pack up and move to another city, a routine Ava is tiring of. This time, they are helped on their move to San Diego by trucker Jack Ranson (Gavin O'Connor). While Ava settles in, getting a leading part in the school play, Jack starts dating Mary Jo but soon reveals himself to be controlling and aggressive. Mary Jo prepares to flee again, angering Ava.",,,,,,"VHS, drama",,,0.00,,,,,1,23725050,,,,,,,,
Twenty Bucks,,"Follows a single $20 bill as it passes through the lives of different people during the Great Depression era. Features Elisabeth Shue, Steve Buscemi, and Christopher Lloyd.",,,,,,"VHS, comedy",,,0.00,,,,,1,72026618,,,,,,,,
Two Women,,"During World War II, a mother and daughter flee Rome seeking safety in the countryside, only to face the brutal realities of war. Starring Sophia Loren in her Academy Award-winning performance.",,,,,,"VHS, drama",,,0.00,,,,,1,39338746,,,,,,,,
Undercurrent,,A lowly nightclub manager accepts an offer to seduce another man's wife and soon finds himself caught in a dangerous web of lies.,,,,,,"VHS, action",,,0.00,,,,,1,18892282,,,,,,,,
Voodoo Apocalypse,,An apocalyptic battle between a couple of cops and Papa Voodoo and his funk band.,,,,,,"DVD, comedy",,,0.00,,,,,1,92759802,,,,,,,,
When a Man Loves a Woman,,"A wife and mother of two daughters, Alice Green (Meg Ryan) has developed a severe drinking problem. While her husband, Michael (Andy Garcia), has been patient in dealing with this issue, it soon becomes clear that he has been enabling her alcoholism. When her addiction threatens her children's safety, Alice decides to enter a rehab clinic. Upon returning home, she finds that her new lifestyle causes an unexpected rift with Michael, leading to some soul-searching for the couple.",,,,,,"VHS, romantic-comedy",,,0.00,,,,,1,17254906,,,,,,,,
Where We Disappear,,"When Anastasia can take no more and kills her abusive husband, she is dragged away to face the horror of a Siberian gulag prison camp. Her arrival upsets the balance of power in the freezing cold shack she shares with the other inmates. They see her as weak and predict she will die within a week. With hostility and brutality all around her, Anastasia must fight to survive.",,,,,,"Blu-Ray, action",,,0.00,,,,,1,92202746,,,,,,,,
While You Were Sleeping,,A lonely transit worker is mistaken for the fiancée of a man in a coma and unexpectedly falls for his family—and his brother. Starring Sandra Bullock.,,,,,,"VHS, romantic-comedy",,,0.00,,,,,1,39895802,,,,,,,,
White Christmas,,"Two former Army buddies turned entertainers team up with a sister act to save a struggling Vermont inn by organizing a spectacular holiday show. Featuring classic songs by Irving Berlin, including ""White Christmas.""",,,,,,"VHS, musical",,,0.00,,,,,1,00067066,,,,,,,,
Woman on Top,,"Set to the intoxicating rhythms of Brazil, Woman on Top is a spicy, sexy comedy about the magic of food, love and music. Meet Isabella, a sultry enchantress born with the special gift of melting the palates and hearts of men everywhere. When she decides to break free from her rocky marriage and the stifling kitchen of her husband's restaurant in Brazil, she spirits off to San Francisco in pursuit of her dreams of a real culinary career.",,,,,,"VHS, romantic-comedy",,,0.00,,,,,1,16697850,,,,,,,,
Wuthering Heights,,"Emily Brontë's classic tale of love, revenge, and obsession between Heathcliff and Catherine on the Yorkshire moors.",,,,,,"VHS, drama",,,0.00,,,,,1,40321786,,,,,,,,
Xchange,,"Thriller set in a future in which people can travel across the globe by swapping bodies with someone at their destination. A businessman discovers that his body has been hijacked by a terrorist, and with only a couple of days left before the life span of his cloned temporary body runs out, he must battle to win back his own physical being.",,,,,,"VHS, sci-fi",,,0.00,,,,,1,47698170,,,,,,,,
You Can Count on Me,,Sammy is a single mother who is extremely protective of her 8-year-old son. She is satisfied with living in the small town she grew up in and working in a local bank. When her brother Terry visits he fits the void in the life of both her and her son. Temporarily free of the constraints of single motherhood she begins to break free of her normal routine. In a string of traumatic events Sammy is torn between helping her brother and her maternal instinct to protect her son from getting hurt.,,,,,,"VHS, drama",,,0.00,,,,,1,48255226,,,,,,,,
Zeus and Roxanna,,"Marine biologist Mary Beth is amused by the friendship which develops between her dolphin Roxanne and a dog called Zeus. She's even more surprised when she starts to fall for the dog's owner, rock composer Terry.",,,,,,"VHS, kids-family",,,0.00,,,,,1,85044986,,,,,,,,
12 Monkeys,,"Traveling back in time isn't simple, as James Cole (Bruce Willis) learns the hard way. Imprisoned in the 2030s, James is recruited for a mission that will send him back to the 1990s. Once there, he's supposed to gather information about a nascent plague that's about to exterminate the vast majority of the world's population. But, aside from the manic Jeffrey (Brad Pitt), he gets little in the way of cooperation, not least from medical gatekeepers like Dr. Kathryn Railly (Madeleine Stowe).",,,,,,"DVD, sci-fi",,,0.00,,,,,1,69205498,,,,,,,,
200 Cigarettes,,"This ensemble comedy follows an array of young people in New York City on New Year's Eve. Among the numerous characters looking for love and fun are impulsive artist Ellie (Janeane Garofalo) and punks Tom (Casey Affleck) and Dave (Guillermo Diaz), who meet up with Stephie (Gaby Hoffmann) and Val (Christina Ricci), two girls from Long Island. Also interacting with various partygoers are a pensive bartender (Ben Affleck) and a taxi driver (Dave Chappelle) who operates a disco in his cab.",,,,,,"VHS, comedy",,,0.00,,,,,1,51782650,,,,,,,,
3 Days of the Condor / All The President's Men,,"On a seemingly ordinary day, Joe Turner (Robert Redford), a quiet CIA codebreaker, walks into his workplace and finds that all of his coworkers have been murdered. Horrified, Joe flees the scene and tries to tell his supervisors about the tragedy. Unfortunately, he soon learns that CIA higher-ups were involved in the murders. With no one to trust, and a merciless hit man (Max von Sydow) close on his tail, Joe must somehow survive long enough to figure out why his own agency wants him dead.",,,,,,"Blu-Ray, drama",,,0.00,,,,,1,36685562,,,,,,,,
A Devils Advocate,,"Aspiring Florida defense lawyer Kevin Lomax (Keanu Reeves) accepts a high-powered position at a New York law firm headed by legal shark John Milton (Al Pacino). As Kevin moves up in the firm's ranks, his wife, Mary Ann (Charlize Theron), has several frightening, mystical experiences that begin to warp her sense of reality. With the stakes getting higher with each case, Kevin quickly learns that his mentor is planning a far greater evil than simply winning without scruples.",,,,,,"VHS, thriller",,,0.00,,,,,1,88534266,,,,,,,,
A Kid in King Arthur's Court,,"A Kid in King Arthur's Court follows 14-year-old Calvin Fuller, a struggling Little Leaguer who is swept by an earthquake into medieval Camelot. Mistaken for a prophesied hero, he must help King Arthur defend his crown from the scheming Lord Belasco while overcoming his own fears. Mixing slapstick, time-travel fish-out-of-water comedy, and family-friendly adventure, it offers lighthearted fun for kids, though critics found it formulaic and dated.",,,,,,"VHS, kids-family",,,0.00,,,,,1,66931962,,,,,,,,
A Serious Man (DVD),,"Larry Gopnik (Michael Stuhlbarg) is a physics professor at a 1960s university, but his life is coming apart at the seams. His wife (Sari Lennick) is leaving him, his jobless brother (Richard Kind) has moved in, and someone is trying to sabotage his chances for tenure. Larry seeks advice from three different rabbis, but whether anyone can help him overcome his many afflictions remains to be seen.",,,,,,"DVD, comedy",,,0.00,,,,,1,52438522,,,,,,,,
A Very Brady Sequel,,A Very Brady Sequel,,,,,,"VHS, comedy",,,0.00,,,,,1,51815418,,,,,,,,
American Beauty,,"A telesales operative becomes disillusioned with his existence and begins to hunger for fresh excitement in his life. As he experiences a new awakening of the senses, his wife and daughter also undergo changes that seriously affect their family. Critically acclaimed, this film won Oscars for Best Screenplay, Best Director, Best Actor and Best Film.",,,,,,"DVD, drama",,,0.00,,,,,1,07772410,,,,,,,,
American Quilt,,"Soon-to-be-wed graduate student Finn Dodd (Winona Ryder) develops cold feet when she suspects her fiancé is cheating on her. In order to clear her head, Finn visits her grandmother, Hy (Ellen Burstyn), and great aunt, Glady Joe Cleary (Anne Bancroft), in Grasse, Calif. There, Finn learns that Hy and Glady Joe are members of a group of passionate quilters, and over the course of her visit she is regaled with tales of love and life by women who have collected rich experiences and much wisdom.",,,,,,"VHS, drama",,,0.00,,,,,1,35562490,,,,,,,,
An Officer and a Gentelman,,"Zack Mayo (Richard Gere), a new member of the U.S. Navy, has a bad attitude. When he signs up for the Aviation Academy, he is met with the strict leadership of Sgt. Emil Foley (Louis Gossett Jr.), who gives Zack a rude awakening in terms of relating with other people. Through Foley's guidance -- and an unexpected romance with Paula (Debra Winger), an outsider who hangs around the naval base -- Zack learns some tough lessons and discovers what he truly wants out of life.",,,,,,"VHS, drama",,,0.00,,,,,1,88894714,,,,,,,,
Antz,,"Antz follows Z, a neurotic worker ant yearning for individuality, who unexpectedly gets swept into adventure after crossing paths with Princess Bala. As he navigates a rigid colony system and an ambitious general’s plans, Z’s quest blends humor, social satire, and action. Praised for its sharp wit, impressive early CGI, and an all-star voice cast, it’s more adult-oriented than typical animation, offering layered jokes and themes that make it worth watching for grown-ups as well as older kids.",,,,,,"VHS, kids-family",,,0.00,,,,,1,71453946,,,,,,,,
Back to the Future (Trilogy),,"Experience the future all over again with the Back to the Future 30th Anniversary Trilogy! Join Marty McFly (Michael J. Fox), Doc Brown (Christopher Lloyd) and a time traveling DeLorean for the adventure of a lifetime as they travel to the past, present and future, setting off a time-shattering chain reaction that disrupts the space-time continuum! From filmmakers Steven Spielberg, Robert Zemeckis and Bob Gale, this unforgettable collection features hours of bonus features and is an unrivaled trilogy that stands the test of time.",,,,,,"Blu-Ray, sci-fi",,,0.00,,,,,1,67569914,,,,,,,,
Bakara,,"Featuring no conventional narrative, this film presents footage of people, places and things from around the world. From chaotic cities to barren wilderness, the movie takes viewers around the globe to witness a variety of spectacles in both natural and technological realms. Detouring into former concentration camps, the production doesn't shy away from the dark side of humanity, and ultimately shows how much of the world is interconnected by both the tragedy and the vibrancy of life.",,,,,,"DVD, documentary",,,0.00,,,,,1,77607930,,,,,,,,
Beaches,,"Hillary (Barbara Hershey) and CC (Bette Midler) meet as children vacationing in Atlantic City, N.J., and remain friends throughout the decades. As CC, a loud New Yorker, pursues a singing career, Hillary, a staid Californian, becomes a successful lawyer. Over the years, they often quarrel or compete, but, as other relationships flourish and die, the two women are always there for each other, traveling from coast to coast through the most tumultuous times.",,,,,,"VHS, comedy",,,0.00,,,,,1,89779450,,,,,,,,
Beauty and the Beast,,"Beauty and the Beast (1991) tells of Belle, a spirited young woman who becomes entwined in the fate of a cursed prince transformed into a Beast, and discovers that true beauty lies within. Blending romance, wit, and memorable songs with groundbreaking animation, it was the first animated film nominated for Best Picture. Acclaimed for its artistry, music, and heartfelt storytelling, it remains a timeless Disney classic worth seeing.",,,,,,"VHS, kids-family",,,0.00,,,,,1,69913850,,,,,,,,
Bleak House by Charles Dickens,,"The highly acclaimed 2005 BBC miniseries adaptation of Charles Dickens' Bleak House, starring Gillian Anderson and Charles Dance",,,,,,"DVD, drama",,,0.00,,,,,1,36718330,,,,,,,,
Blown Away,,"After staging a particularly gory jailbreak, Irish Republican Army agent Ryan Gaerity (Tommy Lee Jones) makes his way to Boston and begins systematically picking off members of the police bomb squad. The leader of this team, Jimmy Dove (Jeff Bridges), is set to retire, but the recent spate of bombings leads him to stay on in an attempt to save as many of his men as possible. It isn't long before he discovers the culprit is his old colleague Gaerity, seeking revenge from their shared past.",,,,,,"VHS, action",,,0.00,,,,,1,18615290,,,,,,,,
Boxanne,,"Boxanne is about Dane Werther, manager of a couples boutique and aspiring comic book artist who falls in love with a real doll after he names it and she comes to life - at least in his own mind.",,,,,,"Blu-Ray, comedy",,,0.00,,,,,1,78164986,,,,,,,,
Brokeback Mountain,,"In 1963, rodeo cowboy Jack Twist and ranch hand Ennis Del Mar are hired by rancher Joe Aguirre as sheep herders in Wyoming. One night on Brokeback Mountain, Jack makes a drunken pass at Ennis that is eventually reciprocated. Though Ennis marries his longtime sweetheart, Alma and Jack marries a fellow rodeo riders, the two men keep up their tortured and sporadic affair over the course of 20 years.",,,,,,"DVD, drama",,,0.00,,,,,1,08263930,,,,,,,,
Casino / Carlito's Way,,"CASINO: In early-1970s Las Vegas, low-level mobster Sam ""Ace"" Rothstein (Robert De Niro) gets tapped by his bosses to head the Tangiers Casino. At first, he's a great success in the job, but over the years, problems with his loose-cannon enforcer Nicky Santoro (Joe Pesci), his ex-hustler wife Ginger (Sharon Stone), her con-artist ex Lester Diamond (James Woods) and a handful of corrupt politicians put Sam in ever-increasing danger. Martin Scorsese directs this adaptation of Nicholas Pileggi's book. CARLITO'S WAY: A free man after years in prison, Carlito Brigante intends to give up his criminal ways, but it's not long before the ex-con is sucked back into the New York City underworld. Reconnecting with his dancer girlfriend, Gail, Carlito gets entangled in the shady dealings of his friend Dave Kleinfeld, who also serves as his lawyer. When Carlito and Kleinfeld run afoul of shifty gangster Benny Blanco, it sets them on a dangerous path.",,,,,,"DVD, drama",,,0.00,,,,,1,90963706,,,,,,,,
Cellular,,"Schoolteacher Jessica Martin (Kim Basinger) is abducted by ruthless crook Ethan (Jason Statham) and brought to a remote hideout, where she finds a broken cell phone. Unfortunately, when she tries to use the malfunctioning phone to contact the authorities, she accidentally reaches college student Ryan (Chris Evans) instead. The young man wants to help Jessica, but she has no idea where her captors have taken her, and Ryan must scramble to figure out where she is before his cell phone goes dead.",,,,,,"DVD, action",,,0.00,,,,,1,31749626,,,,,,,,
Children of a Lesser God,,"Starting his new job as an instructor at a New England school for the deaf, James Leeds meets Sarah Norman, a young deaf woman who works at the school as a member of the custodial staff. A romance slowly develops between the pair in spite of Sarah's withdrawn emotional state due in part to her difficult relationship with her mother.",,,,,,"VHS, drama",,,0.00,,,,,1,34907130,,,,,,,,
China Cry,,"A young woman from an affluent family attempts to join a Maoist group, encountering various hurdles alongside her relatives in pursuit of her goal.",,,,,,"VHS, drama",,,0.00,,,,,1,34939898,,,,,,,,
Chuck Norris: Triple Feature,,"Chuck Norris began his film career in 1969 as a bit player in The Wrecking Crew. His martial arts expertise ed him to future roles and ultimately to stardom in such films as Good Guys Wear Black and A Force of One. Braddock Missing in Action III, Hero and the Terror and The Delta Force are Chuck Norris action adventures at their very best.",,,,,,"VHS, action",,,0.00,,,,,1,88993018,,,,,,,,
Cirque Du Soleil: Dralion,,"Dralion was a touring production by the Canadian entertainment company Cirque du Soleil. The show combined elements of traditional Chinese circus with Western contemporary circus, complementing the ""East-meets-West"" theme implied in the title—the name is a portmanteau of ""dragon"" and ""lion"".",,,,,,"DVD, musical",,,0.00,,,,,1,77575162,,,,,,,,
City of the Sea,,"When a respected New York homicide detective (Robert De Niro) discovers the prime suspect in a murder case is his estranged son (James Franco), he is forced to return home to the decaying boardwalks of Long Beach, Long Island to confront the darkness of his past. During the course of the investigation, he realizes that his failures as a father - and his unresolved anguish about the painful estrangement - have deeply influenced his son's life.",,,,,,"VHS, action",,,0.00,,,,,1,89648378,,,,,,,,
Close Encounters of the Third Kind (30th Anniversary),,"Science fiction adventure about a group of people who attempt to contact alien intelligence. Roy Neary (Richard Dreyfuss) witnesses an unidentified flying object, and even has a ""sunburn"" from its bright lights to prove it. Roy refuses to accept an explanation for what he saw and is prepared to give up his life to pursue the truth about UFOs.",,,,,,"Blu-Ray, action",,,0.00,,,,,1,67045626,,,,,,,,
Cocktail,,"Brian Flanagan (Tom Cruise) wants a high-paying marketing job, but needs a business degree first. Working as a bartender to pay for college, Flanagan is mentored by his veteran boss, Doug Coughlin (Bryan Brown). Together, their showy tricks and charisma command large crowds and tip payments -- until Flanagan and the cynical Coughlin have a falling out. Flanagan moves to Jamaica to raise enough money to open his own bar, where he falls in love with artist Jordan Mooney (Elisabeth Shue).",,,,,,"VHS, drama",,,0.00,,,,,1,35202042,,,,,,,,
"Definitely, Maybe",,"Will Hayes (Ryan Reynolds), a thirtysomething Manhattanite, is in the middle of divorce proceedings when his young daughter (Abigail Breslin) asks him about his life before marriage, including how he met and fell in love with her mother. Will flashes back to 1992 and recounts his romances with three women, changing their names so that his daughter must guess which one became his wife.",,,,,,"DVD, romantic-comedy",,,0.00,,,,,1,78033914,,,,,,,,
Disclosure,,"In this Michael Crichton adaptation, Tom Sanders (Michael Douglas) is a senior executive at a cutting-edge technology corporation on the verge of releasing an innovative new product. Sanders' boss, Bob Galvin (Donald Sutherland), is putting the final touches on a potentially lucrative merger and everything is in order for Tom until a vamp from his past, Meredith Johnson (Demi Moore), swoops in, stealing his impending promotion and then -- doubling down -- suing him for sexual harassment.",,,,,,"VHS, drama",,,0.00,,,,,1,35759098,,,,,,,,
Donnie Darko,,"During the presidential election of 1988, a teenager named Donnie Darko sleepwalks out of his house one night and sees a giant, demonic-looking rabbit named Frank, who tells him the world will end in 28 days. When Donnie returns home, he finds that a jet engine has crashed into his bedroom. Is Donnie living in a parallel universe, is he suffering from mental illness - or will the world really end?",,,,,,"DVD, sci-fi",,,0.00,,,,,1,68943354,,,,,,,,
Double Take,,"A successful New York investment banker Daryl Chase (Orlando Jones) is suddenly on the run and has to switch identities with low-life petty thief Freddy Tiffany (Eddie Griffin). Until now, Daryl's led a charmed life. However, everything is turned upside down when he is framed for laundering millions for a Mexican drug cartel. He makes a run to the border in an attempt to clear his name.",,,,,,"VHS, comedy",,,0.00,,,,,1,51749882,,,,,,,,
Drowning Mona,,"The recently deceased Mona Dearly was many things: an abusive wife, a domineering mother, a loud-mouthed neighbor and a violent malcontent. So when her car and corpse are discovered in the Hudson River, police Chief Wyatt Rash immediately suspects murder rather than an accident. But, since the whole community of Verplanck, N.Y., shares a deep hatred for this unceasingly spiteful woman, Rash finds his murder investigation overwhelmed with potential suspects.",,,,,,"VHS, comedy",,,0.00,,,,,1,51684346,,,,,,,,
E.T. The Extra Terrestrial,,"E.T. the Extra-Terrestrial follows a lonely boy, Elliott, who forms a deep bond with a gentle alien stranded on Earth and tries to help him return home while evading government capture. Blending heartfelt drama, childhood wonder, and imaginative sci-fi, Steven Spielberg’s film is praised for its emotional depth, iconic imagery, and John Williams’ unforgettable score, making it a timeless family classic worth watching for all ages.",,,,,,"VHS, kids-family",,,0.00,,,,,1,77155578,,,,,,,,
Evita,,"Eva Duarte Perón rises from poverty to become an Argentinian actress and the wife of powerful President Juan Perón. Through a series of flashbacks, Eva transforms from an impoverished teenager into a woman of influence and power. After the death of her father, Eva travels to Buenos Aires and begins a string of relationships with powerful men before she meets Juan. Eva's ultimate power and influence earn her both admiration and hatred.",,,,,,"DVD, musical",,,0.00,,,,,1,77476858,,,,,,,,
Face/Off,,"Obsessed with bringing terrorist Castor Troy (Nicolas Cage) to justice, FBI agent Sean Archer (John Travolta) tracks down Troy, who has boarded a plane in Los Angeles. After the plane crashes and Troy is severely injured, possibly dead, Archer undergoes surgery to remove his face and replace it with Troy's. As Archer tries to use his disguise to elicit information about a bomb from Troy's brother, Troy awakes from a coma and forces the doctor who performed the surgery to give him Archer's face.",,,,,,"DVD, sci-fi",,,0.00,,,,,1,68877818,,,,,,,,
Fantasyb Mission Force,,"A team of misfit fighters is sent on a mission to rescue army generals held as prisoners. However, chaos erupts as the inexperienced team tries its best to complete the mission.",,,,,,"VHS, action",,,0.00,,,,,1,18156538,,,,,,,,
Far and Away,,"A young free-spirited Irish woman from an affluent Protestant family spontaneously befriends a street-smart commoner cheated by her family’s hostile land takeovers. They escape to America, ready to take advantage of the 19th century Oklahoma land rush.",,,,,,"VHS, drama",,,0.00,,,,,1,11270650,,,,,,,,
Farscape,,American astronaut John Crichton finds himself thrown across the universe when an experimental mission goes bad. Crichton teams up with a group of rebels involved in an intergalactic battle and begins a journey unlike anything he dreamed was possible while trying to find a way back to Earth.,,,,,,"DVD, sci-fi",,,0.00,,,,,1,68681210,,,,,,,,
Field of Dreams,,"When Iowa farmer Ray hears a mysterious voice one night in his cornfield saying ""If you build it, he will come,"" he feels the need to act. Despite taunts of lunacy, Ray builds a baseball diamond on his land, supported by his wife, Annie. Afterward, the ghosts of great players start emerging from the crops to play ball, led by ""Shoeless"" Joe Jackson. But, as Ray learns, this field of dreams is about much more than bringing former baseball greats out to play.",,,,,,"VHS, comedy",,,0.00,,,,,1,51717114,,,,,,,,
Fighting Tommy Riley,,"An aging trainer and a young fighter, both in need of a second chance, team-up to overcome the demons of their past...and chase the dreams of their future.",,,,,,"VHS, drama",,,0.00,,,,,1,12450298,,,,,,,,
Final Analysis,,"A psychiatrist becomes romantically involved with the sister of one of his patients, but the influence of her controlling gangster husband threatens to destroy them both.",,,,,,"VHS, drama",,,0.00,,,,,1,15006202,,,,,,,,
Five Nights at Freddy's,,"A troubled security guard begins working at Freddy Fazbear's Pizzeria. While spending his first night on the job, he realizes the late shift at Freddy's won't be so easy to make it through.",,,,,,"DVD, horror",,,0.00,,,,,1,34973690,,,,,,,,
Flash of Green,,A reporter at a local Florida newspaper is torn between his friendship with a corrupt real estate developer and his love for an activist opposing the developer's latest project.,,,,,,"VHS, drama",,,0.00,,,,,1,11631098,,,,,,,,
Forrest Gump,,"Slow-witted Forrest Gump (Tom Hanks) has never thought of himself as disadvantaged, and thanks to his supportive mother (Sally Field), he leads anything but a restricted life. Whether dominating on the gridiron as a college football star, fighting in Vietnam or captaining a shrimp boat, Forrest inspires people with his childlike optimism. But one person Forrest cares about most may be the most difficult to save -- his childhood love, the sweet but troubled Jenny (Robin Wright).",,,,,,"VHS, drama",,,0.00,,,,,1,35726330,,,,,,,,
Frantic,,"While attending a medical conference in Paris, Dr. Richard Walker (Harrison Ford) is horrified when his wife, Sondra (Betty Buckley), is abducted from their hotel room while he is taking a shower. Using his limited knowledge of French language and culture, Walker must navigate the bureaucracy of French law enforcement and ultimately, with the help of street waif Michelle (Emmanuelle Seigner), infiltrate Paris' criminal underworld in order to discover what really happened to his wife.",,,,,,"VHS, thriller",,,0.00,,,,,1,88698106,,,,,,,,
Free Willy,,"Free Willy (1993) tells the heartfelt story of a troubled 12-year-old boy who bonds with a captive orca at a struggling amusement park and risks everything to help his new friend. Blending themes of friendship, second chances, and compassion for animals, it combines touching performances, a stirring score, and a classic feel-good formula. Praised for its warmth and uplifting message, it remains a beloved family film worth watching.",,,,,,"VHS, kids-family",,,0.00,,,,,1,72436986,,,,,,,,
Gift of Love,,A promising young football player (Elden Henson) makes an incredible offer to his grandmother (Debbie Reynolds) who is in desperate need of a kidney transplant.,,,,,,"VHS, drama",,,0.00,,,,,1,34677754,,,,,,,,
Gorotica,,A jewel thief asks a necrophiliac to help him retrieve a diamond from his dead partner's stomach.,,,,,,"VHS, horror",,,0.00,,,,,1,38149626,,,,,,,,
Hannah and Her Sisters,,"Three successive family Thanksgiving dinners mark time for Hannah (Mia Farrow), her younger sisters Lee (Barbara Hershey) and Holly (Dianne Wiest) and the men in their lives. Lee is having an affair with Hannah's husband, Elliot (Michael Caine), and trying to end her Svengali-like romance with artist Frederick (Max von Sydow). Holly is frustrated by her lack of career fulfillment and her increasing dependence on Hannah's largesse, while being courted by the hypochondriac Mickey (Woody Allen).",,,,,,"Blu-Ray, comedy",,,0.00,,,,,1,77902842,,,,,,,,
Happy Gilmore,,"All Happy Gilmore (Adam Sandler) has ever wanted is to be a professional hockey player. But he soon discovers he may actually have a talent for playing an entirely different sport: golf. When his grandmother (Frances Bay) learns she is about to lose her home, Happy joins a golf tournament to try and win enough money to buy it for her. With his powerful driving skills and foulmouthed attitude, Happy becomes an unlikely golf hero -- much to the chagrin of the well-mannered golf professionals.",,,,,,"VHS, comedy",,,0.00,,,,,1,51848186,,,,,,,,
Hart's War,,"Lieutenant Tommy Hart (Colin Farrell) is a second year law student who is enlisted as an officer's aide in World War II due to his father's political pull. When he is captured and thrown into a German prisoner of war camp, top ranking Colonel William McNamara (Bruce Willis) assigns him to defend Lieutenant Lincoln Scott (Terrence Howard), a black POW accused of murdering a fellow white prisoner.",,,,,,"VHS, action",,,0.00,,,,,1,18877434,,,,,,,,
Havoc,,Two affluent suburban girls clash with the Latino gang culture of East Los Angeles.,,,,,,"DVD, drama",,,0.00,,,,,1,36751098,,,,,,,,
Heavyweights,,"Heavyweights is a 1995 Disney comedy about kids at a weight-loss summer camp whose fun is derailed when an overzealous fitness guru takes over, turning it into a strict training ground. With help from sympathetic counselors, they plot to reclaim their summer. Though a box office flop, it’s now a cult favorite for its offbeat humor, 90s charm, and Ben Stiller’s over-the-top villain, offering lighthearted fun for fans of quirky family comedies.",,,,,,"VHS, kids-family",,,0.00,,,,,1,72273146,,,,,,,,
101 Dalmations,,"101 Dalmatians (1996) is a live-action remake of Disney’s animated classic, following a daring rescue mission when a fur-obsessed fashion designer kidnaps Dalmatian puppies for a lavish coat. Packed with slapstick, charming performances, and adorable canines, it’s highlighted by Glenn Close’s memorable turn as Cruella de Vil. While reviews were mixed, it remains lighthearted family fun and a nostalgic watch for fans of the original.",,,,,,"VHS, kids-family",,,0.00,,,,,1,97315578,,,,,,,,
"Honey, I Blew Up the Kid",,"Honey, I Blew Up the Kid (1992) follows eccentric inventor Wayne Szalinski, whose latest experiment accidentally causes his toddler son to grow to monumental proportions whenever exposed to electricity. As the oversized child heads for Las Vegas, the family scrambles to reverse the process before chaos ensues. While lighter and more juvenile than its predecessor, it offers fun visual effects and harmless family comedy, making it an enjoyable, if modest, sequel.",,,,,,"VHS, kids-family",,,0.00,,,,,1,77843706,,,,,,,,
Hoop Dreams,,"Every school day, African-American teenagers William Gates and Arthur Agee travel 90 minutes each way from inner-city Chicago to St. Joseph High School in Westchester, Illinois, a predominately white suburban school well-known for the excellence of its basketball program. Gates and Agee dream of NBA stardom, and with the support of their close-knit families, they battle the social and physical obstacles that stand in their way. This acclaimed documentary was shot over the course of five years.",,,,,,"VHS, drama",,,0.00,,,,,1,14842362,,,,,,,,
Horrors of Spider Island,,"Horrors of Spider Island (1960) is a West German B-movie where a dance troupe and their manager, stranded on a remote island after a plane crash, encounter a giant spider whose bite transforms a man into a murderous creature. Known for its mix of monster horror and sexploitation, the film offers campy thrills, cheesy dialogue, and scant scares. It’s not a good horror film by quality standards, but it can be entertaining for fans of cult, so-bad-it’s-good cinema.",,,,,,"DVD, horror",,,0.00,,,,,1,35104762,,,,,,,,
Hostel (DVD),,"Best friends Josh (Derek Richardson) and Paxton (Jay Hernandez) decide to spend the summer after college graduation on an all-out backpacking trip across Europe. While stopping in Amsterdam to indulge their tastes for drugs and sex, they meet Oli (Eythor Gudjonsson), a like-minded traveler from Iceland. When the three bachelors set off to investigate enticing rumors of a Slovakian hostel in a city populated by lusty women, they find themselves drawn unwittingly into a deadly game.",,,,,,"DVD, horror",,,0.00,,,,,1,52471290,,,,,,,,
Hostel Part II,,"Beth (Lauren German), Lorna (Heather Matarazzo) and Whitney (Bijou Phillips), three young American women traveling abroad in Rome, decide to take a weekend excursion. Lured from their intended destination by a beautiful acquaintance (Vera Jordanova), the women anticipate a stay at a luxurious spa. Instead, they become pawns in a grisly game designed to entertain wealthy deviants from around the world.",,,,,,"DVD, horror",,,0.00,,,,,1,90898170,,,,,,,,
Howards End,,"Helen Schlegel falls for Paul Wilcox, but is rebuffed. Her sister Margaret becomes friends with his mother, who promises her the family house, Howards End. Unfortunately, after her death, the will disappears, and it appears the inheritance will disappear. Until the widower, Henry Wilcox, becomes attracted to Margaret.",,,,,,"VHS, drama",,,0.00,,,,,1,35660794,,,,,,,,
Hunchback of Notre Dame,,"The Hunchback of Notre Dame (1996) follows Quasimodo, the kind-hearted yet isolated bell ringer of Notre Dame, who longs to explore the world and finds friendship in the fearless Esmeralda. Against the tyranny of Judge Frollo, he must choose between obedience and defending justice. With stunning animation, powerful Alan Menken music, and mature themes of prejudice, acceptance, and love, it’s one of Disney’s most dramatic and emotionally resonant films—highly worth watching.",,,,,,"VHS, kids-family",,,0.00,,,,,1,72305914,,,,,,,,
"I, Robot",,"In 2035, highly intelligent robots fill public service positions throughout the world, operating under three rules to keep humans safe. Despite his dark history with robotics, Detective Del Spooner (Will Smith) investigates the alleged suicide of U.S. Robotics founder Alfred Lanning (James Cromwell) and believes that a human-like robot (Alan Tudyk) murdered him. With the help of a robot expert (Bridget Moynahan), Spooner discovers a conspiracy that may enslave the human race.",,,,,,"DVD, sci-fi",,,0.00,,,,,1,68845050,,,,,,,,
Ice Age,,"Twenty-thousand years ago, Earth is a wondrous, prehistoric world filled with great danger, not the least of which is the beginning of the Ice Age. To avoid a really bad frostbite, the planet's majestic creatures - and a few small, slothful ones - begin migrating south . The story revolves around sub-zero heroes: a woolly mammoth, a saber-toothed tiger, a sloth and a prehistoric combination of a squirrel and rat that is known as Scrat.",,,,,,"DVD, kids-family",,,0.00,,,,,1,08722682,,,,,,,,
Into the Woods,,"As the result of the curse of a once-beautiful witch (Meryl Streep), a baker (James Corden) and his wife (Emily Blunt) are childless. Three days before the rise of a blue moon, they venture into the forest to find the ingredients that will reverse the spell and restore the witch's beauty: a milk-white cow, hair as yellow as corn, a blood-red cape, and a slipper of gold. During their journey, they meet Cinderella, Little Red Riding Hood, Rapunzel and Jack, each one on a quest to fulfill a wish.",,,,,,"DVD, musical",,,0.00,,,,,1,77706234,,,,,,,,
Invasion of the Body Snatchers,,"Based on Jack Finney's serialized novel, which was published as a book in 1955, Invasion of the Body Snatchers is a classic sci-fi film noir directed by Don Siegel. It follows a small-town doctor in Santa Mira, California, who discovers that alien plant spores are replacing his neighbors with emotionless, identical duplicates while they sleep.",,,,,,"DVD, sci-fi",,,0.00,,,,,1,69598714,,,,,,,,
Jackpot,,"Jackpot, Nevada is a town one hundred miles south of Twin Falls, Idaho. But Jackpot also means the payout of a slot machine-wealth without effort. For Sunny Holiday (Jon Gries), the pathway to success is to become a country-western singer. Abandoning his beautiful wife Bobbi (Daryl Hannah) and their young baby, he sets off with his manager Lester Les Irving (Garrett Morris) on a nine-month, forty-three-city tour through a series of bleak western towns.",,,,,,"VHS, drama",,,0.00,,,,,1,35005434,,,,,,,,
Jagged Edge,,"Lawyer Teddy Barnes reluctantly takes up the case of publisher Jack Forrester, who is accused of murdering his wife for her money. As the trial develops, she is kept guessing right to the very last minute whether Jack is an innocent man or a cunning, manipulative murderer.",,,,,,"VHS, action",,,0.00,,,,,1,19467258,,,,,,,,
Jerry Maguire,,"When slick sports agent Jerry Maguire (Tom Cruise) has a crisis of conscience, he pens a heartfelt company-wide memo that promptly gets him fired. Desperate to hang on to the athletes that he represents, Jerry starts his own management firm, with only single mother Dorothy Boyd (Renee Zellweger) joining him in his new venture. Banking on their sole client, football player Rod Tidwell (Cuba Gooding Jr.), Jerry and Dorothy begin to fall in love as they struggle to make their business work.",,,,,,"VHS, drama",,,0.00,,,,,1,35529722,,,,,,,,
Jurassic Park,,"In Steven Spielberg's massive blockbuster, paleontologists Alan Grant (Sam Neill) and Ellie Sattler (Laura Dern) and mathematician Ian Malcolm (Jeff Goldblum) are among a select group chosen to tour an island theme park populated by dinosaurs created from prehistoric DNA. While the park's mastermind, billionaire John Hammond (Richard Attenborough), assures everyone that the facility is safe, they find out otherwise when various ferocious predators break free and go on the hunt.",,,,,,"VHS, action",,,0.00,,,,,1,17632250,,,,,,,,
Just Cause,,"Paul Armstrong (Sean Connery), a law professor who staunchly fights the death penalty, is lured into defending a death row inmate, Bobby Earl Ferguson (Blair Underwood), convicted of rape and murder. Ferguson is there due to a coerced confession at the hands of a snarling local sheriff (Laurence Fishburne). Armstrong starts to suspect that a psychotic serial killer (Ed Harris) may be the real culprit. But the deeper Armstrong gets, the more he realizes he doesn't know who's innocent at all.",,,,,,"VHS, action",,,0.00,,,,,1,89746682,,,,,,,,
Kurt Cobain Montage of Heck,,"Filmmaker Brett Morgen uses material from the Cobains' personal archives in an in-depth examination of the Nirvana frontman's childhood, influential music career, and untimely death.",,,,,,"Blu-Ray, documentary",,,0.00,,,,,1,66980090,,,,,,,,
L.A. Confidential,,"Three policemen, each with his own motives and obsessions, tackle the corruption surrounding an unsolved murder at a downtown Los Angeles coffee shop in the early 1950s. Detective Lieutenant Exley (Guy Pearce), the son of a murdered detective, is out to avenge his father's killing. The ex-partner of Officer White (Russell Crowe), implicated in a scandal rooted out by Exley, was one of the victims. Sergeant Vincennes (Kevin Spacey) feeds classified information to a tabloid magnate (Danny DeVito).",,,,,,"DVD, action",,,0.00,,,,,1,31094266,,,,,,,,
Lady Hawke,,"Upon breaking out of a dungeon, youthful thief Phillipe Gaston (Matthew Broderick) befriends Capt. Navarre (Rutger Hauer), a man with a strange secret. Navarre and his lover Lady Isabeau d'Anjou (Michelle Pfeiffer) were cursed by the wicked Bishop of Aquila (John Wood), who desires Lady Isabeau for himself. His dark magic prevents the pair from ever being in each other's presence except at twilight, so they enlist Gaston in a dangerous plot to overthrow the Bishop and break his evil enchantment.",,,,,,"VHS, drama",,,0.00,,,,,1,35628026,,,,,,,,
Leap of Faith,,"Touring Christian evangelist Jonas Nightingale (Steve Martin) and his cohorts tend to put on their bogus faith-healing revivals in major cities, where hefty donations flow freely. But, when Jonas and company find themselves stuck in a remote nook of Kansas, they decide to perform for the locals and take them for all they are worth. The shows go off without a hitch, until sensible lawman Will Braverman (Liam Neeson) catches on to the scam and vows to prove to everyone that Jonas is a fake.",,,,,,"VHS, comedy",,,0.00,,,,,1,51913722,,,,,,,,
Leaving Las Vegas,,"Ben Sanderson, an alcoholic Hollywood screenwriter who lost everything because of his drinking, arrives in Las Vegas to drink himself to death. There, he meets and forms an uneasy friendship and non-interference pact with prostitute Sera.",,,,,,"VHS, drama",,,0.00,,,,,1,14023162,,,,,,,,
Licence to Kill,,"James Bond adventure in which 007 relinquishes his licence to kill, disobeys his orders and goes on a mission of revenge when his best friend's wife is killed by a drug baron. A beautiful CIA pilot flies him to Sanchez's South American headquarters where, disguised as a hit man, Bond is hired by the villainous drug dealer.",,,,,,"VHS, action",,,0.00,,,,,1,18320378,,,,,,,,
Lifeguard,,"Rick is a Los Angeles County lifeguard who is in his thirties. At his 15-year high school reunion, he sees his old girlfriend who is now a divorced mother. After falling in love with her, Rick considers changing his career and lifestyle.",,,,,,"VHS, drama",,,0.00,,,,,1,10123770,,,,,,,,
Lilies,,"When a bishop comes to a prison to hear the confession of an old friend, he is forced to watch a play, performed by the inmates, about their youth together, love and betrayal.",,,,,,"DVD, drama",,,0.00,,,,,1,08165626,,,,,,,,
Limo Ride,,"Ten friends hire a limousine to take them to a party, only to be kidnapped, stripped and left for dead on the side of the road.",,,,,,"VHS, action",,,0.00,,,,,1,38247930,,,,,,,,
Logan,,"In the near future, a weary Logan (Hugh Jackman) cares for an ailing Professor X (Patrick Stewart) at a remote outpost on the Mexican border. His plan to hide from the outside world gets upended when he meets a young mutant (Dafne Keen) who is very much like him. Logan must now protect the girl and battle the dark forces that want to capture her.",,,,,,"Blu-Ray, action",,,0.00,,,,,1,67438842,,,,,,,,
Lord Of War,,An arms dealer confronts the morality of his work as he is being chased by an INTERPOL Agent.,,,,,,"Blu-Ray, action",,,0.00,,,,,1,94502650,,,,,,,,
Lost in Space,,"Fast and furious space adventure in which a dying Earth depends on one all-American family for its salvation. On their way to colonise a new world, the family run into some unexpected problems. Soon, they find themselves lost in space with little more than a psychotic villain and a variety of unwholesome aliens for company.",,,,,,"DVD, sci-fi",,,0.00,,,,,1,68746746,,,,,,,,
Lost in Space,,"Fast and furious space adventure in which a dying Earth depends on one all-American family for its salvation. On their way to colonise a new world, the family run into some unexpected problems. Soon, they find themselves lost in space with little more than a psychotic villain and a variety of unwholesome aliens for company.",,,,,,"VHS, sci-fi",,,0.00,,,,,1,89386234,,,,,,,,
Mad Ron's Prevues From Hell,,A deranged projectionist shows a theatre full of zombies horror trailers from his collection.,,,,,,"VHS, horror",,,0.00,,,,,1,38215162,,,,,,,,
Malevolence 2: Berevement,,"Martin Bristol, a six-year-old, is abducted from his backyard swing and forced to witness the brutal crimes of a deranged madman.",,,,,,"Blu-Ray, horror",,,0.00,,,,,1,94699258,,,,,,,,
Malevolence,,"Bank robbers (Brandon Johnson, Heather Magee) take two hostages to a rural farmhouse where a serial killer lurks.",,,,,,"Blu-Ray, horror",,,0.00,,,,,1,94666490,,,,,,,,
Marley & Me,,"Newlyweds John and Jenny Grogan leave behind snowy Michigan and move to Florida, where they buy their first home and find jobs at competing newspapers. Soon afterward, the Grogans adopt Marley, a yellow Labrador pup. But Marley soon grows up to be a mischievous handful. Still, even while he's destroying the furniture and failing obedience school, he always manages to bring out the best in John, Jenny and their growing family.",,,,,,"DVD, kids-family",,,0.00,,,,,1,78328826,,,,,,,,
MASH,,"Irreverent black comedy following the exploits of a host of offbeat characters at a medical unit during the Korean War, including surgeons Hawkeye Pierce and Trapper John McIntyre who create havoc with their martini parties and practical jokes while the war rages around them. The film spawned a successful television series and won an Oscar for best screenplay.",,,,,,"VHS, comedy",,,0.00,,,,,1,88337658,,,,,,,,
Mask,,A significantly deformed but highly intelligent teenage boy and his biker gang mother attempt to live as normal a life as possible under the circumstances.,,,,,,"VHS, drama",,,0.00,,,,,1,11729402,,,,,,,,
Matrix Reloaded,,"Freedom fighters Neo (Keanu Reeves), Trinity (Carrie-Anne Moss) and Morpheus (Laurence Fishburne) continue to lead the revolt against the Machine Army, unleashing their arsenal of extraordinary skills and weaponry against the systematic forces of repression and exploitation. In their quest to save the human race from extinction, they gain greater insight into the construct of The Matrix and Neo's pivotal role in the fate of mankind.",,,,,,"DVD, sci-fi",,,0.00,,,,,1,52504058,,,,,,,,
Maurice,,"In 1909, Maurice Hall (James Wilby) enters Cambridge, where he befriends wealthy Clive Durham (Hugh Grant). Clive confesses he is sexually attracted to Maurice, who realizes he is a homosexual when he begins to return Clive's feelings. The two embark on an intense but chaste affair to avoid tarnishing Clive's reputation, but eventually the relationship ends, and Clive marries Anne (Phoebe Nicholls). While visiting Clive, Maurice is drawn toward his friend's servant, Alec Scudder (Rupert Graves).",,,,,,"DVD, drama",,,0.00,,,,,1,07411962,,,,,,,,
Mega Shark vs Giant Octopus,,"Strange things are afoot in the depths of the sea. First a passenger plane vanishes over the Pacific Ocean. Then an oil platform is obliterated. Marine biologist Emma MacNeil is dispatched to investigate the phenomena, and, with the help of Japanese scientist Seiji Shimada, she makes a discovery that will rock the world: An enormous prehistoric shark and a giant octopus have been awakened from their icy slumbers -- and they're hungry.",,,,,,"DVD, sci-fi",,,0.00,,,,,1,27665914,,,,,,,,
Men of Honor,,"Carl Brashear is an ambitious sharecropper who joins the U.S. Navy to become the world's first black master diver. But as he works through diving training, the bitter and racist Master Chief Billy Sunday sets out to make Carl's journey as difficult as possible. Despite the entire Navy doubting his potential and sabotaging his training, the determined Carl proves that he can overcome the discrimination around him.",,,,,,"VHS, drama",,,0.00,,,,,1,34644986,,,,,,,,
Michael Collins,,"In the early 20th century, Michael Collins (Liam Neeson) leads the Irish Republican Army with the help of his friends Harry Boland (Aidan Quinn) and Eamon de Valera (Alan Rickman), in a violent battle for Ireland's independence from Britain. But, when he fears the defeat of his revolution, Collins negotiates a treaty with the British, deeming him a traitor to the IRA. When he receives orders to murder his friends, Collins must decide where his loyalties lie.",,,,,,"VHS, drama",,,0.00,,,,,1,35857402,,,,,,,,
Minding The Gap,,"Filmmaker Bing Liu returns to his hometown to document his friends’ daily lives. What he uncovers are revelations about where they’ve come from, apprehensions of who they’re becoming and a desire to course correct before it’s too late. MINDING THE GAP is a Peabody Award winning, Oscar and Emmy nominated documentary which made The New York Times critic A.O. Scott’s top 10 films of the decade list.",,,,,,"VHS, documentary",,,0.00,,,,,1,38182394,,,,,,,,
Mishima: A Life in Four Chapters: Box Set,,"Fact, fiction and dramatisation illustrate events in the life of controversial author-actor-director Yukio Mishima.",,,,,,"DVD, documentary",,,0.00,,,,,1,66947322,,,,,,,,
Mrs. Doubtfire,,"Slapstick film about a divorced actor who is willing to go to any lengths to get his children back, even posing as a matronly Scottish housekeeper. His family, taken in by the disguise, decide to employ the eccentric but apparently capable widow, and everyone is happy with the arrangement - until the mother's old boyfriend reappears and tries to become a father figure to the children.",,,,,,"VHS, comedy",,,0.00,,,,,1,07652090,,,,,,,,
Mulan,,"Mulan follows a courageous young woman who disguises herself as a man to take her father’s place in the Chinese army, embarking on a journey of honor, self-discovery, and heroism. Combining stunning animation, heartfelt themes, humor, and memorable songs, the film delivers both adventure and emotional depth. Critics praise it as an empowering Disney classic that appeals to all ages, making it a must-watch.",,,,,,"VHS, kids-family",,,0.00,,,,,1,72502522,,,,,,,,
Muppets from Space,,"Muppets from Space follows Gonzo as he searches for his origins and becomes convinced he’s connected to aliens. When he’s kidnapped by a secret government agency, Kermit and the gang set out on a zany rescue mission. Packed with quirky humor, celebrity cameos, and a funky soundtrack, it offers lighthearted fun for Muppet fans, though some critics note a thinner plot and less energy than earlier films.",,,,,,"VHS, kids-family",,,0.00,,,,,1,72469754,,,,,,,,
Muppets Treasure Island,,"Muppet Treasure Island (1996) is a musical comedy adventure where Jim Hawkins embarks on a swashbuckling treasure hunt with Kermit’s Captain Smollett, facing pirates led by the charming yet scheming Long John Silver. Blending Robert Louis Stevenson’s classic tale with the Muppets’ trademark humor, catchy songs, and colorful characters, it’s a lighthearted, family-friendly romp. Critics praise Tim Curry’s performance and the film’s fun, making it a nostalgic treat worth watching.",,,,,,"VHS, kids-family",,,0.00,,,,,1,74443514,,,,,,,,
Network,,"In this lauded satire, veteran news anchorman Howard Beale (Peter Finch) discovers that he's being put out to pasture, and he's none too happy about it. After threatening to shoot himself on live television, instead he launches into an angry televised rant, which turns out to be a huge ratings boost for the UBS network. This stunt allows ambitious producer Diana Christensen (Faye Dunaway) to develop even more outrageous programming, a concept that she takes to unsettling extremes.",,,,,,"DVD, drama",,,0.00,,,,,1,08198394,,,,,,,,
Norbit,,"Mild-mannered Norbit (Eddie Murphy) has always had it rough, since the day he was left abandoned at a combination Chinese restaurant and orphanage. Recently forced to marry the shrewish glutton Rasputia, he is at wit's end. Then his childhood sweetheart, Kate (Thandie Newton), moves back to town, and he tries to figure out a way back to his true love.",,,,,,"DVD, comedy",,,0.00,,,,,1,78066682,,,,,,,,
Office Space,,"Corporate drone Peter Gibbons hates his soul-killing job at software company Initech. While undergoing hypnotherapy, Peter is left in a blissful state when his therapist dies in the middle of their session. He refuses to work overtime, plays games at his desk and unintentionally charms two consultants into putting him on the management fast-track. When Peter's friends learn they're about to be downsized, they hatch a revenge plot against the company inspired by ""Superman III.""",,,,,,"DVD, comedy",,,0.00,,,,,1,27698682,,,,,,,,
Our Town,,"Change comes slowly to a small New Hampshire town in the early 20th century. We see birth, life and death in this small community.",,,,,,"VHS, drama",,,4.00,,,,,1,15038970,,,,,,,,
Patch Adams,,"After struggling with depression in a mental hospital, Hunter ""Patch"" Adams decides he wants to become a doctor. He enrolls at Virginia Medical University but is disillusioned by the school's clinical perspective on patient care. With the aid of a wealthy friend, Adams opens his own medical clinic for those without insurance. He forms a deep bond with fellow medical student Carin Fisher before a tragedy causes Adams to re-evaluate his approach.",,,,,,"VHS, drama",,,0.00,,,,,1,35267578,,,,,,,,
Pearl Harbor,,"This sweeping drama, based on real historical events, follows American boyhood friends Rafe McCawley (Ben Affleck) and Danny Walker (Josh Hartnett) as they enter World War II as pilots. Rafe is so eager to take part in the war that he departs to fight in Europe alongside England's Royal Air Force. On the home front, his girlfriend, Evelyn (Kate Beckinsale), finds comfort in the arms of Danny. The three of them reunite in Hawaii just before the Japanese attack on Pearl Harbor.",,,,,,"VHS, action",,,0.00,,,,,1,18254842,,,,,,,,
Pet Semetary,,"Doctor Louis Creed (Dale Midkiff) moves his family to Maine, where he meets a friendly local named Jud Crandall (Fred Gwynne). After the Creeds' cat is accidentally killed, Crandall advises Louis to bury it in the ground near the old pet cemetery. The cat returns to life, its personality changed for the worse. When Louis' son, Gage (Miko Hughes), dies tragically, Louis decides to bury the boy's body in the same ground despite the warnings of Crandall and Louis' visions of a deceased patient.",,,,,,"DVD, horror",,,0.00,,,,,1,90865402,,,,,,,,
Planet of the Apes: The Evolution Box Set,,"Planet of the Apes: The Evolution is a DVD boxset collection that includes all five feature films from the original Planet of the Apes movie series by APJAC Productions and Twentieth Century Fox Film Corporation. The collection includes a sixth disc, Behind the Planet of the Apes, which is a 127 minute documentary hosted by franchise favorite Roddy McDowall, which provides an in-depth retrospective into all five Planet of the Apes films including interviews with notable actors such as Charlton Heston, Kim Hunter and Linda Harrison as well producer Mort Abrahams, makeup designer John Chambers and 20th Century Fox studio executive Richard D. Zanuck",,,,,,"DVD, drama",,,0.00,,,,,1,08395002,,,,,,,,
Pleasantville,,"Impressed by high school student David's (Tobey Maguire) devotion to a 1950s family TV show, a mysterious television repairman (Don Knotts) provides him with a means to escape into the black-and-white program with his sister, Jennifer (Reese Witherspoon). While David initially takes to the simplistic, corny world of the show, Jennifer sets about jolting the characters with doses of reality that unexpectedly bring a little color into their drab existence.",,,,,,"DVD, drama",,,0.00,,,,,1,07313658,,,,,,,,
Pocahontas,,"Pocahontas (1995) tells the story of a free-spirited Native American woman whose encounter with Englishman John Smith challenges cultural divides and inspires her to follow her heart. With its lush, painterly animation, heartfelt songs like “Colors of the Wind,” and themes of harmony and understanding, it’s a visually striking and emotionally sincere Disney film. While historically inaccurate and lighter on villainy, it remains a worthwhile watch for its artistry and message.",,,,,,"VHS, kids-family",,,0.00,,,,,1,71781626,,,,,,,,
Poltergeist,,"“Theyre here,” - seeming almost whimsical at first, playing stack-the- chair games in the Freelings kitchen. Then things turn darker. A storm erupts, a tree attacks and little Carol Anne Freeling is whisked into a spectral void. As her family confronts horrors galore and fights to bring the youngster back, something else is here too: a new benchmark in Hollywood ghost stories. Producers Steven Spielberg and Frank Marshall and director Tobe Hooper head the elite scream team of this classic whose nerve-jangling effects include floating phantasms, the fiercest monster ever to pop out of a closet and an entire house collapsing into nothingness. Welcome to Home Sweet Haunted Home.",,,,,,"Blu-Ray, horror",,,0.00,,,,,1,35301370,,,,,,,,
Primal Fear,,"Defense attorney Martin Vail takes on jobs for money and prestige rather than any sense of the greater good. His latest case involves an altar boy, accused of brutally murdering the archbishop of Chicago. Vail finds himself up against his ex-pupil and ex-lover, but as the case progresses and the Church's dark secrets are revealed, Vail finds that what appeared a simple case takes on a darker, more dangerous aspect.",,,,,,"VHS, thriller",,,0.00,,,,,1,88599802,,,,,,,,
Primary Colors,,"In this adaptation of the best-selling roman à clef about Bill Clinton's 1992 run for the White House, the young and gifted Henry Burton is tapped to oversee the presidential campaign of Governor Jack Stanton. Burton is pulled into the politician's colorful world and looks on as Stanton -- who has a wandering eye that could be his downfall -- contends with his ambitious wife, Susan, and an outspoken adviser, Richard Jemmons.",,,,,,"VHS, drama",,,0.00,,,,,1,15071738,,,,,,,,
P.S. Your Cat is Dead,,"Aad-sack Jimmy Zoole comes home New Year's Eve to find a burglar looting his apartment. Taking the intruder hostage, Jimmy threatens to unleash his pent-up rage on the would-be thief but instead begins to bond with his captive.",,,,,,"VHS, comedy",,,0.00,,,,,1,88763642,,,,,,,,
Pumpkin,,"Carolyn's sorority sisters set their sights on the Sorority of the Year award and coaching athletes is their ticket to the trophy. When the queen of formals finds herself mentoring Pumpkin, a disabled athlete, their two worlds collide. Despite the hostility they feel from all sides, a tender romance grows.",,,,,,"VHS, comedy",,,0.00,,,,,1,51553274,,,,,,,,
Puppet Master Collection,,"""The Midnight Horror Collection: Puppet Master: 1 & 2 & 3 (DVD) Andre Toulon"" is a horror movie collection featuring films from the Puppet Master franchise",,,,,,"DVD, horror",,,0.00,,,,,1,34908154,,,,,,,,
Raiders of the Lost Ark,,"Epic tale in which an intrepid archaeologist tries to beat a band of Nazis to a unique religious relic which is central to their plans for world domination. Battling against a snake phobia and a vengeful ex-girlfriend, Indiana Jones is in constant peril, making hair's-breadth escapes at every turn in this celebration of the innocent adventure movies of an earlier era.",,,,,,"VHS, action",,,0.00,,,,,1,18975738,,,,,,,,
Random Hearts,,"After a plane crash in which both their spouses are killed, Sergeant Dutch Van Den Broeck and Congresswoman Kay Chandler's lives are connected. Their spouses were headed to the same address, with identical keys, under Mr. and Mrs. plane tickets. The investigation leads to startling discoveries and an unexpected romance.",,,,,,"VHS, action",,,0.00,,,,,1,19401722,,,,,,,,
Reindeer Games,,"Just released from prison, all Rudy Duncan (Ben Affleck) wants is to start a new life with Ashley (Charlize Theron), the girl of his dreams, whom he met through pen pal letters in prison. But between them and happiness stands her crazy brother, Gabriel (Gary Sinise), and his motley crew of deadly criminals who think Rudy has some inside information about a casino where he once had a job -- a casino Gabriel and his short-fused posse plan to take down.",,,,,,"VHS, action",,,0.00,,,,,1,89943290,,,,,,,,
Rent,,"In this musical, set at the dawn of the 1990s, a group of New Yorkers struggle with their careers, love lives and the effects of the AIDS epidemic on their community. Mark (Anthony Rapp), an aspiring filmmaker, and Roger (Adam Pascal), an HIV-positive musician, scramble for money to pay rent to their landlord and former roommate, Benny (Taye Diggs). Meanwhile, their friend Tom (Jesse L. Martin), a professor, has fallen for Angel (Wilson Jermaine Heredia), who is slowly dying of AIDS.",,,,,,"DVD, musical",,,0.00,,,,,1,77542394,,,,,,,,
Reservoir Dogs,,"Six criminals with pseudonyms, and each a stranger to one another, are hired to carry out a robbery. The heist is ambushed by police and the gang are forced to shoot their way out. At their warehouse rendezvous, the survivors, realising that they were set up, try to find the traitor in their midst.",,,,,,"Blu-Ray, drama",,,0.00,,,,,1,38323962,,,,,,,,
Richie Rich,,"Richie Rich follows the world’s wealthiest boy, who has everything money can buy except true friends. When a plot targets his family’s fortune and safety, he must rely on his wits, loyal staff, and newfound pals to set things right. Lighthearted and filled with imaginative gadgets, it’s a kid-centric adventure that offers charm and fun over depth, making it enjoyable family fare for younger audiences.",,,,,,"VHS, kids-family",,,0.00,,,,,1,72207610,,,,,,,,
Running Scared,,"Mafia flunky Joey Gazelle (Paul Walker) is ordered to dispose of the guns that killed a pair of policemen. He hides them in his basement, where they are found by Oleg (Cameron Bright), the kid from next door, who uses one to shoot his brutal stepfather, a Russian mobster. The boy runs off, and Joey pursues him into the criminal underworld, desperate to retrieve the incriminating weapon. Meanwhile, corrupt detective Rydell (Chazz Palminteri) is following Joey's trail with his own agenda.",,,,,,"DVD, action",,,0.00,,,,,1,96829178,,,,,,,,
Saturdayv Night Fever,,"Tony Manero doesn't have much going for him during the weekdays. He still lives at home and works as a paint store clerk in his Brooklyn, New York, neighbourhood. But he lives for the weekends, when he and his friends go to the local disco and dance the night away. When a big dance competition is announced, he wrangles the beautiful and talented Stephanie to be his partner. As the two train for the big night, they start to fall for each other as well.",,,,,,"VHS, drama",,,0.00,,,,,1,35693562,,,,,,,,
September,,"After a suicide attempt, Lane has moved into her country house to recuperate. Her best friend, Stephanie, has come to join her for the summer. Lane's mother, Diane, has recently arrived with her husband Lloyd, Lane's stepfather. Lane is close to two neighbors: Peter, and Howard. Howard is in love with Lane, Lane is in love with Peter, and Peter is in love with Stephanie.",,,,,,"VHS, drama",,,5.00,,,,,1,13990394,,,,,,,,
Shoot 'Em Up (DVD),,"After saving a newborn infant from assassins, carrot-crunching gunman Mr. Smith (Clive Owen) teams up with a prostitute named DQ (Monica Bellucci) to protect the baby from further attacks. With hit man Hertz (Paul Giamatti) hot on their trail, Smith and DQ uncover a dying senator's plot to harvest bone marrow from babies just like the one in their arms.",,,,,,"DVD, action",,,0.00,,,,,1,52372986,,,,,,,,
Sid & Nancy,,"Following their breakout success in England, flagship punk rock band the Sex Pistols venture out on their first U.S. tour. Temperamental bassist Sid Vicious (Gary Oldman) takes his troubled girlfriend, Nancy Spungen (Chloe Webb), along for the ride. Along the way, the couple's turbulent relationship strains the patience of bandmate Johnny Rotten (Andrew Schofield) and manager Malcolm McLaren (David Hayman), while plunging Sid and Nancy into the depths of drug addiction and co-dependency.",,,,,,"DVD, drama",,,0.00,,,,,1,36783866,,,,,,,,
Sin City,,"In this quartet of neo-noir tales, a mysterious salesman (Josh Hartnett) narrates a tragic story of co-dependency, while a musclebound vigilante (Mickey Rourke) tears his way through the criminal underworld in search of his lost love (Jaime King). In another part of the city, a grizzled cop (Bruce Willis) foils the ambitions of a child-killer (Nick Stahl), and an ex-prostitute (Brittany Murphy) evades her ex-pimp (Benicio del Toro) with the help of her new boyfriend, Dwight (Clive Owen).",,,,,,"DVD, action",,,0.00,,,,,1,27764218,,,,,,,,
Six Days Seven Nights,,"In the South Pacific island of Makatea, career-driven magazine editor Robin Monroe (Anne Heche) is on a week-long vacation getaway with her boyfriend, Frank Martin (David Schwimmer). A work assignment in neighboring Tahiti requires Robin to hire a cargo plane piloted by the cantankerous Quinn Harris (Harrison Ford). But when a powerful storm forces Quinn to make an emergency landing on a nearby deserted island, the dissimilar pair learn to set aside their differences in order to find rescue.",,,,,,"DVD, action",,,0.00,,,,,1,31651322,,,,,,,,
Slithis,,"A radioactive mutation creates a mutant sea monster that terrorizes Venice, California.",,,,,,"VHS, horror",,,0.00,,,,,1,35039226,,,,,,,,
So I Married an Axe Murderer,,"Just after a bad breakup, Charlie MacKenzie (Mike Myers) falls for lovely butcher Harriet Michaels (Nancy Travis) and introduces her to his parents. But, as voracious consumers of sensational tabloids, his parents soon come to suspect that Harriet is actually a notorious serial killer -- ""Mrs. X"" -- wanted in connection with a string of bizarre honeymoon killings. Thinking his parents foolish, Charlie proposes to Harriet. But while on his honeymoon with her, he begins to fear they were right.",,,,,,"VHS, comedy",,,0.00,,,,,1,89550074,,,,,,,,
Somewhere in Time,,"Young writer Richard Collier is met on the opening night of his first play by an old lady who begs him to ""Come back to me"". Mystified, he tries to find out about her, and learns that she is a famous stage actress from the early twentieth century. Becoming more and more obsessed with her, by self-hypnosis he manages to travel back in time—where he meets her.",,,,,,"VHS, drama",,,0.00,,,,,1,14907898,,,,,,,,
Spider Baby,,"Chauffeur Bruno (Lon Chaney Jr.) looks after three strange siblings at their family estate. Ralph (Sid Haig), Virginia (Jill Banner) and Elizabeth (Beverly Washburn) all suffer from an inherited condition: a genetic disorder that causes a reversal in mental age and results in a crazed, childlike disposition. Because of his affection for the family, Bruno covers up the siblings' bizarre behavior and crimes. But, when relatives arrive at the family estate, the truth is bound to come out.",,,,,,"Blu-Ray, sci-fi",,,0.00,,,,,1,67537146,,,,,,,,
Spider-Man 2,,"When a failed nuclear fusion experiment results in an explosion that kills his wife, Dr. Otto Octavius is transformed into Dr. Octopus, a cyborg with deadly metal tentacles. Doc Ock blames Spider-Man for the accident and seeks revenge. Meanwhile, Spidey's alter ego, Peter Parker, faces fading powers and self-doubt. Complicating matters are his best friend's hatred for Spider-Man and his true love's sudden engagement to another man.",,,,,,"DVD, action",,,0.00,,,,,1,31454714,,,,,,,,
Spider-Man,,"""Spider-Man"" centers on student Peter Parker (Tobey Maguire) who, after being bitten by a genetically-altered spider, gains superhuman strength and the spider-like ability to cling to any surface. He vows to use his abilities to fight crime, coming to understand the words of his beloved Uncle Ben: ""With great power comes great responsibility.""",,,,,,"DVD, action",,,0.00,,,,,1,31684090,,,,,,,,
Star Wars I: The Phantom Menace,,"Obi-Wan Kenobi (Ewan McGregor) is a young apprentice Jedi knight under the tutelage of Qui-Gon Jinn (Liam Neeson) ; Anakin Skywalker (Jake Lloyd), who will later father Luke Skywalker and become known as Darth Vader, is just a 9-year-old boy. When the Trade Federation cuts off all routes to the planet Naboo, Qui-Gon and Obi-Wan are assigned to settle the matter.",,,,,,"DVD, sci-fi",,,0.00,,,,,1,69434874,,,,,,,,
"Star Wars Trilogy Box Set IV, V, VI",,"The original Star Wars trilogy consists of A New Hope (1977), The Empire Strikes Back (1980), and Return of the Jedi (1983). It follows Luke Skywalker, Princess Leia, and Han Solo battling the Galactic Empire and features the rise of the Rebel Alliance, Luke's Jedi training, and his ultimate confrontation with Darth Vader.",,,,,,"DVD, drama",,,0.00,,,,,1,08362234,,,,,,,,
Stargate,,"In modern-day Egypt, professor Daniel Jackson (James Spader) teams up with retired Army Col. Jack O'Neil (Kurt Russell) to unlock the code of an interstellar gateway to an ancient Egypt-like world. They arrive on a planet ruled by the despotic Ra (Jaye Davidson), who holds the key to the Earth travelers' safe return. Now, in order to escape from their intergalactic purgatory, Jackson and O'Neil must convince the planet's people that Ra must be overthrown.",,,,,,"DVD, sci-fi",,,0.00,,,,,1,69565946,,,,,,,,
Starship Troopers,,"In the distant future, the Earth is at war with a race of giant alien insects. Little is known about the Bugs except that they are intent on the eradication of all human life. But there was a time before the war... A Mobile Infantry travels to distant alien planets to take the war to the Bugs. They are a ruthless enemy with only one mission: Survival of their species no matter what the cost...",,,,,,"DVD, sci-fi",,,0.00,,,,,1,69336570,,,,,,,,
Sukiyaki,,"Ever since the Genpei War a few centuries before, two clans have been fighting over a hidden treasure. The white-clothed Genji, led by Yoshitsune (Yusuke Iseya), refuse to allow the opposing clan, the Kiyomori warriors -- who wear red and are led by Kiyomori (Koichi Sato) -- to keep all the wealth for themselves. When a stranger comes to town, he says he'll join whichever clan offers him more money. But the stranger has a hidden agenda: He is out to seek revenge on behalf of a prostitute.",,,,,,"Blu-Ray, action",,,0.00,,,,,1,67143930,,,,,,,,
Sweeney Todd,,"Evil Judge Turpin (Alan Rickman) lusts for the beautiful wife of a London barber (Johnny Depp) and transports him to Australia for a crime he did not commit. Returning after 15 years and calling himself Sweeney Todd, the now-mad man vows revenge, applying his razor to unlucky customers and shuttling the bodies down to Mrs. Lovett (Helena Bonham Carter), who uses them in her meat-pie shop. Though many fall to his blade, he will not be satisfied until he slits Turpin's throat.",,,,,,"DVD, musical",,,0.00,,,,,1,77739002,,,,,,,,
Sweet Sweetback's Baadasssss Song,,"Sweet Sweetback (Melvin Van Peebles) is a black orphan who, having grown up in a brothel, now works there as part of a sex show. When the police need a patsy for a murder in the black community, Sweetback's employer gives him up to two white cops, whom Sweetback ends up killing. Suddenly the target of a massive manhunt, he decides to flee to Mexico. As he makes his way there, he is captured by, and escapes from, both the cops and a chapter of the Hell's Angels.",,,,,,"Blu-Ray, action",,,0.00,,,,,1,67340538,,,,,,,,
Taffin,,"Cutthroat developers are intent on building a chemical plant in an Irish town, and they'll use any means necessary to silence their opponents. In need of more help than the law can provide, the town's citizens turn to Mark Taffin, a debt collector and martial-arts expert who's accustomed to getting his way. As Taffin battles against corporate goons and hired thugs, it's clear he's a force to be reckoned with. But is one man enough to win the battle?",,,,,,"VHS, action",,,0.00,,,,,1,18516986,,,,,,,,
Terminator 2: Judgement Day,,"In this sequel set eleven years after ""The Terminator,"" young John Connor (Edward Furlong), the key to civilization's victory over a future robot uprising, is the target of the shape-shifting T-1000 (Robert Patrick), a Terminator sent from the future to kill him. Another Terminator, the revamped T-800 (Arnold Schwarzenegger), has been sent back to protect the boy. As John and his mother (Linda Hamilton) go on the run with the T-800, the boy forms an unexpected bond with the robot.",,,,,,"DVD, sci-fi",,,0.00,,,,,1,68517370,,,,,,,,
Terminator 3: Rise of the Machines,,"Now 25, Connor (Nick Stahl) lives with no record of his existence -- no way he can be traced by Skynet. Out of the shadows of the future steps the T-X (Kristanna Loken), Skynet's most sophisticated cyborg killing machine yet. Now Connor's only hope for survival is the Terminator (Arnold Schwarzenegger), his mysterious former assassin. Together, they must triumph over the technologically superior T-X and forestall the looming threat of Judgment Day.",,,,,,"DVD, sci-fi",,,0.00,,,,,1,68484602,,,,,,,,
Thank You for Smoking,,"Nick Naylor (Aaron Eckhart), a lobbyist for big tobacco, finds it difficult to balance his duties defending the dangerous substance with those of being a good role model for his young son. Nick's life gets even more complicated when a liberal senator mounts an anti-smoking campaign that he must counter. Based on the novel by Christopher Buckley.",,,,,,"DVD, comedy",,,0.00,,,,,1,77935610,,,,,,,,
The 40-Year-Old Virgin,,"Electronics store stock boy Andy Stitzer is horrified when he is found out as a virgin by his workmates - just when he thought he was becoming one of the gang. David, Jay and Cal surprise him by making it their mission to get him a girl and help him lose his virginity.",,,,,,"DVD, comedy",,,0.00,,,,,1,65676794,,,,,,,,
The Adventures of Indiana Jones Box Set,,"The Adventures of Indiana Jones: The Complete DVD Movie Collection is a landmark 4-disc box set initially released in 2003. It contains the original Indiana Jones trilogy (Raiders of the Lost Ark, The Temple of Doom, and The Last Crusade) alongside a dedicated bonus disc loaded with documentaries and featurettes. [1, 2]",,,,,,"DVD, action",,,0.00,,,,,1,30701050,,,,,,,,
The Aristocats,,"The Aristocats follows a refined family of Parisian cats whose pampered life is upended when a greedy butler tries to cut them out of an inheritance. Stranded in the countryside, they team up with a street-smart alley cat for a lively journey home. Filled with jazzy tunes, colorful animation, and charming characters, this lighthearted Disney classic is a fun, heartwarming watch, though its plot is simple and familiar.",,,,,,"VHS, kids-family",,,0.00,,,,,1,71650554,,,,,,,,
The Big Chill,,"A once close-knit gang of friends -- including an actor (JoBeth Williams), a doctor (Glenn Close) and her husband (Kevin Kline), a Vietnam veteran (William Hurt), and a journalist (Tom Berenger) -- meets for a weekend after the funeral of their much-envied friend Alex, who committed suicide. The friends spend the weekend confronting the personal truths, sacrifices and betrayals that have left them disenchanted. Each must contend with unresolved issues they have with Alex, and with one another.",,,,,,"VHS, comedy",,,0.00,,,,,1,07881466,,,,,,,,
The Black Couldron,,"The Black Cauldron is a dark fantasy adventure from Disney that follows young pig-keeper Taran, who dreams of heroism but is thrust into a perilous quest to stop the fearsome Horned King from using a magical cauldron to raise an undead army. With its atmospheric animation, eerie villain, and absence of songs, it’s an atypical and darker Disney entry. While flawed in pacing and tone, it’s a visually striking cult favorite worth seeing for fantasy fans.",,,,,,"VHS, kids-family",,,0.00,,,,,1,72076538,,,,,,,,
The Bodyguard,,"A former Secret Service agent grudgingly takes an assignment to protect a pop idol who's threatened by a crazed fan. At first, the safety-obsessed bodyguard and the self-indulgent diva totally clash. But before long, all that tension sparks fireworks of another sort, and the love-averse tough guy is torn between duty and romance.",,,,,,"VHS, drama",,,0.00,,,,,1,14875130,,,,,,,,
The Boog,,"The Boog is a creature-feature about a monster (played by Philly stuntman Les Price) that terrorizes a neighborhood. The movie is inspired by the pandemic and focuses on everyday families working together to face this new, scary threat.",,,,,,"Blu-Ray, horror",,,0.00,,,,,1,35170298,,,,,,,,
The Bridges of Madison County,,"A moving love story about a photographer on assignment to shoot the historic bridges of Madison County. He meets a housewife, whose husband and children are away on a trip, and the film traces a brief affair that is never sordid but instead one of two soul mates who have met too late.",,,,,,"VHS, drama",,,0.00,,,,,1,35890170,,,,,,,,
The Broken Hearts Club,,"A fresh, funny, real story about a group of gay men in Hollywood, their lovers and friends, and the often hilarious, occasionally poignant space in between -- that is if they can get any space at all. As they make their ways in the world with and without each other, they are suddenly faced with an unexpected tragedy. The group finds comfort the only way they ever have -- together.",,,,,,"DVD, comedy",,,0.00,,,,,1,91062010,,,,,,,,
The Color of Money,,"Former pool hustler ""Fast Eddie"" Felson (Paul Newman) decides he wants to return to the game by taking a pupil. He meets talented but green Vincent Lauria (Tom Cruise) and proposes a partnership. As they tour pool halls, Eddie teaches Vincent the tricks of scamming, but he eventually grows frustrated with Vincent's showboat antics, leading to an argument and a falling-out. Eddie takes up playing again and soon crosses paths with Vincent as an opponent.",,,,,,"VHS, drama",,,0.00,,,,,1,89451770,,,,,,,,
The Elm-Chanted Forest,,"A painter who can temporarily talk to the creatures of an enchanted forest must help them stop the evil Cactus King, who's building an army of magical living weapons and machines to turn the forest into a wasteland perfect for the cacti.",,,,,,"VHS, kids-family",,,0.00,,,,,1,75156730,,,,,,,,
The End of the Affair,,"In the years following World War II, writer Maurice Bendrix (Ralph Fiennes) has an unexpected run-in with Henry Miles (Stephen Rea) and his wife, Sarah (Julianne Moore), with whom he once shared a passionate affair. Henry, who never knew, confides in Maurice that he suspects Sarah of adultery, leading to the hiring of a detective (Ian Hart) to follow her. As Sarah never explained why she called off their affair, Maurice follows the investigation closely, his feelings for her reawakened.",,,,,,"VHS, drama",,,0.00,,,,,1,34612218,,,,,,,,
The Fan,,"A troubled salesman who peddles knives, Gil Renard (Robert De Niro) has a volatile personality, which has resulted in divorce and a strained relationship with his young son. The one thing that Renard cares passionately about is baseball, particularly the San Francisco Giants and the team's newest recruit, Bobby Rayburn (Wesley Snipes). As Renard's personal life continues to crumble, he begins obsessively tracking Rayburn, leading to kidnapping and even murder.",,,,,,"VHS, thriller",,,0.00,,,,,1,89877754,,,,,,,,
The Finest Hours,,"A biography of Winston Churchill, shown through re-creations and actual film footage and told by Orson Welles.",,,,,,"VHS, drama",,,0.00,,,,,1,13695482,,,,,,,,
The General's Daughter,,"When the body of Army Capt. Elizabeth Campbell (Leslie Stefanson) is found on a Georgia military base, two investigators, Warrant Officers Paul Brenner (John Travolta) and Sara Sunhill (Madeleine Stowe), are ordered to solve her murder. What they uncover is anything but clear-cut. Unseemly details emerge about Campbell's life, leading to allegations of a possible military cover-up of her death and the involvement of her father, Lt. Gen. Joseph Campbell (James Cromwell).",,,,,,"VHS, thriller",,,0.00,,,,,1,34579450,,,,,,,,
The Girl Who Played With Fire,,Computer hacker Lisbeth Salander is accused of three murders while investigating a sex-trafficking ring with journalist Mikael Blomkvist. Lisbeth goes on the run while Mikael works to clear her name.,,,,,,"Blu-Ray, thriller",,,0.00,,,,,1,94437114,,,,,,,,
The Girl With The Dragon Tattoo,,"Disgraced financial reporter Mikael Blomkvist (Daniel Craig) finds a chance to redeem his honor after being hired by wealthy Swedish industrialist Henrik Vanger (Christopher Plummer) to solve the 40-year-old murder of Vanger's niece, Harriet. Vanger believes that Harriet was killed by a member of his own family. Eventually joining Blomkvist on his dangerous quest for the truth is Lisbeth Salander (Rooney Mara), an unusual but ingenious investigator whose fragile trust is not easily won.",,,,,,"Blu-Ray, thriller",,,0.00,,,,,1,94535418,,,,,,,,
The Goonies,,"The Goonies follows a tight-knit group of kids in a coastal town who embark on a high-stakes treasure hunt after finding an old pirate map—a quest that could save their homes from foreclosure. Their adventure leads through underground tunnels, elaborate booby traps, and run-ins with a criminal family. Loved for its charm, energy, and camaraderie, it’s a nostalgic, fun ride that blends youthful humor with Spielberg-style adventure.",,,,,,"VHS, kids-family",,,0.00,,,,,1,72174842,,,,,,,,
The Hollywood Knights,,"It's Halloween night, 1965, and members of the Hollywood Knights -- a drag-racing club -- have just been informed that their cherished Beverly Hills, Calif., hangout, Tubby's Diner, is being demolished to make way for an office building. Newbomb Turk (Robert Wuhl), the club's leader, vows to fight back. Duke (Tony Danza) and his girlfriend, Suzie Q (Michelle Pfeiffer), help Newbomb as they navigate a rough patch in their relationship. Meanwhile, the police work to shut the diner down.",,,,,,"VHS, comedy",,,0.00,,,,,1,51520506,,,,,,,,
The Itaian Job,,"After a heist in Venice, Steve turns on his partners in crime, killing safecracker John Bridger and keeping all the gold for himself; the rest of the team, including leader Charlie Croker, driver Handsome Rob, explosives man Left Ear and tech geek Lyle, vows revenge; they enlist the help of Bridger's daughter, Stella, and plot to recover the gold from Steve's Los Angeles mansion.",,,,,,"DVD, action",,,0.00,,,,,1,90832634,,,,,,,,
The Killers,,"Two hit men walk into a diner asking for a man called ""the Swede"" (Burt Lancaster). When the killers find the Swede, he's expecting them and doesn't put up a fight. Since the Swede had a life insurance policy, an investigator (Edmond O'Brien), on a hunch, decides to look into the murder. As the Swede's past is laid bare, it comes to light that he was in love with a beautiful woman (Ava Gardner) who may have lured him into pulling off a bank robbery overseen by another man (Albert Dekker).",,,,,,"Blu-Ray, action",,,0.00,,,,,1,67471610,,,,,,,,
The Kind and I,,"In this film adaptation of the Rodgers & Hammerstein musical, widowed Welsh mother Anna Leonowens (Deborah Kerr) becomes a governess and English tutor to the wives and many children of the stubborn King Mongkut of Siam (Yul Brynner). Anna and the king have a clash of personalities as she works to teach the royal family about the English language, customs and etiquette, and rushes to prepare a party for a group of European diplomats who must change their opinions about the king.",,,,,,"VHS, musical",,,0.00,,,,,1,89320698,,,,,,,,
The Last Broadcast,,"A man (David Beard) films a documentary about four men who went into the Pine Barrens of New Jersey looking for the Jersey Devil, and only one survives.",,,,,,"DVD, horror",,,0.00,,,,,1,35235834,,,,,,,,
The Last Temptation of Christ,,"Jesus (Willem Dafoe), a humble Judean carpenter beginning to see that he is the son of God, is drawn into revolutionary action against the Roman occupiers by Judas (Harvey Keitel) -- despite his protestations that love, not violence, is the path to salvation. The burden of being the savior of mankind torments Jesus throughout his life, leading him to doubt. As he is put to death on the cross, Jesus is tempted by visions of an ordinary life married to Mary Magdalene (Barbara Hershey).",,,,,,"DVD, drama",,,0.00,,,,,1,07837946,,,,,,,,
The Lighthouse,,"On a remote island, Ephraim Winslow arrives as a lighthouse keeper and assists his elderly supervisor, Thomas Wake. As days pass, Ephraim is haunted by strange and mysterious visions.",,,,,,"Blu-Ray, drama",,,0.00,,,,,1,38291194,,,,,,,,
The Lion King,,"This Disney animated feature follows the adventures of the young lion Simba (Jonathan Taylor Thomas), the heir of his father, Mufasa (James Earl Jones). Simba's wicked uncle, Scar (Jeremy Irons), plots to usurp Mufasa's throne by luring father and son into a stampede of wildebeests. But Simba escapes, and only Mufasa is killed. Simba returns as an adult (Matthew Broderick) to take back his homeland from Scar with the help of his friends Timon (Nathan Lane) and Pumbaa (Ernie Sabella).",,,,,,"DVD, kids-family",,,0.00,,,,,1,08427770,,,,,,,,
The Lost World: Jurassic Park,,"Sequel in which the entrepreneur who genetically engineered the dinosaurs in Jurassic Park transpires to have cloned more of the prehistoric monsters on another island location. Researchers arrive to observe the creatures in their natural habitat, but hot on their heels is a band of mercenaries intent on capturing the dinosaurs and transporting them back to San Diego Zoo.",,,,,,"VHS, action",,,0.00,,,,,1,18418682,,,,,,,,
The Magnificent Seven Collection,,The Magnificent Seven Collection is a 4-movie western box set featuring the original 1960 American classic and its three direct sequels,,,,,,"Blu-Ray, action",,,0.00,,,,,1,67176698,,,,,,,,
The Mask of Zorro,,"After being imprisoned for 20 years, Zorro -- Don Diego de la Vega (Anthony Hopkins) -- receives word that his old enemy, Don Rafael Montero (Stuart Wilson), has returned. Don Diego escapes and returns to his old headquarters, where he trains aimless drunk Alejandro Murrieta (Antonio Banderas) to be his successor. Meanwhile, Montero -- who has secretly raised Diego's daughter, Elena (Catherine Zeta-Jones), as his own -- hatches a plot to rob California of its gold.",,,,,,"VHS, action",,,0.00,,,,,1,17533946,,,,,,,,
The Pelican Brief,,"Taut thriller about a young law student whose legal brief about the assassination of two Supreme Court justices causes her to be targeted by killers. She realizes just how accurate her accusations have been when her lover and mentor is murdered. Forced to go on the run in New Orleans, she is aided by a journalist who helps her unravel a conspiracy involving senior government figures.",,,,,,"VHS, drama",,,0.00,,,,,1,07750394,,,,,,,,
The Princess Bride,,"The Princess Bride blends romance, adventure, comedy, and fantasy in a storybook tale framed as a grandfather reading to his reluctant grandson. Farmhand Westley embarks on a perilous quest to reunite with his beloved Buttercup, encountering duels, giants, clever banter, and whimsical perils. Celebrated for its charm, wit, and quotable lines, it’s a timeless classic appealing to all ages.",,,,,,"VHS, kids-family",,,0.00,,,,,1,72109306,,,,,,,,
The Prisoner of Second Ave,,"Neurotic middle-aged New Yorker Mel Edison (Jack Lemmon) is fired from his advertising job, forcing his loving wife, Edna (Anne Bancroft), to become the couple's sole breadwinner. Feeling emasculated, he begins to fall into a depression. A summer heat wave, unthoughtful neighbors and a robbery only worsen matters. When Mel finally suffers a nervous breakdown, he relies on those closest to him, including Edna and his brother Harry (Gene Saks), to restore his sanity.",,,,,,"VHS, comedy",,,0.00,,,,,1,51618810,,,,,,,,
The Quiet Man,,"After accidentally killing an opponent in the ring, boxer Sean Thornton leaves America and returns to his native Ireland, hoping to buy his family's homestead and live in peace. In doing so, he runs afoul of Will Danaher, who long coveted the property. Spitefully, Will objects when his fiery sister, Mary Kate, begins a romance with Sean and refuses to hand over her dowry. Mary Kate refuses to consummate the marriage until Sean retrieves the money.",,,,,,"VHS, drama",,,0.00,,,,,1,88829178,,,,,,,,
The Shawshank Redemption,,"Andy Dufresne (Tim Robbins) is sentenced to two consecutive life terms in prison for the murders of his wife and her lover and is sentenced to a tough prison. However, only Andy knows he didn't commit the crimes. While there, he forms a friendship with Red (Morgan Freeman), experiences brutality of prison life, adapts, helps the warden, etc., all in 19 years.",,,,,,"DVD, drama",,,0.00,,,,,1,07444730,,,,,,,,
The Siege,,"After terrorists attack a bus in Brooklyn, a Broadway theater and FBI headquarters, FBI anti-terrorism expert Anthony Hubbard (Denzel Washington) teams up with CIA agent Elise Kraft (Annette Bening) to investigate. Soon, martial law is declared in New York City, and General William Devereaux (Bruce Willis), a sadistic racist, is put in command. When Devereaux begins rounding up Arab-Americans and forcing them into a detention camp, Hubbard and Kraft must fight back in the name of freedom.",,,,,,"DVD, action",,,0.00,,,,,1,31127034,,,,,,,,
The Sorcerer's Apprentice,,"Dave Stutler is just an average guy, but the wizard Balthazar Blake sees in him a hidden talent for sorcery. He becomes Balthazar's reluctant protégé, getting a crash course in the art of magic. As Dave prepares to help his mentor defend Manhattan from a powerful adversary, he wonders if he can survive the training, save the city and find his true love.",,,,,,"DVD, kids-family",,,0.00,,,,,1,27731450,,,,,,,,
The Terminal,,"When Viktor Navorski (Tom Hanks), an Eastern European tourist, arrives at JFK in New York, war breaks out in his country, and he finds himself caught up in international politics. Because of the war, the Department of Homeland Security won't let him enter or exit the United States. He's trapped at JFK -- indefinitely. While living at the airport, Viktor falls for a flight attendant (Catherine Zeta-Jones). She may have feelings for him too. But what good is love if Viktor can't leave the terminal?",,,,,,"VHS, drama",,,0.00,,,,,1,35595258,,,,,,,,
The Thomas Crown Affair,,"Bored billionaire Thomas Crown (Pierce Brosnan) decides to entertain himself by stealing a Monet from a reputed museum. When Catherine Banning (Rene Russo), an investigator for the museum's insurance company, takes an interest in Crown, a complicated back-and-forth game with romantic undertones begins between them. In an attempt to find out where Banning's loyalties lie, Crown returns the painting and essentially turns himself in, hoping that Banning's feelings for him will lead to an escape.",,,,,,"VHS, drama",,,0.00,,,,,1,07815930,,,,,,,,
The Transporter,,"Ex-Special Forces operator Frank Martin (Jason Statham) lives what seems to be a quiet life along the French Mediterranean, hiring himself out as a mercenary transporter who moves goods - human or otherwise - from one place to another. No questions asked. Dangerous complications ensue when he is hired to kidnap the feisty daughter of a lethal Chinese crime lord who's smuggling his fellow countrymen into France.",,,,,,"DVD, action",,,0.00,,,,,1,30864890,,,,,,,,
Thief,,"A highly skilled jewel thief, Frank (James Caan) longs to leave his dangerous trade and settle down with his girlfriend, Jessie (Tuesday Weld). Eager to make one last big score in order to begin living a legitimate life, Frank reluctantly associates with Leo (Robert Prosky), a powerful gangster. Unfortunately for Frank, Leo wants to keep him in his employ, resulting in a tense showdown when he finally tries to give up his criminal activities once and for all.",,,,,,"VHS, action",,,0.00,,,,,1,17468410,,,,,,,,
There's Something About Mary: Special Edition,,"Ted's dream prom date with Mary never happens due to an embarrassing injury at her home. Years later, Ted hires Pat Healy to track down Mary so he can reconnect with her. Pat lies to Ted about Mary, and he finds out everything he can about her to trick her into dating him. Ted travels to meet Mary and has to weave through the web of lies that Pat and Mary's friend Tucker have woven to try and win her over.",,,,,,"VHS, comedy",,,0.00,,,,,1,51586042,,,,,,,,
They Call Me Mister Tibbs!,,"In this sequel to ""In The Heat of the Night,"" Detective Virgil Tibbs (Sidney Poitier) must solve the murder of a prostitute. The last person witnessed with the victim is Tibbs' friend, Logan Sharpe (Martin Landau), a preacher and activist. Despite his loyalty, Tibbs must investigate when Sharpe admits having visited the prostitute. In addition to his police work, Tibbs must also ease tension with his wife (Barbara McNair), who wants him to spend more time with her and their children.",,,,,,"VHS, action",,,0.00,,,,,1,19074042,,,,,,,,
Tin Cup,,"Roy McAvoy was a golf pro with a bright future, but his rebellious nature and bad attitude cost him everything. Now working as a golf instructor, he falls for his newest pupil, Dr. Molly Griswold, a psychiatrist who happens to be the girlfriend of PGA Tour star and Roy's rival, David Simms. After he is humiliated by Simms at a celebrity golf tournament, McAvoy decides to make a run for the PGA Tour, as well as Molly's heart.",,,,,,"VHS, drama",,,0.00,,,,,1,35824634,,,,,,,,
Titanic,,"Poor artist Jack and rich debutante Rose fall in love with each other while aboard the unsinkable Titanic. However, the trip takes a turn for the worse when the ship hits an iceberg.",,,,,,"DVD, drama",,,0.00,,,,,1,08231162,,,,,,,,
Twice in a Lifetime,,"A middle-aged steelworker is content with his job and his family, but feels that something is missing in his life. On his 50th birthday, he stops in at a local bar for a drink to celebrate. He finds himself attracted to the young, very sexy barmaid--and, to his surprise, he finds that she is also very attracted to him.",,,,,,"VHS, drama",,,0.00,,,,,1,13597178,,,,,,,,
Twin Town,,"While working on a roof, Fatty (Huw Ceredig) tumbles off a ladder and injures himself, initiating a feud between his family and the roof's contractor, drug dealer Bryn Cartwright (William Thomas). Fatty's twin junkie grandsons, Julian (Llyr Ifans) and Jeremy (Rhys Ifans) -- who are not in fact twins --attempt to procure compensation from Cartwright, who refuses to pay up. The doped-up Julian and Jeremy then inflict anarchy not only on Cartwright and his family but on anyone they encounter.",,,,,,"VHS, comedy",,,0.00,,,,,1,51651578,,,,,,,,
Twister,,"During the approach of the most powerful storm in decades, university professor Dr. Jo Harding (Helen Hunt) and an underfunded team of students prepares the prototype for Dorothy, a ground-breaking tornado data-gathering device conceived by her estranged husband, Bill (Bill Paxton). When Harding tells Bill that Dorothy is ready for testing -- and that their privately funded rival Dr. Jonas Miller (Cary Elwes) has stolen the idea and built his own -- Bill rejoins the team for one last mission.",,,,,,"VHS, action",,,0.00,,,,,1,18779130,,,,,,,,
Two Bits,,"It's a hot summer day in 1933 in South Philly, where 12-year old Gennaro lives with his widowed mom and his ailing grandpa, who sits outside holding tight to his last quarter, which he's promised to Gennaro and which Gennaro would like to have to buy a ticket to the plush new movie theater. But grandpa's not ready to pass on the quarter or pass on to his final reward: he has some unfinished business with a woman from his past, and he enlists Gennaro to act as his emissary.",,,,,,"VHS, drama",,,0.00,,,,,1,11074042,,,,,,,,
Vanishing Point,,"Vietnam War hero Kowalski (Barry Newman) has become a pill-addicted driver for hire. Transporting a car from Colorado to California, he enlivens the journey by making a wager with his drug dealer: If the trip takes under 15 hours, Kowalski's latest amphetamine purchase is free. But Kowalski's recklessness on the road results in a much-publicized police chase. Radio jock Super Soul (Cleavon Little) covers the pursuit and turns Kowalski, who refuses to pull over, into a martyr for freedom.",,,,,,"VHS, action",,,0.00,,,,,1,18680826,,,,,,,,
West Side Story Box Set,,"A musical in which a modern day Romeo and Juliet are involved in New York street gangs. On the harsh streets of the upper west side, two gangs battle for control of the turf. The situation becomes complicated when a gang member falls in love with a rival's sister.",,,,,,"DVD, drama",,,0.00,,,,,1,08329466,,,,,,,,
When Harry Met Sally,,"In 1977, college graduates Harry Burns (Billy Crystal) and Sally Albright (Meg Ryan) share a contentious car ride from Chicago to New York, during which they argue about whether men and women can ever truly be strictly platonic friends. Ten years later, Harry and Sally meet again at a bookstore, and in the company of their respective best friends, Jess (Bruno Kirby) and Marie (Carrie Fisher), attempt to stay friends without sex becoming an issue between them.",,,,,,"VHS, romantic-comedy",,,0.00,,,,,1,88435962,,,,,,,,
Witness,,"Detective John Book is assigned to guard Amish mother Rachel Lapp and her son Samuel, who witnessed a murder in the toilets at Philadelphia station. However, the killers are after them and the three must hide out in Lapp's community, where Book's aggressive, hard-bitten manner clashes with the gentler beliefs of the Amish.",,,,,,"VHS, drama",,,0.00,,,,,1,35791866,,,,,,,,
X2 X-Men United,,"X2: X-Men United (2003) is the acclaimed sequel to the 2000 X-Men film. Directed by Bryan Singer, the action sci-fi follows a reluctant alliance between the X-Men and their traditional enemies, the Brotherhood of Mutants, to stop Colonel William Stryker, who is attempting to use Professor X's mind and a modified Cerebro to exterminate all mutants",,,,,,"DVD, action",,,0.00,,,,,1,30963194,,,,,,,,
6th Day,,"A world of the very near future in which cattle, fish, and even the family pet can be cloned. But cloning humans is illegal - that is until family man Adam Gibson comes home from work one day to find a clone has replaced him. Taken from his family and plunged into a sinister world he doesn't understand, Gibson must not only save himself from the assassins who must destroy him to protect their secret, but uncover who and what is behind the horrible things happening to him.",,,,,,"DVD, sci-fi",,,0.00,,,,,1,191-DVD6TH-001A,,,,,,,,
A Time to Kill / The Pelican Brief / The Client,,"This collection gathers three legal thrillers based on John Grisham novels: A Time to Kill (1996), The Pelican Brief (1993), and The Client (1994).",,,,,,"Blu-Ray, drama",,,0.00,,,,,1,191-BLRATI-001A,,,,,,,,
A Very Long Engagement,,"Young Frenchwoman Mathilde searches for the truth about her missing fiancé, lost during World War I, and learns many unexpected things along the way. The love of her life is gone. But she refuses to believe he's gone forever — and she needs to know for sure.",,,,,,"DVD, foreign",,,0.00,,,,,1,191-DVDAVE-001A,,,,,,,,
Act,,"Joo-Hee (Kim Hee-Jung) is a married professor. She is stunned to learn that her husband Dong-Hyuk (Seo Tae-Hwa) is having an affair with her own student Yeon-Mi(Seo Eun-A). Joo-Hee pretends she doesn't know about their relationship and invites Yeon-Mi to her home. Dong-Hyuk and Yeon-Mi, believing Joo-Hee is oblivious to their affair, continue their intimate relationship at his home. Joo-Hee though has her own plans.",,,,,,"VHS, comedy",,,0.00,,,,,1,191-VHSACT-001A,,,,,,,,
Acts of Betrayal,,"FBI agents attempt to protect a woman who is testifying against her gangster boy friend. However, an army of assassins are after her in an endless series of shootouts.",,,,,,"VHS, action",,,0.00,,,,,1,191-VHSCTS-001A,,,,,,,,
Adventures of the Wilderness Family,,The story of a modern family bored with the hassles of the city life in Los Angeles. They head for the wilderness never to return.,,,,,,"VHS, kids-family",,,0.00,,,,,1,191-VHSADV-001A,,,,,,,,
Airport 1975,,"When an in-flight collision incapacitates the pilots of an airplane bound for Los Angeles, stewardess Nancy Pryor is forced to take over the controls. From the ground, her boyfriend Alan Murdock, a retired test pilot, tries to talk her through piloting and landing the 747 aircraft. Worse yet, the anxious passengers — among which are a noisy nun and a cranky man — are aggravating the already tense atmosphere.",,,,,,"VHS, action",,,0.00,,,,,1,191-VHSAIR-001A,,,,,,,,
Alfie,,A young man leads a promiscuous lifestyle until several life reversals make him rethink his purposes and goals in life.,,,,,,"VHS, comedy",,,0.00,,,,,1,191-VHSALF-001A,,,,,,,,
All Creatures Great and Small,,"James Herriot is a vet in Yorkshire, England, during the 1930s. He is assigned to the practice of Siegfried Farnon, who—together with his mischievous brother Tristan—already have a successful business. James undergoes a variety of adventures during his work, which are just as often caused by the characters of the county, including the Farnon brothers, as the animals in his care.",,,,,,"VHS, drama",,,0.00,,,,,1,38044666,,,,,,,,
Amazing Spider-Man 2,,"For Peter Parker, life is busy. Between taking out the bad guys as Spider-Man and spending time with the person he loves, Gwen Stacy, high school graduation cannot come quickly enough. Peter has not forgotten about the promise he made to Gwen’s father to protect her by staying away, but that is a promise he cannot keep. Things will change for Peter when a new villain, Electro, emerges, an old friend, Harry Osborn, returns, and Peter uncovers new clues about his past.",,,,,,"Blu-Ray, action",,,0.00,,,,,1,191-BLRAMA-001A,,,,,,,,
American Made,,"The true story of pilot Barry Seal, who transported contraband for the CIA and the Medellin cartel in the 1980s.",,,,,,"4K, thriller",,,0.00,,,,,1,191-BLRAME-001A,,,,,,,,
Amityville Horror,,"George Lutz, his wife Kathy, and their three children have just moved into a beautiful, and improbably cheap, Dutch colonial mansion nestled in the sleepy coastal town of Amityville, Long Island. However, their dream home is concealing a horrific past and soon each member of the Lutz family is plagued with increasingly strange and violent visions and impulses.",,,,,,"Blu-Ray, horror",,,0.00,,,,,1,191-BLRAMI-001A,,,,,,,,
An Affair to Remember,,A couple falls in love and agrees to meet in six months at the Empire State Building - but will it happen?,,,,,,"VHS, drama",,,0.00,,,,,1,191-VHSNFF-001A,,,,,,,,
Angels in the Outfield,,"Roger is a foster child whose irresponsible father promises to get his act together when Roger's favourite baseball team, the California Angels, wins the pennant. The problem is that the Angels are in last place, so Roger prays for help to turn the team around. Sure enough, his prayers are answered in the form of angel Al.",,,,,,"VHS, kids-family",,,0.00,,,,,1,191-VHSAN2-001A,,,,,,,,
Babe: Pig in the City,,"Babe, fresh from his victory in the sheepherding contest, returns to Farmer Hoggett's farm, but after Farmer Hoggett is injured and unable to work, Babe has to go to the big city to save the farm.",,,,,,"VHS, kids-family",,,0.00,,,,,1,191-VHSBBP-001A,,,,,,,,
BAD BEHAVIOR,,"The McAllister family house is the setting for Gerry and Ellie's grapples with work, children and how to get the bathroom fixed. Both have reached the stage where reason cannot be heard above the ticking clock of experience and ambition. When temptation comes, how will they react?",,,,,,"VHS, comedy",,,0.00,,,,,1,191-VHSBAD-001A,,,,,,,,
Basic Instinct 2 Collector's Edition,,"Novelist Catherine Tramell is once again in trouble with the law, and Scotland Yard appoints psychiatrist Dr. Michael Glass to evaluate her. Though, like Detective Nick Curran before him, Glass is entranced by Tramell and lured into a seductive game.",,,,,,"Blu-Ray, thriller",,,0.00,,,,,1,191-BLRBAS-50-001A,,,,,,,,
Basil,,"A lonely young aristocrat in turn-of the century England struggles to meet the approval of his over-bearing, class-conscious father while trying to please the selfish woman he loves.",,,,,,"VHS, drama",,,0.00,,,,,1,191-VHSBAS-001A,,,,,,,,
Becky,,"This high-definition physical release offers stunning visual clarity and crisp audio for an immersive home viewing experience. The disc comes in a protective case with vibrant cover art, making it a perfect addition for collectors of modern edge-of-your-seat thrillers. It is a must-have for fans of stylish cinematography and intense, fast-paced storytelling.",,,,,,"Blu-Ray, action",,,0.00,,,,,1,191-BLRBEC-50-001A,,,,,,,,
Best Little Whorehouse in Texas,,"When a Conservative TV crusader threatens to shut down beloved brothel The Chicken Ranch, proprietress Miss Mona Stangley and her girls won't go down without a fight.",,,,,,"VHS, musical",,,0.00,,,,,1,191-VHSBES-001A,,,,,,,,
Best of Abbott and Costello Volume 4,,"America's most beloved comedy team pair up with a cast of monsters and The Keystone Kops in this collector's set filled with 6 classics. The last installment in this hilarious franchise includes revealing documentaries and interviews that give an in-depth look at the genius behind Abbott and Costello and their continued popularity. Also featured is the making of the original classic Abbott and Costello Meet Frankenstein, which spawned an industry of comedy/horror films. Partnered with great legends like Boris Karloff, these masterpieces truly stand the test of time.Abbott and Costello Meet Dr. Jekyll and Mr. Hyde (1953)As American policemen in London, Bud and Lou meet up with Dr. Jekyll and Mr. Hyde.Abbott and Costello Meet the Keystone Kops (1955)The boys follow a con man to Hollywood after being swindled into buying a phony movie studio.Abbott and Costello Meet the Mummy (1955)Bud and Lou stumble upon a sacred medallion that holds the key to a legendary treasure.The World of Abbott and Costello (1965)This compilation includes classic routines from 18 of Bud and Lou's most popular films.Abbott and Costello Meet Jerry Seinfeld (1994)The popular comic hosts a tribute to Bud and Lou in this insightful retrospective.Abbott and Costello Meet the Monsters (2000)A behind-the-scenes look at the duo's popular series of films as Bud Abbott and Lou Costello meet up with Frankenstein, Dracula and The Wolf Man.",,,,,,"DVD, comedy",,,0.00,,,,,1,191-THFBES-001A,,,,,,,,
Beverly Hills Chihuahua,,"A pampered Beverly Hills chihuahua named Chloe who, while on vacation in Mexico with her owner Viv's niece, Rachel, gets lost and must rely on her friends to help her get back home before she is caught by a dognapper who wants to ransom her.",,,,,,"DVD, kids-family",,,0.00,,,,,1,191-DVDBEV-50-001A,,,,,,,,
Billy Elliot,,"The life of 11-year-old Billy Elliot, a coal miner's son in Northern England, is forever changed one day when he stumbles upon a ballet class during his weekly boxing lesson. Before long, he finds himself in dance, demonstrating the kind of raw talent seldom seen by the class' exacting instructor, Mrs. Wilkinson. With a tart tongue and a never-ending stream of cigarettes in her hand, Mrs. Wilkinson's zest for teaching is revived when she sees Billy's potential.",,,,,,"DVD, drama",,,0.00,,,,,1,27600378,,,,,,,,
Black Christmas,,"As the residents of the Pi Kappa Sigma sorority house prepare for the festive season, a stranger begins to harass them with a series of obscene phone calls.",,,,,,"Blu-Ray, action",,,0.00,,,,,1,191-BLRBLA-50-001A,,,,,,,,
Blue Steel,,"When Sheriff Jake sees a man at the safe and then finds the payroll gone, he trails him. Just as he is about to arrest him, the man saves his life. Still suspicious, he joins up with the man and later they learn that Melgrove, the towns leading citizen, is trying to take over the area's ranches by having his gang stop all incoming supply wagons. With the ranchers about to sell to Melgrove, the two newcomers say they will bring in provisions.",,,,,,"Blu-Ray, action",,,0.00,,,,,1,191-BLRBLU-50-001A,,,,,,,,
Body of Lies / Edge of Darkness / Pride and Glory,,"This collection gathers three action thrillers: Body of Lies (2008), starring Leonardo DiCaprio and Russell Crowe in a CIA operation against a terrorist network; Edge of Darkness (2010), starring Mel Gibson as a detective investigating his daughter's murder; and Pride and Glory (2008), starring Edward Norton and Colin Farrell as police officers caught in a corruption scandal.",,,,,,"Blu-Ray, action",,,0.00,,,,,1,191-BLRBOD-001A,,,,,,,,
Bone Collector,,"Lincoln Rhyme was the department's top homicide detective and leading expert in criminal forensics until an injury left him paralyzed, depressed, and incapable of working. But when a gruesome murder in Manhattan leaves detectives baffled, they call on Rhyme to help solve the mystery. Amelia Donaghy, a rookie cop whose quick thinking preserved a gruesome murder scene, is enlisted by Rhyme to be his on-the-scene forensics expert. With Amelia reluctantly acting as Rhyme's able-bodied go-between, the pair piece together cryptic clues the killer leaves behind at the scene of the crime, hoping to catch the grisly serial killer.",,,,,,"VHS, thriller",,,0.00,,,,,1,191-VHSBON-001A,,,,,,,,
Born Innocent,,"A constant runaway is given over to the care of the state and finds herself in a remand centre for girls. She is soon caught between the uncaring bureaucracy, the sometimes brutal treatment from her peers and her own abusive family, and only one care worker sees her potential to rise above her tragic circumstances.",,,,,,"VHS, thriller",,,0.00,,,,,1,191-VHSBOR-001A,,,,,,,,
Bottle Rocket,,"Upon his release from a mental hospital following a nervous breakdown, the directionless Anthony joins his friend Dignan, who seems far less sane than the former. Dignan has hatched a harebrained scheme for an as-yet-unspecified crime spree that somehow involves his former boss, the (supposedly) legendary Mr. Henry.",,,,,,"DVD, comedy",,,0.00,,,,,1,191-DVDBOT-001A,,,,,,,,
Bourne Supremacy,,"A CIA operation to purchase classified Russian documents is blown by a rival agent, who then shows up in the sleepy seaside village where Bourne and Marie have been living. The pair run for their lives and Bourne, who promised retaliation should anyone from his former life attempt contact, is forced to once again take up his life as a trained assassin to survive.",,,,,,"Blu-Ray, action",,,0.00,,,,,1,191-BLRBOU-001A,,,,,,,,
Bram Stoker's Dracula,,"Count Dracula, a 15th-century prince, is condemned to live off the blood of the living for eternity. Young lawyer Jonathan Harker is sent to Dracula's castle to finalise a land deal, but when the Count sees a photo of Harker's fiancée, Mina, the spitting image of his dead wife, he imprisons him and sets off for London to track her down.",,,,,,"Blu-Ray, horror",,,0.00,,,,,1,191-BLRBRM-001A,,,,,,,,
Brass,,"This vintage-style promotional piece features an ornate solid brass finish and classic typography that captures a nostalgic cinematic aesthetic. It serves as a sophisticated desktop accessory or paperweight, making it a perfect conversation starter for movie enthusiasts and collectors of media memorabilia. The durable construction and polished gold tone ensure it remains a distinctive decorative element in any home office or library.",,,,,,"VHS, thriller",,,0.00,,,,,1,191-VHSBRA-001A,,,,,,,,
Breaking Away,,"Dave, nineteen, has just graduated high school, with his three friends: the comical Cyril, the warm hearted but short-tempered Moocher, and the athletic, spiteful but good-hearted Mike. Now, Dave enjoys racing bikes and hopes to race the Italians one day, and even takes up the Italian culture, much to his friends' and parents' annoyance.",,,,,,"VHS, drama",,,0.00,,,,,1,191-VHSBRY-001A,,,,,,,,
CAME A HOT FRIDAY,,"Set in post-war (1949) rural New Zealand, this film traces the efforts of two con men to run a betting scam in a small town (Tainuea) already rife with illegal gambling corruption, and eccentricity.",,,,,,"VHS, comedy",,,0.00,,,,,1,191-VHSCAM-001A,,,,,,,,
The Cell,,"During an operation to capture the head of a terrorist cell, special operations officer Saif, is injured while his partner, Amr, is killed. Saif vows to take revenge with the help of officer, Saber, who's working the same case.",,,,,,"Blu-Ray, action",,,0.00,,,,,1,191-BLRCEL-50-001A,,,,,,,,
Center Stage,,A group of 12 teenagers from various backgrounds enroll at the American Ballet Academy in New York to make it as ballet dancers and each one deals with the problems and stress of training and getting ahead in the world of dance.,,,,,,"VHS, drama",,,0.00,,,,,1,191-VHSCEN-001A,,,,,,,,
Cheaters,,"In the fall of 1994, a teacher at Chicago's run-down Steinmetz High conspires with the school's academic decathlon team to cheat on an academic competition.",,,,,,"DVD, comedy",,,0.00,,,,,1,191-DVDCHE-001A,,,,,,,,
Chicago,,Murderesses Velma Kelly and Roxie Hart find themselves on death row together and fight for the fame that will keep them from the gallows in 1920s Chicago.,,,,,,"DVD, musical",,,0.00,,,,,1,191-DVDCHI-001A,,,,,,,,
Cinderella Man,,"The true story of boxer Jim Braddock who, following his retirement in the 1930s, makes a surprise comeback in order to lift his family out of poverty.",,,,,,"DVD, drama",,,0.00,,,,,1,191-DVDCIN-001A,,,,,,,,
Come See The Paradise,,"In this drama from director Alan Parker, on-the-lam Jack McGurn flees to Los Angeles and takes a job as a projectionist at a movie theater owned by a Japanese-American man. Jack falls for the owner's daughter, Lily, but they are forced to elope to Seattle when her father forbids the relationship. The couple marry and have a daughter, but when World War II breaks out, Jack is powerless to stop his new family's forced internment.",,,,,,"VHS, drama",,,0.00,,,,,1,191-VHSCMS-001A,,,,,,,,
Concrete Cowboys,,"Two Montana saddletramps head to Nashville to open up a detective agency. At first, the agency begins on a lark but, soon, they get involved in a case involving a kidnapped singer and an intricate blackmail scheme.",,,,,,"VHS, comedy",,,0.00,,,,,1,191-VHSCOS-001A,,,,,,,,
Confession,,"In a small Catholic boarding school an unspeakable act has been committed. When High School student, Luther Scott, confesses to Father Michael Kelly, Kelly is bound silent to the particulars of a grisly murder. Now, framed guilty by the desperate teen, Kelly must decide to keep his silence or throw away everything the priesthood holds sacred.",,,,,,"VHS, drama",,,0.00,,,,,1,191-VHSCON-001A,,,,,,,,
CONFESSIONS OF A HITMAN,,"A former hitman named Bruno steals some cash from his mobster uncle. He plans to go to Tahiti, but things go wrong and he finds himself headed for Vegas via Death Valley in a comandeered airport limousine, pursued by his uncle's henchmen and accompanied by a limo driver and an enigmatic blonde.",,,,,,"VHS, action",,,0.00,,,,,1,191-VHSCO3-001A,,,,,,,,
Conspiracy,,"At the Wannsee Conference on January 20, 1942, senior Nazi officials meet to determine the manner in which the so-called ""Final Solution to the Jewish Question"" can be best implemented.",,,,,,"VHS, thriller",,,0.00,,,,,1,191-VHSCNS-001A,,,,,,,,
Creepshow 2,,"Three macabre tales from the latest issue of a boy's favorite comic book, dealing with a vengeful wooden Native American, a monstrous blob in a lake, and an undying hitchhiker.",,,,,,"4K, horror",,,0.00,,,,,1,191-BLRCRE-50-001A,,,,,,,,
CRITTERS ATTACK!,,"Mysterious alien Critters have crash-landed in a small college town, devouring every living thing they encounter. Drea and the kids she's babysitting must try desperately to save themselves from the ravenous, rolling beasts. Will Drea discover her inner badass, and will it be enough to stop the Critter onslaught?",,,,,,"Blu-Ray, horror",,,0.00,,,,,1,191-BLRCRT-50-001A,,,,,,,,
Crow,,"A wealthy developer tries to remove settlers from his newly acquired land, which leads to dire consequences.",,,,,,"Blu-Ray, action",,,0.00,,,,,1,191-BLRCRO-001A,,,,,,,,
Crucible,,"Connection through shattered mirrors, black paint, candles, and cold cement",,,,,,"VHS, drama",,,0.00,,,,,1,191-VHSCRU-001A,,,,,,,,
Darkest Hour,,"In May 1940, the fate of World War II hangs on Winston Churchill, who must decide whether to negotiate with Adolf Hitler or fight on knowing that it could mean the end of the British Empire.",,,,,,"4K, drama",,,0.00,,,,,1,191-BLRDAR-001A,,,,,,,,
Dawn of the Planet of the Apes,,"A group of scientists in San Francisco struggle to stay alive in the aftermath of a plague that is wiping out humanity, while Caesar tries to maintain dominance over his community of intelligent apes.",,,,,,"4K, action",,,0.00,,,,,1,191-BLRDAW-50-001A,,,,,,,,
Deadlocked,,"A young man is accused of rape and murder and placed on trial. His father doesn't believe that he is guilty, so in act of desperation he grabs the bailiff's guns and takes the whole jury hostage and insists that the prosecuting attorney re-investigates the crime that his son's accused of.",,,,,,"VHS, thriller",,,0.00,,,,,1,191-VHSDDL-001A,,,,,,,,
Deadly Little Secrets,,A federal agent and ex-detective attempt to bring a physician with murderous tendencies to justice.,,,,,,"VHS, thriller",,,0.00,,,,,1,191-VHSDES-001A,,,,,,,,
Death of Adolf Hitler,,"The final days in the Bunker, with Hitler becoming more and more paranoid, plumbing the depths of his madness and reaching his well deserved fate.",,,,,,"VHS, drama",,,0.00,,,,,1,191-VHSDEA-001A,,,,,,,,
Den of Thieves,,A gritty crime saga which follows the lives of an elite unit of the LA County Sheriff's Dept. and the state's most successful bank robbery crew as the outlaws plan a seemingly impossible heist on the Federal Reserve Bank.,,,,,,"Blu-Ray, action",,,0.00,,,,,1,191-BLRDEN-50-001A,,,,,,,,
Dennis the Menace,,Mr. Wilson's ever-present annoyance comes in the form of one mischievous kid named Dennis. But he'll need Dennis's tricks to uncover a collection of gold coins that go missing when a shady drifter named Switchblade Sam comes to town.,,,,,,"DVD, kids-family",,,0.00,,,,,1,191-DVDDEN-001A,,,,,,,,
Diary of a Hitman,,"A veteran hitman, Dekker is ready to call it quits and leave the profession. His final job, however, proves to be trickier than expected when a sadistic man recruits the assassin to kill his wife, Jain, and their baby, but he can’t bring himself to do the job, complicating all of their lives.",,,,,,"VHS, thriller",,,0.00,,,,,1,191-VHSDIA-001A,,,,,,,,
Dirty Little Secret,,"The adopted son of a sheriff and his wife is kidnapped, but the motive goes beyond ransom.",,,,,,"VHS, thriller",,,0.00,,,,,1,191-VHSDIR-001A,,,,,,,,
Donnie Darko,,"During the presidential election of 1988, a teenager named Donnie Darko sleepwalks out of his house one night and sees a giant, demonic-looking rabbit named Frank, who tells him the world will end in 28 days. When Donnie returns home, he finds that a jet engine has crashed into his bedroom. Is Donnie living in a parallel universe, is he suffering from mental illness - or will the world really end?",,,,,,"DVD, thriller",,,0.00,,,,,1,26813946,,,,,,,,
Don't Breathe 2,,"The Blind Man has been hiding out for several years in an isolated cabin and has taken in and raised a young girl orphaned from a devastating house fire. Their quiet life together is shattered when a group of criminals kidnap the girl, forcing the Blind Man to leave his safe haven to save her.",,,,,,"Blu-Ray, horror",,,0.00,,,,,1,191-BLRDNT-50-001A,,,,,,,,
Doom / The Scorpion King / The Rundown Triple Feature,,"This collection gathers three action films: Doom (2005), based on the video game; The Scorpion King (2002), a spinoff of The Mummy franchise starring Dwayne Johnson; and The Rundown (2003), also starring Dwayne Johnson as a bounty hunter in the Amazon.",,,,,,"Blu-Ray, action",,,0.00,,,,,1,191-BLRDMT-50-001A,,,,,,,,
Doomsday,,"The lethal Reaper virus spreads throughout Britain—infecting millions and killing hundreds of thousands. Authorities brutally and successfully quarantine the country but, three decades later, the virus resurfaces in a major city. An elite group of specialists is urgently dispatched into the still-quarantined country to retrieve a cure by any means necessary. Shut off from the rest of the world, the unit must battle through a landscape that has become a waking nightmare.",,,,,,"Blu-Ray, action",,,0.00,,,,,1,191-BLRDOO-50-001A,,,,,,,,
Dr. Strangelove Or: How I Learned To Stop Worrying And Love The Bomb (Special Edition),,"After the insane General Jack D. Ripper initiates a nuclear strike on the Soviet Union, a war room full of politicians, generals and a Russian diplomat all frantically try to stop it.",,,,,,"DVD, comedy",,,0.00,,,,,1,191-DVDDRS-001A,,,,,,,,
Drive Angry,,"Milton is a hardened felon who has broken out of Hell, intent on finding the vicious cult who brutally murdered his daughter and kidnapped her baby. He joins forces with a sexy, tough-as-nails waitress, who's also seeking redemption of her own. Caught in a deadly race against time, Milton has three days to avoid capture, avenge his daughter's death, and save her baby before she's mercilessly sacrificed by the cult.",,,,,,"Blu-Ray, action",,,0.00,,,,,1,191-BLRDRI-50-001A,,,,,,,,
Driven,,"Talented rookie race-car driver Jimmy Bly has started losing his focus and begins to slip in the race rankings. It's no wonder, with the immense pressure being shoveled on him by his overly ambitious promoter brother as well as Bly's romance with his arch rival's girlfriend Sophia. With much riding on Bly, car owner Carl Henry brings former racing star Joe Tanto on board to help Bly. To drive Bly back to the top of the rankings, Tanto must first deal with the emotional scars left over from a tragic racing accident which nearly took his life.",,,,,,"Blu-Ray, action",,,0.00,,,,,1,191-BLRDRV-50-001A,,,,,,,,
Echo Park,,"In the Echo Park neighborhood of Los Angeles, everybody is somebody else. May, a single mother who delivers strip-O-grams, dreams of being an actress. She rents one of her rooms out to a pizza-man cum songwriter named Jonathan. Meanwhile, in the next apartment, August, an Austrian bodybuilder, fancies himself the next Arnold Schwarzenegger. As the pressures of everyday life in LA mount, Jonathan and August vie for May's love.",,,,,,"VHS, drama",,,0.00,,,,,1,191-VHSECH-001A,,,,,,,,
Escape,,"A scientist's experiment could lead to the first man-made, functioning, living organism. An elite escape artist-private investigator is working to stop him.",,,,,,"VHS, action",,,0.00,,,,,1,191-VHSESC-001A,,,,,,,,
Escape Clause,,"A man finds out that his wife has paid $10,000 to have him killed. Then both the would-be killer and the wife turn up dead ...",,,,,,"VHS, thriller",,,0.00,,,,,1,191-VHSSCP-001A,,,,,,,,
Extreme Prejudice,,"Lean, mean Texas Ranger Jack Benteen locks horns with a former friend, Cash Bailey, now a ruthless drug kingpin. Though they're on opposite sides of the law, they share a love interest in the sensual Sarita. When a crew of rogue soldiers descends upon the border town for an off-the-books mission, all roads lead to a bloody, to-the-death showdown, as loyalties shift and the lines between good and evil are blurred.",,,,,,"Blu-Ray, action",,,0.00,,,,,1,191-BLREXT-50-001A,,,,,,,,
Fahrenheit 9/11,,Michael Moore's view on how the Bush administration allegedly used the tragic events on 9/11 to push forward its agenda for unjust wars in Afghanistan and Iraq.,,,,,,"DVD, documentary",,,0.00,,,,,1,191-DVDFAH-001A,,,,,,,,
Fantasia 2000,,"Blending lively music and brilliant animation, this sequel to the original 'Fantasia' restores 'The Sorcerer's Apprentice' and adds seven new shorts.",,,,,,"DVD, kids-family",,,0.00,,,,,1,191-DVDFAN-001A,,,,,,,,
Far From Home: The Adventures of Yellow Dog,,"Teenager Angus adopts a stray dog and names him Yellow. Several days later, while travelling along the coast of British Columbia with Angus's father, John, the boy and dog become stranded when turbulent waters capsize their boat. Angus's parents relentlessly badger rescue teams. Angus, schooled by his father in wilderness survival skills, and assisted by the intelligent Yellow Dog, tries to attract rescuers.",,,,,,"VHS, kids-family",,,0.00,,,,,1,191-VHSFAR-001A,,,,,,,,
Federico Fellini's 8 1/2,,"Guido Anselmi, a film director, finds himself creatively barren at the peak of his career. Urged by his doctors to rest, Anselmi heads for a luxurious resort, but a sorry group gathers—his producer, staff, actors, wife, mistress, and relatives—each one begging him to get on with the show. In retreat from their dependency, he fantasizes about past women and dreams of his childhood.",,,,,,"DVD, drama",,,0.00,,,,,1,191-DVDFED-001A,,,,,,,,
Federico Fellini's Amarcord,,"In an Italian seaside town, young Titta gets into trouble with his friends and watches various local eccentrics as they engage in often absurd behavior. Frequently clashing with his stern father and defended by his doting mother, Titta witnesses the actions of a wide range of characters, from his extended family to Fascist loyalists to sensual women, with certain moments shifting into fantastical scenarios.",,,,,,"DVD, drama",,,0.00,,,,,1,191-DVDFDR-001A,,,,,,,,
Fever Pitch,,"When Ben Wrightman (Jimmy Fallon), a young teacher, begins dating pretty businesswoman Lindsey Meeks (Drew Barrymore), the two don't seem to have a lot of the same interests, but they fall in love, regardless. Their romance goes well until baseball season begins, and Lindsey soon realizes that Ben is completely obsessed with the Boston Red Sox. Though she tries to understand Ben's passionate team loyalty, eventually it threatens to end their otherwise happy relationship.",,,,,,"DVD, romantic-comedy",,,0.00,,,,,1,27403770,,,,,,,,
Forrest Gump,,"A man with a low IQ has accomplished great things in his life and been present during significant historic events—in each case, far exceeding what anyone imagined he could do. But despite all he has achieved, his one true love eludes him.",,,,,,"VHS, drama",,,0.00,,,,,1,191-VHSFOR-001A,,,,,,,,
Freaky Friday,,"Mother and daughter bicker over everything -- what Anna wears, whom she likes and what she wants to do when she's older. In turn, Anna detests Tess's fiancé. When a magical fortune cookie switches their personalities, they each get a peek at how the other person feels, thinks and lives.",,,,,,"DVD, kids-family",,,0.00,,,,,1,191-DVDFRE-001A,,,,,,,,
Furious 7,,Deckard Shaw seeks revenge against Dominic Toretto and his family for his comatose brother.,,,,,,"Blu-Ray, action",,,0.00,,,,,1,191-BLRFUR-001A,,,,,,,,
Get Out of My Room,,"Cheech Marin and Tommy Chong attempt to finish a ""video album"" for their novelty record.",,,,,,"VHS, comedy",,,0.00,,,,,1,191-VHSGTT-001A,,,,,,,,
God Is a Bullet,,"Vice detective Bob Hightower finds his ex-wife murdered and daughter kidnapped by a cult. Frustrated by the botched official investigations, he quits the force and infiltrates the cult to hunt down the leader with the help of the cult’s only female victim escapee, Case Hardin.",,,,,,"Blu-Ray, action",,,0.00,,,,,1,191-BLRGOD-50-001A,,,,,,,,
Graduate,,"This is a story about 7 college students to graduate. Filming their trace for 2 years, it recorded stories about graduation and starting business in different major and family background. This film is to deepen into the vast social background and examine their life experience and social relationship in the round. At present, problem of employment of college students has already become a hot topic in society. It also has great significance with educational reform and economic crisis around the world.",,,,,,"DVD, drama",,,0.00,,,,,1,191-DVDGRA-001A,,,,,,,,
Great Gatsby,,"Nick Carraway arrives in New York in 1922, an era of loose morals, glittering jazz and bootleg kings. Chasing his own American Dream, Nick encounters the mysterious millionaire Gatsby and his bewitching cousin Daisy. Soon, Nick is drawn into the captivating world of the super-rich, their illusions, loves and deceits. Bearing witness to this new world, Nick pens a tale of impossible love, incorruptible dreams and unforgettable tragedy -- mirroring our own times and struggles.​",,,,,,"Blu-Ray, drama",,,0.00,,,,,1,191-BLRGRE-001A,,,,,,,,
Grudge,,"A mummy is found at a construction site, which is presumed to be made in Jo-Seon Dynasty period. It is transferred to Seoul and to be kept in Lee Dong-Hyeok's, an archeologist due to the state of the museum in the university. On that night, his wife's behavior is so strange. Knowing that his wife is not cured by the modern medical science, Dong-Hyeok gets help from Professor Yu, a psychicist. Yoo finds out the mummy is In Yeon-Ryong, who was killed on a false charge by Seon-Jo 3oo years ago. Dong-Hyeok makes every effort to return his wife to the normal condition.",,,,,,"Blu-Ray, horror",,,0.00,,,,,1,191-BLRGRU-001A,,,,,,,,
Hansel & Gretel: Witch Hunters (Unrated Cut),,"Hansel & Gretel: Witch Hunters is a 2013 dark fantasy action film starring Jeremy Renner and Gemma Arterton as the fairy tale siblings, now grown into professional witch hunters for hire.",,,,,,"Blu-Ray, action",,,0.00,,,,,1,191-BLRHAN-50-001A,,,,,,,,
Hard Candy,,"Hayley is a precocious teenager who goes to a coffee shop to meet Jeff, the photographer she met on the internet. Jeff thinks he is in for a real treat, but Hayley plays a trick on him. After drugging Jeff and tying him down, Hayley reveals that she knows Jeff preys on teenage girls, and she has a plan to wring a confession from him.",,,,,,"DVD, horror",,,0.00,,,,,1,27043322,,,,,,,,
Homeward Bound II: Lost in San Francisco,,"When the pets accidentally get separated from their vacationing owners, Chance, Shadow, and Sassy navigate the mean streets of San Francisco, trying to find their home across the Golden Gate Bridge. But the road is blocked by a series of hazards, both man and beast.",,,,,,"VHS, kids-family",,,0.00,,,,,1,191-VHSHOM-001A,,,,,,,,
Hugo,,"Orphaned and alone except for an uncle, Hugo Cabret lives in the walls of a train station in 1930s Paris. Hugo's job is to oil and maintain the station's clocks, but to him, his more important task is to protect a broken automaton and notebook left to him by his late father. Accompanied by the goddaughter of an embittered toy merchant, Hugo embarks on a quest to solve the mystery of the automaton and find a place he can call home.",,,,,,"Blu-Ray, kids-family",,,0.00,,,,,1,191-BLRHUO-001A,,,,,,,,
Inferno,,"After waking up in a hospital with amnesia, professor Robert Langdon and a doctor must race against time to foil a deadly global plot.",,,,,,"Blu-Ray, action",,,0.00,,,,,1,191-BLRINF-001A,,,,,,,,
Jeepers Creepers Reborn,,"Forced to travel to a horror festival with her boyfriend, a young woman begins experiencing premonitions associated with the urban myth of The Creeper. She believes that something supernatural has been summoned — and that she is at the center of it all.",,,,,,"Blu-Ray, horror",,,0.00,,,,,1,191-BLRJEE-50-001A,,,,,,,,
John Wick: Chapter 3 - Parabellum,,"Super-assassin John Wick returns with a $14 million price tag on his head and an army of bounty-hunting killers on his trail. After killing a member of the shadowy international assassin’s guild, the High Table, John Wick is excommunicado, but the world’s most ruthless hit men and women await his every turn.",,,,,,"4K, action",,,0.00,,,,,1,191-BLRJOH-001A,,,,,,,,
Juno,,"Faced with an unplanned pregnancy, sixteen year old high-schooler, Juno MacGuff, makes an unusual decision regarding her unborn child.",,,,,,"DVD, comedy",,,0.00,,,,,1,191-DVDJUN-001A,,,,,,,,
Jupiter Ascending,,"In a universe where human genetic material is the most precious commodity, an impoverished young Earth woman becomes the key to strategic maneuvers and internal strife within a powerful dynasty…",,,,,,"4K, sci-fi",,,0.00,,,,,1,191-BLRJUP-001A,,,,,,,,
Kill Bill,,"An assassin is shot by her ruthless employer, Bill, and other members of their assassination circle – but she lives to plot her vengeance.",,,,,,"4K, action",,,0.00,,,,,1,191-BLRKI2-50-001A,,,,,,,,
Kissing Jessica Stein,,"Jessica (Jennifer Westfeldt) is at the end of her emotional rope. She happens upon an intriguing personal ad, whose only drawback is that it's in the ""women seeking women"" section. On a daring whim, she decides to answer it. She meets funky downtown hipster Helen Cooper (Heather Juergensen) for drinks, and to her surprise, they click instantly. With conventional gender roles absent, the two women proceed to muddle through an earnest but hilarious courtship, making up the rules as they go.",,,,,,"DVD, romantic-comedy",,,0.00,,,,,1,27174394,,,,,,,,
Lifeboat,,Volunteers from a German non-profit risk the waves of the Mediterranean to pluck refugees from sinking rafts pushing off from Libya in the middle of the night.,,,,,,"DVD, drama",,,0.00,,,,,1,191-DVDLFB-001A,,,,,,,,
Love Has Many Faces,,A woman lives in Acapulco with moochers and a husband who married her for her money.,,,,,,"VHS, drama",,,0.00,,,,,1,191-VHSLVH-001A,,,,,,,,
Machete Kills,,Ex-Federale agent Machete is recruited by the President of the United States for a mission which would be impossible for any mortal man – he must take down a madman revolutionary and an eccentric billionaire arms dealer who has hatched a plan to spread war and anarchy across the planet.,,,,,,"Blu-Ray, action",,,0.00,,,,,1,191-BLRMCH-50-001A,,,,,,,,
MAN FROM CLOVER GROVE,,"A poor farmer, always inventing things. A lot don't work but the toys he makes brings joy to the children at the local orphanage.",,,,,,"VHS, comedy",,,0.00,,,,,1,191-VHSMNF-001A,,,,,,,,
Manhattan,,Manhattan explores how the life of a middle-aged television writer dating a teenage girl is further complicated when he falls in love with his best friend's mistress.,,,,,,"DVD, comedy",,,0.00,,,,,1,191-DVDMAN-001A,,,,,,,,
Medallion,,"The film, starring Yağmur Dilaveroğlu, has made it onto the list of the top 10 films of all time. The film’s score was composed by Çağrı Ergün.",,,,,,"DVD, action",,,0.00,,,,,1,191-DVDMED-001A,,,,,,,,
Memento,,"Leonard Shelby is tracking down the man who raped and murdered his wife. The difficulty of locating his wife's killer, however, is compounded by the fact that he suffers from a rare, untreatable form of short-term memory loss. Although he can recall details of life before his accident, Leonard cannot remember what happened fifteen minutes ago, where he's going, or why.",,,,,,"DVD, thriller",,,0.00,,,,,1,191-DVDMEM-001A,,,,,,,,
Memoirs of a Geisha,,"In the years before World War II, a penniless Japanese child is torn from her family to work as a maid in a geisha house.",,,,,,"DVD, drama",,,0.00,,,,,1,191-DVDMMR-001A,,,,,,,,
Memphis,,"Two men and a woman in the deep south of the 1950s plot to kidnap a child from a wealthy black family, mistakenly believing that no one will try to stop them.",,,,,,"VHS, thriller",,,0.00,,,,,1,191-VHSMEM-001A,,,,,,,,
Mexico City,,"When her brother disappears during a brief travel layover in Mexico, Mitch begins a desperate search that will eventually lead the young divorcee into the capital city's most notorious neighborhood. But even with the aid of the American Ambassador, her plight is only met with indifference and inaction from the authorities. As the story unfolds, Mitch is forced to look for help in the least likely places as she races against time in a dangerous quest to find answers and locate her brother.",,,,,,"VHS, thriller",,,0.00,,,,,1,191-VHSMEX-001A,,,,,,,,
Miami Blues,,"After Junior is released from prison, he plans on starting a new life in Miami. But when he kills a man in the airport, he flees the scene and finds Susie, a mild-mannered prostitute searching for stability. The two opposites become romantically involved, and Junior steals a badge and gun from a veteran detective. Using the officer's identity, Junior embarks on a crime spree and convinces Susie that he is the perfect man.",,,,,,"VHS, action",,,0.00,,,,,1,191-VHSMIA-001A,,,,,,,,
Midnight Strangers,,"Experience this provocative and intense cinematic journey in its complete, unrated format for the most authentic viewing experience. This physical release is essential for collectors of psychological thrillers who appreciate gritty atmosphere and raw, unfiltered storytelling. It offers a haunting exploration of human connection and suspense that lingers long after the credits roll.",,,,,,"VHS, thriller",,,0.00,,,,,1,191-VHSMID-001A,,,,,,,,
Miles From Home,,Two brothers who are forced off their farm in the debt stricken mid-west become folk heroes when they begin robbing the banks that have been foreclosing on farmers.,,,,,,"VHS, drama",,,0.00,,,,,1,191-VHSMIL-001A,,,,,,,,
Milk Money,,"Three young boys pool their money and pay V, a kindhearted prostitute, to strip for them. Afterward, she drives them home to the suburbs -- but then her car breaks down. It's just as well, though, because a mobster named Waltzer is after her, and V realizes the suburbs are the perfect place to hide. But things get a lot more complicated when V falls in love with Tom, a single father who is unaware of her real profession.",,,,,,"VHS, drama",,,0.00,,,,,1,191-VHSMLK-001A,,,,,,,,
Millions,,"When 9-year-old Damian finds a bag of money in his backyard, he and his brother Anthony decide to try to spend it without telling their father. Seeking advice from the imaginary saints with whom he converses, Damian struggles with his own morality, and attempts to spend his money in a more altruistic way. News of the mysterious loot inevitably attracts attention, however, and Damian is faced with an increasingly hairy situation.",,,,,,"DVD, comedy",,,0.00,,,,,1,27076090,,,,,,,,
Missing Pieces,,"As sole heir to a relative's estate, Wendel is surprised to learn that the only thing he's been left is a riddle. However, he and his musician friend, Lou, are soon thrust into a comic chase, as an assortment of unsavoury characters, underworld figures, and even private investigators, are after them for the inheritance - and they don't know what it is!",,,,,,"VHS, comedy",,,0.00,,,,,1,191-VHSMSS-001A,,,,,,,,
Mission: Impossible - Fallout,,"When an IMF mission ends badly, the world is faced with dire consequences. As Ethan Hunt takes it upon himself to fulfill his original briefing, the CIA begin to question his loyalty and his motives. The IMF team find themselves in a race against time, hunted by assassins while trying to prevent a global catastrophe.",,,,,,"Blu-Ray, action",,,0.00,,,,,1,191-BLRMIS-50-001A,,,,,,,,
Mister Johnson,,"In 1923 British Colonial Nigeria, Mister Johnson is an oddity -- an educated black man who doesn't really fit in with the natives or the British. He works for the local British magistrate, and considers himself English, though he has never been to England. He is always scheming, trying to get ahead, which lands him in a lot of hot water.",,,,,,"VHS, drama",,,0.00,,,,,1,191-VHSMST-001A,,,,,,,,
Modern Problems,,"Jealous, harried air traffic controller Max Fielder, recently dumped by his girlfriend, comes into contact with nuclear waste and is granted the power of telekinesis, which he uses to not only win her back, but to gain a little revenge.",,,,,,"VHS, comedy",,,0.00,,,,,1,191-VHSMOD-001A,,,,,,,,
Monkey's Uncle,,"College whiz-kid Merlin Jones concocts a method for teaching advanced information to a chimpanzee, then creates a flying machine of his own design, ultimately raising havoc on the campus.",,,,,,"VHS, kids-family",,,0.00,,,,,1,191-VHSMON-001A,,,,,,,,
MONSIGNOR,,"The vows of an ambitious young American priest are tested during World War II. Not only does Father John Flaherty get involved with the black market to raise money for the Vatican, he also falls in love with a young French nun.",,,,,,"VHS, drama",,,0.00,,,,,1,191-VHSMNS-001A,,,,,,,,
Morbius,,"Dangerously ill with a rare blood disorder, and determined to save others suffering his same fate, Dr. Michael Morbius attempts a desperate gamble. What at first appears to be a radical success soon reveals itself to be a remedy potentially worse than the disease.",,,,,,"4K, action",,,0.00,,,,,1,191-4K2MOR-50-001A,,,,,,,,
Mouth to Mouth,,"For financial reasons, an aspiring actor begins working for a phone-sex enterprise. Through his new line of work, he develops relationships with two regular clients: Bill, an elderly homosexual, and Amanda, a mysterious femme fatale.",,,,,,"VHS, comedy",,,0.00,,,,,1,191-VHSMOU-001A,,,,,,,,
Mr. Accident,,A very clumsy man and his UFO-obsessed girlfriend discover a plan made by his boss to market eggs laced with nicotine.,,,,,,"VHS, comedy",,,0.00,,,,,1,191-VHSMRA-001A,,,,,,,,
Mr. Magoo,,"Mr. Magoo, a man with terrible eyesight, gets caught up in a museum robbery.",,,,,,"VHS, kids-family",,,0.00,,,,,1,191-VHSMRM-001A,,,,,,,,
Munsters (A Rob Zombie Film),,"The Munsters is a 2022 horror comedy film written and directed by Rob Zombie, a reimagining of the classic sitcom's origin story following how Herman and Lily Munster met, fell in love, and married.",,,,,,"DVD, drama",,,0.00,,,,,1,191-DVDMUN-50-001A,,,,,,,,
Murder on the Orient Express,,Genius Belgian detective Hercule Poirot investigates the murder of an American tycoon aboard the Orient Express train.,,,,,,"Blu-Ray, drama",,,0.00,,,,,1,191-BLRMUR-001A,,,,,,,,
My Fair Lady,,A snobbish phonetics professor agrees to a wager that he can take a flower girl and make her presentable in high society.,,,,,,"VHS, musical",,,0.00,,,,,1,191-VHSMYF-001A,,,,,,,,
My Soul to Take,,"On the day the Riverton Ripper vanished without a trace, seven children were born. Today, they're all turning 16... and turning up dead.",,,,,,"Blu-Ray, horror",,,0.00,,,,,1,191-BLRMYS-50-001A,,,,,,,,
Never Back Down: Extended Beat Down Edition,,"Never Back Down is a 2008 martial arts sports drama about a troubled teenager who, after moving to a new city, gets drawn into the underground world of mixed martial arts fighting.",,,,,,"Blu-Ray, action",,,0.00,,,,,1,191-BLRNEV-50-001A,,,,,,,,
Nick & Norah's Ultimate Playlist,,"Nick (Michael Cera) cannot stop obsessing over his ex-girlfriend, Tris (Alexis Dziena), until Tris' friend Norah (Kat Dennings) suddenly shows interest in him at a club. Thus beings an odd night filled with ups and downs as the two keep running into Tris and her new boyfriend while searching for Norah's drunken friend, Caroline (Ari Graynor), with help from Nick's band mates. As the night winds down, the two have to figure out what they want from each other.",,,,,,"DVD, romantic-comedy",,,0.00,,,,,1,27141626,,,,,,,,
Nico and Dani,,"While his parents are away for the summer, 16-year-old Dani invites his best friend, the irrepressible Nico, to stay for the holidays. Jealously rears its head when Nico appears more interested in the local girls than in Dani. Hot summer nights and too many joints lead to experimentation which neither boy can talk about, a situation complicated by the appearance of the older and openly gay Julián, a published writer and old friend of Dani’s father.",,,,,,"VHS, comedy",,,0.00,,,,,1,191-VHSNIC-001A,,,,,,,,
No Secrets,,"Three childhood girlfriends reunite at the parents' remote cottage where they try and come to grips with their separate development and diverging interests. Then a man with a secret shows up and lies his way into their situation. They take turns falling in love with him and then suspecting he is not being level with them, which causes a strain in their already strained relationship. Eventually they must make a decision on whether to get rid of him or flee.",,,,,,"VHS, thriller",,,0.00,,,,,1,191-VHSNOS-001A,,,,,,,,
Nothing to Lose,,"Advertising executive Nick Beame learns that his wife is sleeping with his employer. In a state of despair, he encounters a bumbling thief whose attempted carjacking goes awry when Nick takes him on an involuntary joyride. Soon the betrayed businessman and the incompetent crook strike up a partnership and develop a robbery-revenge scheme. But it turns out that some other criminals in the area don't appreciate the competition.",,,,,,"VHS, comedy",,,0.00,,,,,1,191-VHSNOT-001A,,,,,,,,
Out of Africa,,"Tells the life story of Danish author Karen Blixen, who at the beginning of the 20th century moved to Africa to build a new life for herself. The film is based on her 1937 autobiographical novel.",,,,,,"DVD, drama",,,0.00,,,,,1,191-DVDOUT-001A,,,,,,,,
Peninsula,,This documentary explores the tranquil history of Italian surfing along with the passion and dedication of the pioneers who shaped it.,,,,,,"Blu-Ray, action",,,0.00,,,,,1,191-BLRPEN-50-001A,,,,,,,,
Philadelphia,,"Two competing lawyers join forces to sue a prestigious law firm for AIDS discrimination. As their unlikely friendship develops, their courage overcomes the prejudice and corruption of their powerful adversaries.",,,,,,"VHS, drama",,,0.00,,,,,1,191-VHSPHI-001A,,,,,,,,
Pineapple Express,,A stoner and his dealer are forced to go on the run from the police after the pothead witnesses a cop commit a murder.,,,,,,"DVD, comedy",,,0.00,,,,,1,191-DVDPIN-001A,,,,,,,,
"Pirates of the Caribbean, the Curse of the Black Pearl",,"Capt. Jack Sparrow (Johnny Depp) arrives at Port Royal in the Caribbean without a ship or crew. His timing is inopportune, however, because later that evening the town is besieged by a pirate ship. The pirates kidnap the governor's daughter, Elizabeth (Keira Knightley), who's in possession of a valuable coin that is linked to a curse that has transformed the pirates into the undead. A gallant blacksmith (Orlando Bloom) in love with Elizabeth allies with Sparrow in pursuit of the pirates.",,,,,,"DVD, action",,,0.00,,,,,1,26781178,,,,,,,,
Pixar Short Films Collection Volume 1,,"Experience these masterpieces of storytelling from the creative minds that brought you Toy Story, Monsters, Inc., Finding Nemo and many more. With revolutionary animation, unforgettable music and characters you love, these dazzling short films have changed the face of animation and entertainment and are sure to delight people of all ages for years to come.",,,,,,"DVD, kids-family",,,0.00,,,,,1,191-DVDPIX-001A,,,,,,,,
Poseidon,,"A packed cruise ship traveling the Atlantic is hit and overturned by a massive wave, compelling the passengers to begin a dramatic fight for their lives.",,,,,,"Blu-Ray, action",,,0.00,,,,,1,191-BLRPOS-50-001A,,,,,,,,
Power Rangers,,"Five ordinary teens must become something extraordinary when they learn that their small town of Angel Grove — and the world — is on the verge of being obliterated by an alien threat. Chosen by destiny, our heroes quickly discover they are the only ones who can save the planet. But to do so, they will have to overcome their real-life issues and before it’s too late, band together as the Power Rangers.",,,,,,"Blu-Ray, action",,,0.00,,,,,1,191-BLRPOW-50-001A,,,,,,,,
Prometheus,,"A team of explorers discover a clue to the origins of mankind on Earth, leading them on a journey to the darkest corners of the universe. There, they must fight a terrifying battle to save the future of the human race.",,,,,,"4K, sci-fi",,,0.00,,,,,1,191-BLRPRM-001A,,,,,,,,
Pulp Fiction,,"A burger-loving hit man, his philosophical partner, a drug-addled gangster's moll and a washed-up boxer converge in this sprawling, comedic crime caper. Their adventures unfurl in three stories that ingeniously trip back and forth in time.",,,,,,"DVD, thriller",,,0.00,,,,,1,191-DVDPUL-001A,,,,,,,,
Quills,,"A fictional work that reconstructs the unknown fate of the Marquis de Sade, the writer and sexual deviant who was imprisoned in an insane asylum for the last 10 years of his life. The Marquis de Sade befriends the director of the asylum and shares affections with the asylum laundress. When a doctor is sent in to cure the Marquis of his supposed madness, the Marquis's rebellious character only grows stronger.",,,,,,"DVD, drama",,,0.00,,,,,1,26977786,,,,,,,,
Raging Bull,,"The life of boxer Jake LaMotta, whose violence and temper that led him to the top in the ring destroyed his life outside of it.",,,,,,"DVD, drama",,,0.00,,,,,1,191-DVDRAG-001A,,,,,,,,
Rat Race,,"In an ensemble film about easy money, greed, manipulation and bad driving, a Las Vegas casino tycoon entertains his wealthiest high rollers -- a group that will bet on anything -- by pitting six ordinary people against each other in a wild dash for $2 million jammed into a locker hundreds of miles away. The tycoon and his wealthy friends monitor each racer's every move to keep track of their favorites. The only rule in this race is that there are no rules.",,,,,,"VHS, comedy",,,0.00,,,,,1,191-VHSRAT-001A,,,,,,,,
Red Heat,,A tough Russian policeman is forced to partner up with a cocky Chicago police detective when he is sent to Chicago to apprehend a Georgian drug lord who killed his partner and fled the country.,,,,,,"Blu-Ray, action",,,0.00,,,,,1,191-BLRRED-001A,,,,,,,,
Rise of the Planet of the Apes,,"A highly intelligent chimpanzee named Caesar has been living a peaceful suburban life ever since he was born. But when he gets taken to a cruel primate facility, Caesar decides to revolt against those who have harmed him.",,,,,,"Blu-Ray, action",,,0.00,,,,,1,191-BLRRIS-50-001A,,,,,,,,
Royal Tenenbaums,,This special edition double-disc set features a director-approved digital transfer accompanied by an audio commentary and a collection of behind-the-scenes documentaries. The physical package includes a collectible insert with original illustrations and promotional artwork that captures the whimsical aesthetic of the film. It is an essential addition for cinema enthusiasts looking to explore the creative process through extensive interviews and deleted scenes.,,,,,,"DVD, comedy",,,0.00,,,,,1,191-DVDROY-002A,,,,,,,,
Saw,,"Photographer Adam Stanheight (Leigh Whannell) and oncologist Lawrence Gordon (Cary Elwes) regain consciousness while chained to pipes at either end of a filthy bathroom. As the two men realize they've been trapped by a sadistic serial killer nicknamed ""Jigsaw"" and must complete his perverse puzzle to live, flashbacks relate the fates of his previous victims. Meanwhile, Dr. Gordon's wife (Monica Potter) and young daughter (Makenzie Vega) are forced to watch his torture via closed-circuit video.",,,,,,"DVD, horror",,,0.00,,,,,1,26912250,,,,,,,,
Serpent of Death,,An archaelogist falls under the spell of a statue with a curse on it.,,,,,,"VHS, action",,,0.00,,,,,1,191-VHSSER-001A,,,,,,,,
Session 9,,"A tale of terror when a group of asbestos removal workers start work in an abandoned insane asylum. The complex of buildings looms up out of the woods like a dormant beast. Grand, imposing ... abandoned, deteriorating. The residents of Danvers, Massachusetts steer well clear of the place. But Danvers State Mental Hospital, closed down for 15 years, is about to receive five new visitors...",,,,,,"DVD, horror",,,0.00,,,,,1,27239930,,,,,,,,
Shallows,,"While surfing on a secluded beach, Nancy finds herself in the feeding grounds of a great white shark. Though stranded only 200 yards from shore, survival proves to be the ultimate test of wills, requiring all of her ingenuity, resourcefulness, and fortitude.",,,,,,"4K, thriller",,,0.00,,,,,1,191-BLRSHA-001A,,,,,,,,
Shining,,A mysterious and terrifying paranormal presence terrorizes the inhabitants of a secret location.,,,,,,"Blu-Ray, horror",,,0.00,,,,,1,191-BLRSHI-001A,,,,,,,,
Shipwrecked,,A young Norwegian boy in 1850s England goes to work as a cabin boy and discovers some of his shipmates are actually pirates.,,,,,,"VHS, kids-family",,,0.00,,,,,1,191-VHSSHI-001A,,,,,,,,
Shoot 'Em Up,,"A man named Mr. Smith delivers a woman's baby during a shootout, and is then called upon to protect the newborn from the army of gunmen.",,,,,,"Blu-Ray, action",,,0.00,,,,,1,191-BLRSHO-50-001A,,,,,,,,
SHOOTING ELIZABETH,,"Before a man can kill his nagging wife as planned, she disappears and he's charged with murder.",,,,,,"VHS, comedy",,,0.00,,,,,1,191-VHSSHO-001A,,,,,,,,
Simon Birch,,"Simon Birch and Joe Wenteworth are boys who have a reputation for being oddballs. Joe never knew his father, and his mother, Rebecca, is keeping her lips sealed no matter how much he protests. Simon, meanwhile, is an 11-year-old dwarf whose outsize personality belies his small stature. Indeed, he often assails the local reverend with thorny theological questions and joins Joe on his quest to find his biological father.",,,,,,"VHS, drama",,,0.00,,,,,1,191-VHSSMN-001A,,,,,,,,
Skyscraper,,"Framed and on the run, a former FBI agent must save his family from a blazing fire in the world's tallest building.",,,,,,"4K, action",,,0.00,,,,,1,191-BLRSKY-50-001A,,,,,,,,
Solo: A Star Wars Story,,"Through a series of daring escapades deep within a dark and dangerous criminal underworld, Han Solo meets his mighty future copilot Chewbacca and encounters the notorious gambler Lando Calrissian.",,,,,,"4K, sci-fi",,,0.00,,,,,1,191-BLRSOL-001A,,,,,,,,
Special Forces,,"When the crazed commander of a sadistic army in Moldavia kidnaps an American photojournalist and holds her hostage, his misguided actions ignite a targeted response from Maj. Don Harding and his trained squad of special forces soldiers. With help from a local schoolteacher who's trained in martial arts, Maj. Harding readies his troops for an all-out offensive.",,,,,,"VHS, action",,,0.00,,,,,1,191-VHSSPC-001A,,,,,,,,
Species 4K Collector's Edition,,"Species is a 1995 science fiction horror film about a team of scientists and specialists who hunt down a deadly alien-human hybrid, created in a genetic experiment, after she escapes their lab and goes on the run.",,,,,,"4K, sci-fi",,,0.00,,,,,1,191-BLRSPC-50-001A,,,,,,,,
Stand Alone,,A World War II vet is pushed to the limit when gang members and drug dealers take over his neighborhood.,,,,,,"VHS, action",,,0.00,,,,,1,191-VHSSTN-001A,,,,,,,,
Strangers,,"Six days in the lives of an Israeli living in a kibbutz and a Palestinian living in Paris, which starts with an accidental meeting in the Berlin Subway during the World cup finals, will change them completely.",,,,,,"VHS, thriller",,,0.00,,,,,1,191-VHSST3-001A,,,,,,,,
Streetkill,,"Capture an edgy urban aesthetic with this high-quality graphic tee featuring a bold, screen-printed design and a comfortable relaxed fit. The durable heavyweight cotton fabric ensures long-lasting wear while making a distinct statement in any streetwear collection. This piece pairs effortlessly with denim or cargo pants for a modern, underground look.",,,,,,"VHS, drama",,,0.00,,,,,1,191-VHSSTL-001A,,,,,,,,
Strictly Ballroom,,"Brave new steps put Scott's career in jeopardy. With a new partner and determination, can he still succeed?",,,,,,"VHS, musical",,,0.00,,,,,1,191-VHSSTM-001A,,,,,,,,
Talent for the Game,,"Virgil Sweet is on the verge of losing his job as a talent scout with the California Angels when he discovers Sammy Bodeen, a country boy with no pro ball experience, but with a pitching arm no one has seen the like of.",,,,,,"VHS, comedy",,,0.00,,,,,1,191-VHSTLN-001A,,,,,,,,
Terminator Genisys,,"The year is 2029. John Connor, leader of the resistance continues the war against the machines. At the Los Angeles offensive, John's fears of the unknown future begin to emerge when TECOM spies reveal a new plot by SkyNet that will attack him from both fronts; past and future, and will ultimately change warfare forever.",,,,,,"Blu-Ray, sci-fi",,,0.00,,,,,1,191-BLRTRM-50-001A,,,,,,,,
Texas Chain Saw Massacre,,"Five friends head out to rural Texas to visit the grave of a grandfather. On the way, they stumble across what appears to be a deserted house, only to discover something sinister within. Something armed with a chainsaw.",,,,,,"Blu-Ray, horror",,,0.00,,,,,1,191-BLRTEX-001A,,,,,,,,
The Aviator,,"A biopic depicting the life of filmmaker and aviation pioneer Howard Hughes from 1927 to 1947, during which time he became a successful film producer and an aviation magnate, while simultaneously growing more unstable due to severe obsessive-compulsive disorder.",,,,,,"DVD, drama",,,0.00,,,,,1,191-DVDTHV-001A,,,,,,,,
The Big Lebowski,,"Jeff ""The Dude"" Lebowski is mistaken for Jeffrey Lebowski, who is The Big Lebowski, which explains why he's roughed up and has his precious rug peed on. In search of recompense, The Dude tracks down his namesake, who offers him a job. His wife has been kidnapped and he needs a reliable bagman. Aided and hindered by his pals Walter Sobchak, a Vietnam vet, and Donny, master of stupidity.",,,,,,"DVD, comedy",,,0.00,,,,,1,27502074,,,,,,,,
The Break-Up,,"Pushed to the breaking-up point after their latest 'why can't you do this one little thing for me?' argument, Brooke calls it quits with her boyfriend Gary. What follows is a hilarious series of remedies, war tactics, overtures and undermining tricks – all encouraged by the former couple's friends and confidantes …and the occasional total stranger! When neither ex is willing to move out of their shared apartment, the only solution is to continue living as hostile roommates until one of them reaches breaking point.",,,,,,"DVD, comedy",,,0.00,,,,,1,191-DVDTHP-001A,,,,,,,,
The Butterlfy Effect,,"College student Evan Treborn (Ashton Kutcher) is afflicted with headaches so painful that he frequently blacks out. While unconscious, Evan is able to travel back in time to difficult moments in his childhood. He can also alter the past for friends, like Kayleigh (Amy Smart), who was molested by her father (Eric Stoltz). But changing the past can drastically alter the present, and Evan finds himself in nightmarish alternate realities, including one where he's locked away in prison.",,,,,,"DVD, thriller",,,0.00,,,,,1,27633146,,,,,,,,
The Fly,,"When brilliant, eccentric scientist Seth Brundle makes a huge technological breakthrough in teleportation, he decides to test it on himself. Unbeknownst to him, a common housefly manages to get inside the device and the two become one.",,,,,,"Blu-Ray, sci-fi",,,0.00,,,,,1,191-BLRTHY-001A,,,,,,,,
The Grudge,,"After a young mother murders her family in her own house, a detective attempts to investigate the mysterious case, only to discover that the house is cursed by a vengeful ghost. Now targeted by the demonic spirits, the detective must do anything to protect herself and her family from harm.",,,,,,"DVD, horror",,,0.00,,,,,1,191-DVDTHG-001A,,,,,,,,
The Illusionist,,"In the 1900s Vienna, mesmeric entertainer Eisenheim's magical abilities are wowing the crowds, with an act that ranges from mere tricks to an apparent capacity to raise the dead. However, he has also long been in love with Duchess Sophie von Teschen, which puts him in dangerous competition with the violent, scheming Crown Prince Leopold, who jumps at the opportunity to have the magician arrested on grounds of necromancy.",,,,,,"DVD, drama",,,0.00,,,,,1,26945018,,,,,,,,
Matrix Reloaded,,"The Resistance builds in numbers as humans are freed from the Matrix and brought to the city of Zion. Neo discovers his superpowers, including the ability to see the code inside the Matrix. With machine sentinels digging to Zion in 72 hours, Neo, Morpheus and Trinity must find the Keymaker to ultimately reach the Source.",,,,,,"4K, sci-fi",,,0.00,,,,,1,191-BLRTHM-001A,,,,,,,,
The Princess Diaries,,"Shy San Francisco teenager Mia Thermopolis (Anne Hathaway) is thrown for a loop when, from out of the blue, she learns the astonishing news that she's a real-life princess! As the heir apparent to the crown of the small European principality of Genovia, Mia begins a comical journey toward the throne when her strict and formidable grandmother, Queen Clarisse Renaldi (Julie Andrews), shows up to give her ""princess lessons.""",,,,,,"DVD, kids-family",,,0.00,,,,,1,27207162,,,,,,,,
The Wraith (Collector's Series),,"The Wraith is a 1986 action fantasy film in which a mysterious, otherworldly figure in a futuristic car exacts revenge on a gang of murderous car thieves terrorizing a small town.",,,,,,"Blu-Ray, sci-fi",,,0.00,,,,,1,191-UNKTHE-50-001A,,,,,,,,
Things Are Tough All Over,,"Everybody has problems these days, and Cheech and Chong are no exceptions. They're hired by Slyman and Habib to drive a limousine to Las Vegas with $5 million secretly stashed in the front seat. In order to get there, the pair sells off the car piece by piece, including the seven-figure front seat. Cheech and Chong then have a much bigger problem - Slyman and Habib are after them, swearing to kill them after the appropriate torture.",,,,,,"VHS, comedy",,,0.00,,,,,1,191-VHSTHI-001A,,,,,,,,
Till The Clouds Roll By,,"Light bio-pic of American Broadway pioneer Jerome Kern, featuring renditions of the famous songs from his musical plays by contemporary stage artists, including a condensed production of his most famous: 'Showboat'.",,,,,,"VHS, musical",,,0.00,,,,,1,191-VHSTIL-001A,,,,,,,,
"Tom Hanks Comedy Collection (The Money Pit, The 'Burbs, Dragnet)",,"This collection gathers three comedies starring Tom Hanks: The Money Pit (1986), about a couple who buy a nightmare fixer-upper house; The 'Burbs (1989), about a suburbanite convinced his new neighbors are murderers; and Dragnet (1987), a comedic take on the classic police drama.",,,,,,"DVD, comedy",,,0.00,,,,,1,191-DVDTOM-001A,,,,,,,,
Top Gun 2-Movie Collection,,"This collection gathers Top Gun (1986) and its sequel Top Gun: Maverick (2022), following Naval aviator Pete ""Maverick"" Mitchell across two generations of high-stakes fighter pilot training and combat.",,,,,,"Blu-Ray, action",,,0.00,,,,,1,191-BLRTOP-50-001A,,,,,,,,
Tragedy of Flight 103,,"Examination of the events that led to the 1988 bombing of Pan Am Flight 103 over Lockerbie, Scotland.",,,,,,"VHS, drama",,,0.00,,,,,1,191-VHSTR3-001A,,,,,,,,
Transporter Refueled,,"The fast-paced action movie is again set in the criminal underworld in France, where Frank Martin is known as The Transporter, because he is the best driver and mercenary money can buy. In this installment, he meets Anna and they attempt to take down a group of ruthless Russian human traffickers who also have kidnapped Frank’s father.",,,,,,"Blu-Ray, action",,,0.00,,,,,1,191-BLRTRD-50-001A,,,,,,,,
Trial,,"In 1970, a man is tortured and murdered by the regime's secret police. Now nearly 40 years later, his friend, who had also been tortured, recognizes the man he deems responsible for the murder of his friend. Along with three old friends and the victim's daughter, they kidnap the man and take him to an isolated house. Once there, the concepts of justice and revenge begin to mix dangerously in a private trial with irreversible consequences.",,,,,,"VHS, thriller",,,0.00,,,,,1,191-VHSTRL-001A,,,,,,,,
Trial by Jury,,"Valerie is a juror in the trial of a mob boss. When her young son's life is threatened, she has no option other than to see that justice isn't done.",,,,,,"VHS, drama",,,0.00,,,,,1,191-VHSTRI-001A,,,,,,,,
True Grit,,"Following the murder of her father by a hired hand, a 14-year-old farm girl sets out to capture the killer. To aid her, she hires the toughest U.S. Marshal she can find—a man with 'true grit'—Reuben J. 'Rooster' Cogburn.",,,,,,"Blu-Ray, drama",,,0.00,,,,,1,191-BLRTRU-001A,,,,,,,,
Tupac: Resurrection,,"Home movies, photographs, and recited poetry illustrate the life of Tupac Shakur, one of the most beloved, revolutionary, and volatile hip-hop MCs of all time.",,,,,,"DVD, documentary",,,0.00,,,,,1,191-DVDTUP-001A,,,,,,,,
Twilight,,"A retired detective accepts a simple task, unaware that it will tear open old, forgotten, but deadly wounds.",,,,,,"VHS, thriller",,,0.00,,,,,1,191-VHSTWI-001A,,,,,,,,
Unbearable Weight of Massive Talent,,"Creatively unfulfilled and facing financial ruin, Nick Cage must accept a $1 million offer to attend the birthday of a dangerous superfan. Things take a wildly unexpected turn when Cage is recruited by a CIA operative and forced to live up to his own legend, channeling his most iconic and beloved on-screen characters in order to save himself and his loved ones.",,,,,,"Blu-Ray, action",,,0.00,,,,,1,191-BLRUNB-50-001A,,,,,,,,
Uncut Gems,,"""as work in progress: treasures found in the streams around me.""",,,,,,"Blu-Ray, drama",,,0.00,,,,,1,191-BLRUNC-001A,,,,,,,,
Underworld: Evolution,,"As the war between the vampires and the Lycans rages on, Selene, a former member of the Death Dealers (an elite vampire special forces unit that hunts werewolves), and Michael, the werewolf hybrid, work together in an effort to unlock the secrets of their respective bloodlines.",,,,,,"DVD, sci-fi",,,0.00,,,,,1,191-DVDUND-001A,,,,,,,,
Unleashed,,"Raised as a slave, Danny is used to fighting for his survival. In fact, his ""master,"" Bart, thinks of him as a pet and goes as far as leashing him with a collar so they can make money in fight clubs, where Danny is the main contender. When Bart's crew is in a car accident, Danny escapes and meets a blind, kindhearted piano tuner who takes him in and uses music to free the fighter's long-buried heart.",,,,,,"Blu-Ray, action",,,0.00,,,,,1,191-BLRUNL-50-001A,,,,,,,,
Up Your Alley,,"A nerdy virgin who spends most of his waking hours dreaming about big-busted, naked women gets a job catering at a film festival party that is chock full of his ""dream girls"". Unfortunately, he finds himself involved in a Mafia jewel-smuggling plot and must impersonate a Mafia don who he has inadvertently caused to die of a heart attack.",,,,,,"VHS, comedy",,,0.00,,,,,1,191-VHSUPY-001A,,,,,,,,
Van Helsing,,Famed monster slayer Gabriel Van Helsing is dispatched to Transylvania to assist the last of the Valerious bloodline in defeating Count Dracula. Anna Valerious reveals that Dracula has formed an unholy alliance with Dr. Frankenstein's monster and is hell-bent on exacting a centuries-old curse on her family.,,,,,,"DVD, sci-fi",,,0.00,,,,,1,191-DVDVAN-001A,,,,,,,,
Venom,,"Investigative journalist Eddie Brock attempts a comeback following a scandal, but accidentally becomes the host of Venom, a violent, super powerful alien symbiote. Soon, he must rely on his newfound powers to protect the world from a shadowy organization looking for a symbiote of their own.",,,,,,"Blu-Ray, action",,,0.00,,,,,1,191-BLRVEN-50-001A,,,,,,,,
When a Man Loves a Woman,,"An airline pilot and his wife are forced to face the consequences of her alcoholism when her addictions threaten her life and their daughter's safety. While the woman enters detox, her husband must face the truth of his enabling behavior.",,,,,,"VHS, drama",,,0.00,,,,,1,191-VHSWHN-001A,,,,,,,,
White Noise,,"An architect's desire to speak with his wife from beyond the grave using EVP (Electronic Voice Phenomenon), becomes an obsession with supernatural repercussions.",,,,,,"DVD, thriller",,,0.00,,,,,1,191-DVDWHI-001A,,,,,,,,
White Palace,,"Max Baron is a Jewish advertising executive in his 20s who's still getting over the death of his wife. Nora Baker is a 40-something diner waitress who enjoys the wilder side of life. Mismatched or not, their attraction is instant and smoldering. With time, however, their class and age differences become an obstacle in their relationship, especially since Max can't keep Nora a secret from his Jewish friends and upper-crust associates forever.",,,,,,"VHS, drama",,,0.00,,,,,1,191-VHSWHT-001A,,,,,,,,
Who is Harry Kellerman and why is he saying those terrible things about me?,,"Hugely successful but impossibly neurotic songwriter Georgie Soloway is sliding into a mid-life crisis. He believes that all of his past romantic relationships have been destroyed not by his own failings but by the interference of the mysterious Harry Kellerman. Family, friends, and his psychiatrist cannot give him the help he seeks. When his father is diagnosed with a terminal illness, Georgie begins spending more and more time flying his personal aircraft, distancing himself physically, emotionally, and mentally from the real world.",,,,,,"VHS, comedy",,,0.00,,,,,1,191-VHSWHE-001A,,,,,,,,
Who's That Girl,,An uptight New York City tax lawyer gets his life turned upside down one day when he's asked to escort a feisty free-spirited ex-convict who asks him to help prove her innocence of her crime.,,,,,,"VHS, comedy",,,0.00,,,,,1,191-VHSWHS-001A,,,,,,,,
Windtalkers,,"Joe Enders is a gung-ho Marine assigned to protect a ""windtalker"" - one of several Navajo Indians who were used to relay messages during World War II because their spoken language was indecipherable to Japanese code breakers.",,,,,,"Blu-Ray, action",,,0.00,,,,,1,191-BLYWIN-50-001A,,,,,,,,
Wrath of Man,,"A cold and mysterious new security guard for a Los Angeles cash truck company surprises his co-workers when he unleashes precision skills during a heist. The crew is left wondering who he is and where he came from. Soon, the marksman's ultimate motive becomes clear as he takes dramatic and irrevocable steps to settle a score.",,,,,,"Blu-Ray, action",,,0.00,,,,,1,191-BLRWRT-50-001A,,,,,,,,
X2: X-Men United,,"Professor Charles Xavier and his team of genetically gifted superheroes face a rising tide of anti-mutant sentiment led by Col. William Stryker. Storm, Wolverine and Jean Grey must join Magneto and Mystique to unhinge Stryker's scheme to exterminate all mutants.",,,,,,"DVD, action",,,0.00,,,,,1,191-DVDX2X-001A,,,,,,,,
Young Girls of Rochefort,,A comedy musical based on the 1967 movie! Delphine and Solange are twins living in Rochefort. They are both looking for love without realizing their ideal partners are very close.,,,,,,"DVD, musical",,,0.00,,,,,1,191-DVDYNG-001A,,,,,,,,
13 Assassins,,A bravado period action film set at the end of Japan's feudal era in which a group of unemployed samurai are enlisted to bring down a sadistic lord and prevent him from ascending to the throne and plunging the country into a war-torn future.,,,,,,"Blu-Ray, action",,,0.00,,,,,1,191-BLR13A-50-001A,,,,,,,,
21 Jump Street,,"When cops Schmidt and Jenko join the secret Jump Street unit, they use their youthful appearances to go undercover as high school students. They trade in their guns and badges for backpacks, and set out to shut down a dangerous drug ring. But, as time goes on, Schmidt and Jenko discover that high school is nothing like it was just a few years earlier -- and, what's more, they must again confront the teenage terror and anxiety they thought they had left behind.",,,,,,"Blu-Ray, comedy",,,0.00,,,,,1,191-BLR21J-50-001A,,,,,,,,
22 Jump Street,,"Relive the action and humor of this high-energy buddy cop sequel in high definition. This physical media release features the complete film along with exclusive bonus content, including deleted scenes and a hilarious gag reel. It is a must-have addition for fans of modern comedy and crime-fighting duos looking to complete their home cinema collection.",,,,,,"Blu-Ray, comedy",,,0.00,,,,,1,191-UNK22J-50-001A,,,,,,,,
3 Strikes,,"Brian Hooks plays a character who is just released from jail. And the state adopts a ""3 strikes"" rule for felons that involves serious penalties. Hooks has 2 strikes, and wants to change his life for the better. When a friend picks him up, they are pulled over, and his friend shoots at police officers, and Hooks escapes. Now Hooks, a wanted man, must clear his name of having nothing to do with the shooting.",,,,,,"VHS, comedy",,,0.00,,,,,1,191-VHS3ST-50-001A,,,,,,,,
A Blade in the Dark (Vinegar Syndrome),,"A Blade in the Dark is a 1983 Italian giallo film directed by Lamberto Bava, about a composer working on a horror film score in an isolated villa who becomes entangled in a series of brutal murders.",,,,,,"Blu-Ray, horror",,,0.00,,,,,1,191-BLRABL-50-001A,,,,,,,,
A Guy Thing,,"Paul Morse is a good guy. When his friends throw him a wild bachelor party, he just wants to keep his conscience clean -- which is why he's shocked when he wakes up in bed with a beautiful girl named Becky and can't remember the night before. Desperate to keep his fiancée, Karen, from finding out what may or may not be the truth, he tells her a teensy lie. Soon his lies are spiraling out of control and his life is a series of comical misunderstandings.",,,,,,"Blu-Ray, comedy",,,0.00,,,,,1,191-BLRAGU-50-001A,,,,,,,,
A Million Ways to Die in the West,,This comedy western follows a cowardly farmer who seeks help from a mysterious sharpshooter to win back his girlfriend while outrunning a notorious outlaw. The film features an all-star cast and signature irreverent humor that parodies the harsh realities of life on the frontier. This physical disc is a great choice for fans of satirical cinema and those looking to complete their home movie collection.,,,,,,"Blu-Ray, comedy",,,0.00,,,,,1,191-UNIAMI-50-001A,,,,,,,,
A Star Is Born,,"Seasoned musician Jackson Maine discovers — and falls in love with — struggling artist Ally. She has just about given up on her dream to make it big as a singer — until Jack coaxes her into the spotlight. But even as Ally's career takes off, the personal side of their relationship is breaking down, as Jack fights an ongoing battle with his own internal demons.",,,,,,"Blu-Ray, drama",,,0.00,,,,,1,191-BLRAST-50-001A,,,,,,,,
Adam's Rib,,"A woman's attempted murder of her uncaring husband results in everyday quarrels in the lives of Adam and Amanda, a pair of happily married lawyers who end up on opposite sides of the case in court.",,,,,,"DVD, comedy",,,0.00,,,,,1,191-DVDADA-50-001A,,,,,,,,
Age Isn't Everything,,Young man gives up his dream of becoming an astronaut to go into business — and finds himself turned into a little old man.,,,,,,"VHS, comedy",,,0.00,,,,,1,191-VHSAGE-50-001A,,,,,,,,
All I Want,,This is the story of a journey of human audacity in the whimsical garb of life.,,,,,,"VHS, drama",,,0.00,,,,,1,191-VHSALL-50-001A,,,,,,,,
Ambulance (Collector's Edition),,"This collector's edition features high-definition picture quality and immersive surround sound for a premium home theater experience. The release includes exclusive bonus content and behind-the-scenes footage that offers a deep look into the high-octane production. Packed in a specialty case, it is a must-have physical copy for fans of intense action cinema and physical media collectors.",,,,,,"Blu-Ray, action",,,0.00,,,,,1,191-BLRAMB-50-001A,,,,,,,,
AMERICAN PIE SPECIAL EDITION,,"At a high-school party, four friends find that losing their collective virginity isn't as easy as they had thought. But they still believe that they need to do so before college. To motivate themselves, they enter a pact to all ""score"" by their senior prom.",,,,,,"VHS, comedy",,,0.00,,,,,1,191-VHSMRC-50-001A,,,,,,,,
American Splendor,,An original mix of fiction and reality illuminates the life of comic book hero everyman Harvey Pekar.,,,,,,"VHS, comedy",,,0.00,,,,,1,191-VHSAMR-50-001A,,,,,,,,
Amy's O,,"Amy is a single 29 year old Jewish woman. She wrote a successful self-help book about how women can't truly be in love and experience ""mental orgasm."" Her parents and acquaintances always try to give her advice. Eventually, she breaks her celibacy and starts dating a radio shock jock, who is known for hitting on his bimbo guests. Of all men, will she find in him the true love she never believed in",,,,,,"VHS, comedy",,,0.00,,,,,1,191-VHSAMY-50-001A,,,,,,,,
An African Dream,,An Englishwoman travels to South Africa in 1906.,,,,,,"VHS, drama",,,0.00,,,,,1,191-VHSNFR-50-001A,,,,,,,,
An Angel at My Table,,"Based on the autobiographical work of New Zealand writer Janet Frame, this production depicts the author at various stage of her life. Afflicted with mental and emotional issues, Frame grows up in an impoverished family and experiences numerous tragedies while still in her youth, including the deaths of two of her siblings. Portrayed as an adult by Kerry Fox, Frame finds acclaim for her writing while still in a mental institution, and her success helps her move on with her life.",,,,,,"VHS, drama",,,0.00,,,,,1,191-VHSANA-50-001A,,,,,,,,
Andre,,"The true story of how a marine seal named Andre befriended a little girl and her family, circa 1962.",,,,,,"VHS, kids-family",,,0.00,,,,,1,191-VHSAND-50-001A,,,,,,,,
Angel Baby,,"Angel Baby follows a grieving couple who retreat to a secluded cabin after the loss of their stillborn twins, only for the wife to sense an unsettling presence as dark secrets emerge. Blending psychological horror and thriller elements, it aims for a tense, atmospheric experience.",,,,,,"VHS, thriller",,,0.00,,,,,1,191-UNKANG-50-001A,,,,,,,,
Anna and the King of Siam,,"In 1862, a young Englishwoman becomes royal tutor in Siam and befriends the King.",,,,,,"DVD, comedy",,,0.00,,,,,1,191-DVDANN-50-001A,,,,,,,,
Any Given Sunday (Directors Cut),,A star quarterback gets knocked out of the game and an unknown third stringer is called in to replace him. The unknown gives a stunning performance and forces the aging coach to reevaluate his game plans and life. A new co-owner/president adds to the pressure of winning. The new owner must prove herself in a male dominated world.,,,,,,"Blu-Ray, drama",,,0.00,,,,,1,191-BLRANY-50-001A,,,,,,,,
Apt Pupil,,"One day in 1984, Todd Bowden, a brilliant high school boy fascinated by the history of Nazism, stumbles across an old man whose appearance resembles that of Kurt Dussander, a wanted Nazi war criminal. A month later, Todd decides to knock on his door.",,,,,,"VHS, thriller",,,0.00,,,,,1,191-VHSAPT-50-001A,,,,,,,,
Armstrong,,"The Cold War has just heated up! CIA Agent Bob Taylor (Charles Napier) arrives in Moscow with his new wife Susan (Kimberley Kates) with a highly secret video tape of Russian missiles leaving an unknown base near Moscow under the cover of darkness. Are these missiles destined to be aimed at the US or are they being smuggled to a terrorist organisation. The Americans need to know where these missiles are going, the only person who can help them discover their destination is Armstrong (Frank Zagarino) an ex buddy of Bob who now trains an elite Russian anti-terrorist squad under the command of Colonel Zukov (Richard Lynch). Zukov is from the old guard, corrupt, ruthless, and will stop at nothing to gain control.",,,,,,"VHS, action",,,0.00,,,,,1,191-TRIARM-50-001A,,,,,,,,
Arsenic and Old Lace,,"Mortimer Brewster, a newspaper drama critic, playwright, and author known for his diatribes against marriage, suddenly falls in love and gets married; but when he makes a quick trip home to tell his two maiden aunts, he finds out his aunts' hobby - killing lonely old men and burying them in the cellar!",,,,,,"DVD, comedy",,,0.00,,,,,1,191-DVDARS-50-001A,,,,,,,,
Assassination Nation,,"After an anonymous hacker begins leaking the private data of thousands living in a small American town, the townspeople spiral into madness, with four high school seniors at the center of the maelstrom.",,,,,,"Blu-Ray, action",,,0.00,,,,,1,191-BLRASS-50-001A,,,,,,,,
Assassination Tango,,"John J. is a seasoned hit man sent on a job to Argentina. When the General he's sent to kill delays his return to the country, John passes the time with Manuela, a beautiful dancer who becomes his teacher and guide into Argentina's sensual world of the tango.",,,,,,"VHS, thriller",,,0.00,,,,,1,191-UNKASS-50-001A,,,,,,,,
At First Sight,,"Explore a romantic and suspenseful narrative that delves into the complexities of human connection and unexpected attraction. This compelling read offers a blend of emotional depth and high stakes, making it an ideal choice for fans of contemporary drama and intrigue. Its fast-paced storytelling and relatable characters ensure an immersive experience from the very first chapter.",,,,,,"VHS, drama",,,0.00,,,,,1,191-UNKATF-50-001A,,,,,,,,
Avalanche,,"Duncan is a murderous thief. When he jumps out of his plane, it crashes into the Rockies and produces an avalanche. A quiet family trapped inside their house will rescue him. They will have to survive the disaster and the madman.",,,,,,"VHS, thriller",,,0.00,,,,,1,191-VHSAVA-50-001A,,,,,,,,
Babylon,,Experience the visceral spectacle of 1920s Hollywood in stunning high definition with this premium disc release. This home media edition features vibrant color depth and crisp audio that brings the chaotic energy and technical mastery of the epic production to life. It is an essential addition for cinema enthusiasts who appreciate grand-scale storytelling and immersive behind-the-scenes bonus content.,,,,,,"Blu-Ray, drama",,,0.00,,,,,1,191-BLRBAB-50-001A,,,,,,,,
Bad Boys for Life,,"Marcus and Mike are forced to confront new threats, career changes, and midlife crises as they join the newly created elite team AMMO of the Miami police department to take down the ruthless Armando Armas, the vicious leader of a Miami drug cartel.",,,,,,"Blu-Ray, action",,,0.00,,,,,1,191-BLRBAD-50-001A,,,,,,,,
Beerfest,,"During a trip to Germany to scatter their grandfather's ashes, German-American brothers Todd and Jan discover Beerfest, the secret Olympics of downing stout, and want to enter the contest to defend their family's beer-guzzling honor. Their Old Country cousins sneer at the Yanks' chances, prompting the siblings to return to America to prepare for a showdown the following year.",,,,,,"Blu-Ray, comedy",,,0.00,,,,,1,191-BLRBEE-50-001A,,,,,,,,
Beethoven,,"The Newton family live in their comfortable home, but there seems to something missing. This ""hole"" is filled by a small puppy, who walks into their home and their lives. Beethoven, as he is named, grows into a giant of a dog... a St Bernard. Doctor Varnick, the local vet has a secret and horrible sideline, which requires lots of dogs for experiments. Beethoven is on the bad doctor's list.",,,,,,"VHS, kids-family",,,0.00,,,,,1,191-VHSBEE-50-001A,,,,,,,,
Beetlejuice,,This high-definition physical release brings a classic supernatural comedy to life with stunning clarity and vibrant color enhancement. It features a variety of behind-the-scenes bonus content and isolated musical scores that offer fans a deeper look into the whimsical and gothic aesthetic of the film. This disc is an essential addition for collectors seeking the best possible home viewing experience for this timeless spooky favorite.,,,,,,"Blu-Ray, kids-family",,,0.00,,,,,1,191-BLRBTL-50-001A,,,,,,,,
BLOODSUCKING FREAKS (Vinegar Syndrome),,Blood Sucking Freaks is a 1976 exploitation splatter film about a demented off-Broadway theater troupe whose gruesome on-stage torture acts turn out to be all too real.,,,,,,"Blu-Ray, horror",,,0.00,,,,,1,191-BLRBLO-50-001A,,,,,,,,
Braveheart,,"Enraged at the slaughter of Murron, his new bride and childhood love, Scottish warrior William Wallace slays a platoon of the local English lord's soldiers. This leads the village to revolt and, eventually, the entire country to rise up against English rule.",,,,,,"Blu-Ray, drama",,,0.00,,,,,1,191-BLRBRA-50-001A,,,,,,,,
Bridesmaids,,"Annie's life is a mess. But when she finds out her lifetime best friend is engaged, she simply must serve as Lillian's maid of honor. Though lovelorn and broke, Annie bluffs her way through the expensive and bizarre rituals. With one chance to get it perfect, she’ll show Lillian and her bridesmaids just how far you’ll go for someone you love.",,,,,,"Blu-Ray, comedy",,,0.00,,,,,1,191-BLRBRI-50-001A,,,,,,,,
Bring It On,,"The Toro cheerleading squad from Rancho Carne High School in San Diego has got spirit, spunk, sass and a killer routine that's sure to land them the national championship trophy for the sixth year in a row. But for newly-elected team captain Torrance, the Toros' road to total cheer glory takes a shady turn when she discovers that their perfectly-choreographed routines were in fact stolen.",,,,,,"VHS, comedy",,,0.00,,,,,1,191-VHSBRN-50-001A,,,,,,,,
Bring it On Again,,"When new students can't get onto their college cheerleading team, they form their own squad and prepare for a cheer off.",,,,,,"VHS, comedy",,,0.00,,,,,1,191-VHSBRI-50-001A,,,,,,,,
Brothers,,"When his helicopter goes down during his fourth tour of duty in Afghanistan, Marine Sam Cahill is presumed dead. Back home, brother Tommy steps in to look over Sam’s wife, Grace, and two children. Sam’s surprise homecoming triggers domestic mayhem.",,,,,,"Blu-Ray, drama",,,0.00,,,,,1,191-BLRBRO-50-001A,,,,,,,,
Bruce Lee: His Greatest Hits (Criterion Collection),,"This Criterion Collection box set gathers career-defining films starring Bruce Lee, showcasing the martial artist and actor who became a global icon of the kung fu genre.",,,,,,"Blu-Ray, action",,,0.00,,,,,1,191-BLRBRU-50-001A,,,,,,,,
Bumblebee,,"On the run in the year 1987, Bumblebee finds refuge in a junkyard in a small Californian beach town. Charlie, on the cusp of turning 18 and trying to find her place in the world, discovers Bumblebee, battle-scarred and broken. When Charlie revives him, she quickly learns this is no ordinary yellow VW bug.",,,,,,"Blu-Ray, action",,,0.00,,,,,1,191-BLRBUM-50-001A,,,,,,,,
Carrie,,"An awkward, telekinetic teenage girl is the object of relentless bullying at school and an oppressively religious mother at home.",,,,,,"Blu-Ray, horror",,,0.00,,,,,1,191-BLRCAR-50-001A,,,,,,,,
Case 39,,"In her many years as a social worker, Emily Jenkins believes she has seen it all, until she meets 10-year-old Lilith and the girl's cruel parents. Emily's worst fears are confirmed when the parents try to harm the child, and so Emily assumes custody of Lilith while she looks for a foster family. However, Emily soon finds that dark forces surround the seemingly innocent girl, and the more she tries to protect Lilith, the more horrors she encounters.",,,,,,"Blu-Ray, horror",,,0.00,,,,,1,191-BLRCAS-50-001A,,,,,,,,
Castle Freak,,"This cult classic horror film is presented on high-definition physical media, featuring a stunning restoration that brings every unsettling detail of the gothic atmosphere to life. The release includes a variety of special features and behind-the-scenes insights that make it a perfect addition for collectors of surreal genre cinema. Its blend of practical effects and haunting storytelling ensures a memorable viewing experience for any fan of vintage macabre tales.",,,,,,"Blu-Ray, horror",,,0.00,,,,,1,191-UNKCAS-70-001A,,,,,,,,
CHIPS,,The adventures of two California Highway Patrol motorcycle officers as they make their rounds on the freeways of Los Angeles.,,,,,,"Blu-Ray, comedy",,,0.00,,,,,1,191-BLRCHI-50-001A,,,,,,,,
Chuck & Buck,,"Chuck & Buck follows two childhood friends whose adult lives have diverged sharply—Chuck has moved on to a polished career, while Buck remains stuck in adolescence and develops an unsettling fixation on rekindling their past bond. This darkly comic psychological drama blends discomfort, poignancy, and offbeat humor, earning critical praise for its originality, layered performances, and unsettling exploration of boundaries.",,,,,,"VHS, comedy",,,0.00,,,,,1,191-UNKCHU-50-001A,,,,,,,,
Clerks,,"Convenience and video store clerks Dante and Randal are sharp-witted, potty-mouthed and bored out of their minds. So in between needling customers, the counter jockeys play hockey on the roof, visit a funeral home and deal with their love lives.",,,,,,"Blu-Ray, comedy",,,0.00,,,,,1,191-BLRCLR-50-001A,,,,,,,,
Clerks II,,"A calamity at Dante and Randall's shops sends them looking for new horizons - but they ultimately settle at Mooby's, a fictional Disney-McDonald's-style fast-food empire.",,,,,,"Blu-Ray, comedy",,,0.00,,,,,1,191-BLRCLE-50-001A,,,,,,,,
Cliffhanger,,"A year after losing his friend in a tragic 4,000-foot fall, former ranger Gabe Walker and his partner, Hal, are called to return to the same peak to rescue a group of stranded climbers, only to learn the climbers are actually thieving hijackers who are looking for boxes full of money.",,,,,,"Blu-Ray, action",,,0.00,,,,,1,191-BLRCLI-50-001A,,,,,,,,
Cloud Atlas,,"A set of six nested stories spanning time between the 19th century and a distant post-apocalyptic future. Cloud Atlas explores how the actions and consequences of individual lives impact one another throughout the past, the present and the future. Action, mystery and romance weave through the story as one soul is shaped from a killer into a hero and a single act of kindness ripples across centuries to inspire a revolution in the distant future. Based on the award winning novel by David Mitchell. Directed by Tom Tykwer and the Wachowskis.",,,,,,"Blu-Ray, drama",,,0.00,,,,,1,191-BLRCLO-50-001A,,,,,,,,
Code Hunter,,"America's best player is being pulled in to the ultimate cyber-terror. The game's mastermind has stolen his identity, put him on the FBI's Most Wanted List, and is blackmailing him to take a part in a real twisted plan of world destruction. With just hours left, can the code be broken to save the world from total annihilation?",,,,,,"VHS, sci-fi",,,0.00,,,,,1,191-VHSCOD-50-001A,,,,,,,,
COPSHOP,,"On the run from a lethal assassin, a wily con artist devises a scheme to hide out inside a small-town police station. However, when the hit man turns up at the precinct, an unsuspecting rookie cop finds herself caught in the crosshairs.",,,,,,"Blu-Ray, action",,,0.00,,,,,1,191-BLRCOP-50-001A,,,,,,,,
Cowboys & Aliens (Extended Edition),,Cowboys & Aliens is a 2011 space Western film in which an outlaw with no memory of his past and a band of settlers must team up with a mysterious gunslinger to defend an Old West town from alien invaders.,,,,,,"Blu-Ray, action",,,0.00,,,,,1,191-BLRCOW-50-001A,,,,,,,,
Crash,,A car crash victim inexplicably finds himself aroused by car accidents and becomes involved with an underground subculture of like-minded souls.,,,,,,"Blu-Ray, drama",,,0.00,,,,,1,191-BLRCRA-50-001A,,,,,,,,
Dark Waters,,"A tenacious attorney uncovers a dark secret that connects a growing number of unexplained deaths to one of the world's largest corporations. In the process, he risks everything — his future, his family, and his own life — to expose the truth.",,,,,,"DVD, drama",,,0.00,,,,,1,191-DVDDAR-50-001A,,,,,,,,
Death Wish,,"After his wife is murdered by street punks, a pacifistic New York City architect becomes a one-man vigilante squad, prowling the streets for would-be muggers after dark.",,,,,,"Blu-Ray, action",,,0.00,,,,,1,191-BLRDEA-50-001A,,,,,,,,
DELIRIUM (Vinegar Syndrome),,"Delirium is a 1979 thriller film about a disturbed Vietnam veteran who becomes a vigilante killer, murdering the criminals that the justice system has let slip through the cracks.",,,,,,"Blu-Ray, thriller",,,0.00,,,,,1,191-BLRDEL-50-001A,,,,,,,,
Don't Breathe,,A group of teens break into a blind man's home thinking they'll get away with the perfect crime. They're wrong.,,,,,,"Blu-Ray, horror",,,0.00,,,,,1,191-BLRDON-50-001A,,,,,,,,
Double Salvation 2-Pack (Priest / Legion),,"This double feature pairs Priest (2011) and Legion (2010), two supernatural action films pitting warriors against apocalyptic forces of demons and fallen angels.",,,,,,"Blu-Ray, action",,,0.00,,,,,1,191-BLRDOU-50-001A,,,,,,,,
Dredd,,"In the future, America is a dystopian wasteland. The latest scourge is Ma-Ma, a prostitute-turned-drug pusher with a dangerous new drug and aims to take over the city. The only possibility of stopping her is an elite group of urban police called Judges, who combine the duties of judge, jury and executioner to deliver a brutal brand of swift justice. But even the top-ranking Judge, Dredd, discovers that taking down Ma-Ma isn’t as easy as it seems in this explosive adaptation of the hugely popular comic series.",,,,,,"Blu-Ray, action",,,0.00,,,,,1,191-BLRDRE-50-001A,,,,,,,,
Due Date,,"Peter Highman must scramble across the US in five days to be present for the birth of his first child. He gets off to a bad start when his wallet and luggage are stolen, and put on the 'no-fly' list. Peter embarks on a terrifying journey when he accepts a ride from an actor.",,,,,,"Blu-Ray, comedy",,,0.00,,,,,1,191-BLRDUE-50-001A,,,,,,,,
Enter the Void (Full-Length Director's Cut),,"Enter the Void is a 2009 surrealist art film directed by Gaspar Noé, following the spirit of a young drug dealer, killed in a police raid in Tokyo, as it drifts through the lives of those he left behind.",,,,,,"Blu-Ray, drama",,,0.00,,,,,1,191-BLRENT-50-001A,,,,,,,,
Everything Everywhere All at Once,,"An aging Chinese immigrant is swept up in an insane adventure, where she alone can save what's important to her by connecting with the lives she could have led in other universes.",,,,,,"Blu-Ray, drama",,,0.00,,,,,1,191-BLREVE-50-001A,,,,,,,,
Excision,,"Pauline, a disturbed, outcast teenager, has a fascination with surgery and experiences violent, psychosexual fantasies, all while aspiring to a career in medicine.",,,,,,"Blu-Ray, horror",,,0.00,,,,,1,191-BLREXC-50-001A,,,,,,,,
Executive Decision,,"Terrorists hijack a 747 inbound to Washington D.C., demanding the release of their imprisoned leader. Intelligence expert David Grant suspects another reason and he is soon the reluctant member of a special assault team that is assigned to intercept the plane and hijackers.",,,,,,"Blu-Ray, action",,,0.00,,,,,1,191-BLREXE-50-001A,,,,,,,,
Faceless After Dark,,"Following her breakout role in a killer clown horror flick, Bowie now finds herself struggling to capitalize on its success, but when she is suddenly held hostage by an unhinged fan posing as that same killer clown, horror becomes her reality as she fights to survive the night and escape before he completes his sinister plan to recreate the film's fatal plot.",,,,,,"Blu-Ray, horror",,,0.00,,,,,1,191-BLRFAC-50-001A,,,,,,,,
Finding Dory,,"Experience the heartwarming underwater journey of a forgetful blue tang as she searches for her long-lost parents across the ocean. This comprehensive home media set includes high-definition discs and a digital code, allowing you to enjoy the stunning animation and beloved characters on any device. It is a perfect addition to any family collection, offering hours of vibrant entertainment and meaningful lessons about friendship and perseverance.",,,,,,"Blu-Ray, kids-family",,,0.00,,,,,1,191-BLRFND-50-001A,,,,,,,,
Finding Nemo,,"Nemo, an adventurous young clownfish, is unexpectedly taken from his Great Barrier Reef home to a dentist's office aquarium. It's up to his worrisome father Marlin and a friendly but forgetful fish Dory to bring Nemo home -- meeting vegetarian sharks, surfer dude turtles, hypnotic jellyfish, hungry seagulls, and more along the way.",,,,,,"Blu-Ray, kids-family",,,0.00,,,,,1,191-BLRFIN-50-001A,,,,,,,,
Flesh + Blood,,"A band of medieval mercenaries take revenge on a noble Lord who cheated them by kidnapping his son's fiancée. As the plague and warfare cut a swathe of destruction throughout the land, the mercenaries hole up in a castle and await their fate.",,,,,,"Blu-Ray, action",,,0.00,,,,,1,191-BLRFLE-50-001A,,,,,,,,
Forgetting Sarah Marshall,,"When actress Sarah Marshall dumps aspiring musician Peter Bretter for rock star Aldous Snow, Peter's world comes crashing down. His best friend Brian suggests that Peter should get away from everything and to fly off to Hawaii to escape all his problems. After arriving in Hawaii and meeting the beautiful receptionist Rachel Jansen, Peter is shocked to see not only Aldous in Hawaii, but also Sarah.",,,,,,"Blu-Ray, comedy",,,0.00,,,,,1,191-BLRFOR-50-001A,,,,,,,,
Francesca,,"Italy, 1970. The sinister shadow of a mysterious serial killer, obsessed with Dante's Divine Comedy, relentlessly hunts down all those whose souls are evil and impure. Inspectors Moretti and Succo, in charge of solving the case, suspect that the wave of murders is related to a horrible crime committed 15 years earlier.",,,,,,"Blu-Ray, horror",,,0.00,,,,,1,191-BLRFRA-50-001A,,,,,,,,
Game Night,,"Max and Annie's weekly game night gets kicked up a notch when Max's brother Brooks arranges a murder mystery party -- complete with fake thugs and federal agents. So when Brooks gets kidnapped, it's all supposed to be part of the game. As the competitors set out to solve the case, they start to learn that neither the game nor Brooks are what they seem to be. The friends soon find themselves in over their heads as each twist leads to another unexpected turn over the course of one chaotic night.",,,,,,"Blu-Ray, comedy",,,0.00,,,,,1,191-BLRGMN-50-001A,,,,,,,,
Gangster Squad,,"Los Angeles, 1949. Ruthless, Brooklyn-born mob king Mickey Cohen runs the show in this town, reaping the ill-gotten gains from the drugs, the guns, the prostitutes and — if he has his way — every wire bet placed west of Chicago. And he does it all with the protection of not only his own paid goons, but also the police and the politicians who are under his control. It’s enough to intimidate even the bravest, street-hardened cop… except, perhaps, for the small, secret crew of LAPD outsiders led by Sgt. John O’Mara and Jerry Wooters who come together to try to tear Cohen’s world apart.",,,,,,"Blu-Ray, action",,,0.00,,,,,1,191-BLRGAN-50-001A,,,,,,,,
Goosebumps,,"After moving to a small town, Zach Cooper finds a silver lining when he meets next door neighbor Hannah, the daughter of bestselling Goosebumps series author R.L. Stine. When Zach unintentionally unleashes real monsters from their manuscripts and they begin to terrorize the town, it’s suddenly up to Stine, Zach and Hannah to get all of them back in the books where they belong.",,,,,,"Blu-Ray, kids-family",,,0.00,,,,,1,191-BLRGOO-50-001A,,,,,,,,
Grease,,"Australian good girl Sandy and greaser Danny fell in love over the summer. But when they unexpectedly discover they're now in the same high school, will they be able to rekindle their romance despite their eccentric friends?",,,,,,"VHS, musical",,,0.00,,,,,1,191-VHSGRE-50-001A,,,,,,,,
Gridiron Gang,,"Under the leadership of their counselor, teenagers at a juvenile detention center gain self-esteem by playing football together. Based on a true story.",,,,,,"Blu-Ray, drama",,,0.00,,,,,1,191-BLRGRI-50-001A,,,,,,,,
Gwen and the Book of Sand,,"Gwen is a young girl adopted by a nomad tribe in a desert post-apocalyptic world. When Gwen's friend is kidnapped, she and an old woman called Roseline embark on a trip to bring him back.",,,,,,"Blu-Ray, drama",,,0.00,,,,,1,191-BLRGWE-50-001A,,,,,,,,
Hit & Run,,"When former getaway driver Charlie Bronson jeopardises his Witness Protection Plan identity in order to help his girlfriend get to Los Angeles, the feds and Charlie's former gang chase them on the road.",,,,,,"Blu-Ray, action",,,0.00,,,,,1,191-BLRHIT-50-001A,,,,,,,,
Hobo With A Shotgun (Collector's Edition),,"A vigilante homeless man pulls into a new city and finds himself trapped in urban chaos, a city where crime rules and where the city's crime boss reigns. Seeing an urban landscape filled with armed robbers, corrupt cops, abused prostitutes and even a pedophile Santa, the Hobo goes about bringing justice to the city the best way he knows how - with a 20-gauge shotgun. Mayhem ensues when he tries to make things better for the future generation. Street justice will indeed prevail.",,,,,,"Blu-Ray, horror",,,0.00,,,,,1,191-BLRHOB-50-001A,,,,,,,,
Horrible Bosses 2 (Extended Cut),,"Dale, Kurt and Nick decide to start their own business but things don't go as planned because of a slick investor, prompting the trio to pull off a harebrained and misguided kidnapping scheme.",,,,,,"Blu-Ray, comedy",,,0.00,,,,,1,191-BLRHOR-50-001A,,,,,,,,
Horrible Bosses: Totally Inappropriate Edition,,"Horrible Bosses is a 2011 black comedy film about three friends who, fed up with their abusive and incompetent bosses, hatch a plan to murder them.",,,,,,"Blu-Ray, comedy",,,0.00,,,,,1,191-BLRHRR-50-001A,,,,,,,,
Hostel,,"Three backpackers head to a Slovakian city that promises to meet their hedonistic expectations, with no idea of the hell that awaits them.",,,,,,"Blu-Ray, horror",,,0.00,,,,,1,191-BLCHOS-50-001A,,,,,,,,
Hostel Part II (Unseen Edition),,"Hostel: Part II is a 2007 horror film, a sequel to Hostel, following three American women studying abroad who are lured to a Slovakian hostel that serves as a front for a deadly torture-for-profit organization.",,,,,,"Blu-Ray, horror",,,0.00,,,,,1,191-BLRHOS-50-001A,,,,,,,,
Housesitter,,"Con artist Gwen moves into Newton's empty home without his knowledge and begins setting up house, posing as his new wife.",,,,,,"VHS, comedy",,,0.00,,,,,1,191-VHSHOU-50-001A,,,,,,,,
How To Kill Your Neighbor's Dog,,"The story of Peter McGowan, a chain-smoking, impotent, insomniac playwright who lives in Los Angeles. Once very successful, he is now in the tenth year of a decade-long string of production failures. He finds himself bonding with a new neighbor's lonely young daughter who has mild cerebral palsy; and during one of his middle-of-the-night strolls, he encounters his oddball doppelgänger.",,,,,,"VHS, comedy",,,0.00,,,,,1,191-VHSHOW-50-002A,,,,,,,,
I Am Legend,,"Robert Neville is a scientist who was unable to stop the spread of the terrible virus that was incurable and man-made. Immune, Neville is now the last human survivor in what is left of New York City and perhaps the world. For three years, Neville has faithfully sent out daily radio messages, desperate to find any other survivors who might be out there. But he is not alone.",,,,,,"Blu-Ray, action",,,0.00,,,,,1,191-BLRIAM-50-001A,,,,,,,,
"I Love You, Man",,"Peter Klaven is a successful real estate agent who, upon getting engaged to the woman of his dreams, Zooey, discovers, to his dismay and chagrin, that he has no male friend close enough to serve as his Best Man. Peter immediately sets out to rectify the situation, embarking on a series of bizarre and awkward ""man-dates.""",,,,,,"Blu-Ray, comedy",,,0.00,,,,,1,191-BLRILO-50-001A,,,,,,,,
In the Line of Duty I-IV,,"This collection gathers entries from the In the Line of Duty series (also known as the Yes, Madam series), Hong Kong ""girls with guns"" action films featuring hard-hitting female law enforcement heroines.",,,,,,"Blu-Ray, action",,,0.00,,,,,1,191-BLRINT-50-001A,,,,,,,,
In The Mouth of Madness (Collector's Edition),,An insurance investigator visits a small town while looking into the strange disappearance of a popular horror novelist. He soon finds that the impact of the author’s books is far more than inspirational.,,,,,,"Blu-Ray, horror",,,0.00,,,,,1,191-BLRNTH-50-001A,,,,,,,,
IT,,"In a small town in Maine, seven children known as The Losers Club come face to face with life problems, bullies and a monster that takes the shape of a clown called Pennywise.",,,,,,"Blu-Ray, horror",,,0.00,,,,,1,191-BLRIT2-50-001A,,,,,,,,
Jay & Silent Bob Reboot,,Jay and Silent Bob embark on a cross-country mission to stop Hollywood from rebooting a film based on their comic book characters Bluntman and Chronic.,,,,,,"Blu-Ray, comedy",,,0.00,,,,,1,191-BLCJAY-50-001A,,,,,,,,
Johnny Suede 1991,,"Johnny Suede is a 1991 film, the directorial debut of Tom DiCillo, starring Brad Pitt as an aimless young man obsessed with 1950s rock star style who navigates romance and his dreams of musical stardom.",,,,,,"VHS, comedy",,,0.00,,,,,1,191-VHSJOH-50-001A,,,,,,,,
K-9 Pi,,Dooley and his K-9 partner Jerry Lee are ready to retire from the police force. But before he can retire with his pension he must work as a P.I. to find a set of high tech computer chips.,,,,,,"VHS, comedy",,,0.00,,,,,1,191-VHSK9P-50-001A,,,,,,,,
Kick-Ass,,"Dave Lizewski is an unnoticed high school student and comic book fan who one day decides to become a super-hero, even though he has no powers, training or meaningful reason to do so.",,,,,,"Blu-Ray, action",,,0.00,,,,,1,191-BLRKIC-50-001A,,,,,,,,
Kick-Ass 2,,"After Kick-Ass' insane bravery inspires a new wave of self-made masked crusaders, he joins a patrol led by the Colonel Stars and Stripes. When these amateur superheroes are hunted down by Red Mist — reborn as The Mother Fucker — only the blade-wielding Hit-Girl can prevent their annihilation.",,,,,,"Blu-Ray, action",,,0.00,,,,,1,191-BLRKCK-50-001A,,,,,,,,
Kill Bill Vol. 2,,"The Bride unwaveringly continues on her roaring rampage of revenge against the band of assassins who had tried to kill her and her unborn child. She visits each of her former associates one-by-one, checking off the victims on her Death List Five until there's nothing left to do … but kill Bill.",,,,,,"Blu-Ray, action",,,0.00,,,,,1,191-BLRKLL-50-001A,,,,,,,,
Killing Them Softly,,The girlfriend of a man murdered for a debt falls in love with the killer.,,,,,,"Blu-Ray, drama",,,0.00,,,,,1,191-BLRKIL-50-001A,,,,,,,,
Kinji Fukasaku's Battles Without Honor and Humanity: The Complete Trilogy (Arrow),,"Battles Without Honor and Humanity, also known as The Yakuza Papers, is a Japanese yakuza film series directed by Kinji Fukasaku, chronicling the brutal power struggles of rival gangs in post-war Hiroshima.",,,,,,"Blu-Ray, action",,,0.00,,,,,1,191-BLRKIN-50-001A,,,,,,,,
Knocked Up (Unrated),,"A slacker and a career-driven woman accidentally conceive a child after a one-night stand. As they try to make the relationship work, they must navigate the challenges of parenthood and their differences in lifestyle and maturity.",,,,,,"Blu-Ray, comedy",,,0.00,,,,,1,191-BLRKNO-50-001A,,,,,,,,
Let Me In,,A bullied young boy befriends a young female vampire who lives in secrecy with her guardian. A remake of the movie “Let The Right One In” which was an adaptation of a book.,,,,,,"Blu-Ray, horror",,,0.00,,,,,1,191-BLRLET-50-001A,,,,,,,,
Liar Liar,,"Forced by his son's birthday wish, fast-talking attorney and habitual liar Fletcher Reede must tell the truth for the next 24 hours.",,,,,,"VHS, comedy",,,0.00,,,,,1,191-NKNLIA-50-001A,,,,,,,,
Love and Monsters,,This captivating science fiction adventure follows a young man navigating a post-apocalyptic landscape overrun by overgrown creatures to reunite with his high school sweetheart. It masterfully blends heartfelt coming-of-age storytelling with impressive visual effects and thrilling monster encounters for a unique cinematic experience. The film is a must-watch for fans of imaginative world-building and charming survival stories.,,,,,,"Blu-Ray, action",,,0.00,,,,,1,191-UNKLOV-50-001A,,,,,,,,
Lovers Lane (Arrow),,Lovers Lane is a 2000 slasher film about a masked killer who stalks and murders teenagers connected to a decades-old unsolved crime at the local lovers' lane.,,,,,,"Blu-Ray, horror",,,0.00,,,,,1,191-BLRLOV-70-001A,,,,,,,,
M3GAN (Unrated) 4K,,"M3GAN is a 2022 science fiction horror film with black comedy elements about a robotics engineer who builds a lifelike AI doll to be a companion for her orphaned niece, with disastrous results.",,,,,,"4K, horror",,,0.00,,,,,1,191-BLRM3G-50-001A,,,,,,,,
Machete,,"After being set-up and betrayed by the man who hired him to assassinate a Texas Senator, an ex-Federale launches a brutal rampage of revenge against his former boss.",,,,,,"Blu-Ray, action",,,0.00,,,,,1,191-BLRMAC-50-001A,,,,,,,,
Mama,,"Guillermo del Toro presents Mama, a supernatural thriller that tells the haunting tale of two little girls who disappeared into the woods the day that their parents were killed. When they are rescued years later and begin a new life, they find that someone or something still wants to come tuck them in at night.",,,,,,"Blu-Ray, horror",,,0.00,,,,,1,191-UNIMAM-50-001A,,,,,,,,
Midnight Movie,,"At a seedy theater in a sleepy suburban town, a group of friends get together for a midnight screening of an early 1970s horror film, unaware that the director has something more in store for them.",,,,,,"Blu-Ray, horror",,,0.00,,,,,1,191-BLRMID-50-002A,,,,,,,,
Mirrors 2 Unrated,,"When Max, who is recovering from a traumatic accident, takes a job as a nighttime security guard, he begins to see visions of a young mysterious woman in the store's mirror.",,,,,,"Blu-Ray, horror",,,0.00,,,,,1,191-BLRMIR-50-001A,,,,,,,,
Mirrors (Unrated Special Edition),,An ex-cop and his family are the target of an evil force that is using mirrors as a gateway into their home.,,,,,,"Blu-Ray, horror",,,0.00,,,,,1,191-BLRMRR-50-001A,,,,,,,,
Motel Hell,,"Farmer Vincent Smith and his sister Ida run a motel attached to a farm where they capture unsuspecting travelers, bury them alive, fatten them up and then harvest their bodies as ingredients for his famous brand of ""smoked meats.""",,,,,,"Blu-Ray, horror",,,0.00,,,,,1,191-BLRMOT-50-001A,,,,,,,,
Mother's Day (Vinegar Syndrome),,"Mother's Day is a 1980 slasher film in which three friends on a camping trip are captured by two feral brothers and their domineering mother, who forces her sons to torment and kill for her amusement.",,,,,,"4K, horror",,,0.00,,,,,1,191-4K2MOT-50-001A,,,,,,,,
Mr. & Mrs. Smith,,"A husband and wife struggle to keep their marriage alive until they realize they are both secretly working as assassins. Now, their respective assignments require them to kill each other.",,,,,,"Blu-Ray, action",,,0.00,,,,,1,191-DVDMRM-50-001A,,,,,,,,
Neighbors,,A couple with a newborn baby face unexpected difficulties after they are forced to live next to a fraternity house.,,,,,,"Blu-Ray, comedy",,,0.00,,,,,1,191-BLRNES-50-001A,,,,,,,,
Neighbors 2,,This high-definition sequel brings the laughs home with crisp visuals and immersive audio quality for a premium viewing experience. Fans of irreverent comedy will enjoy the over-the-top antics and chemistry between the returning cast as they navigate a new neighborhood rivalry. The physical disc format ensures a permanent spot in your collection and includes special features to go behind the scenes of the hilarious production.,,,,,,"Blu-Ray, comedy",,,0.00,,,,,1,191-BLRNEI-50-001A,,,,,,,,
New Year's Eve,,The lives of several couples and singles in New York intertwine over the course of New Year's Eve.,,,,,,"Blu-Ray, comedy",,,0.00,,,,,1,191-BLRNEW-50-001A,,,,,,,,
Night and Day,,"This versatile fragrance features a distinct dual profile that transitions seamlessly from light, floral daytime notes to deep, woody evening undertones. Its unique composition is designed for the modern individual who values a sophisticated scent capable of adapting to any occasion. The elegant bottle makes it a timeless addition to any collection, offering a balanced olfactory experience that lingers beautifully on the skin.",,,,,,"DVD, musical",,,0.00,,,,,1,191-DVDNGH-50-001A,,,,,,,,
Night of the Living Dead,,"Experience the definitive high-definition restoration of this foundational horror masterpiece, meticulously supervised by the original filmmakers to ensure unparalleled visual and audio clarity. This special anniversary collection features a wealth of archival bonus materials and a digital copy for viewing on any device, making it an essential acquisition for serious cinema collectors. Whether revisited for its social commentary or its groundbreaking suspense, this edition offers the most complete look at a film that changed the genre forever.",,,,,,"Blu-Ray, horror",,,0.00,,,,,1,191-BLRNGH-50-001A,,,,,,,,
Night Shift,,"Amy begins her first night shift in a hotel with a murderous past. Witnessing terrifying events and trapped within a loop, Amy must find a way to escape the flesh obsessed murderer and save residents of the hotel.",,,,,,"DVD, horror",,,0.00,,,,,1,191-DVDNIG-50-001A,,,,,,,,
Night Watch / Day Watch,,"A man who serves in the war between the forces of Light and Dark comes into possession of a device that can restore life to Moscow, which was nearly destroyed by an apocalyptic event.",,,,,,"Blu-Ray, horror",,,0.00,,,,,1,191-BLRNIG-50-001A,,,,,,,,
No Country for Old Men,,"Llewelyn Moss stumbles upon dead bodies, $2 million and a hoard of heroin in a Texas desert, but methodical killer Anton Chigurh comes looking for it, with local sheriff Ed Tom Bell hot on his trail. The roles of prey and predator blur as the violent pursuit of money and justice collide.",,,,,,"Blu-Ray, drama",,,0.00,,,,,1,191-BLRNOC-50-001A,,,,,,,,
Observe and Report,,"Mall security guard Ronnie Barnhardt is called into action to stop a flasher from turning shopper's paradise into his personal peep show. But when Barnhardt can't bring the culprit to justice, a surly police detective is recruited to close the case.",,,,,,"Blu-Ray, comedy",,,0.00,,,,,1,191-BLROBS-50-001A,,,,,,,,
Officer Downe,,"A rookie cop is tasked with shadowing Officer Downe, a no-nonsense LAPD cop with regenerative powers, as he wages an ultra-violent war against the nefarious villains of Los Angeles.",,,,,,"Blu-Ray, action",,,0.00,,,,,1,191-BLROFF-50-001A,,,,,,,,
On the Road,,This fresh and spicy fragrance captures the essence of a spirited adventure with its unique blend of citrus and woody notes. It offers a sophisticated yet rugged aroma that is perfect for daily wear or special travels. The long-lasting scent profile ensures a memorable impression that feels both modern and timeless.,,,,,,"Blu-Ray, drama",,,0.00,,,,,1,191-UNKONT-50-001A,,,,,,,,
One Rainy Afternoon,,"Suave French actor Philippe Martin provokes a scandal when, in a darkened theater, he mistakes young Monique for his mistress, Yvonne, and tries to kiss her. Charged with assault, the quick-thinking Philippe claims it's French tradition to do as he did, and is let go. To his surprise, Philippe learns that Monique has paid his fine. As the tabloids exploit the situation, Monique dates Philippe, until a photo appears of him kissing Yvonne.",,,,,,"DVD, drama",,,0.00,,,,,1,191-DVDONE-50-001A,,,,,,,,
Out of the Furnace,,"Two brothers live in the economically-depressed Rust Belt, when a cruel twist of fate lands one in prison. His brother is then lured into one of the most violent crime rings in the Northeast.",,,,,,"Blu-Ray, action",,,0.00,,,,,1,191-BLROUT-50-001A,,,,,,,,
Over The Top,,"Lincoln Hawk a hard-luck big-rig trucker takes us under the glaring Las Vegas lights for all the boisterous action of the World Armwrestling Championship. Relying on wits and willpower, Hawk tries to rebuild his life by capturing the first-place prize money, and the love of the son he abandoned years earlier into the keeping of his rich, ruthless father-in-law.",,,,,,"Blu-Ray, action",,,0.00,,,,,1,191-BLROVE-50-001A,,,,,,,,
Overboard Vhs 1987 Goldie Hawn Kurt Russell,,"Overboard is a 1987 romantic comedy starring Goldie Hawn as a wealthy, snobbish heiress who falls overboard from her yacht and loses her memory, and Kurt Russell as the carpenter she once wronged, who convinces her she is his wife.",,,,,,"VHS, comedy",,,0.00,,,,,1,191-VHSOVE-50-001A,,,,,,,,
Point Break,,"In Los Angeles, a gang of bank robbers who call themselves The Ex-Presidents commit their crimes while wearing masks of Reagan, Carter, Nixon and Johnson. Believing that the members of the gang could be surfers, the F.B.I. sends young agent Johnny Utah to the beach undercover to mix with the surfers and gather information.",,,,,,"Blu-Ray, action",,,0.00,,,,,1,191-BLRPOI-50-001A,,,,,,,,
Poltergeist Extended Cut (Blu-ray),,This extended edition offers a terrifying cinematic experience with additional footage that deepens the supernatural tension of the supernatural classic. High-definition visuals and immersive audio quality make it an essential centerpiece for any horror fan's home media collection. The physical disc includes exclusive bonus content and behind-the-scenes features that explore the production of this iconic haunting tale.,,,,,,"Blu-Ray, horror",,,0.00,,,,,1,191-UNKPOL-50-001A,,,,,,,,
Prom Night,,"Donna's senior prom is supposed to be the best night of her life, though a sadistic killer from her past has different plans for her and her friends.",,,,,,"Blu-Ray, horror",,,0.00,,,,,1,191-BLRPRO-50-001A,,,,,,,,
Psycho Goreman,,"This highly detailed action figure captures the grotesque yet charming aesthetic of the intergalactic warlord with intricate sculpting and vibrant paint applications. It comes equipped with signature weapon accessories and multiple points of articulation, making it a standout addition for any collector of indie sci-fi horror memorabilia. Whether displayed on a shelf or used for creative photography, this piece perfectly embodies the film's unique blend of retro practical effects and dark comedy.",,,,,,"Blu-Ray, horror",,,0.00,,,,,1,191-UNKPSY-50-001A,,,,,,,,
Rampage,,"Primatologist Davis Okoye shares an unshakable bond with George, the extraordinarily intelligent, silverback gorilla who has been in his care since birth. But a rogue genetic experiment gone awry mutates this gentle ape into a raging creature of enormous size. To make matters worse, it’s soon discovered there are other similarly altered animals. As these newly created alpha predators tear across North America, destroying everything in their path, Okoye teams with a discredited genetic engineer to secure an antidote, fighting his way through an ever-changing battlefield, not only to halt a global catastrophe but to save the fearsome creature that was once his friend.",,,,,,"4K, action",,,0.00,,,,,1,191-BLRRAM-50-001A,,,,,,,,
Renfield: Dracula Sucks Edition,,"Renfield is a 2023 comedy horror film about Dracula's long-suffering familiar, who, after centuries of servitude, decides to break free from his abusive boss and find a better life.",,,,,,"Blu-Ray, comedy",,,0.00,,,,,1,191-BLRREN-50-001A,,,,,,,,
Requiem for a Dream (Director's Cut),,The drug-induced utopias of four Coney Island residents are shattered when their addictions run deep.,,,,,,"Blu-Ray, drama",,,0.00,,,,,1,191-BLRREQ-50-001A,,,,,,,,
Robin Hood (Unrated Director's Cut),,"When soldier Robin happens upon the dying Robert of Loxley, he promises to return the man's sword to his family in Nottingham. There, he assumes Robert's identity; romances his widow, Marion; and draws the ire of the town's sheriff and King John's henchman, Godfrey.",,,,,,"Blu-Ray, drama",,,0.00,,,,,1,191-BLRROB-70-001A,,,,,,,,
Salem's Lot,,Author Ben Mears returns to his childhood home of Jerusalem's Lot only to discover his hometown is being preyed upon by a bloodthirsty vampire.,,,,,,"Blu-Ray, horror",,,0.00,,,,,1,191-BLRSAL-50-001A,,,,,,,,
"Scala!!! Or, the Incredibly Strange Rise and Fall of the World's Wildest Cinema and How It Influenced a Mixed-up Generation of Weirdos and Misfits",,This comprehensive hardcover volume explores the legendary history and countercultural impact of London’s most notorious repertory cinema through rare archival photographs and evocative first-hand accounts. It serves as both a definitive historical record and a vibrant tribute to a transformative era of underground film culture that inspired a global generation of creative outsiders. This beautifully designed book is an essential addition for any cinephile or enthusiast of alternative subcultures and architectural history.,,,,,,"Blu-Ray, documentary",,,0.00,,,,,1,191-BLRSCA-50-001A,,,,,,,,
Sicario,,An idealistic FBI agent is enlisted by a government task force to aid in the escalating war against drugs at the border area between the U.S. and Mexico.,,,,,,"Blu-Ray, action",,,0.00,,,,,1,191-BLRSIC-70-001A,,,,,,,,
Sicario: Day of the Soldado,,Agent Matt Graver teams up with operative Alejandro Gillick to prevent Mexican drug cartels from smuggling terrorists across the United States border.,,,,,,"Blu-Ray, action",,,0.00,,,,,1,191-BLRSCR-50-001A,,,,,,,,
Sin City: A Dame to Kill For,,Some of Sin City's most hard-boiled citizens cross paths with a few of its more reviled inhabitants.,,,,,,"Blu-Ray, action",,,0.00,,,,,1,191-BLRSIN-50-001A,,,,,,,,
Snitch,,"Construction company owner John Matthews learns that his estranged son, Jason, has been arrested for drug trafficking. Facing an unjust prison sentence for a first time offender courtesy of mandatory minimum sentence laws, Jason has nothing to offer for leniency in good conscience. Desperately, John convinces the DEA and the opportunistic DA Joanne Keeghan to let him go undercover to help make arrests big enough to free his son in return. With the unwitting help of an ex-con employee, John enters the narcotics underworld where every move could be his last in an operation that will demand all his resources, wits and courage to survive.",,,,,,"4K, action",,,0.00,,,,,1,191-UNKSNI-50-001A,,,,,,,,
Speed,,Tensions run high when a crazed bomber rigs a Los Angeles bus with a device that will kill everyone on board if the vehicle's speed dips below fifty miles per hour.,,,,,,"Blu-Ray, action",,,0.00,,,,,1,191-BLRSPD-50-001A,,,,,,,,
Speed Racer,,"Experience the high-octane thrills of this visually stunning cinematic adventure featuring vibrant colors and gravity-defying racing sequences. This widescreen edition offers an immersive home theater experience that captures every detail of the stylized, futuristic landscapes and intense competition. Perfect for families and fans of stylized action, this film delivers a heartwarming story wrapped in a cutting-edge aesthetic.",,,,,,"DVD, kids-family",,,0.00,,,,,1,191-BLRSPE-50-001A,,,,,,,,
Steel and Lace (Vinegar Syndrome),,"Steel and Lace is a 1991 science fiction action film about a concert pianist who, after taking her own life following a brutal assault, is resurrected as a cyborg by her scientist brother to exact revenge on the men responsible.",,,,,,"Blu-Ray, sci-fi",,,0.00,,,,,1,191-BLRSTE-50-001A,,,,,,,,
Suitable Flesh,,"A once-esteemed psychiatrist helplessly watches her life spiral into a nightmarish maelstrom of supernatural hysteria and gruesome deaths, all linked to a seemingly unstoppable ancient curse.",,,,,,"Blu-Ray, horror",,,0.00,,,,,1,191-BLRSUI-50-001A,,,,,,,,
Sundown: The Vampire in Retreat,,Reclusive vampires lounge in a lonely American town. They wear sunscreen to protect themselves. A descendant of Van Helsing arrives with hilarious consequences.,,,,,,"Blu-Ray, action",,,0.00,,,,,1,191-BLRSUN-50-001A,,,,,,,,
Super Troopers,,"Five bored, occasionally high and always ineffective Vermont state troopers must prove their worth to the governor or lose their jobs. After stumbling on a drug ring, they plan to make a bust, but a rival police force is out to steal the glory.",,,,,,"Blu-Ray, comedy",,,0.00,,,,,1,191-BLRSUP-50-001A,,,,,,,,
Talk to Me,,Experience the year's most talked-about supernatural thriller in stunning high definition with this physical media release. This disc includes the full feature film along with exclusive behind-the-scenes featurettes and insightful filmmaker commentary that deepens the chilling viewing experience. It is a must-have addition for any horror enthusiast looking to own a centerpiece of modern genre cinema.,,,,,,"4K, horror",,,0.00,,,,,1,191-BLRTLK-50-001A,,,,,,,,
Talladega Nights: The Ballad of Ricky Bobby,,"The fastest man on four wheels, Ricky Bobby, is one of the greatest drivers in NASCAR history. A big, hairy American winning machine, Ricky has everything a dimwitted daredevil could want, a luxurious mansion, a smokin' hot wife, and all the fast food he can eat. But Ricky's turbo-charged lifestyle hits an unexpected speed bump when he's bested by flamboyant Euro-idiot Jean Girard and reduced to a fear-ridden wreck.",,,,,,"Blu-Ray, comedy",,,0.00,,,,,1,191-BLRTAL-50-001A,,,,,,,,
Terminator: Dark Fate,,"Decades after Sarah Connor prevented Judgment Day, a lethal new Terminator is sent to eliminate the future leader of the resistance. In a fight to save mankind, battle-hardened Sarah Connor teams up with an unexpected ally and an enhanced super soldier to stop the deadliest Terminator yet.",,,,,,"Blu-Ray, sci-fi",,,0.00,,,,,1,191-BLRTER-50-001A,,,,,,,,
The 40-Year-Old Virgin,,"Andy Stitzer has a pleasant life with a nice apartment and a job stamping invoices at an electronics store. But at age 40, there's one thing Andy hasn't done, and it's really bothering his sex-obsessed male co-workers: Andy is still a virgin. Determined to help Andy get laid, the guys make it their mission to de-virginize him. But it all seems hopeless until Andy meets small business owner Trish, a single mom.",,,,,,"Blu-Ray, comedy",,,0.00,,,,,1,191-BLRTH4-50-001A,,,,,,,,
The Assassination of Jesse James,,"Outlaw Jesse James is rumored to be the 'fastest gun in the West'. An eager recruit into James' notorious gang, Robert Ford eventually grows jealous of the famed outlaw and, when Robert and his brother sense an opportunity to kill James, their murderous action elevates their target to near mythical status.",,,,,,"Blu-Ray, drama",,,0.00,,,,,1,191-BLRTHE-50-001A,,,,,,,,
The Assignment,,"Jack Shaw has experienced the terror first-hand. He's a top CIA agent who's tracked international killer-for-hire Carlos ""The Jackal"" Sanchez for over twenty years and barely survived Carlos' devastating bombing of a Parisian cafe. Now, he finally gets a break when he discovers Carlos' dead ringer: American naval officer and dedicated family man Annibal Ramirez.",,,,,,"VHS, thriller",,,0.00,,,,,1,191-NKNTHE-50-001A,,,,,,,,
The Boogeyman (Vinegar Syndrome),,"The Boogey Man is a 1980 supernatural slasher film about a woman and her brother, still traumatized by a childhood incident involving a mirror, who find themselves stalked by a vengeful supernatural force years later.",,,,,,"4K, horror",,,0.00,,,,,1,191-4K2THE-50-001A,,,,,,,,
The Capitol Conspiracy,,"Martial arts star Don ""The Dragon"" Wilson stars in this action/suspense story. A child is recruited to take part in a secret government experiment which results in him being able to see into the future. Years later, the child is an adult and is working for the government; his latest assignment is to find the other people who were part of the same project. Before long, he discovers the other test subjects usually pop up murdered shortly before he can talk to them, and he realizes he may well be the next target.",,,,,,"VHS, thriller",,,0.00,,,,,1,191-VHSTHC-50-001A,,,,,,,,
The Editor,,A one-time (and now one-handed) master film editor toiling in the cinematic sweatshops of 1970s Italy becomes the prime suspect in a series of brutal murders.,,,,,,"Blu-Ray, horror",,,0.00,,,,,1,191-BLRTHD-50-001A,,,,,,,,
The Forest,,"Set in the Aokigahara Forest, a real-life place in Japan where people go to end their lives. Against this backdrop, a young American woman comes in search of her twin sister, who has mysteriously disappeared.",,,,,,"Blu-Ray, horror",,,0.00,,,,,1,191-BLRTHF-50-001A,,,,,,,,
THE HOUSE THAT JACK BUILT,,Experience this provocative and visually stunning psychological thriller in high definition clarity with this premium physical release. This disc includes the full unrated version of the film alongside a collection of immersive special features for fans of intense cinematic storytelling. It is a must-have addition for collectors seeking to complete their library of modern cult masterpieces.,,,,,,"Blu-Ray, horror",,,0.00,,,,,1,191-BLRTHH-50-001A,,,,,,,,
The Human Condition (Criterion Collection),,"The Human Condition is a trilogy of Japanese epic war drama films directed by Masaki Kobayashi, following an idealistic pacifist as he is forced through the brutal machinery of the Japanese military and a Manchurian POW camp during World War II.",,,,,,"Blu-Ray, drama",,,0.00,,,,,1,191-BLRTH7-50-001A,,,,,,,,
The Innkeepers,,"During the final days at the Yankee Pedlar Inn, two employees determined to reveal the hotel's haunted past begin to experience disturbing events as old guests check in for a stay.",,,,,,"Blu-Ray, horror",,,0.00,,,,,1,191-BLRTH2-50-001A,,,,,,,,
The Man In The Moon,,"Maureen Trant and her younger sibling Dani share a strong connection, but local boy Court Foster threatens to throw their bond off balance. Dani and Court meet first and have a flirtatious rapport -- but when he meets Maureen, he falls hard and they begin a passionate affair. The new couple try to keep their love hidden from Dani, but she soon learns the truth, disavowing her sister. But a heartbreaking accident later reunites the girls.",,,,,,"VHS, drama",,,0.00,,,,,1,191-VHSTHM-50-001A,,,,,,,,
The Nice Guys,,A private eye investigates the apparent suicide of a fading porn star in 1970s Los Angeles and uncovers a conspiracy.,,,,,,"Blu-Ray, comedy",,,0.00,,,,,1,191-BLRTHN-50-001A,,,,,,,,
The Paperboy,,A reporter returns to his Florida hometown to investigate a case involving a death row inmate.,,,,,,"Blu-Ray, drama",,,0.00,,,,,1,191-BLRTHP-50-001A,,,,,,,,
The Prophecy I-II-III (Vinegar Syndrome),,"This collection gathers The Prophecy films, beginning with the 1995 fantasy horror film starring Christopher Walken as the fallen angel Gabriel, who wages a war against humanity amid a civil conflict in Heaven.",,,,,,"4K, horror",,,0.00,,,,,1,191-BLRTH9-50-001A,,,,,,,,
The Proposal,,"When she learns she's in danger of losing her visa status and being deported, overbearing book editor Margaret Tate forces her put-upon assistant, Andrew Paxton, to marry her.",,,,,,"Blu-Ray, comedy",,,0.00,,,,,1,191-BLRTHL-50-001A,,,,,,,,
The Red Queen Kills Seven Times (Arrow),,"This high-definition restoration brings a stylish Italian gothic thriller to life with vibrant visual clarity and lossless audio. The collectible set features extensive special features including interviews, scholarly commentary, and an illustrated booklet that explores the film's macabre mystery. It is a definitive edition for genre enthusiasts looking to add a masterfully crafted slasher classic to their physical media library.",,,,,,"Blu-Ray, thriller",,,0.00,,,,,1,191-RRWTHE-50-001A,,,,,,,,
The Sea Hawk,,"The adventures of Oliver Tressilian, who goes from English gentry to galley slave to captain of a Moorish fighting ship.",,,,,,"DVD, drama",,,0.00,,,,,1,191-DVDTHE-50-001A,,,,,,,,
The Sinful Dwarf (Limited Collector's Edition),,"The Sinful Dwarf is a 1973 Danish sexploitation horror film about a young couple who move into a boarding house run by a deranged former child star and her dwarf son, who keep women drugged and captive in the attic.",,,,,,"Blu-Ray, horror",,,0.00,,,,,1,191-BLRTH6-50-001A,,,,,,,,
The Stepfather (Director's Cut),,"Michael Harding returns home from military school to find his mother happily in love and living with her new boyfriend, David. As the two men get to know each other, Michael becomes more and more suspicious of the man who is always there with a helpful hand. Is he really the man of her dreams or could David be hiding a dark side?",,,,,,"Blu-Ray, horror",,,0.00,,,,,1,191-BLRTHS-50-001A,,,,,,,,
The Texas Chainsaw Massacre: The Beginning,,"Chrissie and her friends set out on a road trip for a final fling before one is shipped off to Vietnam. Along the way, bikers harass the foursome and cause an accident that throws Chrissie from the vehicle. The lawman who arrives on the scene kills one of the bikers and brings Chrissie's friends to the Hewitt homestead, where young Leatherface is learning the tools of terror.",,,,,,"Blu-Ray, horror",,,0.00,,,,,1,191-BLRTHG-50-001A,,,,,,,,
The Transporter,,"Former Special Forces officer Frank Martin will deliver anything to anyone for the right price, and his no-questions-asked policy puts him in high demand. But when he realizes his latest cargo is alive, it sets in motion a dangerous chain of events. The bound and gagged Lai is being smuggled to France by a shady American businessman, and Frank works to save her as his own illegal activities are uncovered by a French detective.",,,,,,"Blu-Ray, action",,,0.00,,,,,1,191-BLRTHR-50-001A,,,,,,,,
The Watch,,"Four everyday suburban guys come together as an excuse to escape their humdrum lives one night a week. But when they accidentally discover that their town has become overrun with aliens posing as ordinary suburbanites, they have no choice but to save their neighborhood – and the world – from total extermination.",,,,,,"Blu-Ray, comedy",,,0.00,,,,,1,191-BLRTH3-50-001A,,,,,,,,
The Wrestler,,"Aging wrestler Randy ""The Ram"" Robinson is long past his prime but still ready and rarin' to go on the pro-wrestling circuit. After a particularly brutal beating, however, Randy hangs up his tights, pursues a serious relationship with a long-in-the-tooth stripper, and tries to reconnect with his estranged daughter. But he can't resist the lure of the ring and readies himself for a comeback.",,,,,,"Blu-Ray, drama",,,0.00,,,,,1,191-BLRTHW-50-001A,,,,,,,,
Thelma & Louise,,"Taking a break from their dreary lives, close friends Thelma and Louise embark on a short weekend trip that ends in unforeseen incriminating circumstances. As fugitives, both women rediscover the strength of their bond and their newfound resilience.",,,,,,"VHS, comedy",,,0.00,,,,,1,191-VHSTH2-50-001A,,,,,,,,
Thief (Criterion Collection),,"Thief is a 1981 neo-noir crime film written and directed by Michael Mann, starring James Caan as a professional jewel thief planning one last big score before going straight.",,,,,,"Blu-Ray, drama",,,0.00,,,,,1,191-BLRTH8-50-001A,,,,,,,,
This Is 40,,"Pete and Debbie are both about to turn 40, their kids hate each other, both of their businesses are failing, they're on the verge of losing their house, and their relationship is threatening to fall apart.",,,,,,"Blu-Ray, comedy",,,0.00,,,,,1,191-BLRTHI-50-001A,,,,,,,,
This Is The End,,"This high-definition physical release offers a premium home viewing experience of the hit apocalyptic comedy with stunning visual clarity and immersive audio. It includes a variety of exclusive bonus features like deleted scenes, behind-the-scenes featurettes, and a gag reel that provide a deeper look into the star-studded production. This disc is an essential addition for fans of ensemble humor and over-the-top supernatural action looking for the best possible picture quality.",,,,,,"Blu-Ray, comedy",,,0.00,,,,,1,191-BLRTH5-50-001A,,,,,,,,
Trainwreck,,"Ever since her father drilled into her head that monogamy isn't realistic, magazine writer Amy has made promiscuity her credo. As much as she enjoys an uninhibited life free of commitment, Amy is really in a rut. While writing a profile about charming and successful sports doctor Aaron Conners, she finds herself actually falling in love for the first time -- and what's more, Aaron seems to really like her too. Amy starts to wonder if it's time to clean up her act and face her fears.",,,,,,"Blu-Ray, comedy",,,0.00,,,,,1,191-BLRTRA-50-001A,,,,,,,,
Transporter 2,,"Professional driver, and former Special Forces officer, Frank Martin is living in Miami, where he is temporarily filling in for a friend as the chauffeur for a government narcotics control policy director and his family. The young boy in the family is targeted for kidnapping, and Frank immediately becomes involved in protecting the child and exposing the kidnappers.",,,,,,"Blu-Ray, action",,,0.00,,,,,1,191-BLRTR2-50-001A,,,,,,,,
Transporter 3 (2-Disc Fully Loaded Edition),,"Transporter 3 is a 2008 action film in which professional driver and courier Frank Martin is coerced into transporting a valuable cargo across Europe, with a bomb bracelet ensuring he stays close to his car.",,,,,,"Blu-Ray, action",,,0.00,,,,,1,191-BLRTRN-50-001A,,,,,,,,
Triple 9,,A gang of criminals and corrupt cops plan the murder of a police officer in order to pull off their biggest heist yet across town.,,,,,,"Blu-Ray, action",,,0.00,,,,,1,191-BLRTRI-50-001A,,,,,,,,
UNDEFEATABLE (Vinegar Syndrome),,"Undefeatable is a 1993 Hong Kong martial arts film starring Cynthia Rothrock as a street fighter who takes on a psychotic, steroid-fueled killer terrorizing the city.",,,,,,"Blu-Ray, action",,,0.00,,,,,1,191-BLRUND-50-001A,,,,,,,,
V/H/S,,"When a group of misfits is hired by an unknown third party to burglarize a desolate house and acquire one rare VHS tape, they discover more found footage than they had bargained for.",,,,,,"Blu-Ray, horror",,,0.00,,,,,1,191-BLRVH3-50-001A,,,,,,,,
V/H/S/2,,"Inside a darkened house looms a column of TVs littered with VHS tapes, a pagan shrine to forgotten analog gods. The screens crackle and pop endlessly with monochrome vistas of static white noise permeating the brain and fogging concentration. But you must fight the urge to relax: this is no mere movie night. Those obsolete spools contain more than just magnetic tape. They are imprinted with the very soul of evil.",,,,,,"Blu-Ray, horror",,,0.00,,,,,1,191-BLRVH2-50-001A,,,,,,,,
V/H/S/94,,"After the discovery of a mysterious VHS tape, a brutish police SWAT team launches a high-intensity raid on a remote warehouse, only to discover a sinister cult compound whose collection of pre-recorded material uncovers a nightmarish conspiracy.",,,,,,"Blu-Ray, horror",,,0.00,,,,,1,191-BLRVHS-50-001A,,,,,,,,
V/H/S/BEYOND,,"The infinite playground of forbidden worlds and dangerous lifeforms offered by the sci-fi horror genre will lead to the biggest, maddest, bloodiest V/H/S ever.",,,,,,"Blu-Ray, horror",,,0.00,,,,,1,191-BLRVHD-50-001A,,,,,,,,
V/H/S: VIRAL,,"As the streets of Los Angeles overflow with camera-wielding gawkers seeking to capture images of a bizarre police pursuit, the same people who sought to exploit the suffering of others for amusement on the Internet become the stars of a gruesome viral video from which no one gets out alive.",,,,,,"Blu-Ray, horror",,,0.00,,,,,1,191-BLRVHL-50-001A,,,,,,,,
Vacation,,"Hoping to bring his family closer together and to recreate his childhood vacation for his own kids, a grown up Rusty Griswold takes his wife and their two sons on a cross-country road trip to the coolest theme park in America, Walley World. Needless to say, things don't go quite as planned.",,,,,,"Blu-Ray, comedy",,,0.00,,,,,1,191-BLRVAC-50-001A,,,,,,,,
Vertigo,,Experience this psychological thriller in stunning high definition with a restoration that captures every haunting detail of the suspenseful narrative. This cinematic masterpiece features legendary performances and groundbreaking cinematography that make it an essential addition to any classic film collection. The disc includes immersive bonus content and behind-the-scenes insights into one of the most celebrated titles in movie history.,,,,,,"DVD, thriller",,,0.00,,,,,1,191-ALFVER-50-001A,,,,,,,,
War for the Planet of the Apes,,"Caesar and his apes are forced into a deadly conflict with an army of humans led by a ruthless Colonel. After the apes suffer unimaginable losses, Caesar wrestles with his darker instincts and begins his own mythic quest to avenge his kind. As the journey finally brings them face to face, Caesar and the Colonel are pitted against each other in an epic battle that will determine the fate of both their species and the future of the planet.",,,,,,"Blu-Ray, action",,,0.00,,,,,1,191-BLRWAR-50-001A,,,,,,,,
Warlock Collection 3-Film Set,,"This collection gathers the Warlock films, beginning with the 1989 supernatural horror film about a warlock who travels forward in time from 17th-century Boston to modern Los Angeles, pursued by a witch hunter determined to stop him.",,,,,,"Blu-Ray, horror",,,0.00,,,,,1,191-BLRWRL-50-001A,,,,,,,,
Waterworld (Arrow Release),,"Waterworld is a 1995 post-apocalyptic action film set in a future where the polar ice caps have melted and the Earth is almost entirely covered by ocean, following a mutated drifter who helps a woman and child search for legendary dry land.",,,,,,"Blu-Ray, action",,,0.00,,,,,1,191-BLRWAT-50-001A,,,,,,,,
We Were Soldiers,,"The year is 1965 and America is at war with North Vietnam. Commanding the air cavalry is Lt. Col. Hal Moore (Gibson), a born leader committed to his troops. His target: the Ia Drang Valley, called ""The Valley of Death."" As Moore prepares for one of the most violent battles in U.S. history, he delivers a stirring promise to his soldiers and their families: ""I will leave no man behind...dead or alive. We will all come home together.""",,,,,,"Blu-Ray, drama",,,0.00,,,,,1,191-BLRWEW-50-001A,,,,,,,,
We're the Millers,,A veteran pot dealer creates a fake family as part of his plan to move a huge shipment of weed into the U.S. from Mexico.,,,,,,"Blu-Ray, comedy",,,0.00,,,,,1,191-BLRWER-50-001A,,,,,,,,
Where the #$&% is Santa?,,"In the midst of a trip to Finland to find the perfect Christmas gift for his wife, Missy, skateboarding superstar MTV personality Bam Margera is struck by inspiration to find the elusive Santa Claus.",,,,,,"Blu-Ray, comedy",,,0.00,,,,,1,191-BLRWHE-50-001A,,,,,,,,
Where the Wild Things Are,,"Max imagines running away from his mom and sailing to a far-off land where large talking beasts—Ira, Carol, Douglas, the Bull, Judith and Alexander—crown him as their king, play rumpus, build forts and discover secret hideaways.",,,,,,"Blu-Ray, kids-family",,,0.00,,,,,1,191-BLRWHR-50-001A,,,,,,,,
White House Down,,"Capitol Policeman John Cale has just been denied his dream job with the Secret Service protecting President James Sawyer. Not wanting to let down his little girl with the news, he takes her on a tour of the White House, when the complex is overtaken by a heavily armed paramilitary group. Now, with the nation's government falling into chaos and time running out, it's up to Cale to save the president, his daughter, and the country.",,,,,,"Blu-Ray, action",,,0.00,,,,,1,191-BLRWHI-50-001A,,,,,,,,
Wish Upon (Director's Cut),,"A teenage girl discovers a box with magical powers, but those powers comes with a deadly price.",,,,,,"Blu-Ray, horror",,,0.00,,,,,1,191-BLRWIS-50-001A,,,,,,,,
Wrath of the Titans,,"Perseus tries to live a quieter life as a village fisherman while – dangerously weakened by humanity's lack of devotion – the gods are losing control of the long-imprisoned Titans and their ferocious leader, Kronos.",,,,,,"Blu-Ray, action",,,0.00,,,,,1,191-BLRWRA-50-001A,,,,,,,,
Zack Parker's Proxy,,"Proxy is a 2013 horror film directed by Zack Parker, following a pregnant woman who is brutally attacked, and the dark secrets that unravel as she bonds with another grieving mother in her support group.",,,,,,"Blu-Ray, horror",,,0.00,,,,,1,191-BLRZAC-50-001A,,,,,,,,
"A League Of Their Own Madonna, Tom Hanks, Geena Davis Vhs",,"A League of Their Own is a 1992 sports comedy-drama film about the real-life All-American Girls Professional Baseball League, formed during World War II when many male players left to serve, starring Tom Hanks, Geena Davis, and Madonna.",,,,,,"VHS, comedy",,,0.00,,,,,1,191-NKNALE-50-001A,,,,,,,,
MR. NICE GUY,,A Chinese chef accidentally gets involved with a news reporter who filmed a drug bust that went awry and is now being chased by gangs who are trying to get the video tape.,,,,,,"VHS, comedy",,,0.00,,,,,1,191-VHSMRN-001A,,,,,,,,
Never Been Kissed,,"Josie Geller, a baby-faced junior copywriter at the Chicago Sun-Times, must pose as a student at her former high school to research contemporary teenage culture. With the help of her brother, Rob, Josie infiltrates the inner circle of the most popular clique on campus. But she hits a major snag in her investigation -- not to mention her own failed love life -- when she falls for her dreamy English teacher, Sam Coulson.",,,,,,"VHS, comedy",,,0.00,,,,,1,191-VHSNEV-F-001A,,,,,,,,
OPEN SEASON,,Experience the thrill of the great outdoors with this immersive hunting simulation that features realistic environments and a wide variety of North American game. Players can utilize authentic gear and tracking techniques to master the wilderness across multiple challenging levels. This engaging title provides hours of entertainment for sports enthusiasts looking for a detailed and strategic outdoor adventure.,,,,,,"VHS, comedy",,,0.00,,,,,1,191-VHSOPE-G-001A,,,,,,,,
Out to Sea,,"Care-free Charlie cons his widower brother-in-law Herb into an expenses-paid luxury cruise in search of rich, lonely ladies. The catch is that they are required to be dance hosts! With a tyrannical cruise director, and the luscious Liz and lovely Vivian, our heroes have lots of mis-adventures before they finally return to port.",,,,,,"VHS, comedy",,,0.00,,,,,1,191-VHSTTS-001A,,,,,,,,
Pocket Money,,"Broke and in debt, an otherwise honest cowboy and his buddy get mixed up in some shady dealings with a crooked cattle dealer.",,,,,,"VHS, comedy",,,0.00,,,,,1,191-VHSPOC-001A,,,,,,,,
Static,,"Ernie Blick has just lost his job at a crucifix factory. Luckily, for Ernie, this allows him more time to devote to his invention. Yes, Ernie is an inventor -- and he's come up with something big. So big, in fact, Ernie's convinced it will change the way people look at life and death. With the support of his drummer friend Julia and his ex-Green Beret-evangelist cousin, Ernie unveils it to the world. But even he isn't prepared for the public's reaction.",,,,,,"VHS, comedy",,,0.00,,,,,1,191-VHSSTA-001A,,,,,,,,
Suppose They Gave a War and Nobody Came?,,"War is brewing between the soldiers at an otherwise quiet army base and the civilians of a nearby Southern town. Brian Keith is an officer who tries to keep the peace. However, peace is hard to come by with Ernest Borgnine as a stereotypical dumb hick sheriff who's quick to call in the local militia. Tony Curtis plays a skirt-chasing sergeant who can't stay out of trouble and soon lands in jail. Brian Keith borrows a tank to release his friend from jail. Things get more chaotic after that.",,,,,,"VHS, comedy",,,0.00,,,,,1,191-VHSSUP-50-001A,,,,,,,,
The Adventures of Pluto Nash,,"The year is 2087, the setting is the moon. Pluto Nash, the high-flying successful owner of the hottest nightclub in the universe, finds himself in trouble when he refuses to sell his club to lunar gangster Mogan, who just happens to be helping the mysterious Rex Crater mastermind a plan to take over the entire moon.",,,,,,"VHS, comedy",,,0.00,,,,,1,191-VHSTHE-F-001A,,,,,,,,
The Grifters,,"A small-time conman has his loyalties torn between his estranged mother and his new girlfriend, both of whom are high-stakes grifters with their own angles to play.",,,,,,"VHS, comedy",,,0.00,,,,,1,191-VHSTHG-F-001A,,,,,,,,
Who's the Man?,,"Ed Lover and Doctor Dre are two inept barbers. Deciding that maybe they ought to find another line of work, they join the police. A big mistake, as far as their duty sergeant, Sgt Cooper is concerned, who proceeds to harass them at every turn. Despite this, they discover a major crime, and proceed to solve it in their own unusual fashion.",,,,,,"VHS, comedy",,,0.00,,,,,1,191-VHSWHO-F-001A,,,,,,,,
"Win, Place or Steal",,"Three friends have two things in common: (1) they like to bet on the horses at the track, and (2) they invariably lose. One day they hit upon a scheme to steal one of the track's betting machines, so that they'd be able to print winning tickets and recoup the money they've lost over the years. However, things don't go exactly as planned.",,,,,,"VHS, comedy",,,0.00,,,,,1,191-VHSWIN-001A,,,,,,,,
