Handle,Title,Body (HTML),Vendor,Product Category,Type,Tags,Published,Option1 Name,Option1 Value,Option1 Linked To,Option2 Name,Option2 Value,Option2 Linked To,Option3 Name,Option3 Value,Option3 Linked To,Variant SKU,Variant Grams,Variant Inventory Tracker,Variant Inventory Qty,Variant Inventory Policy,Variant Fulfillment Service,Variant Price,Variant Compare At Price,Variant Requires Shipping,Variant Taxable,Unit Price Total Measure,Unit Price Total Measure Unit,Unit Price Base Measure,Unit Price Base Measure Unit,Variant Barcode,Image Src,Image Position,Image Alt Text,Gift Card,SEO Title,SEO Description,Rental Availability (product.metafields.scf.avf),Genre (product.metafields.shopify.genre),Language version (product.metafields.shopify.language-version),Media content type (product.metafields.shopify.media-content-type),MPAA rating (product.metafields.shopify.mpaa-rating),Target audience (product.metafields.shopify.target-audience),Variant Image,Variant Weight Unit,Variant Tax Code,Cost per item,Status
autumn-in-new-york-vhs,Autumn in New York,"<p>Will Keane, a New York restaurateur, infamous verging-on-50 playboy, acts as the master of the no-commitment seduction until he runs into an unexpected dead end when he meets Charlotte Fielding. Charlotte is half Will's age and twice his match, a 21-year-old free spirit yearning to get out and taste the excitement of adult life.</p>",VHS,,,"Rental, Romantic Comedy",true,Genre,Romantic Comedy,,,,,,,,,0.0,shopify,1,deny,manual,0.00,,true,true,,,,,17222138,https://cdn.shopify.com/s/files/1/0826/6363/7242/files/images_b5100704-1ff2-4673-8204-28d84a1e387e.jpg?v=1783609747,1,,false,,,,,,,,,,,,,
french-kiss-vhs,French Kiss,"<p>When Kate (Meg Ryan) learns that her fiance, Charlie (Timothy Hutton), has become smitten with a young Parisian woman, she boards a plane for France. She is seated next to Luc (Kevin Kline), a small-time crook who uses her to smuggle a stolen necklace, leading Luc to the hotel where she's staying to confront Charlie. As Kate and Luc get to know each other, their sarcastic rapport grows warmer, and Kate must decide where her heart truly lies as Charlie tries to win her back.</p>",VHS,,,"Rental, Romantic Comedy",true,Genre,Romantic Comedy,,,,,,,,,0.0,shopify,1,deny,manual,0.00,,true,true,,,,,17156602,https://cdn.shopify.com/s/files/1/0826/6363/7242/files/images_7f464888-82d4-4db8-bc46-6e60ed3e2ac7.jpg?v=1783609745,1,,false,,,,,,,,,,,,,
my-big-fat-greek-wedding-vhs,My Big Fat Greek Wedding,"<p>Everyone in the Portokalos family worries about Toula (Nia Vardalos). Still unmarried at 30 years old, she works at Dancing Zorba's, the Greek restaurant owned by her parents, Gus (Michael Constantine) and Maria (Lainie Kazan). After taking a job at her aunt's travel agency, she falls in love with Ian Miller (John Corbett), a teacher who is tall, handsome and definitely not Greek. Toula isn't sure which will be more upsetting to her father, that Ian is a foreigner or that he's a vegetarian.</p>",VHS,,,"Rental, Romantic Comedy",true,Genre,Romantic Comedy,,,,,,,,,0.0,shopify,1,deny,manual,0.00,,true,true,,,,,17091066,https://cdn.shopify.com/s/files/1/0826/6363/7242/files/images_40c17b24-f9ec-41c6-a87b-72d75f042e37.jpg?v=1783609744,1,,false,,,,,,,,,,,,,
iq-vhs,I.Q.,"<p>Catherine Boyd (Meg Ryan) is a highly intelligent doctoral student at Princeton University and is engaged to stuffy Professor James Moreland (Stephen Fry). Ed Walters (Tim Robbins), a mechanic and all-around regular guy, falls for Catherine and searches for a way to impress her. Believing that the key to Catherine's heart is his IQ, Ed passes himself off as a physicist with the help of Catherine's uncle, who just happens to be Albert Einstein (Walter Matthau).</p>",VHS,,,"Rental, Romantic Comedy",true,Genre,Romantic Comedy,,,,,,,,,0.0,shopify,1,deny,manual,0.00,,true,true,,,,,17058298,https://cdn.shopify.com/s/files/1/0826/6363/7242/files/images_0693ce4e-7b83-46c2-b967-85dfeb09b2d9.jpg?v=1783609742,1,,false,,,,,,,,,,,,,
tip-toes-vhs,Tip Toes,"<p>Carol falls in love with Steven without knowing much about him. When Carol finds herself pregnant it forces Steven to expose a secret. Steven happens to be the only average-sized person in a family of dwarfs, including his twin brother Rolfe.</p>",VHS,,,"Rental, Romantic Comedy",true,Genre,Romantic Comedy,,,,,,,,,0.0,shopify,1,deny,manual,0.00,,true,true,,,,,16992762,https://cdn.shopify.com/s/files/1/0826/6363/7242/files/images_cd7bd066-51f5-444b-a55e-1147250d18b7.jpg?v=1783609741,1,,false,,,,,,,,,,,,,
down-with-love-vhs,Down With Love,"<p>It's 1962, and feminist Barbara Novak (Renée Zellweger) pens a best-selling book that details the drawbacks of love. She encourages women to forgo serious relationships with men in favor of independence, workplace achievements and satisfying sex. Despite her success, many men are taken aback by her progressive views, including slick writer Catcher Block (Ewan McGregor), who decides to expose Barbara as a fraud by making her fall in love with him. However, his plan has unexpected consequences.</p>",VHS,,,"Rental, Romantic Comedy",true,Genre,Romantic Comedy,,,,,,,,,0.0,shopify,1,deny,manual,0.00,,true,true,,,,,16959994,https://cdn.shopify.com/s/files/1/0826/6363/7242/files/images_ea6bd76c-7e7a-49fc-8a8d-910002e6fd28.jpg?v=1783609740,1,,false,,,,,,,,,,,,,
evereyone-says-i-love-you-vhs-rent,Everyone Says I Love You,"<p>The daughter of wealthy Manhattanites Joe (Woody Allen) and Steffi (Goldie Hawn), D.J. (Natasha Lyonne) has to contend with her extended family after her parents' divorce. The entire clan is abuzz about the impending wedding of her half-sister, Skylar (Drew Barrymore), and her fiancé, Holden (Edward Norton). However, when gruff former criminal Charlie (Tim Roth) enters the picture, things take an unexpected turn. Meanwhile, the lovelorn Joe pursues the beautiful Von (Julia Roberts) in Europe.</p>",VHS,,,"Rental, Romantic Comedy",true,Genre,Romantic Comedy,,,,,,,,,0.0,shopify,1,deny,manual,0.00,,true,true,,,,,16730618,https://cdn.shopify.com/s/files/1/0826/6363/7242/files/Everyone_Says_I_Love_You_Poster.jpg?v=1783609738,1,,false,,,,,,,,,,,,,
woman-on-top-vhs,Woman on Top,"<p>Set to the intoxicating rhythms of Brazil, Woman on Top is a spicy, sexy comedy about the magic of food, love and music. Meet Isabella, a sultry enchantress born with the special gift of melting the palates and hearts of men everywhere. When she decides to break free from her rocky marriage and the stifling kitchen of her husband's restaurant in Brazil, she spirits off to San Francisco in pursuit of her dreams of a real culinary career.</p>",VHS,,,"Rental, Romantic Comedy",true,Genre,Romantic Comedy,,,,,,,,,0.0,shopify,1,deny,manual,0.00,,true,true,,,,,16697850,https://cdn.shopify.com/s/files/1/0826/6363/7242/files/images_0eae9279-c246-4e12-9bed-d6bc56bb25da.jpg?v=1783609736,1,,false,,,,,,,,,,,,,
touch-and-go-vhs,Touch and Go,"<p>A professional hockey player, Bobby Barbato makes an unexpected turn in his life when a gang of young thugs tries to rob him. Bobby manages to scare them off, but not before nabbing one of the troublemakers, Louis DeLeon. Bobby decides to give the kid a ride home and meets his single mother, Denise. Despite their differences, Bobby begins a romance with Denise and slowly earns the respect of Louis.</p>",VHS,,,"Rental, Romantic Comedy",true,Genre,Romantic Comedy,,,,,,,,,0.0,shopify,1,deny,manual,0.00,,true,true,,,,,16665082,https://cdn.shopify.com/s/files/1/0826/6363/7242/files/images_22af2577-b93b-4361-9b9c-63be7c66b9bf.jpg?v=1783609735,1,,false,,,,,,,,,,,,,
the-bacheor-vhs,The Bacheor,"<p>Jimmie (Chris O'Donnell) and Anne (Renée Zellweger) are in a committed relationship, but the pressure is mounting on Jimmie to propose. Rather than lose Anne, Jimmie decides to ask for her hand in marriage. But when he delivers a lackluster speech to her, Anne turns him down. Jimmie soon finds out that he has one day to find a woman and marry her; otherwise he will lose out on his hefty inheritance. What ensues is a crazed search through Jimmie's past to find a suitable bride.</p>",VHS,,,"Rental, Romantic Comedy",true,Genre,Romantic Comedy,,,,,,,,,0.0,shopify,1,deny,manual,0.00,,true,true,,,,,16632314,https://cdn.shopify.com/s/files/1/0826/6363/7242/files/Bachelorposter1999.jpg?v=1783609733,1,,false,,,,,,,,,,,,,
pillow-talk-vhs,Pillow Talk,"<p>Playboy songwriter Brad Allen's (Rock Hudson) succession of romances annoys his neighbor, interior designer Jan Morrow (Doris Day), who shares a telephone party line with him and hears all his breezy routines. After Jan unsuccessfully lodges a complaint against him, Brad sets about to seduce her in the guise of a sincere and upstanding Texas rancher. When mutual friend Jonathan (Tony Randall) discovers that his best friend is moving in on the girl he desires, however, sparks fly.</p>",VHS,,,"Rental, Romantic Comedy",true,Genre,Romantic Comedy,,,,,,,,,0.0,shopify,1,deny,manual,0.00,,true,true,,,,,16370170,https://cdn.shopify.com/s/files/1/0826/6363/7242/files/images_e86de160-cdde-4965-9287-7e7873cb41fe.jpg?v=1783609730,1,,false,,,,,,,,,,,,,
boiler-room-vhs,Boiler Room,"<p>Welcome to the infamous ""boiler room"" -- where twenty-something millionaires are made overnight. Here, in the inner sanctum of a fly-by-night brokerage firm, hyper-aggressive young stock jocks peddle to unsuspecting buyers over the phone -- and are rewarded with mansions, Ferraris and more luxury toys than they know what to do with. In this unassuming Long Island enclave, Gen Xers chase the green at breakneck speeds, sometimes one step ahead of the law.</p>",VHS,,,"Action, Rental",true,Genre,Action,,,,,,,,,0.0,shopify,1,deny,manual,0.00,,true,true,,,,,19598330,https://cdn.shopify.com/s/files/1/0826/6363/7242/files/images_70146472-46fa-46b8-934a-cbcf93bc121b.jpg?v=1783606767,1,,false,,,,,,,,,,,,,
the-client-vhs,The Client,"<p>Fast-paced thriller, based on the John Grisham bestseller, about a boy whose life is endangered after he stumbles across vital information about a politician's murder. His lawyer is the only person offering protection from the unwanted attentions of the Mob and the FBI - but is she capable of saving his life?</p>",VHS,,,"Action, Rental",true,Genre,Action,,,,,,,,,0.0,shopify,1,deny,manual,0.00,,true,true,,,,,19532794,https://cdn.shopify.com/s/files/1/0826/6363/7242/files/images_e89b65e0-d534-4aae-9a5f-55b1aae8e5c7.jpg?v=1783606765,1,,false,,,,,,,,,,,,,
jagged-edge-vhs,Jagged Edge,"<p>Lawyer Teddy Barnes reluctantly takes up the case of publisher Jack Forrester, who is accused of murdering his wife for her money. As the trial develops, she is kept guessing right to the very last minute whether Jack is an innocent man or a cunning, manipulative murderer.</p>",VHS,,,"Action, Rental",true,Genre,Action,,,,,,,,,0.0,shopify,1,deny,manual,0.00,,true,true,,,,,19467258,https://cdn.shopify.com/s/files/1/0826/6363/7242/files/images_7efc6b2a-69d5-428f-8d87-151a079d00b0.jpg?v=1783606764,1,,false,,,,,,,,,,,,,
random-hearts-vhs,Random Hearts,"<p>After a plane crash in which both their spouses are killed, Sergeant Dutch Van Den Broeck and Congresswoman Kay Chandler's lives are connected. Their spouses were headed to the same address, with identical keys, under Mr. and Mrs. plane tickets. The investigation leads to startling discoveries and an unexpected romance.</p>",VHS,,,"Action, Rental",true,Genre,Action,,,,,,,,,0.0,shopify,1,deny,manual,0.00,,true,true,,,,,19401722,https://cdn.shopify.com/s/files/1/0826/6363/7242/files/images_12fd4f9f-2a90-4e63-8c5e-c879fd34eb50.jpg?v=1783606762,1,,false,,,,,,,,,,,,,
they-call-me-mister-tibbs-vhs,They Call Me Mister Tibbs!,"<p>In this sequel to ""In The Heat of the Night,"" Detective Virgil Tibbs (Sidney Poitier) must solve the murder of a prostitute. The last person witnessed with the victim is Tibbs' friend, Logan Sharpe (Martin Landau), a preacher and activist. Despite his loyalty, Tibbs must investigate when Sharpe admits having visited the prostitute. In addition to his police work, Tibbs must also ease tension with his wife (Barbara McNair), who wants him to spend more time with her and their children.</p>",VHS,,,"Action, Rental",true,Genre,Action,,,,,,,,,0.0,shopify,1,deny,manual,0.00,,true,true,,,,,19074042,https://cdn.shopify.com/s/files/1/0826/6363/7242/files/images_934a3f53-c672-44f8-bef7-0bb0ce2af14f.jpg?v=1783606762,1,,false,,,,,,,,,,,,,
raiders-of-the-lost-ark-vhs,Raiders of the Lost Ark,"<p>Epic tale in which an intrepid archaeologist tries to beat a band of Nazis to a unique religious relic which is central to their plans for world domination. Battling against a snake phobia and a vengeful ex-girlfriend, Indiana Jones is in constant peril, making hair's-breadth escapes at every turn in this celebration of the innocent adventure movies of an earlier era.</p>",VHS,,,"Action, Rental",true,Genre,Action,,,,,,,,,0.0,shopify,1,deny,manual,0.00,,true,true,,,,,18975738,https://cdn.shopify.com/s/files/1/0826/6363/7242/files/images_5f0355e6-47c1-4e98-930b-aa6c1c848111.jpg?v=1783606760,1,,false,,,,,,,,,,,,,
harts-war-vhs,Hart's War,"<p>Lieutenant Tommy Hart (Colin Farrell) is a second year law student who is enlisted as an officer's aide in World War II due to his father's political pull. When he is captured and thrown into a German prisoner of war camp, top ranking Colonel William McNamara (Bruce Willis) assigns him to defend Lieutenant Lincoln Scott (Terrence Howard), a black POW accused of murdering a fellow white prisoner.</p>",VHS,,,"Action, Rental",true,Genre,Action,,,,,,,,,0.0,shopify,1,deny,manual,0.00,,true,true,,,,,18877434,https://cdn.shopify.com/s/files/1/0826/6363/7242/files/images_b63babf5-3349-4d90-afca-d244eb5fa19c.jpg?v=1783606759,1,,false,,,,,,,,,,,,,
twister-vhs,Twister,"<p>During the approach of the most powerful storm in decades, university professor Dr. Jo Harding (Helen Hunt) and an underfunded team of students prepares the prototype for Dorothy, a ground-breaking tornado data-gathering device conceived by her estranged husband, Bill (Bill Paxton). When Harding tells Bill that Dorothy is ready for testing -- and that their privately funded rival Dr. Jonas Miller (Cary Elwes) has stolen the idea and built his own -- Bill rejoins the team for one last mission.</p>",VHS,,,"Action, Rental",true,Genre,Action,,,,,,,,,0.0,shopify,1,deny,manual,0.00,,true,true,,,,,18779130,https://cdn.shopify.com/s/files/1/0826/6363/7242/files/images_6d67b9f8-8d4f-4d33-a456-748a6a920213.jpg?v=1783606758,1,,false,,,,,,,,,,,,,
vanishing-point-vhs,Vanishing Point,"<p>Vietnam War hero Kowalski (Barry Newman) has become a pill-addicted driver for hire. Transporting a car from Colorado to California, he enlivens the journey by making a wager with his drug dealer: If the trip takes under 15 hours, Kowalski's latest amphetamine purchase is free. But Kowalski's recklessness on the road results in a much-publicized police chase. Radio jock Super Soul (Cleavon Little) covers the pursuit and turns Kowalski, who refuses to pull over, into a martyr for freedom.</p>",VHS,,,"Action, Rental",true,Genre,Action,,,,,,,,,0.0,shopify,1,deny,manual,0.00,,true,true,,,,,18680826,https://cdn.shopify.com/s/files/1/0826/6363/7242/files/images_220c0272-6e96-4a42-bf09-65e9c2ef4a8c.jpg?v=1783606756,1,,false,,,,,,,,,,,,,
blown-away-vhs,Blown Away,"<p>After staging a particularly gory jailbreak, Irish Republican Army agent Ryan Gaerity (Tommy Lee Jones) makes his way to Boston and begins systematically picking off members of the police bomb squad. The leader of this team, Jimmy Dove (Jeff Bridges), is set to retire, but the recent spate of bombings leads him to stay on in an attempt to save as many of his men as possible. It isn't long before he discovers the culprit is his old colleague Gaerity, seeking revenge from their shared past.</p>",VHS,,,"Action, Rental",true,Genre,Action,,,,,,,,,0.0,shopify,1,deny,manual,0.00,,true,true,,,,,18615290,https://cdn.shopify.com/s/files/1/0826/6363/7242/files/images_8488d2de-9815-4b76-85f2-042af6e97da0.jpg?v=1783606756,1,,false,,,,,,,,,,,,,
taffin-vhs,Taffin,"<p>Cutthroat developers are intent on building a chemical plant in an Irish town, and they'll use any means necessary to silence their opponents. In need of more help than the law can provide, the town's citizens turn to Mark Taffin, a debt collector and martial-arts expert who's accustomed to getting his way. As Taffin battles against corporate goons and hired thugs, it's clear he's a force to be reckoned with. But is one man enough to win the battle?</p>",VHS,,,"Action, Rental",true,Genre,Action,,,,,,,,,0.0,shopify,1,deny,manual,0.00,,true,true,,,,,18516986,https://cdn.shopify.com/s/files/1/0826/6363/7242/files/images_53efad63-07b2-476d-bdfc-1e56686d2446.jpg?v=1783606754,1,,false,,,,,,,,,,,,,
the-lost-world-jurassic-park-vhs,The Lost World: Jurassic Park,"<p>Sequel in which the entrepreneur who genetically engineered the dinosaurs in Jurassic Park transpires to have cloned more of the prehistoric monsters on another island location. Researchers arrive to observe the creatures in their natural habitat, but hot on their heels is a band of mercenaries intent on capturing the dinosaurs and transporting them back to San Diego Zoo.</p>",VHS,,,"Action, Rental",true,Genre,Action,,,,,,,,,0.0,shopify,1,deny,manual,0.00,,true,true,,,,,18418682,https://cdn.shopify.com/s/files/1/0826/6363/7242/files/images_b5446436-0332-4cdf-8c1c-c84efe08dc49.jpg?v=1783606752,1,,false,,,,,,,,,,,,,
licence-to-kill-vhs,Licence to Kill,"<p>James Bond adventure in which 007 relinquishes his licence to kill, disobeys his orders and goes on a mission of revenge when his best friend's wife is killed by a drug baron. A beautiful CIA pilot flies him to Sanchez's South American headquarters where, disguised as a hit man, Bond is hired by the villainous drug dealer.</p>",VHS,,,"Action, Rental",true,Genre,Action,,,,,,,,,0.0,shopify,1,deny,manual,0.00,,true,true,,,,,18320378,https://cdn.shopify.com/s/files/1/0826/6363/7242/files/images_e58e5c1f-f090-4951-82b4-ef7fdf56e905.jpg?v=1783606751,1,,false,,,,,,,,,,,,,
pearl-harbor-vhs,Pearl Harbor,"<p>This sweeping drama, based on real historical events, follows American boyhood friends Rafe McCawley (Ben Affleck) and Danny Walker (Josh Hartnett) as they enter World War II as pilots. Rafe is so eager to take part in the war that he departs to fight in Europe alongside England's Royal Air Force. On the home front, his girlfriend, Evelyn (Kate Beckinsale), finds comfort in the arms of Danny. The three of them reunite in Hawaii just before the Japanese attack on Pearl Harbor.</p>",VHS,,,"Action, Rental",true,Genre,Action,,,,,,,,,0.0,shopify,1,deny,manual,0.00,,true,true,,,,,18254842,https://cdn.shopify.com/s/files/1/0826/6363/7242/files/s-l960.webp?v=1783606750,1,,false,,,,,,,,,,,,,
fantasyb-mission-force-vhs,Fantasyb Mission Force,"<p>A team of misfit fighters is sent on a mission to rescue army generals held as prisoners. However, chaos erupts as the inexperienced team tries its best to complete the mission.</p>",VHS,,,"Action, Rental",true,Genre,Action,,,,,,,,,0.0,shopify,1,deny,manual,0.00,,true,true,,,,,18156538,https://cdn.shopify.com/s/files/1/0826/6363/7242/files/images_e675c7d3-53a0-4434-b2f2-2bcd36bd68df.jpg?v=1783606748,1,,false,,,,,,,,,,,,,
saving-private-ryan-vhs,Saving Private Ryan,"<p>Captain John Miller (Tom Hanks) takes his men behind enemy lines to find Private James Ryan, whose three brothers have been killed in combat. Surrounded by the brutal realties of war, while searching for Ryan, each man embarks upon a personal journey and discovers their own strength to triumph over an uncertain future with honor, decency and courage.</p>",VHS,,,"Action, Rental",true,Genre,Action,,,,,,,,,0.0,shopify,1,deny,manual,0.00,,true,true,,,,,17927162,https://cdn.shopify.com/s/files/1/0826/6363/7242/files/images_44b1dbd4-1f10-49dc-8fea-94e39f922b2d.jpg?v=1783606747,1,,false,,,,,,,,,,,,,
jurassic-park-vhs,Jurassic Park,"<p>In Steven Spielberg's massive blockbuster, paleontologists Alan Grant (Sam Neill) and Ellie Sattler (Laura Dern) and mathematician Ian Malcolm (Jeff Goldblum) are among a select group chosen to tour an island theme park populated by dinosaurs created from prehistoric DNA. While the park's mastermind, billionaire John Hammond (Richard Attenborough), assures everyone that the facility is safe, they find out otherwise when various ferocious predators break free and go on the hunt.</p>",VHS,,,"Action, Rental",true,Genre,Action,,,,,,,,,0.0,shopify,1,deny,manual,0.00,,true,true,,,,,17632250,https://cdn.shopify.com/s/files/1/0826/6363/7242/files/images_f94d8c7f-1eac-432d-b9ae-40f6d9dc440a.jpg?v=1783606746,1,,false,,,,,,,,,,,,,
the-mask-of-zorro-vhs,The Mask of Zorro,"<p>After being imprisoned for 20 years, Zorro -- Don Diego de la Vega (Anthony Hopkins) -- receives word that his old enemy, Don Rafael Montero (Stuart Wilson), has returned. Don Diego escapes and returns to his old headquarters, where he trains aimless drunk Alejandro Murrieta (Antonio Banderas) to be his successor. Meanwhile, Montero -- who has secretly raised Diego's daughter, Elena (Catherine Zeta-Jones), as his own -- hatches a plot to rob California of its gold.</p>",VHS,,,"Action, Rental",true,Genre,Action,,,,,,,,,0.0,shopify,1,deny,manual,0.00,,true,true,,,,,17533946,https://cdn.shopify.com/s/files/1/0826/6363/7242/files/images_338ef003-c2ac-4645-8569-093fe27a55b9.jpg?v=1783606745,1,,false,,,,,,,,,,,,,
theif-vhs,Thief,"<p>A highly skilled jewel thief, Frank (James Caan) longs to leave his dangerous trade and settle down with his girlfriend, Jessie (Tuesday Weld). Eager to make one last big score in order to begin living a legitimate life, Frank reluctantly associates with Leo (Robert Prosky), a powerful gangster. Unfortunately for Frank, Leo wants to keep him in his employ, resulting in a tense showdown when he finally tries to give up his criminal activities once and for all.</p>",VHS,Uncategorized,,"Action, Rental",true,Genre,Action,,,,,,,,,0.0,shopify,1,deny,manual,0.00,,true,true,,,,,17468410,https://cdn.shopify.com/s/files/1/0826/6363/7242/files/images_a141caf9-541b-4794-89e3-be74739cfb34.jpg?v=1783606743,1,,false,,,,,,,,,,,,,
reindeer-games-vhs,Reindeer Games,"<p>Just released from prison, all Rudy Duncan (Ben Affleck) wants is to start a new life with Ashley (Charlize Theron), the girl of his dreams, whom he met through pen pal letters in prison. But between them and happiness stands her crazy brother, Gabriel (Gary Sinise), and his motley crew of deadly criminals who think Rudy has some inside information about a casino where he once had a job -- a casino Gabriel and his short-fused posse plan to take down.</p>",VHS,,,,true,Genre,#VALUE!,,,,,,,,,0.0,shopify,1,deny,manual,0.00,,true,true,,,,,89943290,https://cdn.shopify.com/s/files/1/0826/6363/7242/files/images_b95df578-48c8-4f0b-a3ce-c63fb85f6bb7.jpg?v=1783606252,1,,false,,,,,,,,,,,,,
the-fan-vhs,The Fan,"<p>A troubled salesman who peddles knives, Gil Renard (Robert De Niro) has a volatile personality, which has resulted in divorce and a strained relationship with his young son. The one thing that Renard cares passionately about is baseball, particularly the San Francisco Giants and the team's newest recruit, Bobby Rayburn (Wesley Snipes). As Renard's personal life continues to crumble, he begins obsessively tracking Rayburn, leading to kidnapping and even murder.</p>",VHS,,,"Rental, Thriller",true,Genre,Thriller,,,,,,,,,0.0,shopify,1,deny,manual,0.00,,true,true,,,,,89877754,https://cdn.shopify.com/s/files/1/0826/6363/7242/files/images_7dacfdd9-7d9f-435b-83ad-d1ca3c608528.jpg?v=1783606250,1,,false,,,,,,,,,,,,,
beaches-vhs,Beaches,"<p>Hillary (Barbara Hershey) and CC (Bette Midler) meet as children vacationing in Atlantic City, N.J., and remain friends throughout the decades. As CC, a loud New Yorker, pursues a singing career, Hillary, a staid Californian, becomes a successful lawyer. Over the years, they often quarrel or compete, but, as other relationships flourish and die, the two women are always there for each other, traveling from coast to coast through the most tumultuous times.</p>",VHS,,,"Comedy, Rental",true,Genre,Comedy,,,,,,,,,0.0,shopify,1,deny,manual,0.00,,true,true,,,,,89779450,https://cdn.shopify.com/s/files/1/0826/6363/7242/files/images_12c4c03b-e39d-49ee-b44f-166c31774fbb.jpg?v=1783606249,1,,false,,,,,,,,,,,,,
just-cause-vhs,Just Cause,"<p>Paul Armstrong (Sean Connery), a law professor who staunchly fights the death penalty, is lured into defending a death row inmate, Bobby Earl Ferguson (Blair Underwood), convicted of rape and murder. Ferguson is there due to a coerced confession at the hands of a snarling local sheriff (Laurence Fishburne). Armstrong starts to suspect that a psychotic serial killer (Ed Harris) may be the real culprit. But the deeper Armstrong gets, the more he realizes he doesn't know who's innocent at all.</p>",VHS,,,"Action, Rental",true,Genre,Action,,,,,,,,,0.0,shopify,1,deny,manual,0.00,,true,true,,,,,89746682,https://cdn.shopify.com/s/files/1/0826/6363/7242/files/MV5BYzJkYjFhZmMtMDZiZi00YjE0LTlhZTAtZGUyNGFkOWVhODk3XkEyXkFqcGc_._V1_FMjpg_UX1000.jpg?v=1783606248,1,,false,,,,,,,,,,,,,
city-of-the-sea-vhs,City of the Sea,"<p>When a respected New York homicide detective (Robert De Niro) discovers the prime suspect in a murder case is his estranged son (James Franco), he is forced to return home to the decaying boardwalks of Long Beach, Long Island to confront the darkness of his past. During the course of the investigation, he realizes that his failures as a father - and his unresolved anguish about the painful estrangement - have deeply influenced his son's life.</p>",VHS,,,"Action, Rental",true,Genre,Action,,,,,,,,,0.0,shopify,1,deny,manual,0.00,,true,true,,,,,89648378,https://cdn.shopify.com/s/files/1/0826/6363/7242/files/images_abb3397f-9cc4-484f-b5ff-fcd217c54d51.jpg?v=1783606246,1,,false,,,,,,,,,,,,,
so-i-married-an-axe-murderer-vhs,So I Married an Axe Murderer,"<p>Just after a bad breakup, Charlie MacKenzie (Mike Myers) falls for lovely butcher Harriet Michaels (Nancy Travis) and introduces her to his parents. But, as voracious consumers of sensational tabloids, his parents soon come to suspect that Harriet is actually a notorious serial killer -- ""Mrs. X"" -- wanted in connection with a string of bizarre honeymoon killings. Thinking his parents foolish, Charlie proposes to Harriet. But while on his honeymoon with her, he begins to fear they were right.</p>",VHS,,,"Comedy, Rental",true,Genre,Comedy,,,,,,,,,0.0,shopify,1,deny,manual,0.00,,true,true,,,,,89550074,https://cdn.shopify.com/s/files/1/0826/6363/7242/files/images_df192f34-cce7-4d7d-807c-eb6c64ad574d.jpg?v=1783606245,1,,false,,,,,,,,,,,,,
the-color-of-money-vhs,The Color of Money,"<p>Former pool hustler ""Fast Eddie"" Felson (Paul Newman) decides he wants to return to the game by taking a pupil. He meets talented but green Vincent Lauria (Tom Cruise) and proposes a partnership. As they tour pool halls, Eddie teaches Vincent the tricks of scamming, but he eventually grows frustrated with Vincent's showboat antics, leading to an argument and a falling-out. Eddie takes up playing again and soon crosses paths with Vincent as an opponent.</p>",VHS,,,"Drama, Rental",true,Genre,Drama,,,,,,,,,0.0,shopify,1,deny,manual,0.00,,true,true,,,,,89451770,https://cdn.shopify.com/s/files/1/0826/6363/7242/files/images_09290932-db71-4ab9-81b5-64a828302653.jpg?v=1783606243,1,,false,,,,,,,,,,,,,
lost-in-space-vhs,Lost in Space,"<p>Fast and furious space adventure in which a dying Earth depends on one all-American family for its salvation. On their way to colonise a new world, the family run into some unexpected problems. Soon, they find themselves lost in space with little more than a psychotic villain and a variety of unwholesome aliens for company.</p>",VHS,,,"Rental, Sci-Fi",true,Genre,Sci-Fi,,,,,,,,,0.0,shopify,1,deny,manual,0.00,,true,true,,,,,89386234,https://cdn.shopify.com/s/files/1/0826/6363/7242/files/images_7108a276-f865-4437-9176-c07c89ccba50.jpg?v=1783606242,1,,false,,,,,,,,,,,,,
the-kind-and-i-vhs,The Kind and I,"<p>In this film adaptation of the Rodgers &amp; Hammerstein musical, widowed Welsh mother Anna Leonowens (Deborah Kerr) becomes a governess and English tutor to the wives and many children of the stubborn King Mongkut of Siam (Yul Brynner). Anna and the king have a clash of personalities as she works to teach the royal family about the English language, customs and etiquette, and rushes to prepare a party for a group of European diplomats who must change their opinions about the king.</p>",VHS,,,"Musical, Rental",true,Genre,Musical,,,,,,,,,0.0,shopify,1,deny,manual,0.00,,true,true,,,,,89320698,https://cdn.shopify.com/s/files/1/0826/6363/7242/files/images_7004e273-9306-4a7a-ae1b-27c3cb608c89.jpg?v=1783606240,1,,false,,,,,,,,,,,,,
chuck-norris-triple-feature-vhs,Chuck Norris: Triple Feature,"<p>Chuck Norris began his film career in 1969 as a bit player in The Wrecking Crew. His martial arts expertise ed him to future roles and ultimately to stardom in such films as Good Guys Wear Black and A Force of One. Braddock Missing in Action III, Hero and the Terror and The Delta Force are Chuck Norris action adventures at their very best.</p>",VHS,,,"Action, Rental",true,Genre,Action,,,,,,,,,0.0,shopify,1,deny,manual,0.00,,true,true,,,,,88993018,https://cdn.shopify.com/s/files/1/0826/6363/7242/files/images_7508e967-6ace-4519-9e74-f5b8353d4209.jpg?v=1783606239,1,,false,,,,,,,,,,,,,
an-officer-and-a-gentelman-vhs,An Officer and a Gentelman,"<p>Zack Mayo (Richard Gere), a new member of the U.S. Navy, has a bad attitude. When he signs up for the Aviation Academy, he is met with the strict leadership of Sgt. Emil Foley (Louis Gossett Jr.), who gives Zack a rude awakening in terms of relating with other people. Through Foley's guidance -- and an unexpected romance with Paula (Debra Winger), an outsider who hangs around the naval base -- Zack learns some tough lessons and discovers what he truly wants out of life.</p>",VHS,,,"Drama, Rental",true,Genre,Drama,,,,,,,,,0.0,shopify,1,deny,manual,0.00,,true,true,,,,,88894714,https://cdn.shopify.com/s/files/1/0826/6363/7242/files/images_8480f2ee-4130-42d1-b662-dce10258f7da.jpg?v=1783606237,1,,false,,,,,,,,,,,,,
the-quiet-man-vhs,The Quiet Man,"<p>After accidentally killing an opponent in the ring, boxer Sean Thornton leaves America and returns to his native Ireland, hoping to buy his family's homestead and live in peace. In doing so, he runs afoul of Will Danaher, who long coveted the property. Spitefully, Will objects when his fiery sister, Mary Kate, begins a romance with Sean and refuses to hand over her dowry. Mary Kate refuses to consummate the marriage until Sean retrieves the money.</p>",VHS,,,"Drama, Rental",true,Genre,Drama,,,,,,,,,0.0,shopify,1,deny,manual,0.00,,true,true,,,,,88829178,https://cdn.shopify.com/s/files/1/0826/6363/7242/files/MV5BOGEyZDk1YmEtOTVmOC00YWQxLWEzOWYtYzkzNGE0MTFhMzRkXkEyXkFqcGc_._V1.jpg?v=1783606236,1,,false,,,,,,,,,,,,,
ps-your-cat-is-dead-vhs,P.S. Your Cat is Dead,"<p>Aad-sack Jimmy Zoole comes home New Year's Eve to find a burglar looting his apartment. Taking the intruder hostage, Jimmy threatens to unleash his pent-up rage on the would-be thief but instead begins to bond with his captive.</p>",VHS,,,"Comedy, Rental",true,Genre,Comedy,,,,,,,,,0.0,shopify,1,deny,manual,0.00,,true,true,,,,,88763642,https://cdn.shopify.com/s/files/1/0826/6363/7242/files/MV5BMTFjMTRlYjgtNTQ2My00YzBjLWI2MjYtNDdlYzRjYTQwZDY3XkEyXkFqcGc_._V1.jpg?v=1783606235,1,,false,,,,,,,,,,,,,
frantic-vhs,Frantic,"<p>While attending a medical conference in Paris, Dr. Richard Walker (Harrison Ford) is horrified when his wife, Sondra (Betty Buckley), is abducted from their hotel room while he is taking a shower. Using his limited knowledge of French language and culture, Walker must navigate the bureaucracy of French law enforcement and ultimately, with the help of street waif Michelle (Emmanuelle Seigner), infiltrate Paris' criminal underworld in order to discover what really happened to his wife.</p>",VHS,,,"Rental, Thriller",true,Genre,Thriller,,,,,,,,,0.0,shopify,1,deny,manual,0.00,,true,true,,,,,88698106,https://cdn.shopify.com/s/files/1/0826/6363/7242/files/images_9919c5e7-effa-4cde-8821-5124c371bed1.jpg?v=1783606233,1,,false,,,,,,,,,,,,,
primal-fear-vhs,Primal Fear,"<p>Defense attorney Martin Vail takes on jobs for money and prestige rather than any sense of the greater good. His latest case involves an altar boy, accused of brutally murdering the archbishop of Chicago. Vail finds himself up against his ex-pupil and ex-lover, but as the case progresses and the Church's dark secrets are revealed, Vail finds that what appeared a simple case takes on a darker, more dangerous aspect.</p>",VHS,,,"Rental, Thriller",true,Genre,Thriller,,,,,,,,,0.0,shopify,1,deny,manual,0.00,,true,true,,,,,88599802,https://cdn.shopify.com/s/files/1/0826/6363/7242/files/images_d85242e9-6483-488a-92c8-4bb971000d78.jpg?v=1783606232,1,,false,,,,,,,,,,,,,
a-devils-advocate-vhs,A Devils Advocate,"<p>Aspiring Florida defense lawyer Kevin Lomax (Keanu Reeves) accepts a high-powered position at a New York law firm headed by legal shark John Milton (Al Pacino). As Kevin moves up in the firm's ranks, his wife, Mary Ann (Charlize Theron), has several frightening, mystical experiences that begin to warp her sense of reality. With the stakes getting higher with each case, Kevin quickly learns that his mentor is planning a far greater evil than simply winning without scruples.</p>",VHS,,,"Rental, Thriller",true,Genre,Thriller,,,,,,,,,0.0,shopify,1,deny,manual,0.00,,true,true,,,,,88534266,https://cdn.shopify.com/s/files/1/0826/6363/7242/files/images_103371d4-5321-4c3b-ac0e-25f07fc9e681.jpg?v=1783606230,1,,false,,,,,,,,,,,,,
when-harry-met-sally-vhs,When Harry Met Sally,"<p>In 1977, college graduates Harry Burns (Billy Crystal) and Sally Albright (Meg Ryan) share a contentious car ride from Chicago to New York, during which they argue about whether men and women can ever truly be strictly platonic friends. Ten years later, Harry and Sally meet again at a bookstore, and in the company of their respective best friends, Jess (Bruno Kirby) and Marie (Carrie Fisher), attempt to stay friends without sex becoming an issue between them.</p>",VHS,,,"Rental, Romantic Comedy",true,Genre,Romantic Comedy,,,,,,,,,0.0,shopify,1,deny,manual,0.00,,true,true,,,,,88435962,https://cdn.shopify.com/s/files/1/0826/6363/7242/files/images_72aa4f5c-5e02-4f90-a8f1-140e663e4d35.jpg?v=1783606229,1,,false,,,,,,,,,,,,,
mash-vhs,MASH,"<p>Irreverent black comedy following the exploits of a host of offbeat characters at a medical unit during the Korean War, including surgeons Hawkeye Pierce and Trapper John McIntyre who create havoc with their martini parties and practical jokes while the war rages around them. The film spawned a successful television series and won an Oscar for best screenplay.</p>",VHS,,,"Comedy, Rental",true,Genre,Comedy,,,,,,,,,0.0,shopify,1,deny,manual,0.00,,true,true,,,,,88337658,https://cdn.shopify.com/s/files/1/0826/6363/7242/files/images_7ca82cb3-caf1-416f-9b68-da0d7494a223.jpg?v=1783606227,1,,false,,,,,,,,,,,,,
passenger-57-vhs,Passenger 57,,VHS,,,"Action, Floor Sale",true,Genre,Action,,,,,,,,,0.0,shopify,1,deny,manual,5.00,,true,true,,,,,84381690,,,,false,,,,,,,,,,,,,
amongst-friends-vhs,Amongst Friends,,VHS,,,"Floor Sale, Thriller",true,Genre,Thriller,,,,,,,,,0.0,shopify,1,deny,manual,5.00,,true,true,,,,,84348922,,,,false,,,,,,,,,,,,,
american-eagle-vhs,American Eagle,,VHS,,,"Action, Floor Sale",true,Genre,Action,,,,,,,,,0.0,shopify,1,deny,manual,8.00,,true,true,,,,,84283386,,,,false,,,,,,,,,,,,,
incoming-freshmen-vhs,Incoming Freshmen,,VHS,,,"Comedy, Floor Sale",true,Genre,Comedy,,,,,,,,,0.0,shopify,1,deny,manual,22.00,,true,true,,,,,84250618,,,,false,,,,,,,,,,,,,
rent-a-kid-vhs,Rent-a-Kid,,VHS,,,"Floor Sale, Kids & Family",true,Genre,Kids & Family,,,,,,,,,0.0,shopify,1,deny,manual,7.00,,true,true,,,,,84217850,,,,false,,,,,,,,,,,,,
jackie-brown-vhs,Jackie Brown,,VHS,,,"Drama, Floor Sale",true,Genre,Drama,,,,,,,,,0.0,shopify,1,deny,manual,11.00,,true,true,,,,,84152314,,,,false,,,,,,,,,,,,,
the-one-vhs,The One,,VHS,,,"Action, Floor Sale",true,Genre,Action,,,,,,,,,0.0,shopify,1,deny,manual,5.00,,true,true,,,,,83857402,,,,false,,,,,,,,,,,,,
jungleground-vhs,Jungleground,,VHS,,,"Action, Floor Sale",true,Genre,Action,,,,,,,,,0.0,shopify,1,deny,manual,11.00,,true,true,,,,,83824634,,,,false,,,,,,,,,,,,,
best-defense-vhs,Best Defense,,VHS,,,"Comedy, Floor Sale",true,Genre,Comedy,,,,,,,,,0.0,shopify,1,deny,manual,5.00,,true,true,,,,,83791866,,,,false,,,,,,,,,,,,,
the-avengers-1998-vhs,The Avengers (1998),,VHS,,,"Action, Floor Sale",true,Genre,Action,,,,,,,,,0.0,shopify,1,deny,manual,5.00,,true,true,,,,,83759098,,,,false,,,,,,,,,,,,,
patriot-games-vhs,Patriot Games,,VHS,,,"Action, Floor Sale",true,Genre,Action,,,,,,,,,0.0,shopify,1,deny,manual,5.00,,true,true,,,,,83726330,,,,false,,,,,,,,,,,,,
the-outfit-vhs,The Outfit,,VHS,,,"Floor Sale, Thriller",true,Genre,Thriller,,,,,,,,,0.0,shopify,1,deny,manual,10.00,,true,true,,,,,83693562,,,,false,,,,,,,,,,,,,
jakarta-vhs,Jakarta,,VHS,,,"Action, Floor Sale",true,Genre,Action,,,,,,,,,0.0,shopify,1,deny,manual,12.00,,true,true,,,,,83660794,,,,false,,,,,,,,,,,,,
in-a-class-of-his-own-vhs,In A Class of His Own,,VHS,,,"Drama, Floor Sale",true,Genre,Drama,,,,,,,,,0.0,shopify,1,deny,manual,4.00,,true,true,,,,,83595258,,,,false,,,,,,,,,,,,,
indecent-behavior-3-vhs,Indecent Behavior 3,,VHS,,,"Floor Sale, Thriller",true,Genre,Thriller,,,,,,,,,0.0,shopify,1,deny,manual,6.00,,true,true,,,,,83562490,,,,false,,,,,,,,,,,,,
apollo-13-vhs,Apollo 13,,VHS,,,"Drama, Floor Sale",true,Genre,Drama,,,,,,,,,0.0,shopify,1,deny,manual,5.00,,true,true,,,,,19697658,,,,false,,,,,,,,,,,,,
switch-vhs,Switch,,VHS,,,"Comedy, Floor Sale",true,Genre,Comedy,,,,,,,,,0.0,shopify,1,deny,manual,5.00,,true,true,,,,,19632122,,,,false,,,,,,,,,,,,,
tactical-assault-vhs,Tactical Assault,,VHS,,,"Action, Floor Sale",true,Genre,Action,,,,,,,,,0.0,shopify,1,deny,manual,5.00,,true,true,,,,,19599354,,,,false,,,,,,,,,,,,,
the-fourth-protocol-vhs,The Fourth Protocol,,VHS,,,"Floor Sale, Thriller",true,Genre,Thriller,,,,,,,,,0.0,shopify,1,deny,manual,5.00,,true,true,,,,,19468282,,,,false,,,,,,,,,,,,,
wild-hearts-cant-be-broken-vhs,Wild Hearts Can't Be Broken,,VHS,,,"Floor Sale, Kids & Family",true,Genre,Kids & Family,,,,,,,,,0.0,shopify,1,deny,manual,5.00,,true,true,,,,,19435514,,,,false,,,,,,,,,,,,,
the-warning-vhs,The Warning,,VHS,,,"Floor Sale, Thriller",true,Genre,Thriller,,,,,,,,,0.0,shopify,1,deny,manual,4.00,,true,true,,,,,19173370,,,,false,,,,,,,,,,,,,
hotel-colonial-vhs,Hotel Colonial,,VHS,,,"Action, Floor Sale",true,Genre,Action,,,,,,,,,0.0,shopify,1,deny,manual,6.00,,true,true,,,,,19042298,,,,false,,,,,,,,,,,,,
lethal-weapon-4-vhs,Lethal Weapon 4,,VHS,,,"Action, Floor Sale",true,Genre,Action,,,,,,,,,0.0,shopify,1,deny,manual,5.00,,true,true,,,,,19009530,,,,false,,,,,,,,,,,,,
super-speedway-dvd,Super Speedway,,DVD,,,"Documentary, Floor Sale",true,Genre,Documentary,,,,,,,,,0.0,shopify,1,deny,manual,5.00,,true,true,,,,,18976762,,,,false,,,,,,,,,,,,,
when-we-were-kings-vhs,When We Were Kings,,VHS,,,"Documentary, Floor Sale",true,Genre,Documentary,,,,,,,,,0.0,shopify,1,deny,manual,8.00,,true,true,,,,,18812922,,,,false,,,,,,,,,,,,,
the-big-man-vhs,The Big Man,,VHS,,,"Drama, Floor Sale",true,Genre,Drama,,,,,,,,,0.0,shopify,1,deny,manual,4.00,,true,true,,,,,18747386,,,,false,,,,,,,,,,,,,
baby-geniuses-vhs,Baby Geniuses,,VHS,,,"Floor Sale, Kids & Family",true,Genre,Kids & Family,,,,,,,,,0.0,shopify,1,deny,manual,4.00,,true,true,,,,,18714618,,,,false,,,,,,,,,,,,,
the-legendof-the-lone-ranger-vhs,The Legendof the Lone Ranger,,VHS,,,"Action, Floor Sale",true,Genre,Action,,,,,,,,,0.0,shopify,1,deny,manual,4.00,,true,true,,,,,18649082,,,,false,,,,,,,,,,,,,
the-big-chill-vhs-rental,The Big Chill,"<p>A once close-knit gang of friends -- including an actor (JoBeth Williams), a doctor (Glenn Close) and her husband (Kevin Kline), a Vietnam veteran (William Hurt), and a journalist (Tom Berenger) -- meets for a weekend after the funeral of their much-envied friend Alex, who committed suicide. The friends spend the weekend confronting the personal truths, sacrifices and betrayals that have left them disenchanted. Each must contend with unresolved issues they have with Alex, and with one another.</p>",VHS,,,"Comedy, Rental",true,Genre,Comedy,,,,,,,,,0.0,shopify,1,deny,manual,0.00,,true,true,,,,,07881466,https://cdn.shopify.com/s/files/1/0826/6363/7242/files/MV5BYjQ4ZmRmNDEtMGZlMy00OGZhLTgwYzEtMTRhZWM2NGJlNmYxXkEyXkFqcGc_._V1.jpg?v=1783569722,1,,false,,,,,,,,,,,,,
the-thomas-crown-affair-vhs-rental,The Thomas Crown Affair,"<p>Bored billionaire Thomas Crown (Pierce Brosnan) decides to entertain himself by stealing a Monet from a reputed museum. When Catherine Banning (Rene Russo), an investigator for the museum's insurance company, takes an interest in Crown, a complicated back-and-forth game with romantic undertones begins between them. In an attempt to find out where Banning's loyalties lie, Crown returns the painting and essentially turns himself in, hoping that Banning's feelings for him will lead to an escape.</p>",VHS,Uncategorized,,"Drama, Rental",true,Genre,Drama,,,,,,,,,0.0,shopify,1,deny,manual,0.00,,true,true,,,,,07815930,https://cdn.shopify.com/s/files/1/0826/6363/7242/files/images_48cebaad-7ea3-47e3-9940-57cd46d3c06e.jpg?v=1783569721,1,,false,,,,,,,,,,,,,
the-pelican-brief-vhs-rental,The Pelican Brief,"<p>Taut thriller about a young law student whose legal brief about the assassination of two Supreme Court justices causes her to be targeted by killers. She realizes just how accurate her accusations have been when her lover and mentor is murdered. Forced to go on the run in New Orleans, she is aided by a journalist who helps her unravel a conspiracy involving senior government figures.</p>",VHS,Uncategorized,,"Drama, Rental",true,Genre,Drama,,,,,,,,,0.0,shopify,1,deny,manual,0.00,,true,true,,,,,07750394,https://cdn.shopify.com/s/files/1/0826/6363/7242/files/The_Pelican_Brief.jpg?v=1783569719,1,,false,,,,,,,,,,,,,
mrs-doubtfire-vhs-rental,Mrs. Doubtfire,"<p>Slapstick film about a divorced actor who is willing to go to any lengths to get his children back, even posing as a matronly Scottish housekeeper. His family, taken in by the disguise, decide to employ the eccentric but apparently capable widow, and everyone is happy with the arrangement - until the mother's old boyfriend reappears and tries to become a father figure to the children.</p>",VHS,,,"Comedy, Rental",true,Genre,Comedy,,,,,,,,,0.0,shopify,1,deny,manual,0.00,,true,true,,,,,07652090,https://cdn.shopify.com/s/files/1/0826/6363/7242/files/images_5fb3a534-7900-4691-b456-91f01656e60b.jpg?v=1783569718,1,,false,,,,,,,,,,,,,
leap-of-faith-vhs,Leap of Faith,"<p>Touring Christian evangelist Jonas Nightingale (Steve Martin) and his cohorts tend to put on their bogus faith-healing revivals in major cities, where hefty donations flow freely. But, when Jonas and company find themselves stuck in a remote nook of Kansas, they decide to perform for the locals and take them for all they are worth. The shows go off without a hitch, until sensible lawman Will Braverman (Liam Neeson) catches on to the scam and vows to prove to everyone that Jonas is a fake.</p>",VHS,,,"Comedy, Rental",true,Genre,Comedy,,,,,,,,,0.0,shopify,1,deny,manual,0.00,,true,true,,,,,51913722,https://cdn.shopify.com/s/files/1/0826/6363/7242/files/images_d10dd5fc-84dc-4c80-975c-b6d3ed0a68c4.jpg?v=1783567988,1,,false,,,,,,,,,,,,,
happy-gilmore-vhs,Happy Gilmore,"<p>All Happy Gilmore (Adam Sandler) has ever wanted is to be a professional hockey player. But he soon discovers he may actually have a talent for playing an entirely different sport: golf. When his grandmother (Frances Bay) learns she is about to lose her home, Happy joins a golf tournament to try and win enough money to buy it for her. With his powerful driving skills and foulmouthed attitude, Happy becomes an unlikely golf hero -- much to the chagrin of the well-mannered golf professionals.</p>",VHS,,,"Comedy, Rental",true,Genre,Comedy,,,,,,,,,0.0,shopify,1,deny,manual,0.00,,true,true,,,,,51848186,https://cdn.shopify.com/s/files/1/0826/6363/7242/files/MV5BMzMyZTM1MTMtNDdjOS00NzIzLTkxY2QtZTU4OGYxOTUwNDMxXkEyXkFqcGc_._V1_FMjpg_UX1000.jpg?v=1783567988,1,,false,,,,,,,,,,,,,
a-very-brady-sequel-vhs,A Very Brady Sequel,<p>A Very Brady Sequel</p>,VHS,,,"Comedy, Rental",true,Genre,Comedy,,,,,,,,,0.0,shopify,1,deny,manual,0.00,,true,true,,,,,51815418,https://cdn.shopify.com/s/files/1/0826/6363/7242/files/images_a80a89e2-9d9a-4f9f-aa23-f305bf5f5891.jpg?v=1783567986,1,,false,,,,,,,,,,,,,
200-cigarettes-vhs,200 Cigarettes,"<p>This ensemble comedy follows an array of young people in New York City on New Year's Eve. Among the numerous characters looking for love and fun are impulsive artist Ellie (Janeane Garofalo) and punks Tom (Casey Affleck) and Dave (Guillermo Diaz), who meet up with Stephie (Gaby Hoffmann) and Val (Christina Ricci), two girls from Long Island. Also interacting with various partygoers are a pensive bartender (Ben Affleck) and a taxi driver (Dave Chappelle) who operates a disco in his cab.</p>",VHS,,,"Comedy, Rental",true,Genre,Comedy,,,,,,,,,0.0,shopify,1,deny,manual,0.00,,true,true,,,,,51782650,https://cdn.shopify.com/s/files/1/0826/6363/7242/files/images_4ac60e5e-fd83-48d1-9374-61960930a8e6.jpg?v=1783567985,1,,false,,,,,,,,,,,,,
double-take-vhs,Double Take,"<p>A successful New York investment banker Daryl Chase (Orlando Jones) is suddenly on the run and has to switch identities with low-life petty thief Freddy Tiffany (Eddie Griffin). Until now, Daryl's led a charmed life. However, everything is turned upside down when he is framed for laundering millions for a Mexican drug cartel. He makes a run to the border in an attempt to clear his name.</p>",VHS,,,"Comedy, Rental",true,Genre,Comedy,,,,,,,,,0.0,shopify,1,deny,manual,0.00,,true,true,,,,,51749882,https://cdn.shopify.com/s/files/1/0826/6363/7242/files/images_e9c5a633-6650-4011-a54e-f09196ca9f53.jpg?v=1783567984,1,,false,,,,,,,,,,,,,
field-of-dreams-vhs,Field of Dreams,"<p>When Iowa farmer Ray hears a mysterious voice one night in his cornfield saying ""If you build it, he will come,"" he feels the need to act. Despite taunts of lunacy, Ray builds a baseball diamond on his land, supported by his wife, Annie. Afterward, the ghosts of great players start emerging from the crops to play ball, led by ""Shoeless"" Joe Jackson. But, as Ray learns, this field of dreams is about much more than bringing former baseball greats out to play.</p>",VHS,,,"Comedy, Rental",true,Genre,Comedy,,,,,,,,,0.0,shopify,1,deny,manual,0.00,,true,true,,,,,51717114,https://cdn.shopify.com/s/files/1/0826/6363/7242/files/images_bd177095-6edf-4f30-bcc3-9db015de46e7.jpg?v=1783567982,1,,false,,,,,,,,,,,,,
drowning-mona-vhs,Drowning Mona,"<p>The recently deceased Mona Dearly was many things: an abusive wife, a domineering mother, a loud-mouthed neighbor and a violent malcontent. So when her car and corpse are discovered in the Hudson River, police Chief Wyatt Rash immediately suspects murder rather than an accident. But, since the whole community of Verplanck, N.Y., shares a deep hatred for this unceasingly spiteful woman, Rash finds his murder investigation overwhelmed with potential suspects.</p>",VHS,,,"Comedy, Rental",true,Genre,Comedy,,,,,,,,,0.0,shopify,1,deny,manual,0.00,,true,true,,,,,51684346,https://cdn.shopify.com/s/files/1/0826/6363/7242/files/images_3d6fba21-0017-47ef-842f-057bc6bd3f21.jpg?v=1783567981,1,,false,,,,,,,,,,,,,
twin-town-vhs,Twin Town,"<p>While working on a roof, Fatty (Huw Ceredig) tumbles off a ladder and injures himself, initiating a feud between his family and the roof's contractor, drug dealer Bryn Cartwright (William Thomas). Fatty's twin junkie grandsons, Julian (Llyr Ifans) and Jeremy (Rhys Ifans) -- who are not in fact twins --attempt to procure compensation from Cartwright, who refuses to pay up. The doped-up Julian and Jeremy then inflict anarchy not only on Cartwright and his family but on anyone they encounter.</p>",VHS,,,"Comedy, Rental",true,Genre,Comedy,,,,,,,,,0.0,shopify,1,deny,manual,0.00,,true,true,,,,,51651578,https://cdn.shopify.com/s/files/1/0826/6363/7242/files/images_cd97226b-ca7d-46f5-a978-8d64c854ebca.jpg?v=1783567980,1,,false,,,,,,,,,,,,,
the-prisoner-of-second-ave-vhs,The Prisoner of Second Ave,"<p>Neurotic middle-aged New Yorker Mel Edison (Jack Lemmon) is fired from his advertising job, forcing his loving wife, Edna (Anne Bancroft), to become the couple's sole breadwinner. Feeling emasculated, he begins to fall into a depression. A summer heat wave, unthoughtful neighbors and a robbery only worsen matters. When Mel finally suffers a nervous breakdown, he relies on those closest to him, including Edna and his brother Harry (Gene Saks), to restore his sanity.</p>",VHS,,,"Comedy, Rental",true,Genre,Comedy,,,,,,,,,0.0,shopify,1,deny,manual,0.00,,true,true,,,,,51618810,https://cdn.shopify.com/s/files/1/0826/6363/7242/files/images_e7a2259b-ee87-4aa3-ac06-fac41b115020.jpg?v=1783567979,1,,false,,,,,,,,,,,,,
theres-something-about-mary-special-edition-vhs,There's Something About Mary: Special Edition,"<p>Ted's dream prom date with Mary never happens due to an embarrassing injury at her home. Years later, Ted hires Pat Healy to track down Mary so he can reconnect with her. Pat lies to Ted about Mary, and he finds out everything he can about her to trick her into dating him. Ted travels to meet Mary and has to weave through the web of lies that Pat and Mary's friend Tucker have woven to try and win her over.</p>",VHS,,,"Comedy, Rental",true,Genre,Comedy,,,,,,,,,0.0,shopify,1,deny,manual,0.00,,true,true,,,,,51586042,https://cdn.shopify.com/s/files/1/0826/6363/7242/files/images_014eb741-0048-4bf3-b6c2-152098d3c14c.jpg?v=1783567978,1,,false,,,,,,,,,,,,,
pumpkin-vhs,Pumpkin,"<p>Carolyn's sorority sisters set their sights on the Sorority of the Year award and coaching athletes is their ticket to the trophy. When the queen of formals finds herself mentoring Pumpkin, a disabled athlete, their two worlds collide. Despite the hostility they feel from all sides, a tender romance grows.</p>",VHS,,,"Comedy, Rental",true,Genre,Comedy,,,,,,,,,0.0,shopify,1,deny,manual,0.00,,true,true,,,,,51553274,https://cdn.shopify.com/s/files/1/0826/6363/7242/files/images_df1b9292-9006-473a-bab7-9c6136956cff.jpg?v=1783567976,1,,false,,,,,,,,,,,,,
the-hollywood-knights-vhs,The Hollywood Knights,"<p>It's Halloween night, 1965, and members of the Hollywood Knights -- a drag-racing club -- have just been informed that their cherished Beverly Hills, Calif., hangout, Tubby's Diner, is being demolished to make way for an office building. Newbomb Turk (Robert Wuhl), the club's leader, vows to fight back. Duke (Tony Danza) and his girlfriend, Suzie Q (Michelle Pfeiffer), help Newbomb as they navigate a rough patch in their relationship. Meanwhile, the police work to shut the diner down.</p>",VHS,,,"Comedy, Rental",true,Genre,Comedy,,,,,,,,,0.0,shopify,1,deny,manual,0.00,,true,true,,,,,51520506,https://cdn.shopify.com/s/files/1/0826/6363/7242/files/images_c325454e-d016-4255-9385-91e3bfd6cf15.jpg?v=1783567974,1,,false,,,,,,,,,,,,,
simon-sez-vhs,Simon Sez,,VHS,,,"Action, Floor Sale",true,Genre,Action,,,,,,,,,0.0,shopify,1,deny,manual,8.00,,true,true,,,,,46375930,,,,false,,,,,,,,,,,,,
taxi-driver-vhs,Taxi Driver,,VHS,,,"Drama, Floor Sale",true,Genre,Drama,,,,,,,,,0.0,shopify,1,deny,manual,14.00,,true,true,,,,,46343162,,,,false,,,,,,,,,,,,,
made-vhs,Made,,VHS,,,"Comedy, Floor Sale",true,Genre,Comedy,,,,,,,,,0.0,shopify,1,deny,manual,5.00,,true,true,,,,,46310394,,,,false,,,,,,,,,,,,,
buffalo-66-vhs,Buffalo '66,,VHS,,,"Drama, Floor Sale",true,Genre,Drama,,,,,,,,,0.0,shopify,1,deny,manual,28.00,,true,true,,,,,46277626,,,,false,,,,,,,,,,,,,
hot-shot-vhs,Hot Shot,,VHS,,,"Drama, Floor Sale",true,Genre,Drama,,,,,,,,,0.0,shopify,1,deny,manual,20.00,,true,true,,,,,46212090,,,,false,,,,,,,,,,,,,
on-deadly-ground-vhs,On Deadly Ground,,VHS,,,"Action, Floor Sale",true,Genre,Action,,,,,,,,,0.0,shopify,1,deny,manual,5.00,,true,true,,,,,46146554,,,,false,,,,,,,,,,,,,
beethovens-2nd-vhs,Beethoven's 2nd,,VHS,,,"Floor Sale, Kids & Family",true,Genre,Kids & Family,,,,,,,,,0.0,shopify,1,deny,manual,4.00,,true,true,,,,,46113786,,,,false,,,,,,,,,,,,,
just-a-gigolo-vhs,Just a Gigolo,,VHS,,,"Drama, Floor Sale",true,Genre,Drama,,,,,,,,,0.0,shopify,1,deny,manual,30.00,,true,true,,,,,46081018,,,,false,,,,,,,,,,,,,
iron-eagle-vhs,Iron Eagle,,VHS,,,"Action, Floor Sale",true,Genre,Action,,,,,,,,,0.0,shopify,1,deny,manual,4.00,,true,true,,,,,46048250,,,,false,,,,,,,,,,,,,
patty-hearst-vhs,Patty Hearst,,VHS,,,"Drama, Floor Sale",true,Genre,Drama,,,,,,,,,0.0,shopify,1,deny,manual,10.00,,true,true,,,,,45982714,,,,false,,,,,,,,,,,,,
the-tao-of-steve-vhs,The Tao of Steve,,VHS,,,"Comedy, Floor Sale",true,Genre,Comedy,,,,,,,,,0.0,shopify,1,deny,manual,5.00,,true,true,,,,,45949946,,,,false,,,,,,,,,,,,,
the-bridges-of-madison-county-vhs,The Bridges of Madison County,"<p>A moving love story about a photographer on assignment to shoot the historic bridges of Madison County. He meets a housewife, whose husband and children are away on a trip, and the film traces a brief affair that is never sordid but instead one of two soul mates who have met too late.</p>",VHS,,,"Drama, Rental",true,Genre,Drama,,,,,,,,,0.0,shopify,1,deny,manual,0.00,,true,true,,,,,35890170,https://cdn.shopify.com/s/files/1/0826/6363/7242/files/images_f2ffb3a6-ff00-4c82-91af-beacac17c2c9.jpg?v=1783566891,1,,false,,,,,,,,,,,,,
michael-collins-vhs,Michael Collins,"<p>In the early 20th century, Michael Collins (Liam Neeson) leads the Irish Republican Army with the help of his friends Harry Boland (Aidan Quinn) and Eamon de Valera (Alan Rickman), in a violent battle for Ireland's independence from Britain. But, when he fears the defeat of his revolution, Collins negotiates a treaty with the British, deeming him a traitor to the IRA. When he receives orders to murder his friends, Collins must decide where his loyalties lie.</p>",VHS,,,"Drama, Rental",true,Genre,Drama,,,,,,,,,0.0,shopify,1,deny,manual,0.00,,true,true,,,,,35857402,https://cdn.shopify.com/s/files/1/0826/6363/7242/files/images_fd636c3d-2174-44ec-a04d-d1474ec49e91.jpg?v=1783566890,1,,false,,,,,,,,,,,,,
tin-cup-vhs,Tin Cup,"<p>Roy McAvoy was a golf pro with a bright future, but his rebellious nature and bad attitude cost him everything. Now working as a golf instructor, he falls for his newest pupil, Dr. Molly Griswold, a psychiatrist who happens to be the girlfriend of PGA Tour star and Roy's rival, David Simms. After he is humiliated by Simms at a celebrity golf tournament, McAvoy decides to make a run for the PGA Tour, as well as Molly's heart.</p>",VHS,,,"Drama, Rental",true,Genre,Drama,,,,,,,,,0.0,shopify,1,deny,manual,0.00,,true,true,,,,,35824634,https://cdn.shopify.com/s/files/1/0826/6363/7242/files/images_ef452923-cf49-428f-a57b-5293630ae337.jpg?v=1783566888,1,,false,,,,,,,,,,,,,
witness-vhs,Witness,"<p>Detective John Book is assigned to guard Amish mother Rachel Lapp and her son Samuel, who witnessed a murder in the toilets at Philadelphia station. However, the killers are after them and the three must hide out in Lapp's community, where Book's aggressive, hard-bitten manner clashes with the gentler beliefs of the Amish.</p>",VHS,,,"Drama, Rental",true,Genre,Drama,,,,,,,,,0.0,shopify,1,deny,manual,0.00,,true,true,,,,,35791866,https://cdn.shopify.com/s/files/1/0826/6363/7242/files/images_4a9b0d07-2d9f-4fa9-98fa-bf973ba1aed7.jpg?v=1783566887,1,,false,,,,,,,,,,,,,
disclosure-vhs,Disclosure,"<p>In this Michael Crichton adaptation, Tom Sanders (Michael Douglas) is a senior executive at a cutting-edge technology corporation on the verge of releasing an innovative new product. Sanders' boss, Bob Galvin (Donald Sutherland), is putting the final touches on a potentially lucrative merger and everything is in order for Tom until a vamp from his past, Meredith Johnson (Demi Moore), swoops in, stealing his impending promotion and then -- doubling down -- suing him for sexual harassment.</p>",VHS,,,"Drama, Rental",true,Genre,Drama,,,,,,,,,0.0,shopify,1,deny,manual,0.00,,true,true,,,,,35759098,https://cdn.shopify.com/s/files/1/0826/6363/7242/files/images_d3cb9d47-ea36-4ce6-b195-ed392416e271.jpg?v=1783566885,1,,false,,,,,,,,,,,,,
forrest-gump-vhs,Forrest Gump,"<p>Slow-witted Forrest Gump (Tom Hanks) has never thought of himself as disadvantaged, and thanks to his supportive mother (Sally Field), he leads anything but a restricted life. Whether dominating on the gridiron as a college football star, fighting in Vietnam or captaining a shrimp boat, Forrest inspires people with his childlike optimism. But one person Forrest cares about most may be the most difficult to save -- his childhood love, the sweet but troubled Jenny (Robin Wright).</p>",VHS,,,"Drama, Rental",true,Genre,Drama,,,,,,,,,0.0,shopify,1,deny,manual,0.00,,true,true,,,,,35726330,https://cdn.shopify.com/s/files/1/0826/6363/7242/files/images_0ebbb7eb-bc2f-495d-9f31-1caa05bd7034.jpg?v=1783566884,1,,false,,,,,,,,,,,,,
saturdayv-night-fever-vhs,Saturdayv Night Fever,"<p>Tony Manero doesn't have much going for him during the weekdays. He still lives at home and works as a paint store clerk in his Brooklyn, New York, neighbourhood. But he lives for the weekends, when he and his friends go to the local disco and dance the night away. When a big dance competition is announced, he wrangles the beautiful and talented Stephanie to be his partner. As the two train for the big night, they start to fall for each other as well.</p>",VHS,,,"Drama, Rental",true,Genre,Drama,,,,,,,,,0.0,shopify,1,deny,manual,0.00,,true,true,,,,,35693562,https://cdn.shopify.com/s/files/1/0826/6363/7242/files/shopping_1ba5df37-7130-4bf5-b978-32e8072671c6.webp?v=1783566883,1,,false,,,,,,,,,,,,,
howards-end-vhs,Howards End,"<p>Helen Schlegel falls for Paul Wilcox, but is rebuffed. Her sister Margaret becomes friends with his mother, who promises her the family house, Howards End. Unfortunately, after her death, the will disappears, and it appears the inheritance will disappear. Until the widower, Henry Wilcox, becomes attracted to Margaret.</p>",VHS,,,"Drama, Rental",true,Genre,Drama,,,,,,,,,0.0,shopify,1,deny,manual,0.00,,true,true,,,,,35660794,https://cdn.shopify.com/s/files/1/0826/6363/7242/files/images_3cee426a-9845-48e2-a865-e149c5acf389.jpg?v=1783566881,1,,false,,,,,,,,,,,,,
lady-hawke-vhs,Lady Hawke,"<p>Upon breaking out of a dungeon, youthful thief Phillipe Gaston (Matthew Broderick) befriends Capt. Navarre (Rutger Hauer), a man with a strange secret. Navarre and his lover Lady Isabeau d'Anjou (Michelle Pfeiffer) were cursed by the wicked Bishop of Aquila (John Wood), who desires Lady Isabeau for himself. His dark magic prevents the pair from ever being in each other's presence except at twilight, so they enlist Gaston in a dangerous plot to overthrow the Bishop and break his evil enchantment.</p>",VHS,,,"Drama, Rental",true,Genre,Drama,,,,,,,,,0.0,shopify,1,deny,manual,0.00,,true,true,,,,,35628026,https://cdn.shopify.com/s/files/1/0826/6363/7242/files/images_821a97e7-d480-4487-a64b-067541f9fb01.jpg?v=1783566880,1,,false,,,,,,,,,,,,,
the-terminal-vhs,The Terminal,"<p>When Viktor Navorski (Tom Hanks), an Eastern European tourist, arrives at JFK in New York, war breaks out in his country, and he finds himself caught up in international politics. Because of the war, the Department of Homeland Security won't let him enter or exit the United States. He's trapped at JFK -- indefinitely. While living at the airport, Viktor falls for a flight attendant (Catherine Zeta-Jones). She may have feelings for him too. But what good is love if Viktor can't leave the terminal?</p>",VHS,,,"Drama, Rental",true,Genre,Drama,,,,,,,,,0.0,shopify,1,deny,manual,0.00,,true,true,,,,,35595258,https://cdn.shopify.com/s/files/1/0826/6363/7242/files/shopping_aa3d018b-761f-489b-a5bb-dc1167f2c85c.webp?v=1783566879,1,,false,,,,,,,,,,,,,
american-quilt-vhs,American Quilt,"<p>Soon-to-be-wed graduate student Finn Dodd (Winona Ryder) develops cold feet when she suspects her fiancé is cheating on her. In order to clear her head, Finn visits her grandmother, Hy (Ellen Burstyn), and great aunt, Glady Joe Cleary (Anne Bancroft), in Grasse, Calif. There, Finn learns that Hy and Glady Joe are members of a group of passionate quilters, and over the course of her visit she is regaled with tales of love and life by women who have collected rich experiences and much wisdom.</p>",VHS,,,"Drama, Rental",true,Genre,Drama,,,,,,,,,0.0,shopify,1,deny,manual,0.00,,true,true,,,,,35562490,https://cdn.shopify.com/s/files/1/0826/6363/7242/files/images_a27d5acf-2e43-41fb-aadc-6738dd124105.jpg?v=1783566877,1,,false,,,,,,,,,,,,,
jerry-maguire-vhs,Jerry Maguire,"<p>When slick sports agent Jerry Maguire (Tom Cruise) has a crisis of conscience, he pens a heartfelt company-wide memo that promptly gets him fired. Desperate to hang on to the athletes that he represents, Jerry starts his own management firm, with only single mother Dorothy Boyd (Renee Zellweger) joining him in his new venture. Banking on their sole client, football player Rod Tidwell (Cuba Gooding Jr.), Jerry and Dorothy begin to fall in love as they struggle to make their business work.</p>",VHS,,,"Drama, Rental",true,Genre,Drama,,,,,,,,,0.0,shopify,1,deny,manual,0.00,,true,true,,,,,35529722,https://cdn.shopify.com/s/files/1/0826/6363/7242/files/images_89356012-87ca-4b08-b27b-50f347410752.jpg?v=1783566876,1,,false,,,,,,,,,,,,,
patch-adams-vhs,Patch Adams,"<p>After struggling with depression in a mental hospital, Hunter ""Patch"" Adams decides he wants to become a doctor. He enrolls at Virginia Medical University but is disillusioned by the school's clinical perspective on patient care. With the aid of a wealthy friend, Adams opens his own medical clinic for those without insurance. He forms a deep bond with fellow medical student Carin Fisher before a tragedy causes Adams to re-evaluate his approach.</p>",VHS,,,"Drama, Rental",true,Genre,Drama,,,,,,,,,0.0,shopify,1,deny,manual,0.00,,true,true,,,,,35267578,https://cdn.shopify.com/s/files/1/0826/6363/7242/files/images_4843ef90-b0c1-441b-941a-8d5c10d7f436.jpg?v=1783566874,1,,false,,,,,,,,,,,,,
cocktail-vhs,Cocktail,"<p>Brian Flanagan (Tom Cruise) wants a high-paying marketing job, but needs a business degree first. Working as a bartender to pay for college, Flanagan is mentored by his veteran boss, Doug Coughlin (Bryan Brown). Together, their showy tricks and charisma command large crowds and tip payments -- until Flanagan and the cynical Coughlin have a falling out. Flanagan moves to Jamaica to raise enough money to open his own bar, where he falls in love with artist Jordan Mooney (Elisabeth Shue).</p>",VHS,,,"Drama, Rental",true,Genre,Drama,,,,,,,,,0.0,shopify,1,deny,manual,0.00,,true,true,,,,,35202042,https://cdn.shopify.com/s/files/1/0826/6363/7242/files/images_87136f47-d868-44f3-bc0d-86033ab8008a.jpg?v=1783566873,1,,false,,,,,,,,,,,,,
jackpot-vhs,Jackpot,"<p>Jackpot, Nevada is a town one hundred miles south of Twin Falls, Idaho. But Jackpot also means the payout of a slot machine-wealth without effort. For Sunny Holiday (Jon Gries), the pathway to success is to become a country-western singer. Abandoning his beautiful wife Bobbi (Daryl Hannah) and their young baby, he sets off with his manager Lester Les Irving (Garrett Morris) on a nine-month, forty-three-city tour through a series of bleak western towns.</p>",VHS,,,"Drama, Rental",true,Genre,Drama,,,,,,,,,0.0,shopify,1,deny,manual,0.00,,true,true,,,,,35005434,https://cdn.shopify.com/s/files/1/0826/6363/7242/files/images_2f38988c-52bc-41fc-aa51-27e52239884d.jpg?v=1783566872,1,,false,,,,,,,,,,,,,
china-cry-vhs,China Cry,"<p>A young woman from an affluent family attempts to join a Maoist group, encountering various hurdles alongside her relatives in pursuit of her goal.</p>",VHS,,,"Drama, Rental",true,Genre,Drama,,,,,,,,,0.0,shopify,1,deny,manual,0.00,,true,true,,,,,34939898,https://cdn.shopify.com/s/files/1/0826/6363/7242/files/MV5BMTQwMTY4MTEzNV5BMl5BanBnXkFtZTcwMjM2MzA0MQ_._V1.jpg?v=1783566871,1,,false,,,,,,,,,,,,,
children-of-a-lesser-god-vhs,Children of a Lesser God,"<p>Starting his new job as an instructor at a New England school for the deaf, James Leeds meets Sarah Norman, a young deaf woman who works at the school as a member of the custodial staff. A romance slowly develops between the pair in spite of Sarah's withdrawn emotional state due in part to her difficult relationship with her mother.</p>",VHS,,,"Drama, Rental",true,Genre,Drama,,,,,,,,,0.0,shopify,1,deny,manual,0.00,,true,true,,,,,34907130,https://cdn.shopify.com/s/files/1/0826/6363/7242/files/images_b3739894-713a-44fb-b5fe-87a8da5c4e26.jpg?v=1783566869,1,,false,,,,,,,,,,,,,
gift-of-love-vhs,Gift of Love,<p>A promising young football player (Elden Henson) makes an incredible offer to his grandmother (Debbie Reynolds) who is in desperate need of a kidney transplant.</p>,VHS,,,"Drama, Rental",true,Genre,Drama,,,,,,,,,0.0,shopify,1,deny,manual,0.00,,true,true,,,,,34677754,https://cdn.shopify.com/s/files/1/0826/6363/7242/files/images_bbe819a8-e0ca-4ae4-9e6f-6e5f648fcb94.jpg?v=1783566868,1,,false,,,,,,,,,,,,,
men-of-honor-vhs,Men of Honor,"<p>Carl Brashear is an ambitious sharecropper who joins the U.S. Navy to become the world's first black master diver. But as he works through diving training, the bitter and racist Master Chief Billy Sunday sets out to make Carl's journey as difficult as possible. Despite the entire Navy doubting his potential and sabotaging his training, the determined Carl proves that he can overcome the discrimination around him.</p>",VHS,,,"Drama, Rental",true,Genre,Drama,,,,,,,,,0.0,shopify,1,deny,manual,0.00,,true,true,,,,,34644986,https://cdn.shopify.com/s/files/1/0826/6363/7242/files/81WzZbfoACL._AC_UF1000_1000_QL80.jpg?v=1783566867,1,,false,,,,,,,,,,,,,
the-end-of-the-affair-vhs,The End of the Affair,"<p>In the years following World War II, writer Maurice Bendrix (Ralph Fiennes) has an unexpected run-in with Henry Miles (Stephen Rea) and his wife, Sarah (Julianne Moore), with whom he once shared a passionate affair. Henry, who never knew, confides in Maurice that he suspects Sarah of adultery, leading to the hiring of a detective (Ian Hart) to follow her. As Sarah never explained why she called off their affair, Maurice follows the investigation closely, his feelings for her reawakened.</p>",VHS,,,"Drama, Rental",true,Genre,Drama,,,,,,,,,0.0,shopify,1,deny,manual,0.00,,true,true,,,,,34612218,https://cdn.shopify.com/s/files/1/0826/6363/7242/files/images_27e64e54-e75a-4be6-aee0-bf57659074b4.jpg?v=1783566865,1,,false,,,,,,,,,,,,,
the-generals-daughter-vhs,The General's Daughter,"<p>When the body of Army Capt. Elizabeth Campbell (Leslie Stefanson) is found on a Georgia military base, two investigators, Warrant Officers Paul Brenner (John Travolta) and Sara Sunhill (Madeleine Stowe), are ordered to solve her murder. What they uncover is anything but clear-cut. Unseemly details emerge about Campbell's life, leading to allegations of a possible military cover-up of her death and the involvement of her father, Lt. Gen. Joseph Campbell (James Cromwell).</p>",VHS,Uncategorized,,"Rental, Thriller",true,Genre,Thriller,,,,,,,,,0.0,shopify,1,deny,manual,0.00,,true,true,,,,,34579450,https://cdn.shopify.com/s/files/1/0826/6363/7242/files/images_04b0ac5a-655d-4b65-be13-76ada59ad11e.jpg?v=1783566864,1,,false,,,,,,,,,,,,,
the-man-inside-vhs,The Man Inside,,VHS,,,"Action, Floor Sale",true,Genre,Action,,,,,,,,,0.0,shopify,1,deny,manual,5.00,,true,true,,,,,22520826,,,,false,,,,,,,,,,,,,
the-big-easy-vhs,The Big Easy,,VHS,,,"Drama, Floor Sale",true,Genre,Drama,,,,,,,,,0.0,shopify,1,deny,manual,4.00,,true,true,,,,,22488058,,,,false,,,,,,,,,,,,,
menace-ii-society-vhs,Menace II Society,,VHS,,,"Floor Sale, Thriller",true,Genre,Thriller,,,,,,,,,0.0,shopify,1,deny,manual,9.00,,true,true,,,,,22356986,,,,false,,,,,,,,,,,,,
hostage-for-a-day-vhs,Hostage for a Day,,VHS,,,"Comedy, Floor Sale",true,Genre,Comedy,,,,,,,,,0.0,shopify,1,deny,manual,15.00,,true,true,,,,,22324218,,,,false,,,,,,,,,,,,,
hot-boyz-vhs,Hot Boyz,,VHS,,,"Action, Floor Sale",true,Genre,Action,,,,,,,,,0.0,shopify,1,deny,manual,5.00,,true,true,,,,,22291450,,,,false,,,,,,,,,,,,,
naked-lies-vhs,Naked Lies,,VHS,,,"Floor Sale, Thriller",true,Genre,Thriller,,,,,,,,,0.0,shopify,1,deny,manual,9.00,,true,true,,,,,22258682,,,,false,,,,,,,,,,,,,
jamon-jamon-vhs,Jamon Jamon,,VHS,,,"Floor Sale, Foreign",true,Genre,Foreign,,,,,,,,,0.0,shopify,1,deny,manual,11.00,,true,true,,,,,22193146,,,,false,,,,,,,,,,,,,
incident-at-oglala-vhs,Incident at Oglala,,VHS,,,"Floor Sale, Thriller",true,Genre,Thriller,,,,,,,,,0.0,shopify,1,deny,manual,10.00,,true,true,,,,,21341178,,,,false,,,,,,,,,,,,,
blue-velvet-vhs,Blue Velvet,,VHS,,,"Drama, Floor Sale",true,Genre,Drama,,,,,,,,,0.0,shopify,1,deny,manual,25.00,,true,true,,,,,21308410,,,,false,,,,,,,,,,,,,
vibes-vhs,Vibes,,VHS,,,"Comedy, Floor Sale",true,Genre,Comedy,,,,,,,,,0.0,shopify,1,deny,manual,7.00,,true,true,,,,,21275642,,,,false,,,,,,,,,,,,,
saturday-night-fever-vhs,Saturday Night Fever,,VHS,,,"Drama, Floor Sale",true,Genre,Drama,,,,,,,,,0.0,shopify,1,deny,manual,5.00,,true,true,,,,,21210106,,,,false,,,,,,,,,,,,,
that-thing-you-do-vhs,That Thing You Do,,VHS,,,"Comedy, Floor Sale",true,Genre,Comedy,,,,,,,,,0.0,shopify,1,deny,manual,5.00,,true,true,,,,,21177338,,,,false,,,,,,,,,,,,,
titan-ae-vhs,Titan AE,,VHS,,,"Floor Sale, Kids & Family",true,Genre,Kids & Family,,,,,,,,,0.0,shopify,1,deny,manual,5.00,,true,true,,,,,21144570,,,,false,,,,,,,,,,,,,
naked-lunch-bluray,Naked Lunch,"<p>Blank-faced bug killer Bill Lee (Peter Weller) and his dead-eyed wife, Joan (Judy Davis), like to get high on Bill's pest poisons while lounging with Beat poet pals. After meeting the devilish Dr. Benway (Roy Scheider), Bill gets a drug made from a centipede. Upon indulging, he accidentally kills Joan, takes orders from his typewriter-turned-cockroach, ends up in a constantly mutating Mediterranean city and learns that his hip friends have published his work -- which he doesn't remember writing.</p>",Blu-Ray,,,"Drama, Rental",true,Genre,Drama,,,,,,,,,0.0,shopify,1,deny,manual,0.00,,true,true,,,,,38422266,https://cdn.shopify.com/s/files/1/0826/6363/7242/files/images_21eccdbf-0f7b-4b95-b7b8-02737c844330.jpg?v=1783560137,1,,false,,,,,,,,,,,,,
murder-my-sweet-bluray,Murder My Sweet,"<p>Gumshoe Philip Marlowe (Dick Powell) is hired by the oafish Moose Malloy (Mike Mazurki) to track down his former girlfriend. He's also hired to accompany an effeminate playboy buy back some jewels. When the exchange results in the playboy's murder, Marlowe can't leave the case alone, and soon discovers it's related to Malloy's. As he gets drawn deeper into a complex web of intrigue by a mysterious blonde (Claire Trevor), the detective finds his own life in increasing jeopardy.<br>
Release date</p>",Blu-Ray,,,"Drama, Rental",true,Genre,Drama,,,,,,,,,0.0,shopify,1,deny,manual,0.00,,true,true,,,,,38389498,https://cdn.shopify.com/s/files/1/0826/6363/7242/files/images_d84330fa-c822-4903-9ca8-b0cdebe8a577.jpg?v=1783560136,1,,false,,,,,,,,,,,,,
the-usual-suspects-bluray,The Usual Suspects,"<p>""The greatest trick the devil ever pulled was convincing the world he didn't exist,"" says con man Kint, drawing a comparison to the most enigmatic criminal of all time, Keyser Söze. Kint attempts to convince the feds that the mythic crime lord not only exists, but is also responsible for drawing Kint and his four partners into a multi-million dollar heist that ended with an explosion in San Pedro Harbor - leaving few survivors.</p>",Blu-Ray,,,"Drama, Rental",true,Genre,Drama,,,,,,,,,0.0,shopify,1,deny,manual,0.00,,true,true,,,,,38356730,https://cdn.shopify.com/s/files/1/0826/6363/7242/files/images_83099a31-3b95-469c-b6e7-f33753d55e3a.jpg?v=1783560135,1,,false,,,,,,,,,,,,,
reservoir-dogs-bluray,Reservoir Dogs,"<p>Six criminals with pseudonyms, and each a stranger to one another, are hired to carry out a robbery. The heist is ambushed by police and the gang are forced to shoot their way out. At their warehouse rendezvous, the survivors, realising that they were set up, try to find the traitor in their midst.</p>",Blu-Ray,,,"Drama, Rental",true,Genre,Drama,,,,,,,,,0.0,shopify,1,deny,manual,0.00,,true,true,,,,,38323962,https://cdn.shopify.com/s/files/1/0826/6363/7242/files/images_3df1f48c-4373-4f21-8c14-f20e679d15c2.jpg?v=1783560134,1,,false,,,,,,,,,,,,,
the-lighthouse-bluray,The Lighthouse,"<p>On a remote island, Ephraim Winslow arrives as a lighthouse keeper and assists his elderly supervisor, Thomas Wake. As days pass, Ephraim is haunted by strange and mysterious visions.</p>",Blu-Ray,,,"Drama, Rental",true,Genre,Drama,,,,,,,,,0.0,shopify,1,deny,manual,0.00,,true,true,,,,,38291194,https://cdn.shopify.com/s/files/1/0826/6363/7242/files/images_63521395-530c-42f2-9a39-ba7528dfc622.jpg?v=1783560132,1,,false,,,,,,,,,,,,,
the-green-mile-bluray,The Green Mile,"<p>Paul Edgecomb, the head guard of death row, just wants life for him, his colleagues and the condemned to be nice and easy. However, when John Coffee, a massive man convicted of brutally killing a pair of young sisters arrives, things start to get strange. Beyond his simple, naïve nature and a deathly fear of the dark, Coffey seems to possess a prodigious, supernatural gift. Paul begins to question whether Coffey was truly guilty of murdering the two girls.</p>",Blu-Ray,,,"Drama, Rental",true,Genre,Drama,,,,,,,,,0.0,shopify,1,deny,manual,0.00,,true,true,,,,,38258426,https://cdn.shopify.com/s/files/1/0826/6363/7242/files/images_a917f444-8a11-444f-9723-54ccede997f2.jpg?v=1783560131,1,,false,,,,,,,,,,,,,
the-wages-of-fear-bluray,The Wages of Fear,"<p>In the South American jungle, supplies of nitroglycerine are needed at a remote oil field. The oil company pays four men to deliver the supplies in two trucks. A tense rivalry develops between the two sets of drivers on the rough remote roads where the slightest jolt can result in death.</p>",Blu-Ray,,,"Drama, Rental",true,Genre,Drama,,,,,,,,,0.0,shopify,1,deny,manual,0.00,,true,true,,,,,38225658,https://cdn.shopify.com/s/files/1/0826/6363/7242/files/images_66cb1dc4-666f-4e33-9a83-e0ae91e85f6f.jpg?v=1783560130,1,,false,,,,,,,,,,,,,
the-shawshank-redemption-bluray,The Shawshank Redemption,"<p>Andy Dufresne (Tim Robbins) is sentenced to two consecutive life terms in prison for the murders of his wife and her lover and is sentenced to a tough prison. However, only Andy knows he didn't commit the crimes. While there, he forms a friendship with Red (Morgan Freeman), experiences brutality of prison life, adapts, helps the warden, etc., all in 19 years.</p>",Blu-Ray,,,"Drama, Rental",true,Genre,Drama,,,,,,,,,0.0,shopify,1,deny,manual,0.00,,true,true,,,,,38192890,https://cdn.shopify.com/s/files/1/0826/6363/7242/files/images_9d39cdde-1acd-4d53-8e49-8ad671a8c875.jpg?v=1783560129,1,,false,,,,,,,,,,,,,
road-to-perdition-bluray,Road to Perdition,"<p>Mike Sullivan (Tom Hanks) is an enforcer for powerful Depression-era Midwestern mobster John Rooney (Paul Newman). Rooney's son, Connor (Daniel Craig), is jealous of the close bond they share, and when Mike's eldest son, Michael (Tyler Hoechlin), witnesses a hit, Connor uses the incident as an excuse to murder Sullivan's wife (Jennifer Jason Leigh) and youngest son. Forced to flee, Sullivan and Michael set out on a journey of revenge and self-discovery.</p>",Blu-Ray,,,"Drama, Rental",true,Genre,Drama,,,,,,,,,0.0,shopify,1,deny,manual,0.00,,true,true,,,,,36849402,https://cdn.shopify.com/s/files/1/0826/6363/7242/files/images_a49920bb-7480-4ea6-a312-b92bed18ce3c.jpg?v=1783560127,1,,false,,,,,,,,,,,,,
boyz-n-the-hood-bluray,Boyz n the Hood,"<p>Tre is sent to live with his father, Furious Styles, in tough South Central Los Angeles. Although his hard-nosed father instills proper values and respect in him, and his devout girlfriend Brandi teaches him about faith, Tre's friends Doughboy and Ricky don't have the same kind of support and are drawn into the neighborhood's booming drug and gang culture, with increasingly tragic results.</p>",Blu-Ray,,,"Drama, Rental",true,Genre,Drama,,,,,,,,,0.0,shopify,1,deny,manual,0.00,,true,true,,,,,36816634,https://cdn.shopify.com/s/files/1/0826/6363/7242/files/images_c449a4b2-6de1-403e-a604-69dbe0c8efa8.jpg?v=1783560126,1,,false,,,,,,,,,,,,,
sid-nancy-dvd,Sid & Nancy,"<p>Following their breakout success in England, flagship punk rock band the Sex Pistols venture out on their first U.S. tour. Temperamental bassist Sid Vicious (Gary Oldman) takes his troubled girlfriend, Nancy Spungen (Chloe Webb), along for the ride. Along the way, the couple's turbulent relationship strains the patience of bandmate Johnny Rotten (Andrew Schofield) and manager Malcolm McLaren (David Hayman), while plunging Sid and Nancy into the depths of drug addiction and co-dependency.</p>",DVD,,,"Drama, Rental",true,Genre,Drama,,,,,,,,,0.0,shopify,1,deny,manual,0.00,,true,true,,,,,36783866,https://cdn.shopify.com/s/files/1/0826/6363/7242/files/images_f6277a66-3e8f-42f1-98e5-ee7d1ca7c6ef.jpg?v=1783560124,1,,false,,,,,,,,,,,,,
havoc-dvd,Havoc,<p>Two affluent suburban girls clash with the Latino gang culture of East Los Angeles.</p>,DVD,,,"Drama, Rental",true,Genre,Drama,,,,,,,,,0.0,shopify,1,deny,manual,0.00,,true,true,,,,,36751098,https://cdn.shopify.com/s/files/1/0826/6363/7242/files/images_abc95d42-9664-405d-ae42-2dce8eca88af.jpg?v=1783560123,1,,false,,,,,,,,,,,,,
bleak-house-by-charles-dickens-dvd,Bleak House by Charles Dickens,"<p>The highly acclaimed 2005 BBC miniseries adaptation of Charles Dickens' Bleak House, starring Gillian Anderson and Charles Dance</p>",DVD,,,"Drama, Rental",true,Genre,Drama,,,,,,,,,0.0,shopify,1,deny,manual,0.00,,true,true,,,,,36718330,https://cdn.shopify.com/s/files/1/0826/6363/7242/files/images_d1b7de38-d995-499f-b3fd-89cbcc697ca8.jpg?v=1783560122,1,,false,,,,,,,,,,,,,
3-days-of-the-condor-all-the-presidents-men-bluray,3 Days of the Condor / All The President's Men,"<p>On a seemingly ordinary day, Joe Turner (Robert Redford), a quiet CIA codebreaker, walks into his workplace and finds that all of his coworkers have been murdered. Horrified, Joe flees the scene and tries to tell his supervisors about the tragedy. Unfortunately, he soon learns that CIA higher-ups were involved in the murders. With no one to trust, and a merciless hit man (Max von Sydow) close on his tail, Joe must somehow survive long enough to figure out why his own agency wants him dead.</p>",Blu-Ray,,,"Drama, Rental",true,Genre,Drama,,,,,,,,,0.0,shopify,1,deny,manual,0.00,,true,true,,,,,36685562,https://cdn.shopify.com/s/files/1/0826/6363/7242/files/images_aa5a1080-06f3-4323-aa54-651f088c0975.jpg?v=1783560121,1,,false,,,,,,,,,,,,,
poltergeist-bluray,Poltergeist,"<p>“Theyre here,” - seeming almost whimsical at first, playing stack-the- chair games in the Freelings kitchen. Then things turn darker. A storm erupts, a tree attacks and little Carol Anne Freeling is whisked into a spectral void. As her family confronts horrors galore and fights to bring the youngster back, something else is here too: a new benchmark in Hollywood ghost stories. Producers Steven Spielberg and Frank Marshall and director Tobe Hooper head the elite scream team of this classic whose nerve-jangling effects include floating phantasms, the fiercest monster ever to pop out of a closet and an entire house collapsing into nothingness. Welcome to Home Sweet Haunted Home.</p>",Blu-Ray,,,"Horror, Rental",true,Genre,Horror,,,,,,,,,0.0,shopify,1,deny,manual,0.00,,true,true,,,,,35301370,https://cdn.shopify.com/s/files/1/0826/6363/7242/files/51ZWTzLZPAL._SX300_SY300_QL70_FMwebp.webp?v=1783559057,1,,false,,,,,,,,,,,,,
the-last-broadcast-dvd,The Last Broadcast,"<p>A man (David Beard) films a documentary about four men who went into the Pine Barrens of New Jersey looking for the Jersey Devil, and only one survives.</p>",DVD,,,"Horror, Rental",true,Genre,Horror,,,,,,,,,0.0,shopify,1,deny,manual,0.00,,true,true,,,,,35235834,https://cdn.shopify.com/s/files/1/0826/6363/7242/files/5199DFSJ3BL._AC_UY436_FMwebp_QL65.webp?v=1783559056,1,,false,,,,,,,,,,,,,
the-boog-bluray,The Boog,"<p>The Boog is a creature-feature about a monster (played by Philly stuntman Les Price) that terrorizes a neighborhood. The movie is inspired by the pandemic and focuses on everyday families working together to face this new, scary threat.</p>",Blu-Ray,,,"Horror, Rental",true,Genre,Horror,,,,,,,,,0.0,shopify,1,deny,manual,0.00,,true,true,,,,,35170298,https://cdn.shopify.com/s/files/1/0826/6363/7242/files/images_9d6d2f13-09f2-4b5d-bf29-78f7f22d2c25.jpg?v=1783559054,1,,false,,,,,,,,,,,,,
horrors-of-spider-island-dvd,Horrors of Spider Island,"<p>Horrors of Spider Island (1960) is a West German B-movie where a dance troupe and their manager, stranded on a remote island after a plane crash, encounter a giant spider whose bite transforms a man into a murderous creature. Known for its mix of monster horror and sexploitation, the film offers campy thrills, cheesy dialogue, and scant scares. It’s not a good horror film by quality standards, but it can be entertaining for fans of cult, so-bad-it’s-good cinema.</p>",DVD,,,"Horror, Rental",true,Genre,Horror,,,,,,,,,0.0,shopify,1,deny,manual,0.00,,true,true,,,,,35104762,https://cdn.shopify.com/s/files/1/0826/6363/7242/files/51jJgFHQgJL._SY300_SX300_QL70_FMwebp.webp?v=1783559053,1,,false,,,,,,,,,,,,,
slithis-vhs,Slithis,"<p>A radioactive mutation creates a mutant sea monster that terrorizes Venice, California.</p>",VHS,,,"Horror, Rental",true,Genre,Horror,,,,,,,,,0.0,shopify,1,deny,manual,0.00,,true,true,,,,,35039226,https://cdn.shopify.com/s/files/1/0826/6363/7242/files/images_e94fcd5e-9676-4045-83b4-930bc00f0759.jpg?v=1783559051,1,,false,,,,,,,,,,,,,
five-nights-at-freddys-dvd,Five Nights at Freddy's,"<p>A troubled security guard begins working at Freddy Fazbear's Pizzeria. While spending his first night on the job, he realizes the late shift at Freddy's won't be so easy to make it through.</p>",DVD,,,"Horror, Rental",true,Genre,Horror,,,,,,,,,0.0,shopify,1,deny,manual,0.00,,true,true,,,,,34973690,https://cdn.shopify.com/s/files/1/0826/6363/7242/files/images_9bdffee3-e0b4-451c-8aa7-78419ae0baea.jpg?v=1783559050,1,,false,,,,,,,,,,,,,
puppet-master-collection-dvd,Puppet Master Collection,"<p>""The Midnight Horror Collection: Puppet Master: 1 &amp; 2 &amp; 3 (DVD) Andre Toulon"" is a horror movie collection featuring films from the Puppet Master franchise</p>",DVD,,,"Horror, Rental",true,Genre,Horror,,,,,,,,,0.0,shopify,1,deny,manual,0.00,,true,true,,,,,34908154,https://cdn.shopify.com/s/files/1/0826/6363/7242/files/images_35a34539-e523-4daa-9efc-6cbfe3627454.jpg?v=1783559049,1,,false,,,,,,,,,,,,,
the-conjuring-dvd,The Conjuring,"<p>In 1970, paranormal investigators and demonologists Lorraine (Vera Farmiga) and Ed (Patrick Wilson) Warren are summoned to the home of Carolyn (Lili Taylor) and Roger (Ron Livingston) Perron. The Perrons and their five daughters have recently moved into a secluded farmhouse, where a supernatural presence has made itself known. Though the manifestations are relatively benign at first, events soon escalate in horrifying fashion, especially after the Warrens discover the house's macabre history.</p>",DVD,,,"Horror, Rental",true,Genre,Horror,,,,,,,,,0.0,shopify,1,deny,manual,0.00,,true,true,,,,,34842618,https://cdn.shopify.com/s/files/1/0826/6363/7242/files/images_cdb3096f-d7d8-4219-90e2-173d1a538735.jpg?v=1783559047,1,,false,,,,,,,,,,,,,
downhill-willie-vhs,Downhill Willie,,VHS,,,"Comedy, Floor Sale",true,Genre,Comedy,,,,,,,,,0.0,shopify,1,deny,manual,5.00,,true,true,,,,,85887226,,,,false,,,,,,,,,,,,,
slap-shot-vhs,Slap Shot,,VHS,,,"Comedy, Floor Sale",true,Genre,Comedy,,,,,,,,,0.0,shopify,1,deny,manual,5.00,,true,true,,,,,85854458,,,,false,,,,,,,,,,,,,
impure-thoughts-vhs,Impure Thoughts,,VHS,,,"Comedy, Floor Sale",true,Genre,Comedy,,,,,,,,,0.0,shopify,1,deny,manual,4.00,,true,true,,,,,85821690,,,,false,,,,,,,,,,,,,
the-funnniest-men-of-comedy-vhs,The Funnniest Men of Comedy,,VHS,,,"Comedy, Floor Sale",true,Genre,Comedy,,,,,,,,,0.0,shopify,1,deny,manual,4.00,,true,true,,,,,85788922,,,,false,,,,,,,,,,,,,
joe-torre-curveballs-along-the-way-vhs,Joe Torre: Curveballs Along the Way,,VHS,,,"Drama, Floor Sale",true,Genre,Drama,,,,,,,,,0.0,shopify,1,deny,manual,5.00,,true,true,,,,,82282746,,,,false,,,,,,,,,,,,,
rules-of-engagement-vhs,Rules of Engagement,,VHS,,,"Drama, Floor Sale",true,Genre,Drama,,,,,,,,,0.0,shopify,1,deny,manual,5.00,,true,true,,,,,82217210,,,,false,,,,,,,,,,,,,
the-river-tsai-ming-liang-vhs,The River (Tsai Ming-Liang),,VHS,,,"Floor Sale, Foreign",true,Genre,Foreign,,,,,,,,,0.0,shopify,1,deny,manual,8.00,,true,true,,,,,82184442,,,,false,,,,,,,,,,,,,
immortal-beloved-vhs,Immortal Beloved,,VHS,,,"Drama, Floor Sale",true,Genre,Drama,,,,,,,,,0.0,shopify,1,deny,manual,5.00,,true,true,,,,,82151674,,,,false,,,,,,,,,,,,,
k-pax-vhs,K-Pax,,VHS,,,"Drama, Floor Sale",true,Genre,Drama,,,,,,,,,0.0,shopify,1,deny,manual,6.00,,true,true,,,,,81955066,,,,false,,,,,,,,,,,,,
four-days-in-september-vhs,Four Days in September,,VHS,,,"Floor Sale, Thriller",true,Genre,Thriller,,,,,,,,,0.0,shopify,1,deny,manual,4.00,,true,true,,,,,81922298,,,,false,,,,,,,,,,,,,
narrow-margin-vhs,Narrow Margin,,VHS,,,"Floor Sale, Thriller",true,Genre,Thriller,,,,,,,,,0.0,shopify,1,deny,manual,5.00,,true,true,,,,,81856762,,,,false,,,,,,,,,,,,,
torso-vhs,Torso,,VHS,,,"Floor Sale, Thriller",true,Genre,Thriller,,,,,,,,,0.0,shopify,1,deny,manual,5.00,,true,true,,,,,81823994,,,,false,,,,,,,,,,,,,
kgb-the-secret-war-vhs,KGB The Secret War,,VHS,,,"Floor Sale, Thriller",true,Genre,Thriller,,,,,,,,,0.0,shopify,1,deny,manual,7.00,,true,true,,,,,81725690,,,,false,,,,,,,,,,,,,
the-pelican-brief-vhs,The Pelican Brief,,VHS,,,"Floor Sale, Thriller",true,Genre,Thriller,,,,,,,,,0.0,shopify,1,deny,manual,5.00,,true,true,,,,,81692922,,,,false,,,,,,,,,,,,,
snow-what-vhs,Snow What?,,VHS,,,"Documentary, Floor Sale",true,Genre,Documentary,,,,,,,,,0.0,shopify,1,deny,manual,8.00,,true,true,,,,,80513274,,,,false,,,,,,,,,,,,,
beyond-the-mat-vhs,Beyond the Mat,,VHS,,,"Documentary, Floor Sale",true,Genre,Documentary,,,,,,,,,0.0,shopify,1,deny,manual,5.00,,true,true,,,,,80480506,,,,false,,,,,,,,,,,,,
tie-died-vhs,Tie-Died,,VHS,,,"Floor Sale, Special Interest",true,Genre,Special Interest,,,,,,,,,0.0,shopify,1,deny,manual,8.00,,true,true,,,,,80447738,,,,false,,,,,,,,,,,,,
behind-the-scenes-point-break-hot-shots-vhs,Behind the Scenes: Point Break / Hot Shots,,VHS,,,"Floor Sale, Special Interest",true,Genre,Special Interest,,,,,,,,,0.0,shopify,1,deny,manual,10.00,,true,true,,,,,80414970,,,,false,,,,,,,,,,,,,
stevie-vhs,Stevie,,VHS,,,"Floor Sale, Special Interest",true,Genre,Special Interest,,,,,,,,,0.0,shopify,1,deny,manual,7.00,,true,true,,,,,80316666,,,,false,,,,,,,,,,,,,
back-to-the-future-trilogy-bluray,Back to the Future (Trilogy),"<p>Experience the future all over again with the Back to the Future 30th Anniversary Trilogy! Join Marty McFly (Michael J. Fox), Doc Brown (Christopher Lloyd) and a time traveling DeLorean for the adventure of a lifetime as they travel to the past, present and future, setting off a time-shattering chain reaction that disrupts the space-time continuum! From filmmakers Steven Spielberg, Robert Zemeckis and Bob Gale, this unforgettable collection features hours of bonus features and is an unrivaled trilogy that stands the test of time.</p>",Blu-Ray,,,"Rental, Sci-Fi",true,Genre,Sci-Fi,,,,,,,,,0.0,shopify,1,deny,manual,0.00,,true,true,,,,,67569914,https://cdn.shopify.com/s/files/1/0826/6363/7242/files/s-l1600_7cc42fdc-a7c1-4b41-9e5c-5795956683b0.webp?v=1783556856,1,,false,,,,,,,,,,,,,
spider-baby-bluray,Spider Baby,"<p>Chauffeur Bruno (Lon Chaney Jr.) looks after three strange siblings at their family estate. Ralph (Sid Haig), Virginia (Jill Banner) and Elizabeth (Beverly Washburn) all suffer from an inherited condition: a genetic disorder that causes a reversal in mental age and results in a crazed, childlike disposition. Because of his affection for the family, Bruno covers up the siblings' bizarre behavior and crimes. But, when relatives arrive at the family estate, the truth is bound to come out.</p>",Blu-Ray,,,"Rental, Sci-Fi",true,Genre,Sci-Fi,,,,,,,,,0.0,shopify,1,deny,manual,0.00,,true,true,,,,,67537146,https://cdn.shopify.com/s/files/1/0826/6363/7242/files/9792a371-6b8d-4d84-910b-0d557b3b7500.81092265d0e54bd3618c0f85e833e09d.jpg?v=1783556855,1,,false,,,,,,,,,,,,,
all-is-lost-bluray,All is Lost,"<p>During a solo voyage in the Indian Ocean, a veteran mariner (Robert Redford) awakes to find his vessel taking on water after a collision with a stray shipping container. With his radio and navigation equipment disabled, he sails unknowingly into a violent storm and barely escapes with his life. With any luck, the ocean currents may carry him into a shipping lane -- but, with supplies dwindling and the sharks circling, the sailor is forced to face his own mortality.</p>",Blu-Ray,,,"Action, Rental",true,Genre,Action,,,,,,,,,0.0,shopify,1,deny,manual,0.00,,true,true,,,,,67504378,https://cdn.shopify.com/s/files/1/0826/6363/7242/files/p9936737_p_v10_am.jpg?v=1783556854,1,,false,,,,,,,,,,,,,
the-killers-bluray,The Killers,"<p>Two hit men walk into a diner asking for a man called ""the Swede"" (Burt Lancaster). When the killers find the Swede, he's expecting them and doesn't put up a fight. Since the Swede had a life insurance policy, an investigator (Edmond O'Brien), on a hunch, decides to look into the murder. As the Swede's past is laid bare, it comes to light that he was in love with a beautiful woman (Ava Gardner) who may have lured him into pulling off a bank robbery overseen by another man (Albert Dekker).</p>",Blu-Ray,,,"Action, Rental",true,Genre,Action,,,,,,,,,0.0,shopify,1,deny,manual,0.00,,true,true,,,,,67471610,https://cdn.shopify.com/s/files/1/0826/6363/7242/files/81w1oQTlgeL._SX466.jpg?v=1783556852,1,,false,,,,,,,,,,,,,
logan-bluray,Logan,"<p>In the near future, a weary Logan (Hugh Jackman) cares for an ailing Professor X (Patrick Stewart) at a remote outpost on the Mexican border. His plan to hide from the outside world gets upended when he meets a young mutant (Dafne Keen) who is very much like him. Logan must now protect the girl and battle the dark forces that want to capture her.</p>",Blu-Ray,,,"Action, Rental",true,Genre,Action,,,,,,,,,0.0,shopify,1,deny,manual,0.00,,true,true,,,,,67438842,https://cdn.shopify.com/s/files/1/0826/6363/7242/files/images_9e77fd2c-06ed-4240-b945-32a07f5a5aea.jpg?v=1783556850,1,,false,,,,,,,,,,,,,
excalibur-bluray,Excalibur,"<p>The magical sword of Excalibur starts off in the hands of British lord Uther Pendragon (Gabriel Byrne) and then, years later, finds its way to his bastard son, Arthur (Nigel Terry), the knave destined to become king. Aided by the sorcerer Merlin (Nicol Williamson), Arthur fulfills his fate by bringing together the Knights of the Round Table at Camelot and unifying the country. However, this flawed monarch faces greater tests ahead in pursuit of love, the Holy Grail and his nation's survival.</p>",Blu-Ray,,,"Action, Rental",true,Genre,Action,,,,,,,,,0.0,shopify,1,deny,manual,0.00,,true,true,,,,,67406074,https://cdn.shopify.com/s/files/1/0826/6363/7242/files/1000176853_1_4402.jpg?v=1783556849,1,,false,,,,,,,,,,,,,
pulp-fiction-bluray,Pulp Fiction,"<p>Vincent Vega (John Travolta) and Jules Winnfield (Samuel L. Jackson) are hitmen with a penchant for philosophical discussions. In this ultra-hip, multi-strand crime movie, their storyline is interwoven with those of their boss, gangster Marsellus Wallace (Ving Rhames) ; his actress wife, Mia (Uma Thurman) ; struggling boxer Butch Coolidge (Bruce Willis) ; master fixer Winston Wolfe (Harvey Keitel) and a nervous pair of armed robbers, Pumpkin (Tim Roth) and Honey Bunny (Amanda Plummer).</p>",Blu-Ray,,,"Action, Rental",true,Genre,Action,,,,,,,,,0.0,shopify,1,deny,manual,0.00,,true,true,,,,,67373306,https://cdn.shopify.com/s/files/1/0826/6363/7242/files/images_2c0893ee-e042-4c59-9e55-732058dc8fdb.jpg?v=1783556847,1,,false,,,,,,,,,,,,,
sweet-sweetbacks-baadasssss-song-bluray,Sweet Sweetback's Baadasssss Song,"<p>Sweet Sweetback (Melvin Van Peebles) is a black orphan who, having grown up in a brothel, now works there as part of a sex show. When the police need a patsy for a murder in the black community, Sweetback's employer gives him up to two white cops, whom Sweetback ends up killing. Suddenly the target of a massive manhunt, he decides to flee to Mexico. As he makes his way there, he is captured by, and escapes from, both the cops and a chapter of the Hell's Angels.</p>",Blu-Ray,,,"Action, Rental",true,Genre,Action,,,,,,,,,0.0,shopify,1,deny,manual,0.00,,true,true,,,,,67340538,https://cdn.shopify.com/s/files/1/0826/6363/7242/files/81U_5Cy53SL._AC_UF894_1000_QL80.jpg?v=1783556845,1,,false,,,,,,,,,,,,,
heat-bluray,Heat,"<p>Master criminal Neil McCauley (Robert De Niro) is trying to control the rogue actions of one of his men, while also planning one last big heist before retiring. Meanwhile, Lieutenant Hanna (Al Pacino) attempts to track down McCauley as he deals with the chaos in his own life, including the infidelity of his wife (Diane Venora) and the mental health of his stepdaughter (Natalie Portman). McCauley and Hanna discover a mutual respect, even as they try to thwart each other's plans.</p>",Blu-Ray,,,"Action, Rental",true,Genre,Action,,,,,,,,,0.0,shopify,1,deny,manual,0.00,,true,true,,,,,67307770,https://cdn.shopify.com/s/files/1/0826/6363/7242/files/images_824bf196-841e-474a-83e1-941db63ecb23.jpg?v=1783556844,1,,false,,,,,,,,,,,,,
the-outlaw-josey-wales-bluray,The Outlaw Josey Wales,"<p>Josey Wales watches helplessly as his wife and child are murdered by Union men led by Capt. Terrill. Seeking revenge, Wales joins the Confederate Army. He refuses to surrender when the war ends, but his fellow soldiers go to hand over their weapons -- and are massacred by Terrill. Wales guns down some of Terrill's men and flees to Texas, where he tries to make a new life for himself, but the bounty on his head endangers him and his new surrogate family.</p>",Blu-Ray,,,"Action, Rental",true,Genre,Action,,,,,,,,,0.0,shopify,1,deny,manual,0.00,,true,true,,,,,67275002,https://cdn.shopify.com/s/files/1/0826/6363/7242/files/91ONA33zwcL._AC_UF894_1000_QL80.jpg?v=1783556843,1,,false,,,,,,,,,,,,,
john-wick-bluray,John Wick,"<p>Legendary assassin John Wick (Keanu Reeves) retired from his violent career after marrying the love of his life. Her sudden death leaves John in deep mourning. When sadistic mobster Iosef Tarasov (Alfie Allen) and his thugs steal John's prized car and kill the puppy that was a last gift from his wife, John unleashes the remorseless killing machine within and seeks vengeance. Meanwhile, Iosef's father (Michael Nyqvist) -- John's former colleague -- puts a huge bounty on John's head.</p>",Blu-Ray,,,"Action, Rental",true,Genre,Action,,,,,,,,,0.0,shopify,1,deny,manual,0.00,,true,true,,,,,67209466,https://cdn.shopify.com/s/files/1/0826/6363/7242/files/images_60c4f927-4d9d-46ec-bc1c-13b72d4225f4.jpg?v=1783556841,1,,false,,,,,,,,,,,,,
the-magnificent-seven-collection-bluray,The Magnificent Seven Collection,<p>The Magnificent Seven Collection is a 4-movie western box set featuring the original 1960 American classic and its three direct sequels</p>,Blu-Ray,,,"Action, Rental",true,Genre,Action,,,,,,,,,0.0,shopify,1,deny,manual,0.00,,true,true,,,,,67176698,https://cdn.shopify.com/s/files/1/0826/6363/7242/files/3837787-3573794.jpg?v=1783556840,1,,false,,,,,,,,,,,,,
sukiyaki-bluray,Sukiyaki,"<p>Ever since the Genpei War a few centuries before, two clans have been fighting over a hidden treasure. The white-clothed Genji, led by Yoshitsune (Yusuke Iseya), refuse to allow the opposing clan, the Kiyomori warriors -- who wear red and are led by Kiyomori (Koichi Sato) -- to keep all the wealth for themselves. When a stranger comes to town, he says he'll join whichever clan offers him more money. But the stranger has a hidden agenda: He is out to seek revenge on behalf of a prostitute.</p>",Blu-Ray,,,"Action, Rental",true,Genre,Action,,,,,,,,,0.0,shopify,1,deny,manual,0.00,,true,true,,,,,67143930,https://cdn.shopify.com/s/files/1/0826/6363/7242/files/s-l1200_28f3822a-c3f1-4dca-a7bb-0a76d56c5637.jpg?v=1783556838,1,,false,,,,,,,,,,,,,
close-encounters-of-the-third-kind-30th-anniversary-bluray,Close Encounters of the Third Kind (30th Anniversary),"<p>Science fiction adventure about a group of people who attempt to contact alien intelligence. Roy Neary (Richard Dreyfuss) witnesses an unidentified flying object, and even has a ""sunburn"" from its bright lights to prove it. Roy refuses to accept an explanation for what he saw and is prepared to give up his life to pursue the truth about UFOs.</p>",Blu-Ray,,,"Action, Rental",true,Genre,Action,,,,,,,,,0.0,shopify,1,deny,manual,0.00,,true,true,,,,,67045626,https://cdn.shopify.com/s/files/1/0826/6363/7242/files/s-l1600.webp?v=1783556836,1,,false,,,,,,,,,,,,,
crumb-bluray,Crumb,"<p>Filmmaker Terry Zwigoff creates a complex but affectionate portrait of his longtime friend, underground cartoonist Robert Crumb. A notorious curmudgeon who would prefer to be alone with his fellow cartoonist wife Aline Kominsky-Crumb and his beloved vintage jazz records, Crumb reveals himself to be a complicated personality who suffered a troubled upbringing and harbors a philosophical opposition to the 1960s hippie underground that first celebrated his work.</p>",Blu-Ray,,,"Documentary, Rental",true,Genre,Documentary,,,,,,,,,0.0,shopify,1,deny,manual,0.00,,true,true,,,,,67012858,https://cdn.shopify.com/s/files/1/0826/6363/7242/files/81DJ1t_AVOL._AC_UF894_1000_QL80.jpg?v=1783556834,1,,false,,,,,,,,,,,,,
kurt-cobain-montage-of-heck-bluray,Kurt Cobain Montage of Heck,"<p>Filmmaker Brett Morgen uses material from the Cobains' personal archives in an in-depth examination of the Nirvana frontman's childhood, influential music career, and untimely death.</p>",Blu-Ray,,,"Documentary, Rental",true,Genre,Documentary,,,,,,,,,0.0,shopify,1,deny,manual,0.00,,true,true,,,,,66980090,https://cdn.shopify.com/s/files/1/0826/6363/7242/files/B1-N0DhMAIS._AC_UF894_1000_QL80.jpg?v=1783556833,1,,false,,,,,,,,,,,,,
mishima-a-life-in-four-chapters-box-set-dvd,Mishima: A Life in Four Chapters: Box Set,"<p>Fact, fiction and dramatisation illustrate events in the life of controversial author-actor-director Yukio Mishima.</p>",DVD,,,"Documentary, Rental",true,Genre,Documentary,,,,,,,,,0.0,shopify,1,deny,manual,0.00,,true,true,,,,,66947322,https://cdn.shopify.com/s/files/1/0826/6363/7242/files/SD2zJgkpw48fYDV15DU2gFI98ZyTgj_large_4192d153-c63a-48fe-9889-7ce0d5371bc9.jpg?v=1783556831,1,,false,,,,,,,,,,,,,
the-lives-of-others-bluray,The Lives of Others,"<p>In 1983 East Berlin, dedicated Stasi officer Gerd Wiesler (Ulrich Mühe), doubting that a famous playwright (Sebastian Koch) is loyal to the Communist Party, receives approval to spy on the man and his actress-lover Christa-Maria (Martina Gedeck). Wiesler becomes unexpectedly sympathetic to the couple, then faces conflicting loyalties when his superior takes a liking to Christa-Maria and orders Wiesler to get the playwright out of the way.</p>",Blu-Ray,,,"Rental, Thriller",true,Genre,Thriller,,,,,,,,,0.0,shopify,1,deny,manual,0.00,,true,true,,,,,66914554,https://cdn.shopify.com/s/files/1/0826/6363/7242/files/The-Lives-of-Others-Blu-ray_8c4fa9d2-3207-4427-b148-ec3ae54fee71.198d0a1e70d3991198da082b7b267495.jpg?v=1783556830,1,,false,,,,,,,,,,,,,
the-cat-o-nine-tails-bluray,The Cat o' Nine Tails,"<p>A blind, retired journalist teams up with a newspaper reporter hoping to catch a killer connected to a pharmaceutical company's experimental research projects.</p>",Blu-Ray,,,"Rental, Thriller",true,Genre,Thriller,,,,,,,,,0.0,shopify,1,deny,manual,0.00,,true,true,,,,,66881786,https://cdn.shopify.com/s/files/1/0826/6363/7242/files/images_9303d401-ddbf-46f7-a30d-fbe307e6baa0.jpg?v=1783556828,1,,false,,,,,,,,,,,,,
shutter-island-dvd,Shutter Island,"<p>The implausible escape of a brilliant murderess brings U.S. Marshal Teddy Daniels and his new partner to Ashecliffe Hospital, a fortress-like insane asylum located on a remote, windswept island. The woman appears to have vanished from a locked room, and there are hints of terrible deeds committed within the hospital walls. As the investigation deepens, Teddy realizes he will have to confront his own dark fears if he hopes to make it off the island alive.</p>",DVD,,,"Rental, Thriller",true,Genre,Thriller,,,,,,,,,0.0,shopify,1,deny,manual,0.00,,true,true,,,,,66849018,https://cdn.shopify.com/s/files/1/0826/6363/7242/files/81FNja_9-iL._AC_UF894_1000_QL80.jpg?v=1783556827,1,,false,,,,,,,,,,,,,
promising-young-woman-bluray,Promising Young Woman,"<p>Nothing in Cassie's life is what it appears to be -- she's wickedly smart, tantalizingly cunning, and she's living a secret double life by night. Now, an unexpected encounter is about to give Cassie a chance to right the wrongs from the past.</p>",Blu-Ray,,,"Rental, Thriller",true,Genre,Thriller,,,,,,,,,0.0,shopify,1,deny,manual,0.00,,true,true,,,,,66816250,https://cdn.shopify.com/s/files/1/0826/6363/7242/files/images_88e44397-e0f9-4426-afc8-918362db84af.jpg?v=1783556824,1,,false,,,,,,,,,,,,,
little-miss-millions-vhs,Little Miss Millions,,VHS,,,"Floor Sale, Kids & Family",true,Genre,Kids & Family,,,,,,,,,0.0,shopify,1,deny,manual,5.00,,true,true,,,,,78336762,,,,false,,,,,,,,,,,,,
life-in-the-fast-lane-vhs,Life in the Fast Lane,,VHS,,,"Comedy, Floor Sale",true,Genre,Comedy,,,,,,,,,0.0,shopify,1,deny,manual,8.00,,true,true,,,,,78303994,,,,false,,,,,,,,,,,,,
hello-dolly-vhs,Hello Dolly,,VHS,,,"Floor Sale, Musical",true,Genre,Musical,,,,,,,,,0.0,shopify,1,deny,manual,6.00,,true,true,,,,,78271226,,,,false,,,,,,,,,,,,,
bill-teds-excellent-adventure-vhs,Bill & Ted's Excellent Adventure,,VHS,,,"Comedy, Floor Sale",true,Genre,Comedy,,,,,,,,,0.0,shopify,1,deny,manual,10.00,,true,true,,,,,78041850,,,,false,,,,,,,,,,,,,
johnny-mnemonic-vhs,Johnny Mnemonic,,VHS,Uncategorized,,"Floor Sale, Sci-Fi",true,Genre,Sci-Fi,,,,,,,,,0.0,shopify,1,deny,manual,25.00,,true,true,,,,,77976314,,,,false,,,,,,,,,,,,,
tek-war-vhs,Tek War,,VHS,,,"Floor Sale, Sci-Fi",true,Genre,Sci-Fi,,,,,,,,,0.0,shopify,1,deny,manual,8.00,,true,true,,,,,77943546,,,,false,,,,,,,,,,,,,
pulp-fiction-vhs,Pulp Fiction,,VHS,,,"Floor Sale, Thriller",true,Genre,Thriller,,,,,,,,,0.0,shopify,1,deny,manual,7.00,,true,true,,,,,77910778,,,,false,,,,,,,,,,,,,
willow-vhs,Willow,,VHS,Uncategorized,,"Fantasy, Floor Sale",true,Genre,Fantasy,,,,,,,,,0.0,shopify,1,deny,manual,12.00,,true,true,,,,,77845242,,,,false,,,,,,,,,,,,,
i-like-it-that-way-vhs,I Like it That Way,,VHS,,,"Comedy, Floor Sale",true,Genre,Comedy,,,,,,,,,0.0,shopify,1,deny,manual,6.00,,true,true,,,,,77812474,,,,false,,,,,,,,,,,,,
cast-a-deadly-spell-vhs,Cast a Deadly Spell,,VHS,,,"Comedy, Floor Sale",true,Genre,Comedy,,,,,,,,,0.0,shopify,1,deny,manual,9.00,,true,true,,,,,77746938,,,,false,,,,,,,,,,,,,
superstar-the-life-and-times-of-andy-warhol-vhs,Superstar: The Life and Times of Andy Warhol,,VHS,,,"Documentary, Floor Sale",true,Genre,Documentary,,,,,,,,,0.0,shopify,1,deny,manual,9.00,,true,true,,,,,77714170,,,,false,,,,,,,,,,,,,
in-n-out-vhs,In 'n  Out,,VHS,,,"Comedy, Floor Sale",true,Genre,Comedy,,,,,,,,,0.0,shopify,1,deny,manual,25.00,,true,true,,,,,77681402,,,,false,,,,,,,,,,,,,
the-juror-vhs,The Juror,,VHS,,,"Floor Sale, Thriller",true,Genre,Thriller,,,,,,,,,0.0,shopify,1,deny,manual,4.00,,true,true,,,,,77648634,,,,false,,,,,,,,,,,,,
hope-floats-vhs,Hope Floats,,VHS,,,"Drama, Floor Sale",true,Genre,Drama,,,,,,,,,0.0,shopify,1,deny,manual,5.00,,true,true,,,,,77615866,,,,false,,,,,,,,,,,,,
just-a-dream-vhs,Just a Dream,,VHS,,,"Floor Sale, Kids & Family",true,Genre,Kids & Family,,,,,,,,,0.0,shopify,1,deny,manual,4.00,,true,true,,,,,77288186,,,,false,,,,,,,,,,,,,
if-these-walls-could-talk-2-vhs,If These Walls Could Talk 2,,VHS,,,"Drama, Floor Sale",true,Genre,Drama,,,,,,,,,0.0,shopify,1,deny,manual,5.00,,true,true,,,,,77255418,,,,false,,,,,,,,,,,,,
relative-values-vhs,Relative Values,,VHS,,,"Comedy, Floor Sale",true,Genre,Comedy,,,,,,,,,0.0,shopify,1,deny,manual,4.00,,true,true,,,,,77222650,,,,false,,,,,,,,,,,,,
marley-me-dvd,Marley & Me,"<p>Newlyweds John and Jenny Grogan leave behind snowy Michigan and move to Florida, where they buy their first home and find jobs at competing newspapers. Soon afterward, the Grogans adopt Marley, a yellow Labrador pup. But Marley soon grows up to be a mischievous handful. Still, even while he's destroying the furniture and failing obedience school, he always manages to bring out the best in John, Jenny and their growing family.</p>",DVD,,,"Kids & Family, Rental",true,Genre,Kids & Family,,,,,,,,,0.0,shopify,1,deny,manual,0.00,,true,true,,,,,78328826,https://cdn.shopify.com/s/files/1/0826/6363/7242/files/81NatWVDY3S._AC_UF1000_1000_QL80.jpg?v=1783534652,1,,false,,,,,,,,,,,,,
four-weddings-and-a-funeral-bluray,Four Weddings and a Funeral,"<p>Lovable Englishman Charles and his group of friends seem to be unlucky in love. When Charles meets a beautiful American named Carrie at a wedding, he thinks his luck may have changed. But, after one magical night, Carrie returns to the States, ending what might have been. As Charles and Carrie's paths continue to cross -- over a handful of nuptials and one funeral -- he comes to believe they are meant to be together, even if their timing always seems to be off.</p>",Blu-Ray,,,"Rental, Romantic Comedy",true,Genre,Romantic Comedy,,,,,,,,,0.0,shopify,1,deny,manual,0.00,,true,true,,,,,78296058,https://cdn.shopify.com/s/files/1/0826/6363/7242/files/91a1OQLT4tL._AC_UF1000_1000_QL80.jpg?v=1783534651,1,,false,,,,,,,,,,,,,
chasing-amy-bluray,Chasing Amy,"<p>A comic-book writer stumbles upon the love of his life, only to discover that she is gay. The situation is exacerbated by his roommate and professional partner who becomes increasingly threatened by the possibility that he will be replaced. The third film in writer-director's New Jersey trilogy, following on from `Clerks' and `Mallrats'.</p>",Blu-Ray,,,"Comedy, Rental",true,Genre,Comedy,,,,,,,,,0.0,shopify,1,deny,manual,0.00,,true,true,,,,,78263290,https://cdn.shopify.com/s/files/1/0826/6363/7242/files/51EkzPIvmrL.AC.jpg?v=1783534649,1,,false,,,,,,,,,,,,,
boxanne-bluray,Boxanne,"<p>Boxanne is about Dane Werther, manager of a couples boutique and aspiring comic book artist who falls in love with a real doll after he names it and she comes to life - at least in his own mind.</p>",Blu-Ray,,,"Comedy, Rental",true,Genre,Comedy,,,,,,,,,0.0,shopify,1,deny,manual,0.00,,true,true,,,,,78164986,https://cdn.shopify.com/s/files/1/0826/6363/7242/files/d70e81d908-poster.jpg?v=1783534648,1,,false,,,,,,,,,,,,,
chasing-amy-dvd,Chasing Amy,"<p>A comic-book writer stumbles upon the love of his life, only to discover that she is gay. The situation is exacerbated by his roommate and professional partner who becomes increasingly threatened by the possibility that he will be replaced. The third film in writer-director's New Jersey trilogy, following on from `Clerks' and `Mallrats'.</p>",DVD,,,"Comedy, Rental",true,Genre,Comedy,,,,,,,,,0.0,shopify,1,deny,manual,0.00,,true,true,,,,,78132218,https://cdn.shopify.com/s/files/1/0826/6363/7242/files/6e7213b4-034c-40e9-a019-80744f12e970.jpg?v=1783534647,1,,false,,,,,,,,,,,,,
this-is-the-end-dvd,This is the End,"<p>This Is the End is a 2013 American apocalyptic comedy film written, directed and produced by Seth Rogen and Evan Goldberg in their directorial debuts.</p>",DVD,,,"Comedy, Rental",true,Genre,Comedy,,,,,,,,,0.0,shopify,1,deny,manual,0.00,,true,true,,,,,78099450,https://cdn.shopify.com/s/files/1/0826/6363/7242/files/s-l1200.jpg?v=1783534645,1,,false,,,,,,,,,,,,,
norbit-dvd,Norbit,"<p>Mild-mannered Norbit (Eddie Murphy) has always had it rough, since the day he was left abandoned at a combination Chinese restaurant and orphanage. Recently forced to marry the shrewish glutton Rasputia, he is at wit's end. Then his childhood sweetheart, Kate (Thandie Newton), moves back to town, and he tries to figure out a way back to his true love.</p>",DVD,,,"Comedy, Rental",true,Genre,Comedy,,,,,,,,,0.0,shopify,1,deny,manual,0.00,,true,true,,,,,78066682,https://cdn.shopify.com/s/files/1/0826/6363/7242/files/images_75b96f93-2699-4af6-8820-be9a839c04e7.jpg?v=1783534643,1,,false,,,,,,,,,,,,,
definitely-maybe-dvd,"Definitely, Maybe","<p>Will Hayes (Ryan Reynolds), a thirtysomething Manhattanite, is in the middle of divorce proceedings when his young daughter (Abigail Breslin) asks him about his life before marriage, including how he met and fell in love with her mother. Will flashes back to 1992 and recounts his romances with three women, changing their names so that his daughter must guess which one became his wife.</p>",DVD,,,"Rental, Romantic Comedy",true,Genre,Romantic Comedy,,,,,,,,,0.0,shopify,1,deny,manual,0.00,,true,true,,,,,78033914,https://cdn.shopify.com/s/files/1/0826/6363/7242/files/p164697_v_v8_ac.jpg?v=1783534642,1,,false,,,,,,,,,,,,,
the-art-of-getting-by-dvd,The Art of Getting By,"<p>George (Freddie Highmore) is a senior at a posh Manhattan prep school, but his disaffected attitude leaves little room for toeing the line. He'd rather doodle and read philosophy, and he strenuously avoids his parents (Rita Wilson, Sam Robards) whenever possible. Unfortunately, George's attitude is endangering his chances of graduating. Then he meets Sally (Emma Roberts). George finds himself falling in love with her, but an older artist (Michael Angarano) adds a complication to the mix.</p>",DVD,,,"Rental, Romantic Comedy",true,Genre,Romantic Comedy,,,,,,,,,0.0,shopify,1,deny,manual,0.00,,true,true,,,,,78001146,https://cdn.shopify.com/s/files/1/0826/6363/7242/files/91ywNSUaGpL._AC_UF894_1000_QL80.jpg?v=1783534641,1,,false,,,,,,,,,,,,,
love-actually-dvd,Love Actually,"<p>Nine intertwined journeys examine the complexities of the one emotion that connects all individuals, love. Among these individuals is David, the handsome, newly elected British prime minister who falls for a junior staffer. Sarah is a graphic designer whose devotion to her mentally ill brother complicates her love life. Harry, a married man, is tempted by his attractive new secretary.</p>",DVD,,,"Rental, Romantic Comedy",true,Genre,Romantic Comedy,,,,,,,,,0.0,shopify,1,deny,manual,0.00,,true,true,,,,,77968378,https://cdn.shopify.com/s/files/1/0826/6363/7242/files/images_a6c66e21-a9a3-4eea-b2ba-580558cf635b.jpg?v=1783534639,1,,false,,,,,,,,,,,,,
thank-you-for-smoking-dvd,Thank You for Smoking,"<p>Nick Naylor (Aaron Eckhart), a lobbyist for big tobacco, finds it difficult to balance his duties defending the dangerous substance with those of being a good role model for his young son. Nick's life gets even more complicated when a liberal senator mounts an anti-smoking campaign that he must counter. Based on the novel by Christopher Buckley.</p>",DVD,,,"Comedy, Rental",true,Genre,Comedy,,,,,,,,,0.0,shopify,1,deny,manual,0.00,,true,true,,,,,77935610,https://cdn.shopify.com/s/files/1/0826/6363/7242/files/images_31540789-8d83-49dd-8571-ab3395d8f0c8.jpg?v=1783534637,1,,false,,,,,,,,,,,,,
hannah-and-her-sisters-bluray,Hannah and Her Sisters,"<p>Three successive family Thanksgiving dinners mark time for Hannah (Mia Farrow), her younger sisters Lee (Barbara Hershey) and Holly (Dianne Wiest) and the men in their lives. Lee is having an affair with Hannah's husband, Elliot (Michael Caine), and trying to end her Svengali-like romance with artist Frederick (Max von Sydow). Holly is frustrated by her lack of career fulfillment and her increasing dependence on Hannah's largesse, while being courted by the hypochondriac Mickey (Woody Allen).</p>",Blu-Ray,,,"Comedy, Rental",true,Genre,Comedy,,,,,,,,,0.0,shopify,1,deny,manual,0.00,,true,true,,,,,77902842,https://cdn.shopify.com/s/files/1/0826/6363/7242/files/817zaZODs5L._AC_UF894_1000_QL80.jpg?v=1783534636,1,,false,,,,,,,,,,,,,
annie-hall-bluray,Annie Hall,"<p>Comedian Alvy Singer (Woody Allen) examines the rise and fall of his relationship with struggling nightclub singer Annie Hall (Diane Keaton). Speaking directly to the audience in front of a bare background, Singer reflects briefly on his childhood and his early adult years before settling in to tell the story of how he and Annie met, fell in love, and struggled with the obstacles of modern romance, mixing surreal fantasy sequences with small moments of emotional drama.</p>",Blu-Ray,,,"Comedy, Rental",true,Genre,Comedy,,,,,,,,,0.0,shopify,1,deny,manual,0.00,,true,true,,,,,77804538,https://cdn.shopify.com/s/files/1/0826/6363/7242/files/images_cbd999a3-cacf-42c7-a9f8-cf5e6d7bb8e2.jpg?v=1783534634,1,,false,,,,,,,,,,,,,
the-internship-unrated-dvd,The Internship Unrated,"<p>After old-school salesmen Billy and Nick find themselves downsized, Billy decides that, despite their complete lack of technological savvy, they should work for Google. The friends somehow manage to finagle internships at the Internet giant and promptly head out to Silicon Valley. Viewed with disdain by most of their fellow interns, Billy and Nick join forces with the rest of the misfit ""nooglers"" to make it through a series of competitive team challenges.</p>",DVD,,,"Comedy, Rental",true,Genre,Comedy,,,,,,,,,0.0,shopify,1,deny,manual,0.00,,true,true,,,,,77771770,https://cdn.shopify.com/s/files/1/0826/6363/7242/files/images_d19208e2-693b-42ab-ba7a-062937242ad2.jpg?v=1783534633,1,,false,,,,,,,,,,,,,
sweeney-todd-dvd,Sweeney Todd,"<p>Evil Judge Turpin (Alan Rickman) lusts for the beautiful wife of a London barber (Johnny Depp) and transports him to Australia for a crime he did not commit. Returning after 15 years and calling himself Sweeney Todd, the now-mad man vows revenge, applying his razor to unlucky customers and shuttling the bodies down to Mrs. Lovett (Helena Bonham Carter), who uses them in her meat-pie shop. Though many fall to his blade, he will not be satisfied until he slits Turpin's throat.</p>",DVD,,,"Musical, Rental",true,Genre,Musical,,,,,,,,,0.0,shopify,1,deny,manual,0.00,,true,true,,,,,77739002,https://cdn.shopify.com/s/files/1/0826/6363/7242/files/Sweeney-Todd-The-Demon-Barber-of-Fleet-Street-DVD-Paramount-Horror_3ede303a-4efb-4a1c-bbea-9ceb75105830.46dfdbaee432d58502e1729d01a14169.jpg?v=1783534631,1,,false,,,,,,,,,,,,,
into-the-woods-dvd,Into the Woods,"<p>As the result of the curse of a once-beautiful witch (Meryl Streep), a baker (James Corden) and his wife (Emily Blunt) are childless. Three days before the rise of a blue moon, they venture into the forest to find the ingredients that will reverse the spell and restore the witch's beauty: a milk-white cow, hair as yellow as corn, a blood-red cape, and a slipper of gold. During their journey, they meet Cinderella, Little Red Riding Hood, Rapunzel and Jack, each one on a quest to fulfill a wish.</p>",DVD,,,"Musical, Rental",true,Genre,Musical,,,,,,,,,0.0,shopify,1,deny,manual,0.00,,true,true,,,,,77706234,https://cdn.shopify.com/s/files/1/0826/6363/7242/files/s-l225.jpg?v=1783534630,1,,false,,,,,,,,,,,,,
et-the-extra-terrestrial-bluray,E.T. The Extra-Terrestrial,"<p>After a gentle alien becomes stranded on Earth, the being is discovered and befriended by a young boy named Elliott. Bringing the extraterrestrial into his suburban California house, Elliott introduces E.T., as the alien is dubbed, to his brother and his little sister, Gertie, and the children decide to keep its existence a secret. Soon, however, E.T. falls ill, resulting in government intervention and a dire situation for both Elliott and the alien.</p>",Blu-Ray,,,"Kids & Family, Rental",true,Genre,Kids & Family,,,,,,,,,0.0,shopify,1,deny,manual,0.00,,true,true,,,,,77640698,https://cdn.shopify.com/s/files/1/0826/6363/7242/files/81wK_lPt5-L._AC_UF1000_1000_QL80.jpg?v=1783534629,1,,false,,,,,,,,,,,,,
bakara-dvd,Bakara,"<p>Featuring no conventional narrative, this film presents footage of people, places and things from around the world. From chaotic cities to barren wilderness, the movie takes viewers around the globe to witness a variety of spectacles in both natural and technological realms. Detouring into former concentration camps, the production doesn't shy away from the dark side of humanity, and ultimately shows how much of the world is interconnected by both the tragedy and the vibrancy of life.</p>",DVD,,,"Documentary, Rental",true,Genre,Documentary,,,,,,,,,0.0,shopify,1,deny,manual,0.00,,true,true,,,,,77607930,https://cdn.shopify.com/s/files/1/0826/6363/7242/files/images_28fae51b-8066-4c3e-81c8-40c50d212091.jpg?v=1783534627,1,,false,,,,,,,,,,,,,
cirque-du-soleil-dralion-dvd,Cirque Du Soleil: Dralion,"<p>Dralion was a touring production by the Canadian entertainment company Cirque du Soleil. The show combined elements of traditional Chinese circus with Western contemporary circus, complementing the ""East-meets-West"" theme implied in the title—the name is a portmanteau of ""dragon"" and ""lion"".</p>",DVD,,,"Musical, Rental",true,Genre,Musical,,,,,,,,,0.0,shopify,1,deny,manual,0.00,,true,true,,,,,77575162,https://cdn.shopify.com/s/files/1/0826/6363/7242/files/s-l640_a2c1ec81-cdb3-4dc6-975a-9a8bcf41fe25.jpg?v=1783534626,1,,false,,,,,,,,,,,,,
rent-dvd,Rent,"<p>In this musical, set at the dawn of the 1990s, a group of New Yorkers struggle with their careers, love lives and the effects of the AIDS epidemic on their community. Mark (Anthony Rapp), an aspiring filmmaker, and Roger (Adam Pascal), an HIV-positive musician, scramble for money to pay rent to their landlord and former roommate, Benny (Taye Diggs). Meanwhile, their friend Tom (Jesse L. Martin), a professor, has fallen for Angel (Wilson Jermaine Heredia), who is slowly dying of AIDS.</p>",DVD,,,"Musical, Rental",true,Genre,Musical,,,,,,,,,0.0,shopify,1,deny,manual,0.00,,true,true,,,,,77542394,https://cdn.shopify.com/s/files/1/0826/6363/7242/files/images_2ef62e32-d78e-4b82-a439-3699eee989b0.jpg?v=1783534624,1,,false,,,,,,,,,,,,,
evita-dvd,Evita,"<p>Eva Duarte Perón rises from poverty to become an Argentinian actress and the wife of powerful President Juan Perón. Through a series of flashbacks, Eva transforms from an impoverished teenager into a woman of influence and power. After the death of her father, Eva travels to Buenos Aires and begins a string of relationships with powerful men before she meets Juan. Eva's ultimate power and influence earn her both admiration and hatred.</p>",DVD,,,"Musical, Rental",true,Genre,Musical,,,,,,,,,0.0,shopify,1,deny,manual,0.00,,true,true,,,,,77476858,https://cdn.shopify.com/s/files/1/0826/6363/7242/files/images_58f0c0ba-dd85-4980-809b-122caca36d07.jpg?v=1783534623,1,,false,,,,,,,,,,,,,
kate-leopold-vhs,Kate & Leopold,,VHS,,,"Floor Sale, Romantic Comedy",true,Genre,Romantic Comedy,,,,,,,,,0.0,shopify,1,deny,manual,5.00,,true,true,,,,,82121978,,,,false,,,,,,,,,,,,,
i-love-you-i-love-you-not-vhs,"I Love You, I Love You Not",,VHS,,,"Floor Sale, Romantic Comedy",true,Genre,Romantic Comedy,,,,,,,,,0.0,shopify,1,deny,manual,9.00,,true,true,,,,,82056442,,,,false,,,,,,,,,,,,,
nadja-vhs,Nadja,,VHS,,,"Floor Sale, Horror",true,Genre,Horror,,,,,,,,,0.0,shopify,1,deny,manual,19.00,,true,true,,,,,82023674,,,,false,,,,,,,,,,,,,
choose-me-vhs,Choose Me,,VHS,,,"Drama, Floor Sale",true,Genre,Drama,,,,,,,,,0.0,shopify,1,deny,manual,10.00,,true,true,,,,,81990906,,,,false,,,,,,,,,,,,,
ready-to-rumble-vhs,Ready to Rumble,,VHS,,,"Comedy, Floor Sale",true,Genre,Comedy,,,,,,,,,0.0,shopify,1,deny,manual,9.00,,true,true,,,,,81892602,,,,false,,,,,,,,,,,,,
i-got-the-hook-up-vhs,I Got the Hook Up,,VHS,,,"Comedy, Floor Sale",true,Genre,Comedy,,,,,,,,,0.0,shopify,1,deny,manual,7.00,,true,true,,,,,81433850,,,,false,,,,,,,,,,,,,
jungle-fever-vhs,Jungle Fever,,VHS,Uncategorized,,"Drama, Floor Sale",true,Genre,Drama,,,,,,,,,0.0,shopify,2,deny,manual,7.00,,true,true,,,,,81138938,,,,false,,,,,,,,,,,,,
jake-speed-vhs,Jake Speed,,VHS,,,"Action, Floor Sale",true,Genre,Action,,,,,,,,,0.0,shopify,1,deny,manual,5.00,,true,true,,,,,81106170,,,,false,,,,,,,,,,,,,
serendipity-vhs,Serendipity,,VHS,,,"Floor Sale, Romantic Comedy",true,Genre,Romantic Comedy,,,,,,,,,0.0,shopify,1,deny,manual,5.00,,true,true,,,,,81040634,,,,false,,,,,,,,,,,,,
national-treasure-vhs,National Treasure,,VHS,,,"Floor Sale, Kids & Family",true,Genre,Kids & Family,,,,,,,,,0.0,shopify,1,deny,manual,22.00,,true,true,,,,,80680186,,,,false,,,,,,,,,,,,,
a-midnight-clear-vhs,A Midnight Clear,,VHS,,,"Drama, Floor Sale",true,Genre,Drama,,,,,,,,,0.0,shopify,1,deny,manual,4.00,,true,true,,,,,80647418,,,,false,,,,,,,,,,,,,
pd-james-a-mind-to-murder-vhs,P.D. James A Mind to Murder,,VHS,,,"Drama, Floor Sale",true,Genre,Drama,,,,,,,,,0.0,shopify,1,deny,manual,5.00,,true,true,,,,,80549114,,,,false,,,,,,,,,,,,,
the-sailor-who-fell-from-grace-with-the-sea-vhs,The Sailor Who Fell From Grace With The Sea,,VHS,,,"Drama, Floor Sale",true,Genre,Drama,,,,,,,,,0.0,shopify,1,deny,manual,5.00,,true,true,,,,,80450810,,,,false,,,,,,,,,,,,,
new-port-south-vhs,New Port South,,VHS,,,"Floor Sale, Thriller",true,Genre,Thriller,,,,,,,,,0.0,shopify,1,deny,manual,7.00,,true,true,,,,,80385274,,,,false,,,,,,,,,,,,,
the-lord-of-the-rings-the-fellowship-of-the-ring-dvd-extended,The Lord of the Rings: The Fellowship of the Ring,"<p>The future of civilization rests in the fate of the One Ring, which has been lost for centuries. Powerful forces are unrelenting in their search for it. But fate has placed it in the hands of a young Hobbit named Frodo Baggins (Elijah Wood), who inherits the Ring and steps into legend. A daunting task lies ahead for Frodo when he becomes the Ring-bearer - to destroy the One Ring in the fires of Mount Doom where it was forged.</p>",DVD,,,"Fantasy, Rental",true,Genre,Fantasy,,,,,,,,,0.0,shopify,1,deny,manual,0.00,,true,true,,,,,32503290,https://cdn.shopify.com/s/files/1/0826/6363/7242/files/images_b82ce9e6-1b43-4dcb-ab55-c3214bd5cf28.jpg?v=1783531104,1,,false,,,,,,,,,,,,,
the-lord-of-the-rings-the-two-towers-dvd-extended,The Lord of the Rings: The Two Towers,"<p>The sequel to the Golden Globe-nominated and AFI Award-winning ""The Lord of the Rings: The Fellowship of the Ring,"" ""The Two Towers"" follows the continuing quest of Frodo and the Fellowship to destroy the One Ring. Frodo and Sam discover they are being followed by the mysterious Gollum. Aragorn, the Elf archer Legolas and Gimli the Dwarf encounter the besieged Rohan kingdom, whose once great King Theoden has fallen under Saruman's deadly spell.</p>",DVD,,,"Fantasy, Rental",true,Genre,Fantasy,,,,,,,,,0.0,shopify,1,deny,manual,0.00,,true,true,,,,,32404986,https://cdn.shopify.com/s/files/1/0826/6363/7242/files/Thetwotowersextend-cover.jpg?v=1783531103,1,,false,,,,,,,,,,,,,
the-lord-of-the-rings-return-of-the-king-dvd-extended,The Lord of the Rings: The Return of the King,"<p>The culmination of nearly 10 years' work and conclusion to Peter Jackson's epic trilogy based on the timeless J.R.R. Tolkien classic, ""The Lord of the Rings: The Return of the King"" presents the final confrontation between the forces of good and evil fighting for control of the future of Middle-earth. Hobbits Frodo and Sam reach Mordor in their quest to destroy the `one ring', while Aragorn leads the forces of good against Sauron's evil army at the stone city of Minas Tirith.</p>",DVD,,,"Fantasy, Rental",true,Genre,Fantasy,,,,,,,,,0.0,shopify,1,deny,manual,0.00,,true,true,,,,,32077306,https://cdn.shopify.com/s/files/1/0826/6363/7242/files/Returnofking_extended.jpg?v=1783531102,1,,false,,,,,,,,,,,,,
austin-powers-the-spy-who-shagged-me-dvd,Austin Powers: The Spy Who Shagged Me,"<p>In his second screen adventure, British super spy Austin Powers must return to 1969, as arch-nemesis Dr. Evil has ventured back to that year and successfully stolen Austin's ""mojo"" and set up a powerful laser and aimed it at Earth. With the help of gorgeous agent Felicity Shagwell, the newly single Austin must now not only contend with Dr. Evil, but also Evil's vicious, pint-size attack-clone, Mini-Me.</p>",DVD,,,"Comedy, Rental",true,Genre,Comedy,,,,,,,,,0.0,shopify,1,deny,manual,0.00,,true,true,,,,,32044538,https://cdn.shopify.com/s/files/1/0826/6363/7242/files/s-l640_c9ee2aba-3b15-4618-ae0d-8ff982008938.jpg?v=1783531100,1,,false,,,,,,,,,,,,,
young-frankenstein-dvd,Young Frankenstein,"<p>Respected medical lecturer Dr. Frederick Frankenstein (Gene Wilder) learns that he has inherited his infamous grandfather's estate in Transylvania. Arriving at the castle, Dr. Frankenstein soon begins to recreate his grandfather's experiments with the help of servants Igor (Marty Feldman), Inga (Teri Garr) and the fearsome Frau Blücher (Cloris Leachman). After he creates his own monster (Peter Boyle), new complications ensue with the arrival of the doctor's fiancée, Elizabeth (Madeline Kahn).</p>",DVD,,,"Comedy, Rental",true,Genre,Comedy,,,,,,,,,0.0,shopify,1,deny,manual,0.00,,true,true,,,,,31946234,https://cdn.shopify.com/s/files/1/0826/6363/7242/files/A1yhGS5D-BL._AC_UF894_1000_QL80.jpg?v=1783531099,1,,false,,,,,,,,,,,,,
the-wedding-banquet-dvd,The Wedding Banquet,"<p>Wai-Tung (Bowen Yang) and his boyfriend (Kelly Marie Tran) live happily as a gay couple in New York City. Wai-Tung has not been open about his sexuality with his Taiwanese parents (Han Gi-chan, Joan Chen), and decides to acquiesce to their wish for a traditional Chinese union by marrying Wei-Wei (Lily Gladstone), a struggling artist desperate for a green card. But the simple arrangement turns into a lavish debacle when Wai-Tung's parents plan an extravagant wedding banquet.</p>",DVD,,,"Comedy, Rental",true,Genre,Comedy,,,,,,,,,0.0,shopify,1,deny,manual,0.00,,true,true,,,,,31880698,https://cdn.shopify.com/s/files/1/0826/6363/7242/files/MV5BMjI1NDg2MTQxN15BMl5BanBnXkFtZTcwNTYwNTc3NA_._V1_FMjpg_UX1000.jpg?v=1783531097,1,,false,,,,,,,,,,,,,
the-peacemaker-dvd,The Peacemaker,"<p>Two trains collide in rural Russia, one of them housing nuclear weapons that go missing after the wreck, and the U.S. government is alerted. Nuclear specialist Dr. Julia Kelly (Nicole Kidman) believes that there will soon be a terrorist attack, so Lt. Col. Thomas Devoe (George Clooney) joins Dr. Kelly as they try to track down the warhead-stealing culprits. They learn that Yugoslav terrorist Gavrich (Marcel Iures) has his hands on the weapons, and he's plotting a devastating attack on New York.</p>",DVD,,,"Action, Rental",true,Genre,Action,,,,,,,,,0.0,shopify,1,deny,manual,0.00,,true,true,,,,,31815162,https://cdn.shopify.com/s/files/1/0826/6363/7242/files/Peacemaker_imp.jpg?v=1783531096,1,,false,,,,,,,,,,,,,
cellular-dvd,Cellular,"<p>Schoolteacher Jessica Martin (Kim Basinger) is abducted by ruthless crook Ethan (Jason Statham) and brought to a remote hideout, where she finds a broken cell phone. Unfortunately, when she tries to use the malfunctioning phone to contact the authorities, she accidentally reaches college student Ryan (Chris Evans) instead. The young man wants to help Jessica, but she has no idea where her captors have taken her, and Ryan must scramble to figure out where she is before his cell phone goes dead.</p>",DVD,,,"Action, Rental",true,Genre,Action,,,,,,,,,0.0,shopify,1,deny,manual,0.00,,true,true,,,,,31749626,https://cdn.shopify.com/s/files/1/0826/6363/7242/files/images_61770a7e-523b-4346-9842-76fea4e892ad.jpg?v=1783531095,1,,false,,,,,,,,,,,,,
spider-man-dvd,Spider-Man,"<p>""Spider-Man"" centers on student Peter Parker (Tobey Maguire) who, after being bitten by a genetically-altered spider, gains superhuman strength and the spider-like ability to cling to any surface. He vows to use his abilities to fight crime, coming to understand the words of his beloved Uncle Ben: ""With great power comes great responsibility.""</p>",DVD,,,"Action, Rental",true,Genre,Action,,,,,,,,,0.0,shopify,1,deny,manual,0.00,,true,true,,,,,31684090,https://cdn.shopify.com/s/files/1/0826/6363/7242/files/Spider-Man__282002_film_29_poster.jpg?v=1783531094,1,,false,,,,,,,,,,,,,
six-days-seven-nights-dvd,Six Days Seven Nights,"<p>In the South Pacific island of Makatea, career-driven magazine editor Robin Monroe (Anne Heche) is on a week-long vacation getaway with her boyfriend, Frank Martin (David Schwimmer). A work assignment in neighboring Tahiti requires Robin to hire a cargo plane piloted by the cantankerous Quinn Harris (Harrison Ford). But when a powerful storm forces Quinn to make an emergency landing on a nearby deserted island, the dissimilar pair learn to set aside their differences in order to find rescue.</p>",DVD,,,"Action, Rental",true,Genre,Action,,,,,,,,,0.0,shopify,1,deny,manual,0.00,,true,true,,,,,31651322,https://cdn.shopify.com/s/files/1/0826/6363/7242/files/Six_days_seven_nights.jpg?v=1783531092,1,,false,,,,,,,,,,,,,
spider-man-2-dvd,Spider-Man 2,"<p>When a failed nuclear fusion experiment results in an explosion that kills his wife, Dr. Otto Octavius is transformed into Dr. Octopus, a cyborg with deadly metal tentacles. Doc Ock blames Spider-Man for the accident and seeks revenge. Meanwhile, Spidey's alter ego, Peter Parker, faces fading powers and self-doubt. Complicating matters are his best friend's hatred for Spider-Man and his true love's sudden engagement to another man.</p>",DVD,,,"Action, Rental",true,Genre,Action,,,,,,,,,0.0,shopify,1,deny,manual,0.00,,true,true,,,,,31454714,https://cdn.shopify.com/s/files/1/0826/6363/7242/files/MV5BNGQ0YTQyYTgtNWI2YS00NTE2LWJmNDItNTFlMTUwNmFlZTM0XkEyXkFqcGc_._V1_FMjpg_UX1000.jpg?v=1783531090,1,,false,,,,,,,,,,,,,
american-gangster-dvd,American Gangster,"<p>Harlem drug dealer Frank Lucas rises to power in corrupt 1970s New York, equalling and surpassing the notorious Mafia families with the reach of his empire. On the other side of the law, honest cop Richie Roberts dedicates himself to taking down `the most dangerous man walking the streets'. Lucas acts with impunity, smuggling heroin into the US in the coffins of American soldiers killed in Vietnam.</p>",DVD,,,"Action, Rental",true,Genre,Action,,,,,,,,,0.0,shopify,1,deny,manual,0.00,,true,true,,,,,31389178,https://cdn.shopify.com/s/files/1/0826/6363/7242/files/51A2YTlWl4L._AC_UF1000_1000_QL80.jpg?v=1783531089,1,,false,,,,,,,,,,,,,
the-siege-dvd,The Siege,"<p>After terrorists attack a bus in Brooklyn, a Broadway theater and FBI headquarters, FBI anti-terrorism expert Anthony Hubbard (Denzel Washington) teams up with CIA agent Elise Kraft (Annette Bening) to investigate. Soon, martial law is declared in New York City, and General William Devereaux (Bruce Willis), a sadistic racist, is put in command. When Devereaux begins rounding up Arab-Americans and forcing them into a detention camp, Hubbard and Kraft must fight back in the name of freedom.</p>",DVD,,,"Action, Rental",true,Genre,Action,,,,,,,,,0.0,shopify,1,deny,manual,0.00,,true,true,,,,,31127034,https://cdn.shopify.com/s/files/1/0826/6363/7242/files/515TP8EY31L._AC_UF894_1000_QL80.jpg?v=1783531087,1,,false,,,,,,,,,,,,,
la-confidential-dvd,L.A. Confidential,"<p>Three policemen, each with his own motives and obsessions, tackle the corruption surrounding an unsolved murder at a downtown Los Angeles coffee shop in the early 1950s. Detective Lieutenant Exley (Guy Pearce), the son of a murdered detective, is out to avenge his father's killing. The ex-partner of Officer White (Russell Crowe), implicated in a scandal rooted out by Exley, was one of the victims. Sergeant Vincennes (Kevin Spacey) feeds classified information to a tabloid magnate (Danny DeVito).</p>",DVD,,,"Action, Rental",true,Genre,Action,,,,,,,,,0.0,shopify,1,deny,manual,0.00,,true,true,,,,,31094266,https://cdn.shopify.com/s/files/1/0826/6363/7242/files/MV5BODdiMjY1OGYtNDk0NC00NGQ1LWI4MDItOTJhMTM0YjE1YTAzXkEyXkFqcGc_._V1.jpg?v=1783531086,1,,false,,,,,,,,,,,,,
x2-x-men-united-dvd,X2 X-Men United,"<p>X2: X-Men United (2003) is the acclaimed sequel to the 2000 X-Men film. Directed by Bryan Singer, the action sci-fi follows a reluctant alliance between the X-Men and their traditional enemies, the Brotherhood of Mutants, to stop Colonel William Stryker, who is attempting to use Professor X's mind and a modified Cerebro to exterminate all mutants</p>",DVD,,,"Action, Rental",true,Genre,Action,,,,,,,,,0.0,shopify,1,deny,manual,0.00,,true,true,,,,,30963194,https://cdn.shopify.com/s/files/1/0826/6363/7242/files/latest_20dc9b45-5dea-440f-8492-f2065ecf2c8d.webp?v=1783531085,1,,false,,,,,,,,,,,,,
the-last-stand-dvd,The Last Stand,"<p>The discovery of a cure for mutations leads to a turning point for Mutants (Hugh Jackman, Halle Berry, Famke Janssen, Anna Paquin, Rebecca Romijn, Kelsey Grammer). They may now choose to give up their powers and become fully human or retain their uniqueness and remain isolated. War looms between the followers of Charles Xavier (Patrick Stewart), who preaches tolerance, and those of Magneto (Ian McKellen), who advocates survival of the fittest.</p>",DVD,,,"Action, Rental",true,Genre,Action,,,,,,,,,0.0,shopify,1,deny,manual,0.00,,true,true,,,,,30897658,https://cdn.shopify.com/s/files/1/0826/6363/7242/files/81qV_4M7IsL._AC_UF894_1000_QL80.jpg?v=1783531083,1,,false,,,,,,,,,,,,,
the-transporter-dvd,The Transporter,"<p>Ex-Special Forces operator Frank Martin (Jason Statham) lives what seems to be a quiet life along the French Mediterranean, hiring himself out as a mercenary transporter who moves goods - human or otherwise - from one place to another. No questions asked. Dangerous complications ensue when he is hired to kidnap the feisty daughter of a lethal Chinese crime lord who's smuggling his fellow countrymen into France.</p>",DVD,,,"Action, Rental",true,Genre,Action,,,,,,,,,0.0,shopify,1,deny,manual,0.00,,true,true,,,,,30864890,https://cdn.shopify.com/s/files/1/0826/6363/7242/files/images_8bac18bd-f3de-4b37-98c6-bd89f5601386.jpg?v=1783531082,1,,false,,,,,,,,,,,,,
the-adventures-of-indiana-jones-box-set-dvd,The Adventures of Indiana Jones Box Set,"<p>The Adventures of Indiana Jones: The Complete DVD Movie Collection is a landmark 4-disc box set initially released in 2003. It contains the original Indiana Jones trilogy (Raiders of the Lost Ark, The Temple of Doom, and The Last Crusade) alongside a dedicated bonus disc loaded with documentaries and featurettes. [1, 2]</p>",DVD,,,"Action, Rental",true,Genre,Action,,,,,,,,,0.0,shopify,1,deny,manual,0.00,,true,true,,,,,30701050,https://cdn.shopify.com/s/files/1/0826/6363/7242/files/91LDaBTwneL._AC_UF894_1000_QL80.jpg?v=1783531081,1,,false,,,,,,,,,,,,,
naken-in-new-york-vhs,Naked in New York,,VHS,Uncategorized,,"Comedy, Floor Sale",true,Genre,Comedy,,,,,,,,,0.0,shopify,1,deny,manual,5.00,,true,true,,,,,71833850,,,,false,,,,,,,,,,,,,
dude-wheres-my-car-vhs,Dude Where's My Car,,VHS,,,"Comedy, Floor Sale",true,Genre,Comedy,,,,,,,,,0.0,shopify,1,deny,manual,8.00,,true,true,,,,,71735546,,,,false,,,,,,,,,,,,,
just-write-vhs,Just Write,,VHS,,,"Comedy, Floor Sale",true,Genre,Comedy,,,,,,,,,0.0,shopify,1,deny,manual,4.00,,true,true,,,,,71571706,,,,false,,,,,,,,,,,,,
bio-dome-vhs,Bio-Dome,,VHS,,,"Comedy, Floor Sale",true,Genre,Comedy,,,,,,,,,0.0,shopify,1,deny,manual,10.00,,true,true,,,,,71538938,,,,false,,,,,,,,,,,,,
johnny-clyde-vhs,Johnny & Clyde,,VHS,,,"Comedy, Floor Sale",true,Genre,Comedy,,,,,,,,,0.0,shopify,1,deny,manual,5.00,,true,true,,,,,71506170,,,,false,,,,,,,,,,,,,
just-your-luck-vhs,Just Your Luck,,VHS,,,"Comedy, Floor Sale",true,Genre,Comedy,,,,,,,,,0.0,shopify,1,deny,manual,4.00,,true,true,,,,,71440634,,,,false,,,,,,,,,,,,,
juwanna-mann-vhs,Juwanna Mann,,VHS,,,"Comedy, Floor Sale",true,Genre,Comedy,,,,,,,,,0.0,shopify,1,deny,manual,5.00,,true,true,,,,,71375098,,,,false,,,,,,,,,,,,,
mystery-men-vhs,Mystery Men,,VHS,,,"Comedy, Floor Sale",true,Genre,Comedy,,,,,,,,,0.0,shopify,1,deny,manual,7.00,,true,true,,,,,71309562,,,,false,,,,,,,,,,,,,
hotel-de-love-vhs,Hotel de Love,,VHS,,,"Comedy, Floor Sale",true,Genre,Comedy,,,,,,,,,0.0,shopify,1,deny,manual,8.00,,true,true,,,,,71211258,,,,false,,,,,,,,,,,,,
the-hotel-new-hampshire-vhs,The Hotel New Hampshire,,VHS,,,"Comedy, Floor Sale",true,Genre,Comedy,,,,,,,,,0.0,shopify,1,deny,manual,7.00,,true,true,,,,,71178490,,,,false,,,,,,,,,,,,,
the-myth-of-fingerprints-vhs,The Myth of Fingerprints,,VHS,,,"Comedy, Floor Sale",true,Genre,Comedy,,,,,,,,,0.0,shopify,1,deny,manual,4.00,,true,true,,,,,71112954,,,,false,,,,,,,,,,,,,
murphys-romance-vhs,Murphy's Romance,,VHS,,,"Comedy, Floor Sale",true,Genre,Comedy,,,,,,,,,0.0,shopify,1,deny,manual,8.00,,true,true,,,,,70981882,,,,false,,,,,,,,,,,,,
dave-vhs,Dave,,VHS,,,"Comedy, Floor Sale",true,Genre,Comedy,,,,,,,,,0.0,shopify,1,deny,manual,4.00,,true,true,,,,,70916346,,,,false,,,,,,,,,,,,,
everyone-says-i-love-you-vhs,Everyone Says I Love You,,VHS,,,"Comedy, Floor Sale",true,Genre,Comedy,,,,,,,,,0.0,shopify,1,deny,manual,5.00,,true,true,,,,,70752506,,,,false,,,,,,,,,,,,,
mighty-aphrodite-vhs,Mighty Aphrodite,,VHS,,,"Comedy, Floor Sale",true,Genre,Comedy,,,,,,,,,0.0,shopify,1,deny,manual,5.00,,true,true,,,,,70654202,,,,false,,,,,,,,,,,,,
bird-on-a-wire-vhs,Bird on a Wire,,VHS,,,"Comedy, Floor Sale",true,Genre,Comedy,,,,,,,,,0.0,shopify,1,deny,manual,5.00,,true,true,,,,,70359290,,,,false,,,,,,,,,,,,,
father-goose-vhs,Father Goose,,VHS,,,"Comedy, Floor Sale",true,Genre,Comedy,,,,,,,,,0.0,shopify,1,deny,manual,4.00,,true,true,,,,,70326522,,,,false,,,,,,,,,,,,,
houseboat-vhs,Houseboat,,VHS,,,"Comedy, Floor Sale",true,Genre,Comedy,,,,,,,,,0.0,shopify,1,deny,manual,4.00,,true,true,,,,,70293754,,,,false,,,,,,,,,,,,,
legal-eagles-vhs,Legal Eagles,,VHS,,,"Comedy, Floor Sale",true,Genre,Comedy,,,,,,,,,0.0,shopify,1,deny,manual,5.00,,true,true,,,,,70228218,,,,false,,,,,,,,,,,,,
ice-age-dvd,Ice Age,"<p>Twenty-thousand years ago, Earth is a wondrous, prehistoric world filled with great danger, not the least of which is the beginning of the Ice Age. To avoid a really bad frostbite, the planet's majestic creatures - and a few small, slothful ones - begin migrating south . The story revolves around sub-zero heroes: a woolly mammoth, a saber-toothed tiger, a sloth and a prehistoric combination of a squirrel and rat that is known as Scrat.</p>",DVD,,,"Kids & Family, Rental",true,Genre,Kids & Family,,,,,,,,,0.0,shopify,1,deny,manual,0.00,,true,true,,,,,08722682,https://cdn.shopify.com/s/files/1/0826/6363/7242/files/71jGr0swVGL._AC_UF1000_1000_QL80.jpg?v=1783527507,1,,false,,,,,,,,,,,,,
the-lion-king-dvd,The Lion King,"<p>This Disney animated feature follows the adventures of the young lion Simba (Jonathan Taylor Thomas), the heir of his father, Mufasa (James Earl Jones). Simba's wicked uncle, Scar (Jeremy Irons), plots to usurp Mufasa's throne by luring father and son into a stampede of wildebeests. But Simba escapes, and only Mufasa is killed. Simba returns as an adult (Matthew Broderick) to take back his homeland from Scar with the help of his friends Timon (Nathan Lane) and Pumbaa (Ernie Sabella).</p>",DVD,,,"Kids & Family, Rental",true,Genre,Kids & Family,,,,,,,,,0.0,shopify,1,deny,manual,0.00,,true,true,,,,,08427770,https://cdn.shopify.com/s/files/1/0826/6363/7242/files/362153-default-l.jpg?v=1783527507,1,,false,,,,,,,,,,,,,
planet-of-the-apes-the-evolution-box-set-dvd,Planet of the Apes: The Evolution Box Set,"<p>Planet of the Apes: The Evolution is a DVD boxset collection that includes all five feature films from the original Planet of the Apes movie series by APJAC Productions and Twentieth Century Fox Film Corporation. The collection includes a sixth disc, Behind the Planet of the Apes, which is a 127 minute documentary hosted by franchise favorite Roddy McDowall, which provides an in-depth retrospective into all five Planet of the Apes films including interviews with notable actors such as Charlton Heston, Kim Hunter and Linda Harrison as well producer Mort Abrahams, makeup designer John Chambers and 20th Century Fox studio executive Richard D. Zanuck</p>",DVD,,,"Drama, Rental",true,Genre,Drama,,,,,,,,,0.0,shopify,1,deny,manual,0.00,,true,true,,,,,08395002,https://cdn.shopify.com/s/files/1/0826/6363/7242/files/s-l640.jpg?v=1783527505,1,,false,,,,,,,,,,,,,
star-wars-trilogy-box-set-iv-v-vi-dvd,"Star Wars Trilogy Box Set IV, V, VI","<p>The original Star Wars trilogy consists of A New Hope (1977), The Empire Strikes Back (1980), and Return of the Jedi (1983). It follows Luke Skywalker, Princess Leia, and Han Solo battling the Galactic Empire and features the rise of the Rebel Alliance, Luke's Jedi training, and his ultimate confrontation with Darth Vader.</p>",DVD,,,"Drama, Rental",true,Genre,Drama,,,,,,,,,0.0,shopify,1,deny,manual,0.00,,true,true,,,,,08362234,https://cdn.shopify.com/s/files/1/0826/6363/7242/files/latest.webp?v=1783527503,1,,false,,,,,,,,,,,,,
west-side-story-box-set-dvd,West Side Story Box Set,"<p>A musical in which a modern day Romeo and Juliet are involved in New York street gangs. On the harsh streets of the upper west side, two gangs battle for control of the turf. The situation becomes complicated when a gang member falls in love with a rival's sister.</p>",DVD,,,"Drama, Rental",true,Genre,Drama,,,,,,,,,0.0,shopify,1,deny,manual,0.00,,true,true,,,,,08329466,https://cdn.shopify.com/s/files/1/0826/6363/7242/files/West_Side_Story_1961_film_poster.jpg?v=1783527502,1,,false,,,,,,,,,,,,,
the-english-patient-dvd,The English Patient,"<p>The sweeping expanses of the Sahara are the setting for a passionate love affair in this adaptation of Michael Ondaatje's novel. A badly burned man, Laszlo de Almasy (Ralph Fiennes), is tended to by a nurse, Hana (Juliette Binoche), in an Italian monastery near the end of World War II. His past is revealed through flashbacks involving a married Englishwoman (Kristin Scott Thomas) and his work mapping the African landscape. Hana learns to heal her own scars as she helps the dying man.</p>",DVD,,,"Drama, Rental",true,Genre,Drama,,,,,,,,,0.0,shopify,1,deny,manual,0.00,,true,true,,,,,08296698,https://cdn.shopify.com/s/files/1/0826/6363/7242/files/images_b921a349-3703-4fb6-b3be-5c05eef20f66.jpg?v=1783527500,1,,false,,,,,,,,,,,,,
brokeback-mountain-dvd,Brokeback Mountain,"<p>In 1963, rodeo cowboy Jack Twist and ranch hand Ennis Del Mar are hired by rancher Joe Aguirre as sheep herders in Wyoming. One night on Brokeback Mountain, Jack makes a drunken pass at Ennis that is eventually reciprocated. Though Ennis marries his longtime sweetheart, Alma and Jack marries a fellow rodeo riders, the two men keep up their tortured and sporadic affair over the course of 20 years.</p>",DVD,,,"Drama, Rental",true,Genre,Drama,,,,,,,,,0.0,shopify,1,deny,manual,0.00,,true,true,,,,,08263930,https://cdn.shopify.com/s/files/1/0826/6363/7242/files/MV5BMzM4OWFjMTMtZjNjOS00YmU3LTlhY2MtNjFiMTVkN2Y1OTZlXkEyXkFqcGc_._V1_FMjpg_UX1000.jpg?v=1783527498,1,,false,,,,,,,,,,,,,
titanic-dvd,Titanic,"<p>Poor artist Jack and rich debutante Rose fall in love with each other while aboard the unsinkable Titanic. However, the trip takes a turn for the worse when the ship hits an iceberg.</p>",DVD,,,"Drama, Rental",true,Genre,Drama,,,,,,,,,0.0,shopify,1,deny,manual,0.00,,true,true,,,,,08231162,https://cdn.shopify.com/s/files/1/0826/6363/7242/files/s-l400.jpg?v=1783527496,1,,false,,,,,,,,,,,,,
network-dvd,Network,"<p>In this lauded satire, veteran news anchorman Howard Beale (Peter Finch) discovers that he's being put out to pasture, and he's none too happy about it. After threatening to shoot himself on live television, instead he launches into an angry televised rant, which turns out to be a huge ratings boost for the UBS network. This stunt allows ambitious producer Diana Christensen (Faye Dunaway) to develop even more outrageous programming, a concept that she takes to unsettling extremes.</p>",DVD,,,"Drama, Rental",true,Genre,Drama,,,,,,,,,0.0,shopify,1,deny,manual,0.00,,true,true,,,,,08198394,https://cdn.shopify.com/s/files/1/0826/6363/7242/files/images_a8a6eeff-7e45-4fcd-99e5-448a9b326605.jpg?v=1783527495,1,,false,,,,,,,,,,,,,
lilies-dvd,Lilies,"<p>When a bishop comes to a prison to hear the confession of an old friend, he is forced to watch a play, performed by the inmates, about their youth together, love and betrayal.</p>",DVD,,,"Drama, Rental",true,Genre,Drama,,,,,,,,,0.0,shopify,1,deny,manual,0.00,,true,true,,,,,08165626,https://cdn.shopify.com/s/files/1/0826/6363/7242/files/Lilies-dvd.jpg?v=1783527493,1,,false,,,,,,,,,,,,,
leaving-las-vegas-dvd,Leaving Las Vegas,"<p>Adapted from the novel by John O'Brien, this acclaimed drama follows alcoholic screenwriter Ben Sanderson (Nicolas Cage) as he drinks himself into oblivion in Las Vegas. When Ben meets the beautiful prostitute Sera (Elisabeth Shue), they strike up an unconventional relationship -- one where she can't ask him to curb his drinking, and he can't fault her for her job. Though they offer each other support, Ben's self-destruction threatens to eclipse their bond.</p>",DVD,,,"Drama, Rental",true,Genre,Drama,,,,,,,,,0.0,shopify,1,deny,manual,0.00,,true,true,,,,,07870714,https://cdn.shopify.com/s/files/1/0826/6363/7242/files/71XHAUqG0pL._AC_UF894_1000_QL80.jpg?v=1783527491,1,,false,,,,,,,,,,,,,
the-last-temptation-of-christ-dvd,The Last Temptation of Christ,"<p>Jesus (Willem Dafoe), a humble Judean carpenter beginning to see that he is the son of God, is drawn into revolutionary action against the Roman occupiers by Judas (Harvey Keitel) -- despite his protestations that love, not violence, is the path to salvation. The burden of being the savior of mankind torments Jesus throughout his life, leading him to doubt. As he is put to death on the cross, Jesus is tempted by visions of an ordinary life married to Mary Magdalene (Barbara Hershey).</p>",DVD,,,"Drama, Rental",true,Genre,Drama,,,,,,,,,0.0,shopify,1,deny,manual,0.00,,true,true,,,,,07837946,https://cdn.shopify.com/s/files/1/0826/6363/7242/files/1AczZQpaiRXO7xuSX9ZuGi8dpti30Z_large_44daf865-8ac2-4b08-af1a-5f0256a2b624.jpg?v=1783527490,1,,false,,,,,,,,,,,,,
american-beauty-dvd,American Beauty,"<p>A telesales operative becomes disillusioned with his existence and begins to hunger for fresh excitement in his life. As he experiences a new awakening of the senses, his wife and daughter also undergo changes that seriously affect their family. Critically acclaimed, this film won Oscars for Best Screenplay, Best Director, Best Actor and Best Film.</p>",DVD,,,"Drama, Rental",true,Genre,Drama,,,,,,,,,0.0,shopify,1,deny,manual,0.00,,true,true,,,,,07772410,https://cdn.shopify.com/s/files/1/0826/6363/7242/files/images_a2f502fe-779b-4bd7-aca5-5ad60bc9c4fe.jpg?v=1783527488,1,,false,,,,,,,,,,,,,
philadelphia-dvd,Philadelphia,"<p>Fearing it would compromise his career, lawyer Andrew Beckett (Tom Hanks) hides his homosexuality and HIV status at a powerful Philadelphia law firm. But his secret is exposed when a colleague spots the illness's telltale lesions. Fired shortly afterward, Beckett resolves to sue for discrimination, teaming up with Joe Miller (Denzel Washington), the only lawyer willing to help. In court, they face one of his ex-employer's top litigators, Belinda Conine (Mary Steenburgen).</p>",DVD,,,"Drama, Rental",true,Genre,Drama,,,,,,,,,0.0,shopify,1,deny,manual,0.00,,true,true,,,,,07739642,https://cdn.shopify.com/s/files/1/0826/6363/7242/files/Philadelphia_imp.jpg?v=1783527486,1,,false,,,,,,,,,,,,,
fight-club-dvd,Fight Club,"<p>A depressed man suffering from insomnia meets a strange soap salesman named Tyler Durden and soon finds himself living in his squalid house after his perfect apartment is destroyed. The two bored men form an underground club with strict rules and fight other men who are fed up with their mundane lives. Their perfect partnership frays when Marla, a fellow support group crasher, attracts Tyler's attention.</p>",DVD,,,"Drama, Rental",true,Genre,Drama,,,,,,,,,0.0,shopify,1,deny,manual,0.00,,true,true,,,,,07706874,https://cdn.shopify.com/s/files/1/0826/6363/7242/files/images_336eae8b-81b3-4724-8108-8fe9941e14f6.jpg?v=1783527485,1,,false,,,,,,,,,,,,,
the-shawshank-redemption-dvd,The Shawshank Redemption,"<p>Andy Dufresne (Tim Robbins) is sentenced to two consecutive life terms in prison for the murders of his wife and her lover and is sentenced to a tough prison. However, only Andy knows he didn't commit the crimes. While there, he forms a friendship with Red (Morgan Freeman), experiences brutality of prison life, adapts, helps the warden, etc., all in 19 years.</p>",DVD,,,"Drama, Rental",true,Genre,Drama,,,,,,,,,0.0,shopify,1,deny,manual,0.00,,true,true,,,,,07444730,https://cdn.shopify.com/s/files/1/0826/6363/7242/files/81dLj5FeX7L._AC_UF894_1000_QL80.jpg?v=1783527483,1,,false,,,,,,,,,,,,,
maurice-dvd,Maurice,"<p>In 1909, Maurice Hall (James Wilby) enters Cambridge, where he befriends wealthy Clive Durham (Hugh Grant). Clive confesses he is sexually attracted to Maurice, who realizes he is a homosexual when he begins to return Clive's feelings. The two embark on an intense but chaste affair to avoid tarnishing Clive's reputation, but eventually the relationship ends, and Clive marries Anne (Phoebe Nicholls). While visiting Clive, Maurice is drawn toward his friend's servant, Alec Scudder (Rupert Graves).</p>",DVD,,,"Drama, Rental",true,Genre,Drama,,,,,,,,,0.0,shopify,1,deny,manual,0.00,,true,true,,,,,07411962,https://cdn.shopify.com/s/files/1/0826/6363/7242/files/71YXEfs3w-L._AC_UF894_1000_QL80.jpg?v=1783527481,1,,false,,,,,,,,,,,,,
stepmom-dvd,Stepmom,"<p>Three years after divorcing Jackie (Susan Sarandon), the mother of his children, Luke Harrison (Ed Harris) decides to take the next step with his significantly younger girlfriend, fashion photographer Isabel Kelly (Julia Roberts). But, when the flaky Kelly meets Harrison's children for the first time, their fierce allegiance to their mother is obvious. Try as she might, Kelly fails to endear herself to her young charges -- and to Jackie -- until a looming family crisis changes everything.</p>",DVD,,,"Drama, Rental",true,Genre,Drama,,,,,,,,,0.0,shopify,1,deny,manual,0.00,,true,true,,,,,07379194,https://cdn.shopify.com/s/files/1/0826/6363/7242/files/MV5BMDM0YTkzNTgtZGQ3Yy00MGFiLTk2NTQtODZkYWRjYzYwMGNlXkEyXkFqcGc_._V1.jpg?v=1783527479,1,,false,,,,,,,,,,,,,
pleasantville-dvd,Pleasantville,"<p>Impressed by high school student David's (Tobey Maguire) devotion to a 1950s family TV show, a mysterious television repairman (Don Knotts) provides him with a means to escape into the black-and-white program with his sister, Jennifer (Reese Witherspoon). While David initially takes to the simplistic, corny world of the show, Jennifer sets about jolting the characters with doses of reality that unexpectedly bring a little color into their drab existence.</p>",DVD,,,"Drama, Rental",true,Genre,Drama,,,,,,,,,0.0,shopify,1,deny,manual,0.00,,true,true,,,,,07313658,https://cdn.shopify.com/s/files/1/0826/6363/7242/files/816eO28MgDL._AC_UF1000_1000_QL80.jpg?v=1783527478,1,,false,,,,,,,,,,,,,
primary-colors-vhs,Primary Colors,,VHS,Uncategorized,,"Drama, Rental",true,Genre,Drama,,,,,,,,,0.0,shopify,3,deny,manual,5.00,,true,true,,,,,15071738,,,,false,,,,,,,,,,,,,
final-analysis-vhs,Final Analysis,,VHS,,,"Drama, Rental",true,Genre,Drama,,,,,,,,,0.0,shopify,1,deny,manual,6.00,,true,true,,,,,15006202,,,,false,,,,,,,,,,,,,
somewhere-in-time-vhs,Somewhere in Time,,VHS,,,"Drama, Rental",true,Genre,Drama,,,,,,,,,0.0,shopify,1,deny,manual,5.00,,true,true,,,,,14907898,,,,false,,,,,,,,,,,,,
the-bodyguard-vhs,The Bodyguard,,VHS,,,"Drama, Rental",true,Genre,Drama,,,,,,,,,0.0,shopify,1,deny,manual,6.00,,true,true,,,,,14875130,,,,false,,,,,,,,,,,,,
hoop-dreams-vhs,Hoop Dreams,,VHS,,,"Drama, Rental",true,Genre,Drama,,,,,,,,,0.0,shopify,1,deny,manual,5.00,,true,true,,,,,14842362,,,,false,,,,,,,,,,,,,
leaving-las-vegas-vhs,Leaving Las Vegas,,VHS,,,"Drama, Rental",true,Genre,Drama,,,,,,,,,0.0,shopify,2,deny,manual,5.00,,true,true,,,,,14023162,,,,false,,,,,,,,,,,,,
the-finest-hours-vhs,The Finest Hours,,VHS,,,"Drama, Rental",true,Genre,Drama,,,,,,,,,0.0,shopify,1,deny,manual,6.00,,true,true,,,,,13695482,,,,false,,,,,,,,,,,,,
murder-in-texas-vhs,Murder in Texas,,VHS,,,"Drama, Rental",true,Genre,Drama,,,,,,,,,0.0,shopify,1,deny,manual,10.00,,true,true,,,,,13629946,,,,false,,,,,,,,,,,,,
fighting-tommy-riley-vhs,Fighting Tommy Riley,,VHS,,,"Drama, Rental",true,Genre,Drama,,,,,,,,,0.0,shopify,1,deny,manual,5.00,,true,true,,,,,12450298,,,,false,,,,,,,,,,,,,
mask-vhs,Mask,,VHS,,,"Drama, Rental",true,Genre,Drama,,,,,,,,,0.0,shopify,1,deny,manual,8.00,,true,true,,,,,11729402,,,,false,,,,,,,,,,,,,
flash-of-green-vhs,Flash of Green,,VHS,,,"Drama, Rental",true,Genre,Drama,,,,,,,,,0.0,shopify,1,deny,manual,7.00,,true,true,,,,,11631098,,,,false,,,,,,,,,,,,,
far-and-away-vhs,Far and Away,,VHS,,,"Drama, Rental",true,Genre,Drama,,,,,,,,,0.0,shopify,1,deny,manual,5.00,,true,true,,,,,11270650,,,,false,,,,,,,,,,,,,
two-bits-vhs,Two Bits,,VHS,,,"Drama, Rental",true,Genre,Drama,,,,,,,,,0.0,shopify,1,deny,manual,4.00,,true,true,,,,,11074042,,,,false,,,,,,,,,,,,,
lifeguard-vhs,Lifeguard,,VHS,,,"Drama, Rental",true,Genre,Drama,,,,,,,,,0.0,shopify,1,deny,manual,8.00,,true,true,,,,,10123770,,,,false,,,,,,,,,,,,,
this-so-called-disaster-vhs,This So-Called Disaster,,VHS,,,"Drama, Floor Sale",true,Genre,Drama,,,,,,,,,0.0,shopify,1,deny,manual,5.00,,true,true,,,,,93666298,,,,false,,,,,,,,,,,,,
summer-fling-vhs,Summer Fling,,VHS,,,"Drama, Floor Sale",true,Genre,Drama,,,,,,,,,0.0,shopify,1,deny,manual,8.00,,true,true,,,,,93404154,,,,false,,,,,,,,,,,,,
thirteen-days-vhs,Thirteen Days,,VHS,,,"Drama, Floor Sale",true,Genre,Drama,,,,,,,,,0.0,shopify,1,deny,manual,5.00,,true,true,,,,,93338618,,,,false,,,,,,,,,,,,,
johnny-stecchino-vhs,Johnny Stecchino,,VHS,,,"Drama, Floor Sale",true,Genre,Drama,,,,,,,,,0.0,shopify,1,deny,manual,4.00,,true,true,,,,,93305850,,,,false,,,,,,,,,,,,,
kagemusha-vhs,Kagemusha,,VHS,,,"Drama, Floor Sale",true,Genre,Drama,,,,,,,,,0.0,shopify,1,deny,manual,10.00,,true,true,,,,,93273082,,,,false,,,,,,,,,,,,,
finding-forrester-vhs,Finding Forrester,,VHS,,,"Drama, Floor Sale",true,Genre,Drama,,,,,,,,,0.0,shopify,1,deny,manual,4.00,,true,true,,,,,93240314,,,,false,,,,,,,,,,,,,
the-bay-boy-vhs,The Bay Boy,,VHS,,,"Drama, Floor Sale",true,Genre,Drama,,,,,,,,,0.0,shopify,1,deny,manual,6.00,,true,true,,,,,93207546,,,,false,,,,,,,,,,,,,
things-behind-the-sun-vhs,Things Behind the Sun,,VHS,,,"Drama, Floor Sale",true,Genre,Drama,,,,,,,,,0.0,shopify,1,deny,manual,7.00,,true,true,,,,,93174778,,,,false,,,,,,,,,,,,,
may-fools-vhs,May Fools,,VHS,,,"Drama, Floor Sale",true,Genre,Drama,,,,,,,,,0.0,shopify,1,deny,manual,5.00,,true,true,,,,,93076474,,,,false,,,,,,,,,,,,,
the-green-room-vhs,The Green Room,,VHS,,,"Drama, Floor Sale",true,Genre,Drama,,,,,,,,,0.0,shopify,1,deny,manual,5.00,,true,true,,,,,92912634,,,,false,,,,,,,,,,,,,
mississippi-mermaid-vhs,Mississippi Mermaid,,VHS,,,"Drama, Floor Sale",true,Genre,Drama,,,,,,,,,0.0,shopify,1,deny,manual,4.00,,true,true,,,,,92847098,,,,false,,,,,,,,,,,,,
everybodys-fine-vhs,Everybody's Fine,,VHS,,,"Drama, Floor Sale",true,Genre,Drama,,,,,,,,,0.0,shopify,1,deny,manual,5.00,,true,true,,,,,92814330,,,,false,,,,,,,,,,,,,
the-program-vhs,The Program,,VHS,,,"Drama, Floor Sale",true,Genre,Drama,,,,,,,,,0.0,shopify,1,deny,manual,5.00,,true,true,,,,,92552186,,,,false,,,,,,,,,,,,,
prefontane-vhs,Prefontane,,VHS,,,"Drama, Floor Sale",true,Genre,Drama,,,,,,,,,0.0,shopify,1,deny,manual,5.00,,true,true,,,,,92519418,,,,false,,,,,,,,,,,,,
erin-brockovich-vhs,Erin Brockovich,,VHS,,,"Drama, Floor Sale",true,Genre,Drama,,,,,,,,,0.0,shopify,1,deny,manual,6.00,,true,true,,,,,92486650,,,,false,,,,,,,,,,,,,
radio-inside-vhs,Radio Inside,,VHS,,,"Drama, Floor Sale",true,Genre,Drama,,,,,,,,,0.0,shopify,1,deny,manual,6.00,,true,true,,,,,92421114,,,,false,,,,,,,,,,,,,
the-laramie-project-vhs,The Laramie Project,,VHS,,,"Drama, Floor Sale",true,Genre,Drama,,,,,,,,,0.0,shopify,1,deny,manual,6.00,,true,true,,,,,92388346,,,,false,,,,,,,,,,,,,
invasion-of-the-body-snatchers-dvd,Invasion of the Body Snatchers,"<p>Based on Jack Finney's serialized novel, which was published as a book in 1955, Invasion of the Body Snatchers is a classic sci-fi film noir directed by Don Siegel. It follows a small-town doctor in Santa Mira, California, who discovers that alien plant spores are replacing his neighbors with emotionless, identical duplicates while they sleep.</p>",DVD,,,"Rental, Sci-Fi",true,Genre,Sci-Fi,,,,,,,,,0.0,shopify,1,deny,manual,0.00,,true,true,,,,,69598714,https://cdn.shopify.com/s/files/1/0826/6363/7242/files/61NZb3A9bZL._AC_UF894_1000_QL80.jpg?v=1783523065,1,,false,,,,,,,,,,,,,
stargate-dvd,Stargate,"<p>In modern-day Egypt, professor Daniel Jackson (James Spader) teams up with retired Army Col. Jack O'Neil (Kurt Russell) to unlock the code of an interstellar gateway to an ancient Egypt-like world. They arrive on a planet ruled by the despotic Ra (Jaye Davidson), who holds the key to the Earth travelers' safe return. Now, in order to escape from their intergalactic purgatory, Jackson and O'Neil must convince the planet's people that Ra must be overthrown.</p>",DVD,,,"Rental, Sci-Fi",true,Genre,Sci-Fi,,,,,,,,,0.0,shopify,1,deny,manual,0.00,,true,true,,,,,69565946,https://cdn.shopify.com/s/files/1/0826/6363/7242/files/91F_6Pfr9zL._AC_UF894_1000_QL80.jpg?v=1783523063,1,,false,,,,,,,,,,,,,
the-fifth-element-dvd,The Fifth Element,"<p>The Earth is about to be destroyed by a huge ball of fire racing toward the planet. Cornelius, an old monk, knows how to stop the burning sphere with the help of Korben Dallas, a taxi driver and former secret agent and a woman named Leeloo.</p>",DVD,,,"Rental, Sci-Fi",true,Genre,Sci-Fi,,,,,,,,,0.0,shopify,1,deny,manual,0.00,,true,true,,,,,69533178,https://cdn.shopify.com/s/files/1/0826/6363/7242/files/images_9db89a34-9bc3-449e-a63b-39e41e75d756.jpg?v=1783523061,1,,false,,,,,,,,,,,,,
demolition-man-dvd,Demolition Man,"<p>With innocent victims caught in the crossfire in Los Angeles' intensifying war on crime, both cop John Spartan (Sylvester Stallone) and violent thug Simon Phoenix (Wesley Snipes) are sentenced to a state of frozen incarceration known as ""CryoPrison."" When Spartan is finally thawed 36 years later, it's 2032, and Los Angeles is now a pacifist utopia called San Angeles. But with Phoenix again on the loose, Spartan must team up with future cop Lenina (Sandra Bullock) to apprehend the killer.</p>",DVD,,,"Rental, Sci-Fi",true,Genre,Sci-Fi,,,,,,,,,0.0,shopify,1,deny,manual,0.00,,true,true,,,,,69467642,https://cdn.shopify.com/s/files/1/0826/6363/7242/files/images_9fb7ba5d-7b24-4bd8-90f4-ec114583ecd7.jpg?v=1783523060,1,,false,,,,,,,,,,,,,
star-wars-i-the-phantom-menace-dvd,Star Wars I: The Phantom Menace,"<p>Obi-Wan Kenobi (Ewan McGregor) is a young apprentice Jedi knight under the tutelage of Qui-Gon Jinn (Liam Neeson) ; Anakin Skywalker (Jake Lloyd), who will later father Luke Skywalker and become known as Darth Vader, is just a 9-year-old boy. When the Trade Federation cuts off all routes to the planet Naboo, Qui-Gon and Obi-Wan are assigned to settle the matter.</p>",DVD,,,"Rental, Sci-Fi",true,Genre,Sci-Fi,,,,,,,,,0.0,shopify,1,deny,manual,0.00,,true,true,,,,,69434874,https://cdn.shopify.com/s/files/1/0826/6363/7242/files/images_ba4f0b79-87c8-445e-b8c4-f4af132c5148.jpg?v=1783523058,1,,false,,,,,,,,,,,,,
star-wars-ii-attack-of-the-clones-dvd,Star Wars II: Attack of the Clones,"<p>Set ten years after the events of ""The Phantom Menace,"" the Republic continues to be mired in strife and chaos. A separatist movement encompassing hundreds of planets and powerful corporate alliances poses new threats to the galaxy that even the Jedi cannot stem. These moves, long planned by an as yet unrevealed and powerful force, lead to the beginning of the Clone Wars -- and the beginning of the end of the Republic.</p>",DVD,,,"Rental, Sci-Fi",true,Genre,Sci-Fi,,,,,,,,,0.0,shopify,1,deny,manual,0.00,,true,true,,,,,69402106,https://cdn.shopify.com/s/files/1/0826/6363/7242/files/51_JGOs4n7L._AC_UF894_1000_QL80.jpg?v=1783523057,1,,false,,,,,,,,,,,,,
star-wars-iii-revenge-of-the-sith-dvd,Star Wars III: Revenge of the Sith,"<p>It has been three years since the Clone Wars began. Jedi Master Obi-Wan Kenobi (Ewan McGregor) and Jedi Knight Anakin Skywalker (Hayden Christensen) rescue Chancellor Palpatine (Ian McDiarmid) from General Grievous, the commander of the droid armies, but Grievous escapes. Suspicions are raised within the Jedi Council concerning Chancellor Palpatine, with whom Anakin has formed a bond. Asked to spy on the chancellor, and full of bitterness toward the Jedi Council, Anakin embraces the Dark Side.</p>",DVD,,,"Rental, Sci-Fi",true,Genre,Sci-Fi,,,,,,,,,0.0,shopify,1,deny,manual,0.00,,true,true,,,,,69369338,https://cdn.shopify.com/s/files/1/0826/6363/7242/files/images_6c2c37ba-3e8d-42c9-8d3a-6144f4c5c94b.jpg?v=1783523055,1,,false,,,,,,,,,,,,,
starship-troopers-dvd,Starship Troopers,"<p>In the distant future, the Earth is at war with a race of giant alien insects. Little is known about the Bugs except that they are intent on the eradication of all human life. But there was a time before the war... A Mobile Infantry travels to distant alien planets to take the war to the Bugs. They are a ruthless enemy with only one mission: Survival of their species no matter what the cost...</p>",DVD,,,"Rental, Sci-Fi",true,Genre,Sci-Fi,,,,,,,,,0.0,shopify,1,deny,manual,0.00,,true,true,,,,,69336570,https://cdn.shopify.com/s/files/1/0826/6363/7242/files/images_a041f85c-1d65-46d4-bc6a-44a3d835cbdb.jpg?v=1783523054,1,,false,,,,,,,,,,,,,
mission-to-mars-dvd,Mission to Mars,"<p>The first manned mission to Mars in 2020 ends in disaster when three of the crew are seemingly killed and the fourth, Luke Graham (Don Cheadle), is stranded with no way to contact Earth. Jim McConnell (Gary Sinise), Woody Blake (Tim Robbins), Phil Ohlmyer (Jerry O'Connell) and Terri Fisher (Connie Nielsen) are sent on a rescue mission to find any survivors and determine what happened. The team uncovers startling evidence that Mars may not be a dead planet after all.</p>",DVD,,,"Rental, Sci-Fi",true,Genre,Sci-Fi,,,,,,,,,0.0,shopify,1,deny,manual,0.00,,true,true,,,,,69303802,https://cdn.shopify.com/s/files/1/0826/6363/7242/files/images_3cf50376-0858-4b5d-8718-aeb85408fa50.jpg?v=1783523052,1,,false,,,,,,,,,,,,,
12-monkeys-dvd,12 Monkeys,"<p>Traveling back in time isn't simple, as James Cole (Bruce Willis) learns the hard way. Imprisoned in the 2030s, James is recruited for a mission that will send him back to the 1990s. Once there, he's supposed to gather information about a nascent plague that's about to exterminate the vast majority of the world's population. But, aside from the manic Jeffrey (Brad Pitt), he gets little in the way of cooperation, not least from medical gatekeepers like Dr. Kathryn Railly (Madeleine Stowe).</p>",DVD,,,"Rental, Sci-Fi",true,Genre,Sci-Fi,,,,,,,,,0.0,shopify,1,deny,manual,0.00,,true,true,,,,,69205498,https://cdn.shopify.com/s/files/1/0826/6363/7242/files/images_180bae5c-dcbc-4dbf-870e-74079b3d16ff.jpg?v=1783523051,1,,false,,,,,,,,,,,,,
donnie-darko-dvd,Donnie Darko,"<p>During the presidential election of 1988, a teenager named Donnie Darko sleepwalks out of his house one night and sees a giant, demonic-looking rabbit named Frank, who tells him the world will end in 28 days. When Donnie returns home, he finds that a jet engine has crashed into his bedroom. Is Donnie living in a parallel universe, is he suffering from mental illness - or will the world really end?</p>",DVD,,,"Rental, Sci-Fi",true,Genre,Sci-Fi,,,,,,,,,0.0,shopify,1,deny,manual,0.00,,true,true,,,,,68943354,https://cdn.shopify.com/s/files/1/0826/6363/7242/files/images_b1f102d3-74e2-4128-b00a-489390d320d5.jpg?v=1783523050,1,,false,,,,,,,,,,,,,
dune-1984-dvd,Dune (1984),"<p>In the year 10191, a spice called mélange is the most valuable substance known in the universe, and its only source is the desert planet Arrakis. A royal decree awards Arrakis to Duke Leto Atreides and ousts his bitter enemies, the Harkonnens. However, when the Harkonnens violently seize back their fiefdom, it is up to Paul, Leto's son, to lead the Fremen, the natives of Arrakis, in a battle for control of the planet and its spice. Based on Frank Herbert's epic novel.</p>",DVD,,,"Rental, Sci-Fi",true,Genre,Sci-Fi,,,,,,,,,0.0,shopify,1,deny,manual,0.00,,true,true,,,,,68910586,https://cdn.shopify.com/s/files/1/0826/6363/7242/files/images_72c500ac-2bd9-43e5-82d6-0f797e780bd4.jpg?v=1783523048,1,,false,,,,,,,,,,,,,
face-off-dvd,Face/Off,"<p>Obsessed with bringing terrorist Castor Troy (Nicolas Cage) to justice, FBI agent Sean Archer (John Travolta) tracks down Troy, who has boarded a plane in Los Angeles. After the plane crashes and Troy is severely injured, possibly dead, Archer undergoes surgery to remove his face and replace it with Troy's. As Archer tries to use his disguise to elicit information about a bomb from Troy's brother, Troy awakes from a coma and forces the doctor who performed the surgery to give him Archer's face.</p>",DVD,,,"Rental, Sci-Fi",true,Genre,Sci-Fi,,,,,,,,,0.0,shopify,1,deny,manual,0.00,,true,true,,,,,68877818,https://cdn.shopify.com/s/files/1/0826/6363/7242/files/images_10bb52f1-4393-44d8-bbcd-86d03b3925a1.jpg?v=1783523047,1,,false,,,,,,,,,,,,,
i-robot-dvd,"I, Robot","<p>In 2035, highly intelligent robots fill public service positions throughout the world, operating under three rules to keep humans safe. Despite his dark history with robotics, Detective Del Spooner (Will Smith) investigates the alleged suicide of U.S. Robotics founder Alfred Lanning (James Cromwell) and believes that a human-like robot (Alan Tudyk) murdered him. With the help of a robot expert (Bridget Moynahan), Spooner discovers a conspiracy that may enslave the human race.</p>",DVD,,,"Rental, Sci-Fi",true,Genre,Sci-Fi,,,,,,,,,0.0,shopify,1,deny,manual,0.00,,true,true,,,,,68845050,https://cdn.shopify.com/s/files/1/0826/6363/7242/files/81Ie1hXOr2L._AC_UF1000_1000_QL80.jpg?v=1783523046,1,,false,,,,,,,,,,,,,
lost-in-space-dvd,Lost in Space,"<p>Fast and furious space adventure in which a dying Earth depends on one all-American family for its salvation. On their way to colonise a new world, the family run into some unexpected problems. Soon, they find themselves lost in space with little more than a psychotic villain and a variety of unwholesome aliens for company.</p>",DVD,,,"Rental, Sci-Fi",true,Genre,Sci-Fi,,,,,,,,,0.0,shopify,1,deny,manual,0.00,,true,true,,,,,68746746,https://cdn.shopify.com/s/files/1/0826/6363/7242/files/images_d726f162-0e23-44be-a7a1-3f854741c8d4.jpg?v=1783523044,1,,false,,,,,,,,,,,,,
farscape-dvd,Farscape,<p>American astronaut John Crichton finds himself thrown across the universe when an experimental mission goes bad. Crichton teams up with a group of rebels involved in an intergalactic battle and begins a journey unlike anything he dreamed was possible while trying to find a way back to Earth.</p>,DVD,,,"Rental, Sci-Fi",true,Genre,Sci-Fi,,,,,,,,,0.0,shopify,1,deny,manual,0.00,,true,true,,,,,68681210,https://cdn.shopify.com/s/files/1/0826/6363/7242/files/images_7a45ce58-7c51-4e9d-8f5e-848f65a9804a.jpg?v=1783523042,1,,false,,,,,,,,,,,,,
the-terminator-dvd,The Terminator,"<p>Disguised as a human, a cyborg assassin known as a Terminator (Arnold Schwarzenegger) travels from 2029 to 1984 to kill Sarah Connor (Linda Hamilton). Sent to protect Sarah is Kyle Reese (Michael Biehn), who divulges the coming of Skynet, an artificial intelligence system that will spark a nuclear holocaust. Sarah is targeted because Skynet knows that her unborn son will lead the fight against them. With the virtually unstoppable Terminator in hot pursuit, she and Kyle attempt to escape.</p>",DVD,,,"Rental, Sci-Fi",true,Genre,Sci-Fi,,,,,,,,,0.0,shopify,1,deny,manual,0.00,,true,true,,,,,68648442,https://cdn.shopify.com/s/files/1/0826/6363/7242/files/images_e211f21e-a876-43a1-a38a-bc9127050957.jpg?v=1783523041,1,,false,,,,,,,,,,,,,
terminator-2-judgement-day-dvd,Terminator 2: Judgement Day,"<p>In this sequel set eleven years after ""The Terminator,"" young John Connor (Edward Furlong), the key to civilization's victory over a future robot uprising, is the target of the shape-shifting T-1000 (Robert Patrick), a Terminator sent from the future to kill him. Another Terminator, the revamped T-800 (Arnold Schwarzenegger), has been sent back to protect the boy. As John and his mother (Linda Hamilton) go on the run with the T-800, the boy forms an unexpected bond with the robot.</p>",DVD,,,"Rental, Sci-Fi",true,Genre,Sci-Fi,,,,,,,,,0.0,shopify,1,deny,manual,0.00,,true,true,,,,,68517370,https://cdn.shopify.com/s/files/1/0826/6363/7242/files/images_02cfc256-6940-45bd-87e6-b0915dc5335b.jpg?v=1783523039,1,,false,,,,,,,,,,,,,
terminator-3-rise-of-the-machines-dvd,Terminator 3: Rise of the Machines,"<p>Now 25, Connor (Nick Stahl) lives with no record of his existence -- no way he can be traced by Skynet. Out of the shadows of the future steps the T-X (Kristanna Loken), Skynet's most sophisticated cyborg killing machine yet. Now Connor's only hope for survival is the Terminator (Arnold Schwarzenegger), his mysterious former assassin. Together, they must triumph over the technologically superior T-X and forestall the looming threat of Judgment Day.</p>",DVD,,,"Rental, Sci-Fi",true,Genre,Sci-Fi,,,,,,,,,0.0,shopify,1,deny,manual,0.00,,true,true,,,,,68484602,https://cdn.shopify.com/s/files/1/0826/6363/7242/files/images_190773b5-aaf0-4f1d-9310-05c87131bdd6.jpg?v=1783523038,1,,false,,,,,,,,,,,,,
getting-there-vhs,Getting There,,VHS,,,"Floor Sale, Kids & Family",true,Genre,Kids & Family,,,,,,,,,0.0,shopify,1,deny,manual,5.00,,true,true,,,,,01146618,,,,false,,,,,,,,,,,,,
dirty-harry-vhs,Dirty Harry,,VHS,,,"Action, Floor Sale",true,Genre,Action,,,,,,,,,0.0,shopify,1,deny,manual,10.00,,true,true,,,,,01113850,,,,false,,,,,,,,,,,,,
frankenstein-must-be-destroyed-vhs,Frankenstein Must Be Destroyed,,VHS,,,"Floor Sale, Horror",true,Genre,Horror,,,,,,,,,0.0,shopify,1,deny,manual,6.00,,true,true,,,,,01081082,,,,false,,,,,,,,,,,,,
shacked-up-vhs,Shacked Up,,VHS,,,Floor Sale,true,Genre,#VALUE!,,,,,,,,,0.0,shopify,1,deny,manual,17.00,,true,true,,,,,01048314,,,,false,,,,,,,,,,,,,
red-dawn-vhs,Red Dawn,,VHS,,,"Action, Floor Sale",true,Genre,Action,,,,,,,,,0.0,shopify,1,deny,manual,7.00,,true,true,,,,,56795642,,,,false,,,,,,,,,,,,,
the-devils-own-vhs,The Devil's Own,,VHS,,,"Action, Floor Sale",true,Genre,Action,,,,,,,,,0.0,shopify,1,deny,manual,5.00,,true,true,,,,,56762874,,,,false,,,,,,,,,,,,,
daylight-vhs,Daylight,,VHS,,,"Action, Floor Sale",true,Genre,Action,,,,,,,,,0.0,shopify,1,deny,manual,6.00,,true,true,,,,,56730106,,,,false,,,,,,,,,,,,,
deep-impact-vhs,Deep Impact,,VHS,,,"Action, Floor Sale",true,Genre,Action,,,,,,,,,0.0,shopify,1,deny,manual,7.00,,true,true,,,,,56697338,,,,false,,,,,,,,,,,,,
mercury-rising-vhs,Mercury Rising,,VHS,,,"Action, Floor Sale",true,Genre,Action,,,,,,,,,0.0,shopify,1,deny,manual,6.00,,true,true,,,,,56664570,,,,false,,,,,,,,,,,,,
la-confidential-vhs,L.A. Confidential,,VHS,,,"Floor Sale, Thriller",true,Genre,Thriller,,,,,,,,,0.0,shopify,1,deny,manual,6.00,,true,true,,,,,56631802,,,,false,,,,,,,,,,,,,
the-hand-that-rocks-the-cradlle-vhs,The Hand That Rocks the Cradle,,VHS,Uncategorized,,"Floor Sale, Thriller",true,Genre,Thriller,,,,,,,,,0.0,shopify,1,deny,manual,6.00,,true,true,,,,,56599034,,,,false,,,,,,,,,,,,,
the-insider-vhs,The Insider,,VHS,,,"Floor Sale, Thriller",true,Genre,Thriller,,,,,,,,,0.0,shopify,1,deny,manual,6.00,,true,true,,,,,56533498,,,,false,,,,,,,,,,,,,
line-of-fire-vhs,Line of Fire,,VHS,,,"Floor Sale, Thriller",true,Genre,Thriller,,,,,,,,,0.0,shopify,1,deny,manual,6.00,,true,true,,,,,56500730,,,,false,,,,,,,,,,,,,
the-thomas-crown-affair-vhs,The Thomas Crown Affair,,VHS,Uncategorized,,"Drama, Floor Sale",true,Genre,Drama,,,,,,,,,0.0,shopify,2,deny,manual,6.00,,true,true,,,,,56173050,,,,false,,,,,,,,,,,,,
patton-vhs,Patton,,VHS,,,"Drama, Floor Sale",true,Genre,Drama,,,,,,,,,0.0,shopify,1,deny,manual,6.00,,true,true,,,,,56140282,,,,false,,,,,,,,,,,,,
the-guns-of-navarone-vhs,The Guns of Navarone,,VHS,,,"Action, Floor Sale",true,Genre,Action,,,,,,,,,0.0,shopify,1,deny,manual,5.00,,true,true,,,,,56107514,,,,false,,,,,,,,,,,,,
little-big-man-vhs,Little Big Man,,VHS,,,"Drama, Floor Sale",true,Genre,Drama,,,,,,,,,0.0,shopify,2,deny,manual,6.00,,true,true,,,,,56074746,,,,false,,,,,,,,,,,,,
school-ties-vhs,School Ties,,VHS,,,"Drama, Floor Sale",true,Genre,Drama,,,,,,,,,0.0,shopify,1,deny,manual,6.00,,true,true,,,,,56009210,,,,false,,,,,,,,,,,,,
the-temptations-vhs,The Temptations,,VHS,,,"Floor Sale, Musical",true,Genre,Musical,,,,,,,,,0.0,shopify,1,deny,manual,6.00,,true,true,,,,,55976442,,,,false,,,,,,,,,,,,,
lord-of-the-dance-vhs,Lord of the Dance,,VHS,,,"Floor Sale, Musical",true,Genre,Musical,,,,,,,,,0.0,shopify,1,deny,manual,6.00,,true,true,,,,,55943674,,,,false,,,,,,,,,,,,,
the-jackal-vhs,The Jackal,,VHS,,,"Action, Floor Sale",true,Genre,Action,,,,,,,,,0.0,shopify,1,deny,manual,5.00,,true,true,,,,,55910906,,,,false,,,,,,,,,,,,,
butch-cassidy-and-the-sundance-kid-vhs,Butch Cassidy and the Sundance Kid,,VHS,,,"Action, Floor Sale",true,Genre,Action,,,,,,,,,0.0,shopify,1,deny,manual,5.00,,true,true,,,,,55878138,,,,false,,,,,,,,,,,,,
backdraft-vhs,Backdraft,,VHS,,,"Action, Floor Sale",true,Genre,Action,,,,,,,,,0.0,shopify,1,deny,manual,6.00,,true,true,,,,,55615994,,,,false,,,,,,,,,,,,,
training-day-vhs,Training Day,,VHS,,,"Floor Sale, Thriller",true,Genre,Thriller,,,,,,,,,0.0,shopify,1,deny,manual,6.00,,true,true,,,,,55583226,,,,false,,,,,,,,,,,,,
doctor-zhivago-vhs,Doctor Zhivago,,VHS,Uncategorized,,"Drama, Floor Sale",true,Genre,Drama,,,,,,,,,0.0,shopify,2,deny,manual,7.00,,true,true,,,,,55550458,,,,false,,,,,,,,,,,,,
the-siege-vhs,The Siege,,VHS,,,"Action, Floor Sale",true,Genre,Action,,,,,,,,,0.0,shopify,1,deny,manual,7.00,,true,true,,,,,55517690,,,,false,,,,,,,,,,,,,
trog-vhs,Trog,,VHS,,,"Floor Sale, Sci-Fi",true,Genre,Sci-Fi,,,,,,,,,0.0,shopify,1,deny,manual,8.00,,true,true,,,,,55484922,,,,false,,,,,,,,,,,,,
the-terminator-vhs,The Terminator,,VHS,Uncategorized,,"Floor Sale, Sci-Fi",true,Genre,Sci-Fi,,,,,,,,,0.0,shopify,2,deny,manual,9.00,,true,true,,,,,55452154,,,,false,,,,,,,,,,,,,
the-nude-bomb-vhs,The Nude Bomb,,VHS,,,"Comedy, Floor Sale",true,Genre,Comedy,,,,,,,,,0.0,shopify,1,deny,manual,4.00,,true,true,,,,,58360570,,,,false,,,,,,,,,,,,,
meatballs-part-ii-vhs,Meatballs Part II,,VHS,,,"Comedy, Floor Sale",true,Genre,Comedy,,,,,,,,,0.0,shopify,1,deny,manual,8.00,,true,true,,,,,58295034,,,,false,,,,,,,,,,,,,
the-third-wheel-vhs,The Third Wheel,,VHS,,,"Comedy, Floor Sale",true,Genre,Comedy,,,,,,,,,0.0,shopify,1,deny,manual,4.00,,true,true,,,,,58262266,,,,false,,,,,,,,,,,,,
we-think-the-world-of-you-vhs,We Think the World of You,,VHS,,,"Comedy, Floor Sale",true,Genre,Comedy,,,,,,,,,0.0,shopify,1,deny,manual,4.00,,true,true,,,,,58229498,,,,false,,,,,,,,,,,,,
26th-street-vhs,29th Street,,VHS,Uncategorized,,"Comedy, Floor Sale",true,Genre,Comedy,,,,,,,,,0.0,shopify,1,deny,manual,4.00,,true,true,,,,,58196730,,,,false,,,,,,,,,,,,,
little-black-book-vhs,Little Black Book,,VHS,,,"Comedy, Floor Sale",true,Genre,Comedy,,,,,,,,,0.0,shopify,1,deny,manual,5.00,,true,true,,,,,58163962,,,,false,,,,,,,,,,,,,
smoke-signals-vhs,Smoke Signals,,VHS,,,"Comedy, Floor Sale",true,Genre,Comedy,,,,,,,,,0.0,shopify,1,deny,manual,7.00,,true,true,,,,,58131194,,,,false,,,,,,,,,,,,,
let-it-ride-vhs,Let It Ride,,VHS,,,"Comedy, Floor Sale",true,Genre,Comedy,,,,,,,,,0.0,shopify,1,deny,manual,4.00,,true,true,,,,,58098426,,,,false,,,,,,,,,,,,,
dont-tell-her-its-me-vhs,Don't Tell Her It's Me,,VHS,,,"Comedy, Floor Sale",true,Genre,Comedy,,,,,,,,,0.0,shopify,1,deny,manual,5.00,,true,true,,,,,57836282,,,,false,,,,,,,,,,,,,
down-periscope-vhs,Down Periscope,,VHS,,,"Comedy, Floor Sale",true,Genre,Comedy,,,,,,,,,0.0,shopify,1,deny,manual,5.00,,true,true,,,,,57803514,,,,false,,,,,,,,,,,,,
super-sucker-vhs,Super Sucker,,VHS,,,"Comedy, Floor Sale",true,Genre,Comedy,,,,,,,,,0.0,shopify,1,deny,manual,5.00,,true,true,,,,,57770746,,,,false,,,,,,,,,,,,,
this-is-my-life-vhs,This is My Life,,VHS,,,"Comedy, Floor Sale",true,Genre,Comedy,,,,,,,,,0.0,shopify,1,deny,manual,4.00,,true,true,,,,,57737978,,,,false,,,,,,,,,,,,,
fast-fortune-vhs,Fast Fortune,,VHS,,,"Comedy, Floor Sale",true,Genre,Comedy,,,,,,,,,0.0,shopify,1,deny,manual,7.00,,true,true,,,,,57705210,,,,false,,,,,,,,,,,,,
a-life-less-ordinary-vhs,A Life Less Ordinary,,VHS,,,"Comedy, Floor Sale",true,Genre,Comedy,,,,,,,,,0.0,shopify,1,deny,manual,4.00,,true,true,,,,,57672442,,,,false,,,,,,,,,,,,,
the-last-man-vhs,The Last Man,,VHS,,,"Comedy, Floor Sale",true,Genre,Comedy,,,,,,,,,0.0,shopify,1,deny,manual,10.00,,true,true,,,,,57639674,,,,false,,,,,,,,,,,,,
funny-bones-vhs,Funny Bones,,VHS,,,"Comedy, Floor Sale",true,Genre,Comedy,,,,,,,,,0.0,shopify,1,deny,manual,5.00,,true,true,,,,,57606906,,,,false,,,,,,,,,,,,,
the-prisoner-of-zenda-vhs,The Prisoner of Zenda,,VHS,,,"Comedy, Floor Sale",true,Genre,Comedy,,,,,,,,,0.0,shopify,1,deny,manual,5.00,,true,true,,,,,57574138,,,,false,,,,,,,,,,,,,
highway-61-vhs,Highway 61,,VHS,,,"Comedy, Floor Sale",true,Genre,Comedy,,,,,,,,,0.0,shopify,1,deny,manual,22.00,,true,true,,,,,57279226,,,,false,,,,,,,,,,,,,
kissing-a-fool-vhs,Kissing a Fool,,VHS,,,"Comedy, Floor Sale",true,Genre,Comedy,,,,,,,,,0.0,shopify,1,deny,manual,5.00,,true,true,,,,,57246458,,,,false,,,,,,,,,,,,,
smokeys-back-vhs,Smokey and the Bandit Part 3,,VHS,Uncategorized,,"Comedy, Floor Sale",true,Genre,Comedy,,,,,,,,,0.0,shopify,1,deny,manual,5.00,,true,true,,,,,57213690,,,,false,,,,,,,,,,,,,
eat-my-dust-vhs,Eat My Dust,,VHS,,,"Comedy, Floor Sale",true,Genre,Comedy,,,,,,,,,0.0,shopify,1,deny,manual,6.00,,true,true,,,,,57180922,,,,false,,,,,,,,,,,,,
eat-the-peach-vhs,Eat The Peach,,VHS,,,"Comedy, Floor Sale",true,Genre,Comedy,,,,,,,,,0.0,shopify,1,deny,manual,6.00,,true,true,,,,,57148154,,,,false,,,,,,,,,,,,,
flight-of-the-innocent-vhs,Flight of the Innocent,,VHS,,,"Floor Sale, Foreign",true,Genre,Foreign,,,,,,,,,0.0,shopify,1,deny,manual,4.00,,true,true,,,,,71977210,,,,false,,,,,,,,,,,,,
braveheart-vhs,Braveheart,,VHS,,,"Action, Floor Sale",true,Genre,Action,,,,,,,,,0.0,shopify,1,deny,manual,5.00,,true,true,,,,,71911674,,,,false,,,,,,,,,,,,,
point-doom-vhs,Point Doom,,VHS,,,"Action, Floor Sale",true,Genre,Action,,,,,,,,,0.0,shopify,1,deny,manual,5.00,,true,true,,,,,71813370,,,,false,,,,,,,,,,,,,
kingdom-of-heaven-vhs,Kingdom of Heaven,,VHS,,,"Action, Floor Sale",true,Genre,Action,,,,,,,,,0.0,shopify,1,deny,manual,4.00,,true,true,,,,,71747834,,,,false,,,,,,,,,,,,,
guilty-by-association-vhs,Guilty by Association,,VHS,,,"Action, Floor Sale",true,Genre,Action,,,,,,,,,0.0,shopify,1,deny,manual,5.00,,true,true,,,,,71682298,,,,false,,,,,,,,,,,,,
eye-of-the-eagel-ii-vhs,Eye of the Eagel II,,VHS,,,"Action, Floor Sale",true,Genre,Action,,,,,,,,,0.0,shopify,1,deny,manual,4.00,,true,true,,,,,71649530,,,,false,,,,,,,,,,,,,
supreme-sanction-vhs,Supreme Sanction,,VHS,,,"Action, Floor Sale",true,Genre,Action,,,,,,,,,0.0,shopify,1,deny,manual,4.00,,true,true,,,,,71616762,,,,false,,,,,,,,,,,,,
whats-the-worst-that-could-happen-vhs,What's the Worst That Could Happen?,,VHS,,,"Action, Floor Sale",true,Genre,Action,,,,,,,,,0.0,shopify,1,deny,manual,4.00,,true,true,,,,,71583994,,,,false,,,,,,,,,,,,,
when-strangers-appear-vhs,When Strangers Appear,,VHS,,,"Action, Floor Sale",true,Genre,Action,,,,,,,,,0.0,shopify,1,deny,manual,5.00,,true,true,,,,,71551226,,,,false,,,,,,,,,,,,,
roll-on-texas-moon-vhs,Roll on Texas Moon,,VHS,,,"Action, Floor Sale",true,Genre,Action,,,,,,,,,0.0,shopify,1,deny,manual,5.00,,true,true,,,,,71485690,,,,false,,,,,,,,,,,,,
joe-kidd-vhs,Joe Kidd,,VHS,,,"Action, Floor Sale",true,Genre,Action,,,,,,,,,0.0,shopify,1,deny,manual,4.00,,true,true,,,,,71452922,,,,false,,,,,,,,,,,,,
the-first-power-vhs,The First Power,,VHS,,,"Action, Floor Sale",true,Genre,Action,,,,,,,,,0.0,shopify,1,deny,manual,8.00,,true,true,,,,,71420154,,,,false,,,,,,,,,,,,,
reno-and-the-doc-vhs,Reno and the Doc,,VHS,,,"Action, Floor Sale",true,Genre,Action,,,,,,,,,0.0,shopify,1,deny,manual,5.00,,true,true,,,,,71354618,,,,false,,,,,,,,,,,,,
young-hercules-vhs,Young Hercules,,VHS,,,"Action, Floor Sale",true,Genre,Action,,,,,,,,,0.0,shopify,1,deny,manual,4.00,,true,true,,,,,71289082,,,,false,,,,,,,,,,,,,
mackennas-gold-vhs,Mackenna's Gold,,VHS,,,"Action, Floor Sale",true,Genre,Action,,,,,,,,,0.0,shopify,1,deny,manual,6.00,,true,true,,,,,71256314,,,,false,,,,,,,,,,,,,
somethingn-special-vhs,Somethingn Special,,VHS,,,"Comedy, Floor Sale",true,Genre,Comedy,,,,,,,,,0.0,shopify,1,deny,manual,10.00,,true,true,,,,,15683834,,,,false,,,,,,,,,,,,,
first-degree-vhs,First Degree,,VHS,,,"Action, Floor Sale",true,Genre,Action,,,,,,,,,0.0,shopify,1,deny,manual,4.00,,true,true,,,,,13979898,,,,false,,,,,,,,,,,,,
the-red-tent-vhs,The Red Tent,,VHS,,,"Action, Floor Sale",true,Genre,Action,,,,,,,,,0.0,shopify,1,deny,manual,8.00,,true,true,,,,,13488378,,,,false,,,,,,,,,,,,,
murder-at-1600-vhs,Murder at 1600,,VHS,,,"Action, Floor Sale",true,Genre,Action,,,,,,,,,0.0,shopify,1,deny,manual,5.00,,true,true,,,,,11981050,,,,false,,,,,,,,,,,,,
fortune-dane-vhs,Fortune Dane,,VHS,,,"Action, Floor Sale",true,Genre,Action,,,,,,,,,0.0,shopify,1,deny,manual,5.00,,true,true,,,,,03133690,,,,false,,,,,,,,,,,,,
good-cop-bad-cop-vhs,Good Cop Bad Cop,,VHS,,,"Action, Floor Sale",true,Genre,Action,,,,,,,,,0.0,shopify,1,deny,manual,5.00,,true,true,,,,,02609402,,,,false,,,,,,,,,,,,,
rio-diablo-vhs,Rio Diablo,,VHS,,,"Action, Floor Sale",true,Genre,Action,,,,,,,,,0.0,shopify,1,deny,manual,4.00,,true,true,,,,,00708858,,,,false,,,,,,,,,,,,,
a-force-of-one-vhs,A Force of One,,VHS,,,"Action, Floor Sale",true,Genre,Action,,,,,,,,,0.0,shopify,1,deny,manual,6.00,,true,true,,,,,90812922,,,,false,,,,,,,,,,,,,
the-other-side-of-the-law-vhs,The Other Side of the Law,,VHS,,,"Action, Floor Sale",true,Genre,Action,,,,,,,,,0.0,shopify,1,deny,manual,4.00,,true,true,,,,,88879610,,,,false,,,,,,,,,,,,,
strategic-command-vhs,Strategic Command,,VHS,,,"Action, Floor Sale",true,Genre,Action,,,,,,,,,0.0,shopify,1,deny,manual,4.00,,true,true,,,,,74002938,,,,false,,,,,,,,,,,,,
up-river-vhs,Up River,,VHS,,,"Action, Floor Sale",true,Genre,Action,,,,,,,,,0.0,shopify,1,deny,manual,7.00,,true,true,,,,,63451642,,,,false,,,,,,,,,,,,,
ravenous-vhs,Ravenous,,VHS,,,"Action, Floor Sale",true,Genre,Action,,,,,,,,,0.0,shopify,1,deny,manual,4.00,,true,true,,,,,62173690,,,,false,,,,,,,,,,,,,
point-blank-vhs,Point Blank,,VHS,,,"Action, Floor Sale",true,Genre,Action,,,,,,,,,0.0,shopify,1,deny,manual,5.00,,true,true,,,,,60633594,,,,false,,,,,,,,,,,,,
warbirds-vhs,Warbirds,,VHS,,,"Action, Floor Sale",true,Genre,Action,,,,,,,,,0.0,shopify,1,deny,manual,5.00,,true,true,,,,,60011002,,,,false,,,,,,,,,,,,,
surface-to-air-vhs,Surface to Air,,VHS,,,"Action, Floor Sale",true,Genre,Action,,,,,,,,,0.0,shopify,1,deny,manual,4.00,,true,true,,,,,51720698,,,,false,,,,,,,,,,,,,
in-the-shadows-vhs,In the Shadows,,VHS,,,"Action, Floor Sale",true,Genre,Action,,,,,,,,,0.0,shopify,1,deny,manual,4.00,,true,true,,,,,51491322,,,,false,,,,,,,,,,,,,
fantastic-beasts-the-crimes-of-grindelwald-bluray,Fantastic Beasts: The Crimes of Grindelwald,,4K,,,"4k, Fantasy, Floor Sale",true,Genre,"4k, Fantasy",,,,,,,,,0.0,shopify,1,deny,manual,8.00,,true,true,,,,,40505338,,,,false,,,,,,,,,,,,,
enders-game-bluray,Ender's Game,,Blu-Ray,,,"Floor Sale, Sci-Fi",true,Genre,Sci-Fi,,,,,,,,,0.0,shopify,1,deny,manual,6.00,,true,true,,,,,40472570,,,,false,,,,,,,,,,,,,
equals-bluray,Equals,,Blu-Ray,,,"A24, Floor Sale, Sci-Fi",true,Genre,"A24, Sci-Fi",,,,,,,,,0.0,shopify,1,deny,manual,10.00,,true,true,,,,,32149498,,,,false,,,,,,,,,,,,,
eragon-bluray,Eragon,,Blu-Ray,,,"Fantasy, Floor Sale",true,Genre,Fantasy,,,,,,,,,0.0,shopify,1,deny,manual,6.00,,true,true,,,,,32116730,,,,false,,,,,,,,,,,,,
erin-brockovich-dvd,Erin Brockovich,,DVD,,,"Drama, Floor Sale",true,Genre,Drama,,,,,,,,,0.0,shopify,1,deny,manual,5.00,,true,true,,,,,32083962,,,,false,,,,,,,,,,,,,
escape-from-la-dvd,Escape from LA,,DVD,,,"Floor Sale, Sci-Fi",true,Genre,Sci-Fi,,,,,,,,,0.0,shopify,1,deny,manual,5.00,,true,true,,,,,32051194,,,,false,,,,,,,,,,,,,
escape-plan-bluray,Escape Plan,,Blu-Ray,,,"Action, Floor Sale",true,Genre,Action,,,,,,,,,0.0,shopify,1,deny,manual,6.00,,true,true,,,,,23859194,,,,false,,,,,,,,,,,,,
executive-decision-dvd,Executive Decision,,DVD,,,"Action, Floor Sale",true,Genre,Action,,,,,,,,,0.0,shopify,1,deny,manual,4.00,,true,true,,,,,23826426,,,,false,,,,,,,,,,,,,
aquaman-bluray,Aquaman,,4K,,,"4K, Action, Floor Sale",true,Genre,"4K, Action",,,,,,,,,0.0,shopify,1,deny,manual,8.00,,true,true,,,,,23728122,,,,false,,,,,,,,,,,,,
argo-bluray,Argo,,Blu-Ray,,,"Action, Floor Sale",true,Genre,Action,,,,,,,,,0.0,shopify,1,deny,manual,6.00,,true,true,,,,,15503354,,,,false,,,,,,,,,,,,,
arrival-bluray,Arrival,,Blu-Ray,,,"Floor Sale, Sci-Fi",true,Genre,Sci-Fi,,,,,,,,,0.0,shopify,1,deny,manual,8.00,,true,true,,,,,15470586,,,,false,,,,,,,,,,,,,
the-arrow-dvd,The Arrow,,DVD,,,"Drama, Floor Sale",true,Genre,Drama,,,,,,,,,0.0,shopify,1,deny,manual,10.00,,true,true,,,,,07278586,,,,false,,,,,,,,,,,,,
the-assassins-dvd,The Assassins,,DVD,,,"Action, Floor Sale",true,Genre,Action,,,,,,,,,0.0,shopify,1,deny,manual,5.00,,true,true,,,,,07245818,,,,false,,,,,,,,,,,,,
4-film-favorites-batman-collection-bluray,4 Film Favorites: Batman Collection,,Blu-Ray,,,"Action, Floor Sale",true,Genre,Action,,,,,,,,,0.0,shopify,1,deny,manual,10.00,,true,true,,,,,07213050,,,,false,,,,,,,,,,,,,
the-bank-job-bluray,The Bank Job,,Blu-Ray,,,"Action, Floor Sale",true,Genre,Action,,,,,,,,,0.0,shopify,1,deny,manual,6.00,,true,true,,,,,99021050,,,,false,,,,,,,,,,,,,
bag-of-bones-dvd,Bag of Bones,,DVD,,,"Floor Sale, Horror",true,Genre,Horror,,,,,,,,,0.0,shopify,1,deny,manual,5.00,,true,true,,,,,98988282,,,,false,,,,,,,,,,,,,
bad-teacher-bluray,Bad Teacher,,Blu-Ray,,,"Comedy, Floor Sale",true,Genre,Comedy,,,,,,,,,0.0,shopify,1,deny,manual,6.00,,true,true,,,,,90796282,,,,false,,,,,,,,,,,,,
avengers-infinity-war-bluray,Avengers Infinity War,,Blu-Ray,,,"Action, Floor Sale",true,Genre,Action,,,,,,,,,0.0,shopify,1,deny,manual,6.00,,true,true,,,,,90763514,,,,false,,,,,,,,,,,,,
the-avengers-dvd,The Avengers,,DVD,,,"Action, Floor Sale",true,Genre,Action,,,,,,,,,0.0,shopify,1,deny,manual,5.00,,true,true,,,,,90697978,,,,false,,,,,,,,,,,,,
avengers-endgame-bluray,Avengers Endgame,,4K,,,"4K, Action, Floor Sale",true,Genre,"4K, Action",,,,,,,,,0.0,shopify,1,deny,manual,12.00,,true,true,,,,,82407674,,,,false,,,,,,,,,,,,,
elizabeth-the-golden-age-dvd,Elizabeth: The Golden Age,,DVD,,,"Drama, Floor Sale",true,Genre,Drama,,,,,,,,,0.0,shopify,1,deny,manual,5.00,,true,true,,,,,50617338,,,,false,,,,,,,,,,,,,
empire-dvd,Empire,,DVD,,,"Action, Floor Sale",true,Genre,Action,,,,,,,,,0.0,shopify,1,deny,manual,5.00,,true,true,,,,,42261498,,,,false,,,,,,,,,,,,,
an-empress-and-the-warriors-dvd,An Empress and the Warriors,,DVD,,,"Action, Floor Sale",true,Genre,Action,,,,,,,,,0.0,shopify,1,deny,manual,5.00,,true,true,,,,,42163194,,,,false,,,,,,,,,,,,,
groundhog-day-dvd,Groundhog Day,,DVD,,,"Comedy, Floor Sale",true,Genre,Comedy,,,,,,,,,0.0,shopify,1,deny,manual,6.00,,true,true,,,,,33872890,,,,false,,,,,,,,,,,,,
guardians-of-the-galaxy-vol2-bluray,Guardians of the Galaxy Vol.2,,Blu-Ray,,,"Action, Floor Sale",true,Genre,Action,,,,,,,,,0.0,shopify,2,deny,manual,6.00,,true,true,,,,,33774586,,,,false,,,,,,,,,,,,,
grownups-bluray,Grownups,,Blu-Ray,,,"Comedy, Floor Sale",true,Genre,Comedy,,,,,,,,,0.0,shopify,1,deny,manual,6.00,,true,true,,,,,25517050,,,,false,,,,,,,,,,,,,
hacksaw-ridge-bluray,Hacksaw Ridge,,Blu-Ray,,,"Action, Floor Sale",true,Genre,Action,,,,,,,,,0.0,shopify,1,deny,manual,6.00,,true,true,,,,,25418746,,,,false,,,,,,,,,,,,,
halo-nightfall-bluray,Halo: Nightfall,,Blu-Ray,,,"Floor Sale, Sci-Fi",true,Genre,Sci-Fi,,,,,,,,,0.0,shopify,1,deny,manual,6.00,,true,true,,,,,25320442,,,,false,,,,,,,,,,,,,
halo-4-forward-into-dawn-bluray,Halo 4: Forward into Dawn,,Blu-Ray,,,"Floor Sale, Sci-Fi",true,Genre,Sci-Fi,,,,,,,,,0.0,shopify,1,deny,manual,6.00,,true,true,,,,,17095674,,,,false,,,,,,,,,,,,,
excalibur-dvd,Excalibur,,DVD,,,"Fantasy, Floor Sale",true,Genre,Fantasy,,,,,,,,,0.0,shopify,1,deny,manual,5.00,,true,true,,,,,17030138,,,,false,,,,,,,,,,,,,
expendables-1-2-3-bluray,"Expendables 1,2&3",,Blu-Ray,,,"Action, Floor Sale",true,Genre,Action,,,,,,,,,0.0,shopify,1,deny,manual,7.00,,true,true,,,,,16964602,,,,false,,,,,,,,,,,,,
ever-after-dvd,Ever After,,DVD,,,"Drama, Floor Sale",true,Genre,Drama,,,,,,,,,0.0,shopify,1,deny,manual,6.00,,true,true,,,,,08641530,,,,false,,,,,,,,,,,,,
the-evil-dead-bluray,The Evil Dead,,Blu-Ray,,,"Floor Sale, Horror",true,Genre,Horror,,,,,,,,,0.0,shopify,1,deny,manual,10.00,,true,true,,,,,08575994,,,,false,,,,,,,,,,,,,
evil-dead-bluray,Evil Dead,,Blu-Ray,,,"Floor Sale, Horror",true,Genre,Horror,,,,,,,,,0.0,shopify,1,deny,manual,8.00,,true,true,,,,,00318458,,,,false,,,,,,,,,,,,,
fantastic-beasts-and-where-to-find-them-bluray,Fantastic Beasts and Where to Find Them,,Blu-Ray,,,"Fantasy, Floor Sale",true,Genre,Fantasy,,,,,,,,,0.0,shopify,1,deny,manual,6.00,,true,true,,,,,00154618,,,,false,,,,,,,,,,,,,
the-duchess-dvd,The Duchess,,DVD,,,"Drama, Floor Sale",true,Genre,Drama,,,,,,,,,0.0,shopify,1,deny,manual,4.00,,true,true,,,,,63216378,,,,false,,,,,,,,,,,,,
dorian-gray-dvd,Dorian Gray,,DVD,,,"Floor Sale, Horror",true,Genre,Horror,,,,,,,,,0.0,shopify,1,deny,manual,5.00,,true,true,,,,,63052538,,,,false,,,,,,,,,,,,,
dracula-the-dark-prince-dvd,Dracula: The Dark Prince,,DVD,,,"Floor Sale, Horror",true,Genre,Horror,,,,,,,,,0.0,shopify,1,deny,manual,6.00,,true,true,,,,,54172410,,,,false,,,,,,,,,,,,,
10-000-bc-dvd,"10,000 BC",,DVD,,,"Action, Floor Sale",true,Genre,Action,,,,,,,,,0.0,shopify,1,deny,manual,5.00,,true,true,,,,,53582586,,,,false,,,,,,,,,,,,,
abraham-lincoln-vampire-hunter-dvd,Abraham Lincoln: Vampire Hunter,,DVD,,,"Floor Sale, Horror",true,Genre,Horror,,,,,,,,,0.0,shopify,1,deny,manual,5.00,,true,true,,,,,44702458,,,,false,,,,,,,,,,,,,
ant-man-bluray,Ant Man,,Blu-Ray,,,"Action, Floor Sale",true,Genre,Action,,,,,,,,,0.0,shopify,1,deny,manual,6.00,,true,true,,,,,43948794,,,,false,,,,,,,,,,,,,
ant-man-and-the-wasp-bluray,Ant Man and the Wasp,,4K,,,"4K, Action, Floor Sale",true,Genre,"Action, 4K",,,,,,,,,0.0,shopify,1,deny,manual,8.00,,true,true,,,,,35166970,,,,false,,,,,,,,,,,,,
apocolypto-dvd,Apocolypto,,DVD,,,"Floor Sale, Sci-Fi",true,Genre,Sci-Fi,,,,,,,,,0.0,shopify,1,deny,manual,6.00,,true,true,,,,,34904826,,,,false,,,,,,,,,,,,,
assasins-creed-bluray,Assasins Creed,,Blu-Ray,,,"Action, Floor Sale",true,Genre,Action,,,,,,,,,0.0,shopify,1,deny,manual,6.00,,true,true,,,,,25991930,,,,false,,,,,,,,,,,,,
alvin-and-the-chipmunks-dvd,Alvin and the Chipmunks,,DVD,,,"Floor Sale, Kids & Family",true,Genre,Kids & Family,,,,,,,,,0.0,shopify,1,deny,manual,4.00,,true,true,,,,,25828090,,,,false,,,,,,,,,,,,,
after-earth-bluray,After Earth,,Blu-Ray,,,"Floor Sale, Sci-Fi",true,Genre,Sci-Fi,,,,,,,,,0.0,shopify,1,deny,manual,6.00,,true,true,,,,,16521978,,,,false,,,,,,,,,,,,,
big-miracle-dvd,Big Miracle,,DVD,,,"Floor Sale, Kids & Family",true,Genre,Kids & Family,,,,,,,,,0.0,shopify,1,deny,manual,5.00,,true,true,,,,,25503738,,,,false,,,,,,,,,,,,,
beverly-hills-chihuahua-2-dvd,Beverly Hills Chihuahua 2,,DVD,,,"Floor Sale, Kids & Family",true,Genre,Kids & Family,,,,,,,,,0.0,shopify,1,deny,manual,5.00,,true,true,,,,,25438202,,,,false,,,,,,,,,,,,,
15-minutes-dvd,15 Minutes,,DVD,,,"Action, Floor Sale",true,Genre,Action,,,,,,,,,0.0,shopify,1,deny,manual,5.00,,true,true,,,,,17246202,,,,false,,,,,,,,,,,,,
beowulf-grendel-dvd,Beowulf & Grendel,,DVD,,,"Action, Floor Sale",true,Genre,Action,,,,,,,,,0.0,shopify,1,deny,manual,5.00,,true,true,,,,,17180666,,,,false,,,,,,,,,,,,,
bee-movie-dvd,Bee Movie,,DVD,,,"Floor Sale, Kids & Family",true,Genre,Kids & Family,,,,,,,,,0.0,shopify,1,deny,manual,5.00,,true,true,,,,,08988666,,,,false,,,,,,,,,,,,,
the-curious-case-of-benjamin-button-dvd,The Curious Case of Benjamin Button,,DVD,Uncategorized,,"Drama, Floor Sale",true,Genre,Drama,,,,,,,,,0.0,shopify,2,deny,manual,5.00,,true,true,,,,,08890362,,,,false,,,,,,,,,,,,,
eight-below-dvd,Eight Below,,DVD,,,"Floor Sale, Kids & Family",true,Genre,Kids & Family,,,,,,,,,0.0,shopify,1,deny,manual,5.00,,true,true,,,,,00665594,,,,false,,,,,,,,,,,,,
earth-one-amazing-day-bluray,Earth: One Amazing Day,,4K,,,"4K, Floor Sale, Kids & Family",true,Genre,"Kids & Family, 4K",,,,,,,,,0.0,shopify,1,deny,manual,12.00,,true,true,,,,,00600058,,,,false,,,,,,,,,,,,,
earths-final-hours-bluray,Earth's Final Hours,,Blu-Ray,,,"Floor Sale, Sci-Fi",true,Genre,Sci-Fi,,,,,,,,,0.0,shopify,1,deny,manual,6.00,,true,true,,,,,92408058,,,,false,,,,,,,,,,,,,
eat-pray-love-bluray,Eat Pray Love,,Blu-Ray,,,"Drama, Floor Sale",true,Genre,Drama,,,,,,,,,0.0,shopify,1,deny,manual,7.00,,true,true,,,,,92375290,,,,false,,,,,,,,,,,,,
earth-to-echo-bluray,Earth to Echo,,Blu-Ray,,,"Floor Sale, Kids & Family",true,Genre,Kids & Family,,,,,,,,,0.0,shopify,1,deny,manual,6.00,,true,true,,,,,92342522,,,,false,,,,,,,,,,,,,
elektra-bluray,Elektra,,Blu-Ray,,,"Action, Floor Sale",true,Genre,Action,,,,,,,,,0.0,shopify,1,deny,manual,5.00,,true,true,,,,,84150522,,,,false,,,,,,,,,,,,,
elf-steelbook-bluray,Elf (Steelbook),,Blu-Ray,,,"Floor Sale, Kids & Family",true,Genre,Kids & Family,,,,,,,,,0.0,shopify,1,deny,manual,12.00,,true,true,,,,,84117754,,,,false,,,,,,,,,,,,,
bond-50-box-set-dvd,Bond 50: Box Set,,DVD,,,"Action, Floor Sale",true,Genre,Action,,,,,,,,,0.0,shopify,1,deny,manual,55.00,,true,true,,,,,84084986,,,,false,,,,,,,,,,,,,
african-cats-dvd,African Cats,,DVD,,,"Floor Sale, Kids & Family",true,Genre,Kids & Family,,,,,,,,,0.0,shopify,1,deny,manual,4.00,,true,true,,,,,63820538,,,,false,,,,,,,,,,,,,
andrea-bocelli-dvd,Andrea Bocelli,,DVD,,,"Floor Sale, Musical",true,Genre,Musical,,,,,,,,,0.0,shopify,1,deny,manual,4.00,,true,true,,,,,63787770,,,,false,,,,,,,,,,,,,
air-force-one-in-the-line-of-fire-dvd,Air Force One / In the Line of Fire,,DVD,,,"Floor Sale, Thriller",true,Genre,Thriller,,,,,,,,,0.0,shopify,1,deny,manual,4.00,,true,true,,,,,63755002,,,,false,,,,,,,,,,,,,
55-days-of-peking-dvd,55 Days of Peking,,DVD,,,"Drama, Floor Sale",true,Genre,Drama,,,,,,,,,0.0,shopify,1,deny,manual,5.00,,true,true,,,,,63656698,,,,false,,,,,,,,,,,,,
101-dalmations-bluray,101 Dalmations,,Blu-Ray,,,"Floor Sale, Kids & Family",true,Genre,Kids & Family,,,,,,,,,0.0,shopify,1,deny,manual,6.00,,true,true,,,,,63623930,,,,false,,,,,,,,,,,,,
300-dvd,300,,DVD,Uncategorized,,"Action, Floor Sale",true,Genre,Action,,,,,,,,,0.0,shopify,2,deny,manual,5.00,,true,true,,,,,63591162,,,,false,,,,,,,,,,,,,
the-1517-to-paris-bluray,The 15:17 to Paris,,Blu-Ray,,,"Action, Floor Sale",true,Genre,Action,,,,,,,,,0.0,shopify,1,deny,manual,6.00,,true,true,,,,,63558394,,,,false,,,,,,,,,,,,,
a-dogs-purpose-bluray,A Dog's Purpose,,Blu-Ray,,,"Floor Sale, Kids & Family",true,Genre,Kids & Family,,,,,,,,,0.0,shopify,1,deny,manual,6.00,,true,true,,,,,63525626,,,,false,,,,,,,,,,,,,
dumbo-tim-burton-bluray,Dumbo (Tim Burton),,Blu-Ray,,,"Floor Sale, Kids & Family",true,Genre,Kids & Family,,,,,,,,,0.0,shopify,1,deny,manual,7.00,,true,true,,,,,63492858,,,,false,,,,,,,,,,,,,
duets-bluray,Duets,,Blu-Ray,,,"Comedy, Floor Sale",true,Genre,Comedy,,,,,,,,,0.0,shopify,1,deny,manual,6.00,,true,true,,,,,63460090,,,,false,,,,,,,,,,,,,
dredo-bluray,Dredo,,Blu-Ray,,,"Floor Sale, Sci-Fi",true,Genre,Sci-Fi,,,,,,,,,0.0,shopify,1,deny,manual,6.00,,true,true,,,,,63427322,,,,false,,,,,,,,,,,,,
alexande-directors-cut-dvd,Alexande: Directors Cut,,DVD,,,"Action, Floor Sale",true,Genre,Action,,,,,,,,,0.0,shopify,1,deny,manual,6.00,,true,true,,,,,63361786,,,,false,,,,,,,,,,,,,
alexander-revisted-the-final-cut-bluray,Alexander Revisted: The Final Cut,,Blu-Ray,,,"Action, Floor Sale",true,Genre,Action,,,,,,,,,0.0,shopify,1,deny,manual,6.00,,true,true,,,,,63329018,,,,false,,,,,,,,,,,,,
the-adjustment-bureau-bluray,The Adjustment Bureau,,Blu-Ray,,,"Action, Floor Sale",true,Genre,Action,,,,,,,,,0.0,shopify,1,deny,manual,6.00,,true,true,,,,,63230714,,,,false,,,,,,,,,,,,,
aeon-flux-bluray,Aeon Flux,,Blu-Ray,,,"Floor Sale, Sci-Fi",true,Genre,Sci-Fi,,,,,,,,,0.0,shopify,1,deny,manual,5.00,,true,true,,,,,63197946,,,,false,,,,,,,,,,,,,
big-hero-6-bluray,Big Hero 6,,Blu-Ray,,,"Floor Sale, Kids & Family",true,Genre,Kids & Family,,,,,,,,,0.0,shopify,1,deny,manual,6.00,,true,true,,,,,44094202,,,,false,,,,,,,,,,,,,
doom-bluray,Doom,,Blu-Ray,,,"Floor Sale, Sci-Fi",true,Genre,Sci-Fi,,,,,,,,,0.0,shopify,1,deny,manual,6.00,,true,true,,,,,44061434,,,,false,,,,,,,,,,,,,
doomsday-prophecy-bluray,Doomsday Prophecy,,Blu-Ray,,,"Action, Floor Sale",true,Genre,Action,,,,,,,,,0.0,shopify,1,deny,manual,6.00,,true,true,,,,,44028666,,,,false,,,,,,,,,,,,,
angels-demons-bluray,Angels & Demons,,Blu-Ray,,,"Drama, Floor Sale",true,Genre,Drama,,,,,,,,,0.0,shopify,1,deny,manual,6.00,,true,true,,,,,43733754,,,,false,,,,,,,,,,,,,
one-direction-this-is-us-bluray,One Direction: This is Us,,Blu-Ray,,,"Floor Sale, Musical",true,Genre,Musical,,,,,,,,,0.0,shopify,1,deny,manual,6.00,,true,true,,,,,43700986,,,,false,,,,,,,,,,,,,
abominable-bluray,Abominable,,4K,,,"4K, Floor Sale, Kids & Family",true,Genre,"Kids & Family, 4K",,,,,,,,,0.0,shopify,1,deny,manual,8.00,,true,true,,,,,43668218,,,,false,,,,,,,,,,,,,
annihilation-bluray,Annihilation,,Blu-Ray,,,"Floor Sale, Sci-Fi",true,Genre,Sci-Fi,,,,,,,,,0.0,shopify,1,deny,manual,8.00,,true,true,,,,,43635450,,,,false,,,,,,,,,,,,,
age-of-the-dragons-bluray,Age of the Dragons,,Blu-Ray,,,"Fantasy, Floor Sale",true,Genre,Fantasy,,,,,,,,,0.0,shopify,1,deny,manual,6.00,,true,true,,,,,43602682,,,,false,,,,,,,,,,,,,
american-pie-presents-the-book-of-love-bluray,American Pie Presents: The Book of Love,,Blu-Ray,,,"Comedy, Floor Sale",true,Genre,Comedy,,,,,,,,,0.0,shopify,1,deny,manual,6.00,,true,true,,,,,43569914,,,,false,,,,,,,,,,,,,
american-sniper-bluray,American Sniper,,Blu-Ray,,,"Drama, Floor Sale",true,Genre,Drama,,,,,,,,,0.0,shopify,1,deny,manual,6.00,,true,true,,,,,43537146,,,,false,,,,,,,,,,,,,
2012-bluray,2012,,Blu-Ray,,,"Action, Floor Sale",true,Genre,Action,,,,,,,,,0.0,shopify,1,deny,manual,6.00,,true,true,,,,,43471610,,,,false,,,,,,,,,,,,,
battman-v-superman-dawn-of-justice-bluray,Battman V Superman: Dawn of Justice,,Blu-Ray,,,"Action, Floor Sale",true,Genre,Action,,,,,,,,,0.0,shopify,1,deny,manual,6.00,,true,true,,,,,43438842,,,,false,,,,,,,,,,,,,
battleship-bluray,Battleship,,Blu-Ray,,,"Action, Floor Sale",true,Genre,Action,,,,,,,,,0.0,shopify,1,deny,manual,5.00,,true,true,,,,,43406074,,,,false,,,,,,,,,,,,,
beastly-bluray,Beastly,,Blu-Ray,,,"Drama, Floor Sale",true,Genre,Drama,,,,,,,,,0.0,shopify,1,deny,manual,5.00,,true,true,,,,,43373306,,,,false,,,,,,,,,,,,,
beetlejuice-bluray,Beetlejuice,,Blu-Ray,,,"Comedy, Floor Sale",true,Genre,Comedy,,,,,,,,,0.0,shopify,1,deny,manual,6.00,,true,true,,,,,43307770,,,,false,,,,,,,,,,,,,
beauty-and-the-beast-live-action-bluray,Beauty and the Beast (Live Action),,Blu-Ray,,,"Floor Sale, Kids & Family",true,Genre,Kids & Family,,,,,,,,,0.0,shopify,1,deny,manual,6.00,,true,true,,,,,43275002,,,,false,,,,,,,,,,,,,
21-jump-street-bluray-fs,21 Jump Street,,Blu-Ray,,,"Comedy, Floor Sale",true,Genre,Comedy,,,,,,,,,0.0,shopify,1,deny,manual,6.00,,true,true,,,,,43242234,,,,false,,,,,,,,,,,,,
the-40-year-old-virgin-bluray-fs,The 40 Year Old Virgin,,Blu-Ray,,,"Comedy, Floor Sale",true,Genre,Comedy,,,,,,,,,0.0,shopify,1,deny,manual,6.00,,true,true,,,,,43209466,,,,false,,,,,,,,,,,,,
things-change-vhs,Things Change,,VHS,,,"Comedy, Floor Sale",true,Genre,Comedy,,,,,,,,,0.0,shopify,1,deny,manual,5.00,,true,true,,,,,33706746,,,,false,,,,,,,,,,,,,
winners-take-all-vhs,Winners Take All,,VHS,,,"Action, Floor Sale",true,Genre,Action,,,,,,,,,0.0,shopify,1,deny,manual,7.00,,true,true,,,,,33641210,,,,false,,,,,,,,,,,,,
class-act-vhs,Class Act,,VHS,Uncategorized,,"Comedy, Floor Sale",true,Genre,Comedy,,,,,,,,,0.0,shopify,2,deny,manual,6.00,,true,true,,,,,33608442,,,,false,,,,,,,,,,,,,
a-piece-of-the-action-vhs,A Piece of the Action,,VHS,,,"Comedy, Floor Sale",true,Genre,Comedy,,,,,,,,,0.0,shopify,1,deny,manual,6.00,,true,true,,,,,33575674,,,,false,,,,,,,,,,,,,
twice-upon-a-yesterday-screener-vhs,Twice Upon a Yesterday (Screener),,VHS,,,"Floor Sale, Romatic Comedy",true,Genre,Romatic Comedy,,,,,,,,,0.0,shopify,1,deny,manual,6.00,,true,true,,,,,33542906,,,,false,,,,,,,,,,,,,
strike-screener-vhs,Strike (Screener),,VHS,,,"Comedy, Floor Sale",true,Genre,Comedy,,,,,,,,,0.0,shopify,1,deny,manual,10.00,,true,true,,,,,33444602,,,,false,,,,,,,,,,,,,
matinee-vhs,Matinee,,VHS,,,"Comedy, Floor Sale",true,Genre,Comedy,,,,,,,,,0.0,shopify,1,deny,manual,5.00,,true,true,,,,,33411834,,,,false,,,,,,,,,,,,,
boys-town-vhs,Boys Town,,VHS,,,"Drama, Floor Sale",true,Genre,Drama,,,,,,,,,0.0,shopify,1,deny,manual,4.00,,true,true,,,,,33379066,,,,false,,,,,,,,,,,,,
the-natural-vhs,The Natural,,VHS,,,"Drama, Floor Sale",true,Genre,Drama,,,,,,,,,0.0,shopify,1,deny,manual,4.00,,true,true,,,,,33280762,,,,false,,,,,,,,,,,,,
the-cutting-ege-vhs,The Cutting Ege,,VHS,Uncategorized,,"Comedy, Floor Sale",true,Genre,Comedy,,,,,,,,,0.0,shopify,2,deny,manual,4.00,,true,true,,,,,33182458,,,,false,,,,,,,,,,,,,
hellfighters-vhs,Hellfighters,,VHS,,,"Drama, Floor Sale",true,Genre,Drama,,,,,,,,,0.0,shopify,1,deny,manual,4.00,,true,true,,,,,33149690,,,,false,,,,,,,,,,,,,
dirty-dancing-vhs,Dirty Dancing,,VHS,,,"Drama, Floor Sale",true,Genre,Drama,,,,,,,,,0.0,shopify,1,deny,manual,4.00,,true,true,,,,,33051386,,,,false,,,,,,,,,,,,,
next-friday-vhs,Next Friday,,VHS,,,"Comedy, Floor Sale",true,Genre,Comedy,,,,,,,,,0.0,shopify,1,deny,manual,5.00,,true,true,,,,,33018618,,,,false,,,,,,,,,,,,,
austin-powers-the-spy-who-shagged-me-vhs,Austin Powers: The Spy Who Shagged Me,,VHS,,,"Comedy, Floor Sale",true,Genre,Comedy,,,,,,,,,0.0,shopify,1,deny,manual,5.00,,true,true,,,,,32985850,,,,false,,,,,,,,,,,,,
arthur-vhs,Arthur,,VHS,,,"Comedy, Floor Sale",true,Genre,Comedy,,,,,,,,,0.0,shopify,1,deny,manual,4.00,,true,true,,,,,32953082,,,,false,,,,,,,,,,,,,
mrs-doubtfire-vhs,Mrs. Doubtfire,,VHS,,,"Comedy, Floor Sale",true,Genre,Comedy,,,,,,,,,0.0,shopify,1,deny,manual,5.00,,true,true,,,,,32887546,,,,false,,,,,,,,,,,,,
muppets-treasure-island-vhs-sealed,Muppets Treasure Island,,VHS,,,"Floor Sale, Kids & Family",true,Genre,Kids & Family,,,,,,,,,0.0,shopify,1,deny,manual,10.00,,true,true,,,,,32822010,,,,false,,,,,,,,,,,,,
small-soldiers-vhs-cs,Small Soldiers,,VHS,,,"Floor Sale, Kids & Family",true,Genre,Kids & Family,,,,,,,,,0.0,shopify,1,deny,manual,8.00,,true,true,,,,,32789242,,,,false,,,,,,,,,,,,,
honey-i-blew-up-the-kid-copy,101 Dalmations,"<p><meta charset=""utf-8""><meta charset=""utf-8""><span data-sheets-root=""1"">101 Dalmatians (1996) is a live-action remake of Disney’s animated classic, following a daring rescue mission when a fur-obsessed fashion designer kidnaps Dalmatian puppies for a lavish coat. Packed with slapstick, charming performances, and adorable canines, it’s highlighted by Glenn Close’s memorable turn as Cruella de Vil. While reviews were mixed, it remains lighthearted family fun and a nostalgic watch for fans of the original.</span><br></p>",VHS,Uncategorized,,"Kids & Family, Rental",false,Genre,Kids & Family,,,,,,,,,0.0,shopify,1,deny,manual,0.00,,true,true,,,,,97315578,https://cdn.shopify.com/s/files/1/0826/6363/7242/files/DAL.jpg?v=1783380513,1,,false,,,,,,,,,,,,,
muppets-treasure-island,Muppets Treasure Island,"<p><meta charset=""utf-8""><span data-sheets-root=""1"">Muppet Treasure Island (1996) is a musical comedy adventure where Jim Hawkins embarks on a swashbuckling treasure hunt with Kermit’s Captain Smollett, facing pirates led by the charming yet scheming Long John Silver. Blending Robert Louis Stevenson’s classic tale with the Muppets’ trademark humor, catchy songs, and colorful characters, it’s a lighthearted, family-friendly romp. Critics praise Tim Curry’s performance and the film’s fun, making it a nostalgic treat worth watching.</span></p>",VHS,Media > Videos > VHS Tapes,,"Kids & Family, Rental",true,Genre,kids-family,product.metafields.shopify.genre,,,,,,,,0.0,shopify,1,deny,manual,0.00,,true,true,,,,,74443514,https://cdn.shopify.com/s/files/1/0826/6363/7242/files/MuppetsTreasureIslandImage.webp?v=1783379906,1,,false,,,,,,,,,,,,,kids-family
honey-i-blew-up-the-kid-vhs,"Honey, I Blew Up the Kid","<p>Honey, I Blew Up the Kid (1992) follows eccentric inventor Wayne Szalinski, whose latest experiment accidentally causes his toddler son to grow to monumental proportions whenever exposed to electricity. As the oversized child heads for Las Vegas, the family scrambles to reverse the process before chaos ensues. While lighter and more juvenile than its predecessor, it offers fun visual effects and harmless family comedy, making it an enjoyable, if modest, sequel.</p>",VHS,,,"Kids & Family, Rental",true,Genre,Kids & Family,,,,,,,,,0.0,shopify,1,deny,manual,0.00,,true,true,,,,,77843706,https://cdn.shopify.com/s/files/1/0826/6363/7242/files/OIP_a1a3a5c4-7ca8-45d4-8572-84fe7cfea796.webp?v=1783369377,1,,false,,,,,,,,,,,,,
et-the-extra-terrestrial-vhs,E.T. The Extra Terrestrial,"<p>E.T. the Extra-Terrestrial follows a lonely boy, Elliott, who forms a deep bond with a gentle alien stranded on Earth and tries to help him return home while evading government capture. Blending heartfelt drama, childhood wonder, and imaginative sci-fi, Steven Spielberg’s film is praised for its emotional depth, iconic imagery, and John Williams’ unforgettable score, making it a timeless family classic worth watching for all ages.</p>",VHS,,,"Kids & Family, Rental",true,Genre,Kids & Family,,,,,,,,,0.0,shopify,1,deny,manual,0.00,,true,true,,,,,77155578,https://cdn.shopify.com/s/files/1/0826/6363/7242/files/LCUJDney0tnS3f35CcGYEC6vxNaFPD.jpg?v=1783369376,1,,false,,,,,,,,,,,,,
the-elm-chanted-forest-vhs,The Elm-Chanted Forest,"<p>A painter who can temporarily talk to the creatures of an enchanted forest must help them stop the evil Cactus King, who's building an army of magical living weapons and machines to turn the forest into a wasteland perfect for the cacti.</p>",VHS,,,"Kids & Family, Rental",true,Genre,Kids & Family,,,,,,,,,0.0,shopify,1,deny,manual,0.00,,true,true,,,,,75156730,https://cdn.shopify.com/s/files/1/0826/6363/7242/files/MV5BMTc5MTc5NzYzOV5BMl5BanBnXkFtZTYwNjMwMTU5._V1_FMjpg_UX1000.jpg?v=1783369374,1,,false,,,,,,,,,,,,,
mulan-vhs,Mulan,"<p>Mulan follows a courageous young woman who disguises herself as a man to take her father’s place in the Chinese army, embarking on a journey of honor, self-discovery, and heroism. Combining stunning animation, heartfelt themes, humor, and memorable songs, the film delivers both adventure and emotional depth. Critics praise it as an empowering Disney classic that appeals to all ages, making it a must-watch.</p>",VHS,,,"Kids & Family, Rental",true,Genre,Kids & Family,,,,,,,,,0.0,shopify,1,deny,manual,0.00,,true,true,,,,,72502522,https://cdn.shopify.com/s/files/1/0826/6363/7242/files/OIP_9e94ca52-cf0e-4757-87a9-6683a66a6efe.webp?v=1783369373,1,,false,,,,,,,,,,,,,
muppets-from-space-vhs,Muppets from Space,"<p>Muppets from Space follows Gonzo as he searches for his origins and becomes convinced he’s connected to aliens. When he’s kidnapped by a secret government agency, Kermit and the gang set out on a zany rescue mission. Packed with quirky humor, celebrity cameos, and a funky soundtrack, it offers lighthearted fun for Muppet fans, though some critics note a thinner plot and less energy than earlier films.</p>",VHS,,,"Kids & Family, Rental",true,Genre,Kids & Family,,,,,,,,,0.0,shopify,1,deny,manual,0.00,,true,true,,,,,72469754,https://cdn.shopify.com/s/files/1/0826/6363/7242/files/nIYqt7Qcz2nBlfy1m5YYgkdbD5R.jpg?v=1783369372,1,,false,,,,,,,,,,,,,
free-willy-vhs,Free Willy,"<p>Free Willy (1993) tells the heartfelt story of a troubled 12-year-old boy who bonds with a captive orca at a struggling amusement park and risks everything to help his new friend. Blending themes of friendship, second chances, and compassion for animals, it combines touching performances, a stirring score, and a classic feel-good formula. Praised for its warmth and uplifting message, it remains a beloved family film worth watching.</p>",VHS,,,"Kids & Family, Rental",true,Genre,Kids & Family,,,,,,,,,0.0,shopify,1,deny,manual,0.00,,true,true,,,,,72436986,https://cdn.shopify.com/s/files/1/0826/6363/7242/files/Free-Willy-DVD-Warner-Bros-Drama_88fa7029-3252-42ca-9cb1-e2877e16ffe9.f9ab24623f753da77092a36f14f282dc.jpg?v=1783369371,1,,false,,,,,,,,,,,,,
hunchback-of-notre-dame-vhs,Hunchback of Notre Dame,"<p>The Hunchback of Notre Dame (1996) follows Quasimodo, the kind-hearted yet isolated bell ringer of Notre Dame, who longs to explore the world and finds friendship in the fearless Esmeralda. Against the tyranny of Judge Frollo, he must choose between obedience and defending justice. With stunning animation, powerful Alan Menken music, and mature themes of prejudice, acceptance, and love, it’s one of Disney’s most dramatic and emotionally resonant films—highly worth watching.</p>",VHS,,,"Kids & Family, Rental",true,Genre,Kids & Family,,,,,,,,,0.0,shopify,1,deny,manual,0.00,,true,true,,,,,72305914,https://cdn.shopify.com/s/files/1/0826/6363/7242/files/zNg41laIMqSBZqVtSDpjEm06m4P.jpg?v=1783369369,1,,false,,,,,,,,,,,,,
heavyweights-vhs,Heavyweights,"<p>Heavyweights is a 1995 Disney comedy about kids at a weight-loss summer camp whose fun is derailed when an overzealous fitness guru takes over, turning it into a strict training ground. With help from sympathetic counselors, they plot to reclaim their summer. Though a box office flop, it’s now a cult favorite for its offbeat humor, 90s charm, and Ben Stiller’s over-the-top villain, offering lighthearted fun for fans of quirky family comedies.</p>",VHS,,,"Kids & Family, Rental",true,Genre,Kids & Family,,,,,,,,,0.0,shopify,1,deny,manual,0.00,,true,true,,,,,72273146,https://cdn.shopify.com/s/files/1/0826/6363/7242/files/OIP_49a9264b-173c-49ce-aece-4e0d4a840b4f.webp?v=1783369368,1,,false,,,,,,,,,,,,,
richie-rich-vhs,Richie Rich,"<p>Richie Rich follows the world’s wealthiest boy, who has everything money can buy except true friends. When a plot targets his family’s fortune and safety, he must rely on his wits, loyal staff, and newfound pals to set things right. Lighthearted and filled with imaginative gadgets, it’s a kid-centric adventure that offers charm and fun over depth, making it enjoyable family fare for younger audiences.</p>",VHS,,,"Kids & Family, Rental",true,Genre,Kids & Family,,,,,,,,,0.0,shopify,1,deny,manual,0.00,,true,true,,,,,72207610,https://cdn.shopify.com/s/files/1/0826/6363/7242/files/OIP_fbf17e50-2503-419b-af64-7bd8bcb29f4a.webp?v=1783369366,1,,false,,,,,,,,,,,,,
the-goonies-vhs,The Goonies,"<p>The Goonies follows a tight-knit group of kids in a coastal town who embark on a high-stakes treasure hunt after finding an old pirate map—a quest that could save their homes from foreclosure. Their adventure leads through underground tunnels, elaborate booby traps, and run-ins with a criminal family. Loved for its charm, energy, and camaraderie, it’s a nostalgic, fun ride that blends youthful humor with Spielberg-style adventure.</p>",VHS,,,"Kids & Family, Rental",true,Genre,Kids & Family,,,,,,,,,0.0,shopify,1,deny,manual,0.00,,true,true,,,,,72174842,https://cdn.shopify.com/s/files/1/0826/6363/7242/files/oxz1HIdUjQN23IZQk4Gy7ozJBM0.jpg?v=1783369366,1,,false,,,,,,,,,,,,,
the-princess-bride-vhs,The Princess Bride,"<p>The Princess Bride blends romance, adventure, comedy, and fantasy in a storybook tale framed as a grandfather reading to his reluctant grandson. Farmhand Westley embarks on a perilous quest to reunite with his beloved Buttercup, encountering duels, giants, clever banter, and whimsical perils. Celebrated for its charm, wit, and quotable lines, it’s a timeless classic appealing to all ages.</p>",VHS,,,"Kids & Family, Rental",true,Genre,Kids & Family,,,,,,,,,0.0,shopify,1,deny,manual,0.00,,true,true,,,,,72109306,https://cdn.shopify.com/s/files/1/0826/6363/7242/files/R.jpg?v=1783369365,1,,false,,,,,,,,,,,,,
the-black-couldron-vhs,The Black Couldron,"<p>The Black Cauldron is a dark fantasy adventure from Disney that follows young pig-keeper Taran, who dreams of heroism but is thrust into a perilous quest to stop the fearsome Horned King from using a magical cauldron to raise an undead army. With its atmospheric animation, eerie villain, and absence of songs, it’s an atypical and darker Disney entry. While flawed in pacing and tone, it’s a visually striking cult favorite worth seeing for fantasy fans.</p>",VHS,,,"Kids & Family, Rental",true,Genre,Kids & Family,,,,,,,,,0.0,shopify,1,deny,manual,0.00,,true,true,,,,,72076538,https://cdn.shopify.com/s/files/1/0826/6363/7242/files/OIP_a5818d1d-6c28-4b22-b4c8-29d08b1dfe8a.webp?v=1783369363,1,,false,,,,,,,,,,,,,
pocahontas-vhs,Pocahontas,"<p>Pocahontas (1995) tells the story of a free-spirited Native American woman whose encounter with Englishman John Smith challenges cultural divides and inspires her to follow her heart. With its lush, painterly animation, heartfelt songs like “Colors of the Wind,” and themes of harmony and understanding, it’s a visually striking and emotionally sincere Disney film. While historically inaccurate and lighter on villainy, it remains a worthwhile watch for its artistry and message.</p>",VHS,,,"Kids & Family, Rental",true,Genre,Kids & Family,,,,,,,,,0.0,shopify,1,deny,manual,0.00,,true,true,,,,,71781626,https://cdn.shopify.com/s/files/1/0826/6363/7242/files/xl_34319_0114148_0c512b77.jpg?v=1783369362,1,,false,,,,,,,,,,,,,
the-aristocats-vhs,The Aristocats,"<p>The Aristocats follows a refined family of Parisian cats whose pampered life is upended when a greedy butler tries to cut them out of an inheritance. Stranded in the countryside, they team up with a street-smart alley cat for a lively journey home. Filled with jazzy tunes, colorful animation, and charming characters, this lighthearted Disney classic is a fun, heartwarming watch, though its plot is simple and familiar.</p>",VHS,,,"Kids & Family, Rental",true,Genre,Kids & Family,,,,,,,,,0.0,shopify,1,deny,manual,0.00,,true,true,,,,,71650554,https://cdn.shopify.com/s/files/1/0826/6363/7242/files/OIP_58d50c0d-00a5-4d5a-a193-a206710dadca.webp?v=1783369361,1,,false,,,,,,,,,,,,,
antz-vhs,Antz,"<p>Antz follows Z, a neurotic worker ant yearning for individuality, who unexpectedly gets swept into adventure after crossing paths with Princess Bala. As he navigates a rigid colony system and an ambitious general’s plans, Z’s quest blends humor, social satire, and action. Praised for its sharp wit, impressive early CGI, and an all-star voice cast, it’s more adult-oriented than typical animation, offering layered jokes and themes that make it worth watching for grown-ups as well as older kids.</p>",VHS,,,"Kids & Family, Rental",true,Genre,Kids & Family,,,,,,,,,0.0,shopify,1,deny,manual,0.00,,true,true,,,,,71453946,https://cdn.shopify.com/s/files/1/0826/6363/7242/files/photo.jpg?v=1783369359,1,,false,,,,,,,,,,,,,
beauty-and-the-beast-vhs,Beauty and the Beast,"<p>Beauty and the Beast (1991) tells of Belle, a spirited young woman who becomes entwined in the fate of a cursed prince transformed into a Beast, and discovers that true beauty lies within. Blending romance, wit, and memorable songs with groundbreaking animation, it was the first animated film nominated for Best Picture. Acclaimed for its artistry, music, and heartfelt storytelling, it remains a timeless Disney classic worth seeing.</p>",VHS,,,"Kids & Family, Rental",true,Genre,Kids & Family,,,,,,,,,0.0,shopify,1,deny,manual,0.00,,true,true,,,,,69913850,https://cdn.shopify.com/s/files/1/0826/6363/7242/files/dV8LE50G5h1Ko2B4ZoeCdmtuIoB.jpg?v=1783369358,1,,false,,,,,,,,,,,,,
a-kid-in-king-arthurs-court-vhs,A Kid in King Arthur's Court,"<p>A Kid in King Arthur's Court follows 14-year-old Calvin Fuller, a struggling Little Leaguer who is swept by an earthquake into medieval Camelot. Mistaken for a prophesied hero, he must help King Arthur defend his crown from the scheming Lord Belasco while overcoming his own fears. Mixing slapstick, time-travel fish-out-of-water comedy, and family-friendly adventure, it offers lighthearted fun for kids, though critics found it formulaic and dated.</p>",VHS,,,"Kids & Family, Rental",true,Genre,Kids & Family,,,,,,,,,0.0,shopify,1,deny,manual,0.00,,true,true,,,,,66931962,https://cdn.shopify.com/s/files/1/0826/6363/7242/files/images_885e4573-e715-4ec5-ac09-af8a62e66579.jpg?v=1783369356,1,,false,,,,,,,,,,,,,
akira-kurosawa-four-samuri-classics-dvd,Akira Kurosawa: Four Samuri Classics,,DVD,,,"Action, Floor Sale",true,Genre,Action,,,,,,,,,0.0,shopify,1,deny,manual,32.00,,true,true,,,,,50416378,,,,false,,,,,,,,,,,,,
xmen-collection-dvd,XMen Collection,,DVD,,,"Action, Floor Sale",true,Genre,Action,,,,,,,,,0.0,shopify,1,deny,manual,8.00,,true,true,,,,,50383610,,,,false,,,,,,,,,,,,,
oceans-thirteen-bluray,Oceans Thirteen,,Blu-Ray,,,"Drama, Floor Sale",true,Genre,Drama,,,,,,,,,0.0,shopify,1,deny,manual,6.00,,true,true,,,,,42126074,,,,false,,,,,,,,,,,,,
gattaca-bluray,Gattaca,,Blu-Ray,,,"Floor Sale, Sci-Fi",true,Genre,Sci-Fi,,,,,,,,,0.0,shopify,1,deny,manual,6.00,,true,true,,,,,41995002,,,,false,,,,,,,,,,,,,
the-social-network-bluray,The Social Network,,Blu-Ray,,,"Drama, Floor Sale",true,Genre,Drama,,,,,,,,,0.0,shopify,1,deny,manual,11.00,,true,true,,,,,41896698,,,,false,,,,,,,,,,,,,
lincoln-bluray,Lincoln,,Blu-Ray,,,"Drama, Floor Sale",true,Genre,Drama,,,,,,,,,0.0,shopify,1,deny,manual,6.00,,true,true,,,,,33704698,,,,false,,,,,,,,,,,,,
magic-mike-bluray,Magic Mike,,Blu-Ray,,,"Drama, Floor Sale",true,Genre,Drama,,,,,,,,,0.0,shopify,1,deny,manual,6.00,,true,true,,,,,33671930,,,,false,,,,,,,,,,,,,
world-trade-center-bluray,World Trade Center,,Blu-Ray,,,"Drama, Floor Sale",true,Genre,Drama,,,,,,,,,0.0,shopify,1,deny,manual,6.00,,true,true,,,,,25381626,,,,false,,,,,,,,,,,,,
the-twilight-eclipse-bluray,The Twilight Eclipse,,Blu-Ray,,,"Fantasy, Floor Sale",true,Genre,Fantasy,,,,,,,,,0.0,shopify,1,deny,manual,6.00,,true,true,,,,,25348858,,,,false,,,,,,,,,,,,,
boogie-nights-bluray,Boogie Nights,,Blu-Ray,,,"Drama, Floor Sale",true,Genre,Drama,,,,,,,,,0.0,shopify,1,deny,manual,6.00,,true,true,,,,,25316090,,,,false,,,,,,,,,,,,,
monsters-university-bluray,Monsters University,,Blu-Ray,,,"Floor Sale, Kids & Family",true,Genre,Kids & Family,,,,,,,,,0.0,shopify,1,deny,manual,6.00,,true,true,,,,,17124090,,,,false,,,,,,,,,,,,,
knowing-bluray,Knowing,,Blu-Ray,,,"Floor Sale, Thriller",true,Genre,Thriller,,,,,,,,,0.0,shopify,1,deny,manual,6.00,,true,true,,,,,16993018,,,,false,,,,,,,,,,,,,
super-8-bluray,Super 8,,Blu-Ray,,,"Floor Sale, Thriller",true,Genre,Thriller,,,,,,,,,0.0,shopify,1,deny,manual,6.00,,true,true,,,,,08702714,,,,false,,,,,,,,,,,,,
billy-jack-the-complete-collection-bluray,Billy Jack: The Complete Collection,,Blu-Ray,,,"Action, Floor Sale",true,Genre,Action,,,,,,,,,0.0,shopify,1,deny,manual,10.00,,true,true,,,,,08669946,,,,false,,,,,,,,,,,,,
the-departed-bluray,The Departed,,Blu-Ray,,,"Action, Floor Sale",true,Genre,Action,,,,,,,,,0.0,shopify,1,deny,manual,6.00,,true,true,,,,,00477946,,,,false,,,,,,,,,,,,,
gone-girl-bluray,Gone Girl,,Blu-Ray,,,"Floor Sale, Thriller",true,Genre,Thriller,,,,,,,,,0.0,shopify,1,deny,manual,8.00,,true,true,,,,,00445178,,,,false,,,,,,,,,,,,,
ted-bluray,Ted,,Blu-Ray,,,"Comedy, Floor Sale",true,Genre,Comedy,,,,,,,,,0.0,shopify,1,deny,manual,5.00,,true,true,,,,,00412410,,,,false,,,,,,,,,,,,,
the-dark-knight-rises-bluray,The Dark Knight Rises,,Blu-Ray,,,"Action, Floor Sale",true,Genre,Action,,,,,,,,,0.0,shopify,1,deny,manual,6.00,,true,true,,,,,92220410,,,,false,,,,,,,,,,,,,
it-bluray,It,,4K,,,"4K, Floor Sale, Horror",true,Genre,"Horror, 4K",,,,,,,,,0.0,shopify,1,deny,manual,8.00,,true,true,,,,,80124154,,,,false,,,,,,,,,,,,,
pirates-of-the-caribbean-the-curse-of-the-black-pearl-bluray,Pirates of the Caribbean: The Curse of the Black Pearl,,Blu-Ray,,,"Action, Floor Sale",true,Genre,Action,,,,,,,,,0.0,shopify,1,deny,manual,6.00,,true,true,,,,,80091386,,,,false,,,,,,,,,,,,,
gladiator-bluray,Gladiator,,Blu-Ray,,,"Action, Floor Sale",true,Genre,Action,,,,,,,,,0.0,shopify,1,deny,manual,6.00,,true,true,,,,,80025850,,,,false,,,,,,,,,,,,,
bernadette-dvd,Bernadette,,DVD,,,"Drama, Floor Sale",true,Genre,Drama,,,,,,,,,0.0,shopify,1,deny,manual,5.00,,true,true,,,,,71833850,,,,false,,,,,,,,,,,,,
the-passion-of-the-christ-dvd,The Passion of the Christ,,DVD,,,"Drama, Floor Sale",true,Genre,Drama,,,,,,,,,0.0,shopify,1,deny,manual,4.00,,true,true,,,,,71801082,,,,false,,,,,,,,,,,,,
the-nativity-story-dvd,The Nativity Story,,DVD,,,"Drama, Floor Sale",true,Genre,Drama,,,,,,,,,0.0,shopify,1,deny,manual,4.00,,true,true,,,,,71768314,,,,false,,,,,,,,,,,,,
wrath-of-the-titans-dvd,Wrath of the Titans,,DVD,,,"Floor Sale, Sci-Fi",true,Genre,Sci-Fi,,,,,,,,,0.0,shopify,1,deny,manual,4.00,,true,true,,,,,63543546,,,,false,,,,,,,,,,,,,
harry-potter-and-the-order-of-the-phoenix-dvd,Harry Potter and the Order of the Phoenix,,DVD,,,"Floor Sale, Kids & Family",true,Genre,Kids & Family,,,,,,,,,0.0,shopify,1,deny,manual,5.00,,true,true,,,,,63510778,,,,false,,,,,,,,,,,,,
im-not-there-dvd,I'm Not There,,DVD,,,"Drama, Floor Sale",true,Genre,Drama,,,,,,,,,0.0,shopify,1,deny,manual,4.00,,true,true,,,,,63478010,,,,false,,,,,,,,,,,,,
disturbia-dvd,Disturbia,,DVD,,,"Floor Sale, Thriller",true,Genre,Thriller,,,,,,,,,0.0,shopify,1,deny,manual,5.00,,true,true,,,,,55253242,,,,false,,,,,,,,,,,,,
daredevil-dvd,Daredevil,,DVD,,,"Action, Floor Sale",true,Genre,Action,,,,,,,,,0.0,shopify,1,deny,manual,5.00,,true,true,,,,,46995706,,,,false,,,,,,,,,,,,,
harry-potter-and-the-chamber-of-secrets-dvd,Harry Potter and the Chamber of Secrets,,DVD,Uncategorized,,"Floor Sale, Kids & Family",true,Genre,Kids & Family,,,,,,,,,0.0,shopify,2,deny,manual,5.00,,true,true,,,,,46962938,,,,false,,,,,,,,,,,,,
smart-people-dvd,Smart People,,DVD,,,"Comedy, Floor Sale",true,Genre,Comedy,,,,,,,,,0.0,shopify,1,deny,manual,4.00,,true,true,,,,,46930170,,,,false,,,,,,,,,,,,,
dead-poets-society-dvd,Dead Poets Society,,DVD,Uncategorized,,"Drama, Floor Sale",true,Genre,Drama,,,,,,,,,0.0,shopify,2,deny,manual,5.00,,true,true,,,,,34030842,,,,false,,,,,,,,,,,,,
house-at-the-end-of-the-street-dvd,House at the End of the Street,,DVD,,,"Floor Sale, Horror",true,Genre,Horror,,,,,,,,,0.0,shopify,1,deny,manual,4.00,,true,true,,,,,25806074,,,,false,,,,,,,,,,,,,
signs-dvd,Signs,,DVD,,,"Floor Sale, Sci-Fi",true,Genre,Sci-Fi,,,,,,,,,0.0,shopify,1,deny,manual,4.00,,true,true,,,,,25740538,,,,false,,,,,,,,,,,,,
braveheart-dvd,Braveheart,,DVD,,,"Action, Floor Sale",true,Genre,Action,,,,,,,,,0.0,shopify,1,deny,manual,4.00,,true,true,,,,,17515770,,,,false,,,,,,,,,,,,,
edward-scissorhands-dvd,Edward Scissorhands,,DVD,,,"Drama, Floor Sale",true,Genre,Drama,,,,,,,,,0.0,shopify,1,deny,manual,4.00,,true,true,,,,,17483002,,,,false,,,,,,,,,,,,,
one-hour-photo-dvd,One Hour Photo,,DVD,,,"Floor Sale, Horror",true,Genre,Horror,,,,,,,,,0.0,shopify,1,deny,manual,4.00,,true,true,,,,,17450234,,,,false,,,,,,,,,,,,,
zombieland-dvd,Zombieland,,DVD,,,"Comedy, Floor Sale",true,Genre,Comedy,,,,,,,,,0.0,shopify,1,deny,manual,5.00,,true,true,,,,,09258234,,,,false,,,,,,,,,,,,,
the-green-mile-dvd,The Green Mile,,DVD,,,"Drama, Floor Sale",true,Genre,Drama,,,,,,,,,0.0,shopify,1,deny,manual,4.00,,true,true,,,,,09225466,,,,false,,,,,,,,,,,,,
how-to-deal-dvd,How To Deal,,DVD,,,"Floor Sale, Romantic Comedy",true,Genre,Romantic Comedy,,,,,,,,,0.0,shopify,1,deny,manual,7.00,,true,true,,,,,09127162,,,,false,,,,,,,,,,,,,
ella-enchanted-dvd,Ella Enchanted,,DVD,Uncategorized,,"Floor Sale, Kids",true,Genre,Kids,,,,,,,,,0.0,shopify,2,deny,manual,4.00,,true,true,,,,,09028858,,,,false,,,,,,,,,,,,,
wolves-of-wall-street-vhs,Wolves of Wall Street,,VHS,,,"Floor Sale, Horror",true,Genre,Horror,,,,,,,,,0.0,shopify,1,deny,manual,6.00,,true,true,,,,,00836858,,,,false,,,,,,,,,,,,,
open-water-vhs,Open Water,,VHS,,,"Floor Sale, Horror",true,Genre,Horror,,,,,,,,,0.0,shopify,1,deny,manual,6.00,,true,true,,,,,00771322,,,,false,,,,,,,,,,,,,
near-dark-vhs,Near Dark,,VHS,,,"Floor Sale, Horror",true,Genre,Horror,,,,,,,,,0.0,shopify,1,deny,manual,22.00,,true,true,,,,,00705786,,,,false,,,,,,,,,,,,,
silent-predators-vhs,Silent Predators,,VHS,,,"Floor Sale, Horror",true,Genre,Horror,,,,,,,,,0.0,shopify,1,deny,manual,5.00,,true,true,,,,,92513786,,,,false,,,,,,,,,,,,,
may-vhs,May,,VHS,,,"Floor Sale, Horror",true,Genre,Horror,,,,,,,,,0.0,shopify,1,deny,manual,24.00,,true,true,,,,,72350714,,,,false,,,,,,,,,,,,,
the-tale-of-sweeny-todd-vhs,The Tale Of Sweeny Todd,,VHS,,,"Floor Sale, Horror",true,Genre,Horror,,,,,,,,,0.0,shopify,1,deny,manual,5.00,,true,true,,,,,72285178,,,,false,,,,,,,,,,,,,
jack-the-ripper-vhs,Jack The Ripper,,VHS,,,"Floor Sale, Horror",true,Genre,Horror,,,,,,,,,0.0,shopify,1,deny,manual,6.00,,true,true,,,,,72219642,,,,false,,,,,,,,,,,,,
existenz-vhs,Existenz,,VHS,,,"Floor Sale, Sci-Fi",true,Genre,Sci-Fi,,,,,,,,,0.0,shopify,1,deny,manual,18.00,,true,true,,,,,63929338,,,,false,,,,,,,,,,,,,
frankenstein-meets-the-wolfman-vhs,Frankenstein Meets The Wolfman,,VHS,,,"Floor Sale, Horror",true,Genre,Horror,,,,,,,,,0.0,shopify,1,deny,manual,5.00,,true,true,,,,,63798266,,,,false,,,,,,,,,,,,,
the-doctor-and-the-devils-vhs,The Doctor and the Devils,,VHS,,,"Floor Sale, Horror",true,Genre,Horror,,,,,,,,,0.0,shopify,1,deny,manual,10.00,,true,true,,,,,55573498,,,,false,,,,,,,,,,,,,
killing-moon-vhs,Killing Moon,,VHS,,,"Floor Sale, Horror",true,Genre,Horror,,,,,,,,,0.0,shopify,1,deny,manual,5.00,,true,true,,,,,55507962,,,,false,,,,,,,,,,,,,
octopus-2-river-of-fear-vhs,Octopus 2: River of Fear,,VHS,,,"Floor Sale, Horror",true,Genre,Horror,,,,,,,,,0.0,shopify,1,deny,manual,5.00,,true,true,,,,,55442426,,,,false,,,,,,,,,,,,,
beneath-loch-ness-vhs,Beneath Loch Ness,,VHS,,,"Action, Floor Sale",true,Genre,Action,,,,,,,,,0.0,shopify,1,deny,manual,5.00,,true,true,,,,,47086586,,,,false,,,,,,,,,,,,,
excalibur-vhs,Excalibur,,VHS,,,"Fantasy, Floor Sale",true,Genre,Fantasy,,,,,,,,,0.0,shopify,1,deny,manual,5.00,,true,true,,,,,47021050,,,,false,,,,,,,,,,,,,
star-knight-vhs,Star Knight,,VHS,,,"Floor Sale, Sci-Fi",true,Genre,Sci-Fi,,,,,,,,,0.0,shopify,1,deny,manual,5.00,,true,true,,,,,38632442,,,,false,,,,,,,,,,,,,
the-outer-limits-the-sixth-finger-vhs,The Outer Limits: The Sixth Finger,,VHS,,,"Floor Sale, Sci-Fi",true,Genre,Sci-Fi,,,,,,,,,0.0,shopify,1,deny,manual,6.00,,true,true,,,,,38566906,,,,false,,,,,,,,,,,,,
the-omega-code-vhs,The Omega Code,,VHS,,,"Floor Sale, Sci-Fi",true,Genre,Sci-Fi,,,,,,,,,0.0,shopify,1,deny,manual,7.00,,true,true,,,,,38501370,,,,false,,,,,,,,,,,,,
precious-find-vhs,Precious Find,,VHS,,,"Floor Sale, Sci-Fi",true,Genre,Sci-Fi,,,,,,,,,0.0,shopify,1,deny,manual,5.00,,true,true,,,,,30178298,,,,false,,,,,,,,,,,,,
the-lords-of-magick-vhs,The Lords of Magick,,VHS,,,"Floor Sale, Sci-Fi",true,Genre,Sci-Fi,,,,,,,,,0.0,shopify,1,deny,manual,12.00,,true,true,,,,,30079994,,,,false,,,,,,,,,,,,,
kolobos-vhs,Kolobos,,VHS,,,"Floor Sale, Horror",true,Genre,Horror,,,,,,,,,0.0,shopify,1,deny,manual,6.00,,true,true,,,,,69518074,,,,false,,,,,,,,,,,,,
hangar-18-vhs,Hangar 18,,VHS,,,"Floor Sale, Sci-Fi",true,Genre,Sci-Fi,,,,,,,,,0.0,shopify,1,deny,manual,7.00,,true,true,,,,,59982586,,,,false,,,,,,,,,,,,,
the-medusa-touch-vhs,The Medusa Touch,,VHS,,,"Floor Sale, Horror",true,Genre,Horror,,,,,,,,,0.0,shopify,1,deny,manual,6.00,,true,true,,,,,59785978,,,,false,,,,,,,,,,,,,
the-27th-day-vhs,The 27th Day,,VHS,,,"Floor Sale, Sci-Fi",true,Genre,Sci-Fi,,,,,,,,,0.0,shopify,1,deny,manual,6.00,,true,true,,,,,51430138,,,,false,,,,,,,,,,,,,
dollman-vhs,Dollman,,VHS,,,"Floor Sale, Sci-Fi",true,Genre,Sci-Fi,,,,,,,,,0.0,shopify,1,deny,manual,8.00,,true,true,,,,,41370362,,,,false,,,,,,,,,,,,,
epoch-vhs,Epoch,,VHS,,,"Floor Sale, Sci-Fi",true,Genre,Sci-Fi,,,,,,,,,0.0,shopify,1,deny,manual,5.00,,true,true,,,,,41173754,,,,false,,,,,,,,,,,,,
crossworlds-vhs,Crossworlds,,VHS,,,"Floor Sale, Sci-Fi",true,Genre,Sci-Fi,,,,,,,,,0.0,shopify,1,deny,manual,5.00,,true,true,,,,,39928570,,,,false,,,,,,,,,,,,,
downdraft-vhs,Downdraft,,VHS,,,"Floor Sale, Sci-Fi",true,Genre,Sci-Fi,,,,,,,,,0.0,shopify,1,deny,manual,5.00,,true,true,,,,,39830266,,,,false,,,,,,,,,,,,,
the-st-francisville-experiment-vhs,The St. Francisville Experiment,,VHS,,,"Floor Sale, Thriller",true,Genre,Thriller,,,,,,,,,0.0,shopify,1,deny,manual,5.00,,true,true,,,,,31343354,,,,false,,,,,,,,,,,,,
the-outer-limits-demon-with-a-glass-hand-vhs,The Outer Limits: Demon with a Glass Hand,,VHS,,,"Floor Sale, Sci-Fi",true,Genre,Sci-Fi,,,,,,,,,0.0,shopify,1,deny,manual,6.00,,true,true,,,,,31212282,,,,false,,,,,,,,,,,,,
they-valley-of-gwangi-vhs,They Valley of Gwangi,,VHS,,,"Floor Sale, Sci-Fi",true,Genre,Sci-Fi,,,,,,,,,0.0,shopify,1,deny,manual,6.00,,true,true,,,,,22987514,,,,false,,,,,,,,,,,,,
destiny-to-order-vhs,Destiny to Order,,VHS,,,"Comedy, Floor Sale",true,Genre,Comedy,,,,,,,,,0.0,shopify,1,deny,manual,8.00,,true,true,,,,,21381882,,,,false,,,,,,,,,,,,,
soldier-vhs,Soldier,,VHS,,,"Floor Sale, Sci-Fi",true,Genre,Sci-Fi,,,,,,,,,0.0,shopify,1,deny,manual,5.00,,true,true,,,,,21250810,,,,false,,,,,,,,,,,,,
unknown-origin-vhs,Unknown Origin,,VHS,,,"Floor Sale, Sci-Fi",true,Genre,Sci-Fi,,,,,,,,,0.0,shopify,1,deny,manual,8.00,,true,true,,,,,12731130,,,,false,,,,,,,,,,,,,
the-thirteenth-floor-vhs,The Thirteenth Floor,,VHS,,,"Floor Sale, Sci-Fi",true,Genre,Sci-Fi,,,,,,,,,0.0,shopify,1,deny,manual,5.00,,true,true,,,,,11453178,,,,false,,,,,,,,,,,,,
total-reality-vhs,Total Reality,,VHS,,,"Floor Sale, Sci-Fi",true,Genre,Sci-Fi,,,,,,,,,0.0,shopify,1,deny,manual,6.00,,true,true,,,,,11191034,,,,false,,,,,,,,,,,,,
food-of-the-gods-part-2-vhs,Food of the Gods Part 2,,VHS,,,"Floor Sale, Horror",true,Genre,Horror,,,,,,,,,0.0,shopify,1,deny,manual,22.00,,true,true,,,,,31158010,,,,false,,,,,,,,,,,,,
new-eden-vhs,New Eden,,VHS,,,"Floor Sale, Sci-Fi",true,Genre,Sci-Fi,,,,,,,,,0.0,shopify,1,deny,manual,6.00,,true,true,,,,,31125242,,,,false,,,,,,,,,,,,,
star-trek-generations-vhs,Star Trek: Generations,,VHS,,,"Floor Sale, Sci-Fi",true,Genre,Sci-Fi,,,,,,,,,0.0,shopify,1,deny,manual,6.00,,true,true,,,,,22933242,,,,false,,,,,,,,,,,,,
starman-vhs,Starman,,VHS,,,"Floor Sale, Sci-Fi",true,Genre,Sci-Fi,,,,,,,,,0.0,shopify,1,deny,manual,7.00,,true,true,,,,,22900474,,,,false,,,,,,,,,,,,,
the-outer-limits-the-galaxy-being-vhs,The Outer Limits: The Galaxy Being,,VHS,,,"Floor Sale, Sci-Fi",true,Genre,Sci-Fi,,,,,,,,,0.0,shopify,1,deny,manual,6.00,,true,true,,,,,22867706,,,,false,,,,,,,,,,,,,
fantastic-voyage-vhs,Fantastic Voyage,,VHS,,,"Floor Sale, Sci-Fi",true,Genre,Sci-Fi,,,,,,,,,0.0,shopify,1,deny,manual,7.00,,true,true,,,,,22834938,,,,false,,,,,,,,,,,,,
the-companion-vhs,The Companion,,VHS,,,"Floor Sale, Sci-Fi",true,Genre,Sci-Fi,,,,,,,,,0.0,shopify,1,deny,manual,5.00,,true,true,,,,,22802170,,,,false,,,,,,,,,,,,,
dark-city-vhs,Dark City,,VHS,,,"Floor Sale, Sci-Fi",true,Genre,Sci-Fi,,,,,,,,,0.0,shopify,1,deny,manual,6.00,,true,true,,,,,14544634,,,,false,,,,,,,,,,,,,
lifepod-1993-vhs,Lifepod (1993),,VHS,,,"Floor Sale, Sci-Fi",true,Genre,Sci-Fi,,,,,,,,,0.0,shopify,1,deny,manual,8.00,,true,true,,,,,14511866,,,,false,,,,,,,,,,,,,
marooned-vhs,Marooned,,VHS,,,"Floor Sale, Sci-Fi",true,Genre,Sci-Fi,,,,,,,,,0.0,shopify,1,deny,manual,7.00,,true,true,,,,,06319866,,,,false,,,,,,,,,,,,,
shadow-of-the-vampire-vhs,Shadow of the Vampire,,VHS,,,"Floor Sale, Horror",true,Genre,Horror,,,,,,,,,0.0,shopify,1,deny,manual,6.00,,true,true,,,,,06287098,,,,false,,,,,,,,,,,,,
the-outer-limits-second-chance-vhs,The Outer Limits: Second Chance,,VHS,,,"Floor Sale, Sci-Fi",true,Genre,Sci-Fi,,,,,,,,,0.0,shopify,1,deny,manual,6.00,,true,true,,,,,06254330,,,,false,,,,,,,,,,,,,
mission-to-mars-vhs,Mission to Mars,,VHS,,,"Floor Sale, Sci-Fi",true,Genre,Sci-Fi,,,,,,,,,0.0,shopify,1,deny,manual,5.00,,true,true,,,,,98029562,,,,false,,,,,,,,,,,,,
space-marines-ruby-jean-and-joe-vhs,Space Marines / Ruby Jean and Joe,,VHS,,,"Floor Sale, Sci-Fi",true,Genre,Sci-Fi,,,,,,,,,0.0,shopify,1,deny,manual,6.00,,true,true,,,,,97996794,,,,false,,,,,,,,,,,,,
highlander-endgame-vhs,Highlander Endgame,,VHS,,,"Floor Sale, Sci-Fi",true,Genre,Sci-Fi,,,,,,,,,0.0,shopify,1,deny,manual,5.00,,true,true,,,,,97964026,,,,false,,,,,,,,,,,,,
sleepwalk-vhs,Sleepwalk,,VHS,,,"Drama, Floor Sale",true,Genre,Drama,,,,,,,,,0.0,shopify,1,deny,manual,12.00,,true,true,,,,,48857594,,,,false,,,,,,,,,,,,,
shopping-vhs,Shopping,,VHS,,,"Floor Sale, Thriller",true,Genre,Thriller,,,,,,,,,0.0,shopify,1,deny,manual,6.00,,true,true,,,,,48759290,,,,false,,,,,,,,,,,,,
born-romantic-vhs,Born Romantic,,VHS,,,"Floor Sale, Romantic Comedy",true,Genre,Romantic Comedy,,,,,,,,,0.0,shopify,1,deny,manual,6.00,,true,true,,,,,40567290,,,,false,,,,,,,,,,,,,
solitaire-for-2-vhs,Solitaire for  2,,VHS,,,"Floor Sale, Romantic Comedy",true,Genre,Romantic Comedy,,,,,,,,,0.0,shopify,1,deny,manual,6.00,,true,true,,,,,40534522,,,,false,,,,,,,,,,,,,
hugo-pool-vhs,Hugo Pool,,VHS,,,"Comedy, Floor Sale",true,Genre,Comedy,,,,,,,,,0.0,shopify,1,deny,manual,7.00,,true,true,,,,,40501754,,,,false,,,,,,,,,,,,,
no-tomorrow-vhs,No Tomorrow,,VHS,,,"Action, Floor Sale",true,Genre,Action,,,,,,,,,0.0,shopify,1,deny,manual,5.00,,true,true,,,,,40468986,,,,false,,,,,,,,,,,,,
nightbreaker-vhs,Nightbreaker,,VHS,,,"Action, Floor Sale",true,Genre,Action,,,,,,,,,0.0,shopify,1,deny,manual,5.00,,true,true,,,,,32276986,,,,false,,,,,,,,,,,,,
mission-galactica-the-cyclone-attack-vhs,Mission Galactica: The Cyclone Attack,,VHS,,,"Floor Sale, Sci-Fi",true,Genre,Sci-Fi,,,,,,,,,0.0,shopify,1,deny,manual,7.00,,true,true,,,,,32244218,,,,false,,,,,,,,,,,,,
three-kings-vhs,Three Kings,,VHS,,,"Action, Floor Sale",true,Genre,Action,,,,,,,,,0.0,shopify,1,deny,manual,5.00,,true,true,,,,,32211450,,,,false,,,,,,,,,,,,,
nightmare-in-the-sun-vhs,Nightmare in the Sun,,VHS,,,"Floor Sale, Horror",true,Genre,Horror,,,,,,,,,0.0,shopify,1,deny,manual,7.00,,true,true,,,,,23659002,,,,false,,,,,,,,,,,,,
kissing-jessica-stein-vhs,Kissing Jessica Stein,,VHS,,,"Comedy, Floor Sale",true,Genre,Comedy,,,,,,,,,0.0,shopify,1,deny,manual,5.00,,true,true,,,,,23593466,,,,false,,,,,,,,,,,,,
the-object-of-my-affection-vhs,The Object of My Affection,,VHS,,,"Floor Sale, Romantic Comedy",true,Genre,Romantic Comedy,,,,,,,,,0.0,shopify,1,deny,manual,5.00,,true,true,,,,,69215482,,,,false,,,,,,,,,,,,,
the-abyss-vhs,The Abyss,,VHS,,,"Floor Sale, Sci-Fi",true,Genre,Sci-Fi,,,,,,,,,0.0,shopify,1,deny,manual,8.00,,true,true,,,,,61023482,,,,false,,,,,,,,,,,,,
one-day-in-september-vhs,One Day In September,,VHS,,,"Documentary, Floor Sale",true,Genre,Documentary,,,,,,,,,0.0,shopify,1,deny,manual,6.00,,true,true,,,,,60990714,,,,false,,,,,,,,,,,,,
the-mexican-vhs,The Mexican,,VHS,,,"Floor Sale, Romantic Comedy",true,Genre,Romantic Comedy,,,,,,,,,0.0,shopify,1,deny,manual,5.00,,true,true,,,,,60957946,,,,false,,,,,,,,,,,,,
midnight-run-vhs,Midnight Run,,VHS,,,"Comedy, Floor Sale",true,Genre,Comedy,,,,,,,,,0.0,shopify,1,deny,manual,6.00,,true,true,,,,,60892410,,,,false,,,,,,,,,,,,,
some-folks-call-it-a-sling-blade-vhs,Some Folks Call it a Sling Blade,,VHS,,,"Drama, Floor Sale",true,Genre,Drama,,,,,,,,,0.0,shopify,1,deny,manual,22.00,,true,true,,,,,52667642,,,,false,,,,,,,,,,,,,
crazy-six-vhs,Crazy Six,,VHS,,,"Action, Floor Sale",true,Genre,Action,,,,,,,,,0.0,shopify,1,deny,manual,15.00,,true,true,,,,,44377338,,,,false,,,,,,,,,,,,,
sister-mary-explains-it-all-vhs,Sister Mary Explains it All,,VHS,,,"Comedy, Floor Sale",true,Genre,Comedy,,,,,,,,,0.0,shopify,1,deny,manual,6.00,,true,true,,,,,44344570,,,,false,,,,,,,,,,,,,
mortal-sins-vhs,Mortal Sins,,VHS,,,"Floor Sale, Thriller",true,Genre,Thriller,,,,,,,,,0.0,shopify,1,deny,manual,8.00,,true,true,,,,,36054266,,,,false,,,,,,,,,,,,,
the-second-civil-war-vhs,The Second Civil War,,VHS,,,"Comedy, Floor Sale",true,Genre,Comedy,,,,,,,,,0.0,shopify,1,deny,manual,5.00,,true,true,,,,,04772858,,,,false,,,,,,,,,,,,,
remains-of-the-day-vhs,Remains of the Day,,VHS,,,"Drama, Floor Sale",true,Genre,Drama,,,,,,,,,0.0,shopify,1,deny,manual,4.00,,true,true,,,,,04707322,,,,false,,,,,,,,,,,,,
scorpion-spring-vhs,Scorpion Spring,,VHS,,,"Action, Floor Sale",true,Genre,Action,,,,,,,,,0.0,shopify,1,deny,manual,5.00,,true,true,,,,,04674554,,,,false,,,,,,,,,,,,,
metroland-vhs,Metroland,,VHS,,,"Drama, Floor Sale",true,Genre,Drama,,,,,,,,,0.0,shopify,1,deny,manual,8.00,,true,true,,,,,04641786,,,,false,,,,,,,,,,,,,
miles-to-go-vhs,Miles to Go,,VHS,,,"Drama, Floor Sale",true,Genre,Drama,,,,,,,,,0.0,shopify,1,deny,manual,5.00,,true,true,,,,,04609018,,,,false,,,,,,,,,,,,,
the-loretta-claiborne-story-vhs,The Loretta Claiborne Story,,VHS,,,"Floor Sale, Kids & Family",true,Genre,Kids & Family,,,,,,,,,0.0,shopify,1,deny,manual,4.00,,true,true,,,,,04576250,,,,false,,,,,,,,,,,,,
out-kold-vhs,Out Kold,,VHS,,,"Action, Floor Sale",true,Genre,Action,,,,,,,,,0.0,shopify,1,deny,manual,8.00,,true,true,,,,,04543482,,,,false,,,,,,,,,,,,,
out-of-africa-vhs,Out of Africa,,VHS,,,"Drama, Floor Sale",true,Genre,Drama,,,,,,,,,0.0,shopify,1,deny,manual,5.00,,true,true,,,,,04477946,,,,false,,,,,,,,,,,,,
secrets-of-a-married-man-vhs,Secrets of a Married Man,,VHS,,,"Comedy, Floor Sale",true,Genre,Comedy,,,,,,,,,0.0,shopify,1,deny,manual,5.00,,true,true,,,,,04445178,,,,false,,,,,,,,,,,,,
miracles-vhs,Miracles,,VHS,,,"Comedy, Floor Sale",true,Genre,Comedy,,,,,,,,,0.0,shopify,1,deny,manual,5.00,,true,true,,,,,04412410,,,,false,,,,,,,,,,,,,
committed-vhs,Committed,,VHS,,,"Comedy, Floor Sale",true,Genre,Comedy,,,,,,,,,0.0,shopify,1,deny,manual,12.00,,true,true,,,,,98186490,,,,false,,,,,,,,,,,,,
pass-the-ammo-vhs,Pass The Ammo,,VHS,,,"Comedy, Floor Sale",true,Genre,Comedy,,,,,,,,,0.0,shopify,1,deny,manual,5.00,,true,true,,,,,98153722,,,,false,,,,,,,,,,,,,
hes-my-girl-vhs,He's My Girl,,VHS,,,"Comedy, Floor Sale",true,Genre,Comedy,,,,,,,,,0.0,shopify,1,deny,manual,8.00,,true,true,,,,,98120954,,,,false,,,,,,,,,,,,,
medusa-dare-to-be-truthful-vhs,Medusa Dare to be Truthful,,VHS,,,"Comedy, Floor Sale",true,Genre,Comedy,,,,,,,,,0.0,shopify,1,deny,manual,10.00,,true,true,,,,,98088186,,,,false,,,,,,,,,,,,,
house-calls-vhs,House Calls,,VHS,,,"Comedy, Floor Sale",true,Genre,Comedy,,,,,,,,,0.0,shopify,1,deny,manual,5.00,,true,true,,,,,98022650,,,,false,,,,,,,,,,,,,
mr-wrong-vhs,Mr. Wrong,,VHS,,,"Comedy, Floor Sale",true,Genre,Comedy,,,,,,,,,0.0,shopify,1,deny,manual,4.00,,true,true,,,,,97989882,,,,false,,,,,,,,,,,,,
please-dont-eat-the-daisies-vhs,Please Don't Eat The Daisies,,VHS,,,"Comedy, Floor Sale",true,Genre,Comedy,,,,,,,,,0.0,shopify,1,deny,manual,4.00,,true,true,,,,,97957114,,,,false,,,,,,,,,,,,,
another-chance-vhs,Another Chance,,VHS,,,"Comedy, Floor Sale",true,Genre,Comedy,,,,,,,,,0.0,shopify,1,deny,manual,8.00,,true,true,,,,,97924346,,,,false,,,,,,,,,,,,,
one-crazy-summer-vhs,One Crazy Summer,,VHS,,,"Comedy, Floor Sale",true,Genre,Comedy,,,,,,,,,0.0,shopify,1,deny,manual,7.00,,true,true,,,,,97694970,,,,false,,,,,,,,,,,,,
russkies-vhs,Russkies,,VHS,,,"Comedy, Floor Sale",true,Genre,Comedy,,,,,,,,,0.0,shopify,1,deny,manual,6.00,,true,true,,,,,97662202,,,,false,,,,,,,,,,,,,
a-fish-called-wanda-vhs,A Fish Called Wanda,,VHS,,,"Comedy, Floor Sale",true,Genre,Comedy,,,,,,,,,0.0,shopify,1,deny,manual,5.00,,true,true,,,,,97629434,,,,false,,,,,,,,,,,,,
stars-bars-vhs,Stars & Bars,,VHS,,,"Comedy, Floor Sale",true,Genre,Comedy,,,,,,,,,0.0,shopify,1,deny,manual,15.00,,true,true,,,,,97596666,,,,false,,,,,,,,,,,,,
casual-sex-vhs,Casual Sex?,,VHS,,,"Comedy, Floor Sale",true,Genre,Comedy,,,,,,,,,0.0,shopify,1,deny,manual,5.00,,true,true,,,,,97563898,,,,false,,,,,,,,,,,,,
younger-younger-vhs,Younger & Younger,,VHS,,,"Comedy, Floor Sale",true,Genre,Comedy,,,,,,,,,0.0,shopify,1,deny,manual,5.00,,true,true,,,,,97531130,,,,false,,,,,,,,,,,,,
and-god-created-woman-vhs,And God Created Woman,,VHS,,,"Comedy, Floor Sale",true,Genre,Comedy,,,,,,,,,0.0,shopify,1,deny,manual,5.00,,true,true,,,,,97498362,,,,false,,,,,,,,,,,,,
bhaji-on-the-beach-vhs,Bhaji on the Beach,,VHS,,,"Comedy, Floor Sale",true,Genre,Comedy,,,,,,,,,0.0,shopify,1,deny,manual,7.00,,true,true,,,,,97465594,,,,false,,,,,,,,,,,,,
beyond-therapy-vhs,Beyond Therapy,,VHS,,,"Comedy, Floor Sale",true,Genre,Comedy,,,,,,,,,0.0,shopify,1,deny,manual,6.00,,true,true,,,,,97432826,,,,false,,,,,,,,,,,,,
the-first-wives-club-vhs,The First Wives Club,,VHS,,,"Comedy, Floor Sale",true,Genre,Comedy,,,,,,,,,0.0,shopify,1,deny,manual,5.00,,true,true,,,,,97400058,,,,false,,,,,,,,,,,,,
an-everlasting-piece-vhs,An Everlasting Piece,,VHS,,,"Comedy, Floor Sale",true,Genre,Comedy,,,,,,,,,0.0,shopify,1,deny,manual,8.00,,true,true,,,,,97367290,,,,false,,,,,,,,,,,,,
bad-girls-vhs,Bad Girls,,VHS,,,"Comedy, Floor Sale",true,Genre,Comedy,,,,,,,,,0.0,shopify,1,deny,manual,5.00,,true,true,,,,,97334522,,,,false,,,,,,,,,,,,,
porkys-2-the-next-day-vhs,Porky's 2: The Next Day,,VHS,,,"Comedy, Floor Sale",true,Genre,Comedy,,,,,,,,,0.0,shopify,1,deny,manual,5.00,,true,true,,,,,97268986,,,,false,,,,,,,,,,,,,
my-chauffeur-vhs,My Chauffeur,,VHS,,,"Comedy, Floor Sale",true,Genre,Comedy,,,,,,,,,0.0,shopify,1,deny,manual,5.00,,true,true,,,,,97203450,,,,false,,,,,,,,,,,,,
the-gods-must-be-crazy-2-vhs,The Gods Must Be Crazy 2,,VHS,,,"Comedy, Floor Sale",true,Genre,Comedy,,,,,,,,,0.0,shopify,1,deny,manual,5.00,,true,true,,,,,97170682,,,,false,,,,,,,,,,,,,
wise-cracks-vhs,Wise Cracks,,VHS,,,"Comedy, Floor Sale",true,Genre,Comedy,,,,,,,,,0.0,shopify,1,deny,manual,5.00,,true,true,,,,,97137914,,,,false,,,,,,,,,,,,,
splash-vhs,Splash,,VHS,,,"Comedy, Floor Sale",true,Genre,Comedy,,,,,,,,,0.0,shopify,1,deny,manual,6.00,,true,true,,,,,97039610,,,,false,,,,,,,,,,,,,
kiss-toledo-goodbye-vhs,Kiss Toledo Goodbye,,VHS,,,"Comedy, Floor Sale",true,Genre,Comedy,,,,,,,,,0.0,shopify,1,deny,manual,4.00,,true,true,,,,,07189754,,,,false,,,,,,,,,,,,,
planes-train-and-automobiles-vhs,"Planes, Train and Automobiles",,VHS,,,"Comedy, Floor Sale",true,Genre,Comedy,,,,,,,,,0.0,shopify,1,deny,manual,7.00,,true,true,,,,,07156986,,,,false,,,,,,,,,,,,,
plain-clothes-vhs,Plain Clothes,,VHS,,,"Comedy, Floor Sale",true,Genre,Comedy,,,,,,,,,0.0,shopify,1,deny,manual,5.00,,true,true,,,,,07124218,,,,false,,,,,,,,,,,,,
meet-wally-sparks-vhs,Meet Wally Sparks,,VHS,,,"Comedy, Floor Sale",true,Genre,Comedy,,,,,,,,,0.0,shopify,1,deny,manual,8.00,,true,true,,,,,07058682,,,,false,,,,,,,,,,,,,
cousin-bette-vhs,Cousin Bette,,VHS,,,"Comedy, Floor Sale",true,Genre,Comedy,,,,,,,,,0.0,shopify,1,deny,manual,5.00,,true,true,,,,,07025914,,,,false,,,,,,,,,,,,,
rat-vhs,Rat,,VHS,,,"Comedy, Floor Sale",true,Genre,Comedy,,,,,,,,,0.0,shopify,1,deny,manual,5.00,,true,true,,,,,06993146,,,,false,,,,,,,,,,,,,
road-to-morocco-vhs,Road to Morocco,,VHS,,,"Comedy, Floor Sale",true,Genre,Comedy,,,,,,,,,0.0,shopify,1,deny,manual,5.00,,true,true,,,,,06960378,,,,false,,,,,,,,,,,,,
four-weddings-and-a-funeral-vhs,Four Weddings and a Funeral,,VHS,,,"Comedy, Floor Sale",true,Genre,Comedy,,,,,,,,,0.0,shopify,1,deny,manual,5.00,,true,true,,,,,06927610,,,,false,,,,,,,,,,,,,
kingpin-vhs,Kingpin,,VHS,,,"Comedy, Floor Sale",true,Genre,Comedy,,,,,,,,,0.0,shopify,1,deny,manual,5.00,,true,true,,,,,06894842,,,,false,,,,,,,,,,,,,
the-castle-vhs,The Castle,,VHS,,,"Comedy, Floor Sale",true,Genre,Comedy,,,,,,,,,0.0,shopify,1,deny,manual,5.00,,true,true,,,,,06862074,,,,false,,,,,,,,,,,,,
welcome-to-the-dollhouse-vhs,Welcome to the Dollhouse,,VHS,,,"Comedy, Floor Sale",true,Genre,Comedy,,,,,,,,,0.0,shopify,1,deny,manual,20.00,,true,true,,,,,06829306,,,,false,,,,,,,,,,,,,
jay-and-silent-bob-strike-back-vhs,Jay and Silent Bob Strike Back,,VHS,,,"Comedy, Floor Sale",true,Genre,Comedy,,,,,,,,,0.0,shopify,1,deny,manual,8.00,,true,true,,,,,06796538,,,,false,,,,,,,,,,,,,
four-jills-in-a-jeep-vhs,Four Jills in a Jeep,,VHS,,,"Floor Sale, Musical",true,Genre,Musical,,,,,,,,,0.0,shopify,1,deny,manual,5.00,,true,true,,,,,94180858,,,,false,,,,,,,,,,,,,
forces-of-nature-vhs,Forces of Nature,,VHS,,,"Floor Sale, Romantic Comedy",true,Genre,Romantic Comedy,,,,,,,,,0.0,shopify,1,deny,manual,5.00,,true,true,,,,,94148090,,,,false,,,,,,,,,,,,,
whoopie-goldberg-fontaine-why-am-i-straight-vhs,Whoopie Goldberg: Fontaine Why Am I Straight?,,VHS,,,"Comedy, Floor Sale",true,Genre,Comedy,,,,,,,,,0.0,shopify,1,deny,manual,4.00,,true,true,,,,,94049786,,,,false,,,,,,,,,,,,,
the-pick-up-artist-vhs,The Pick-Up Artist,,VHS,,,"Comedy, Floor Sale",true,Genre,Comedy,,,,,,,,,0.0,shopify,1,deny,manual,6.00,,true,true,,,,,93951482,,,,false,,,,,,,,,,,,,
kingdom-come-vhs,Kingdom Come,,VHS,,,"Comedy, Floor Sale",true,Genre,Comedy,,,,,,,,,0.0,shopify,1,deny,manual,5.00,,true,true,,,,,93918714,,,,false,,,,,,,,,,,,,
the-pink-chiquitas-vhs,The Pink Chiquitas,,VHS,,,"Comedy, Floor Sale",true,Genre,Comedy,,,,,,,,,0.0,shopify,1,deny,manual,5.00,,true,true,,,,,93885946,,,,false,,,,,,,,,,,,,
father-and-scout-vhs,Father And Scout,,VHS,,,"Floor Sale, Kids & Family",true,Genre,Kids & Family,,,,,,,,,0.0,shopify,1,deny,manual,4.00,,true,true,,,,,93853178,,,,false,,,,,,,,,,,,,
joe-somebody-vhs,Joe Somebody,,VHS,,,"Floor Sale, Kids & Family",true,Genre,Kids & Family,,,,,,,,,0.0,shopify,1,deny,manual,4.00,,true,true,,,,,93820410,,,,false,,,,,,,,,,,,,
glory-daze-vhs,Glory Daze,,VHS,,,"Comedy, Floor Sale",true,Genre,Comedy,,,,,,,,,0.0,shopify,1,deny,manual,7.00,,true,true,,,,,93787642,,,,false,,,,,,,,,,,,,
playing-mona-lisa-vhs,Playing Mona Lisa,,VHS,,,"Comedy, Floor Sale",true,Genre,Comedy,,,,,,,,,0.0,shopify,1,deny,manual,5.00,,true,true,,,,,93722106,,,,false,,,,,,,,,,,,,
polish-wedding-vhs,Polish Wedding,,VHS,,,"Comedy, Floor Sale",true,Genre,Comedy,,,,,,,,,0.0,shopify,1,deny,manual,4.00,,true,true,,,,,93656570,,,,false,,,,,,,,,,,,,
patti-rocks-vhs,Patti Rocks,,VHS,,,"Comedy, Floor Sale",true,Genre,Comedy,,,,,,,,,0.0,shopify,1,deny,manual,10.00,,true,true,,,,,93623802,,,,false,,,,,,,,,,,,,
go-fish-vhs,Go Fish,,VHS,,,"Comedy, Floor Sale",true,Genre,Comedy,,,,,,,,,0.0,shopify,1,deny,manual,7.00,,true,true,,,,,93558266,,,,false,,,,,,,,,,,,,
folks-vhs,Folks,,VHS,,,"Comedy, Floor Sale",true,Genre,Comedy,,,,,,,,,0.0,shopify,1,deny,manual,4.00,,true,true,,,,,93525498,,,,false,,,,,,,,,,,,,
see-spot-run-vhs,See Spot Run,,VHS,,,"Floor Sale, Kids & Family",true,Genre,Kids & Family,,,,,,,,,0.0,shopify,1,deny,manual,4.00,,true,true,,,,,93361658,,,,false,,,,,,,,,,,,,
superstar-vhs,Superstar,,VHS,,,"Comedy, Floor Sale",true,Genre,Comedy,,,,,,,,,0.0,shopify,1,deny,manual,6.00,,true,true,,,,,93328890,,,,false,,,,,,,,,,,,,
the-players-club-vhs,The Players Club,,VHS,,,"Comedy, Floor Sale",true,Genre,Comedy,,,,,,,,,0.0,shopify,1,deny,manual,12.00,,true,true,,,,,75109882,,,,false,,,,,,,,,,,,,
grand-theft-auto-vhs,Grand Theft Auto,,VHS,,,"Comedy, Floor Sale",true,Genre,Comedy,,,,,,,,,0.0,shopify,1,deny,manual,11.00,,true,true,,,,,75077114,,,,false,,,,,,,,,,,,,
madhouse-vhs,Madhouse,,VHS,,,"Comedy, Floor Sale",true,Genre,Comedy,,,,,,,,,0.0,shopify,1,deny,manual,6.00,,true,true,,,,,75044346,,,,false,,,,,,,,,,,,,
pure-luck-vhs,Pure Luck,,VHS,,,"Comedy, Floor Sale",true,Genre,Comedy,,,,,,,,,0.0,shopify,1,deny,manual,5.00,,true,true,,,,,74978810,,,,false,,,,,,,,,,,,,
radioland-murders-vhs,Radioland Murders,,VHS,,,"Comedy, Floor Sale",true,Genre,Comedy,,,,,,,,,0.0,shopify,1,deny,manual,5.00,,true,true,,,,,74946042,,,,false,,,,,,,,,,,,,
high-school-high-vhs,High School High,,VHS,,,"Comedy, Floor Sale",true,Genre,Comedy,,,,,,,,,0.0,shopify,1,deny,manual,7.00,,true,true,,,,,74913274,,,,false,,,,,,,,,,,,,
does-this-mean-were-married-vhs,Does This Mean We're Married,,VHS,,,"Comedy, Floor Sale",true,Genre,Comedy,,,,,,,,,0.0,shopify,1,deny,manual,7.00,,true,true,,,,,74880506,,,,false,,,,,,,,,,,,,
quiet-days-in-hollywood-vhs,Quiet Days in Hollywood,,VHS,,,"Comedy, Floor Sale",true,Genre,Comedy,,,,,,,,,0.0,shopify,1,deny,manual,5.00,,true,true,,,,,74814970,,,,false,,,,,,,,,,,,,
wet-hot-american-summer-vhs,Wet Hot American Summer,,VHS,,,"Comedy, Floor Sale",true,Genre,Comedy,,,,,,,,,0.0,shopify,1,deny,manual,30.00,,true,true,,,,,74782202,,,,false,,,,,,,,,,,,,
home-for-the-holidays-vhs,Home for the Holidays,,VHS,,,"Comedy, Floor Sale",true,Genre,Comedy,,,,,,,,,0.0,shopify,1,deny,manual,5.00,,true,true,,,,,74716666,,,,false,,,,,,,,,,,,,
the-maid-vhs,The Maid,,VHS,,,"Comedy, Floor Sale",true,Genre,Comedy,,,,,,,,,0.0,shopify,1,deny,manual,5.00,,true,true,,,,,74651130,,,,false,,,,,,,,,,,,,
goofballs-vhs,Goofballs,,VHS,,,"Comedy, Floor Sale",true,Genre,Comedy,,,,,,,,,0.0,shopify,1,deny,manual,18.00,,true,true,,,,,74585594,,,,false,,,,,,,,,,,,,
jack-sarah-vhs,Jack & Sarah,,VHS,,,"Comedy, Floor Sale",true,Genre,Comedy,,,,,,,,,0.0,shopify,1,deny,manual,7.00,,true,true,,,,,74520058,,,,false,,,,,,,,,,,,,
richard-pryor-live-on-the-sunset-strip-vhs,Richard Pryor: Live on the Sunset Strip,,VHS,,,"Comedy, Floor Sale",true,Genre,Comedy,,,,,,,,,0.0,shopify,1,deny,manual,7.00,,true,true,,,,,74487290,,,,false,,,,,,,,,,,,,
napoleon-dynomite-vhs,Napoleon Dynomite,,VHS,,,"Comedy, Floor Sale",true,Genre,Comedy,,,,,,,,,0.0,shopify,1,deny,manual,40.00,,true,true,,,,,74454522,,,,false,,,,,,,,,,,,,
forget-paris-vhs,Forget Paris,,VHS,,,"Comedy, Floor Sale",true,Genre,Comedy,,,,,,,,,0.0,shopify,1,deny,manual,4.00,,true,true,,,,,74388986,,,,false,,,,,,,,,,,,,
fantasia-vhs,Fantasia,,VHS,,,"Floor Sale, Kids & Family",true,Genre,Kids & Family,,,,,,,,,0.0,shopify,1,deny,manual,7.00,,true,true,,,,,56759802,,,,false,,,,,,,,,,,,,
heart-and-souls-vhs,Heart and Souls,,VHS,Uncategorized,,"Comedy, Floor Sale",true,Genre,Comedy,,,,,,,,,0.0,shopify,2,deny,manual,5.00,,true,true,,,,,56727034,,,,false,,,,,,,,,,,,,
monty-python-and-the-holy-grail-vhs,Monty Python and the Holy Grail,,VHS,,,"Comedy, Floor Sale",true,Genre,Comedy,,,,,,,,,0.0,shopify,1,deny,manual,5.00,,true,true,,,,,56694266,,,,false,,,,,,,,,,,,,
the-seventh-floor-vhs,The Seventh Floor,,VHS,,,"Floor Sale, Thriller",true,Genre,Thriller,,,,,,,,,0.0,shopify,1,deny,manual,8.00,,true,true,,,,,56661498,,,,false,,,,,,,,,,,,,
red-rock-west-vhs,Red Rock West,,VHS,,,"Floor Sale, Thriller",true,Genre,Thriller,,,,,,,,,0.0,shopify,1,deny,manual,8.00,,true,true,,,,,56628730,,,,false,,,,,,,,,,,,,
severance-vhs,Severance,,VHS,,,"Drama, Floor Sale",true,Genre,Drama,,,,,,,,,0.0,shopify,1,deny,manual,5.00,,true,true,,,,,56595962,,,,false,,,,,,,,,,,,,
madeline-lose-in-paris-vhs,Madeline Lose in Paris,,VHS,,,"Floor Sale, Kids & Family",true,Genre,Kids & Family,,,,,,,,,0.0,shopify,1,deny,manual,6.00,,true,true,,,,,56563194,,,,false,,,,,,,,,,,,,
spy-kids-vhs,Spy Kids,,VHS,,,"Floor Sale, Kids & Family",true,Genre,Kids & Family,,,,,,,,,0.0,shopify,1,deny,manual,6.00,,true,true,,,,,56530426,,,,false,,,,,,,,,,,,,
mother-vhs,Mother,,VHS,,,"Comedy, Floor Sale",true,Genre,Comedy,,,,,,,,,0.0,shopify,1,deny,manual,5.00,,true,true,,,,,56464890,,,,false,,,,,,,,,,,,,
mindwalk-vhs,MindWalk,,VHS,,,"Drama, Floor Sale",true,Genre,Drama,,,,,,,,,0.0,shopify,1,deny,manual,7.00,,true,true,,,,,56366586,,,,false,,,,,,,,,,,,,
indiana-jones-and-the-last-crusade-vhs,Indiana Jones and the Last Crusade,,VHS,,,"Action, Floor Sale",true,Genre,Action,,,,,,,,,0.0,shopify,1,deny,manual,6.00,,true,true,,,,,56333818,,,,false,,,,,,,,,,,,,
sonny-cher-in-good-times-vhs,Sonny & Cher in Good Times,,VHS,,,"Floor Sale, Musical",true,Genre,Musical,,,,,,,,,0.0,shopify,1,deny,manual,13.00,,true,true,,,,,56301050,,,,false,,,,,,,,,,,,,
smashing-pumpkins-vieuphoria-vhs,Smashing Pumpkins Vieuphoria,,VHS,,,"Floor Sale, Musical",true,Genre,Musical,,,,,,,,,0.0,shopify,1,deny,manual,20.00,,true,true,,,,,87095034,,,,false,,,,,,,,,,,,,
friday-vhs,Friday,,VHS,,,"Comedy, Floor Sale",true,Genre,Comedy,,,,,,,,,0.0,shopify,1,deny,manual,8.00,,true,true,,,,,87062266,,,,false,,,,,,,,,,,,,
philadelphia-sports-follies-vhs,Philadelphia Sports Follies,,VHS,,,"Floor Sale, Special Interest",true,Genre,Special Interest,,,,,,,,,0.0,shopify,1,deny,manual,19.00,,true,true,,,,,87029498,,,,false,,,,,,,,,,,,,
living-it-up-english-dubbed-vhs,Living It Up (English Dubbed),,VHS,,,"Comedy, Floor Sale",true,Genre,Comedy,,,,,,,,,0.0,shopify,1,deny,manual,6.00,,true,true,,,,,86996730,,,,false,,,,,,,,,,,,,
secret-honor-vhs,Secret Honor,,VHS,,,"Comedy, Floor Sale",true,Genre,Comedy,,,,,,,,,0.0,shopify,1,deny,manual,10.00,,true,true,,,,,86963962,,,,false,,,,,,,,,,,,,
the-player-vhs,The Player,,VHS,,,"Comedy, Floor Sale",true,Genre,Comedy,,,,,,,,,0.0,shopify,1,deny,manual,6.00,,true,true,,,,,86931194,,,,false,,,,,,,,,,,,,
full-eclipse-vhs,Full Eclipse,,VHS,,,"Action, Floor Sale",true,Genre,Action,,,,,,,,,0.0,shopify,1,deny,manual,11.00,,true,true,,,,,86898426,,,,false,,,,,,,,,,,,,
3-ninjas-high-noon-at-mega-mountain-vhs,3 Ninjas High Noon At Mega Mountain,,VHS,,,"Floor Sale, Kids & Family",true,Genre,Kids & Family,,,,,,,,,0.0,shopify,1,deny,manual,7.00,,true,true,,,,,86865658,,,,false,,,,,,,,,,,,,
edward-scissorhands-vhs,Edward Scissorhands,,VHS,,,"Drama, Floor Sale",true,Genre,Drama,,,,,,,,,0.0,shopify,1,deny,manual,8.00,,true,true,,,,,86832890,,,,false,,,,,,,,,,,,,
simply-mad-about-the-mouse-vhs,Simply Mad About The Mouse,,VHS,,,"Floor Sale, Musical",true,Genre,Musical,,,,,,,,,0.0,shopify,1,deny,manual,8.00,,true,true,,,,,86800122,,,,false,,,,,,,,,,,,,
going-bananas-vhs,Going Bananas,,VHS,,,"Comedy, Floor Sale",true,Genre,Comedy,,,,,,,,,0.0,shopify,1,deny,manual,6.00,,true,true,,,,,86767354,,,,false,,,,,,,,,,,,,
thirteen-vhs,Thirteen,,VHS,,,"Drama, Floor Sale",true,Genre,Drama,,,,,,,,,0.0,shopify,1,deny,manual,18.00,,true,true,,,,,86734586,,,,false,,,,,,,,,,,,,
the-king-of-comedy-vhs,The King of Comedy,,VHS,,,"Drama, Floor Sale",true,Genre,Drama,,,,,,,,,0.0,shopify,1,deny,manual,14.00,,true,true,,,,,86701818,,,,false,,,,,,,,,,,,,
the-way-of-the-gun-vhs,The Way of the Gun,,VHS,,,"Action, Floor Sale",true,Genre,Action,,,,,,,,,0.0,shopify,1,deny,manual,5.00,,true,true,,,,,86669050,,,,false,,,,,,,,,,,,,
road-trip-vhs,Road Trip,,VHS,,,"Comedy, Floor Sale",true,Genre,Comedy,,,,,,,,,0.0,shopify,1,deny,manual,6.00,,true,true,,,,,86636282,,,,false,,,,,,,,,,,,,
mindfield-vhs,Mindfield,,VHS,,,"Action, Floor Sale",true,Genre,Action,,,,,,,,,0.0,shopify,1,deny,manual,10.00,,true,true,,,,,86570746,,,,false,,,,,,,,,,,,,
dogma-vhs,Dogma,,VHS,,,"Comedy, Floor Sale",true,Genre,Comedy,,,,,,,,,0.0,shopify,1,deny,manual,8.00,,true,true,,,,,86505210,,,,false,,,,,,,,,,,,,
traffic-vhs,Traffic,,VHS,,,"Drama, Floor Sale",true,Genre,Drama,,,,,,,,,0.0,shopify,1,deny,manual,6.00,,true,true,,,,,86472442,,,,false,,,,,,,,,,,,,
fingers-vhs,Fingers,,VHS,,,"Drama, Floor Sale",true,Genre,Drama,,,,,,,,,0.0,shopify,1,deny,manual,6.00,,true,true,,,,,86439674,,,,false,,,,,,,,,,,,,
bad-lieutenant-vhs,Bad Lieutenant,,VHS,,,"Drama, Floor Sale",true,Genre,Drama,,,,,,,,,0.0,shopify,1,deny,manual,10.00,,true,true,,,,,86406906,,,,false,,,,,,,,,,,,,
dont-tell-mom-the-babysitters-dead-vhs,Don't Tell Mom The Babysitter's Dead,,VHS,Uncategorized,,"Comedy, Floor Sale",true,Genre,Comedy,,,,,,,,,0.0,shopify,2,deny,manual,18.00,,true,true,,,,,86374138,,,,false,,,,,,,,,,,,,
days-of-thunder-vhs,Days of Thunder,,VHS,,,"Action, Floor Sale",true,Genre,Action,,,,,,,,,0.0,shopify,1,deny,manual,5.00,,true,true,,,,,86341370,,,,false,,,,,,,,,,,,,
run-lola-run-english-dub-vhs,Run Lola Run (English Dub),,VHS,,,"Action, Floor Sale",true,Genre,Action,,,,,,,,,0.0,shopify,1,deny,manual,9.00,,true,true,,,,,59504378,,,,false,,,,,,,,,,,,,
forbidden-planet-vhs,Forbidden Planet,,VHS,,,"Floor Sale, Sci-Fi",true,Genre,Sci-Fi,,,,,,,,,0.0,shopify,1,deny,manual,7.00,,true,true,,,,,59471610,,,,false,,,,,,,,,,,,,
party-monster-vhs,Party Monster,,VHS,,,"Comedy, Floor Sale",true,Genre,Comedy,,,,,,,,,0.0,shopify,1,deny,manual,19.00,,true,true,,,,,59438842,,,,false,,,,,,,,,,,,,
lawrence-of-arabia-vhs,Lawrence of Arabia,,VHS,,,"Drama, Floor Sale",true,Genre,Drama,,,,,,,,,0.0,shopify,1,deny,manual,7.00,,true,true,,,,,59406074,,,,false,,,,,,,,,,,,,
the-mummy-vhs,The Mummy,,VHS,,,"Action, Floor Sale",true,Genre,Action,,,,,,,,,0.0,shopify,1,deny,manual,5.00,,true,true,,,,,59373306,,,,false,,,,,,,,,,,,,
the-rundown-vhs,The Rundown,,VHS,,,"Action, Floor Sale",true,Genre,Action,,,,,,,,,0.0,shopify,1,deny,manual,5.00,,true,true,,,,,59340538,,,,false,,,,,,,,,,,,,
new-fist-of-fury-vhs,New Fist of Fury,,VHS,,,"Action, Floor Sale",true,Genre,Action,,,,,,,,,0.0,shopify,1,deny,manual,20.00,,true,true,,,,,59275002,,,,false,,,,,,,,,,,,,
late-marriage-vhs,Late Marriage,,VHS,,,"Floor Sale, Foreign",true,Genre,Foreign,,,,,,,,,0.0,shopify,1,deny,manual,17.00,,true,true,,,,,59143930,,,,false,,,,,,,,,,,,,
maximum-overdrive-vhs,Maximum Overdrive,,VHS,,,"Action, Floor Sale",true,Genre,Action,,,,,,,,,0.0,shopify,1,deny,manual,12.00,,true,true,,,,,59111162,,,,false,,,,,,,,,,,,,
mean-streets-vhs,Mean Streets,,VHS,,,"Drama, Floor Sale",true,Genre,Drama,,,,,,,,,0.0,shopify,1,deny,manual,11.00,,true,true,,,,,59045626,,,,false,,,,,,,,,,,,,
big-girls-dont-cry-vhs,Big Girls Don't Cry,,VHS,,,"Comedy, Floor Sale",true,Genre,Comedy,,,,,,,,,0.0,shopify,1,deny,manual,20.00,,true,true,,,,,58914554,,,,false,,,,,,,,,,,,,
living-on-tokyo-time-vhs,Living On Tokyo Time,,VHS,,,"Floor Sale, Foreign",true,Genre,Foreign,,,,,,,,,0.0,shopify,1,deny,manual,11.00,,true,true,,,,,58881786,,,,false,,,,,,,,,,,,,
unlawful-entry-vhs,Unlawful Entry,,VHS,,,"Floor Sale, Thriller",true,Genre,Thriller,,,,,,,,,0.0,shopify,1,deny,manual,5.00,,true,true,,,,,58849018,,,,false,,,,,,,,,,,,,
theodore-rex-vhs,Theodore Rex,,VHS,,,"Comedy, Floor Sale",true,Genre,Comedy,,,,,,,,,0.0,shopify,1,deny,manual,10.00,,true,true,,,,,58750714,,,,false,,,,,,,,,,,,,
gia-vhs,Gia,,VHS,,,"Drama, Floor Sale",true,Genre,Drama,,,,,,,,,0.0,shopify,1,deny,manual,7.00,,true,true,,,,,58717946,,,,false,,,,,,,,,,,,,
single-white-female-vhs,Single White Female,,VHS,,,"Floor Sale, Thriller",true,Genre,Thriller,,,,,,,,,0.0,shopify,1,deny,manual,6.00,,true,true,,,,,08255226,,,,false,,,,,,,,,,,,,
city-limits-vhs,City Limits,,VHS,,,"Floor Sale, Sci-Fi",true,Genre,Sci-Fi,,,,,,,,,0.0,shopify,1,deny,manual,8.00,,true,true,,,,,08189690,,,,false,,,,,,,,,,,,,
the-others-vhs,The Others,,VHS,,,"Floor Sale, Horror",true,Genre,Horror,,,,,,,,,0.0,shopify,1,deny,manual,4.00,,true,true,,,,,08156922,,,,false,,,,,,,,,,,,,
the-cell-vhs,The Cell,,VHS,Uncategorized,,"Floor Sale, Horror",true,Genre,Horror,,,,,,,,,0.0,shopify,2,deny,manual,4.00,,true,true,,,,,08124154,,,,false,,,,,,,,,,,,,
paris-burning-vhs,Paris Burning,,VHS,,,"Documentary, Floor Sale",true,Genre,Documentary,,,,,,,,,0.0,shopify,1,deny,manual,22.00,,true,true,,,,,08091386,,,,false,,,,,,,,,,,,,
resevoir-dogs-vhs,Resevoir Dogs,,VHS,,,"Action, Floor Sale",true,Genre,Action,,,,,,,,,0.0,shopify,1,deny,manual,6.00,,true,true,,,,,08025850,,,,false,,,,,,,,,,,,,
after-hours-vhs,After Hours,,VHS,,,"Comedy, Floor Sale",true,Genre,Comedy,,,,,,,,,0.0,shopify,1,deny,manual,8.00,,true,true,,,,,07993082,,,,false,,,,,,,,,,,,,
chairman-of-the-board-vhs,Chairman of the Board,,VHS,,,"Comedy, Floor Sale",true,Genre,Comedy,,,,,,,,,0.0,shopify,1,deny,manual,7.00,,true,true,,,,,07927546,,,,false,,,,,,,,,,,,,
the-caged-heart-vhs,The Caged Heart,,VHS,,,"Floor Sale, Thriller",true,Genre,Thriller,,,,,,,,,0.0,shopify,1,deny,manual,6.00,,true,true,,,,,07894778,,,,false,,,,,,,,,,,,,
star-hunter-vhs,Star Hunter,,VHS,,,"Floor Sale, Sci-Fi",true,Genre,Sci-Fi,,,,,,,,,0.0,shopify,1,deny,manual,7.00,,true,true,,,,,07862010,,,,false,,,,,,,,,,,,,
wild-things-vhs,Wild Things,,VHS,,,"Floor Sale, Thriller",true,Genre,Thriller,,,,,,,,,0.0,shopify,1,deny,manual,7.00,,true,true,,,,,07829242,,,,false,,,,,,,,,,,,,
city-of-angels-vhs,City of Angels,,VHS,,,"Drama, Floor Sale",true,Genre,Drama,,,,,,,,,0.0,shopify,1,deny,manual,5.00,,true,true,,,,,07763706,,,,false,,,,,,,,,,,,,
clifford-vhs,Clifford,,VHS,,,"Comedy, Floor Sale",true,Genre,Comedy,,,,,,,,,0.0,shopify,1,deny,manual,8.00,,true,true,,,,,07698170,,,,false,,,,,,,,,,,,,
the-time-machine-vhs,The Time Machine,,VHS,,,"Action, Floor Sale",true,Genre,Action,,,,,,,,,0.0,shopify,1,deny,manual,4.00,,true,true,,,,,07665402,,,,false,,,,,,,,,,,,,
signs-vhs,Signs,,VHS,,,"Floor Sale, Sci-Fi",true,Genre,Sci-Fi,,,,,,,,,0.0,shopify,1,deny,manual,6.00,,true,true,,,,,07632634,,,,false,,,,,,,,,,,,,
species-vhs,Species,,VHS,,,"Floor Sale, Sci-Fi",true,Genre,Sci-Fi,,,,,,,,,0.0,shopify,1,deny,manual,6.00,,true,true,,,,,07599866,,,,false,,,,,,,,,,,,,
lost-in-translation-vhs,Lost in Translation,,VHS,,,"Comedy, Floor Sale",true,Genre,Comedy,,,,,,,,,0.0,shopify,1,deny,manual,5.00,,true,true,,,,,07567098,,,,false,,,,,,,,,,,,,
a-far-off-place-vhs,A Far Off Place,,VHS,,,"Action, Floor Sale",true,Genre,Action,,,,,,,,,0.0,shopify,1,deny,manual,5.00,,true,true,,,,,07534330,,,,false,,,,,,,,,,,,,
cyborg-soldier-vhs,Cyborg Soldier,,VHS,,,"Floor Sale, Sci-Fi",true,Genre,Sci-Fi,,,,,,,,,0.0,shopify,1,deny,manual,10.00,,true,true,,,,,07501562,,,,false,,,,,,,,,,,,,
sorority-babes-vhs,Sorority Babes,,VHS,,,"Floor Sale, Horror",true,Genre,Horror,,,,,,,,,0.0,shopify,1,deny,manual,28.00,,true,true,,,,,96385274,,,,false,,,,,,,,,,,,,
the-rock-vhs,The Rock,,VHS,,,"Floor Sale, Thriller",true,Genre,Thriller,,,,,,,,,0.0,shopify,1,deny,manual,4.00,,true,true,,,,,96352506,,,,false,,,,,,,,,,,,,
malice-vhs,Malice,,VHS,,,"Floor Sale, Thriller",true,Genre,Thriller,,,,,,,,,0.0,shopify,1,deny,manual,4.00,,true,true,,,,,96319738,,,,false,,,,,,,,,,,,,
career-opportunities-vhs,Career Opportunities,,VHS,,,"Comedy, Floor Sale",true,Genre,Comedy,,,,,,,,,0.0,shopify,1,deny,manual,7.00,,true,true,,,,,96254202,,,,false,,,,,,,,,,,,,
american-kickboxer-1-vhs,American Kickboxer 1,,VHS,,,"Action, Floor Sale",true,Genre,Action,,,,,,,,,0.0,shopify,1,deny,manual,5.00,,true,true,,,,,96221434,,,,false,,,,,,,,,,,,,
titanic-vhs,Titanic,,VHS,,,"Drama, Floor Sale",true,Genre,Drama,,,,,,,,,0.0,shopify,1,deny,manual,8.00,,true,true,,,,,96155898,,,,false,,,,,,,,,,,,,
theres-something-about-mary-vhs,There's Something About Mary,,VHS,Uncategorized,,"Comedy, Floor Sale",true,Genre,Comedy,,,,,,,,,0.0,shopify,2,deny,manual,5.00,,true,true,,,,,96123130,,,,false,,,,,,,,,,,,,
clue-vhs,Clue,,VHS,,,"Comedy, Floor Sale",true,Genre,Comedy,,,,,,,,,0.0,shopify,1,deny,manual,12.00,,true,true,,,,,96090362,,,,false,,,,,,,,,,,,,
clueless-vhs,Clueless,,VHS,,,"Comedy, Floor Sale",true,Genre,Comedy,,,,,,,,,0.0,shopify,1,deny,manual,6.00,,true,true,,,,,96057594,,,,false,,,,,,,,,,,,,
spice-world-vhs,Spice World,,VHS,,,"Comedy, Floor Sale",true,Genre,Comedy,,,,,,,,,0.0,shopify,1,deny,manual,10.00,,true,true,,,,,96024826,,,,false,,,,,,,,,,,,,
lost-in-yonkers-vhs,Lost in Yonkers,,VHS,,,"Comedy, Floor Sale",true,Genre,Comedy,,,,,,,,,0.0,shopify,1,deny,manual,5.00,,true,true,,,,,95959290,,,,false,,,,,,,,,,,,,
gone-fishin-vhs,Gone Fishin',,VHS,,,"Comedy, Floor Sale",true,Genre,Comedy,,,,,,,,,0.0,shopify,1,deny,manual,4.00,,true,true,,,,,95893754,,,,false,,,,,,,,,,,,,
phat-beach-vhs,Phat Beach,,VHS,,,"Comedy, Floor Sale",true,Genre,Comedy,,,,,,,,,0.0,shopify,1,deny,manual,7.00,,true,true,,,,,95860986,,,,false,,,,,,,,,,,,,
the-muse-vhs,The Muse,,VHS,,,"Comedy, Floor Sale",true,Genre,Comedy,,,,,,,,,0.0,shopify,1,deny,manual,4.00,,true,true,,,,,95828218,,,,false,,,,,,,,,,,,,
livin-tha-life-vhs,Livin' Tha Life,,VHS,,,"Comedy, Floor Sale",true,Genre,Comedy,,,,,,,,,0.0,shopify,1,deny,manual,5.00,,true,true,,,,,95795450,,,,false,,,,,,,,,,,,,
pootie-tang-vhs,Pootie Tang,,VHS,,,"Comedy, Floor Sale",true,Genre,Comedy,,,,,,,,,0.0,shopify,1,deny,manual,12.00,,true,true,,,,,95762682,,,,false,,,,,,,,,,,,,
curse-of-the-pink-panther-vhs,Curse of the Pink Panther,,VHS,,,"Floor Sale, Kids & Family",true,Genre,Kids & Family,,,,,,,,,0.0,shopify,1,deny,manual,8.00,,true,true,,,,,35109114,,,,false,,,,,,,,,,,,,
like-mike-vhs,Like Mike,,VHS,,,"Floor Sale, Kids & Family",true,Genre,Kids & Family,,,,,,,,,0.0,shopify,1,deny,manual,4.00,,true,true,,,,,35010810,,,,false,,,,,,,,,,,,,
it-takes-two-vhs,It Takes Two,,VHS,,,"Floor Sale, Kids & Family",true,Genre,Kids & Family,,,,,,,,,0.0,shopify,1,deny,manual,4.00,,true,true,,,,,34945274,,,,false,,,,,,,,,,,,,
kid-cop-vhs,Kid Cop,,VHS,,,"Floor Sale, Kids & Family",true,Genre,Kids & Family,,,,,,,,,0.0,shopify,1,deny,manual,5.00,,true,true,,,,,34879738,,,,false,,,,,,,,,,,,,
sand-diego-zoo-its-a-wild-life-vhs,San Diego Zoo: It's a Wild Life,,VHS,Uncategorized,,"Floor Sale, Kids & Family",true,Genre,Kids & Family,,,,,,,,,0.0,shopify,1,deny,manual,4.00,,true,true,,,,,34814202,,,,false,,,,,,,,,,,,,
the-other-side-of-heaven-vhs,The Other Side of Heaven,,VHS,,,"Floor Sale, Kids & Family",true,Genre,Kids & Family,,,,,,,,,0.0,shopify,1,deny,manual,4.00,,true,true,,,,,34748666,,,,false,,,,,,,,,,,,,
the-parent-trap-1961-vhs,The Parent Trap (1961),,VHS,,,"Floor Sale, Kids & Family",true,Genre,Kids & Family,,,,,,,,,0.0,shopify,1,deny,manual,6.00,,true,true,,,,,34453754,,,,false,,,,,,,,,,,,,
leapin-leprechauns-vhs,Leapin' Leprechauns!,,VHS,,,"Floor Sale, Kids & Family",true,Genre,Kids & Family,,,,,,,,,0.0,shopify,1,deny,manual,7.00,,true,true,,,,,34388218,,,,false,,,,,,,,,,,,,
safetey-patrol-vhs,Safetey Patrol,,VHS,,,"Floor Sale, Kids & Family",true,Genre,Kids & Family,,,,,,,,,0.0,shopify,1,deny,manual,6.00,,true,true,,,,,34126074,,,,false,,,,,,,,,,,,,
on-the-line-vhs,On the Line,,VHS,,,"Floor Sale, Romantic Comedy",true,Genre,Romantic Comedy,,,,,,,,,0.0,shopify,1,deny,manual,5.00,,true,true,,,,,33962234,,,,false,,,,,,,,,,,,,
our-lips-are-sealed-vhs,Our Lips Are Sealed,,VHS,,,"Floor Sale, Kids & Family",true,Genre,Kids & Family,,,,,,,,,0.0,shopify,1,deny,manual,4.00,,true,true,,,,,33896698,,,,false,,,,,,,,,,,,,
hocus-pocus-vhs,Hocus Pocus,,VHS,,,"Floor Sale, Kids & Family",true,Genre,Kids & Family,,,,,,,,,0.0,shopify,1,deny,manual,12.00,,true,true,,,,,33831162,,,,false,,,,,,,,,,,,,
the-next-karate-kid-vhs,The Next Karate Kid,,VHS,,,"Floor Sale, Kids & Family",true,Genre,Kids & Family,,,,,,,,,0.0,shopify,1,deny,manual,5.00,,true,true,,,,,33765626,,,,false,,,,,,,,,,,,,
huck-the-kind-of-hearts-vhs,Huck & The Kind of Hearts,,VHS,,,"Floor Sale, Kids & Family",true,Genre,Kids & Family,,,,,,,,,0.0,shopify,1,deny,manual,4.00,,true,true,,,,,33634554,,,,false,,,,,,,,,,,,,
small-soldiers-vhs,Small Soldiers,,VHS,,,"Floor Sale, Kids & Family",true,Genre,Kids & Family,,,,,,,,,0.0,shopify,1,deny,manual,6.00,,true,true,,,,,35854842,,,,false,,,,,,,,,,,,,
thumbalina-vhs,Thumbalina,,VHS,,,"Floor Sale, Kids & Family",true,Genre,Kids & Family,,,,,,,,,0.0,shopify,1,deny,manual,5.00,,true,true,,,,,35822074,,,,false,,,,,,,,,,,,,
my-dog-skip-vhs,My Dog Skip,,VHS,,,"Floor Sale, Kids & Family",true,Genre,Kids & Family,,,,,,,,,0.0,shopify,1,deny,manual,8.00,,true,true,,,,,35756538,,,,false,,,,,,,,,,,,,
the-black-stallion-vhs,The Black Stallion,,VHS,,,"Floor Sale, Kids & Family",true,Genre,Kids & Family,,,,,,,,,0.0,shopify,1,deny,manual,6.00,,true,true,,,,,35723770,,,,false,,,,,,,,,,,,,
far-from-home-the-adventures-of-yellow-dog-vhs,Far from Home: the Adventures of Yellow Dog,,VHS,,,"Floor Sale, Kids & Family",true,Genre,Kids & Family,,,,,,,,,0.0,shopify,1,deny,manual,5.00,,true,true,,,,,35691002,,,,false,,,,,,,,,,,,,
prince-of-egypt-vhs,Prince of Egypt,,VHS,,,"Floor Sale, Kids & Family",true,Genre,Kids & Family,,,,,,,,,0.0,shopify,2,deny,manual,5.00,,true,true,,,,,35428858,,,,false,,,,,,,,,,,,,
101-dalmations-vhs,101 Dalmations,,VHS,,,"Floor Sale, Kids & Family",true,Genre,Kids & Family,,,,,,,,,0.0,shopify,1,deny,manual,6.00,,true,true,,,,,35396090,,,,false,,,,,,,,,,,,,
winning-london-vhs,Winning London,,VHS,,,"Floor Sale, Kids & Family",true,Genre,Kids & Family,,,,,,,,,0.0,shopify,1,deny,manual,5.00,,true,true,,,,,35363322,,,,false,,,,,,,,,,,,,
switching-goals-vhs,Switching Goals,,VHS,,,"Floor Sale, Kids & Family",true,Genre,Kids & Family,,,,,,,,,0.0,shopify,1,deny,manual,6.00,,true,true,,,,,35330554,,,,false,,,,,,,,,,,,,
olly-olly-oxen-free-vhs,Olly Olly Oxen Free,,VHS,,,"Floor Sale, Kids & Family",true,Genre,Kids & Family,,,,,,,,,0.0,shopify,1,deny,manual,6.00,,true,true,,,,,35297786,,,,false,,,,,,,,,,,,,
oliver-vhs,Oliver,,VHS,,,"Floor Sale, Kids & Family",true,Genre,Kids & Family,,,,,,,,,0.0,shopify,1,deny,manual,5.00,,true,true,,,,,35265018,,,,false,,,,,,,,,,,,,
a-simple-wish-vhs,A Simple Wish,,VHS,,,"Floor Sale, Kids & Family",true,Genre,Kids & Family,,,,,,,,,0.0,shopify,1,deny,manual,5.00,,true,true,,,,,35232250,,,,false,,,,,,,,,,,,,
sinbad-legend-of-the-seven-seas-vhs,Sinbad: Legend of the Seven Seas,,VHS,,,"Floor Sale, Kids & Family",true,Genre,Kids & Family,,,,,,,,,0.0,shopify,1,deny,manual,5.00,,true,true,,,,,35199482,,,,false,,,,,,,,,,,,,
babe-vhs,Babe,,VHS,,,"Floor Sale, Kids & Family",true,Genre,Kids & Family,,,,,,,,,0.0,shopify,1,deny,manual,6.00,,true,true,,,,,35166714,,,,false,,,,,,,,,,,,,
warriors-of-virtue-vhs,Warriors of Virtue,,VHS,,,"Floor Sale, Kids & Family",true,Genre,Kids & Family,,,,,,,,,0.0,shopify,2,deny,manual,5.00,,true,true,,,,,35133946,,,,false,,,,,,,,,,,,,
a-kid-in-aladins-palace-vhs,A Kid in Aladin's Palace,,VHS,,,"Floor Sale, Kids & Family",true,Genre,Kids & Family,,,,,,,,,0.0,shopify,1,deny,manual,5.00,,true,true,,,,,35101178,,,,false,,,,,,,,,,,,,
the-nightmare-before-christmas-vhs,The Nightmare Before Christmas,,VHS,,,"Floor Sale, Kids & Family",true,Genre,Kids & Family,,,,,,,,,0.0,shopify,1,deny,manual,6.00,,true,true,,,,,35068410,,,,false,,,,,,,,,,,,,
chicken-run-vhs,Chicken Run,,VHS,,,"Floor Sale, Kids & Family",true,Genre,Kids & Family,,,,,,,,,0.0,shopify,1,deny,manual,6.00,,true,true,,,,,35035642,,,,false,,,,,,,,,,,,,
cats-dont-dance-vhs,Cat's Don't Dance,,VHS,,,"Floor Sale, Kids & Family",true,Genre,Kids & Family,,,,,,,,,0.0,shopify,1,deny,manual,5.00,,true,true,,,,,34970106,,,,false,,,,,,,,,,,,,
a-troll-in-central-park-vhs,A Troll in Central Park,,VHS,,,"Floor Sale, Kids & Family",true,Genre,Kids & Family,,,,,,,,,0.0,shopify,1,deny,manual,7.00,,true,true,,,,,34937338,,,,false,,,,,,,,,,,,,
mouse-hunt-vhs,Mouse Hunt,,VHS,,,"Floor Sale, Kids & Family",true,Genre,Kids & Family,,,,,,,,,0.0,shopify,1,deny,manual,5.00,,true,true,,,,,34904570,,,,false,,,,,,,,,,,,,
double-double-toil-and-trouble-vhs,Double Double Toil and Trouble,,VHS,,,"Floor Sale, Kids & Family",true,Genre,Kids & Family,,,,,,,,,0.0,shopify,1,deny,manual,6.00,,true,true,,,,,34871802,,,,false,,,,,,,,,,,,,
holiday-in-the-sun-vhs,Holiday in the Sun,,VHS,,,"Floor Sale, Kids & Family",true,Genre,Kids & Family,,,,,,,,,0.0,shopify,1,deny,manual,5.00,,true,true,,,,,34839034,,,,false,,,,,,,,,,,,,
when-in-rome-vhs,When in Rome,,VHS,,,"Floor Sale, Kids & Family",true,Genre,Kids & Family,,,,,,,,,0.0,shopify,1,deny,manual,5.00,,true,true,,,,,34806266,,,,false,,,,,,,,,,,,,
confessions-of-a-police-captain,Confessions of a Police Captain,"This vintage videocassette comes in its original clamshell case, making it a nostalgic find for collectors of classic crime cinema. The physical media features striking retro cover art that captures the gritty aesthetic of international police thrillers. It is an ideal addition for anyone looking to preserve a piece of cinematic history through a tangible analog format.",VHS,,,Rental,true,Condition,Standard,,Serial Number,001A,,,,,191-VHSCNF-001A,0.0,shopify,1,deny,manual,0.00,,true,true,,,,,191-VHSCNF-001A,https://cdn.shopify.com/s/files/1/0826/6363/7242/files/0-1782257643945.jpg?v=1782257860,1,191-VHSCNF-001A,false,,,,,,,,,,,,,
goodfellas-1,GoodFellas,,DVD,Uncategorized,,Rental,true,Title,Default Title,,,,,,,,,0.0,shopify,1,deny,manual,0.00,,true,true,,,,,33424378,,,,false,,,,,,,,,,,,,
philadelphia,Philadelphia,"This stylish apparel piece showcases an iconic cityscape aesthetic perfect for loyal natives and urban enthusiasts alike. The high-quality fabric offers a comfortable, modern fit that pairs effortlessly with casual weekend wear. Its bold graphic design serves as a standout tribute to the spirit and history of the City of Brotherly Love.",VHS,,,"Drama, Rental",true,Condition,Standard,,Serial Number,001A,,,,,191-VHSPHI-001A,0.0,shopify,1,deny,manual,0.00,,true,true,,,,,191-VHSPHI-001A,https://cdn.shopify.com/s/files/1/0826/6363/7242/files/0-1782255227617.jpg?v=1782255319,1,191-VHSPHI-001A,false,,,,,,,,,,,,,
trial-by-jury,Trial by Jury,"This classic strategy board game invites players into a high-stakes courtroom drama where logic and persuasion are key to winning the case. It features a detailed game board and thematic components that bring the tension of a legal trial to your living room. Ideal for game nights, it offers an engaging experience for those who enjoy tactical thinking and immersive storytelling.",VHS,,,"Drama, Rental",true,Condition,Standard,,Serial Number,001A,,,,,191-VHSTRI-001A,0.0,shopify,1,deny,manual,0.00,,true,true,,,,,191-VHSTRI-001A,https://cdn.shopify.com/s/files/1/0826/6363/7242/files/0-1782255165568.jpg?v=1782255316,1,191-VHSTRI-001A,false,,,,,,,,,,,,,
simon-birch,Simon Birch,This cinematic masterpiece explores themes of faith and destiny through the lens of a resilient young protagonist with an extraordinary spirit. The narrative combines heartwarming humor with poignant emotional depth to create an unforgettable coming-of-age story. Collectors and film enthusiasts alike will appreciate the beautiful cinematography and the powerful message of finding purpose in the face of adversity.,VHS,,,"Drama, Rental",true,Condition,Standard,,Serial Number,001A,,,,,191-VHSSMN-001A,0.0,shopify,1,deny,manual,0.00,,true,true,,,,,191-VHSSMN-001A,https://cdn.shopify.com/s/files/1/0826/6363/7242/files/0-1782255074914.jpg?v=1782255314,1,191-VHSSMN-001A,false,,,,,,,,,,,,,
homeward-bound-ii-lost-in-san-francisco,Homeward Bound II: Lost in San Francisco,Experience a heartwarming family adventure with this classic VHS release following three courageous pets as they navigate the bustling streets of a major city. This sequel offers a perfect mix of humor and excitement that will delight nostalgic collectors and new generations of animal lovers alike. The physical clamshell case ensures this beloved cinematic journey remains a staple in your home media collection.,VHS,,,"Kids & Family, Rental",true,Condition,Standard,,Serial Number,001A,,,,,191-VHSHOM-001A,0.0,shopify,1,deny,manual,0.00,,true,true,,,,,191-VHSHOM-001A,https://cdn.shopify.com/s/files/1/0826/6363/7242/files/0-1782255005297.jpg?v=1782255310,1,191-VHSHOM-001A,false,,,,,,,,,,,,,
milk-money,Milk Money,"This unique lifestyle collectible combines a bold aesthetic with a nostalgic novelty design, featuring a secure storage compartment and high-quality hardware. Its compact size and eye-catching graphic appeal make it a versatile accessory that easily integrates into any street-style rotation. Ideal for the modern collector, this piece offers a perfect blend of functional utility and edgy decorative flair.",VHS,,,"Drama, Rental",true,Condition,Standard,,Serial Number,001A,,,,,191-VHSMLK-001A,0.0,shopify,1,deny,manual,0.00,,true,true,,,,,191-VHSMLK-001A,https://cdn.shopify.com/s/files/1/0826/6363/7242/files/0-1782255003680.jpg?v=1782255308,1,191-VHSMLK-001A,false,,,,,,,,,,,,,
far-from-home-the-adventures-of-yellow-dog,Far From Home: The Adventures of Yellow Dog,"This heartwarming wilderness adventure follows the courageous journey of a young boy and his loyal canine companion as they fight for survival in the Pacific Northwest. It is a timeless family classic that captures the profound bond between humans and animals against a backdrop of breathtaking natural scenery. Perfect for collectors and movie nights, this film delivers an inspiring story of bravery and friendship.",VHS,,,"Kids & Family, Rental",true,Condition,Standard,,Serial Number,001A,,,,,191-VHSFAR-001A,0.0,shopify,1,deny,manual,0.00,,true,true,,,,,191-VHSFAR-001A,https://cdn.shopify.com/s/files/1/0826/6363/7242/files/0-1782254946124.jpg?v=1782255306,1,191-VHSFAR-001A,false,,,,,,,,,,,,,
echo-park,Echo Park,This vintage cinematic release captures the artistic spirit of Los Angeles through a charming narrative of aspiring performers and dreamers. The physical media format offers a nostalgic viewing experience for collectors of classic independent drama and eighties storytelling. It serves as a meaningful addition to any library focused on character-driven pieces and urban atmosphere.,VHS,,,"Drama, Rental",true,Condition,Standard,,Serial Number,001A,,,,,191-VHSECH-001A,0.0,shopify,1,deny,manual,0.00,,true,true,,,,,191-VHSECH-001A,https://cdn.shopify.com/s/files/1/0826/6363/7242/files/0-1782255082336.jpg?v=1782255304,1,191-VHSECH-001A,false,,,,,,,,,,,,,
babe-pig-in-the-city,Babe: Pig in the City,"This charming family adventure follows a courageous pig and his animal companions as they navigate the excitement and challenges of a bustling metropolis. The physical media edition features vibrant cinematography and a heartwarming story that appeals to viewers of all ages. It is a whimsical addition to any classic film collection, offering a unique blend of humor and visual imagination.",VHS,,,"Kids & Family, Rental",true,Condition,Standard,,Serial Number,001A,,,,,191-VHSBBP-001A,0.0,shopify,1,deny,manual,0.00,,true,true,,,,,191-VHSBBP-001A,https://cdn.shopify.com/s/files/1/0826/6363/7242/files/0-1782254892181.jpg?v=1782255300,1,191-VHSBBP-001A,false,,,,,,,,,,,,,
breaking-away,Breaking Away,This classic coming-of-age film follows a group of small-town friends as they navigate the transition to adulthood while pursuing their passion for competitive cycling. It features an Academy Award-winning script that perfectly balances heartwarming humor with a nostalgic exploration of class divisions and personal ambition. This physical media release is a must-have for cinema lovers looking to add a quintessential piece of Americana to their private collection.,VHS,,,"Drama, Rental",true,Condition,Standard,,Serial Number,001A,,,,,191-VHSBRY-001A,0.0,shopify,1,deny,manual,0.00,,true,true,,,,,191-VHSBRY-001A,https://cdn.shopify.com/s/files/1/0826/6363/7242/files/0-1782254789977.jpg?v=1782255297,1,191-VHSBRY-001A,false,,,,,,,,,,,,,
mr-magoo,Mr. Magoo,This vintage-inspired collectible captures the likeness of the classic animation character with charming detail and a whimsical expression. The figure stands as an ideal display piece for nostalgic fans or collectors of mid-century pop culture memorabilia. Its durable construction and timeless aesthetic make it a standout addition to any shelf or curated collection.,VHS,,,"Kids & Family, Rental",true,Condition,Standard,,Serial Number,001A,,,,,191-VHSMRM-001A,0.0,shopify,1,deny,manual,0.00,,true,true,,,,,191-VHSMRM-001A,https://cdn.shopify.com/s/files/1/0826/6363/7242/files/0-1782254699215.jpg?v=1782255291,1,191-VHSMRM-001A,false,,,,,,,,,,,,,
monkeys-uncle,Monkey's Uncle,This classic vintage comedy film brings a nostalgic touch to any home media collection with its lighthearted humor and high-energy college antics. It features a playful storyline and vibrant performances that make it a charming piece for fans of retro cinema and wholesome family entertainment. The physical format offers a tangible way to enjoy a beloved piece of mid-century screen history.,VHS,,,"Kids & Family, Rental",true,Condition,Standard,,Serial Number,001A,,,,,191-VHSMON-001A,0.0,shopify,1,deny,manual,0.00,,true,true,,,,,191-VHSMON-001A,https://cdn.shopify.com/s/files/1/0826/6363/7242/files/0-1782254625698.jpg?v=1782255288,1,191-VHSMON-001A,false,,,,,,,,,,,,,
the-monkeys-uncle,The Monkey's Uncle,This classic live-action comedy follows a brilliant student and his chimpanzee companion as they attempt to power a man-made flying machine. The vintage home media release offers a nostalgic viewing experience for collectors of mid-century cinema and fans of lighthearted family entertainment. It serves as an essential addition for those looking to complete their library of quintessential studio adventures from this era.,Walt Disney,,,,true,Condition,Standard,,Serial Number,001A,,,,,191-WLTTHE-001A,0.0,shopify,1,deny,manual,28.00,,true,true,,,,,191-WLTTHE-001A,https://cdn.shopify.com/s/files/1/0826/6363/7242/files/0-1782254416692.jpg?v=1782255286,1,191-WLTTHE-001A,false,,,,,,,,,,,,,
my-fair-lady,My Fair Lady,"Celebrate a cinematic masterpiece through this elegantly designed collectible that captures the essence of classic style and sophisticated charm. This high-quality edition features detailed craftsmanship and timeless aesthetics, making it an essential centerpiece for any enthusiast of vintage musical theater and period drama. It offers a nostalgic journey into a beloved story, perfect for display or as a thoughtful gift for a dedicated fan.",VHS,,,"Musical, Rental",true,Condition,Standard,,Serial Number,001A,,,,,191-VHSMYF-001A,0.0,shopify,1,deny,manual,0.00,,true,true,,,,,191-VHSMYF-001A,https://cdn.shopify.com/s/files/1/0826/6363/7242/files/0-1782254338292.jpg?v=1782255284,1,191-VHSMYF-001A,false,,,,,,,,,,,,,
till-the-clouds-roll-by,Till The Clouds Roll By,"This vintage cinematic classic offers a star-studded musical journey through the life of a legendary composer. It features high-quality restoration and vibrant choreography, making it an essential addition for collectors of golden age Hollywood musicals. The timeless performances and orchestral arrangements provide a nostalgic and sophisticated home viewing experience.",VHS,,,"Musical, Rental",true,Condition,Standard,,Serial Number,001A,,,,,191-VHSTIL-001A,0.0,shopify,1,deny,manual,0.00,,true,true,,,,,191-VHSTIL-001A,https://cdn.shopify.com/s/files/1/0826/6363/7242/files/0-1782254292700.jpg?v=1782255282,1,191-VHSTIL-001A,false,,,,,,,,,,,,,
strictly-ballroom,Strictly Ballroom,"This classic film offers a vibrant and satirical look at the competitive world of ballroom dancing through a heartwarming story of artistic rebellion. The production features dazzling costumes, high-energy choreography, and a memorable soundtrack that makes it a must-have for enthusiasts of musical cinema and romantic comedies. It remains a visually stunning celebration of individuality and the spirit of the dance floor.",VHS,,,"Musical, Rental",true,Condition,Standard,,Serial Number,001A,,,,,191-VHSSTM-001A,0.0,shopify,1,deny,manual,0.00,,true,true,,,,,191-VHSSTM-001A,https://cdn.shopify.com/s/files/1/0826/6363/7242/files/0-1782254232892.jpg?v=1782255280,1,191-VHSSTM-001A,false,,,,,,,,,,,,,
prometheus,Prometheus,"This high-definition home media collection offers a stunning cinematic experience with incredible visual clarity and immersive audio. The set includes multiple formats for versatile viewing across various devices, ensuring you can enjoy this atmospheric sci-fi epic in the highest quality available. Extensive bonus features and behind-the-scenes content provide a deep dive into the visionary world-building and production of this modern masterpiece.",4K,,,"4K, Rental, Sci-Fi",true,Condition,Standard,,Serial Number,001A,,,,,191-BLRPRM-001A,0.0,shopify,1,deny,manual,0.00,,true,true,,,,,191-BLRPRM-001A,https://cdn.shopify.com/s/files/1/0826/6363/7242/files/0-1782253519627.jpg?v=1782254054,1,191-BLRPRM-001A,false,,,,,,,,,,,,,
the-matrix-reloaded,Matrix Reloaded,Experience the high-octane second installment of the groundbreaking science fiction trilogy with this two-disc widescreen edition. This physical release includes the complete feature film along with an extensive collection of behind-the-scenes footage and documentaries detailing the revolutionary visual effects and stunt choreography. It is a must-have for collectors looking to complete their cinematic library with high-definition audio and crystal-clear picture quality.,4K,Uncategorized,,"4K, Rental, Sci-Fi",true,Condition,Standard,,Serial Number,001A,,,,,191-BLRTHM-001A,0.0,shopify,1,deny,manual,0.00,,true,true,,,,,191-BLRTHM-001A,https://cdn.shopify.com/s/files/1/0826/6363/7242/files/0-1782253321452.jpg?v=1782254050,1,191-BLRTHM-001A,false,,,,,,,,,,,,,
darkest-hour,Darkest Hour,Experience the critically acclaimed historical drama in stunning clarity with this high-definition collector's set featuring ultra-high-definition and standard disc formats. The package includes a digital code for convenient streaming on the go and offers an immersive cinematic look at a pivotal moment in global history. This definitive edition provides breathtaking visual detail and insightful bonus content for any film enthusiast's home library.,4K,,,"4K, Drama, Rental",true,Condition,Standard,,Serial Number,001A,,,,,191-BLRDAR-001A,0.0,shopify,1,deny,manual,0.00,,true,true,,,,,191-BLRDAR-001A,https://cdn.shopify.com/s/files/1/0826/6363/7242/files/0-1782253277969.jpg?v=1782254049,1,191-BLRDAR-001A,false,,,,,,,,,,,,,
american-made,American Made,This high-quality staple is proudly crafted in the United States using premium materials designed for long-lasting durability. It features a timeless aesthetic and a versatile design that fits seamlessly into any modern wardrobe or home. Buyers will appreciate the superior domestic craftsmanship and the reliable performance that comes with locally manufactured goods.,4K,,,"4K, Rental, Thriller",true,Condition,Standard,,Serial Number,001A,,,,,191-BLRAME-001A,0.0,shopify,1,deny,manual,0.00,,true,true,,,,,191-BLRAME-001A,https://cdn.shopify.com/s/files/1/0826/6363/7242/files/0-1782253406946.jpg?v=1782254047,1,191-BLRAME-001A,false,,,,,,,,,,,,,
john-wick-chapter-3-parabellum,John Wick: Chapter 3 - Parabellum,"Experience the adrenaline-fueled conclusion to the trilogy with this premium home media set featuring stunning ultra-high-definition clarity and immersive sound. The collection includes both a physical disc and a digital code, ensuring you can enjoy every choreographed action sequence on your home theater or mobile device. This must-have edition offers superior visual detail and deep contrast that brings the high-stakes underground world to life like never before.",4K,,,"4K, Action, Rental",true,Condition,Standard,,Serial Number,001A,,,,,191-BLRJOH-001A,0.0,shopify,1,deny,manual,0.00,,true,true,,,,,191-BLRJOH-001A,https://cdn.shopify.com/s/files/1/0826/6363/7242/files/0-1782253223597.jpg?v=1782254046,1,191-BLRJOH-001A,false,,,,,,,,,,,,,
a-very-long-engagement,A Very Long Engagement,This gripping romantic drama explores the enduring power of love and hope against the backdrop of the First World War. Viewers will be captivated by the stunning cinematography and the protagonist's relentless quest for truth as she searches for her missing fiancé across the battlefields of France. It is a masterful blend of mystery and emotion that makes for a truly unforgettable cinematic experience.,DVD,,,"Foreign, Rental",true,Condition,Standard,,Serial Number,001A,,,,,191-DVDAVE-001A,0.0,shopify,1,deny,manual,0.00,,true,true,,,,,191-DVDAVE-001A,https://cdn.shopify.com/s/files/1/0826/6363/7242/files/0-1782253271174.jpg?v=1782254044,1,191-DVDAVE-001A,false,,,,,,,,,,,,,
omen,Omen,"This premium collector's set features a restoration of the influential supernatural horror masterpiece along with an extensive array of insightful bonus material and retrospective interviews. Housed in custom themed packaging, it offers the definitive viewing experience for cinema enthusiasts looking to delve deeper into the lore and production of this chilling classic.",DVD,,,Horror,true,Condition,Standard,,Serial Number,001A,,,,,191-DVDOME-001A,0.0,shopify,1,deny,manual,0.00,,true,true,,,,,191-DVDOME-001A,https://cdn.shopify.com/s/files/1/0826/6363/7242/files/0-1782253227916.jpg?v=1782254042,1,191-DVDOME-001A,false,,,,,,,,,,,,,
30-days-of-night,30 Days of Night,"This gripping graphic novel captures a terrifying month-long siege where eternal darkness provides the perfect cover for a pack of ruthless vampires. The stark, visceral illustration style heightens the tension as a small Alaskan town fights for survival against an ancient predatory threat. It is a cinematic horror masterpiece that remains a definitive modern classic for fans of supernatural suspense and survival stories.",DVD,,,Horror,true,Condition,Standard,,Serial Number,001A,,,,,191-DVD30D-001A,0.0,shopify,1,deny,manual,0.00,,true,true,,,,,191-DVD30D-001A,https://cdn.shopify.com/s/files/1/0826/6363/7242/files/0-1782253183049.jpg?v=1782254040,1,191-DVD30D-001A,false,,,,,,,,,,,,,
jupiter-ascending,Jupiter Ascending,Experience a visually stunning science fiction epic from the creators of the Matrix trilogy featuring breathtaking cinematography and high-stakes interstellar adventure. This high-definition disc includes immersive special features that delve into the intricate world-building and groundbreaking visual effects of the cinematic space opera. It is a must-have addition for fans of imaginative storytelling and grand-scale action sequences.,4K,,,"4K, Rental, Sci-Fi",true,Condition,Standard,,Serial Number,001A,,,,,191-BLRJUP-001A,0.0,shopify,1,deny,manual,0.00,,true,true,,,,,191-BLRJUP-001A,https://cdn.shopify.com/s/files/1/0826/6363/7242/files/0-1782253610822.jpg?v=1782254038,1,191-BLRJUP-001A,false,,,,,,,,,,,,,
chronicle,Chronicle,This handheld gaming collection brings together two classic arcade role-playing adventures in one convenient package. These titles offer deep character progression and strategic combat for fans of retro fantasy aesthetics and immersive storytelling. Experience legendary quests and challenging dungeons with smooth performance optimized for modern portable play.,DVD,,,Thriller,true,Condition,Standard,,Serial Number,001A,,,,,191-DVDCHR-001A,0.0,shopify,1,deny,manual,0.00,,true,true,,,,,191-DVDCHR-001A,https://cdn.shopify.com/s/files/1/0826/6363/7242/files/0-1782253399278.jpg?v=1782254034,1,191-DVDCHR-001A,false,,,,,,,,,,,,,
solo-a-star-wars-story,Solo: A Star Wars Story,"Relive a high-stakes adventure set in a galaxy far, far away with this thrilling origin story centered on an iconic galactic smuggler. This cinematic journey features pulse-pounding action, unexpected alliances, and the legendary meeting of a famous duo. It is a must-have addition for any collector looking to explore the hidden shadows and untold heists of the cosmic underworld.",4K,,,"4K, Rental, Sci-Fi",true,Condition,Standard,,Serial Number,001A,,,,,191-BLRSOL-001A,0.0,shopify,1,deny,manual,0.00,,true,true,,,,,191-BLRSOL-001A,https://cdn.shopify.com/s/files/1/0826/6363/7242/files/0-1782253168918.jpg?v=1782254032,1,191-BLRSOL-001A,false,,,,,,,,,,,,,
true-grit,True Grit,Experience this modern western masterpiece in stunning high definition with crystal clear visuals and immersive audio quality. This single disc release includes special bonus features that offer a deeper look into the filmmaking process and the authentic atmosphere of the frontier. It is a must-have addition for collectors seeking a premium home cinema viewing experience of a critically acclaimed cinematic journey.,BLU-RAY,,,"Drama, Rental",true,Condition,Standard,,Serial Number,001A,,,,,191-BLRTRU-001A,0.0,shopify,1,deny,manual,0.00,,true,true,,,,,191-BLRTRU-001A,https://cdn.shopify.com/s/files/1/0826/6363/7242/files/0-1782253096423.jpg?v=1782254030,1,191-BLRTRU-001A,false,,,,,,,,,,,,,
prince-of-persia-the-sands-of-time,Prince of Persia: The Sands of Time,"This action-packed cinematic adventure follows a rogue prince and a mysterious princess as they race to protect an ancient dagger capable of reversing time. Experience an epic journey across desert landscapes filled with high-stakes parkour, stunning visual effects, and mythological battles. This thrilling fantasy tale is a must-have for fans of legendary quests and timeless heroism.",DVD,,,Action,true,Condition,Standard,,Serial Number,001A,,,,,191-DVDPRI-001A,0.0,shopify,1,deny,manual,0.00,,true,true,,,,,191-DVDPRI-001A,https://cdn.shopify.com/s/files/1/0826/6363/7242/files/0-1782253049781.jpg?v=1782254028,1,191-DVDPRI-001A,false,,,,,,,,,,,,,
bram-stokers-dracula,Bram Stoker's Dracula,"This special edition features a stunning bound cover with intricate detailing and premium paper quality designed for long-term preservation. It serves as a definitive centerpiece for any literary collection, offering an immersive reading experience of this timeless gothic masterpiece. Fans and collectors will appreciate the unique illustrations and high-quality craftsmanship that elevate this iconic tale of horror.",BLU-RAY,,,"Horror, Rental",true,Condition,Standard,,Serial Number,001A,,,,,191-BLRBRM-001A,0.0,shopify,1,deny,manual,0.00,,true,true,,,,,191-BLRBRM-001A,https://cdn.shopify.com/s/files/1/0826/6363/7242/files/0-1782253045000.jpg?v=1782254026,1,191-BLRBRM-001A,false,,,,,,,,,,,,,
legend-of-zorro,Legend of Zorro,This widescreen special edition features the high-stakes journey of a legendary masked hero and includes exclusive behind-the-scenes footage and director commentary. It offers a premium cinematic viewing experience with enhanced digital mastering and dual-language audio tracks. This physical disc is a perfect addition for collectors who enjoy epic action sequences and classic adventure storytelling.,DVD,Uncategorized,,Action,true,Condition,Standard,,Serial Number,001A,,,,,,0.0,,1,deny,manual,0.00,,true,true,,,,,88302842,https://cdn.shopify.com/s/files/1/0826/6363/7242/files/0-1782252996862.jpg?v=1782253858,1,191-DVDLEG-001A,false,,,,,,,,,,,,,
legend-of-zorro,,,,,,,,,,,,,,,,,,,,,,,,,,,,,,,,https://cdn.shopify.com/s/files/1/0826/6363/7242/files/0-1782252996862_7f6db001-2a67-4308-a3eb-4c9ab5a83a61.jpg?v=1782254025,2,191-DVDLEG-001A,,,,,,,,,,,,,,
legend-of-zorro,,,,,,,,,,,,,,,,,,,,,,,,,,,,,,,,https://cdn.shopify.com/s/files/1/0826/6363/7242/files/0-1782252996862_8f2a419f-bc10-4e9d-90d1-3433d4ab38a5.jpg?v=1782257855,3,191-DVDLEG-001A,,,,,,,,,,,,,,
legend-of-zorro,,,,,,,,,,,,,,,,,,,,,,,,,,,,,,,,https://cdn.shopify.com/s/files/1/0826/6363/7242/files/0-1782252996862_196f7d76-6614-4e99-894a-9baf5729a90f.jpg?v=1782258368,4,191-DVDLEG-001A,,,,,,,,,,,,,,
legend-of-zorro,,,,,,,,,,,,,,,,,,,,,,,,,,,,,,,,https://cdn.shopify.com/s/files/1/0826/6363/7242/files/0-1782252996862_2fcfe3bf-629c-4af9-9186-f95bff1a358f.jpg?v=1782258953,5,191-DVDLEG-001A,,,,,,,,,,,,,,
shining,Shining,"This psychological horror masterpiece delivers an unsettling cinematic experience through its haunting atmosphere and meticulous cinematography. Featuring an iconic lead performance, the film explores themes of isolation and madness within a secluded mountain resort. A must-have for cinephiles, this physical release captures every chilling frame of one of the greatest adaptations in movie history.",BLU-RAY,,,"Horror, Rental",true,Condition,Standard,,Serial Number,001A,,,,,191-BLRSHI-001A,0.0,shopify,1,deny,manual,0.00,,true,true,,,,,191-BLRSHI-001A,https://cdn.shopify.com/s/files/1/0826/6363/7242/files/0-1782252983894.jpg?v=1782253857,1,191-BLRSHI-001A,false,,,,,,,,,,,,,
bourne-supremacy,Bourne Supremacy,"This high-stakes action thriller continues the intense journey of a rogue operative forced out of hiding to clear his name and survive a global conspiracy. The film is celebrated for its gritty realism, handheld cinematography, and expertly choreographed chase sequences that redefined the modern spy genre. It is a must-have for fans of intricate plots and relentless pacing who enjoy watching a masterful protagonist outwit his pursuers.",BLU-RAY,,,"Action, Rental",true,Condition,Standard,,Serial Number,001A,,,,,191-BLRBOU-001A,0.0,shopify,1,deny,manual,0.00,,true,true,,,,,191-BLRBOU-001A,https://cdn.shopify.com/s/files/1/0826/6363/7242/files/0-1782252925676.jpg?v=1782253854,1,191-BLRBOU-001A,false,,,,,,,,,,,,,
dragon-wars-d-war,Dragon Wars D-War,"This epic fantasy film features groundbreaking visual effects and massive urban battles between ancient mythical creatures and modern military forces. It offers a high-octane viewing experience for fans of kaiju cinema and legendary lore, showcasing a climactic struggle to fulfill a centuries-old prophecy. The production blends large-scale CGI spectacle with a fast-paced narrative that keeps action enthusiasts engaged from start to finish.",DVD,,,Fantasy,true,Condition,Standard,,Serial Number,001A,,,,,191-DVDDRA-001A,0.0,shopify,1,deny,manual,0.00,,true,true,,,,,191-DVDDRA-001A,https://cdn.shopify.com/s/files/1/0826/6363/7242/files/0-1782252823134.jpg?v=1782253852,1,191-DVDDRA-001A,false,,,,,,,,,,,,,
transformers-two-disc-special-edition,Transformers: Two-Disc Special Edition,"This action-packed special edition features the full-length blockbuster film along with a second disc dedicated to immersive behind-the-scenes content and deleted scenes. It is an essential collectible for fans of high-octane visual effects and deep-dive cinematic history, offering a comprehensive look into the making of a modern sci-fi epic. The set comes in a durable case with vibrant cover art that makes it a standout addition to any home media library.",DVD,,,Action,true,Condition,Standard,,Serial Number,001A,,,,,191-DVDTRA-001A,0.0,shopify,1,deny,manual,0.00,,true,true,,,,,191-DVDTRA-001A,https://cdn.shopify.com/s/files/1/0826/6363/7242/files/0-1782253137786.jpg?v=1782253851,1,191-DVDTRA-001A,false,,,,,,,,,,,,,
dr-strangelove-or-how-i-learned-to-stop-worrying-and-love-the-bomb-special-edition,Dr. Strangelove Or: How I Learned To Stop Worrying And Love The Bomb (Special Edition),This special edition release features a high-definition restoration of the classic satirical masterpiece along with a wealth of archival bonus content and behind-the-scenes documentaries. Film enthusiasts will appreciate the collectible packaging and insightful interviews that provide a deeper look into the creative process of one of cinema's most legendary directors. It is an essential addition for any serious collector looking to own a definitive version of this landmark black comedy.,DVD,,,"Comedy, Rental",true,Condition,Standard,,Serial Number,001A,,,,,191-DVDDRS-001A,0.0,shopify,1,deny,manual,0.00,,true,true,,,,,191-DVDDRS-001A,https://cdn.shopify.com/s/files/1/0826/6363/7242/files/0-1782253061267.jpg?v=1782253849,1,191-DVDDRS-001A,false,,,,,,,,,,,,,
amazing-spider-man-2,Amazing Spider-Man 2,Swing into action with this thrilling open-world adventure that allows players to explore an expansive city landscape while battling iconic villains from the cinematic universe. The game features an enhanced web-swinging mechanic and a unique morality system that tracks your heroic progress as you protect the streets. It is an essential collectible for fans of the franchise looking for an immersive superhero experience on their favorite console.,BLU-RAY,,,"Action, Rental",true,Condition,Standard,,Serial Number,001A,,,,,191-BLRAMA-001A,0.0,shopify,1,deny,manual,0.00,,true,true,,,,,191-BLRAMA-001A,https://cdn.shopify.com/s/files/1/0826/6363/7242/files/0-1782252811805.jpg?v=1782253847,1,191-BLRAMA-001A,false,,,,,,,,,,,,,
memoirs-of-a-geisha,Memoirs of a Geisha,This evocative autobiography offers a rare look into a hidden world through a lush narrative that captures the elegance and discipline of a forgotten era. Readers will be captivated by the vivid descriptions of traditional artistry and the poignant journey of a young woman navigating high society and personal sacrifice. It is a compelling volume for anyone interested in cultural history and deeply moving personal storytelling.,DVD,,,"Drama, Rental",true,Condition,Standard,,Serial Number,001A,,,,,191-DVDMMR-001A,0.0,shopify,1,deny,manual,0.00,,true,true,,,,,191-DVDMMR-001A,https://cdn.shopify.com/s/files/1/0826/6363/7242/files/0-1782252781389.jpg?v=1782253845,1,191-DVDMMR-001A,false,,,,,,,,,,,,,
hugo,Hugo,"This enchanting cinematic masterpiece follows a young orphan living in a Paris train station who discovers a magical mystery involving an automaton and early film history. This versatile set includes both high-definition and standard discs, offering breathtaking visuals and a heartwarming story perfect for collectors and families alike. Experience a visually stunning tribute to the birth of movies that captures the wonder of imagination in every scene.",BLU-RAY,,,"Kids & Family, Rental",true,Condition,Standard,,Serial Number,001A,,,,,191-BLRHUO-001A,0.0,shopify,1,deny,manual,0.00,,true,true,,,,,191-BLRHUO-001A,https://cdn.shopify.com/s/files/1/0826/6363/7242/files/0-1782252744509.jpg?v=1782253844,1,191-BLRHUO-001A,false,,,,,,,,,,,,,
gladiator,Gladiator,Experience an epic tale of courage and vengeance with this premium physical media release featuring high-definition picture quality and immersive audio. This signature collection includes comprehensive behind-the-scenes documentaries and director commentary that provide a deep dive into the creation of this cinematic masterpiece. It is a essential addition for film enthusiasts looking to own a definitive version of this award-winning historical drama.,DVD,,,Drama,true,Condition,Standard,,Serial Number,001A,,,,,191-DVDGLA-001A,0.0,shopify,1,deny,manual,0.00,,true,true,,,,,191-DVDGLA-001A,https://cdn.shopify.com/s/files/1/0826/6363/7242/files/0-1782252721677.jpg?v=1782253844,1,191-DVDGLA-001A,false,,,,,,,,,,,,,
raging-bull,Raging Bull,"This classic cinematic masterpiece offers a visceral look into the life of a professional boxer through stunning black-and-white cinematography and award-winning performances. A centerpiece for any film enthusiast's library, this physical media edition delivers the grit and intensity of the ring with exceptional visual clarity and historical significance. Add this essential drama to your collection to experience one of the most powerful character studies ever captured on screen.",DVD,,,"Drama, Rental",true,Condition,Standard,,Serial Number,001A,,,,,191-DVDRAG-001A,0.0,shopify,1,deny,manual,0.00,,true,true,,,,,191-DVDRAG-001A,https://cdn.shopify.com/s/files/1/0826/6363/7242/files/0-1782252810182.jpg?v=1782253840,1,191-DVDRAG-001A,false,,,,,,,,,,,,,
tom-hanks-comedy-collection-the-money-pit-the-burbs-dragnet,"Tom Hanks Comedy Collection (The Money Pit, The 'Burbs, Dragnet)","This triple-feature DVD set brings together three quintessential comedies from a legendary actor’s early career, offering a nostalgic journey through absurd suburban satire and slapstick humor. Each film showcases impeccable comedic timing and high-energy performances that make this collection a must-have for fans of classic eighties cinema. It is the perfect addition to any home media library looking for a marathon of lighthearted entertainment and timeless laughs.",DVD,,,"Comedy, Rental",true,Condition,Standard,,Serial Number,001A,,,,,191-DVDTOM-001A,0.0,shopify,1,deny,manual,0.00,,true,true,,,,,191-DVDTOM-001A,https://cdn.shopify.com/s/files/1/0826/6363/7242/files/0-1782252667777.jpg?v=1782253838,1,191-DVDTOM-001A,false,,,,,,,,,,,,,
graduate,Graduate,This special edition release offers an enhanced viewing experience of a timeless cinematic masterpiece with exclusive bonus features and behind-the-scenes content. Film enthusiasts will appreciate the digitally restored picture and audio quality that bring this iconic coming-of-age story to life. It is a must-have addition for any collector looking to own a definitive version of one of Hollywoods most celebrated classics.,DVD,,,"Drama, Rental",true,Condition,Standard,,Serial Number,001A,,,,,191-DVDGRA-001A,0.0,shopify,1,deny,manual,0.00,,true,true,,,,,191-DVDGRA-001A,https://cdn.shopify.com/s/files/1/0826/6363/7242/files/0-1782252745161.jpg?v=1782253837,1,191-DVDGRA-001A,false,,,,,,,,,,,,,
pulp-fiction,Pulp Fiction,Keep your collection organized and protected with this high-quality storage solution designed specifically for paperbacks and digest-sized publications. The durable construction features archival-safe materials that prevent yellowing and wear over time while allowing for easy browsing on any shelf. It is an essential choice for enthusiasts looking to maintain the integrity and value of their vintage literary treasures.,DVD,,,"Rental, Thriller",true,Condition,Standard,,Serial Number,001A,,,,,191-DVDPUL-001A,0.0,shopify,1,deny,manual,0.00,,true,true,,,,,191-DVDPUL-001A,https://cdn.shopify.com/s/files/1/0826/6363/7242/files/0-1782252719588.jpg?v=1782253835,1,191-DVDPUL-001A,false,,,,,,,,,,,,,
departed,Departed,Experience the intense atmosphere of this critically acclaimed crime thriller through high-definition physical media. This home video release features the complete cinematic masterpiece alongside bonus features that delve into the gritty world of undercover operations and organized crime. It is an essential addition for any collector of award-winning dramas and legendary filmmaking.,BLU-RAY,,,Rental,true,Condition,Standard,,Serial Number,001A,,,,,191-BLRDEP-001A,0.0,shopify,1,deny,manual,0.00,,true,true,,,,,191-BLRDEP-001A,https://cdn.shopify.com/s/files/1/0826/6363/7242/files/0-1782252657945.jpg?v=1782253833,1,191-BLRDEP-001A,false,,,,,,,,,,,,,
out-of-africa,Out of Africa,"This collector's edition features a digitally remastered transfer of the award-winning epic, complete with a feature-length commentary and a behind-the-scenes documentary. The set offers a profound look at the making of this cinematic masterpiece through exclusive interviews and historical production notes. It is an essential addition for any film enthusiast looking to experience this sweeping romance with enhanced clarity and depth.",DVD,,,"Drama, Rental",true,Condition,Standard,,Serial Number,001A,,,,,191-DVDOUT-001A,0.0,shopify,1,deny,manual,0.00,,true,true,,,,,191-DVDOUT-001A,https://cdn.shopify.com/s/files/1/0826/6363/7242/files/0-1782252568773.jpg?v=1782253830,1,191-DVDOUT-001A,false,,,,,,,,,,,,,
van-helsing,Van Helsing,"This classic action figure features extensive articulation and highly detailed sculpting, capturing the iconic monster hunter's signature long coat and characteristic weaponry. The included accessories allow for dynamic posing, making it an essential addition for fans of gothic horror and vintage cinematic collectibles. Quality craftsmanship and intricate paint applications ensure this piece stands out in any enthusiast's display case.",DVD,,,"Rental, Sci-Fi",true,Condition,Standard,,Serial Number,001A,,,,,191-DVDVAN-001A,0.0,shopify,1,deny,manual,0.00,,true,true,,,,,191-DVDVAN-001A,https://cdn.shopify.com/s/files/1/0826/6363/7242/files/0-1782252516310.jpg?v=1782253828,1,191-DVDVAN-001A,false,,,,,,,,,,,,,
underworld-evolution,Underworld: Evolution,"This two-disc special edition features an array of behind-the-scenes featurettes, director commentary, and a detailed look at the visual effects used to bring the gothic action to life. The high-definition presentation and immersive sound design make it a must-have for fans looking to dive deeper into the lore of the eternal struggle between vampires and lycans. It serves as an essential addition to any supernatural thriller collection, offering hours of bonus content alongside the feature film.",DVD,,,"Rental, Sci-Fi",true,Condition,Standard,,Serial Number,001A,,,,,191-DVDUND-001A,0.0,shopify,1,deny,manual,0.00,,true,true,,,,,191-DVDUND-001A,https://cdn.shopify.com/s/files/1/0826/6363/7242/files/0-1782252497267.jpg?v=1782253827,1,191-DVDUND-001A,false,,,,,,,,,,,,,
matrix-reloaded,Matrix Reloaded,Immerse yourself in a gripping cinematic experience with this iconic action film sequel known for its groundbreaking visual effects and high-stakes philosophy. This disc features intense martial arts choreography and breathtaking stunt sequences that defined a generation of science fiction. It is a must-have addition for collectors looking to complete their high-octane home theater library.,DVD,,,Sci-Fi,true,Condition,Standard,,Serial Number,001A,,,,,191-UNKTHM-001A,0.0,shopify,1,deny,manual,0.00,,true,true,,,,,191-UNKTHM-001A,https://cdn.shopify.com/s/files/1/0826/6363/7242/files/0-1782253073373.jpg?v=1782253820,1,191-UNKTHM-001A,false,,,,,,,,,,,,,
tupac-resurrection,Tupac: Resurrection,"This special collector's edition offers an intimate look at the life and legacy of a hip hop icon through rare performance footage and personal interviews. The two-disc set includes deleted scenes, music videos, and historical commentary that provide deep context for fans and collectors alike. It serves as a definitive cinematic tribute, blending powerful storytelling with high-quality production values for a compelling viewing experience.",DVD,,,"Documentary, Rental",true,Condition,Standard,,Serial Number,001A,,,,,191-DVDTUP-001A,0.0,shopify,1,deny,manual,0.00,,true,true,,,,,191-DVDTUP-001A,https://cdn.shopify.com/s/files/1/0826/6363/7242/files/0-1782252295507.jpg?v=1782253818,1,191-DVDTUP-001A,false,,,,,,,,,,,,,
the-lord-of-the-rings-the-return-of-the-king,The Lord of the Rings: The Return of the King,This full screen edition offers a complete cinematic experience of the epic conclusion to the award winning fantasy trilogy. The two disc set includes the original theatrical release along with special behind the scenes featurettes and insightful documentaries exploring the production. It is a must have for any collector looking to relive the legendary journey through the eyes of the filmmakers.,DVD,,,"Fantasy, Rental",true,Condition,Standard,,Serial Number,001A,,,,,191-DVDTH2-001A,0.0,shopify,1,deny,manual,0.00,,true,true,,,,,191-DVDTH2-001A,https://cdn.shopify.com/s/files/1/0826/6363/7242/files/0-1782252255175.jpg?v=1782253816,1,191-DVDTH2-001A,false,,,,,,,,,,,,,
the-lord-of-the-rings-the-two-towers,The Lord of the Rings: The Two Towers,"This two-disc widescreen edition brings the epic middle chapter of the legendary fantasy trilogy to your home theater with enhanced visual clarity and cinematic framing. Fans can enjoy the complete theatrical feature alongside a variety of behind-the-scenes featurettes, music videos, and exclusive previews that explore the making of the film. It is a must-have collectible for any cinematic library, offering an immersive viewing experience and deep dives into the production process.",DVD,,,"Fantasy, Rental",true,Condition,Standard,,Serial Number,001A,,,,,191-DVDTHS-001A,0.0,shopify,1,deny,manual,0.00,,true,true,,,,,191-DVDTHS-001A,https://cdn.shopify.com/s/files/1/0826/6363/7242/files/0-1782252171092.jpg?v=1782253814,1,191-DVDTHS-001A,false,,,,,,,,,,,,,
national-treasure,National Treasure,This high-stakes adventure follows a historian and treasure hunter on an action-packed quest to uncover hidden secrets embedded within America's past. The film features a blend of historical mystery and thrilling suspense that keeps viewers engaged from start to finish. It is a perfect addition to any family movie collection for those who enjoy clever puzzles and archaeological intrigue.,DVD,,,Kids & Family,true,Condition,Standard,,Serial Number,001A,,,,,191-DVDNTN-001A,0.0,shopify,1,deny,manual,0.00,,true,true,,,,,191-DVDNTN-001A,https://cdn.shopify.com/s/files/1/0826/6363/7242/files/0-1782252170660.jpg?v=1782253813,1,191-DVDNTN-001A,false,,,,,,,,,,,,,
national-treasure-2-book-of-secrets,National Treasure 2: Book of Secrets,Uncover a gripping adventure filled with historical puzzles and high-stakes action in this thrilling cinematic sequel. This physical disc features stunning visual quality and behind-the-scenes bonus content that makes it a must-have for any movie collection. It is the perfect choice for fans of mystery and hidden legacies looking for an engaging family movie night.,DVD,,,Kids & Family,true,Condition,Standard,,Serial Number,001A,,,,,191-DVDNAT-001A,0.0,shopify,1,deny,manual,0.00,,true,true,,,,,191-DVDNAT-001A,https://cdn.shopify.com/s/files/1/0826/6363/7242/files/0-1782252096636.jpg?v=1782253810,1,191-DVDNAT-001A,false,,,,,,,,,,,,,
blue-velvet,Blue Velvet,"This limited anniversary edition features a high-definition restoration of the surrealist masterpiece, complete with a distinctive velvet-textured slipcover. The collection includes extensive bonus features, behind-the-scenes documentaries, and deleted scenes that offer a deeper look into the film’s haunting atmosphere. It is a quintessential addition for cinephiles looking to own a definitive physical copy of this influential neo-noir classic.",BLU-RAY,,,"Drama, Rental",true,Condition,Standard,,Serial Number,001A,,,,,191-BLRBLV-001A,0.0,shopify,1,deny,manual,0.00,,true,true,,,,,191-BLRBLV-001A,https://cdn.shopify.com/s/files/1/0826/6363/7242/files/0-1782251943113.jpg?v=1782253808,1,191-BLRBLV-001A,false,,,,,,,,,,,,,
cast-away,Cast Away,This uniquely crafted volleyball features a weathered aesthetic and the iconic handprint design inspired by the legendary survival film. It serves as both a functional sports ball and a must-have piece of cinematic memorabilia for collectors and fans alike. Its durable construction ensures it remains a standout conversation piece whether it is used on the court or displayed on a shelf.,DVD,,,Drama,true,Condition,Standard,,Serial Number,001A,,,,,191-DVDCST-001A,0.0,shopify,1,deny,manual,0.00,,true,true,,,,,191-DVDCST-001A,https://cdn.shopify.com/s/files/1/0826/6363/7242/files/0-1782252050885.jpg?v=1782253806,1,191-DVDCST-001A,false,,,,,,,,,,,,,
uncut-gems,Uncut Gems,"This high-energy crime thriller offers a pulse-pounding cinematic experience defined by a frantic pace and a career-defining lead performance. The story follows a charismatic jeweler’s high-stakes gamble through the vibrant diamond district, blending intense suspense with a gritty urban atmosphere. This critically acclaimed film is a must-have for collectors seeking a modern masterpiece of tension and storytelling.",BLU-RAY,,,"Drama, Rental",true,Condition,Standard,,Serial Number,001A,,,,,191-BLRUNC-001A,0.0,shopify,1,deny,manual,0.00,,true,true,,,,,191-BLRUNC-001A,https://cdn.shopify.com/s/files/1/0826/6363/7242/files/0-1782251853122.jpg?v=1782253804,1,191-BLRUNC-001A,false,,,,,,,,,,,,,
elizabethtown,Elizabethtown,"This widescreen edition DVD offers a heartwarming cinematic experience featuring a blend of eccentric humor and emotional storytelling. The physical disc format is a nostalgic addition to any movie collection, providing reliable playback and a classic home theater feel. It is a perfect choice for fans of character-driven narratives and atmospheric soundtracks who appreciate owning a tangible piece of film history.",DVD,,,"Rental, Romatic Comedy",true,Condition,Standard,,Serial Number,001A,,,,,191-DVDELI-001A,0.0,shopify,1,deny,manual,0.00,,true,true,,,,,191-DVDELI-001A,https://cdn.shopify.com/s/files/1/0826/6363/7242/files/0-1782252002836.jpg?v=1782253802,1,191-DVDELI-001A,false,,,,,,,,,,,,,
grudge,Grudge,"This haunting supernatural horror film brings a terrifying curse to life through a chilling atmosphere and unsettling visuals. The disc features a variety of immersive bonus content, including behind-the-scenes featurettes and deleted scenes that delve deeper into the macabre mystery. It is an essential addition for any collector seeking a suspenseful cinematic experience that lingers long after the credits roll.",BLU-RAY,,,"Horror, Rental",true,Condition,Standard,,Serial Number,001A,,,,,191-BLRGRU-001A,0.0,shopify,1,deny,manual,0.00,,true,true,,,,,191-BLRGRU-001A,https://cdn.shopify.com/s/files/1/0826/6363/7242/files/0-1782251897746.jpg?v=1782253801,1,191-BLRGRU-001A,false,,,,,,,,,,,,,
texas-chainsaw-massacre,Texas Chainsaw Massacre,"This classic horror masterpiece delivers a gritty, atmospheric experience that redefined the slasher genre with its raw intensity and relentless suspense. Essential for collectors and cinema buffs, this definitive edition captures every bone-chilling moment in high-quality resolution to preserve its disturbing legacy. Add this visceral piece of film history to your shelf for the ultimate late-night viewing experience.",Dvd,,,Horror,true,Condition,Standard,,Serial Number,001A,,,,,191-DVDTEX-001A,0.0,shopify,1,deny,manual,0.00,,true,true,,,,,191-DVDTEX-001A,https://cdn.shopify.com/s/files/1/0826/6363/7242/files/0-1782251720477.jpg?v=1782253799,1,191-DVDTEX-001A,false,,,,,,,,,,,,,
a-serious-man,A Serious Man,This acclaimed dark comedy drama explores profound existential questions through a series of increasingly absurd personal and professional crises. The physical media release features a high-definition transfer and exclusive behind-the-scenes segments detailing the meticulous production design and period setting. It is a must-have addition for any collector seeking a thought-provoking cinematic experience with sharp wit and visual precision.,DVD,,,"Comedy, Rental",true,Condition,Standard,,Serial Number,001A,,,,,191-DVDASE-001A,0.0,shopify,1,deny,manual,0.00,,true,true,,,,,191-DVDASE-001A,https://cdn.shopify.com/s/files/1/0826/6363/7242/files/0-1782251940403.jpg?v=1782253797,1,191-DVDASE-001A,false,,,,,,,,,,,,,
re-animator,Re-Animator,"This high-definition Blu-ray release invites horror enthusiasts to experience a definitive cult classic known for its dark humor and boundary-pushing practical effects. The set features a stunning restoration of the film alongside a wealth of exclusive interviews, behind-the-scenes documentaries, and scholarly audio commentaries. It is an essential addition for collectors who appreciate grisly medical horror and faithful adaptations of macabre literature.",BLU-RAY,,,"Rental, Sci-Fi",true,Condition,Standard,,Serial Number,001A,,,,,191-BLRREA-001A,0.0,shopify,1,deny,manual,0.00,,true,true,,,,,191-BLRREA-001A,https://cdn.shopify.com/s/files/1/0826/6363/7242/files/0-1782251708151.jpg?v=1782253796,1,191-BLRREA-001A,false,,,,,,,,,,,,,
casino,Casino,"This sleek electronic handheld device offers an authentic gaming experience with multiple classic vegas-style play modes and a high-contrast digital display. Its pocket-sized design features responsive physical buttons and automated scoring, making it the perfect portable companion for casual entertainment on the go. Experience the thrill of the jackpot anytime with this durable and easy-to-use gaming console.",DVD,,,Drama,true,Condition,Standard,,Serial Number,001A,,,,,191-DVDCAS-001A,0.0,shopify,1,deny,manual,0.00,,true,true,,,,,191-DVDCAS-001A,https://cdn.shopify.com/s/files/1/0826/6363/7242/files/0-1782251668630.jpg?v=1782253794,1,191-DVDCAS-001A,false,,,,,,,,,,,,,
sleepless-in-seattle,Sleepless in Seattle,"<div role=""presentation"" class=""wDYxhc"" data-md=""50"" data-hveid=""CBkQAA"" data-ved=""2ahUKEwipt6rfxtWVAxVmGFkFHd0IDyMQkCl6BAgZEAA"">
<div class=""PZPZlf hb8SAc IFvyDb"" data-attrid=""description"" data-hveid=""CBkQAQ"" data-ved=""2ahUKEwipt6rfxtWVAxVmGFkFHd0IDyMQziAoAHoECBkQAQ"">
<div>
<div>
<div class=""kno-rdesc kno-desc-sh""><span>After the death of his wife, Sam Baldwin (Tom Hanks) moves to Seattle with his son, Jonah (Ross Malinger). When Jonah calls in to a talk-radio program to find a new wife for his father, Sam grudgingly gets on the line to discuss his feelings. Annie Reed (Meg Ryan), a reporter in Baltimore, hears Sam<span class=""yZlgBd""> speak and falls for him, even though she is engaged. Unsure where it will lead, she writes Sam a letter asking him to meet her at the Empire State Building on Valentine's Day.</span></span></div>
</div>
</div>
</div>
</div>",DVD,Uncategorized,,"Rental, Romatic Comedy",true,Genre,Romantic Comedy,,Serial Number,001A,,,,,191-DVDSLE-001A,0.0,shopify,1,deny,manual,0.00,,true,true,,,,,191-DVDSLE-001A,https://cdn.shopify.com/s/files/1/0826/6363/7242/files/0-1782251917330.jpg?v=1782253790,1,191-DVDSLE-001A,false,,,,,,,,,,,,,
the-jackal,The Jackal,"This high-performance bowling ball features a dynamic asymmetrical core designed to deliver a massive mid-lane read and an explosive backend motion. Its premium reactive coverstock provides exceptional traction on heavy oil patterns, ensuring a powerful entry angle into the pocket. Serious players will appreciate the blend of incredible durability and relentless pin-carrying power this versatile equipment offers.",DVD,,,Thriller,true,Condition,Standard,,Serial Number,001A,,,,,191-DVDTHJ-001A,0.0,shopify,1,deny,manual,0.00,,true,true,,,,,191-DVDTHJ-001A,https://cdn.shopify.com/s/files/1/0826/6363/7242/files/0-1782251879291.jpg?v=1782253789,1,191-DVDTHJ-001A,false,,,,,,,,,,,,,
fear,Fear,"This graphic t-shirt features a bold and haunting design printed on high-quality, comfortable fabric. Its striking visual elements and modern fit make it an ideal choice for enthusiasts of alternative style or statement streetwear. The versatile color palette ensures it pairs effortlessly with denim or layered looks for any casual occasion.",DVD,,,Thriller,true,Condition,Standard,,Serial Number,001A,,,,,191-DVDFER-001A,0.0,shopify,1,deny,manual,0.00,,true,true,,,,,191-DVDFER-001A,https://cdn.shopify.com/s/files/1/0826/6363/7242/files/0-1782251757325.jpg?v=1782253787,1,191-DVDFER-001A,false,,,,,,,,,,,,,
8-mile,8 Mile,This grit-filled drama offers a compelling look at the underground battle rap scene and the pursuit of a dream against all odds. Its powerful performances and authentic storytelling make it a must-have for fans of musical biopics and intense urban narratives. This high-definition physical release provides a crisp viewing experience for one of the most influential films of the early 2000s.,DVD,Uncategorized,,Drama,true,Condition,Standard,,Serial Number,001A,,,,,191-DVD8MI-001A,0.0,shopify,1,deny,manual,0.00,,true,true,,,,,191-DVD8MI-001A,https://cdn.shopify.com/s/files/1/0826/6363/7242/files/0-1782251813164.jpg?v=1782253784,1,191-DVD8MI-001A,false,,,,,,,,,,,,,
syriana,SYRIANA,This sophisticated fragrance offers a rich and alluring aroma profile that balances deep intensity with elegant undertones. It creates a captivating scent trail perfect for making a memorable impression during evening wear or special occasions. The stylish bottle design makes it a beautiful addition to any vanity or collection for those who appreciate bold and mysterious notes.,BLU-RAY,,,"Drama, Rental",true,Condition,Standard,,Serial Number,001A,,,,,191-BLRSYR-001A,0.0,shopify,1,deny,manual,0.00,,true,true,,,,,191-BLRSYR-001A,https://cdn.shopify.com/s/files/1/0826/6363/7242/files/0-1782251804457.jpg?v=1782253782,1,191-BLRSYR-001A,false,,,,,,,,,,,,,
the-lord-of-the-rings-the-fellowship-of-the-ring-fullscreen,The Lord of the Rings: The Fellowship of the Ring (Fullscreen),"Experience the beginning of an epic cinematic journey in this classic fullscreen edition, perfect for viewers who prefer a traditional aspect ratio on older television screens. This physical media copy allows you to enjoy the immersive world of Middle-earth and its legendary characters without the need for a streaming subscription. It is an essential addition for any fantasy fan looking to complete their home movie library with an iconic adventure.",DVD,,,Fantasy,true,Condition,Standard,,Serial Number,001A,,,,,191-DVDTHL-001A,0.0,shopify,1,deny,manual,0.00,,true,true,,,,,191-DVDTHL-001A,https://cdn.shopify.com/s/files/1/0826/6363/7242/files/0-1782251984515.jpg?v=1782253777,1,191-DVDTHL-001A,false,,,,,,,,,,,,,
texas-chain-saw-massacre,Texas Chain Saw Massacre,Experience this legendary horror masterpiece like never before with a stunning high-definition restoration that brings terrifying clarity to every frame. This anniversary edition includes a wealth of bonus content and behind-the-scenes features that explore the lasting impact of this cinematic milestone. It is an essential addition for collectors looking to own a definitive version of one of the most influential films in history.,BLU-RAY,,,"Horror, Rental",true,Condition,Standard,,Serial Number,001A,,,,,191-BLRTEX-001A,0.0,shopify,1,deny,manual,0.00,,true,true,,,,,191-BLRTEX-001A,https://cdn.shopify.com/s/files/1/0826/6363/7242/files/0-1782251764731.jpg?v=1782253776,1,191-BLRTEX-001A,false,,,,,,,,,,,,,
enchanted,Enchanted,This classic family film blends live-action comedy with vibrant animation to tell a whimsical fish-out-of-water story. It features memorable musical numbers and a charming cast that makes it a perfect addition to any movie collection for viewers of all ages. This physical disc ensures you can enjoy the magic of high-definition storytelling and special bonus features anytime you like.,DVD,,,"Kids & Family, Rental",true,Condition,Standard,,Serial Number,001A,,,,,191-DVDENC-001A,0.0,shopify,1,deny,manual,0.00,,true,true,,,,,191-DVDENC-001A,https://cdn.shopify.com/s/files/1/0826/6363/7242/files/0-1782251488981.jpg?v=1782253772,1,191-DVDENC-001A,false,,,,,,,,,,,,,
pixar-short-films-collection-volume-1,Pixar Short Films Collection Volume 1,"This comprehensive collection brings together the early groundbreaking animations that redefined the genre, featuring a mix of beloved classics and rare gems. Viewers can enjoy high-quality presentations of these imaginative tales along with insightful bonus features that explore the creative process behind the storytelling. It is an essential addition for fans of innovative animation and families looking for a charming variety of short-form cinematic adventures.",DVD,,,"Kids & Family, Rental",true,Condition,Standard,,Serial Number,001A,,,,,191-DVDPIX-001A,0.0,shopify,1,deny,manual,0.00,,true,true,,,,,191-DVDPIX-001A,https://cdn.shopify.com/s/files/1/0826/6363/7242/files/0-1782251443735.jpg?v=1782253770,1,191-DVDPIX-001A,false,,,,,,,,,,,,,
tango-cash,Tango & Cash,"This classic action cinema release features a high-definition transfer that captures every explosive stunt and comedic exchange in stunning detail. The physical edition includes collectible disc artwork and original theatrical audio, making it an essential addition for fans of high-energy eighties buddy-cop films. It offers a nostalgic viewing experience perfect for movie nights focused on iconic duo dynamics and retro blockbuster thrills.",BLU-RAY,,,"Action, Rental",true,Condition,Standard,,Serial Number,001A,,,,,191-BLRTAN-001A,0.0,shopify,1,deny,manual,0.00,,true,true,,,,,191-BLRTAN-001A,https://cdn.shopify.com/s/files/1/0826/6363/7242/files/0-1782251392896.jpg?v=1782253769,1,191-BLRTAN-001A,false,,,,,,,,,,,,,
a-time-to-kill-the-pelican-brief-the-client,A Time to Kill / The Pelican Brief / The Client,"This high-definition collection brings together three gripping legal thrillers based on bestselling novels, featuring star-studded casts and intense courtroom drama. Each film is presented in stunning clarity on separate discs, making it a must-have for fans of suspenseful storytelling and intricate plot twists. This set offers hours of cinematic excitement and is a perfect addition to any home library for movie marathons.",BLU-RAY,,,"Drama, Rental",true,Condition,Standard,,Serial Number,001A,,,,,191-BLRATI-001A,0.0,shopify,1,deny,manual,0.00,,true,true,,,,,191-BLRATI-001A,https://cdn.shopify.com/s/files/1/0826/6363/7242/files/0-1782251446520.jpg?v=1782253767,1,191-BLRATI-001A,false,,,,,,,,,,,,,
furious-7,Furious 7,"This extended edition features heart-pounding action and high-stakes stunts that push the boundaries of the franchise. It includes never-before-seen footage and explosive bonus content that provides a deeper look into the adrenaline-fueled world of street racing and international intrigue. Perfect for collectors, this release offers a high-definition cinematic experience and a moving tribute to its iconic cast.",BLU-RAY,,,"Action, Rental",true,Condition,Standard,,Serial Number,001A,,,,,191-BLRFUR-001A,0.0,shopify,1,deny,manual,0.00,,true,true,,,,,191-BLRFUR-001A,https://cdn.shopify.com/s/files/1/0826/6363/7242/files/0-1782251323790.jpg?v=1782253763,1,191-BLRFUR-001A,false,,,,,,,,,,,,,
cold-pursuit,Cold Pursuit,"This high-definition Blu-ray release offers a gripping cinematic experience centered on a father seeking justice in a frozen mountain landscape. It features stunning visuals of snow-covered terrain along with bonus content that provides a behind-the-scenes look at the making of this intense action thriller. The film blends dark humor with stylized violence, making it an essential addition for fans of gritty revenge stories and cinematic storytelling.",DVD,,,Action,true,Condition,Standard,,Serial Number,001A,,,,,191-DVDCOL-001A,0.0,shopify,1,deny,manual,0.00,,true,true,,,,,191-DVDCOL-001A,https://cdn.shopify.com/s/files/1/0826/6363/7242/files/0-1782251280113.jpg?v=1782253761,1,191-DVDCOL-001A,false,,,,,,,,,,,,,
cant-hardly-wait,Can't Hardly Wait,Relive the peak of nineties teen cinema with this classic coming-of-age comedy that perfectly captures the chaos and romance of a high school graduation party. The film features a massive ensemble cast of future stars and an iconic soundtrack that serves as a definitive time capsule of the era. This physical disc is a must-have for collectors and fans of nostalgic pop culture looking to complete their movie library.,DVD,,,"Comedy, Rental",true,Condition,Standard,,Serial Number,001A,,,,,191-DVDCAN-001A,0.0,shopify,1,deny,manual,0.00,,true,true,,,,,191-DVDCAN-001A,https://cdn.shopify.com/s/files/1/0826/6363/7242/files/0-1782251258134.jpg?v=1782253759,1,191-DVDCAN-001A,false,,,,,,,,,,,,,
cowboys-aliens,Cowboys & Aliens,This extended edition brings additional footage and deeper character development to the unique genre-bending spectacle of the Old West meeting extraterrestrial technology. Physical media collectors will appreciate the high-definition visuals and immersive audio that heighten every action sequence and gritty standoff. It is a must-have for fans of unconventional sci-fi as it offers a more complete look at this blockbuster confrontation between classic outlaws and otherworldly invaders.,BLU-RAY,,,"Rental, Sci-Fi",true,Condition,Standard,,Serial Number,001A,,,,,191-BLRCWB-001A,0.0,shopify,1,deny,manual,0.00,,true,true,,,,,191-BLRCWB-001A,https://cdn.shopify.com/s/files/1/0826/6363/7242/files/0-1782251232632.jpg?v=1782253758,1,191-BLRCWB-001A,false,,,,,,,,,,,,,
say-anything,Say Anything,This interactive party game challenges players to provide creative and humorous answers to lighthearted prompts. It encourages group participation and social bonding as players try to guess which response the judge prefers. The compact design and open-ended nature of the questions make it a perfect addition to any casual gathering or game night.,DVD,,,"Comedy, Rental",true,Condition,Standard,,Serial Number,001A,,,,,191-DVDSAY-001A,0.0,shopify,1,deny,manual,0.00,,true,true,,,,,191-DVDSAY-001A,https://cdn.shopify.com/s/files/1/0826/6363/7242/files/0-1782251215624.jpg?v=1782253754,1,191-DVDSAY-001A,false,,,,,,,,,,,,,
black-sheep,Black Sheep,"This unique collectible features a soft, textured finish and a charming monochromatic design that stands out in any display. Its minimalist aesthetic and high-quality craftsmanship make it a sophisticated addition for enthusiasts of stylized animal figures. Ideal for adding a touch of personality to a shelf or desk, this piece blends whimsical character with a sleek, modern look.",DVD,,,Comedy,true,Condition,Standard,,Serial Number,001A,,,,,191-DVDBLA-001A,0.0,shopify,1,deny,manual,0.00,,true,true,,,,,191-DVDBLA-001A,https://cdn.shopify.com/s/files/1/0826/6363/7242/files/0-1782251321990.jpg?v=1782253752,1,191-DVDBLA-001A,false,,,,,,,,,,,,,
spider-man-3,Spider-Man 3,"This poseable action figure features the iconic black costume design and multiple points of articulation for dynamic display options. Detailed sculpting captures the intricate web patterns and athletic build, making it a must-have addition for any classic superhero figure collection. High-quality materials ensure durability whether it is being used for imaginative play or showcased on a shelf.",Dvd,,,Action,true,Condition,Standard,,Serial Number,001A,,,,,191-DVDSPD-001A,0.0,shopify,1,deny,manual,0.00,,true,true,,,,,191-DVDSPD-001A,https://cdn.shopify.com/s/files/1/0826/6363/7242/files/0-1782251130457.jpg?v=1782253749,1,191-DVDSPD-001A,false,,,,,,,,,,,,,
pineapple-express,Pineapple Express,"This unrated edition of the cult classic action comedy features extended footage and outrageous bonus content not seen in theaters. It follows a high-stakes adventure triggered by a rare strain of illicit greens, blending high-octane stunts with signature stoner humor. The release is a must-have for fans looking to experience the complete, unfiltered version of this beloved buddy film.",DVD,,,"Comedy, Rental",true,Condition,Standard,,Serial Number,001A,,,,,191-DVDPIN-001A,0.0,shopify,1,deny,manual,0.00,,true,true,,,,,191-DVDPIN-001A,https://cdn.shopify.com/s/files/1/0826/6363/7242/files/0-1782251095758.jpg?v=1782253748,1,191-DVDPIN-001A,false,,,,,,,,,,,,,
life-aquatic,Life Aquatic,This special edition features a stunning high-definition digital restoration supervised by the director alongside a wealth of exclusive behind-the-scenes documentaries and interviews. Collectors will appreciate the inclusion of an original insert featuring artwork and production notes that deepen the viewing experience of this whimsical maritime adventure. It is an essential addition for any cinephile looking to own the definitive version of this quirky cult classic.,Dvd,,,Drama,true,Condition,Standard,,Serial Number,001A,,,,,191-DVDLIF-001A,0.0,shopify,1,deny,manual,0.00,,true,true,,,,,191-DVDLIF-001A,https://cdn.shopify.com/s/files/1/0826/6363/7242/files/0-1782251072291.jpg?v=1782253746,1,191-DVDLIF-001A,false,,,,,,,,,,,,,
juno,Juno,"This premium electric violin features an ultra-lightweight carbon fiber frame and a sophisticated active pickup system for crystal-clear amplified sound. Its unique ergonomic silhouette provides a comfortable playing experience while making a bold visual statement on any stage. Perfect for professional performers, this instrument offers seamless connectivity to effects pedals and recording interfaces without the risk of acoustic feedback.",DVD,,,"Comedy, Rental",true,Condition,Standard,,Serial Number,001A,,,,,191-DVDJUN-001A,0.0,shopify,1,deny,manual,0.00,,true,true,,,,,191-DVDJUN-001A,https://cdn.shopify.com/s/files/1/0826/6363/7242/files/0-1782251001590.jpg?v=1782253744,1,191-DVDJUN-001A,false,,,,,,,,,,,,,
body-of-lies-edge-of-darkness-pride-and-glory,Body of Lies / Edge of Darkness / Pride and Glory,"This three-movie collection offers a high-stakes viewing experience featuring intense espionage, gritty revenge, and complex police drama. Each film showcases powerful performances from award-winning leads, making it an essential set for fans of suspenseful crime thrillers. The multi-disc set provides hours of gripping entertainment with its focus on moral ambiguity and pulse-pounding action.",BLU-RAY,,,"Action, Rental",true,Condition,Standard,,Serial Number,001A,,,,,191-BLRBOD-001A,0.0,shopify,1,deny,manual,0.00,,true,true,,,,,191-BLRBOD-001A,https://cdn.shopify.com/s/files/1/0826/6363/7242/files/0-1782250756123.jpg?v=1782253743,1,191-BLRBOD-001A,false,,,,,,,,,,,,,
4400-the-complete-first-season,4400: The Complete First Season,"This premiere season collection follows the mysterious return of thousands of missing people across several decades, all reappearing at once without having aged a day. The two-disc set captures the suspense and supernatural intrigue of the initial episodes as investigators work to uncover the truth behind their sudden reappearance. Experience the high-stakes drama and character-driven storytelling that launched this acclaimed science fiction mystery series.",DVD,,,Thriller,true,Condition,Standard,,Serial Number,001A,,,,,191-DVD440-001A,0.0,shopify,1,deny,manual,0.00,,true,true,,,,,191-DVD440-001A,https://cdn.shopify.com/s/files/1/0826/6363/7242/files/0-1782250733322.jpg?v=1782253741,1,191-DVD440-001A,false,,,,,,,,,,,,,
red-heat,Red Heat,"Exude confidence with this bold and fiery fragrance that captures a sense of intense passion through its vibrant profile. The scent balances warm, spicy undertones with a deep energy, making it an ideal choice for evening wear or special occasions where you want to leave a lasting impression. Its striking presentation and powerful aroma are designed for those who appreciate a daring and magnetic olfactory experience.",BLU-RAY,,,"Action, Rental",true,Condition,Standard,,Serial Number,001A,,,,,191-BLRRED-001A,0.0,shopify,1,deny,manual,0.00,,true,true,,,,,191-BLRRED-001A,https://cdn.shopify.com/s/files/1/0826/6363/7242/files/0-1782250685213.jpg?v=1782253739,1,191-BLRRED-001A,false,,,,,,,,,,,,,
lost-in-translation,Lost in Translation,This Academy Award-winning cinematic masterpiece tells a poignant story of unexpected connection set against the vibrant backdrop of modern Tokyo. This physical media edition features high-definition visuals and immersive audio that capture every subtle emotion and atmospheric detail of the film. It is an essential addition for collectors who appreciate thoughtful storytelling and beautiful cinematography.,DVD,,,"Comedy, Rental",true,Condition,Standard,,Serial Number,001A,,,,,191-DVDLOS-001A,0.0,shopify,1,deny,manual,0.00,,true,true,,,,,191-DVDLOS-001A,https://cdn.shopify.com/s/files/1/0826/6363/7242/files/0-1782250724042.jpg?v=1782253737,1,191-DVDLOS-001A,false,,,,,,,,,,,,,
kill-bill-volume-2,Kill Bill Volume 2,"This high-definition Blu-ray edition brings the thrilling conclusion of the legendary revenge saga to life with stunning visual clarity and immersive audio. Collectors will appreciate the inclusion of exclusive bonus features, including deleted scenes and a behind-the-scenes look at the making of this cinematic masterpiece. It is an essential addition for any film enthusiast looking to complete their library of iconic action cinema.",DVD,,,Thriller,true,Condition,Standard,,Serial Number,001A,,,,,191-DVDKIL-001A,0.0,shopify,1,deny,manual,0.00,,true,true,,,,,191-DVDKIL-001A,https://cdn.shopify.com/s/files/1/0826/6363/7242/files/0-1782250664774.jpg?v=1782253735,1,191-DVDKIL-001A,false,,,,,,,,,,,,,
cobra-verde-dvd,Cobra Verde (DVD),This cinematic masterpiece follows an impoverished rancher who travels to West Africa and becomes a powerful slave trader in a haunting tale of madness and ambition. This physical media edition offers a high-quality viewing experience of the visually stunning collaboration between a legendary director and his volatile lead actor. It is an essential addition for collectors who appreciate intense historical dramas and the peak of international arthouse cinema.,DVD,,,Drama,true,Condition,Standard,,Serial Number,001A,,,,,191-DVDCOB-001A,0.0,shopify,1,deny,manual,0.00,,true,true,,,,,191-DVDCOB-001A,https://cdn.shopify.com/s/files/1/0826/6363/7242/files/0-1782250607257.jpg?v=1782253734,1,191-DVDCOB-001A,false,,,,,,,,,,,,,
ratatouille,Ratatouille,"This heartwarming animated masterpiece follows an ambitious rodent with a refined palate who pursues his culinary dreams in a prestigious French kitchen. The vibrant visuals and charming storyline make it a timeless choice for family movie night or fans of gourmet storytelling. This high-definition disc provides a delightful viewing experience filled with humor, inspiration, and stunning artistry.",DVD,,,"Kids & Family, Rental",true,Condition,Standard,,Serial Number,001A,,,,,191-DVDRAT-001A,0.0,shopify,1,deny,manual,0.00,,true,true,,,,,191-DVDRAT-001A,https://cdn.shopify.com/s/files/1/0826/6363/7242/files/0-1782250915264.jpg?v=1782253732,1,191-DVDRAT-001A,false,,,,,,,,,,,,,
young-girls-of-rochefort,Young Girls of Rochefort,This high-definition digital restoration breathes new life into a vibrant pastel masterpiece of the French New Wave musical genre. The release features an uncompressed monaural soundtrack and a comprehensive suite of supplements including a feature-length documentary on the film's production and legacy. Cinema enthusiasts will appreciate the inclusion of an illustrated booklet featuring insightful essays and interview excerpts from the legendary director.,DVD,,,"Musical, Rental",true,Condition,Standard,,Serial Number,001A,,,,,191-DVDYNG-001A,0.0,shopify,1,deny,manual,0.00,,true,true,,,,,191-DVDYNG-001A,https://cdn.shopify.com/s/files/1/0826/6363/7242/files/0-1782250449231.jpg?v=1782253729,1,191-DVDYNG-001A,false,,,,,,,,,,,,,
best-of-abbott-and-costello-volume-4,Best of Abbott and Costello Volume 4,"This classic DVD compilation features a hilarious selection of digitally remastered films from one of Hollywood's most legendary comedy duos. Fans can enjoy hours of timeless slapstick, witty banter, and iconic sketches that have entertained audiences for generations. It is a must-have addition for any cinema enthusiast looking to complete their vintage media library.",The Franchise Collection,,,"Comedy, Rental",true,Condition,Standard,,Serial Number,001A,,,,,191-THFBES-001A,0.0,shopify,1,deny,manual,0.00,,true,true,,,,,191-THFBES-001A,https://cdn.shopify.com/s/files/1/0826/6363/7242/files/0-1782250421185.jpg?v=1782253727,1,191-THFBES-001A,false,,,,,,,,,,,,,
la-strada,LA STRADA,"This definitive high-definition digital restoration captures a cinematic masterpiece with stunning visual clarity and uncompressed monaural sound. The release includes scholarly audio commentary, a feature-length documentary on the director, and an insightful visual essay that explores the film's profound poetic legacy. It is an essential addition for collectors seeking a deeper understanding of one of Italian cinema's most heart-wrenching and enduring stories.",DVD,,,Drama,true,Condition,Standard,,Serial Number,001A,,,,,191-THCFED-001A,0.0,shopify,1,deny,manual,0.00,,true,true,,,,,191-THCFED-001A,https://cdn.shopify.com/s/files/1/0826/6363/7242/files/0-1782250787839.jpg?v=1782253724,1,191-THCFED-001A,false,,,,,,,,,,,,,
fantasia-2000,Fantasia 2000,This classic animated masterpiece on VHS offers a breathtaking fusion of classical music and imaginative storytelling through vibrant hand-drawn sequences. It serves as a stunning visual and auditory journey that appeals to collectors and families looking to experience a landmark piece of cinematic history. This vintage release is a nostalgic essential for anyone seeking to revisit an era of groundbreaking artistic innovation.,DVD,,,"Kids & Family, Rental",true,Condition,Standard,,Serial Number,001A,,,,,191-DVDFAN-001A,0.0,shopify,1,deny,manual,0.00,,true,true,,,,,191-DVDFAN-001A,https://cdn.shopify.com/s/files/1/0826/6363/7242/files/0-1782250838450.jpg?v=1782253722,1,191-DVDFAN-001A,false,,,,,,,,,,,,,
spirited-away,Spirited Away,"This Academy Award-winning animated masterpiece invites viewers into a breathtaking fantasy world filled with imaginative spirits and hand-drawn detail. The physical edition serves as an essential addition for collectors and fans of high-quality cinematic storytelling, featuring stunning visuals and a deeply moving narrative. Its timeless appeal makes it a perfect choice for family movie nights or building a comprehensive home media library.",DVD,,,"Kids & Family, Rental",true,Condition,Standard,,Serial Number,001A,,,,,191-DVDSPI-001A,0.0,shopify,1,deny,manual,0.00,,true,true,,,,,191-DVDSPI-001A,https://cdn.shopify.com/s/files/1/0826/6363/7242/files/0-1782250769878.jpg?v=1782253721,1,191-DVDSPI-001A,false,,,,,,,,,,,,,
royal-tenenbaums,Royal Tenenbaums,This special edition double-disc set features a director-approved digital transfer accompanied by an audio commentary and a collection of behind-the-scenes documentaries. The physical package includes a collectible insert with original illustrations and promotional artwork that captures the whimsical aesthetic of the film. It is an essential addition for cinema enthusiasts looking to explore the creative process through extensive interviews and deleted scenes.,DVD,,,"Comedy, Rental",true,Condition,Standard,,Serial Number,002A,,,,,191-DVDROY-002A,0.0,shopify,1,deny,manual,0.00,,true,true,,,,,191-DVDROY-002A,https://cdn.shopify.com/s/files/1/0826/6363/7242/files/0-1782250674736.jpg?v=1782253719,1,191-DVDROY-002A,false,,,,,,,,,,,,,
royal-tenenbaums,,,,,,,,,Standard,,,001A,,,,,191-DVDROY-001A,0.0,shopify,1,deny,manual,0.00,,true,true,,,,,191-DVDROY-001A,https://cdn.shopify.com/s/files/1/0826/6363/7242/files/0-1782250495411.jpg?v=1782253718,2,191-DVDROY-001A,,,,,,,,,,,,,,
fear-and-loathing-in-las-vegas,Fear and Loathing in Las Vegas,"This special director-approved edition features a high-definition digital transfer with a DTS-HD Master Audio soundtrack for an immersive sensory experience. It includes two feature-length commentaries and an extensive collection of behind-the-scenes documentaries that delve into the production and the source material’s cultural legacy. Packaged with a booklet containing critical essays and rare archival photographs, it is a definitive physical release for serious cinema collectors.",DVD,,,"Comedy, Rental",true,Condition,Standard,,Serial Number,001A,,,,,191-DVDFEA-001A,0.0,shopify,1,deny,manual,0.00,,true,true,,,,,191-DVDFEA-001A,https://cdn.shopify.com/s/files/1/0826/6363/7242/files/0-1782250553659.jpg?v=1782253717,1,191-DVDFEA-001A,false,,,,,,,,,,,,,
medallion,Medallion,"This delicate accessory features a reversible circular charm with a colorful enamel inlay and a polished metallic rim. It hangs from a dainty adjustable chain, making it a versatile piece for layering or wearing as a subtle solo statement. The sophisticated design adds a pop of modern elegance to any jewelry collection.",DVD,,,"Action, Rental",true,Condition,Standard,,Serial Number,001A,,,,,191-DVDMED-001A,0.0,shopify,1,deny,manual,0.00,,true,true,,,,,191-DVDMED-001A,https://cdn.shopify.com/s/files/1/0826/6363/7242/files/0-1782250352349.jpg?v=1782253713,1,191-DVDMED-001A,false,,,,,,,,,,,,,
get-out,Get Out,This modern horror masterpiece delivers a gripping psychological narrative that explores complex social themes through intense suspense and a chilling atmosphere. The acclaimed thriller features an Academy Award winning screenplay and standout performances that keep viewers on the edge of their seats from start to finish. It is a must-have addition for any cinema lover looking to own one of the most culturally significant and thought-provoking films of the decade.,BLU-RAY,,,"Horror, Rental",true,Condition,Standard,,Serial Number,001A,,,,,191-BLRGET-001A,0.0,shopify,1,deny,manual,0.00,,true,true,,,,,191-BLRGET-001A,https://cdn.shopify.com/s/files/1/0826/6363/7242/files/0-1782250298820.jpg?v=1782253710,1,191-BLRGET-001A,false,,,,,,,,,,,,,
the-beales-of-grey-gardens,The Beales of Grey Gardens,This comprehensive collection offers an intimate look at the lives of two iconic American socialites through previously unreleased footage and rare archival materials. The high-definition digital transfer is accompanied by an insightful audio commentary and a detailed booklet that provides deeper historical context for fans of the original documentary. This release is a quintessential addition for any serious film enthusiast seeking to explore the eccentricities and enduring legacy of these fascinating women.,DVD,,,"Documentary, Rental",true,Condition,Standard,,Serial Number,001A,,,,,191-DVDTHB-001A,0.0,shopify,1,deny,manual,0.00,,true,true,,,,,191-DVDTHB-001A,https://cdn.shopify.com/s/files/1/0826/6363/7242/files/0-1782250220947.jpg?v=1782253706,1,191-DVDTHB-001A,false,,,,,,,,,,,,,
memento,Memento,This thoughtfully crafted keepsake serves as a meaningful token to commemorate significant life events and personal milestones. Its elegant design and timeless aesthetic make it a sophisticated addition to any collection or a heartfelt gift for someone special. The durable construction ensures it remains a lasting symbol of cherished memories for years to come.,DVD,,,"Rental, Thriller",true,Condition,Standard,,Serial Number,001A,,,,,191-DVDMEM-001A,0.0,shopify,1,deny,manual,0.00,,true,true,,,,,191-DVDMEM-001A,https://cdn.shopify.com/s/files/1/0826/6363/7242/files/0-1782250169396.jpg?v=1782253704,1,191-DVDMEM-001A,false,,,,,,,,,,,,,
three-kings,Three Kings,"This hand-painted three-piece figurine set captures a classic holiday scene with intricate traditional detailing and rich, regal colors. Each statue features unique textures and golden accents, making it a sophisticated centerpiece for seasonal decor or a mantel display. High-quality craftsmanship ensures these timeless pieces bring an elegant and reverent atmosphere to your home for years to come.",DVD,,,"Action, Rental",true,Condition,Standard,,Serial Number,001A,,,,,191-DVDTHR-001A,0.0,shopify,1,deny,manual,0.00,,true,true,,,,,191-DVDTHR-001A,https://cdn.shopify.com/s/files/1/0826/6363/7242/files/0-1782250168127.jpg?v=1782253702,1,191-DVDTHR-001A,false,,,,,,,,,,,,,
star-trek-nemesis,Star Trek: Nemesis,"Experience the final cinematic chapter of the Next Generation crew with this high-definition home media release. This disc features intense interstellar combat and deep character exploration, complete with bonus behind-the-scenes content and director commentary. It is a must-have addition for fans looking to complete their science fiction library with a pivotal moment in space-travel history.",DVD,,,Sci-Fi,true,Condition,Standard,,Serial Number,001A,,,,,191-DVDSTA-001A,0.0,shopify,1,deny,manual,0.00,,true,true,,,,,191-DVDSTA-001A,https://cdn.shopify.com/s/files/1/0826/6363/7242/files/0-1782250086219.jpg?v=1782253700,1,191-DVDSTA-001A,false,,,,,,,,,,,,,
bambi,Bambi,"Experience the heartwarming classic in stunning high definition with this multi-format collection featuring the original animated masterpiece and a variety of behind-the-scenes bonus content. This anniversary set includes digital and physical copies, allowing for seamless viewing across all your favorite devices while preserving every vibrant detail of the lush hand-drawn forest. It is an essential addition for collectors and families looking to share a timeless story of friendship and nature's beauty.",BLU-RAY,,,Kids & Family,true,Condition,Standard,,Serial Number,001A,,,,,191-BLRBAM-001A,0.0,shopify,1,deny,manual,0.00,,true,true,,,,,191-BLRBAM-001A,https://cdn.shopify.com/s/files/1/0826/6363/7242/files/0-1782250065772.jpg?v=1782253698,1,191-BLRBAM-001A,false,,,,,,,,,,,,,
napoleon-dynamite,Napoleon Dynamite,Capture the iconic aesthetic of early 2000s indie cinema with this classic graphic tee featuring a high-contrast character portrait. The breathable cotton construction and relaxed fit provide everyday comfort for fans of quirky cult comedies. It serves as an instantly recognizable statement piece that brings a nostalgic touch to any casual wardrobe.,DVD,,,Comedy,true,Condition,Standard,,Serial Number,001A,,,,,191-DVDNAP-001A,0.0,shopify,1,deny,manual,0.00,,true,true,,,,,191-DVDNAP-001A,https://cdn.shopify.com/s/files/1/0826/6363/7242/files/0-1782250040873.jpg?v=1782253696,1,191-DVDNAP-001A,false,,,,,,,,,,,,,
jumanji-welcome-to-the-jungle,Jumanji: Welcome to the Jungle,Experience the thrill of a high-stakes jungle adventure with this action-packed addition to your family movie collection. This physical copy allows you to revisit every comedic moment and stunning visual sequence in high definition from the comfort of your home. It includes a variety of special featurettes that take you behind the scenes for an immersive look at the making of this modern blockbuster hit.,BLU-RAY,,,Kids & Family,true,Condition,Standard,,Serial Number,001A,,,,,191-BLRJUM-001A,0.0,shopify,1,deny,manual,0.00,,true,true,,,,,191-BLRJUM-001A,https://cdn.shopify.com/s/files/1/0826/6363/7242/files/0-1782250529029.jpg?v=1782253693,1,191-BLRJUM-001A,false,,,,,,,,,,,,,
goodfellas,GoodFellas,"This high-definition anniversary release features a stunning digital restoration that brings the gritty visual detail of this cinematic masterpiece to life. The special edition disc includes a wealth of bonus content, including cast commentaries and a feature-length documentary exploring the lasting legacy of this iconic organized crime saga. It is an essential addition for any film enthusiast looking to experience this legendary story with superior picture and sound quality.",BLU-RAY,,,"Drama, Rental",true,Condition,Standard,,Serial Number,001A,,,,,,0.0,,0,deny,manual,0.00,,true,true,,,,,80012538,https://cdn.shopify.com/s/files/1/0826/6363/7242/files/0-1782250172958.jpg?v=1782253690,1,191-BLRGDF-001A,false,,,,,,,,,,,,,
goodfellas,,,,,,,,,,,,,,,,,,,,,,,,,,,,,,,,https://cdn.shopify.com/s/files/1/0826/6363/7242/files/0-1782252992792.jpg?v=1782253690,2,191-DVDGOO-001A,,,,,,,,,,,,,,
goodfellas,,,,,,,,,,,,,,,,,,,,,,,,,,,,,,,,https://cdn.shopify.com/s/files/1/0826/6363/7242/files/0-1782250172958_540e7368-eddb-478d-b038-70f18f680fa7.jpg?v=1782253965,3,191-BLRGDF-001A,,,,,,,,,,,,,,
goodfellas,,,,,,,,,,,,,,,,,,,,,,,,,,,,,,,,https://cdn.shopify.com/s/files/1/0826/6363/7242/files/0-1782252992792_77bdb419-f78f-4ce5-9877-7f93a88a53e2.jpg?v=1782253964,4,191-DVDGOO-001A,,,,,,,,,,,,,,
goodfellas,,,,,,,,,,,,,,,,,,,,,,,,,,,,,,,,https://cdn.shopify.com/s/files/1/0826/6363/7242/files/0-1782250172958_b9a5356a-7d34-4528-8398-e17af0a3401b.jpg?v=1782257846,5,191-BLRGDF-001A,,,,,,,,,,,,,,
goodfellas,,,,,,,,,,,,,,,,,,,,,,,,,,,,,,,,https://cdn.shopify.com/s/files/1/0826/6363/7242/files/0-1782252992792_c071c2d5-d655-436c-9ae6-e59dd06fbc52.jpg?v=1782257846,6,191-DVDGOO-001A,,,,,,,,,,,,,,
goodfellas,,,,,,,,,,,,,,,,,,,,,,,,,,,,,,,,https://cdn.shopify.com/s/files/1/0826/6363/7242/files/0-1782250172958_36a3bb5f-62a9-4024-801a-1da93788e400.jpg?v=1782258368,7,191-BLRGDF-001A,,,,,,,,,,,,,,
goodfellas,,,,,,,,,,,,,,,,,,,,,,,,,,,,,,,,https://cdn.shopify.com/s/files/1/0826/6363/7242/files/0-1782252992792_68f32553-f936-4378-8ef7-1c22303d50bd.jpg?v=1782258367,8,191-DVDGOO-001A,,,,,,,,,,,,,,
goodfellas,,,,,,,,,,,,,,,,,,,,,,,,,,,,,,,,https://cdn.shopify.com/s/files/1/0826/6363/7242/files/0-1782250172958_048b6fac-e8c2-4f24-ab57-f2b44830d131.jpg?v=1782258952,9,191-BLRGDF-001A,,,,,,,,,,,,,,
goodfellas,,,,,,,,,,,,,,,,,,,,,,,,,,,,,,,,https://cdn.shopify.com/s/files/1/0826/6363/7242/files/0-1782252992792_cf03255d-17e6-4ff3-928e-bfe6f342d056.jpg?v=1782258953,10,191-DVDGOO-001A,,,,,,,,,,,,,,
being-john-malkovich,Being John Malkovich,"This special edition release features a high-definition digital restoration supervised by the director alongside a wealth of exclusive bonus content including behind-the-scenes documentaries and filmmaker interviews. It includes a collectible booklet containing an essay on the film's cultural impact, making it an essential addition for fans of surrealist cinema and boutique physical media.",BLU-RAY,,,Rental,true,Condition,Standard,,Serial Number,001A,,,,,191-BLRBEI-001A,0.0,shopify,1,deny,manual,0.00,,true,true,,,,,191-BLRBEI-001A,https://cdn.shopify.com/s/files/1/0826/6363/7242/files/0-1782249961255.jpg?v=1782253687,1,191-BLRBEI-001A,false,,,,,,,,,,,,,
herbie-fully-loaded,Herbie: Fully Loaded,Join everyone’s favorite adventurous racing car in this family-friendly comedy filled with high-speed stunts and heartwarming humor. This DVD edition features exclusive behind-the-scenes footage and deleted scenes that capture the magic of the beloved franchise's modern revival. It is the perfect addition to any movie collection for fans of classic automotive action and lighthearted storytelling.,Walt Disney Pictures,,,Kids & Family,true,Condition,Standard,,Serial Number,001A,,,,,191-WALHER-001A,0.0,shopify,1,deny,manual,0.00,,true,true,,,,,191-WALHER-001A,https://cdn.shopify.com/s/files/1/0826/6363/7242/files/0-1782249953300.jpg?v=1782253685,1,191-WALHER-001A,false,,,,,,,,,,,,,
the-cabin-in-the-woods,The Cabin in the Woods,This physical media set offers the complete cinematic experience with both a high-definition disc and digital viewing options for on-the-go access. Fans of the genre will appreciate the crisp playback and included bonus features that dive deep into the making of this modern cult classic. It is an essential addition for collectors looking to own a permanent copy of this critically acclaimed and subversive horror masterpiece.,DVD,,,"Horror, Rental",true,Condition,Standard,,Serial Number,001A,,,,,191-DVDTHC-001A,0.0,shopify,1,deny,manual,0.00,,true,true,,,,,191-DVDTHC-001A,https://cdn.shopify.com/s/files/1/0826/6363/7242/files/0-1782249926062.jpg?v=1782253684,1,191-DVDTHC-001A,false,,,,,,,,,,,,,
16-blocks,16 Blocks,"This colorful building set features sixteen chunky, easy-to-grip pieces designed to spark creative construction and fine motor development in young children. The vibrant geometric shapes fit together seamlessly, offering endless possibilities for stacking, sorting, and imaginative play. Its durable construction ensures long-lasting fun, making it an essential addition to any early learning toy collection.",BLU-RAY,,,"Action, Rental",true,Condition,Standard,,Serial Number,001A,,,,,191-BLR16B-001A,0.0,shopify,1,deny,manual,0.00,,true,true,,,,,191-BLR16B-001A,https://cdn.shopify.com/s/files/1/0826/6363/7242/files/0-1782250805835.jpg?v=1782253682,1,191-BLR16B-001A,false,,,,,,,,,,,,,
despicable-me,Despicable Me,"This playful collectible features the iconic round yellow character in his signature denim overalls and silver goggles. Perfect for fans and collectors, this high-quality figure captures a mischievous expression that adds a touch of whimsical charm to any shelf or desk display. The durable construction and vibrant colors ensure it remains a standout piece in any animation-inspired collection.",BLU-RAY,,,Kids & Family,true,Condition,Standard,,Serial Number,001A,,,,,191-BLRDES-001A,0.0,shopify,1,deny,manual,0.00,,true,true,,,,,191-BLRDES-001A,https://cdn.shopify.com/s/files/1/0826/6363/7242/files/0-1782250439155.jpg?v=1782253680,1,191-BLRDES-001A,false,,,,,,,,,,,,,
smiles-of-a-summer-night,Smiles of a Summer Night,"This elegant home video release features a high-definition digital restoration of the classic romantic comedy, accompanied by an archival introduction and a scholarly video essay. Film enthusiasts will appreciate the inclusion of an illustrated booklet containing insightful critical analysis and detailed production notes. It is a sophisticated addition to any collection, offering both visual excellence and comprehensive contextual materials.",DVD,Uncategorized,,Comedy,true,Condition,Standard,,Serial Number,001A,,,,,191-DVDSMI-001A,0.0,shopify,1,deny,manual,0.00,,true,true,,,,,191-DVDSMI-001A,https://cdn.shopify.com/s/files/1/0826/6363/7242/files/0-1782250289838.jpg?v=1782253678,1,191-DVDSMI-001A,false,,,,,,,,,,,,,
saving-private-ryan,Saving Private Ryan,Experience one of the most intense and realistic depictions of historical combat ever filmed in stunning high definition. This award-winning cinematic masterpiece delivers immersive surround sound and breathtaking visuals that bring the harrowing journey across war-torn Europe to life. It is an essential addition for any collector seeking a profound and emotionally gripping story of courage and sacrifice.,BLU-RAY,,,"Drama, Rental",true,Condition,Standard,,Serial Number,001A,,,,,191-BLRSAV-001A,0.0,shopify,1,deny,manual,0.00,,true,true,,,,,191-BLRSAV-001A,https://cdn.shopify.com/s/files/1/0826/6363/7242/files/0-1782249865438.jpg?v=1782253677,1,191-BLRSAV-001A,false,,,,,,,,,,,,,
fahrenheit-9-11,Fahrenheit 9/11,This thought-provoking documentary is presented in a standard DVD format and explores critical political themes with intense visual storytelling. It serves as a significant cultural artifact for history buffs and film collectors interested in award-winning investigative cinema. This physical copy features original cover art and is a must-have for anyone looking to complete their collection of influential non-fiction works.,DVD,,,"Documentary, Rental",true,Condition,Standard,,Serial Number,001A,,,,,191-DVDFAH-001A,0.0,shopify,1,deny,manual,0.00,,true,true,,,,,191-DVDFAH-001A,https://cdn.shopify.com/s/files/1/0826/6363/7242/files/0-1782249818065.jpg?v=1782253675,1,191-DVDFAH-001A,false,,,,,,,,,,,,,
the-forgotten,The Forgotten,This classic supernatural thriller follows a grieving mother who begins to doubt her own reality when those around her claim her son never existed. It offers a suspenseful blend of mystery and science fiction that keeps viewers guessing until the final revelation. This pre-owned physical copy is a perfect addition for collectors of early 2000s cinema or fans of psychological dramas.,Blockbuster,,,Thriller,true,Condition,Standard,,Serial Number,001A,,,,,191-BL2THE-001A,0.0,shopify,1,deny,manual,0.00,,true,true,,,,,191-BL2THE-001A,https://cdn.shopify.com/s/files/1/0826/6363/7242/files/0-1782249728988.jpg?v=1782253673,1,191-BL2THE-001A,false,,,,,,,,,,,,,
snatch-special-edition,Snatch (Special Edition),"This high-definition special edition comes encased in a premium steel book, making it a standout addition to any physical media collection. It features an array of exclusive bonus content, including behind-the-scenes featurettes and director commentaries that offer an in-depth look at this cult classic crime comedy. The enhanced visual transfer ensures a crisp viewing experience for fans of fast-paced storytelling and sharp dialogue.",DVD,,,"Drama, Rental",true,Condition,Standard,,Serial Number,001A,,,,,191-DVDSNA-001A,0.0,shopify,1,deny,manual,0.00,,true,true,,,,,191-DVDSNA-001A,https://cdn.shopify.com/s/files/1/0826/6363/7242/files/0-1782249662182.jpg?v=1782253672,1,191-DVDSNA-001A,false,,,,,,,,,,,,,
cheaters,Cheaters,"These lightweight reading glasses feature a durable rectangular frame designed for long-lasting comfort and everyday clarity. The classic aesthetic and versatile magnification make them an essential accessory for reading or close-up work. They provide a sleek, professional look that easily transitions from the office to the home.",DVD,,,,true,Condition,Standard,,Serial Number,001A,,,,,191-DVDCHE-001A,0.0,shopify,1,deny,manual,0.00,,true,true,,,,,191-DVDCHE-001A,https://cdn.shopify.com/s/files/1/0826/6363/7242/files/0-1782249884999.jpg?v=1782253671,1,191-DVDCHE-001A,false,,,,,,,,,,,,,
