Handle,Title,Body (HTML),Vendor,Product Category,Type,Tags,Published,Option1 Name,Option1 Value,Option1 Linked To,Option2 Name,Option2 Value,Option2 Linked To,Option3 Name,Option3 Value,Option3 Linked To,Variant SKU,Variant Grams,Variant Inventory Tracker,Variant Inventory Qty,Variant Inventory Policy,Variant Fulfillment Service,Variant Price,Variant Compare At Price,Variant Requires Shipping,Variant Taxable,Unit Price Total Measure,Unit Price Total Measure Unit,Unit Price Base Measure,Unit Price Base Measure Unit,Variant Barcode,Image Src,Image Position,Image Alt Text,Gift Card,SEO Title,SEO Description,Waitlist Emails (product.metafields.custom.waitlist_emails),Art style (product.metafields.shopify.art-style),Carry options (product.metafields.shopify.carry-options),Color (product.metafields.shopify.color-pattern),Genre (product.metafields.shopify.genre),Media format (product.metafields.shopify.media-format),Neckline (product.metafields.shopify.neckline),Orientation (product.metafields.shopify.orientation),Sleeve length type (product.metafields.shopify.sleeve-length-type),Theme (product.metafields.shopify.theme),Tote handle type (product.metafields.shopify.tote-handle-type),Complementary products (product.metafields.shopify--discovery--product_recommendation.complementary_products),Related products (product.metafields.shopify--discovery--product_recommendation.related_products),Related products settings (product.metafields.shopify--discovery--product_recommendation.related_products_display),Search product boosts (product.metafields.shopify--discovery--product_search_boost.queries),Variant Image,Variant Weight Unit,Variant Tax Code,Cost per item,Status
escape-clause,Escape Clause,"<p>A man finds out  that his wife has paid $10,000 to have him killed.  Then both the would-be killer and the wife turn up dead ...</p>",VHS,Media > Videos,,"Formatted, Rental, Thriller, VHS",true,Genre,Thriller,,,,,,,,,0.0,shopify,1,deny,manual,0.00,,true,true,,,,,191-VHSSCP-001A,https://cdn.shopify.com/s/files/1/0671/0552/1726/files/0-1782258616063.jpg?v=1787925865,1,191-VHSSCP-001A,false,,,,,,,thriller,,,,,,,,,,,,lb,,,active
deadly-little-secrets,Deadly Little Secrets,<p>A federal agent and ex-detective attempt to bring a physician with murderous tendencies to justice.</p>,VHS,Media > Videos,,"Formatted, Rental, Thriller, VHS",true,Genre,Thriller,,,,,,,,,0.0,shopify,1,deny,manual,0.00,,true,true,,,,,191-VHSDES-001A,https://cdn.shopify.com/s/files/1/0671/0552/1726/files/0-1782258923180.jpg?v=1787925865,1,191-VHSDES-001A,false,,,,,,,thriller,,,,,,,,,,,,lb,,,active
deadlocked,Deadlocked,,VHS,Media > Videos,,"Formatted, Rental, Thriller, VHS",true,Genre,Thriller,,,,,,,,,0.0,shopify,1,deny,manual,0.00,,true,true,,,,,191-VHSDDL-001A,https://cdn.shopify.com/s/files/1/0671/0552/1726/files/0-1782258843836.jpg?v=1787925866,1,191-VHSDDL-001A,false,,,,,,,thriller,,,,,,,,,,,,lb,,,active
trial,Trial,,VHS,Media > Videos,,"Formatted, Rental, Thriller, VHS",true,Genre,Thriller,,,,,,,,,0.0,shopify,1,deny,manual,0.00,,true,true,,,,,191-VHSTRL-001A,https://cdn.shopify.com/s/files/1/0671/0552/1726/files/0-1782258773566.jpg?v=1787925867,1,191-VHSTRL-001A,false,,,,,,,thriller,,,,,,,,,,,,lb,,,active
born-innocent,Born Innocent,,VHS,Media > Videos,,"Formatted, Rental, Thriller, VHS",true,Genre,Thriller,,,,,,,,,0.0,shopify,1,deny,manual,0.00,,true,true,,,,,191-VHSBOR-001A,https://cdn.shopify.com/s/files/1/0671/0552/1726/files/0-1782258735537.jpg?v=1787925866,1,191-VHSBOR-001A,false,,,,,,,thriller,,,,,,,,,,,,lb,,,active
diary-of-a-hitman,Diary of a Hitman,"<p>A veteran hitman, Dekker is ready to call it quits and leave the profession. His final job, however, proves to be trickier than expected when a sadistic man recruits the assassin to kill his wife, Jain, and their baby, but he can’t bring himself to do the job, complicating all of their lives.</p>",VHS,Media > Videos,,"Formatted, Rental, Thriller, VHS",true,Genre,Thriller,,,,,,,,,0.0,shopify,1,deny,manual,0.00,,true,true,,,,,191-VHSDIA-001A,https://cdn.shopify.com/s/files/1/0671/0552/1726/files/0-1782258688308.jpg?v=1787925867,1,191-VHSDIA-001A,false,,,,,,,thriller,,,,,,,,,,,,lb,,,active
mexico-city,Mexico City,"<p>When her brother disappears during a brief travel layover in Mexico, Mitch begins a desperate search that will eventually lead the young divorcee into the capital city's most notorious neighborhood. But even with the aid of the American Ambassador, her plight is only met with indifference and inaction from the authorities. As the story unfolds, Mitch is forced to look for help in the least likely places as she races against time in a dangerous quest to find answers and locate her brother.</p>",VHS,Media > Videos,,"Formatted, Rental, Thriller, VHS",true,Genre,Thriller,,,,,,,,,0.0,shopify,1,deny,manual,0.00,,true,true,,,,,191-VHSMEX-001A,https://cdn.shopify.com/s/files/1/0671/0552/1726/files/0-1782258638288.jpg?v=1787925868,1,191-VHSMEX-001A,false,,,,,,,thriller,,,,,,,,,,,,lb,,,active
bone-collector,Bone Collector,"<p>Lincoln Rhyme was the department's top homicide detective and leading expert in criminal forensics until an injury left him paralyzed, depressed, and incapable of working. But when a gruesome murder in Manhattan leaves detectives baffled, they call on Rhyme to help solve the mystery. Amelia Donaghy, a rookie cop whose quick thinking preserved a gruesome murder scene, is enlisted by Rhyme to be his on-the-scene forensics expert. With Amelia reluctantly acting as Rhyme's able-bodied go-between, the pair piece together cryptic clues the killer leaves behind at the scene of the crime, hoping to catch the grisly serial killer.</p>",VHS,Media > Videos,,"Formatted, Rental, Thriller, VHS",true,Genre,Thriller,,,,,,,,,0.0,shopify,1,deny,manual,0.00,,true,true,,,,,191-VHSBON-001A,https://cdn.shopify.com/s/files/1/0671/0552/1726/files/0-1782258505199.jpg?v=1787925868,1,191-VHSBON-001A,false,,,,,,,thriller,,,,,,,,,,,,lb,,,active
strangers,Strangers,,VHS,Media > Videos,,"Formatted, Rental, Thriller, VHS",true,Genre,Thriller,,,,,,,,,0.0,shopify,1,deny,manual,0.00,,true,true,,,,,191-VHSST3-001A,https://cdn.shopify.com/s/files/1/0671/0552/1726/files/0-1782258598610.jpg?v=1787925869,1,191-VHSST3-001A,false,,,,,,,thriller,,,,,,,,,,,,lb,,,active
shipwrecked,Shipwrecked,,VHS,Media > Videos,,"Formatted, Kids & Family, Rental, VHS",true,Genre,Kids & Family,,,,,,,,,0.0,shopify,1,deny,manual,0.00,,true,true,,,,,191-VHSSHI-001A,https://cdn.shopify.com/s/files/1/0671/0552/1726/files/0-1782258487433.jpg?v=1787925869,1,191-VHSSHI-001A,false,,,,,,,kids-family,,,,,,,,,,,,lb,,,active
conspiracy,Conspiracy,,VHS,Media > Videos,,"Formatted, Rental, Thriller, VHS",true,Genre,Thriller,,,,,,,,,0.0,shopify,1,deny,manual,0.00,,true,true,,,,,191-VHSCNS-001A,https://cdn.shopify.com/s/files/1/0671/0552/1726/files/0-1782258567938.jpg?v=1787925870,1,191-VHSCNS-001A,false,,,,,,,thriller,,,,,,,,,,,,lb,,,active
rat-race,Rat Race,,VHS,Media > Videos,,"Comedy, Formatted, Rental, VHS",true,Genre,Comedy,,,,,,,,,0.0,shopify,1,deny,manual,0.00,,true,true,,,,,191-VHSRAT-001A,https://cdn.shopify.com/s/files/1/0671/0552/1726/files/0-1782258424494.jpg?v=1787925870,1,191-VHSRAT-001A,false,,,,,,,comedy,,,,,,,,,,,,lb,,,active
brass,Brass,,VHS,Media > Videos,,"Formatted, Rental, Thriller, VHS",true,Genre,Thriller,,,,,,,,,0.0,shopify,1,deny,manual,0.00,,true,true,,,,,191-VHSBRA-001A,https://cdn.shopify.com/s/files/1/0671/0552/1726/files/0-1782258419222.jpg?v=1787925871,1,191-VHSBRA-001A,false,,,,,,,thriller,,,,,,,,,,,,lb,,,active
shooting-elizabeth,SHOOTING ELIZABETH,"<p>Before a man can kill his nagging wife as planned, she disappears and he's charged with murder.</p>",VHS,Media > Videos,,"Comedy, Formatted, Rental, VHS",true,Genre,Comedy,,,,,,,,,0.0,shopify,1,deny,manual,0.00,,true,true,,,,,191-VHSSHO-001A,https://cdn.shopify.com/s/files/1/0671/0552/1726/files/0-1782258388341.jpg?v=1787925871,1,191-VHSSHO-001A,false,,,,,,,comedy,,,,,,,,,,,,lb,,,active
nothing-to-lose,Nothing to Lose,,VHS,Media > Videos,,"Comedy, Formatted, Rental, VHS",true,Genre,Comedy,,,,,,,,,0.0,shopify,1,deny,manual,0.00,,true,true,,,,,191-VHSNOT-001A,https://cdn.shopify.com/s/files/1/0671/0552/1726/files/0-1782258248364.jpg?v=1787925872,1,191-VHSNOT-001A,false,,,,,,,comedy,,,,,,,,,,,,lb,,,active
talent-for-the-game,Talent for the Game,"<p>Virgil Sweet is on the verge of losing his job as a talent scout with the California Angels when he discovers Sammy Bodeen, a country boy with no pro ball experience, but with a pitching arm no one has seen the like of.</p>",VHS,Media > Videos,,"Comedy, Formatted, Rental, VHS",true,Genre,Comedy,,,,,,,,,0.0,shopify,1,deny,manual,0.00,,true,true,,,,,191-VHSTLN-001A,https://cdn.shopify.com/s/files/1/0671/0552/1726/files/0-1782258191172.jpg?v=1787925873,1,191-VHSTLN-001A,false,,,,,,,comedy,,,,,,,,,,,,lb,,,active
midnight-strangers,Midnight Strangers,,VHS,Media > Videos,,"Formatted, Rental, Thriller, VHS",true,Genre,Thriller,,,,,,,,,0.0,shopify,1,deny,manual,0.00,,true,true,,,,,191-VHSMID-001A,https://cdn.shopify.com/s/files/1/0671/0552/1726/files/0-1782258149374_b74523bb-4df9-40a8-897a-ad12cd53a5e2.jpg?v=1787925873,1,191-VHSMID-001A,false,,,,,,,thriller,,,,,,,,,,,,lb,,,active
dirty-little-secret,Dirty Little Secret,,VHS,Media > Videos,,"Formatted, Rental, Thriller, VHS",true,Genre,Thriller,,,,,,,,,0.0,shopify,1,deny,manual,0.00,,true,true,,,,,191-VHSDIR-001A,https://cdn.shopify.com/s/files/1/0671/0552/1726/files/0-1782257875905.jpg?v=1787925873,1,191-VHSDIR-001A,false,,,,,,,thriller,,,,,,,,,,,,lb,,,active
almost-pregnant-a-bedtime-story,Almost Pregnant: A Bedtime Story,,VHS,Media > Videos,,"Comedy, Formatted, Rental, VHS",true,Genre,Comedy,,,,,,,,,0.0,shopify,1,deny,manual,0.00,,true,true,,,,,191-VHSALM-001A,https://cdn.shopify.com/s/files/1/0671/0552/1726/files/0-1782258059176.jpg?v=1787925874,1,191-VHSALM-001A,false,,,,,,,comedy,,,,,,,,,,,,lb,,,active
concrete-cowboys,Concrete Cowboys,,VHS,Media > Videos,,"Comedy, Formatted, Rental, VHS",true,Genre,Comedy,,,,,,,,,0.0,shopify,1,deny,manual,0.00,,true,true,,,,,191-VHSCOS-001A,https://cdn.shopify.com/s/files/1/0671/0552/1726/files/0-1782258010691.jpg?v=1787925874,1,191-VHSCOS-001A,false,,,,,,,comedy,,,,,,,,,,,,lb,,,active
forrest-gump,Forrest Gump,"<p>A man with a low IQ has accomplished great things in his life and been present during significant historic events—in each case, far exceeding what anyone imagined he could do. But despite all he has achieved, his one true love eludes him.</p>",VHS,Media > Videos,,"Drama, Formatted, Rental, VHS",true,Genre,Drama,,,,,,,,,0.0,shopify,1,deny,manual,0.00,,true,true,,,,,191-VHSFOR-001A,https://cdn.shopify.com/s/files/1/0671/0552/1726/files/0-1782257914681.jpg?v=1787925875,1,191-VHSFOR-001A,false,,,,,,,drama,,,,,,,,,,,,lb,,,active
streetkill,Streetkill,,VHS,Media > Videos,,"Drama, Formatted, Rental, VHS",true,Genre,Drama,,,,,,,,,0.0,shopify,1,deny,manual,0.00,,true,true,,,,,191-VHSSTL-001A,https://cdn.shopify.com/s/files/1/0671/0552/1726/files/0-1782257856966.jpg?v=1787925876,1,191-VHSSTL-001A,false,,,,,,,drama,,,,,,,,,,,,lb,,,active
no-secrets,No Secrets,"<p>Three childhood girlfriends reunite at the parents' remote cottage where they try and come to grips with their separate development and diverging interests. Then a man with a secret shows up and lies his way into their situation. They take turns falling in love with him and then suspecting he is not being level with them, which causes a strain in their already strained relationship. Eventually they must make a decision on whether to get rid of him or flee.</p>",VHS,Media > Videos,,"Formatted, Rental, Thriller, VHS",true,Genre,Thriller,,,,,,,,,0.0,shopify,1,deny,manual,0.00,,true,true,,,,,191-VHSNOS-001A,https://cdn.shopify.com/s/files/1/0671/0552/1726/files/0-1782258223185.jpg?v=1787925876,1,191-VHSNOS-001A,false,,,,,,,thriller,,,,,,,,,,,,lb,,,active
mouth-to-mouth,Mouth to Mouth,,VHS,Media > Videos,,"Comedy, Formatted, Rental, VHS",true,Genre,Comedy,,,,,,,,,0.0,shopify,1,deny,manual,0.00,,true,true,,,,,191-VHSMOU-001A,https://cdn.shopify.com/s/files/1/0671/0552/1726/files/0-1782258194639.jpg?v=1787925876,1,191-VHSMOU-001A,false,,,,,,,comedy,,,,,,,,,,,,lb,,,active
special-forces,Special Forces,,VHS,Media > Videos,,"Action, Formatted, Rental, VHS",true,Genre,Action,,,,,,,,,0.0,shopify,1,deny,manual,0.00,,true,true,,,,,191-VHSSPC-001A,https://cdn.shopify.com/s/files/1/0671/0552/1726/files/0-1782258041314.jpg?v=1787925877,1,191-VHSSPC-001A,false,,,,,,,action,,,,,,,,,,,,lb,,,active
escape,Escape,,VHS,Media > Videos,,"Action, Formatted, Rental, VHS",true,Genre,Action,,,,,,,,,0.0,shopify,1,deny,manual,0.00,,true,true,,,,,191-VHSESC-001A,https://cdn.shopify.com/s/files/1/0671/0552/1726/files/0-1782257841368.jpg?v=1787925877,1,191-VHSESC-001A,false,,,,,,,action,,,,,,,,,,,,lb,,,active
memphis,Memphis,,VHS,Media > Videos,,"Formatted, Rental, Thriller, VHS",true,Genre,Thriller,,,,,,,,,0.0,shopify,1,deny,manual,0.00,,true,true,,,,,191-VHSMEM-001A,https://cdn.shopify.com/s/files/1/0671/0552/1726/files/0-1782258022100.jpg?v=1787925878,1,191-VHSMEM-001A,false,,,,,,,thriller,,,,,,,,,,,,lb,,,active
nico-and-dani,Nico and Dani,"<p>While his parents are away for the summer, 16-year-old Dani invites his best friend, the irrepressible Nico, to stay for the holidays. Jealously rears its head when Nico appears more interested in the local girls than in Dani. Hot summer nights and too many  joints lead to experimentation which neither boy can talk about, a situation complicated by the appearance of the older and openly gay Julián, a published writer and old friend of Dani’s father.</p>",VHS,Media > Videos,,"Comedy, Formatted, Rental, VHS",true,Genre,Comedy,,,,,,,,,0.0,shopify,1,deny,manual,0.00,,true,true,,,,,191-VHSNIC-001A,https://cdn.shopify.com/s/files/1/0671/0552/1726/files/0-1782258354979.jpg?v=1787925878,1,191-VHSNIC-001A,false,,,,,,,comedy,,,,,,,,,,,,lb,,,active
up-your-alley,Up Your Alley,,VHS,Media > Videos,,"Comedy, Formatted, Rental, VHS",true,Genre,Comedy,,,,,,,,,0.0,shopify,1,deny,manual,0.00,,true,true,,,,,191-VHSUPY-001A,https://cdn.shopify.com/s/files/1/0671/0552/1726/files/0-1782258302361.jpg?v=1787925879,1,191-VHSUPY-001A,false,,,,,,,comedy,,,,,,,,,,,,lb,,,active
modern-problems,Modern Problems,"<p>Jealous, harried air traffic controller Max Fielder, recently dumped by his girlfriend, comes into contact with nuclear waste and is granted the power of telekinesis, which he uses to not only win her back, but to gain a little revenge.</p>",VHS,Media > Videos,,"Comedy, Formatted, Rental, VHS",true,Genre,Comedy,,,,,,,,,0.0,shopify,1,deny,manual,0.00,,true,true,,,,,191-VHSMOD-001A,https://cdn.shopify.com/s/files/1/0671/0552/1726/files/0-1782258297021.jpg?v=1787925879,1,191-VHSMOD-001A,false,,,,,,,comedy,,,,,,,,,,,,lb,,,active
serpent-of-death,Serpent of Death,<p>An archaelogist falls under the spell of a statue with a curse on it.</p>,VHS,Media > Videos,,"Action, Formatted, Rental, VHS",true,Genre,Action,,,,,,,,,0.0,shopify,1,deny,manual,0.00,,true,true,,,,,191-VHSSER-001A,https://cdn.shopify.com/s/files/1/0671/0552/1726/files/0-1782257930681.jpg?v=1787925880,1,191-VHSSER-001A,false,,,,,,,action,,,,,,,,,,,,lb,,,active
miami-blues,Miami Blues,"<p>After Junior is released from prison, he plans on starting a new life in Miami. But when he kills a man in the airport, he flees the scene and finds Susie, a mild-mannered prostitute searching for stability. The two opposites become romantically involved, and Junior steals a badge and gun from a veteran detective. Using the officer's identity, Junior embarks on a crime spree and convinces Susie that he is the perfect man.</p>",VHS,Media > Videos,,"Action, Formatted, Rental, VHS",true,Genre,Action,,,,,,,,,0.0,shopify,1,deny,manual,0.00,,true,true,,,,,191-VHSMIA-001A,https://cdn.shopify.com/s/files/1/0671/0552/1726/files/0-1782257985012.jpg?v=1787925880,1,191-VHSMIA-001A,false,,,,,,,action,,,,,,,,,,,,lb,,,active
twilight,Twilight,,VHS,Media > Videos,,"Formatted, Rental, Thriller, VHS",true,Genre,Thriller,,,,,,,,,0.0,shopify,1,deny,manual,0.00,,true,true,,,,,191-VHSTWI-001A,https://cdn.shopify.com/s/files/1/0671/0552/1726/files/0-1782258343471.jpg?v=1787925881,1,191-VHSTWI-001A,false,,,,,,,thriller,,,,,,,,,,,,lb,,,active
missing-pieces,Missing Pieces,,VHS,Media > Videos,,"Comedy, Formatted, Rental, VHS",true,Genre,Comedy,,,,,,,,,0.0,shopify,1,deny,manual,0.00,,true,true,,,,,191-VHSMSS-001A,https://cdn.shopify.com/s/files/1/0671/0552/1726/files/0-1782258338200.jpg?v=1787925882,1,191-VHSMSS-001A,false,,,,,,,comedy,,,,,,,,,,,,lb,,,active
mister-johnson,Mister Johnson,"<p>In 1923 British Colonial Nigeria, Mister Johnson is an oddity -- an educated black man who doesn't really fit in with the natives or the British. He works for the local British magistrate, and considers himself English, though he has never been to England. He is always scheming, trying to get ahead, which lands him in a lot of hot water.</p>",VHS,Media > Videos,,"Drama, Formatted, Rental, VHS",true,Genre,Drama,,,,,,,,,0.0,shopify,1,deny,manual,0.00,,true,true,,,,,191-VHSMST-001A,https://cdn.shopify.com/s/files/1/0671/0552/1726/files/0-1782257782220.jpg?v=1787925882,1,191-VHSMST-001A,false,,,,,,,drama,,,,,,,,,,,,lb,,,active
airport-1975,Airport 1975,"<p>When an in-flight collision incapacitates the pilots of an airplane bound for Los Angeles, stewardess Nancy Pryor is forced to take over the controls. From the ground, her boyfriend Alan Murdock, a retired test pilot, tries to talk her through piloting and landing the 747 aircraft. Worse yet, the anxious passengers — among which are a noisy nun and a cranky man — are aggravating the already tense atmosphere.</p>",VHS,Media > Videos,,"Action, Formatted, Rental, VHS",true,Genre,Action,,,,,,,,,0.0,shopify,1,deny,manual,0.00,,true,true,,,,,191-VHSAIR-001A,https://cdn.shopify.com/s/files/1/0671/0552/1726/files/0-1782257735318.jpg?v=1787925883,1,191-VHSAIR-001A,false,,,,,,,action,,,,,,,,,,,,lb,,,active
acts-of-betrayal,Acts of Betrayal,"<p>FBI agents attempt to protect a woman who is testifying against her gangster boy friend. However, an army of assassins are after her in an endless series of shootouts.</p>",VHS,Media > Videos,,"Action, Formatted, Rental, VHS",true,Genre,Action,,,,,,,,,0.0,shopify,1,deny,manual,0.00,,true,true,,,,,191-VHSCTS-001A,https://cdn.shopify.com/s/files/1/0671/0552/1726/files/0-1782257689813.jpg?v=1787925883,1,191-VHSCTS-001A,false,,,,,,,action,,,,,,,,,,,,lb,,,active
when-a-man-loves-a-woman,When a Man Loves a Woman,,VHS,Media > Videos,,"Drama, Formatted, Rental, VHS",true,Genre,Drama,,,,,,,,,0.0,shopify,1,deny,manual,0.00,,true,true,,,,,191-VHSWHN-001A,https://cdn.shopify.com/s/files/1/0671/0552/1726/files/0-1782257679115_c8f2afc7-73ba-41e9-ae65-0d8309825075.jpg?v=1787925884,1,191-VHSWHN-001A,false,,,,,,,drama,,,,,,,,,,,,lb,,,active
confessions-of-a-hitman,CONFESSIONS OF A HITMAN,,VHS,Media > Videos,,"Action, Formatted, Rental, VHS",true,Genre,Action,,,,,,,,,0.0,shopify,1,deny,manual,0.00,,true,true,,,,,191-VHSCO3-001A,https://cdn.shopify.com/s/files/1/0671/0552/1726/files/0-1782257784074.jpg?v=1787925884,1,191-VHSCO3-001A,false,,,,,,,action,,,,,,,,,,,,lb,,,active
outsiders,Outsiders,,VHS,Media > Videos,,"Drama, Formatted, Rental, VHS",true,Genre,Drama,,,,,,,,,0.0,shopify,1,deny,manual,0.00,,true,true,,,,,191-VHSTSD-001A,https://cdn.shopify.com/s/files/1/0671/0552/1726/files/0-1782257573158.jpg?v=1787925885,1,191-VHSTSD-001A,false,,,,,,,drama,,,,,,,,,,,,lb,,,active
stand-alone,Stand Alone,<p>A World War II vet is pushed to the limit when gang members and drug dealers take over his neighborhood.</p>,VHS,Media > Videos,,"Action, Formatted, Rental, VHS",true,Genre,Action,,,,,,,,,0.0,shopify,1,deny,manual,0.00,,true,true,,,,,191-VHSSTN-001A,https://cdn.shopify.com/s/files/1/0671/0552/1726/files/0-1782257556410.jpg?v=1787925885,1,191-VHSSTN-001A,false,,,,,,,action,,,,,,,,,,,,lb,,,active
death-of-adolf-hitler,Death of Adolf Hitler,"<p>The final days in the Bunker, with Hitler becoming more and more paranoid, plumbing the depths of his madness and reaching his well deserved fate.</p>",VHS,Media > Videos,,"Drama, Formatted, Rental, VHS",true,Genre,Drama,,,,,,,,,0.0,shopify,1,deny,manual,0.00,,true,true,,,,,191-VHSDEA-001A,https://cdn.shopify.com/s/files/1/0671/0552/1726/files/0-1782257516347.jpg?v=1787925886,1,191-VHSDEA-001A,false,,,,,,,drama,,,,,,,,,,,,lb,,,active
love-has-many-faces,Love Has Many Faces,<p>A woman lives in Acapulco with moochers and a husband who married her for her money.</p>,VHS,Media > Videos,,"Drama, Formatted, Rental, VHS",true,Genre,Drama,,,,,,,,,0.0,shopify,1,deny,manual,0.00,,true,true,,,,,191-VHSLVH-001A,https://cdn.shopify.com/s/files/1/0671/0552/1726/files/0-1782257430759.jpg?v=1787925887,1,191-VHSLVH-001A,false,,,,,,,drama,,,,,,,,,,,,lb,,,active
an-affair-to-remember,An Affair to Remember,,VHS,Media > Videos,,"Drama, Formatted, Rental, VHS",true,Genre,Drama,,,,,,,,,0.0,shopify,1,deny,manual,0.00,,true,true,,,,,191-VHSNFF-001A,https://cdn.shopify.com/s/files/1/0671/0552/1726/files/0-1782257341723.jpg?v=1787925887,1,191-VHSNFF-001A,false,,,,,,,drama,,,,,,,,,,,,lb,,,active
all-creatures-great-and-small,All Creatures Great and Small,,VHS,Media > Videos,,"Drama, Formatted, Rental, VHS",true,Genre,Drama,,,,,,,,,0.0,shopify,1,deny,manual,0.00,,true,true,,,,,38044666,https://cdn.shopify.com/s/files/1/0671/0552/1726/files/68m869xfOgxCaEBb9grIf0ndaec.jpg?v=1787925889,1,All Creatures Great and Small poster,false,,,,,,,drama,,,,,,,,,,,,lb,,,active
philadelphia,Philadelphia,"<p>Two competing lawyers join forces to sue a prestigious law firm for AIDS discrimination. As their unlikely friendship develops, their courage overcomes the prejudice and corruption of their powerful adversaries.</p>",VHS,Media > Videos,,"Drama, Formatted, Rental, VHS",true,Genre,Drama,,,,,,,,,0.0,shopify,1,deny,manual,0.00,,true,true,,,,,191-VHSPHI-001A,https://cdn.shopify.com/s/files/1/0671/0552/1726/files/0-1782255227617.jpg?v=1787925889,1,191-VHSPHI-001A,false,,,,,,,drama,,,,,,,,,,,,lb,,,active
trial-by-jury,Trial by Jury,,VHS,Media > Videos,,"Drama, Formatted, Rental, VHS",true,Genre,Drama,,,,,,,,,0.0,shopify,1,deny,manual,0.00,,true,true,,,,,191-VHSTRI-001A,https://cdn.shopify.com/s/files/1/0671/0552/1726/files/0-1782255165568.jpg?v=1787925890,1,191-VHSTRI-001A,false,,,,,,,drama,,,,,,,,,,,,lb,,,active
simon-birch,Simon Birch,"<p>Simon Birch and Joe Wenteworth are boys who have a reputation for being oddballs. Joe never knew his father, and his mother, Rebecca, is keeping her lips sealed no matter how much he protests. Simon, meanwhile, is an 11-year-old dwarf whose outsize personality belies his small stature. Indeed, he often assails the local reverend with thorny theological questions and joins Joe on his quest to find his biological father.</p>",VHS,Media > Videos,,"Drama, Formatted, Rental, VHS",true,Genre,Drama,,,,,,,,,0.0,shopify,1,deny,manual,0.00,,true,true,,,,,191-VHSSMN-001A,https://cdn.shopify.com/s/files/1/0671/0552/1726/files/0-1782255074914.jpg?v=1787925890,1,191-VHSSMN-001A,false,,,,,,,drama,,,,,,,,,,,,lb,,,active
center-stage,Center Stage,,VHS,Media > Videos,,"Drama, Formatted, Rental, VHS",true,Genre,Drama,,,,,,,,,0.0,shopify,1,deny,manual,0.00,,true,true,,,,,191-VHSCEN-001A,https://cdn.shopify.com/s/files/1/0671/0552/1726/files/0-1782255135853.jpg?v=1787925891,1,191-VHSCEN-001A,false,,,,,,,drama,,,,,,,,,,,,lb,,,active
homeward-bound-ii-lost-in-san-francisco,Homeward Bound II: Lost in San Francisco,"<p>When the pets accidentally get separated from their vacationing owners, Chance, Shadow, and Sassy navigate the mean streets of San Francisco, trying to find their home across the Golden Gate Bridge. But the road is blocked by a series of hazards, both man and beast.</p>",VHS,Media > Videos,,"Formatted, Kids & Family, Rental, VHS",true,Genre,Kids & Family,,,,,,,,,0.0,shopify,1,deny,manual,0.00,,true,true,,,,,191-VHSHOM-001A,https://cdn.shopify.com/s/files/1/0671/0552/1726/files/0-1782255005297.jpg?v=1787925891,1,191-VHSHOM-001A,false,,,,,,,kids-family,,,,,,,,,,,,lb,,,active
milk-money,Milk Money,,VHS,Media > Videos,,"Drama, Formatted, Rental, VHS",true,Genre,Drama,,,,,,,,,0.0,shopify,1,deny,manual,0.00,,true,true,,,,,191-VHSMLK-001A,https://cdn.shopify.com/s/files/1/0671/0552/1726/files/0-1782255003680.jpg?v=1787925892,1,191-VHSMLK-001A,false,,,,,,,drama,,,,,,,,,,,,lb,,,active
far-from-home-the-adventures-of-yellow-dog,Far From Home: The Adventures of Yellow Dog,"<p>Teenager Angus adopts a stray dog and names him Yellow. Several days later, while travelling along the coast of British Columbia with Angus's father, John, the boy and dog become stranded when turbulent waters capsize their boat. Angus's parents relentlessly badger rescue teams. Angus, schooled by his father in wilderness survival skills, and assisted by the intelligent Yellow Dog, tries to attract rescuers.</p>",VHS,Media > Videos,,"Formatted, Kids & Family, Rental, VHS",true,Genre,Kids & Family,,,,,,,,,0.0,shopify,1,deny,manual,0.00,,true,true,,,,,191-VHSFAR-001A,https://cdn.shopify.com/s/files/1/0671/0552/1726/files/0-1782254946124.jpg?v=1787925892,1,191-VHSFAR-001A,false,,,,,,,kids-family,,,,,,,,,,,,lb,,,active
echo-park,Echo Park,,VHS,Media > Videos,,"Drama, Formatted, Rental, VHS",true,Genre,Drama,,,,,,,,,0.0,shopify,1,deny,manual,0.00,,true,true,,,,,191-VHSECH-001A,https://cdn.shopify.com/s/files/1/0671/0552/1726/files/0-1782255082336.jpg?v=1787925893,1,191-VHSECH-001A,false,,,,,,,drama,,,,,,,,,,,,lb,,,active
miles-from-home,Miles From Home,,VHS,Media > Videos,,"Drama, Formatted, Rental, VHS",true,Genre,Drama,,,,,,,,,0.0,shopify,1,deny,manual,0.00,,true,true,,,,,191-VHSMIL-001A,https://cdn.shopify.com/s/files/1/0671/0552/1726/files/0-1782254937082.jpg?v=1787925893,1,191-VHSMIL-001A,false,,,,,,,drama,,,,,,,,,,,,lb,,,active
babe-pig-in-the-city,Babe: Pig in the City,"<p>Babe, fresh from his victory in the sheepherding contest, returns to Farmer Hoggett's farm, but after Farmer Hoggett is injured and unable to work, Babe has to go to the big city to save the farm.</p>",VHS,Media > Videos,,"Formatted, Kids & Family, Rental, VHS",true,Genre,Kids & Family,,,,,,,,,0.0,shopify,1,deny,manual,0.00,,true,true,,,,,191-VHSBBP-001A,https://cdn.shopify.com/s/files/1/0671/0552/1726/files/0-1782254892181.jpg?v=1787925894,1,191-VHSBBP-001A,false,,,,,,,kids-family,,,,,,,,,,,,lb,,,active
angels-in-the-outfield,Angels in the Outfield,,VHS,Media > Videos,,"Formatted, Kids & Family, Rental, VHS",true,Genre,Kids & Family,,,,,,,,,0.0,shopify,1,deny,manual,0.00,,true,true,,,,,191-VHSAN2-001A,https://cdn.shopify.com/s/files/1/0671/0552/1726/files/0-1782254825537.jpg?v=1787925895,1,191-VHSAN2-001A,false,,,,,,,kids-family,,,,,,,,,,,,lb,,,active
breaking-away,Breaking Away,,VHS,Media > Videos,,"Drama, Formatted, Rental, VHS",true,Genre,Drama,,,,,,,,,0.0,shopify,1,deny,manual,0.00,,true,true,,,,,191-VHSBRY-001A,https://cdn.shopify.com/s/files/1/0671/0552/1726/files/0-1782254789977.jpg?v=1787925895,1,191-VHSBRY-001A,false,,,,,,,drama,,,,,,,,,,,,lb,,,active
adventures-of-the-wilderness-family,Adventures of the Wilderness Family,,VHS,Media > Videos,,"Formatted, Kids & Family, Rental, VHS",true,Genre,Kids & Family,,,,,,,,,0.0,shopify,1,deny,manual,0.00,,true,true,,,,,191-VHSADV-001A,https://cdn.shopify.com/s/files/1/0671/0552/1726/files/0-1782254752788.jpg?v=1787925896,1,191-VHSADV-001A,false,,,,,,,kids-family,,,,,,,,,,,,lb,,,active
tragedy-of-flight-103,Tragedy of Flight 103,,VHS,Media > Videos,,"Drama, Formatted, Rental, VHS",true,Genre,Drama,,,,,,,,,0.0,shopify,1,deny,manual,0.00,,true,true,,,,,191-VHSTR3-001A,https://cdn.shopify.com/s/files/1/0671/0552/1726/files/0-1782254718245.jpg?v=1787925896,1,191-VHSTR3-001A,false,,,,,,,drama,,,,,,,,,,,,lb,,,active
mr-magoo,Mr. Magoo,"<p>Mr. Magoo, a man with terrible eyesight, gets caught up in a museum robbery.</p>",VHS,Media > Videos,,"Formatted, Kids & Family, Rental, VHS",true,Genre,Kids & Family,,,,,,,,,0.0,shopify,1,deny,manual,0.00,,true,true,,,,,191-VHSMRM-001A,https://cdn.shopify.com/s/files/1/0671/0552/1726/files/0-1782254699215.jpg?v=1787925897,1,191-VHSMRM-001A,false,,,,,,,kids-family,,,,,,,,,,,,lb,,,active
monsignor,MONSIGNOR,,VHS,Media > Videos,,"Drama, Formatted, Rental, VHS",true,Genre,Drama,,,,,,,,,0.0,shopify,1,deny,manual,0.00,,true,true,,,,,191-VHSMNS-001A,https://cdn.shopify.com/s/files/1/0671/0552/1726/files/0-1782254636127.jpg?v=1787925897,1,191-VHSMNS-001A,false,,,,,,,drama,,,,,,,,,,,,lb,,,active
monkeys-uncle,Monkey's Uncle,"<p>College whiz-kid Merlin Jones concocts a method for teaching advanced information to a chimpanzee, then creates a flying machine of his own design, ultimately raising havoc on the campus.</p>",VHS,Media > Videos,,"Formatted, Kids & Family, Rental, VHS",true,Genre,Kids & Family,,,,,,,,,0.0,shopify,1,deny,manual,0.00,,true,true,,,,,191-VHSMON-001A,https://cdn.shopify.com/s/files/1/0671/0552/1726/files/0-1782254625698_790818a1-74e4-4091-9812-c356cbc3fff4.jpg?v=1787925898,1,191-VHSMON-001A,false,,,,,,,kids-family,,,,,,,,,,,,lb,,,active
the-monkeys-uncle,The Monkey's Uncle,"<p>College whiz-kid Merlin Jones concocts a method for teaching advanced information to a chimpanzee, then creates a flying machine of his own design, ultimately raising havoc on the campus.</p>",Walt Disney,,,"Issue, No Format, rental or sale?",true,Condition,Standard,,Serial Number,001A,,,,,191-WLTTHE-001A,0.0,shopify,1,deny,manual,28.00,,true,true,,,,,191-WLTTHE-001A,https://cdn.shopify.com/s/files/1/0671/0552/1726/files/0-1782254416692.jpg?v=1787784956,1,191-WLTTHE-001A,false,,,,,,,,,,,,,,,,,,https://cdn.shopify.com/s/files/1/0671/0552/1726/files/0-1782254416692.jpg?v=1787784956,lb,,,active
my-fair-lady,My Fair Lady,,VHS,Media > Videos,,"Formatted, Musical, Rental, VHS",true,Genre,Musical,,,,,,,,,0.0,shopify,1,deny,manual,0.00,,true,true,,,,,191-VHSMYF-001A,https://cdn.shopify.com/s/files/1/0671/0552/1726/files/0-1782254338292.jpg?v=1787925898,1,191-VHSMYF-001A,false,,,,,,,musical,,,,,,,,,,,,lb,,,active
till-the-clouds-roll-by,Till The Clouds Roll By,"<p>Light bio-pic of American Broadway pioneer Jerome Kern, featuring renditions of the famous songs from his musical plays by contemporary stage artists, including a condensed production of his most famous: 'Showboat'.</p>",VHS,Media > Videos,,"Formatted, Musical, Rental, VHS",true,Genre,Musical,,,,,,,,,0.0,shopify,1,deny,manual,0.00,,true,true,,,,,191-VHSTIL-001A,https://cdn.shopify.com/s/files/1/0671/0552/1726/files/0-1782254292700.jpg?v=1787925899,1,191-VHSTIL-001A,false,,,,,,,musical,,,,,,,,,,,,lb,,,active
strictly-ballroom,Strictly Ballroom,"<p>Brave new steps put Scott's career in jeopardy. With a new partner and determination, can he still succeed?</p>",VHS,Media > Videos,,"Formatted, Musical, Rental, VHS",true,Genre,Musical,,,,,,,,,0.0,shopify,1,deny,manual,0.00,,true,true,,,,,191-VHSSTM-001A,https://cdn.shopify.com/s/files/1/0671/0552/1726/files/0-1782254232892.jpg?v=1787925899,1,191-VHSSTM-001A,false,,,,,,,musical,,,,,,,,,,,,lb,,,active
prometheus,Prometheus,,4K,Media > Videos,,"4K, Formatted, Rental, Sci-Fi",true,Genre,Sci-Fi,,,,,,,,,0.0,shopify,1,deny,manual,0.00,,true,true,,,,,191-BLRPRM-001A,https://cdn.shopify.com/s/files/1/0671/0552/1726/files/0-1782253519627.jpg?v=1787925900,1,191-BLRPRM-001A,false,,,,,,,sci-fi,,,,,,,,,,,,lb,,,active
manhattan,Manhattan,,DVD,Media > Videos,,"Comedy, DVD, Formatted, Rental",true,Genre,Comedy,,,,,,,,,0.0,shopify,1,deny,manual,0.00,,true,true,,,,,191-DVDMAN-001A,https://cdn.shopify.com/s/files/1/0671/0552/1726/files/0-1782253380304.jpg?v=1787925901,1,191-DVDMAN-001A,false,,,,,,,comedy,,,,,,,,,,,,lb,,,active
the-matrix-reloaded,Matrix Reloaded,"<p>The Resistance builds in numbers as humans are freed from the Matrix and brought to the city of Zion. Neo discovers his superpowers, including the ability to see the code inside the Matrix. With machine sentinels digging to Zion in 72 hours, Neo, Morpheus and Trinity must find the Keymaker to ultimately reach the Source.</p>",4K,Media > Videos,,"4K, Formatted, Rental, Sci-Fi",true,Genre,Sci-Fi,,,,,,,,,0.0,shopify,1,deny,manual,0.00,,true,true,,,,,191-BLRTHM-001A,https://cdn.shopify.com/s/files/1/0671/0552/1726/files/0-1782253321452.jpg?v=1787925901,1,191-BLRTHM-001A,false,,,,,,,sci-fi,,,,,,,,,,,,lb,,,active
darkest-hour,Darkest Hour,,4K,Media > Videos,,"4K, Drama, Formatted, Rental",true,Genre,Drama,,,,,,,,,0.0,shopify,1,deny,manual,0.00,,true,true,,,,,191-BLRDAR-001A,https://cdn.shopify.com/s/files/1/0671/0552/1726/files/0-1782253277969.jpg?v=1787925902,1,191-BLRDAR-001A,false,,,,,,,drama,,,,,,,,,,,,lb,,,active
american-made,American Made,,4K,Media > Videos,,"4K, Formatted, Rental, Thriller",true,Genre,Thriller,,,,,,,,,0.0,shopify,1,deny,manual,0.00,,true,true,,,,,191-BLRAME-001A,https://cdn.shopify.com/s/files/1/0671/0552/1726/files/0-1782253406946.jpg?v=1787925902,1,191-BLRAME-001A,false,,,,,,,thriller,,,,,,,,,,,,lb,,,active
john-wick-chapter-3-parabellum,John Wick: Chapter 3 - Parabellum,"<p>Super-assassin John Wick returns with a $14 million price tag on his head and an army of bounty-hunting killers on his trail. After killing a member of the shadowy international assassin’s guild, the High Table, John Wick is excommunicado, but the world’s most ruthless hit men and women await his every turn.</p>",4K,Media > Videos,,"4K, Action, Formatted, Rental",true,Genre,Action,,,,,,,,,0.0,shopify,1,deny,manual,0.00,,true,true,,,,,191-BLRJOH-001A,https://cdn.shopify.com/s/files/1/0671/0552/1726/files/0-1782253223597.jpg?v=1787925903,1,191-BLRJOH-001A,false,,,,,,,action,,,,,,,,,,,,lb,,,active
a-very-long-engagement,A Very Long Engagement,"<p>Young Frenchwoman Mathilde searches for the truth about her missing fiancé, lost during World War I, and learns many unexpected things along the way. The love of her life is gone. But she refuses to believe he's gone forever — and she needs to know for sure.</p>",DVD,Media > Videos,,"DVD, Foreign, Formatted, Rental",true,Genre,Foreign,,,,,,,,,0.0,shopify,1,deny,manual,0.00,,true,true,,,,,191-DVDAVE-001A,https://cdn.shopify.com/s/files/1/0671/0552/1726/files/0-1782253271174_d96d8cd2-ae25-433a-b9e0-2ad5e2332387.jpg?v=1787925903,1,191-DVDAVE-001A,false,,,,,,,foreign,,,,,,,,,,,,lb,,,active
jupiter-ascending,Jupiter Ascending,"<p>In a universe where human genetic material is the most precious commodity, an impoverished young Earth woman becomes the key to strategic maneuvers and internal strife within a powerful dynasty…</p>",4K,Media > Videos,,"4K, Formatted, Rental, Sci-Fi",true,Genre,Sci-Fi,,,,,,,,,0.0,shopify,1,deny,manual,0.00,,true,true,,,,,191-BLRJUP-001A,https://cdn.shopify.com/s/files/1/0671/0552/1726/files/0-1782253610822_c1c4723b-3475-4129-901e-ca61452303e3.jpg?v=1787925904,1,191-BLRJUP-001A,false,,,,,,,sci-fi,,,,,,,,,,,,lb,,,active
shallows,Shallows,,4K,Media > Videos,,"4K, Formatted, Rental, Thriller",true,Genre,Thriller,,,,,,,,,0.0,shopify,1,deny,manual,0.00,,true,true,,,,,191-BLRSHA-001A,https://cdn.shopify.com/s/files/1/0671/0552/1726/files/0-1782253503079.jpg?v=1787925905,1,191-BLRSHA-001A,false,,,,,,,thriller,,,,,,,,,,,,lb,,,active
the-aviator,The Aviator,,DVD,Media > Videos,,"Drama, DVD, Formatted, Rental",true,Genre,Drama,,,,,,,,,0.0,shopify,1,deny,manual,0.00,,true,true,,,,,191-DVDTHV-001A,https://cdn.shopify.com/s/files/1/0671/0552/1726/files/0-1782253181547.jpg?v=1787925905,1,191-DVDTHV-001A,false,,,,,,,drama,,,,,,,,,,,,lb,,,active
solo-a-star-wars-story,Solo: A Star Wars Story,"<p>Through a series of daring escapades deep within a dark and dangerous criminal underworld, Han Solo meets his mighty future copilot Chewbacca and encounters the notorious gambler Lando Calrissian.</p>",4K,Media > Videos,,"4K, Formatted, Rental, Sci-Fi",true,Genre,Sci-Fi,,,,,,,,,0.0,shopify,1,deny,manual,0.00,,true,true,,,,,191-BLRSOL-001A,https://cdn.shopify.com/s/files/1/0671/0552/1726/files/0-1782253168918.jpg?v=1787925905,1,191-BLRSOL-001A,false,,,,,,,sci-fi,,,,,,,,,,,,lb,,,active
true-grit,True Grit,,Blu-Ray,Media > Videos,,"Blu-Ray, Drama, Formatted, Rental",true,Genre,Drama,,,,,,,,,0.0,shopify,1,deny,manual,0.00,,true,true,,,,,191-BLRTRU-001A,https://cdn.shopify.com/s/files/1/0671/0552/1726/files/0-1782253096423.jpg?v=1787925906,1,191-BLRTRU-001A,false,,,,,,,drama,,,,,,,,,,,,lb,,,active
bram-stokers-dracula,Bram Stoker's Dracula,"<p>Count Dracula, a 15th-century prince, is condemned to live off the blood of the living for eternity. Young lawyer Jonathan Harker is sent to Dracula's castle to finalise a land deal, but when the Count sees a photo of Harker's fiancée, Mina, the spitting image of his dead wife, he imprisons him and sets off for London to track her down.</p>",Blu-Ray,Media > Videos,,"Blu-Ray, Formatted, Horror, Rental",true,Genre,Horror,,,,,,,,,0.0,shopify,1,deny,manual,0.00,,true,true,,,,,191-BLRBRM-001A,https://cdn.shopify.com/s/files/1/0671/0552/1726/files/0-1782253045000.jpg?v=1787925907,1,191-BLRBRM-001A,false,,,,,,,horror,,,,,,,,,,,,lb,,,active
shining,Shining,,Blu-Ray,Media > Videos,,"Blu-Ray, Formatted, Horror, Rental",true,Genre,Horror,,,,,,,,,0.0,shopify,1,deny,manual,0.00,,true,true,,,,,191-BLRSHI-001A,https://cdn.shopify.com/s/files/1/0671/0552/1726/files/0-1782252983894.jpg?v=1787925907,1,191-BLRSHI-001A,false,,,,,,,horror,,,,,,,,,,,,lb,,,active
bourne-supremacy,Bourne Supremacy,"<p>A CIA operation to purchase classified Russian documents is blown by a rival agent, who then shows up in the sleepy seaside village where Bourne and Marie have been living. The pair run for their lives and Bourne, who promised retaliation should anyone from his former life attempt contact, is forced to once again take up his life as a trained assassin to survive.</p>",Blu-Ray,Media > Videos,,"Action, Blu-Ray, Formatted, Rental",true,Genre,Action,,,,,,,,,0.0,shopify,1,deny,manual,0.00,,true,true,,,,,191-BLRBOU-001A,https://cdn.shopify.com/s/files/1/0671/0552/1726/files/0-1782252925676.jpg?v=1787925908,1,191-BLRBOU-001A,false,,,,,,,action,,,,,,,,,,,,lb,,,active
dr-strangelove-or-how-i-learned-to-stop-worrying-and-love-the-bomb-special-edition,Dr. Strangelove Or: How I Learned To Stop Worrying And Love The Bomb (Special Edition),"<p>After the insane General Jack D. Ripper initiates a nuclear strike on the Soviet Union, a war room full of politicians, generals and a Russian diplomat all frantically try to stop it.</p>",DVD,Media > Videos,,"Comedy, DVD, Formatted, Rental",true,Genre,Comedy,,,,,,,,,0.0,shopify,1,deny,manual,0.00,,true,true,,,,,191-DVDDRS-001A,https://cdn.shopify.com/s/files/1/0671/0552/1726/files/0-1782253061267.jpg?v=1787925908,1,191-DVDDRS-001A,false,,,,,,,comedy,,,,,,,,,,,,lb,,,active
amazing-spider-man-2,Amazing Spider-Man 2,"<p>For Peter Parker, life is busy. Between taking out the bad guys as Spider-Man and spending time with the person he loves, Gwen Stacy, high school graduation cannot come quickly enough. Peter has not forgotten about the promise he made to Gwen’s father to protect her by staying away, but that is a promise he cannot keep. Things will change for Peter when a new villain, Electro, emerges, an old friend, Harry Osborn, returns, and Peter uncovers new clues about his past.</p>",Blu-Ray,Media > Videos,,"Action, Blu-Ray, Formatted, Rental",true,Genre,Action,,,,,,,,,0.0,shopify,1,deny,manual,0.00,,true,true,,,,,191-BLRAMA-001A,https://cdn.shopify.com/s/files/1/0671/0552/1726/files/0-1782252811805.jpg?v=1787925909,1,191-BLRAMA-001A,false,,,,,,,action,,,,,,,,,,,,lb,,,active
memoirs-of-a-geisha,Memoirs of a Geisha,"<p>In the years before World War II, a penniless Japanese child is torn from her family to work as a maid in a geisha house.</p>",DVD,Media > Videos,,"Drama, DVD, Formatted, Rental",true,Genre,Drama,,,,,,,,,0.0,shopify,1,deny,manual,0.00,,true,true,,,,,191-DVDMMR-001A,https://cdn.shopify.com/s/files/1/0671/0552/1726/files/0-1782252781389.jpg?v=1787925909,1,191-DVDMMR-001A,false,,,,,,,drama,,,,,,,,,,,,lb,,,active
hugo,Hugo,,Blu-Ray,Media > Videos,,"Blu-Ray, Formatted, Kids & Family, Rental",true,Genre,Kids & Family,,,,,,,,,0.0,shopify,1,deny,manual,0.00,,true,true,,,,,191-BLRHUO-001A,https://cdn.shopify.com/s/files/1/0671/0552/1726/files/0-1782252744509.jpg?v=1787925910,1,191-BLRHUO-001A,false,,,,,,,kids-family,,,,,,,,,,,,lb,,,active
raging-bull,Raging Bull,,DVD,Media > Videos,,"Drama, DVD, Formatted, Rental",true,Genre,Drama,,,,,,,,,0.0,shopify,1,deny,manual,0.00,,true,true,,,,,191-DVDRAG-001A,https://cdn.shopify.com/s/files/1/0671/0552/1726/files/0-1782252810182.jpg?v=1787925910,1,191-DVDRAG-001A,false,,,,,,,drama,,,,,,,,,,,,lb,,,active
tom-hanks-comedy-collection-the-money-pit-the-burbs-dragnet,"Tom Hanks Comedy Collection (The Money Pit, The 'Burbs, Dragnet)",,DVD,Media > Videos,,"Comedy, DVD, Formatted, Rental",true,Genre,Comedy,,,,,,,,,0.0,shopify,1,deny,manual,0.00,,true,true,,,,,191-DVDTOM-001A,https://cdn.shopify.com/s/files/1/0671/0552/1726/files/0-1782252667777.jpg?v=1787925911,1,191-DVDTOM-001A,false,,,,,,,comedy,,,,,,,,,,,,lb,,,active
graduate,Graduate,,DVD,Media > Videos,,"Drama, DVD, Formatted, Rental",true,Genre,Drama,,,,,,,,,0.0,shopify,1,deny,manual,0.00,,true,true,,,,,191-DVDGRA-001A,https://cdn.shopify.com/s/files/1/0671/0552/1726/files/0-1782252745161.jpg?v=1787925911,1,191-DVDGRA-001A,false,,,,,,,drama,,,,,,,,,,,,lb,,,active
pulp-fiction,Pulp Fiction,"<p>A burger-loving hit man, his philosophical partner, a drug-addled gangster's moll and a washed-up boxer converge in this sprawling, comedic crime caper. Their adventures unfurl in three stories that ingeniously trip back and forth in time.</p>",DVD,Media > Videos,,"DVD, Formatted, Rental, Thriller",true,Genre,Thriller,,,,,,,,,0.0,shopify,1,deny,manual,0.00,,true,true,,,,,191-DVDPUL-001A,https://cdn.shopify.com/s/files/1/0671/0552/1726/files/0-1782252719588.jpg?v=1787925912,1,191-DVDPUL-001A,false,,,,,,,thriller,,,,,,,,,,,,lb,,,active
bottle-rocket,Bottle Rocket,,DVD,Media > Videos,,"Comedy, DVD, Formatted, Rental",true,Genre,Comedy,,,,,,,,,0.0,shopify,1,deny,manual,0.00,,true,true,,,,,191-DVDBOT-001A,https://cdn.shopify.com/s/files/1/0671/0552/1726/files/0-1782252625281.jpg?v=1787925913,1,191-DVDBOT-001A,false,,,,,,,comedy,,,,,,,,,,,,lb,,,active
out-of-africa,Out of Africa,"<p>Tells the life story of Danish author Karen Blixen, who at the beginning of the 20th century moved to Africa to build a new life for herself. The film is based on her 1937 autobiographical novel.</p>",DVD,Media > Videos,,"Drama, DVD, Formatted, Rental",true,Genre,Drama,,,,,,,,,0.0,shopify,1,deny,manual,0.00,,true,true,,,,,191-DVDOUT-001A,https://cdn.shopify.com/s/files/1/0671/0552/1726/files/0-1782252568773.jpg?v=1787925913,1,191-DVDOUT-001A,false,,,,,,,drama,,,,,,,,,,,,lb,,,active
van-helsing,Van Helsing,,DVD,Media > Videos,,"DVD, Formatted, Rental, Sci-Fi",true,Genre,Sci-Fi,,,,,,,,,0.0,shopify,1,deny,manual,0.00,,true,true,,,,,191-DVDVAN-001A,https://cdn.shopify.com/s/files/1/0671/0552/1726/files/0-1782252516310.jpg?v=1787925913,1,191-DVDVAN-001A,false,,,,,,,sci-fi,,,,,,,,,,,,lb,,,active
underworld-evolution,Underworld: Evolution,"<p>As the war between the vampires and the Lycans rages on, Selene, a former member of the Death Dealers (an elite vampire special forces unit that hunts werewolves), and Michael, the werewolf hybrid, work together in an effort to unlock the secrets of their respective bloodlines.</p>",DVD,Media > Videos,,"DVD, Formatted, Rental, Sci-Fi",true,Genre,Sci-Fi,,,,,,,,,0.0,shopify,1,deny,manual,0.00,,true,true,,,,,191-DVDUND-001A,https://cdn.shopify.com/s/files/1/0671/0552/1726/files/0-1782252497267.jpg?v=1787925914,1,191-DVDUND-001A,false,,,,,,,sci-fi,,,,,,,,,,,,lb,,,active
village-of-the-damned,Village of the Damned,,DVD,Media > Videos,,"DVD, Formatted, Horror, Rental",true,Genre,Horror,,,,,,,,,0.0,shopify,1,deny,manual,0.00,,true,true,,,,,191-DVDVIL-001A,https://cdn.shopify.com/s/files/1/0671/0552/1726/files/0-1782252419522.jpg?v=1787925915,1,191-DVDVIL-001A,false,,,,,,,horror,,,,,,,,,,,,lb,,,active
lifeboat,Lifeboat,,DVD,Media > Videos,,"Drama, DVD, Formatted, Rental",true,Genre,Drama,,,,,,,,,0.0,shopify,1,deny,manual,0.00,,true,true,,,,,191-DVDLFB-001A,https://cdn.shopify.com/s/files/1/0671/0552/1726/files/0-1782252436906.jpg?v=1787925915,1,191-DVDLFB-001A,false,,,,,,,drama,,,,,,,,,,,,lb,,,active
x2-x-men-united,X2: X-Men United,,DVD,Media > Videos,,"Action, DVD, Formatted, Rental",true,Genre,Action,,,,,,,,,0.0,shopify,1,deny,manual,0.00,,true,true,,,,,191-DVDX2X-001A,https://cdn.shopify.com/s/files/1/0671/0552/1726/files/0-1782252371544.jpg?v=1787925916,1,191-DVDX2X-001A,false,,,,,,,action,,,,,,,,,,,,lb,,,active
tupac-resurrection,Tupac: Resurrection,"<p>Home movies, photographs, and recited poetry illustrate the life of Tupac Shakur, one of the most beloved, revolutionary, and volatile hip-hop MCs of all time.</p>",DVD,Media > Videos,,"Documentary, DVD, Formatted, Rental",true,Genre,Documentary,,,,,,,,,0.0,shopify,1,deny,manual,0.00,,true,true,,,,,191-DVDTUP-001A,https://cdn.shopify.com/s/files/1/0671/0552/1726/files/0-1782252295507.jpg?v=1787925916,1,191-DVDTUP-001A,false,,,,,,,documentary,,,,,,,,,,,,lb,,,active
the-lord-of-the-rings-the-return-of-the-king,The Lord of the Rings: The Return of the King,"<p>As armies mass for a final battle that will decide the fate of the world--and powerful, ancient forces of Light and Dark compete to determine the outcome--one member of the Fellowship of the Ring is revealed as the noble heir to the throne of the Kings of Men. Yet, the sole hope for triumph over evil lies with a brave hobbit, Frodo, who, accompanied by his loyal friend Sam and the hideous, wretched Gollum, ventures deep into the very dark heart of Mordor on his seemingly impossible quest to destroy the Ring of Power.​</p>",DVD,Media > Videos,,"DVD, Fantasy, Formatted, Rental",true,Genre,Fantasy,,,,,,,,,0.0,shopify,1,deny,manual,0.00,,true,true,,,,,191-DVDTH2-001A,https://cdn.shopify.com/s/files/1/0671/0552/1726/files/0-1782252255175.jpg?v=1787925917,1,191-DVDTH2-001A,false,,,,,,,fantasy,,,,,,,,,,,,lb,,,active
the-lord-of-the-rings-the-two-towers,The Lord of the Rings: The Two Towers,"<p>Frodo Baggins and the other members of the Fellowship continue on their sacred quest to destroy the One Ring--but on separate paths. Their destinies lie at two towers--Orthanc Tower in Isengard, where the corrupt wizard Saruman awaits, and Sauron's fortress at Barad-dur, deep within the dark lands of Mordor.</p>",DVD,Media > Videos,,"DVD, Fantasy, Formatted, Rental",true,Genre,Fantasy,,,,,,,,,0.0,shopify,1,deny,manual,0.00,,true,true,,,,,191-DVDTHS-001A,https://cdn.shopify.com/s/files/1/0671/0552/1726/files/0-1782252171092.jpg?v=1787925917,1,191-DVDTHS-001A,false,,,,,,,fantasy,,,,,,,,,,,,lb,,,active
blue-velvet,Blue Velvet,,Blu-Ray,Media > Videos,,"Blu-Ray, Drama, Formatted, Rental",true,Genre,Drama,,,,,,,,,0.0,shopify,1,deny,manual,0.00,,true,true,,,,,191-BLRBLV-001A,https://cdn.shopify.com/s/files/1/0671/0552/1726/files/0-1782251943113.jpg?v=1787925918,1,191-BLRBLV-001A,false,,,,,,,drama,,,,,,,,,,,,lb,,,active
uncut-gems,Uncut Gems,,Blu-Ray,Media > Videos,,"Blu-Ray, Drama, Formatted, Rental",true,Genre,Drama,,,,,,,,,0.0,shopify,1,deny,manual,0.00,,true,true,,,,,191-BLRUNC-001A,https://cdn.shopify.com/s/files/1/0671/0552/1726/files/0-1782251853122.jpg?v=1787925918,1,191-BLRUNC-001A,false,,,,,,,drama,,,,,,,,,,,,lb,,,active
elizabethtown,Elizabethtown,"<p>Drew Baylor is fired after causing his shoe company to lose hundreds of millions of dollars. To make matters worse, he's also dumped by his girlfriend. On the verge of ending it all, Drew gets a new lease on life when he returns to his family's small Kentucky hometown after his father dies. Along the way, he meets a flight attendant with whom he falls in love.</p>",DVD,Media > Videos,,"DVD, Formatted, Rental, Romantic Comedy",true,Genre,Romantic Comedy,,,,,,,,,0.0,shopify,1,deny,manual,0.00,,true,true,,,,,191-DVDELI-001A,https://cdn.shopify.com/s/files/1/0671/0552/1726/files/0-1782252002836_9c9e578f-680e-4c4d-8ab9-c5721d6e0f32.jpg?v=1787925919,1,191-DVDELI-001A,false,,,,,,,romantic-comedy,,,,,,,,,,,,lb,,,active
grudge,Grudge,,Blu-Ray,Media > Videos,,"Blu-Ray, Formatted, Horror, Rental",true,Genre,Horror,,,,,,,,,0.0,shopify,1,deny,manual,0.00,,true,true,,,,,191-BLRGRU-001A,https://cdn.shopify.com/s/files/1/0671/0552/1726/files/0-1782251897746_dd6697da-fbff-48bd-b875-c0f7d39e4322.jpg?v=1787925919,1,191-BLRGRU-001A,false,,,,,,,horror,,,,,,,,,,,,lb,,,active
a-serious-man,A Serious Man,"<p>It is 1967, and Larry Gopnik, a physics professor at a quiet Midwestern university, has just been informed by his wife Judith that she is leaving him. She has fallen in love with one of his more pompous acquaintances Sy Ableman.</p>",DVD,Media > Videos,,"Comedy, DVD, Formatted, Rental",true,Genre,Comedy,,,,,,,,,0.0,shopify,1,deny,manual,0.00,,true,true,,,,,191-DVDASE-001A,https://cdn.shopify.com/s/files/1/0671/0552/1726/files/0-1782251940403.jpg?v=1787925920,1,191-DVDASE-001A,false,,,,,,,comedy,,,,,,,,,,,,lb,,,active
re-animator,Re-Animator,,Blu-Ray,Media > Videos,,"Blu-Ray, Formatted, Rental, Sci-Fi",true,Genre,Sci-Fi,,,,,,,,,0.0,shopify,1,deny,manual,0.00,,true,true,,,,,191-BLRREA-001A,https://cdn.shopify.com/s/files/1/0671/0552/1726/files/0-1782251708151.jpg?v=1787925921,1,191-BLRREA-001A,false,,,,,,,sci-fi,,,,,,,,,,,,lb,,,active
the-last-waltz,The Last Waltz,,Blu-Ray,Media > Videos,,"Blu-Ray, Documentary, Formatted, Rental",true,Genre,Documentary,,,,,,,,,0.0,shopify,1,deny,manual,0.00,,true,true,,,,,191-BLRTHZ-001A,https://cdn.shopify.com/s/files/1/0671/0552/1726/files/0-1782252020995.jpg?v=1787925921,1,191-BLRTHZ-001A,false,,,,,,,documentary,,,,,,,,,,,,lb,,,active
sleepless-in-seattle,Sleepless in Seattle,"<p>After the death of his mother, a young boy calls a radio station in an attempt to set his father up on a date. Across the country, an engaged woman becomes convinced that they belong together, despite their never having met. Will their paths collide despite the odds?</p>",DVD,Media > Videos,,"DVD, Formatted, Rental, Romantic Comedy",true,Genre,Romantic Comedy,,,,,,,,191-DVDSLE-001A,0.0,shopify,1,deny,manual,0.00,,true,true,,,,,191-DVDSLE-001A,https://cdn.shopify.com/s/files/1/0671/0552/1726/files/0-1782251917330.jpg?v=1787925921,1,191-DVDSLE-001A,false,,,,,,,romantic-comedy,,,,,,,,,,,,lb,,,active
great-gatsby,Great Gatsby,,Blu-Ray,Media > Videos,,"Blu-Ray, Drama, Formatted, Rental",true,Genre,Drama,,,,,,,,,0.0,shopify,1,deny,manual,0.00,,true,true,,,,,191-BLRGRE-001A,https://cdn.shopify.com/s/files/1/0671/0552/1726/files/0-1782251652059.jpg?v=1787925922,1,191-BLRGRE-001A,false,,,,,,,drama,,,,,,,,,,,,lb,,,active
syriana,SYRIANA,"<p>The Middle Eastern oil industry is the backdrop of this tense drama, which weaves together numerous story lines. Bennett Holiday is an American lawyer in charge of facilitating a dubious merger of oil companies, while Bryan Woodman, a Switzerland-based energy analyst, experiences both personal tragedy and opportunity during a visit with Arabian royalty. Meanwhile, veteran CIA agent Bob Barnes uncovers an assassination plot with unsettling origins.</p>",Blu-Ray,Media > Videos,,"Blu-Ray, Drama, Formatted, Rental",true,Genre,Drama,,,,,,,,,0.0,shopify,1,deny,manual,0.00,,true,true,,,,,191-BLRSYR-001A,https://cdn.shopify.com/s/files/1/0671/0552/1726/files/0-1782251804457.jpg?v=1787925923,1,191-BLRSYR-001A,false,,,,,,,drama,,,,,,,,,,,,lb,,,active
crow,Crow,,Blu-Ray,Media > Videos,,"Action, Blu-Ray, Formatted, Rental",true,Genre,Action,,,,,,,,,0.0,shopify,1,deny,manual,0.00,,true,true,,,,,191-BLRCRO-001A,https://cdn.shopify.com/s/files/1/0671/0552/1726/files/0-1782251585853.jpg?v=1787925923,1,191-BLRCRO-001A,false,,,,,,,action,,,,,,,,,,,,lb,,,active
6th-day,6th Day,,DVD,Media > Videos,,"DVD, Formatted, Rental, Sci-Fi",true,Genre,Sci-Fi,,,,,,,,,0.0,shopify,1,deny,manual,0.00,,true,true,,,,,191-DVD6TH-001A,https://cdn.shopify.com/s/files/1/0671/0552/1726/files/0-1782252103220.jpg?v=1787925924,1,191-DVD6TH-001A,false,,,,,,,sci-fi,,,,,,,,,,,,lb,,,active
texas-chain-saw-massacre,Texas Chain Saw Massacre,"<p>Five friends head out to rural Texas to visit the grave of a grandfather. On the way, they stumble across what appears to be a deserted house, only to discover something sinister within. Something armed with a chainsaw.</p>",Blu-Ray,Media > Videos,,"Blu-Ray, Formatted, Horror, Rental",true,Genre,Horror,,,,,,,,,0.0,shopify,1,deny,manual,0.00,,true,true,,,,,191-BLRTEX-001A,https://cdn.shopify.com/s/files/1/0671/0552/1726/files/0-1782251764731.jpg?v=1787925924,1,191-BLRTEX-001A,false,,,,,,,horror,,,,,,,,,,,,lb,,,active
chicago,Chicago,,DVD,Media > Videos,,"DVD, Formatted, Musical, Rental",true,Genre,Musical,,,,,,,,,0.0,shopify,1,deny,manual,0.00,,true,true,,,,,191-DVDCHI-001A,https://cdn.shopify.com/s/files/1/0671/0552/1726/files/0-1782251543713.jpg?v=1787925925,1,191-DVDCHI-001A,false,,,,,,,musical,,,,,,,,,,,,lb,,,active
enchanted,Enchanted,,DVD,Media > Videos,,"DVD, Formatted, Kids & Family, Rental",true,Genre,Kids & Family,,,,,,,,,0.0,shopify,1,deny,manual,0.00,,true,true,,,,,191-DVDENC-001A,https://cdn.shopify.com/s/files/1/0671/0552/1726/files/0-1782251488981.jpg?v=1787925925,1,191-DVDENC-001A,false,,,,,,,kids-family,,,,,,,,,,,,lb,,,active
pixar-short-films-collection-volume-1,Pixar Short Films Collection Volume 1,"<p>Experience these masterpieces of storytelling from the creative minds that brought you Toy Story, Monsters, Inc., Finding Nemo and many more. With revolutionary animation, unforgettable music and characters you love, these dazzling short films have changed the face of animation and entertainment and are sure to delight people of all ages for years to come.</p>",DVD,Media > Videos,,"DVD, Formatted, Kids & Family, Rental",true,Genre,Kids & Family,,,,,,,,,0.0,shopify,1,deny,manual,0.00,,true,true,,,,,191-DVDPIX-001A,https://cdn.shopify.com/s/files/1/0671/0552/1726/files/0-1782251443735.jpg?v=1787925926,1,191-DVDPIX-001A,false,,,,,,,kids-family,,,,,,,,,,,,lb,,,active
tango-cash,Tango & Cash,"<p>Ray Tango and Gabriel Cash are two successful narcotics detectives who can't stand each other. Crime lord Yves Perret, furious at the loss of income they have caused him, plots an elaborate revenge against them.</p>",Blu-Ray,Media > Videos,,"Action, Blu-Ray, Formatted, Rental",true,Genre,Action,,,,,,,,,0.0,shopify,1,deny,manual,0.00,,true,true,,,,,191-BLRTAN-001A,https://cdn.shopify.com/s/files/1/0671/0552/1726/files/0-1782251392896.jpg?v=1787925927,1,191-BLRTAN-001A,false,,,,,,,action,,,,,,,,,,,,lb,,,active
a-time-to-kill-the-pelican-brief-the-client,A Time to Kill / The Pelican Brief / The Client,,Blu-Ray,Media > Videos,,"Blu-Ray, Drama, Formatted, Rental",true,Genre,Drama,,,,,,,,,0.0,shopify,1,deny,manual,0.00,,true,true,,,,,191-BLRATI-001A,https://cdn.shopify.com/s/files/1/0671/0552/1726/files/0-1782251446520.jpg?v=1787925927,1,191-BLRATI-001A,false,,,,,,,drama,,,,,,,,,,,,lb,,,active
the-break-up,The Break-Up,,DVD,Media > Videos,,"Comedy, DVD, Formatted, Rental",true,Genre,Comedy,,,,,,,,,0.0,shopify,1,deny,manual,0.00,,true,true,,,,,191-DVDTHP-001A,https://cdn.shopify.com/s/files/1/0671/0552/1726/files/0-1782251364589.jpg?v=1787925927,1,191-DVDTHP-001A,false,,,,,,,comedy,,,,,,,,,,,,lb,,,active
furious-7,Furious 7,<p>Deckard Shaw seeks revenge against Dominic Toretto and his family for his comatose brother.</p>,Blu-Ray,Media > Videos,,"Action, Blu-Ray, Formatted, Rental",true,Genre,Action,,,,,,,,,0.0,shopify,1,deny,manual,0.00,,true,true,,,,,191-BLRFUR-001A,https://cdn.shopify.com/s/files/1/0671/0552/1726/files/0-1782251323790.jpg?v=1787925928,1,191-BLRFUR-001A,false,,,,,,,action,,,,,,,,,,,,lb,,,active
cant-hardly-wait,Can't Hardly Wait,,DVD,Media > Videos,,"Comedy, DVD, Formatted, Rental",true,Genre,Comedy,,,,,,,,,0.0,shopify,1,deny,manual,0.00,,true,true,,,,,191-DVDCAN-001A,https://cdn.shopify.com/s/files/1/0671/0552/1726/files/0-1782251258134.jpg?v=1787925929,1,191-DVDCAN-001A,false,,,,,,,comedy,,,,,,,,,,,,lb,,,active
cowboys-aliens,Cowboys & Aliens,"<p>A stranger stumbles into the desert town of Absolution with no memory of his past and a futuristic shackle around his wrist. With the help of mysterious beauty Ella and the iron-fisted Colonel Dolarhyde, he finds himself leading an unlikely posse of cowboys, outlaws, and Apache warriors against a common enemy from beyond this world in an epic showdown for survival.</p>",Blu-Ray,Media > Videos,,"Blu-Ray, Formatted, Rental, Sci-Fi",true,Genre,Sci-Fi,,,,,,,,,0.0,shopify,1,deny,manual,0.00,,true,true,,,,,191-BLRCWB-001A,https://cdn.shopify.com/s/files/1/0671/0552/1726/files/0-1782251232632_9aedb0d1-bc68-41d7-a8a4-0eac790cb493.jpg?v=1787925929,1,191-BLRCWB-001A,false,,,,,,,sci-fi,,,,,,,,,,,,lb,,,active
white-noise,White Noise,,DVD,Media > Videos,,"DVD, Formatted, Rental, Thriller",true,Genre,Thriller,,,,,,,,,0.0,shopify,1,deny,manual,0.00,,true,true,,,,,191-DVDWHI-001A,https://cdn.shopify.com/s/files/1/0671/0552/1726/files/0-1782251232362.jpg?v=1787925930,1,191-DVDWHI-001A,false,,,,,,,thriller,,,,,,,,,,,,lb,,,active
say-anything,Say Anything,"<p>Average student and eternal optimist Lloyd Dobler seeks to capture the heart of Diane Court, a beautiful but unattainable valedictorian classmate. He surprises just about everyone - including himself - when she returns the sentiment. However, Diane's divorced, over-protective father soon begins to disapprove of the match, and Lloyd realises that it's going to take more than just the power of love to conquer all.</p>",DVD,Media > Videos,,"Comedy, DVD, Formatted, Rental",true,Genre,Comedy,,,,,,,,,0.0,shopify,1,deny,manual,0.00,,true,true,,,,,191-DVDSAY-001A,https://cdn.shopify.com/s/files/1/0671/0552/1726/files/0-1782251215624.jpg?v=1787925930,1,191-DVDSAY-001A,false,,,,,,,comedy,,,,,,,,,,,,lb,,,active
inferno,Inferno,,Blu-Ray,Media > Videos,,"Action, Blu-Ray, Formatted, Rental",true,Genre,Action,,,,,,,,,0.0,shopify,1,deny,manual,0.00,,true,true,,,,,191-BLRINF-001A,https://cdn.shopify.com/s/files/1/0671/0552/1726/files/0-1782251166841.jpg?v=1787925931,1,191-BLRINF-001A,false,,,,,,,action,,,,,,,,,,,,lb,,,active
pineapple-express,Pineapple Express,<p>A stoner and his dealer are forced to go on the run from the police after the pothead witnesses a cop commit a murder.</p>,DVD,Media > Videos,,"Comedy, DVD, Formatted, Rental",true,Genre,Comedy,,,,,,,,,0.0,shopify,1,deny,manual,0.00,,true,true,,,,,191-DVDPIN-001A,https://cdn.shopify.com/s/files/1/0671/0552/1726/files/0-1782251095758.jpg?v=1787925932,1,191-DVDPIN-001A,false,,,,,,,comedy,,,,,,,,,,,,lb,,,active
juno,Juno,,DVD,Media > Videos,,"Comedy, DVD, Formatted, Rental",true,Genre,Comedy,,,,,,,,,0.0,shopify,1,deny,manual,0.00,,true,true,,,,,191-DVDJUN-001A,https://cdn.shopify.com/s/files/1/0671/0552/1726/files/0-1782251001590.jpg?v=1787925932,1,191-DVDJUN-001A,false,,,,,,,comedy,,,,,,,,,,,,lb,,,active
body-of-lies-edge-of-darkness-pride-and-glory,Body of Lies / Edge of Darkness / Pride and Glory,,Blu-Ray,Media > Videos,,"Action, Blu-Ray, Formatted, Rental",true,Genre,Action,,,,,,,,,0.0,shopify,1,deny,manual,0.00,,true,true,,,,,191-BLRBOD-001A,https://cdn.shopify.com/s/files/1/0671/0552/1726/files/0-1782250756123.jpg?v=1787925933,1,191-BLRBOD-001A,false,,,,,,,action,,,,,,,,,,,,lb,,,active
red-heat,Red Heat,,Blu-Ray,Media > Videos,,"Action, Blu-Ray, Formatted, Rental",true,Genre,Action,,,,,,,,,0.0,shopify,1,deny,manual,0.00,,true,true,,,,,191-BLRRED-001A,https://cdn.shopify.com/s/files/1/0671/0552/1726/files/0-1782250685213.jpg?v=1787925933,1,191-BLRRED-001A,false,,,,,,,action,,,,,,,,,,,,lb,,,active
lost-in-translation,Lost in Translation,,DVD,Media > Videos,,"Comedy, DVD, Formatted, Rental",true,Genre,Comedy,,,,,,,,,0.0,shopify,1,deny,manual,0.00,,true,true,,,,,191-DVDLOS-001A,https://cdn.shopify.com/s/files/1/0671/0552/1726/files/0-1782250724042.jpg?v=1787925934,1,191-DVDLOS-001A,false,,,,,,,comedy,,,,,,,,,,,,lb,,,active
ratatouille,Ratatouille,"<p>In one of Paris's finest restaurants, Remy, a determined young rat, dreams of becoming a renowned French chef. Torn between his family's wishes and his true calling, Remy and his pal Linguini set in motion a hilarious chain of events that turns the City of Lights upside down.</p>",DVD,Media > Videos,,"DVD, Formatted, Kids & Family, Rental",true,Genre,Kids & Family,,,,,,,,,0.0,shopify,1,deny,manual,0.00,,true,true,,,,,191-DVDRAT-001A,https://cdn.shopify.com/s/files/1/0671/0552/1726/files/0-1782250915264.jpg?v=1787925934,1,191-DVDRAT-001A,false,,,,,,,kids-family,,,,,,,,,,,,lb,,,active
young-girls-of-rochefort,Young Girls of Rochefort,<p>A comedy musical based on the 1967 movie! Delphine and Solange are twins living in Rochefort. They are both looking for love without realizing their ideal partners are very close.</p>,DVD,Media > Videos,,"DVD, Formatted, Musical, Rental",true,Genre,Musical,,,,,,,,,0.0,shopify,1,deny,manual,0.00,,true,true,,,,,191-DVDYNG-001A,https://cdn.shopify.com/s/files/1/0671/0552/1726/files/0-1782250449231.jpg?v=1787925935,1,191-DVDYNG-001A,false,,,,,,,musical,,,,,,,,,,,,lb,,,active
murder-on-the-orient-express,Murder on the Orient Express,,Blu-Ray,Media > Videos,,"Blu-Ray, Drama, Formatted, Rental",true,Genre,Drama,,,,,,,,,0.0,shopify,1,deny,manual,0.00,,true,true,,,,,191-BLRMUR-001A,https://cdn.shopify.com/s/files/1/0671/0552/1726/files/0-1782250855641.jpg?v=1787925935,1,191-BLRMUR-001A,false,,,,,,,drama,,,,,,,,,,,,lb,,,active
fantasia-2000,Fantasia 2000,"<p>Blending lively music and brilliant animation, this sequel to the original 'Fantasia' restores 'The Sorcerer's Apprentice' and adds seven new shorts.</p>",DVD,Media > Videos,,"DVD, Formatted, Kids & Family, Rental",true,Genre,Kids & Family,,,,,,,,,0.0,shopify,1,deny,manual,0.00,,true,true,,,,,191-DVDFAN-001A,https://cdn.shopify.com/s/files/1/0671/0552/1726/files/0-1782250838450.jpg?v=1787925936,1,191-DVDFAN-001A,false,,,,,,,kids-family,,,,,,,,,,,,lb,,,active
spirited-away,Spirited Away,"<p>A young girl, Chihiro, becomes trapped in a strange new world of spirits. When her parents undergo a mysterious transformation, she must call upon the courage she never knew she had to free her family.</p>",DVD,Media > Videos,,"DVD, Formatted, Kids & Family, Rental",true,Genre,Kids & Family,,,,,,,,,0.0,shopify,1,deny,manual,0.00,,true,true,,,,,191-DVDSPI-001A,https://cdn.shopify.com/s/files/1/0671/0552/1726/files/0-1782250769878.jpg?v=1787925937,1,191-DVDSPI-001A,false,,,,,,,kids-family,,,,,,,,,,,,lb,,,active
fear-and-loathing-in-las-vegas,Fear and Loathing in Las Vegas,"<p>Raoul Duke and his attorney Dr. Gonzo drive a red convertible across the Mojave desert to Las Vegas with a suitcase full of drugs to cover a motorcycle race. As their consumption of drugs increases at an alarming rate, the stoned duo trash their hotel room and fear legal repercussions. Duke begins to drive back to L.A., but after an odd run-in with a cop, he returns to Sin City and continues his wild drug binge.</p>",DVD,Media > Videos,,"Comedy, DVD, Formatted, Rental",true,Genre,Comedy,,,,,,,,,0.0,shopify,1,deny,manual,0.00,,true,true,,,,,191-DVDFEA-001A,https://cdn.shopify.com/s/files/1/0671/0552/1726/files/0-1782250553659.jpg?v=1787925937,1,191-DVDFEA-001A,false,,,,,,,comedy,,,,,,,,,,,,lb,,,active
federico-fellinis-8-1-2,Federico Fellini's 8 1/2,,DVD,Media > Videos,,"Drama, DVD, Formatted, Rental",true,Genre,Drama,,,,,,,,,0.0,shopify,1,deny,manual,0.00,,true,true,,,,,191-DVDFED-001A,https://cdn.shopify.com/s/files/1/0671/0552/1726/files/0-1782250366075.jpg?v=1787925938,1,191-DVDFED-001A,false,,,,,,,drama,,,,,,,,,,,,lb,,,active
medallion,Medallion,,DVD,Media > Videos,,"Action, DVD, Formatted, Rental",true,Genre,Action,,,,,,,,,0.0,shopify,1,deny,manual,0.00,,true,true,,,,,191-DVDMED-001A,https://cdn.shopify.com/s/files/1/0671/0552/1726/files/0-1782250352349.jpg?v=1787925938,1,191-DVDMED-001A,false,,,,,,,action,,,,,,,,,,,,lb,,,active
amityville-horror,Amityville Horror,,Blu-Ray,Media > Videos,,"Blu-Ray, Formatted, Horror, Rental",true,Genre,Horror,,,,,,,,,0.0,shopify,1,deny,manual,0.00,,true,true,,,,,191-BLRAMI-001A,https://cdn.shopify.com/s/files/1/0671/0552/1726/files/0-1782250394992.jpg?v=1787925939,1,191-BLRAMI-001A,false,,,,,,,horror,,,,,,,,,,,,lb,,,active
get-out,Get Out,,Blu-Ray,Media > Videos,,"Blu-Ray, Formatted, Horror, Rental",true,Genre,Horror,,,,,,,,,0.0,shopify,1,deny,manual,0.00,,true,true,,,,,191-BLRGET-001A,https://cdn.shopify.com/s/files/1/0671/0552/1726/files/0-1782250298820.jpg?v=1787925940,1,191-BLRGET-001A,false,,,,,,,horror,,,,,,,,,,,,lb,,,active
the-fly,The Fly,,Blu-Ray,Media > Videos,,"Blu-Ray, Formatted, Rental, Sci-Fi",true,Genre,Sci-Fi,,,,,,,,,0.0,shopify,1,deny,manual,0.00,,true,true,,,,,191-BLRTHY-001A,https://cdn.shopify.com/s/files/1/0671/0552/1726/files/0-1782250238856.jpg?v=1787925941,1,191-BLRTHY-001A,false,,,,,,,sci-fi,,,,,,,,,,,,lb,,,active
the-beales-of-grey-gardens,The Beales of Grey Gardens,"<p>Mother and daughter - Big Edie and Little Edie Beale - live with six cats in a crumbling house in East Hampton. Little Edie, in her 50s, who wears scarves and bright colors, sings, mugs for the camera, and talks to Al and David Maysles, the filmmakers. Big Edie, in her 70s, recites poetry, comments on her daughter's behavior, and sings ""If I Loved You"" in fine voice. She talks in short sentences; her daughter in volumes. The film is episodic: friends visit, there's a small fire in the house, Little Edie goes to the shore and swims. She talks about the Catholic Church. She's ashamed that local authorities raided the house because of all the cats. She values being different.</p>",DVD,Media > Videos,,"Documentary, DVD, Formatted, Rental",true,Genre,Documentary,,,,,,,,,0.0,shopify,1,deny,manual,0.00,,true,true,,,,,191-DVDTHB-001A,https://cdn.shopify.com/s/files/1/0671/0552/1726/files/0-1782250220947.jpg?v=1787925942,1,191-DVDTHB-001A,false,,,,,,,documentary,,,,,,,,,,,,lb,,,active
memento,Memento,,DVD,Media > Videos,,"DVD, Formatted, Rental, Thriller",true,Genre,Thriller,,,,,,,,,0.0,shopify,1,deny,manual,0.00,,true,true,,,,,191-DVDMEM-001A,https://cdn.shopify.com/s/files/1/0671/0552/1726/files/0-1782250169396.jpg?v=1787925942,1,191-DVDMEM-001A,false,,,,,,,thriller,,,,,,,,,,,,lb,,,active
three-kings,Three Kings,,DVD,Media > Videos,,"Action, DVD, Formatted, Rental",true,Genre,Action,,,,,,,,,0.0,shopify,1,deny,manual,0.00,,true,true,,,,,191-DVDTHR-001A,https://cdn.shopify.com/s/files/1/0671/0552/1726/files/0-1782250168127.jpg?v=1787925943,1,191-DVDTHR-001A,false,,,,,,,action,,,,,,,,,,,,lb,,,active
federico-fellinis-amarcord,Federico Fellini's Amarcord,,DVD,Media > Videos,,"Drama, DVD, Formatted, Rental",true,Genre,Drama,,,,,,,,,0.0,shopify,1,deny,manual,0.00,,true,true,,,,,191-DVDFDR-001A,https://cdn.shopify.com/s/files/1/0671/0552/1726/files/0-1782250506293.jpg?v=1787925943,1,191-DVDFDR-001A,false,,,,,,,drama,,,,,,,,,,,,lb,,,active
goodfellas,GoodFellas,,Blu-Ray,Media > Videos,,"Blu-Ray, Drama, Formatted, Rental",true,Genre,Drama,,,,,,,,,0.0,shopify,1,deny,manual,0.00,,true,true,,,,,80012538,https://cdn.shopify.com/s/files/1/0671/0552/1726/files/0-1782250172958.jpg?v=1787925944,1,191-BLRGDF-001A,false,,,,,,,drama,,,,,,,,,,,,lb,,,active
goodfellas,,,,,,,,,,,,,,,,,,,,,,,,,,,,,,,,https://cdn.shopify.com/s/files/1/0671/0552/1726/files/0-1782252992792.jpg?v=1787925944,2,191-DVDGOO-001A,,,,,,,,,,,,,,,,,,,,,,,
goodfellas,,,,,,,,,,,,,,,,,,,,,,,,,,,,,,,,https://cdn.shopify.com/s/files/1/0671/0552/1726/files/0-1782250172958_540e7368-eddb-478d-b038-70f18f680fa7.jpg?v=1787925944,3,191-BLRGDF-001A,,,,,,,,,,,,,,,,,,,,,,,
goodfellas,,,,,,,,,,,,,,,,,,,,,,,,,,,,,,,,https://cdn.shopify.com/s/files/1/0671/0552/1726/files/0-1782252992792_77bdb419-f78f-4ce5-9877-7f93a88a53e2.jpg?v=1787925944,4,191-DVDGOO-001A,,,,,,,,,,,,,,,,,,,,,,,
goodfellas,,,,,,,,,,,,,,,,,,,,,,,,,,,,,,,,https://cdn.shopify.com/s/files/1/0671/0552/1726/files/0-1782250172958_b9a5356a-7d34-4528-8398-e17af0a3401b.jpg?v=1787925944,5,191-BLRGDF-001A,,,,,,,,,,,,,,,,,,,,,,,
goodfellas,,,,,,,,,,,,,,,,,,,,,,,,,,,,,,,,https://cdn.shopify.com/s/files/1/0671/0552/1726/files/0-1782252992792_c071c2d5-d655-436c-9ae6-e59dd06fbc52.jpg?v=1787925944,6,191-DVDGOO-001A,,,,,,,,,,,,,,,,,,,,,,,
goodfellas,,,,,,,,,,,,,,,,,,,,,,,,,,,,,,,,https://cdn.shopify.com/s/files/1/0671/0552/1726/files/0-1782250172958_36a3bb5f-62a9-4024-801a-1da93788e400.jpg?v=1787925944,7,191-BLRGDF-001A,,,,,,,,,,,,,,,,,,,,,,,
goodfellas,,,,,,,,,,,,,,,,,,,,,,,,,,,,,,,,https://cdn.shopify.com/s/files/1/0671/0552/1726/files/0-1782252992792_68f32553-f936-4378-8ef7-1c22303d50bd.jpg?v=1787925944,8,191-DVDGOO-001A,,,,,,,,,,,,,,,,,,,,,,,
goodfellas,,,,,,,,,,,,,,,,,,,,,,,,,,,,,,,,https://cdn.shopify.com/s/files/1/0671/0552/1726/files/0-1782250172958_048b6fac-e8c2-4f24-ab57-f2b44830d131.jpg?v=1787925944,9,191-BLRGDF-001A,,,,,,,,,,,,,,,,,,,,,,,
goodfellas,,,,,,,,,,,,,,,,,,,,,,,,,,,,,,,,https://cdn.shopify.com/s/files/1/0671/0552/1726/files/0-1782252992792_cf03255d-17e6-4ff3-928e-bfe6f342d056.jpg?v=1787925944,10,191-DVDGOO-001A,,,,,,,,,,,,,,,,,,,,,,,
the-grudge,The Grudge,,DVD,Media > Videos,,"DVD, Formatted, Horror, Rental",true,Genre,Horror,,,,,,,,,0.0,shopify,1,deny,manual,0.00,,true,true,,,,,191-DVDTHG-001A,https://cdn.shopify.com/s/files/1/0671/0552/1726/files/0-1782250029800.jpg?v=1787925945,1,191-DVDTHG-001A,false,,,,,,,horror,,,,,,,,,,,,lb,,,active
herbie-fully-loaded,Herbie: Fully Loaded,"<p>Maggie Peyton, the new owner of Number 53 - the free-wheelin' Volkswagen bug with a mind of its own - puts the car through its paces on the road to becoming a NASCAR competitor.</p>",Walt Disney Pictures,,,"Kids & Family, Issue, No Format, rental or sale?",true,Condition,Standard,,Serial Number,001A,,,,,191-WALHER-001A,0.0,shopify,1,deny,manual,0.00,,true,true,,,,,191-WALHER-001A,https://cdn.shopify.com/s/files/1/0671/0552/1726/files/0-1782249953300.jpg?v=1787785111,1,191-WALHER-001A,false,,,,,,,,,,,,,,,,,,https://cdn.shopify.com/s/files/1/0671/0552/1726/files/0-1782249953300.jpg?v=1787785111,lb,,,active
the-cabin-in-the-woods,The Cabin in the Woods,"<p>Five friends set out for a weekend at a remote cabin in the woods, expecting nothing more than fun and relaxation. As night falls, they discover that something far more unsettling is at work and that nothing about their getaway is what it seems.</p>",DVD,Media > Videos,,"DVD, Formatted, Horror, Rental",true,Genre,Horror,,,,,,,,,0.0,shopify,1,deny,manual,0.00,,true,true,,,,,191-DVDTHC-001A,https://cdn.shopify.com/s/files/1/0671/0552/1726/files/0-1782249926062.jpg?v=1787925945,1,191-DVDTHC-001A,false,,,,,,,horror,,,,,,,,,,,,lb,,,active
16-blocks,16 Blocks,"<p>An aging cop is assigned the ordinary task of escorting a fast-talking witness from police custody to a courthouse, but they find themselves running the gauntlet as other forces try to prevent them from getting there.</p>",Blu-Ray,Media > Videos,,"Action, Blu-Ray, Formatted, Rental",true,Genre,Action,,,,,,,,,0.0,shopify,1,deny,manual,0.00,,true,true,,,,,191-BLR16B-001A,https://cdn.shopify.com/s/files/1/0671/0552/1726/files/0-1782250805835.jpg?v=1787925946,1,191-BLR16B-001A,false,,,,,,,action,,,,,,,,,,,,lb,,,active
saving-private-ryan,Saving Private Ryan,"<p>As U.S. troops storm the beaches of Normandy, three brothers lie dead on the battlefield, with a fourth trapped behind enemy lines. Ranger captain John Miller and seven men are tasked with penetrating German-held territory and bringing the boy home.</p>",Blu-Ray,Media > Videos,,"Blu-Ray, Drama, Formatted, Rental",true,Genre,Drama,,,,,,,,,0.0,shopify,1,deny,manual,0.00,,true,true,,,,,191-BLRSAV-001A,https://cdn.shopify.com/s/files/1/0671/0552/1726/files/0-1782249865438.jpg?v=1787925946,1,191-BLRSAV-001A,false,,,,,,,drama,,,,,,,,,,,,lb,,,active
fahrenheit-9-11,Fahrenheit 9/11,<p>Michael Moore's view on how the Bush administration allegedly used the tragic events on 9/11 to push forward its agenda for unjust wars in Afghanistan and Iraq.</p>,DVD,Media > Videos,,"Documentary, DVD, Formatted, Rental",true,Genre,Documentary,,,,,,,,,0.0,shopify,1,deny,manual,0.00,,true,true,,,,,191-DVDFAH-001A,https://cdn.shopify.com/s/files/1/0671/0552/1726/files/0-1782249818065.jpg?v=1787925947,1,191-DVDFAH-001A,false,,,,,,,documentary,,,,,,,,,,,,lb,,,active
the-forgotten,The Forgotten,,Blockbuster,,,"Thriller, Issue, No Format, rental or sale?",true,Condition,Standard,,Serial Number,001A,,,,,191-BL2THE-001A,0.0,shopify,1,deny,manual,0.00,,true,true,,,,,191-BL2THE-001A,https://cdn.shopify.com/s/files/1/0671/0552/1726/files/0-1782249728988.jpg?v=1787785119,1,191-BL2THE-001A,false,,,,,,,,,,,,,,,,,,https://cdn.shopify.com/s/files/1/0671/0552/1726/files/0-1782249728988.jpg?v=1787785119,lb,,,active
snatch-special-edition,Snatch (Special Edition),,DVD,Media > Videos,,"Drama, DVD, Formatted, Rental",true,Genre,Drama,,,,,,,,,0.0,shopify,1,deny,manual,0.00,,true,true,,,,,191-DVDSNA-001A,https://cdn.shopify.com/s/files/1/0671/0552/1726/files/0-1782249662182_2e93c16d-0db8-4356-8951-6e58546b5582.jpg?v=1787925948,1,191-DVDSNA-001A,false,,,,,,,drama,,,,,,,,,,,,lb,,,active
cheaters,Cheaters,,DVD,,,"Comedy, Issue, rental or sale?",true,Condition,Standard,,Serial Number,001A,,,,,191-DVDCHE-001A,0.0,shopify,1,deny,manual,0.00,,true,true,,,,,191-DVDCHE-001A,https://cdn.shopify.com/s/files/1/0671/0552/1726/files/0-1782249884999.jpg?v=1787785122,1,191-DVDCHE-001A,false,,,,,,,,,,,,,,,,,,https://cdn.shopify.com/s/files/1/0671/0552/1726/files/0-1782249884999.jpg?v=1787785122,lb,,,active
youve-got-mail,You've Got Mail,,DVD,Media > Videos,,"DVD, Formatted, Rental, Romantic Comedy",true,Genre,Romantic Comedy,,,,,,,,,0.0,shopify,1,deny,manual,0.00,,true,true,,,,,191-DVDYOU-001A,https://cdn.shopify.com/s/files/1/0671/0552/1726/files/0-1782249789355.jpg?v=1787925948,1,191-DVDYOU-001A,false,,,,,,,romantic-comedy,,,,,,,,,,,,lb,,,active
freaky-friday,Freaky Friday,,DVD,Media > Videos,,"DVD, Formatted, Kids & Family, Rental",true,Genre,Kids & Family,,,,,,,,,0.0,shopify,1,deny,manual,0.00,,true,true,,,,,191-DVDFRE-001A,https://cdn.shopify.com/s/files/1/0671/0552/1726/files/0-1782249696290.jpg?v=1787925949,1,191-DVDFRE-001A,false,,,,,,,kids-family,,,,,,,,,,,,lb,,,active
cinderella-man,Cinderella Man,"<p>The true story of boxer Jim Braddock who, following his retirement in the 1930s, makes a surprise comeback in order to lift his family out of poverty.</p>",DVD,Media > Videos,,"Drama, DVD, Formatted, Rental",true,Genre,Drama,,,,,,,,,0.0,shopify,1,deny,manual,0.00,,true,true,,,,,191-DVDCIN-001A,https://cdn.shopify.com/s/files/1/0671/0552/1726/files/0-1782249569714.jpg?v=1787925950,1,191-DVDCIN-001A,false,,,,,,,drama,,,,,,,,,,,,lb,,,active
dennis-the-menace,Dennis the Menace,,DVD,Media > Videos,,"DVD, Formatted, Kids & Family, Rental",true,Genre,Kids & Family,,,,,,,,,0.0,shopify,1,deny,manual,0.00,,true,true,,,,,191-DVDDEN-001A,https://cdn.shopify.com/s/files/1/0671/0552/1726/files/0-1782249535237.jpg?v=1787925950,1,191-DVDDEN-001A,false,,,,,,,kids-family,,,,,,,,,,,,lb,,,active
catch-me-if-you-can,Catch Me If You Can,,DVD,Media > Videos,,"Drama, DVD, Formatted, Rental",true,Genre,Drama,,,,,,,,,0.0,shopify,1,deny,manual,0.00,,true,true,,,,,191-DVDCAT-001A,https://cdn.shopify.com/s/files/1/0671/0552/1726/files/0-1782251607637.jpg?v=1787925951,1,191-DVDCAT-001A,false,,,,,,,drama,,,,,,,,,,,,lb,,,active
the-appaloosa,The Appaloosa,<p>A man tries to recover a horse stolen from him by a Mexican bandit.</p>,VHS,Media > Videos,,"Action, Floor Sale, Formatted, VHS",true,Genre,Action,,,,,,,,,0.0,shopify,1,deny,manual,4.00,,true,true,,,,,40585978,https://cdn.shopify.com/s/files/1/0671/0552/1726/files/uCxvQAKOltwQ7vPIocW6CVe2cxO.jpg?v=1787925952,1,The Appaloosa (1966) poster,false,,,,,,,action,,,,,,,,,,,,lb,,,active
puss-in-boots-faerie-tale-theatre,Puss in Boots (Faerie Tale Theatre),,VHS,Media > Videos,,"Floor Sale, Formatted, Kids & Family, VHS",true,Genre,Kids & Family,,,,,,,,,0.0,shopify,1,deny,manual,12.00,,true,true,,,,,38914810,,,,false,,,,,,,kids-family,,,,,,,,,,,,lb,,,active
better-luck-tomorrow,Better Luck Tomorrow,<p>A group of over-achieving Asian-American high school seniors enjoy a power trip when they dip into extra-curricular criminal activities.</p>,VHS,Media > Videos,,"Drama, Floor Sale, Formatted, VHS",true,Genre,Drama,,,,,,,,,0.0,shopify,1,deny,manual,10.00,,true,true,,,,,26069754,https://cdn.shopify.com/s/files/1/0671/0552/1726/files/alJULQQnuiYXjgVmj2EYgwXOcIn.jpg?v=1787925954,1,Better Luck Tomorrow (2003) poster,false,,,,,,,drama,,,,,,,,,,,,lb,,,active
advice-from-a-caterpillar,Advice from a Caterpillar,"<p>When it comes to romance, Missy's attitude has always been whatever. After all, her artistic career is flourishing, her spacious New York City loft is fabulous and her relationship with a married man is totally uncomplicated. But then Missy meets Brat, who's sweet, genuine and shares her fondness for 70's sitcoms. Unfortunately, he's also dating her pal Spaz. When Missy and Brat unexpectedly fall for each other, will she lose her identity... and her best friend?</p>",VHS,Media > Videos,,"Comedy, Floor Sale, Formatted, VHS",true,Genre,Comedy,,,,,,,,,0.0,shopify,1,deny,manual,5.00,,true,true,,,,,22989562,https://cdn.shopify.com/s/files/1/0671/0552/1726/files/1N7SXrk0IMOnOYOMjo3ybJ02je9.jpg?v=1787925955,1,Advice from a Caterpillar (1999) poster,false,,,,,,,comedy,,,,,,,,,,,,lb,,,active
angel-of-death,Angel of Death,,VHS,Media > Videos,,"Action, Floor Sale, Formatted, VHS",true,Genre,Action,,,,,,,,,0.0,shopify,1,deny,manual,7.00,,true,true,,,,,20400890,https://cdn.shopify.com/s/files/1/0671/0552/1726/files/wn6irNzAQA9IPdecYM319iMXHpo.jpg?v=1787925958,1,Angel of Death poster,false,,,,,,,action,,,,,,,,,,,,lb,,,active
almost-famous,Almost Famous,,VHS,Media > Videos,,"Drama, Floor Sale, Formatted, VHS",true,Genre,Drama,,,,,,,,,0.0,shopify,1,deny,manual,11.00,,true,true,,,,,17648378,https://cdn.shopify.com/s/files/1/0671/0552/1726/files/3rrkyLYbgLj84AYvjhdcJot4JPx_1a0277cb-7812-4087-967d-91e58912179f.jpg?v=1787925958,1,Almost Famous poster,false,,,,,,,drama,,,,,,,,,,,,lb,,,active
the-odyssey-hallmark,The Odyssey (Hallmark),,VHS,Media > Videos,,"Action, Floor Sale, Formatted, VHS",true,Genre,Action,,,,,,,,,0.0,shopify,1,deny,manual,8.00,,true,true,,,,,59731450,,,,false,,,,,,,action,,,,,,,,,,,,lb,,,active
mind-lies,Mind Lies,,VHS,Media > Videos,,"Floor Sale, Formatted, Thriller, VHS",true,Genre,Thriller,,,,,,,,,0.0,shopify,1,deny,manual,7.00,,true,true,,,,,25095674,https://cdn.shopify.com/s/files/1/0671/0552/1726/files/v2Avj6dJ2GOc6JJxlolJVfC5Nzv.jpg?v=1787925961,1,Mind Lies poster,false,,,,,,,thriller,,,,,,,,,,,,lb,,,active
the-aviator-1985,The Aviator (1985),<p>A 1920s mail pilot and a rich man's daughter crash-land on a mountain full of hungry wolves.</p>,VHS,Media > Videos,,"Drama, Floor Sale, Formatted, VHS",true,Genre,Drama,,,,,,,,,0.0,shopify,1,deny,manual,7.00,,true,true,,,,,20598522,https://cdn.shopify.com/s/files/1/0671/0552/1726/files/gJXxGAmrOEpos4kSTm5OxoOYOC7_8ece2073-78cb-4a48-8966-f6ccfc1ef6b5.jpg?v=1787925961,1,The Aviator (1985) poster,false,,,,,,,drama,,,,,,,,,,,,lb,,,active
deja-vu,Deja Vu,,VHS,Media > Videos > VHS Tapes,,"Thriller, Floor Sale",true,Title,Default Title,,,,,,,,,0.0,shopify,1,deny,manual,11.00,,true,true,,,,,17288954,,,,false,,,,,,,,,,,,,,,,,,,lb,,,active
vhs,Basquiat,"<p>The brief life of Jean Michel Basquiat, a world renowned New York street artist struggling with fame, drugs and his identity.</p>",VHS,Media > Videos,,"Drama, Floor Sale, Formatted, VHS",false,Genre,Drama,,,,,,,,,0.0,shopify,1,deny,manual,11.00,,true,true,,,,,191-BSQVHS-001A,https://cdn.shopify.com/s/files/1/0671/0552/1726/files/gFfVhN8BbgHhMb3ZNQRAH5xc7kq.jpg?v=1787925962,1,Basquiat (1996) poster,false,,,,,,,drama,,,,,,,,,,,,lb,,,draft
earth-girls-are-easy-sale,Earth Girls Are Easy (Sale),,VHS,Media > Videos,,"Comedy, Floor Sale, Formatted, VHS",true,Genre,Comedy,,,,,,,,,0.0,shopify,1,deny,manual,10.00,,true,true,,,,,191-UNKRTH-001A,https://cdn.shopify.com/s/files/1/0671/0552/1726/files/0-1781906857648.jpg?v=1787925962,1,191-UNKRTH-001A,false,,,,,,,comedy,,,,,,,,,,,,lb,,,active
earth-girls-are-easy-sale,,,,,,,,,,,,,,,,,,,,,,,,,,,,,,,,https://cdn.shopify.com/s/files/1/0671/0552/1726/files/0-1781962330875.jpg?v=1787925962,2,191-VHSEAR-001A,,,,,,,,,,,,,,,,,,,,,,,
assassination,Assassination,,VHS,Media > Videos,,"Action, Floor Sale, Formatted, VHS",false,Genre,Action,,,,,,,,,0.0,shopify,1,deny,manual,4.00,,true,true,,,,,191-VHSSSS-001A,https://cdn.shopify.com/s/files/1/0671/0552/1726/files/h4waWHgfIaqcFfMQ38aKDs6Pkw3.jpg?v=1787925964,1,Assassination poster,false,,,,,,,action,,,,,,,,,,,,lb,,,draft
a-beautiful-mind,A Beautiful Mind,"<p>From the heights of notoriety to the depths of depravity, John Forbes Nash Jr. experiences it all. As a brilliant but socially awkward mathematician, he made a groundbreaking discovery early in his career and stands on the brink of international acclaim. But as the handsome and arrogant Nash accepts secret work in cryptography, he becomes entangled in a mysterious conspiracy. His life takes a nightmarish turn and he soon finds himself on a painful and harrowing journey of self-discovery.</p>",VHS,Media > Videos,,"Drama, Floor Sale, Formatted, VHS",false,Genre,Drama,,,,,,,,,0.0,shopify,1,deny,manual,6.00,,true,true,,,,,191-VHSABE-001A,https://cdn.shopify.com/s/files/1/0671/0552/1726/files/rEIg5yJdNOt9fmX4P8gU9LeNoTQ_85ffda27-124e-4df7-ae66-0f6723437cdd.jpg?v=1787925964,1,A Beautiful Mind (2001) poster,false,,,,,,,drama,,,,,,,,,,,,lb,,,draft
basketball-diaries,Basketball Diaries,<p>A high school basketball player’s life turns upside down after free-falling into the harrowing world of drug addiction.</p>,VHS,Media > Videos,,"Drama, Floor Sale, Formatted, VHS",false,Genre,Drama,,,,,,,,,0.0,shopify,1,deny,manual,12.00,,true,true,,,,,191-NKNTHB-001A,https://cdn.shopify.com/s/files/1/0671/0552/1726/files/AhvO1GGDPIgN0hOqZEgaFCbswMK.jpg?v=1787925965,1,Basketball Diaries (1995) poster,false,,,,,,,drama,,,,,,,,,,,,lb,,,draft
a-league-of-their-own-the-documentary,A League of Their Own the Documentary,"<p>In WWII, many men who were professional athletes went to war. The women filled in on the baseball field like they did in the factories. See the ten teams and the women who made up the women's baseball league.</p>",VHS,Media > Videos,,"Documentary, Floor Sale, Formatted, VHS",false,Genre,Documentary,,,,,,,,,0.0,shopify,1,deny,manual,4.00,,true,true,,,,,191-VHSLGF-001A,https://cdn.shopify.com/s/files/1/0671/0552/1726/files/5MUYr6o0kMtWkIj3ncAWh79oo0C.jpg?v=1787925965,1,A League of Their Own the Documentary (1987) poster,false,,,,,,,documentary,,,,,,,,,,,,lb,,,draft
comes-a-horseman,Comes a Horseman,"<p>Ella Connors is a single woman who gets pressured to sell her failing cattle farm to her corrupt ex-suitor, Jacob Ewing. She asks for help from her neighbor, Frank Athearn. As Ella and Frank fight back through stampedes, jealousy, betrayal, and sabotage... they eventually find love.</p>",VHS,Media > Videos,,"Drama, Floor Sale, Formatted, VHS",false,Genre,Drama,,,,,,,,,0.0,shopify,1,deny,manual,4.00,,true,true,,,,,191-VHSCO2-001A,https://cdn.shopify.com/s/files/1/0671/0552/1726/files/iSX6HqUJM0Caxm4hK5N2EAPbLaV.jpg?v=1787925966,1,Comes a Horseman (1978) poster,false,,,,,,,drama,,,,,,,,,,,,lb,,,draft
baseketball,Baseketball,"<p>Two losers from Milwaukee, Coop and Remer, invent a new game combining basketball with the rules of baseball. When the game becomes a huge success, they, along with a billionaire's help, form the Professional Baseketball League where everyone gets the same pay and no team can change cities. When a rival owner wants to institute major rule changes, Coop and Remer's team is the only one standing in the way.</p>",VHS,Media > Videos,,"Comedy, Floor Sale, Formatted, VHS",false,Genre,Comedy,,,,,,,,,0.0,shopify,1,deny,manual,8.00,,true,true,,,,,191-VHSBAL-001A,https://cdn.shopify.com/s/files/1/0671/0552/1726/files/oKZdAUV9XSLp091f0GmtQEu0UZy_daf2d14e-821d-461c-b165-2c17b7d3ccd3.jpg?v=1787925966,1,Baseketball (1998) poster,false,,,,,,,comedy,,,,,,,,,,,,lb,,,draft
comic-book-villains,Comic Book Villains,"<p>When word hits the street that a nearby elderly gentleman has a cache of old, rare, and very valuable mint condition comic books, rival comic book shop owners Raymond McGillicuddy (Donal Logue) and Norman Link (Michael Rapaport) both set out to be the first to buy them. But when the old man declines to sell, the former friends turn into enemies, and a friendly rivalry becomes tainted with greed and turns to murder.</p>",VHS,Media > Videos,,"Comedy, Floor Sale, Formatted, VHS",false,Genre,Comedy,,,,,,,,,0.0,shopify,1,deny,manual,4.00,,true,true,,,,,191-VHSCMC-001A,https://cdn.shopify.com/s/files/1/0671/0552/1726/files/4yK0mEONadsXSdeoZQAGn92ZrKp_89a04203-1647-40eb-8fdc-e76d68844325.jpg?v=1787925967,1,Comic Book Villains (2002) poster,false,,,,,,,comedy,,,,,,,,,,,,lb,,,draft
basket,Basket,,VHS,Media > Videos,,"Drama, Floor Sale, Formatted, VHS",false,Genre,Drama,,,,,,,,,0.0,shopify,1,deny,manual,4.00,,true,true,,,,,191-VHSBSK-001A,https://cdn.shopify.com/s/files/1/0671/0552/1726/files/qfyNgF4Oww21OLHcp2MAjQtIsSv.jpg?v=1787925969,1,Basket poster,false,,,,,,,drama,,,,,,,,,,,,lb,,,draft
stripes,Stripes,,VHS,Media > Videos,,"Comedy, Floor Sale, Formatted, VHS",false,Genre,Comedy,,,,,,,,,0.0,shopify,1,deny,manual,6.00,,true,true,,,,,191-NKNSTR-001A,https://cdn.shopify.com/s/files/1/0671/0552/1726/files/toyyN62VLUXoUudFbHPdrrmRFSZ.jpg?v=1787925970,1,Stripes poster,false,,,,,,,comedy,,,,,,,,,,,,lb,,,draft
little-big-league,Little Big League,"<p>When the owner of the Minnesota Twins passes away, he bequeaths the team to his preteen grandson. The newly minted head honcho quickly appoints himself manager, causing unrest in an organization that struggles to take orders from a 12-year-old.</p>",VHS,Media > Videos,,"Floor Sale, Formatted, Kids & Family, VHS",false,Genre,Kids & Family,,,,,,,,,0.0,shopify,1,deny,manual,4.00,,true,true,,,,,191-VHSLIT-001A,https://cdn.shopify.com/s/files/1/0671/0552/1726/files/ps0GapKs4vuV38XX6VUbTZm8QS6_bc2a8016-88cf-4eb7-a83e-f6183c93318c.jpg?v=1787925970,1,Little Big League (1994) poster,false,,,,,,,kids-family,,,,,,,,,,,,lb,,,draft
life-is-beautiful,Life Is Beautiful,,VHS,Media > Videos,,"Drama, Floor Sale, Formatted, VHS",false,Genre,Drama,,,,,,,,,0.0,shopify,1,deny,manual,4.00,,true,true,,,,,191-VHSLIF-001A,https://cdn.shopify.com/s/files/1/0671/0552/1726/files/74hLDKjD5aGYOotO6esUVaeISa2.jpg?v=1787925972,1,Life Is Beautiful poster,false,,,,,,,drama,,,,,,,,,,,,lb,,,draft
night-they-raided-minskys,Night They Raided Minsky's,"<p>Rachel arrives in New York from her Amish community intent on becoming a dancer. Unfortunately Billy Minsky's Burlesque is hardly the place for her Dances From The Bible. But the show's comedian Raymond sees a way of wrong-footing the local do-gooders by announcing the new Paris sensation ""Mme Fifi"" and putting on Rachel's performance as the place is raided. All too complicated, the more so since her father is scouring the town for her and both Raymond and his straight-man Chick are falling for Rachel.</p>",VHS,Media > Videos,,"Comedy, Floor Sale, Formatted, VHS",true,Genre,Comedy,,,,,,,,,0.0,shopify,1,deny,manual,5.00,,true,true,,,,,191-VHSNIG-001A,https://cdn.shopify.com/s/files/1/0671/0552/1726/files/0-1781968980342.jpg?v=1787925972,1,191-VHSNIG-001A,false,,,,,,,comedy,,,,,,,,,,,,lb,,,active
breaking-up-is-hard-to-do,Breaking Up Is Hard To Do,,VHS,Media > Videos,,"Comedy, Floor Sale, Formatted, VHS",true,Genre,Comedy,,,,,,,,,0.0,shopify,1,deny,manual,5.00,,true,true,,,,,191-VHSBRE-001A,https://cdn.shopify.com/s/files/1/0671/0552/1726/files/0-1781965699791_bb0003a2-91e9-41c6-a0bf-d9139714a8a3.jpg?v=1787925973,1,191-VHSBRE-001A,false,,,,,,,comedy,,,,,,,,,,,,lb,,,active
cheech-and-chongs-next-movie,Cheech And Chong's Next Movie,"<p>Perennially stoned Cheech and Chong tear through the city of Los Angeles, causing trouble wherever they go. After Cheech loses his job, the two pot enthusiasts head to the welfare offices where Cheech's girlfriend, Donna, works. Instead of collecting unemployment, they find themselves thrown back on the streets, searching for a way to earn new income. But when Cheech's cousin, ""Red"" Mendoza, arrives, things get even crazier.</p>",VHS,Media > Videos,,"Comedy, Floor Sale, Formatted, VHS",false,Genre,Comedy,,,,,,,,,0.0,shopify,1,deny,manual,5.00,,true,true,,,,,191-VHSCHE-001A,https://cdn.shopify.com/s/files/1/0671/0552/1726/files/hetHB9L84jOLxajKZLKgaNBRDJ9.jpg?v=1787925974,1,Cheech And Chong's Next Movie (1980) poster,false,,,,,,,comedy,,,,,,,,,,,,lb,,,draft
alegria-an-enchanting-fable,Alegria: An Enchanting Fable,,VHS,Media > Videos,,"Floor Sale, Formatted, Musical, VHS",true,Genre,Musical,,,,,,,,,0.0,shopify,1,deny,manual,5.00,,true,true,,,,,191-VHSALE-001A,https://cdn.shopify.com/s/files/1/0671/0552/1726/files/0-1781963845847.jpg?v=1787925974,1,191-VHSALE-001A,false,,,,,,,musical,,,,,,,,,,,,lb,,,active
die-hard-with-a-vengeance,Die Hard with a Vengeance,"<p>New York detective John McClane is back and kicking bad-guy butt in the third installment of this action-packed series, which finds him teaming with civilian Zeus Carver to prevent the loss of innocent lives. McClane thought he'd seen it all, until a genius named Simon engages McClane, his new ""partner"" -- and his beloved city -- in a deadly game that demands their concentration.</p>",VHS,Media > Videos,,"Action, Floor Sale, Formatted, VHS",true,Genre,Action,,,,,,,,,0.0,shopify,1,deny,manual,5.00,,true,true,,,,,191-VHSDIE-001A,https://cdn.shopify.com/s/files/1/0671/0552/1726/files/0-1781963262847.jpg?v=1787925975,1,191-VHSDIE-001A,false,,,,,,,action,,,,,,,,,,,,lb,,,active
broken-hearts-club,Broken Hearts Club,<p>The Broken Hearts Club is a support group for university students who have suffered from failed romances. It helps them to build trust again and to broaden their horizons through volunteer activities and community service.</p>,VHS,Media > Videos,,"Comedy, Floor Sale, Formatted, VHS",true,Genre,Comedy,,,,,,,,,0.0,shopify,1,deny,manual,10.00,,true,true,,,,,191-VHSBRB-001A,https://cdn.shopify.com/s/files/1/0671/0552/1726/files/0-1781963104117.jpg?v=1787925975,1,191-VHSBRB-001A,false,,,,,,,comedy,,,,,,,,,,,,lb,,,active
lies,LIES,,VHS,Media > Videos,,"Floor Sale, Formatted, Thriller, VHS",true,Genre,Thriller,,,,,,,,,0.0,shopify,1,deny,manual,22.00,,true,true,,,,,191-VHSLIE-001A,https://cdn.shopify.com/s/files/1/0671/0552/1726/files/0-1781962671550.jpg?v=1787925976,1,191-VHSLIE-001A,false,,,,,,,thriller,,,,,,,,,,,,lb,,,active
alfredo-alfredo,Alfredo Alfredo,"<p>Alfredo, a timid young Italian, lusts after and woos the beautiful Maria Rosa. But when he manages to marry her, he discovers life is not nearly so blissful as he expected.</p>",VHS,Media > Videos,,"Floor Sale, Foreign, Formatted, VHS",false,Genre,Foreign,,,,,,,,,0.0,shopify,1,deny,manual,5.00,,true,true,,,,,191-VHSLFR-001A,https://cdn.shopify.com/s/files/1/0671/0552/1726/files/mfIKrvKxswDpfpLlJZ6D5Q7Ymbg_a38d6b2b-a96f-4d6f-af73-1c3b348b1642.jpg?v=1787925977,1,Alfredo Alfredo (1972) poster,false,,,,,,,foreign,,,,,,,,,,,,lb,,,draft
ferngully-the-last-rainforest,FERNGULLY THE LAST RAINFOREST,"<p>When a sprite named Crysta shrinks a human boy, Zak, down to her size, he vows to help the magical fairy folk stop a greedy logging company from destroying their home: the pristine rainforest known as FernGully. Zak and his new friends fight to defend FernGully from lumberjacks — and the vengeful spirit they accidentally unleash after chopping down a magic tree.</p>",VHS,Media > Videos,,"Floor Sale, Formatted, Kids & Family, VHS",true,Genre,Kids & Family,,,,,,,,,0.0,shopify,1,deny,manual,5.00,,true,true,,,,,191-VHSFER-001A,https://cdn.shopify.com/s/files/1/0671/0552/1726/files/0-1781962201581.jpg?v=1787925978,1,191-VHSFER-001A,false,,,,,,,kids-family,,,,,,,,,,,,lb,,,active
brighty-of-grand-canyon,Brighty of Grand Canyon,"<p>At the turn of the century in the Southwest, Brighty the wild burro accompanies his friend, a prospector named Old Timer, on a hunt for gold. A claim jumper robs the pair of their strike, killing Old Timer in the process. Brighty then sets out on a quest -- befriending a mountain lion hunter along the way -- to bring Old Timer's murderer to justice in this drama based on the best-seller by Marguerite Henry.</p>",VHS,Media > Videos,,"Floor Sale, Formatted, Kids & Family, VHS",false,Genre,Kids & Family,,,,,,,,,0.0,shopify,1,deny,manual,5.00,,true,true,,,,,191-VHSBR2-001A,https://cdn.shopify.com/s/files/1/0671/0552/1726/files/8fuVSewUcSfQkwR39Su2c4uhYoE_2dc2992b-115f-47f7-a61a-30c635ad0e58.jpg?v=1787925978,1,Brighty of Grand Canyon (1966) poster,false,,,,,,,kids-family,,,,,,,,,,,,lb,,,draft
little-women,Little Women,,VHS,Media > Videos,,"Drama, Floor Sale, Formatted, VHS",true,Genre,Drama,,,,,,,,,0.0,shopify,1,deny,manual,6.00,,true,true,,,,,191-VHSLTT-001A,https://cdn.shopify.com/s/files/1/0671/0552/1726/files/0-1781980649355.jpg?v=1787925979,1,191-VHSLTT-001A,false,,,,,,,drama,,,,,,,,,,,,lb,,,active
concrete-jungle,Concrete Jungle,<p>An unfortunate and naive girl is set up by her boyfriend and convicted of drug smuggling. She is sent to a women's correctional facility where she must constantly struggle to survive.</p>,VHS,Media > Videos,,"Drama, Floor Sale, Formatted, VHS",true,Genre,Drama,,,,,,,,,0.0,shopify,1,deny,manual,30.00,,true,true,,,,,191-VHSCNC-001A,https://cdn.shopify.com/s/files/1/0671/0552/1726/files/0-1781962940135_710ceded-92f1-470d-8b46-f7a8b18e5f66.jpg?v=1787925981,1,191-VHSCNC-001A,false,,,,,,,drama,,,,,,,,,,,,lb,,,active
breakin-all-the-rules,Breakin' All The Rules,"<p>After being dumped by his model girlfriend, aspiring writer Quincy Watson quits his job and is inspired to pen the ultimate how-to book on breaking up. When it becomes a smash bestseller, he starts giving his player cousin, Evan, choice tips on how to win the battle of the sexes. But when Evan's beautiful girlfriend Nikki gets wind of the plan, it's these players that end up getting played.</p>",VHS,Media > Videos,,"Comedy, Floor Sale, Formatted, VHS",false,Genre,Comedy,,,,,,,,,0.0,shopify,1,deny,manual,5.00,,true,true,,,,,191-VHSBRS-001A,https://cdn.shopify.com/s/files/1/0671/0552/1726/files/piEqcDe7CTbxxPUSwswrsoKWzMw.jpg?v=1787925981,1,Breakin' All The Rules (2004) poster,false,,,,,,,comedy,,,,,,,,,,,,lb,,,draft
unforgettable,Unforgettable,,VHS,Media > Videos,,"Floor Sale, Formatted, Thriller, VHS",false,Genre,Thriller,,,,,,,,,0.0,shopify,1,deny,manual,5.00,,true,true,,,,,191-VHSUNF-001A,https://cdn.shopify.com/s/files/1/0671/0552/1726/files/500Ne3EDn3HHpuCQWwGKR74r0cB.jpg?v=1787925982,1,Unforgettable poster,false,,,,,,,thriller,,,,,,,,,,,,lb,,,draft
viva-maria,Viva Maria,,VHS,Media > Videos,,"Comedy, Floor Sale, Formatted, VHS",false,Genre,Comedy,,,,,,,,,0.0,shopify,1,deny,manual,5.00,,true,true,,,,,191-VHSVIV-001A,https://cdn.shopify.com/s/files/1/0671/0552/1726/files/hAArxvmVALRNf7fmWdzT7dVFz8k.jpg?v=1787925984,1,Viva Maria poster,false,,,,,,,comedy,,,,,,,,,,,,lb,,,draft
confession,Confession,,VHS,Media > Videos,,"Drama, Formatted, Rental, VHS",true,Genre,Drama,,,,,,,,,0.0,shopify,1,deny,manual,0.00,,true,true,,,,,191-VHSCON-001A,https://cdn.shopify.com/s/files/1/0671/0552/1726/files/0-1781907409387.jpg?v=1787925984,1,191-VHSCON-001A,false,,,,,,,drama,,,,,,,,,,,,lb,,,active
before-and-after,Before and After,,VHS,Media > Videos,,"Drama, Floor Sale, Formatted, VHS",false,Genre,Drama,,,,,,,,,0.0,shopify,1,deny,manual,5.00,,true,true,,,,,191-VHSBEF-001A,https://cdn.shopify.com/s/files/1/0671/0552/1726/files/oK8UKDrjFS14OFoihaQPfmmMOyI.jpg?v=1787925987,1,Before and After poster,false,,,,,,,drama,,,,,,,,,,,,lb,,,draft
bad-behavior,BAD BEHAVIOR,,VHS,Media > Videos,,"Comedy, Formatted, Rental, VHS",true,Genre,Comedy,,,,,,,,,0.0,shopify,1,deny,manual,0.00,,true,true,,,,,191-VHSBAD-001A,https://cdn.shopify.com/s/files/1/0671/0552/1726/files/0-1781906226802_ee00ecb8-f9e5-4943-9096-94e074b7e0db.jpg?v=1787925988,1,191-VHSBAD-001A,false,,,,,,,comedy,,,,,,,,,,,,lb,,,active
mash,MASH,"<p>A young girl finds freedom from her uncertain home life in a local scrap yard.  This is where her treasured, dilapidated van is hidden – a secret den which will transport Hero to faraway places and bring her closer to her absent brother.</p>",VHS,Media > Videos,,"Comedy, Floor Sale, Formatted, VHS",false,Genre,Comedy,,,,,,,,,0.0,shopify,1,deny,manual,6.00,,true,true,,,,,191-VHSMAS-001A,https://cdn.shopify.com/s/files/1/0671/0552/1726/files/omn5j1abLGaEcDVWTMbfxXTBpYA.jpg?v=1787925990,1,MASH (2019) poster,false,,,,,,,comedy,,,,,,,,,,,,lb,,,draft
basil,Basil,"<p>A lonely young aristocrat in turn-of the century England struggles to meet the approval of his over-bearing, class-conscious father while trying to please the selfish woman he loves.</p>",VHS,Media > Videos,,"Drama, Formatted, Rental, VHS",true,Genre,Drama,,,,,,,,,0.0,shopify,1,deny,manual,0.00,,true,true,,,,,191-VHSBAS-001A,https://cdn.shopify.com/s/files/1/0671/0552/1726/files/0-1781907031424.jpg?v=1787925990,1,191-VHSBAS-001A,false,,,,,,,drama,,,,,,,,,,,,lb,,,active
man-from-clover-grove,MAN FROM CLOVER GROVE,"<p>A poor farmer, always inventing things. A lot don't work but the toys he makes brings joy to the children at the local orphanage.</p>",VHS,Media > Videos,,"Comedy, Formatted, Rental, VHS",true,Genre,Comedy,,,,,,,,,0.0,shopify,1,deny,manual,0.00,,true,true,,,,,191-VHSMNF-001A,https://cdn.shopify.com/s/files/1/0671/0552/1726/files/0-1781906753949.jpg?v=1787925991,1,191-VHSMNF-001A,false,,,,,,,comedy,,,,,,,,,,,,lb,,,active
act,Act,"<p>Joo-Hee (Kim Hee-Jung) is a married professor. She is stunned to learn that her husband Dong-Hyuk (Seo Tae-Hwa) is having an affair with her own student Yeon-Mi(Seo Eun-A). Joo-Hee pretends she doesn't know about their relationship and invites Yeon-Mi to her home. Dong-Hyuk and Yeon-Mi, believing Joo-Hee is oblivious to their affair, continue their intimate relationship at his home. Joo-Hee though has her own plans.</p>",VHS,Media > Videos,,"Comedy, Formatted, Rental, VHS",true,Genre,Comedy,,,,,,,,,0.0,shopify,1,deny,manual,0.00,,true,true,,,,,191-VHSACT-001A,https://cdn.shopify.com/s/files/1/0671/0552/1726/files/0-1781906154147.jpg?v=1787925991,1,191-VHSACT-001A,false,,,,,,,comedy,,,,,,,,,,,,lb,,,active
day-in-october,Day In October,"<p>During the month of October 1943, the Danish resistance movement and just plain ordinary citizens joined together in staging a mass exodus by fishing boats to neutral Sweden of their Jewish countrymen, practically on the eve of the Nazi's planned round-up and delivery to concentration camps of all Jews. Story is told from the point of view of one Jewish family.</p>",VHS,Media > Videos,,"Drama, Floor Sale, Formatted, VHS",false,Genre,Drama,,,,,,,,,0.0,shopify,1,deny,manual,4.00,,true,true,,,,,191-VHSDAY-001A,https://cdn.shopify.com/s/files/1/0671/0552/1726/files/nYG5yFtBw3UFW7giOLRv50DXxkx_c6033f0d-df00-4a86-8289-4aafa2960814.jpg?v=1787925992,1,Day In October (1991) poster,false,,,,,,,drama,,,,,,,,,,,,lb,,,draft
best-little-whorehouse-in-texas,Best Little Whorehouse in Texas,,VHS,Media > Videos,,"Formatted, Musical, Rental, VHS",true,Genre,Musical,,,,,,,,,0.0,shopify,1,deny,manual,0.00,,true,true,,,,,191-VHSBES-001A,https://cdn.shopify.com/s/files/1/0671/0552/1726/files/0-1781906668245.jpg?v=1787925992,1,191-VHSBES-001A,false,,,,,,,musical,,,,,,,,,,,,lb,,,active
who-is-harry-kellerman-and-why-is-he-saying-those-terrible-things-about-me,Who is Harry Kellerman and why is he saying those terrible things about me?,"<p>Hugely successful but impossibly neurotic songwriter Georgie Soloway is sliding into a mid-life crisis. He believes that all of his past romantic relationships have been destroyed not by his own failings but by the interference of the mysterious Harry Kellerman. Family, friends, and his psychiatrist cannot give him the help he seeks. When his father is diagnosed with a terminal illness, Georgie begins spending more and more time flying his personal aircraft, distancing himself physically, emotionally, and mentally from the real world.</p>",VHS,Media > Videos,,"Comedy, Formatted, Rental, VHS",true,Genre,Comedy,,,,,,,,,0.0,shopify,1,deny,manual,0.00,,true,true,,,,,191-VHSWHE-001A,https://cdn.shopify.com/s/files/1/0671/0552/1726/files/0-1781906603087.jpg?v=1787925993,1,191-VHSWHE-001A,false,,,,,,,comedy,,,,,,,,,,,,lb,,,active
things-are-tough-all-over,Things Are Tough All Over,,VHS,Media > Videos,,"Comedy, Formatted, Rental, VHS",true,Genre,Comedy,,,,,,,,,0.0,shopify,1,deny,manual,0.00,,true,true,,,,,191-VHSTHI-001A,https://cdn.shopify.com/s/files/1/0671/0552/1726/files/0-1781906011937.jpg?v=1787925994,1,191-VHSTHI-001A,false,,,,,,,comedy,,,,,,,,,,,,lb,,,active
white-palace,White Palace,"<p>Max Baron is a Jewish advertising executive in his 20s who's still getting over the death of his wife. Nora Baker is a 40-something diner waitress who enjoys the wilder side of life. Mismatched or not, their attraction is instant and smoldering. With time, however, their class and age differences become an obstacle in their relationship, especially since Max can't keep Nora a secret from his Jewish friends and upper-crust associates forever.</p>",VHS,Media > Videos,,"Drama, Formatted, Rental, VHS",true,Genre,Drama,,,,,,,,,0.0,shopify,1,deny,manual,0.00,,true,true,,,,,191-VHSWHT-001A,https://cdn.shopify.com/s/files/1/0671/0552/1726/files/0-1781907317035.jpg?v=1787925994,1,191-VHSWHT-001A,false,,,,,,,drama,,,,,,,,,,,,lb,,,active
crucible,Crucible,"<p>Connection through shattered mirrors, black paint, candles, and cold cement</p>",VHS,Media > Videos,,"Drama, Formatted, Rental, VHS",true,Genre,Drama,,,,,,,,,0.0,shopify,1,deny,manual,0.00,,true,true,,,,,191-VHSCRU-001A,https://cdn.shopify.com/s/files/1/0671/0552/1726/files/0-1781906946518.jpg?v=1787925995,1,191-VHSCRU-001A,false,,,,,,,drama,,,,,,,,,,,,lb,,,active
whos-that-girl,Who's That Girl,,VHS,Media > Videos,,"Comedy, Formatted, Rental, VHS",true,Genre,Comedy,,,,,,,,,0.0,shopify,1,deny,manual,0.00,,true,true,,,,,191-VHSWHS-001A,https://cdn.shopify.com/s/files/1/0671/0552/1726/files/0-1781906550644.jpg?v=1787925995,1,191-VHSWHS-001A,false,,,,,,,comedy,,,,,,,,,,,,lb,,,active
american-women,American Women,,VHS,Media > Videos,,"Comedy, Floor Sale, Formatted, VHS",false,Genre,Comedy,,,,,,,,,0.0,shopify,1,deny,manual,5.00,,true,true,,,,,191-VHSAM3-001A,https://cdn.shopify.com/s/files/1/0671/0552/1726/files/0-1781876349122_830846e4-5268-45b0-96ef-8f0ec05a18c0.jpg?v=1787925997,1,191-VHSAM3-001A,false,,,,,,,comedy,,,,,,,,,,,,lb,,,active
a-million-to-juan,A Million to Juan,"<p>Romantic comedy about an honest Mexican immigrant who struggles without a green card by selling oranges on a street corner. One day a limousine pulls up and he is handed a check for $1,000,000 with instructions that he is to give the check back in 30 days. Initially he uses the check to convince people to extend credit to him. In the meantime he also attracts a woman who is in a dead end relationship with a bossy businessman. At the end of the 30 days, he finds his life in turmoil, the things he got on credit are repossessed, and he is being evicted from his dwelling and being sent back to Mexico.</p>",VHS,Media > Videos > VHS Tapes,,"Comedy, Floor Sale, Issue, No Price",true,Condition,Standard,,Serial Number,001A,,,,,191-VHSAMI-001A,0.0,shopify,1,deny,manual,0.00,,true,true,,,,,191-VHSAMI-001A,https://cdn.shopify.com/s/files/1/0671/0552/1726/files/0-1781905893980.jpg?v=1787785223,1,191-VHSAMI-001A,false,,,,,,,,,,,,,,,,,,https://cdn.shopify.com/s/files/1/0671/0552/1726/files/0-1781905893980.jpg?v=1787785223,lb,,,active
alfie,Alfie,,VHS,Media > Videos,,"Comedy, Formatted, Rental, VHS",true,Genre,Comedy,,,,,,,,,0.0,shopify,1,deny,manual,0.00,,true,true,,,,,191-VHSALF-001A,https://cdn.shopify.com/s/files/1/0671/0552/1726/files/0-1781907236731.jpg?v=1787925998,1,191-VHSALF-001A,false,,,,,,,comedy,,,,,,,,,,,,lb,,,active
mr-accident,Mr. Accident,<p>A very clumsy man and his UFO-obsessed girlfriend discover a plan made by his boss to market eggs laced with nicotine.</p>,VHS,Media > Videos,,"Comedy, Formatted, Rental, VHS",true,Genre,Comedy,,,,,,,,,0.0,shopify,1,deny,manual,0.00,,true,true,,,,,191-VHSMRA-001A,https://cdn.shopify.com/s/files/1/0671/0552/1726/files/0-1781905659094.jpg?v=1787925998,1,191-VHSMRA-001A,false,,,,,,,comedy,,,,,,,,,,,,lb,,,active
came-a-hot-friday,CAME A HOT FRIDAY,"<p>Set in post-war (1949) rural New Zealand, this film traces the efforts of two con men to run a betting scam in a small town (Tainuea) already rife with illegal gambling corruption, and eccentricity.</p>",VHS,Media > Videos,,"Comedy, Formatted, Rental, VHS",true,Genre,Comedy,,,,,,,,,0.0,shopify,1,deny,manual,0.00,,true,true,,,,,191-VHSCAM-001A,https://cdn.shopify.com/s/files/1/0671/0552/1726/files/0-1781906821474.jpg?v=1787925999,1,191-VHSCAM-001A,false,,,,,,,comedy,,,,,,,,,,,,lb,,,active
get-out-of-my-room,Get Out of My Room,"<p>Cheech Marin and Tommy Chong attempt to finish a ""video album"" for their novelty record.</p>",VHS,Media > Videos,,"Comedy, Formatted, Rental, VHS",true,Genre,Comedy,,,,,,,,,0.0,shopify,1,deny,manual,0.00,,true,true,,,,,191-VHSGTT-001A,https://cdn.shopify.com/s/files/1/0671/0552/1726/files/0-1781906368378.jpg?v=1787926000,1,191-VHSGTT-001A,false,,,,,,,comedy,,,,,,,,,,,,lb,,,active
area-51-secrets-of-dreamland,Area 51 Secrets of Dreamland,,VHS,Media > Videos,,"Documentary, Floor Sale, Formatted, VHS",false,Genre,Documentary,,,,,,,,,0.0,shopify,1,deny,manual,10.00,,true,true,,,,,191-VHSARE-001A,,,,false,,,,,,,documentary,,,,,,,,,,,,lb,,,draft
come-see-the-paradise,Come See The Paradise,"<p>In this drama from director Alan Parker, on-the-lam Jack McGurn flees to Los Angeles and takes a job as a projectionist at a movie theater owned by a Japanese-American man. Jack falls for the owner's daughter, Lily, but they are forced to elope to Seattle when her father forbids the relationship. The couple marry and have a daughter, but when World War II breaks out, Jack is powerless to stop his new family's forced internment.</p>",VHS,Media > Videos,,"Drama, Formatted, Rental, VHS",true,Genre,Drama,,,,,,,,,0.0,shopify,1,deny,manual,0.00,,true,true,,,,,191-VHSCMS-001A,https://cdn.shopify.com/s/files/1/0671/0552/1726/files/0-1781907120024.jpg?v=1787926002,1,191-VHSCMS-001A,false,,,,,,,drama,,,,,,,,,,,,lb,,,active
long-walk-home,Long Walk Home,"<p>A dark romantic comedy about a young couple from London. A decision to walk home one night, rather than taking a taxi, brings out the very different secrets that they have been keeping from one another.</p>",VHS,Media > Videos,,"Drama, Floor Sale, Formatted, VHS",false,Genre,Drama,,,,,,,,,0.0,shopify,1,deny,manual,5.00,,true,true,,,,,191-VHSLON-001A,,,,false,,,,,,,drama,,,,,,,,,,,,lb,,,draft
why-do-fools-fall-in-love,Why Do Fools Fall In Love,"<p>In the mid-80s, three women (each with an attorney) arrive at the office of New York entertainment manager, Morris Levy. One is an L.A. singer, formerly of the Platters; one is a petty thief from Philly; one teaches school in a small Georgia town. Each claims to be the widow of long-dead doo-wop singer-songwriter Frankie Lyman, and each wants years of royalties due to his estate, money Levy has never shared. During an ensuing civil trial, flashbacks tell the story of each one's life with Lyman, a boyish, high-pitched, dynamic performer, lost to heroin. Slowly, the three wives establish their own bond.</p>",VHS,Media > Videos,,"Drama, Floor Sale, Formatted, VHS",false,Genre,Drama,,,,,,,,,0.0,shopify,1,deny,manual,5.00,,true,true,,,,,191-VHSWHY-001A,https://cdn.shopify.com/s/files/1/0671/0552/1726/files/tSj2g6VdJ2UXeWk9wRa19SsxRFg_81b17671-59a9-4a61-9bf9-9ea8b745d4ff.jpg?v=1787926003,1,Why Do Fools Fall In Love (1998) poster,false,,,,,,,drama,,,,,,,,,,,,lb,,,draft
billy-madison,Billy Madison,"<p>Billy Madison is the 27 year-old son of Bryan Madison, a very rich man who has made his living in the hotel industry. Billy stands to inherit his father's empire, but only if he can make it through all 12 grades, 2 weeks per grade, to prove that he has what it takes to run the family business.</p>",VHS,Media > Videos,,"Comedy, Floor Sale, Formatted, VHS",false,Genre,Comedy,,,,,,,,,0.0,shopify,1,deny,manual,10.00,,true,true,,,,,191-VHSBLL-001A,https://cdn.shopify.com/s/files/1/0671/0552/1726/files/sOdgtJdFalL9kRKaeJItARLTAEq_685a8b66-9392-4e5a-99e9-983f18bbe2b1.jpg?v=1787926004,1,Billy Madison (1995) poster,false,,,,,,,comedy,,,,,,,,,,,,lb,,,draft
beverly-hills-cop-iii,Beverly Hills Cop III,"<p>When his boss is killed, Detroit cop Axel Foley finds evidence that the murderer had ties to a California amusement park called Wonder World. Returning to sunny Beverly Hills once more, Foley reunites with Detective Billy Rosewood to solve the case. Along with Billy's new partner, Detective Jon Flint, they discover that Wonder World is being used as a front for a massive counterfeiting ring.</p>",VHS,Media > Videos,,"Action, Floor Sale, Formatted, VHS",true,Genre,Action,,,,,,,,,0.0,shopify,1,deny,manual,6.00,,true,true,,,,,191-VHSBEV-001A,https://cdn.shopify.com/s/files/1/0671/0552/1726/files/0-1781838521606.jpg?v=1787926005,1,191-VHSBEV-001A,false,,,,,,,action,,,,,,,,,,,,lb,,,active
zandalee,Zandalee,"<p>Bored with her marriage to burnt out poet turned corporate executive Thierry, Zandalee falls prey to an old friend of her husband, the manipulative and egotistical Johnny and becomes enmeshed in a sensual, passionate and destructive affair.</p>",VHS,Media > Videos,,"Floor Sale, Formatted, Thriller, VHS",true,Genre,Thriller,,,,,,,,,0.0,shopify,1,deny,manual,17.00,,true,true,,,,,191-VHSZAN-001A,https://cdn.shopify.com/s/files/1/0671/0552/1726/files/0-1781838458584.jpg?v=1787926005,1,191-VHSZAN-001A,false,,,,,,,thriller,,,,,,,,,,,,lb,,,active
billy-galvin,Billy Galvin,"<p>Conflict arises between a steelworker and his son. The father wants the boy to have a chance to make more of himself than he did, but the son wants to follow in his father's footsteps and become a steel-worker himself.</p>",VHS,Media > Videos,,"Drama, Floor Sale, Formatted, VHS",true,Genre,Drama,,,,,,,,,0.0,shopify,1,deny,manual,4.00,,true,true,,,,,191-VHSBIL-001A,https://cdn.shopify.com/s/files/1/0671/0552/1726/files/0-1781838590707.jpg?v=1787926006,1,191-VHSBIL-001A,false,,,,,,,drama,,,,,,,,,,,,lb,,,active
the-legend-of-sleepy-hollow,The Legend Of Sleepy Hollow,,VHS,Media > Videos,,"Floor Sale, Formatted, Kids & Family, VHS",false,Genre,Kids & Family,,,,,,,,,0.0,shopify,1,deny,manual,5.00,,true,true,,,,,191-VHSTHW-001A,https://cdn.shopify.com/s/files/1/0671/0552/1726/files/p0ppGslCWAVjjxuXCJIMCmnHKso.jpg?v=1787926008,1,The Legend Of Sleepy Hollow poster,false,,,,,,,kids-family,,,,,,,,,,,,lb,,,draft
volunteers,Volunteers,,VHS,Media > Videos,,"Comedy, Floor Sale, Formatted, VHS",false,Genre,Comedy,,,,,,,,,0.0,shopify,1,deny,manual,5.00,,true,true,,,,,191-VHSVOL-001A,https://cdn.shopify.com/s/files/1/0671/0552/1726/files/tua28Wyv9uGBtPTBGCP7GsN3Znu.jpg?v=1787926009,1,Volunteers poster,false,,,,,,,comedy,,,,,,,,,,,,lb,,,draft
totally-blonde,Totally Blonde,<p>A romantic dilemma arises for a woman after she jump-starts her love life by changing from brunette to blond.</p>,VHS,Media > Videos,,"Comedy, Floor Sale, Formatted, VHS",true,Genre,Comedy,,,,,,,,,0.0,shopify,1,deny,manual,5.00,,true,true,,,,,191-VHSTOT-001A,https://cdn.shopify.com/s/files/1/0671/0552/1726/files/0-1781838274084.jpg?v=1787926010,1,191-VHSTOT-001A,false,,,,,,,comedy,,,,,,,,,,,,lb,,,active
birdcage,Birdcage Promotional Copy,,VHS,Media > Videos,,"Comedy, Floor Sale, Formatted, VHS",false,Genre,Comedy,,,,,,,,,0.0,shopify,1,deny,manual,10.00,,true,true,,,,,191-VHSBIR-001A,,,,false,,,,,,,comedy,,,,,,,,,,,,lb,,,draft
teen-wolf-teen-wolf-too-2,Teen Wolf Too,"<p>Although awkward college student Todd Howard is particularly adept at science, he's paying for school with an athletic scholarship that he will lose should he not fare well in an upcoming boxing tournament. Luckily for Todd, he has inherited the same family curse that once turned his cousin into a werewolf. As he transforms into the hairy, fanged, howling monster, he finds both his physical agility and his popularity skyrocketing -- but at what cost?</p>",VHS,Media > Videos,,"Comedy, Floor Sale, Formatted, VHS",false,Genre,Comedy,,,,,,,,,0.0,shopify,1,deny,manual,8.00,,true,true,,,,,191-VHSTEE-001A,https://cdn.shopify.com/s/files/1/0671/0552/1726/files/unfbmoUTIsQzQF09RJZVN1GKr6b.jpg?v=1787926012,1,Teen Wolf Too (1987) poster,false,,,,,,,comedy,,,,,,,,,,,,lb,,,draft
look-who-s-talking,Look Who’s Talking,"<p>After a single, career-minded woman is left on her own to give birth to the child of a married man, she finds a new romantic chance in a cab driver. Meanwhile, the point-of-view of the newborn baby is narrated through voice-over.</p>",VHS,,,"Comedy, Floor Sale",false,Condition,Standard,,Serial Number,001A,,,,,191-VHSLKW-001A,0.0,shopify,1,deny,manual,5.00,,true,true,,,,,191-VHSLKW-001A,https://image.tmdb.org/t/p/w1280/uVM0D7Q6U9H6xMSZmMdfwECih5h.jpg,,Look Who’s Talking (1989) poster,false,,,,,,,,,,,,,,,,,,,lb,,,draft
love-and-basketball,Love and Basketball,"<p>Monica Wright and Quincy McCall grew up in the same neighborhood and have known each other since childhood. As they grow into adulthood, they fall in love, but they also share another all-consuming passion: basketball.  As Quincy and Monica struggle to make their relationship work, they follow separate career paths though high school and college basketball and, they hope, into stardom in big-league professional ball.</p>",VHS,Media > Videos,,"Drama, Floor Sale, Formatted, VHS",false,Genre,Drama,,,,,,,,,0.0,shopify,1,deny,manual,7.00,,true,true,,,,,191-VHSLOV-001A,https://cdn.shopify.com/s/files/1/0671/0552/1726/files/zNZWNX19FZ5QyedprVM0ldsXFiP.jpg?v=1787926012,1,Love and Basketball poster,false,,,,,,,drama,,,,,,,,,,,,lb,,,draft
nutty-professor-2-the-klumps,Nutty Professor 2 The Klumps,"<p>The hilarity begins when professor Sherman Klump finds romance with fellow DNA specialist, Denise Gaines, and discovers a brilliant formula that reverses aging. But Sherman's thin and obnoxious alter ego, Buddy Love, wants out...and a big piece of the action. And when Buddy gets loose, things get seriously nutty.</p>",VHS,Media > Videos,,"Comedy, Floor Sale, Formatted, VHS",false,Genre,Comedy,,,,,,,,,0.0,shopify,1,deny,manual,5.00,,true,true,,,,,191-VHSNUT-001A,https://cdn.shopify.com/s/files/1/0671/0552/1726/files/v8gI95Eio7kAjixyqYHxNKmJTmm.jpg?v=1787926013,1,Nutty Professor 2 The Klumps (2000) poster,false,,,,,,,comedy,,,,,,,,,,,,lb,,,draft
perfect,Perfect,"<p>A female aerobics instructor meets a male reporter doing a story on health clubs, but it isn't love at first sight.</p>",VHS,Media > Videos,,"Drama, Floor Sale, Formatted, VHS",false,Genre,Drama,,,,,,,,,0.0,shopify,1,deny,manual,8.00,,true,true,,,,,191-VHSPER-001A,https://cdn.shopify.com/s/files/1/0671/0552/1726/files/tb1jZGi23w2pIittaBBdaN6CGRI_125bd68d-43ec-47f4-9c47-3792796047ba.jpg?v=1787926014,1,Perfect (1985) poster,false,,,,,,,drama,,,,,,,,,,,,lb,,,draft
be-cool,Be Cool,"<p>Disenchanted with the movie industry, Chili Palmer tries the music industry, meeting and romancing a widow of a music executive along the way.</p>",VHS,Media > Videos,,"Comedy, Floor Sale, Formatted, VHS",false,Genre,Comedy,,,,,,,,,0.0,shopify,1,deny,manual,8.00,,true,true,,,,,191-VHSBEC-001A,https://cdn.shopify.com/s/files/1/0671/0552/1726/files/ekKCH7Zkb5ZTr1f1AczZY23FH.jpg?v=1787926014,1,Be Cool (2005) poster,false,,,,,,,comedy,,,,,,,,,,,,lb,,,draft
broken-english-1997,Broken English 1997,,VHS,Media > Videos,,"Floor Sale, Foreign, Formatted, VHS",false,Genre,Foreign,,,,,,,,,0.0,shopify,1,deny,manual,7.00,,true,true,,,,,191-VHSBRK-001A,,,,false,,,,,,,foreign,,,,,,,,,,,,lb,,,draft
whoops-apocalypse,Whoops Apocalypse,"<p>When a small British owned island in the Caribbean is invaded and the world's most dangerous terrorist kidnaps a member of the Royal family, the countdown to World War 3 begins. If anyone can prevent the oncoming apocalypse it's the American President, but her closest ally the British Prime Minister appears to have gone stark raving mad.</p>",VHS,Media > Videos,,"Comedy, Floor Sale, Formatted, VHS",false,Genre,Comedy,,,,,,,,,0.0,shopify,1,deny,manual,6.00,,true,true,,,,,191-VHSWHP-001A,https://cdn.shopify.com/s/files/1/0671/0552/1726/files/l1mmmdqQPJjNdXGgORoDTDt732w_9420c949-5188-4cf2-8867-03a0185b2b96.jpg?v=1787926016,1,Whoops Apocalypse (1986) poster,false,,,,,,,comedy,,,,,,,,,,,,lb,,,draft
simpatico,Simpatico,,VHS,Media > Videos,,"Floor Sale, Formatted, Thriller, VHS",false,Genre,Thriller,,,,,,,,,0.0,shopify,1,deny,manual,5.00,,true,true,,,,,191-VHSSIM-001A,https://cdn.shopify.com/s/files/1/0671/0552/1726/files/p6JglpvM6ERbZAYEW31gwvNprVZ.jpg?v=1787926018,1,Simpatico poster,false,,,,,,,thriller,,,,,,,,,,,,lb,,,draft
russell-mulcahys-tale-of-the-mummy,Russell Mulcahy's Tale Of The Mummy,"<p>Centuries ago, under the sands of ancient Egypt, a Prince was buried and his tomb eternally cursed so that no man would ever again suffer from his evil ways. But hundreds of years later on a greedy search for treasure, a group of archaeologists break the cursed seal of the tomb. Every man vanishes without a trace, leaving behind only a log book, and a deadly warning of the legend of the bloodthirsty Talos.</p>",VHS,Media > Videos,,"Floor Sale, Formatted, Horror, VHS",false,Genre,Horror,,,,,,,,,0.0,shopify,1,deny,manual,4.00,,true,true,,,,,191-VHSRUS-001A,https://cdn.shopify.com/s/files/1/0671/0552/1726/files/tauZsCSZ9a5IvzBZmsX1sl1vDrQ_b0bc8b0f-343c-44b3-80f9-774976fbb0fd.jpg?v=1787926018,1,Russell Mulcahy's Tale Of The Mummy (1998) poster,false,,,,,,,horror,,,,,,,,,,,,lb,,,draft
the-big-town,The Big Town,,VHS,Media > Videos,,"Drama, Floor Sale, Formatted, VHS",false,Genre,Drama,,,,,,,,,0.0,shopify,1,deny,manual,6.00,,true,true,,,,,191-VHSTHN-50-001A,https://cdn.shopify.com/s/files/1/0671/0552/1726/files/dAYpcKfokjbzE1RwbRGQDurTtiO.jpg?v=1787926020,1,The Big Town poster,false,,,,,,,drama,,,,,,,,,,,,lb,,,draft
ordinary-decent-criminal,Ordinary Decent Criminal,"<p>Michael Lynch is a notorious criminal with two wives and a flair for showmanship. He's also a huge embarrassment to the local police, who are determined to bring him down once and for all.</p>",VHS,Media > Videos,,"Floor Sale, Formatted, Thriller, VHS",true,Genre,Thriller,,,,,,,,,0.0,shopify,1,deny,manual,5.00,,true,true,,,,,191-VHSORD-001A,https://cdn.shopify.com/s/files/1/0671/0552/1726/files/0-1781839562958.jpg?v=1787926019,1,191-VHSORD-001A,false,,,,,,,thriller,,,,,,,,,,,,lb,,,active
vision-quest,Vision Quest,,VHS,Media > Videos,,"Drama, Floor Sale, Formatted, VHS",false,Genre,Drama,,,,,,,,,0.0,shopify,1,deny,manual,9.00,,true,true,,,,,191-VHSVIS-50-001A,https://cdn.shopify.com/s/files/1/0671/0552/1726/files/l3g4e6ocqGA8aNL1hIrIVWLkljL.jpg?v=1787926021,1,Vision Quest poster,false,,,,,,,drama,,,,,,,,,,,,lb,,,draft
wide-awake-demo-tape,Wide Awake (Demo Tape),,VHS,Media > Videos,,"Comedy, Floor Sale, Formatted, VHS",true,Genre,Comedy,,,,,,,,,0.0,shopify,1,deny,manual,4.00,,true,true,,,,,191-VHSWID-001A,https://cdn.shopify.com/s/files/1/0671/0552/1726/files/0-1781839446713.jpg?v=1787926021,1,191-VHSWID-001A,false,,,,,,,comedy,,,,,,,,,,,,lb,,,active
birthday-girl,Birthday Girl,,VHS,Media > Videos,,"Floor Sale, Formatted, Thriller, VHS",false,Genre,Thriller,,,,,,,,,0.0,shopify,1,deny,manual,4.00,,true,true,,,,,191-VHSBRT-001A,https://cdn.shopify.com/s/files/1/0671/0552/1726/files/jrwCiqQjEm3WqxHXxvAoW4gOsUd.jpg?v=1787926023,1,Birthday Girl poster,false,,,,,,,thriller,,,,,,,,,,,,lb,,,draft
trapped-in-paradise,Trapped in Paradise,<p>Residents of a friendly Pennsylvania town foil three brothers' plan to rob a bank on Christmas Eve.</p>,VHS,Media > Videos,,"Comedy, Floor Sale, Formatted, VHS",true,Genre,Comedy,,,,,,,,,0.0,shopify,1,deny,manual,7.00,,true,true,,,,,191-VHSTRP-001A,https://cdn.shopify.com/s/files/1/0671/0552/1726/files/0-1781839004438.jpg?v=1787926024,1,191-VHSTRP-001A,false,,,,,,,comedy,,,,,,,,,,,,lb,,,active
big-night,Big Night,,VHS,Media > Videos,,"Comedy, Floor Sale, Formatted, VHS",false,Genre,Comedy,,,,,,,,,0.0,shopify,1,deny,manual,10.00,,true,true,,,,,191-VHSBIG-001A,https://cdn.shopify.com/s/files/1/0671/0552/1726/files/8AJGSDyrj3Dz2B57n1ZB4qNPbmJ.jpg?v=1787926026,1,Big Night poster,false,,,,,,,comedy,,,,,,,,,,,,lb,,,draft
brigadoon,Brigadoon,,VHS,Media > Videos,,"Floor Sale, Formatted, Musical, VHS",true,Genre,Musical,,,,,,,,,0.0,shopify,1,deny,manual,9.00,,true,true,,,,,191-VHSBRG-001A,https://cdn.shopify.com/s/files/1/0671/0552/1726/files/0-1781838938618.jpg?v=1787926027,1,191-VHSBRG-001A,false,,,,,,,musical,,,,,,,,,,,,lb,,,active
drop-squad,Drop Squad,<p>Controversial film about an underground organization that kidnaps and 'deprograms' African Americans who sell out or deny their cultural heritage. Spike Lee is the Executive Producer.</p>,VHS,Media > Videos,,"Drama, Floor Sale, Formatted, VHS",true,Genre,Drama,,,,,,,,,0.0,shopify,1,deny,manual,8.00,,true,true,,,,,191-VHSDRO-001A,https://cdn.shopify.com/s/files/1/0671/0552/1726/files/0-1781838852399_c2ff331d-2a81-4b71-a1b3-9a46efc21c23.jpg?v=1787926028,1,191-VHSDRO-001A,false,,,,,,,drama,,,,,,,,,,,,lb,,,active
lost-in-america,Lost In America,,VHS,Media > Videos,,"Comedy, Floor Sale, Formatted, VHS",false,Genre,Comedy,,,,,,,,,0.0,shopify,1,deny,manual,4.00,,true,true,,,,,191-VHSLOS-001A,https://cdn.shopify.com/s/files/1/0671/0552/1726/files/j7QiwUekGiYOmjKratNORIr35zg.jpg?v=1787926029,1,Lost In America poster,false,,,,,,,comedy,,,,,,,,,,,,lb,,,draft
transylvania-twist,Transylvania Twist,"<p>The nephew of a librarian must go collect a 200 year old book, ""The Book of Ulthar."" that should have never been checked out by the Evil Count Orlock cause one of the spells in it could bring about the end of the world. During his trip to the castle, he meets Marissa, a gorgeous rock star and heir to the castle's fortune. There they must confront the only other heir to the fortune and the book, Uncle Byron; and Uncle Byron and his 3 adopted nieces all have very, very, very broad smile.</p>",VHS,Media > Videos,,"Comedy, Floor Sale, Formatted, VHS",false,Genre,Comedy,,,,,,,,,0.0,shopify,1,deny,manual,4.00,,true,true,,,,,191-VHSTRA-001A,https://cdn.shopify.com/s/files/1/0671/0552/1726/files/p3I1aw7fevBGx3F4h94mMhmW4Gk.jpg?v=1787926030,1,Transylvania Twist (1989) poster,false,,,,,,,comedy,,,,,,,,,,,,lb,,,draft
tea-with-mussolini,Tea With Mussolini,"<p>In 1930s fascist Italy, adolescent Luca just lost his mother. His father, a callous businessman, sends him to be taken care of by British expatriate Mary Wallace. Mary and her cultured friends - including artist Arabella, young widow Elsa, and archaeologist Georgie - keep a watchful eye over the boy. But the women's cultivated lives take a dramatic turn when Allied forces declare war on Mussolini.</p>",VHS,Media > Videos,,"Drama, Floor Sale, Formatted, VHS",false,Genre,Drama,,,,,,,,,0.0,shopify,1,deny,manual,6.00,,true,true,,,,,191-VHSTEA-50-001A,https://cdn.shopify.com/s/files/1/0671/0552/1726/files/i3rAPxhhDjqsL1rZJM57pyR7xFW.jpg?v=1787926030,1,Tea With Mussolini (1999) poster,false,,,,,,,drama,,,,,,,,,,,,lb,,,draft
vital-signs,Vital Signs,,VHS,Media > Videos,,"Drama, Floor Sale, Formatted, VHS",false,Genre,Drama,,,,,,,,,0.0,shopify,1,deny,manual,4.00,,true,true,,,,,191-VHSVIT-50-001A,https://cdn.shopify.com/s/files/1/0671/0552/1726/files/sV1Z2MMms40tN4CqR3ua1GBduUH.jpg?v=1787926032,1,Vital Signs poster,false,,,,,,,drama,,,,,,,,,,,,lb,,,draft
eddie-murphy-raw,Eddie Murphy Raw,"<p>Eddie Murphy delights, shocks and entertains with dead-on celebrity impersonations, observations on '80s love, sex and marriage, a remembrance of Mom's hamburgers and much more.</p>",VHS,Media > Videos,,"Comedy, Floor Sale, Formatted, VHS",false,Genre,Comedy,,,,,,,,191-VHSEDD-50-001A,0.0,shopify,1,deny,manual,10.00,,true,true,,,,,191-VHSEDD-50-001A,https://cdn.shopify.com/s/files/1/0671/0552/1726/files/irVU3PHIdg36Rh8tSKnKCdmHLEO_c5f56121-3286-4c0c-9a55-1e555bf37ffa.jpg?v=1787926033,1,Eddie Murphy Raw (1987) poster,false,,,,,,,comedy,,,,,,,,,,,,lb,,,draft
relentless-3,Relentless 3,"<p>Sam Dietz, the relentless police detective, returns to Los Angeles from a self-imposed exile to help the police solve another series of brutal killings committed by another crafty serial killer whom targets Dietz's latest love interest.</p>",VHS,Media > Videos,,"Floor Sale, Formatted, Thriller, VHS",false,Genre,Thriller,,,,,,,,,0.0,shopify,1,deny,manual,4.00,,true,true,,,,,191-VHSRLN-50-001A,https://cdn.shopify.com/s/files/1/0671/0552/1726/files/lRHYYWUcVK1zr3ZNcbSmg8t5Jo0.jpg?v=1787926034,1,Relentless 3 (1993) poster,false,,,,,,,thriller,,,,,,,,,,,,lb,,,draft
zulu-dawn,Zulu Dawn,"<p>In 1879, the British suffer a great loss at the Battle of Isandlwana due to incompetent leadership.</p>",VHS,Media > Videos,,"Drama, Floor Sale, Formatted, VHS",false,Genre,Drama,,,,,,,,,0.0,shopify,1,deny,manual,4.00,,true,true,,,,,191-VHSZUL-50-001A,https://cdn.shopify.com/s/files/1/0671/0552/1726/files/ctFPU9UfW3epa53x1FNylSCR6iC.jpg?v=1787926034,1,Zulu Dawn (1979) poster,false,,,,,,,drama,,,,,,,,,,,,lb,,,draft
tomcats,Tomcats,,VHS,Media > Videos,,"Comedy, Floor Sale, Formatted, VHS",false,Genre,Comedy,,,,,,,,,0.0,shopify,1,deny,manual,4.00,,true,true,,,,,191-VHSTOM-50-001A,https://cdn.shopify.com/s/files/1/0671/0552/1726/files/pAHD3TfoDJX6jCPVhICBNLBxnBH.jpg?v=1787926036,1,Tomcats poster,false,,,,,,,comedy,,,,,,,,,,,,lb,,,draft
liberty-stands-still,Liberty Stands Still,"<p>As the heir and current marketing director for one of the nation's biggest gun manufacturers, Liberty Wallace is indifferent to the atrocities made possible through her business and her CEO husband, Victor. On her way to see her actor lover, Liberty ends up chained to a food cart full of explosives -- all at the insistence of ""Joe"", a sniper whose young daughter was a victim of gun violence, and who now has Liberty in his sights.</p>",VHS,Media > Videos,,"Floor Sale, Formatted, Thriller, VHS",true,Genre,Thriller,,,,,,,,,0.0,shopify,1,deny,manual,4.00,,true,true,,,,,191-VHSLIB-50-001A,https://cdn.shopify.com/s/files/1/0671/0552/1726/files/0-1781834306512.jpg?v=1787926036,1,191-VHSLIB-50-001A,false,,,,,,,thriller,,,,,,,,,,,,lb,,,active
talk-radio,Talk Radio,,VHS,Media > Videos,,"Drama, Floor Sale, Formatted, VHS",false,Genre,Drama,,,,,,,,,0.0,shopify,1,deny,manual,5.00,,true,true,,,,,191-VHSTAL-50-001A,https://cdn.shopify.com/s/files/1/0671/0552/1726/files/e9dnVJMg3LW80sHnsuBoTBwJgRm.jpg?v=1787926038,1,Talk Radio poster,false,,,,,,,drama,,,,,,,,,,,,lb,,,draft
the-birds,The Birds,,VHS,Media > Videos,,"Floor Sale, Formatted, Horror, VHS",false,Genre,Horror,,,,,,,,,0.0,shopify,1,deny,manual,6.00,,true,true,,,,,191-VHSTH9-50-001A,https://cdn.shopify.com/s/files/1/0671/0552/1726/files/eClg8QPg8mwB6INIC4pyR5pAbDr.jpg?v=1787926039,1,The Birds poster,false,,,,,,,horror,,,,,,,,,,,,lb,,,draft
backfield-in-motion,Backfield In Motion,"<p>When Nancy and her teenage son move to Deerview, the small, old-fashioned community will never be the same. Nancy soon realizes she is the only woman in town who would rather crack a joke than an egg. But the town gets their biggest laugh when Nancy organizes a mother-son football game with the unathletic housewives.</p>",VHS,Media > Videos,,"Comedy, Floor Sale, Formatted, VHS",false,Genre,Comedy,,,,,,,,,0.0,shopify,1,deny,manual,7.00,,true,true,,,,,191-VHSBAN-001A,https://cdn.shopify.com/s/files/1/0671/0552/1726/files/kgMbVPSFTq119HTi0D0jgNSl5SY.jpg?v=1787926040,1,Backfield In Motion (1991) poster,false,,,,,,,comedy,,,,,,,,,,,,lb,,,draft
american-virgin,American Virgin,,VHS,Media > Videos,,"Comedy, Floor Sale, Formatted, VHS",false,Genre,Comedy,,,,,,,,,0.0,shopify,1,deny,manual,10.00,,true,true,,,,,191-VHSAMN-001A,https://cdn.shopify.com/s/files/1/0671/0552/1726/files/y6IlQu0eVHAI7pCefUWZoqxRLhk.jpg?v=1787926041,1,American Virgin poster,false,,,,,,,comedy,,,,,,,,,,,,lb,,,draft
streets,Streets,,VHS,Media > Videos,,"Floor Sale, Formatted, Horror, VHS",false,Genre,Horror,,,,,,,,,0.0,shopify,1,deny,manual,16.00,,true,true,,,,,191-VHSST2-50-001A,,,,false,,,,,,,horror,,,,,,,,,,,,lb,,,draft
the-big-red-one,The Big Red One,"<p>A veteran sergeant of World War I leads a squad in World War II, always in the company of the survivor Pvt. Griff, the writer Pvt. Zab, the Sicilian Pvt. Vinci and Pvt. Johnson, in Vichy French Africa, Sicily, D-Day at Omaha Beach, Belgium and France, and ending in a concentration camp in Czechoslovakia where they face the true horror of war.</p>",VHS,Media > Videos,,"Action, Floor Sale, Formatted, VHS",false,Genre,Action,,,,,,,,,0.0,shopify,1,deny,manual,4.00,,true,true,,,,,191-VHSTHB-001A,https://cdn.shopify.com/s/files/1/0671/0552/1726/files/h0VcqQ3z1RroKk7WtiW0E6DDho2.jpg?v=1787926044,1,The Big Red One (1980) poster,false,,,,,,,action,,,,,,,,,,,,lb,,,draft
angel-on-my-shoulder,Angel on My Shoulder,,VHS,Media > Videos,,"Drama, Floor Sale, Formatted, VHS",false,Genre,Drama,,,,,,,,,0.0,shopify,1,deny,manual,7.00,,true,true,,,,,191-VHSNGL-001A,https://cdn.shopify.com/s/files/1/0671/0552/1726/files/vq2ccP2bA1wpGb0Uw4eK93SqAhk.jpg?v=1787926046,1,Angel on My Shoulder poster,false,,,,,,,drama,,,,,,,,,,,,lb,,,draft
arizona-heat,Arizona Heat,<p>A tough old school Arizona cop is teamed with a lesbian partner to catch a serial killer who preys on police.</p>,VHS,Media > Videos,,"Floor Sale, Formatted, Thriller, VHS",false,Genre,Thriller,,,,,,,,,0.0,shopify,1,deny,manual,10.00,,true,true,,,,,191-VHSARI-001A,https://cdn.shopify.com/s/files/1/0671/0552/1726/files/3OMCWI4gXIJL1F16OFFPE9jfpm2_675b1331-a922-4961-a97c-edad23a89080.jpg?v=1787926046,1,Arizona Heat (1988) poster,false,,,,,,,thriller,,,,,,,,,,,,lb,,,draft
american-anthem,American Anthem,"<p>Steve is a talented gymnast who has given up competition and is working at his father's bike shop. Julie is the new girl at his old gym, who has moved to town to train with their powerful coach. Inspired by Julie, Steve resumes training. While dealing with the conflicts in their personal lives and the stress of training, they prepare for the US Olympic Trials.</p>",VHS,Media > Videos,,"Drama, Floor Sale, Formatted, VHS",true,Genre,Drama,,,,,,,,,0.0,shopify,1,deny,manual,7.00,,true,true,,,,,191-VHSAMM-001A,https://cdn.shopify.com/s/files/1/0671/0552/1726/files/0-1781835413350.jpg?v=1787926048,1,191-VHSAMM-001A,false,,,,,,,drama,,,,,,,,,,,,lb,,,active
broadcast-news,Broadcast News,<p>A high-strung news producer finds herself in a love triangle between a talented but self-doubting reporter and a charming news anchor who embodies the growing trivialization of news that she is determined to fight against.</p>,VHS,Media > Videos,,"Drama, Floor Sale, Formatted, VHS",false,Genre,Drama,,,,,,,,,0.0,shopify,1,deny,manual,6.00,,true,true,,,,,191-VHSBRO-50-001A,https://cdn.shopify.com/s/files/1/0671/0552/1726/files/kQNR1Lc0qAF5xuBySpDn481KVjb_51c35106-424d-45ed-bec1-4f1880fbdb45.jpg?v=1787926047,1,Broadcast News (1987) poster,false,,,,,,,drama,,,,,,,,,,,,lb,,,draft
the-moderns,The Moderns,"<p>Nick Hart is a struggling American artist who lives amongst the expatriate community in 1920s Paris. He spends most of his time drinking and socializing in local café's and pestering gallery owner Libby Valentin to sell his paintings. He becomes involved in a plot by wealthy art patroness Nathalie de Ville to forge three paintings. This leads to several run-ins with American rubber magnate Bertram Stone, who happens to be married to Hart's ex-wife Rachel.</p>",VHS,Media > Videos,,"Comedy, Floor Sale, Formatted, VHS",true,Genre,Comedy,,,,,,,,,0.0,shopify,1,deny,manual,6.00,,true,true,,,,,191-VHSTH8-001A,https://cdn.shopify.com/s/files/1/0671/0552/1726/files/0-1781835327355.jpg?v=1787926048,1,191-VHSTH8-001A,false,,,,,,,comedy,,,,,,,,,,,,lb,,,active
strapless,Strapless,"<p>An expatriate American doctor in London allows herself to lighten up when her freewheeling younger sister and a mysterious man enter her life. Her inhibitions released, the beautiful doctor learns that freedom has its own price.</p>",VHS,Media > Videos,,"Drama, Floor Sale, Formatted, VHS",false,Genre,Drama,,,,,,,,,0.0,shopify,1,deny,manual,7.00,,true,true,,,,,191-VHSSTS-50-001A,https://cdn.shopify.com/s/files/1/0671/0552/1726/files/dk58HvZbbiHHVVCaP8O52bJWRZJ_35becfbd-dd4d-4bed-aebf-511dc3b5f661.jpg?v=1787926049,1,Strapless (1989) poster,false,,,,,,,drama,,,,,,,,,,,,lb,,,draft
murderers-row-1,Murderers Row,"<p>The handsome top agent Matt dies a tragic death in his bath tub - the women mourn about the loss. However it's just faked for his latest top-secret mission: He shall find Dr. Solaris, inventor of the Helium laser beam, powerful enough to destroy a whole continent. It seems Dr. Solaris has been kidnapped by a criminal organization. The trace leads to the Cote D'Azur.</p>",VHS,Media > Videos,,"Comedy, Floor Sale, Formatted, VHS",false,Genre,Comedy,,,,,,,,,0.0,shopify,1,deny,manual,5.00,,true,true,,,,,191-VHSMUW-50-001A,https://cdn.shopify.com/s/files/1/0671/0552/1726/files/hzCbOzehs5B2hZ2bcb7YxCusEcM.jpg?v=1787926050,1,Murderers Row (1966) poster,false,,,,,,,comedy,,,,,,,,,,,,lb,,,draft
three-fugitives,Three Fugitives,,VHS,Media > Videos,,"Comedy, Floor Sale, Formatted, VHS",false,Genre,Comedy,,,,,,,,,0.0,shopify,1,deny,manual,5.00,,true,true,,,,,191-VHSTH7-50-001A,https://cdn.shopify.com/s/files/1/0671/0552/1726/files/qUNgtb0LEkRcHGanKHO0B3JWsw9.jpg?v=1787926051,1,Three Fugitives poster,false,,,,,,,comedy,,,,,,,,,,,,lb,,,draft
unlikely-angel,Unlikely Angel,"<p>A country singer dies prematurely, but cannot enter heaven until she performs a good deed back on earth.</p>",VHS,Media > Videos,,"Comedy, Floor Sale, Formatted, VHS",false,Genre,Comedy,,,,,,,,,0.0,shopify,1,deny,manual,5.00,,true,true,,,,,191-VHSUNL-50-001A,https://cdn.shopify.com/s/files/1/0671/0552/1726/files/4OpnhBEf1t8sAD5km2sN60VrlJe.jpg?v=1787926052,1,Unlikely Angel (1996) poster,false,,,,,,,comedy,,,,,,,,,,,,lb,,,draft
what-dreams-may-come,What Dreams May Come,,VHS,Media > Videos,,"Drama, Floor Sale, Formatted, VHS",false,Genre,Drama,,,,,,,,,0.0,shopify,1,deny,manual,5.00,,true,true,,,,,191-VHSWHA-50-001A,https://cdn.shopify.com/s/files/1/0671/0552/1726/files/78wCdphUzeb528wLZw2W0fn7yGB.jpg?v=1787926053,1,What Dreams May Come poster,false,,,,,,,drama,,,,,,,,,,,,lb,,,draft
good-will-hunting,Good Will Hunting,"<p>Will Hunting is a headstrong, working-class genius who is failing the lessons of life. After one too many run-ins with the law, Will's last chance is a psychology professor, who might be the only man who can reach him.</p>",VHS,Media > Videos,,"Drama, Floor Sale, Formatted, VHS",false,Genre,Drama,,,,,,,,191-VHSGOO-50-001A,0.0,shopify,1,deny,manual,5.00,,true,true,,,,,191-VHSGOO-50-001A,https://cdn.shopify.com/s/files/1/0671/0552/1726/files/j9Z7P7BGHXn0I0uPiiyalC6efwe.jpg?v=1787926054,1,Good Will Hunting (1997) poster,false,,,,,,,drama,,,,,,,,,,,,lb,,,draft
off-the-wall,Off the Wall,,VHS,Media > Videos,,"Comedy, Floor Sale, Formatted, VHS",false,Genre,Comedy,,,,,,,,,0.0,shopify,1,deny,manual,4.00,,true,true,,,,,191-VHSOFF-50-001A,https://cdn.shopify.com/s/files/1/0671/0552/1726/files/1FTozh5DHciMvO3ZF0NFm5XlL07.jpg?v=1787926056,1,Off the Wall poster,false,,,,,,,comedy,,,,,,,,,,,,lb,,,draft
only-you,Only You,,VHS,Media > Videos,,"Comedy, Floor Sale, Formatted, VHS",false,Genre,Comedy,,,,,,,,,0.0,shopify,1,deny,manual,5.00,,true,true,,,,,191-VHSNLY-002A,https://cdn.shopify.com/s/files/1/0671/0552/1726/files/0-1781876429806.jpg?v=1787926056,1,191-VHSNLY-002A,false,,,,,,,comedy,,,,,,,,,,,,lb,,,draft
bio-dome,Bio-Dome,"<p>Moronic best friends get themselves locked inside the Bio-Dome, a science experiment, along with a group of environmental scientists for one year.</p>",VHS,Media > Videos,,"Comedy, Floor Sale, Formatted, VHS",false,Genre,Comedy,,,,,,,,,0.0,shopify,1,deny,manual,8.00,,true,true,,,,,191-VHSBIO-50-001A,https://cdn.shopify.com/s/files/1/0671/0552/1726/files/pjSkGZAvksrbO6tGain8PJ3rfC7_b1d16d65-cbe8-464e-b61f-96251850ad6c.jpg?v=1787926056,1,Bio-Dome (1996) poster,false,,,,,,,comedy,,,,,,,,,,,,lb,,,draft
baby-on-board,Baby On Board,,VHS,Media > Videos,,"Comedy, Floor Sale, Formatted, VHS",false,Genre,Comedy,,,,,,,,,0.0,shopify,1,deny,manual,4.00,,true,true,,,,,191-VHSBAB-50-001A,https://cdn.shopify.com/s/files/1/0671/0552/1726/files/4EZELIucrmpnVtckgbYEI61VHbb.jpg?v=1787926059,1,Baby On Board poster,false,,,,,,,comedy,,,,,,,,,,,,lb,,,draft
necessary-roughness,Necessary Roughness,"<p>When the Texas State University Fightin' Armadillos football team is disqualified for cheating and poor grades, the University is forced to pick from a team that actually goes to school. Will they even win a single game?</p>",VHS,Media > Videos,,"Comedy, Floor Sale, Formatted, VHS",false,Genre,Comedy,,,,,,,,,0.0,shopify,1,deny,manual,5.00,,true,true,,,,,191-VHSNEC-50-001A,https://cdn.shopify.com/s/files/1/0671/0552/1726/files/lZsD4izDMKbV1KTRUQ5UVWZrnLJ_8e9ab452-63b9-4fd4-a42b-c12ca09da975.jpg?v=1787926059,1,Necessary Roughness (1991) poster,false,,,,,,,comedy,,,,,,,,,,,,lb,,,draft
scenes-from-a-mall,Scenes From a Mall,"<p>A comedy about a married couple -- he's a sports lawyer, she's a psychologist -- which takes place on their 16th wedding anniversary, when they make some startling confessions.</p>",VHS,Media > Videos,,"Comedy, Floor Sale, Formatted, VHS",false,Genre,Comedy,,,,,,,,,0.0,shopify,1,deny,manual,4.00,,true,true,,,,,191-VHSSCE-50-001A,https://cdn.shopify.com/s/files/1/0671/0552/1726/files/roF5MQlNBFSV0K3s9ThBPIBglO5.jpg?v=1787926059,1,Scenes From a Mall (1991) poster,false,,,,,,,comedy,,,,,,,,,,,,lb,,,draft
too-much-sun,Too Much Sun,"<p>A multimillionaire, whose son is gay and daughter a lesbian, leaves a will with one clause: His children will inherit his money only if at least one of them produces him a grandchild within a year of his death.</p>",VHS,Media > Videos,,"Comedy, Floor Sale, Formatted, VHS",false,Genre,Comedy,,,,,,,,,0.0,shopify,1,deny,manual,5.00,,true,true,,,,,191-VHSTMC-50-001A,https://cdn.shopify.com/s/files/1/0671/0552/1726/files/gfYkZpiVZu7z7jSRlR7C2KscHYa.jpg?v=1787926060,1,Too Much Sun (1991) poster,false,,,,,,,comedy,,,,,,,,,,,,lb,,,draft
slumdog-millionaire,Slumdog Millionaire,"<p>A teenager reflects on his life after being accused of cheating on the Indian version of ""Who Wants to be a Millionaire?"".</p>",DVD,Media > Videos,,"Drama, DVD, Floor Sale, Formatted",false,Genre,Drama,,,,,,,,,0.0,shopify,1,deny,manual,4.00,,true,true,,,,,191-DVDSLU-50-001A,https://cdn.shopify.com/s/files/1/0671/0552/1726/files/5leCCi7ZF0CawAfM5Qo2ECKPprc_c357323e-1cd8-44a1-a1ae-55a7148abf92.jpg?v=1787926060,1,Slumdog Millionaire (2008) poster,false,,,,,,,drama,,,,,,,,,,,,lb,,,draft
peter-pan-dir-p-j-hogan,Peter Pan (Dir. P.J. Hogan),,DVD,Media > Videos,,"DVD, Floor Sale, Formatted, Kids & Family",false,Genre,Kids & Family,,,,,,,,,0.0,shopify,1,deny,manual,6.00,,true,true,,,,,191-DVDPET-50-001A,,,,false,,,,,,,kids-family,,,,,,,,,,,,lb,,,draft
empire-records,Empire Records,<p>The employees of an independent music store learn about each other as they try to stop the store from being absorbed by a large chain.</p>,DVD,Media > Videos,,"Comedy, DVD, Floor Sale, Formatted",false,Genre,Comedy,,,,,,,,,0.0,shopify,1,deny,manual,7.00,,true,true,,,,,191-DVDEMP-50-001A,https://cdn.shopify.com/s/files/1/0671/0552/1726/files/qKP7hVdjAAvRvbF3GBCbzi5LzMf.jpg?v=1787926062,1,Empire Records (1995) poster,false,,,,,,,comedy,,,,,,,,,,,,lb,,,draft
beverly-hills-chihuahua,Beverly Hills Chihuahua,,DVD,Media > Videos,,"DVD, Formatted, Kids & Family, Rental",true,Genre,Kids & Family,,,,,,,,,0.0,shopify,1,deny,manual,0.00,,true,true,,,,,191-DVDBEV-50-001A,https://cdn.shopify.com/s/files/1/0671/0552/1726/files/0-1781752822191.jpg?v=1787926063,1,191-DVDBEV-50-001A,false,,,,,,,kids-family,,,,,,,,,,,,lb,,,active
munsters-a-rob-zombie-film,Munsters (A Rob Zombie Film),,DVD,Media > Videos,,"Drama, DVD, Formatted, Rental",true,Genre,Drama,,,,,,,,,0.0,shopify,1,deny,manual,0.00,,true,true,,,,,191-DVDMUN-50-001A,https://cdn.shopify.com/s/files/1/0671/0552/1726/files/0-1781752712823.jpg?v=1787926064,1,191-DVDMUN-50-001A,false,,,,,,,drama,,,,,,,,,,,,lb,,,active
unbearable-weight-of-massive-talent,Unbearable Weight of Massive Talent,"<p>Creatively unfulfilled and facing financial ruin, Nick Cage must accept a $1 million offer to attend the birthday of a dangerous superfan. Things take a wildly unexpected turn when Cage is recruited by a CIA operative and forced to live up to his own legend, channeling his most iconic and beloved on-screen characters in order to save himself and his loved ones.</p>",Blu-Ray,Media > Videos,,"Action, Blu-Ray, Formatted, Rental",true,Genre,Action,,,,,,,,,0.0,shopify,1,deny,manual,0.00,,true,true,,,,,191-BLRUNB-50-001A,https://cdn.shopify.com/s/files/1/0671/0552/1726/files/0-1781752609243.jpg?v=1787926064,1,191-BLRUNB-50-001A,false,,,,,,,action,,,,,,,,,,,,lb,,,active
species-4k-collectors-edition,Species 4K Collector's Edition,,4K,Media > Videos,,"4K, Formatted, Rental, Sci-Fi",true,Genre,Sci-Fi,,,,,,,,,0.0,shopify,1,deny,manual,0.00,,true,true,,,,,191-BLRSPC-50-001A,https://cdn.shopify.com/s/files/1/0671/0552/1726/files/0-1781752520853.jpg?v=1787926065,1,191-BLRSPC-50-001A,false,,,,,,,sci-fi,,,,,,,,,,,,lb,,,active
the-wraith-collectors-series,The Wraith (Collector's Series),,Blu-Ray,Media > Videos,,"Blu-Ray, Formatted, Rental, Sci-Fi",true,Genre,Sci-Fi,,,,,,,,,0.0,shopify,1,deny,manual,0.00,,true,true,,,,,191-UNKTHE-50-001A,https://cdn.shopify.com/s/files/1/0671/0552/1726/files/0-1781752428069.jpg?v=1787926065,1,191-UNKTHE-50-001A,false,,,,,,,sci-fi,,,,,,,,,,,,lb,,,active
creepshow-2,Creepshow 2,"<p>Three macabre tales from the latest issue of a boy's favorite comic book, dealing with a vengeful wooden Native American, a monstrous blob in a lake, and an undying hitchhiker.</p>",4K,Media > Videos,,"4K, Formatted, Horror, Rental",true,Genre,Horror,,,,,,,,,0.0,shopify,1,deny,manual,0.00,,true,true,,,,,191-BLRCRE-50-001A,https://cdn.shopify.com/s/files/1/0671/0552/1726/files/0-1781752273263.jpg?v=1787926066,1,191-BLRCRE-50-001A,false,,,,,,,horror,,,,,,,,,,,,lb,,,active
dawn-of-the-planet-of-the-apes,Dawn of the Planet of the Apes,"<p>A group of scientists in San Francisco struggle to stay alive in the aftermath of a plague that is wiping out humanity, while Caesar tries to maintain dominance over his community of intelligent apes.</p>",4K,Media > Videos,,"4K, Action, Formatted, Rental",true,Genre,Action,,,,,,,,,0.0,shopify,1,deny,manual,0.00,,true,true,,,,,191-BLRDAW-50-001A,https://cdn.shopify.com/s/files/1/0671/0552/1726/files/0-1781752064205.jpg?v=1787926067,1,191-BLRDAW-50-001A,false,,,,,,,action,,,,,,,,,,,,lb,,,active
my-soul-to-take,My Soul to Take,,Blu-Ray,Media > Videos,,"Blu-Ray, Formatted, Horror, Rental",true,Genre,Horror,,,,,,,,,0.0,shopify,1,deny,manual,0.00,,true,true,,,,,191-BLRMYS-50-001A,https://cdn.shopify.com/s/files/1/0671/0552/1726/files/0-1781752132359.jpg?v=1787926067,1,191-BLRMYS-50-001A,false,,,,,,,horror,,,,,,,,,,,,lb,,,active
critters-attack,CRITTERS ATTACK!,"<p>Mysterious alien Critters have crash-landed in a small college town, devouring every living thing they encounter. Drea and the kids she's babysitting must try desperately to save themselves from the ravenous, rolling beasts. Will Drea discover her inner badass, and will it be enough to stop the Critter onslaught?</p>",Blu-Ray,Media > Videos,,"Blu-Ray, Formatted, Horror, Rental",true,Genre,Horror,,,,,,,,,0.0,shopify,1,deny,manual,0.00,,true,true,,,,,191-BLRCRT-50-001A,https://cdn.shopify.com/s/files/1/0671/0552/1726/files/0-1781752215181.jpg?v=1787926068,1,191-BLRCRT-50-001A,false,,,,,,,horror,,,,,,,,,,,,lb,,,active
peninsula,Peninsula,,Blu-Ray,Media > Videos,,"Action, Blu-Ray, Formatted, Rental",false,Genre,Action,,,,,,,,,0.0,shopify,1,deny,manual,0.00,,true,true,,,,,191-BLRPEN-50-001A,https://cdn.shopify.com/s/files/1/0671/0552/1726/files/14HQB76qkJUKHu0MkXPre6sWS6k.jpg?v=1787926070,1,Peninsula poster,false,,,,,,,action,,,,,,,,,,,,lb,,,draft
dont-breathe-2,Don't Breathe 2,"<p>The Blind Man has been hiding out for several years in an isolated cabin and has taken in and raised a young girl orphaned from a devastating house fire. Their quiet life together is shattered when a group of criminals kidnap the girl, forcing the Blind Man to leave his safe haven to save her.</p>",Blu-Ray,Media > Videos,,"Blu-Ray, Formatted, Horror, Rental",true,Genre,Horror,,,,,,,,,0.0,shopify,1,deny,manual,0.00,,true,true,,,,,191-BLRDNT-50-001A,https://cdn.shopify.com/s/files/1/0671/0552/1726/files/0-1781750995775.jpg?v=1787926070,1,191-BLRDNT-50-001A,false,,,,,,,horror,,,,,,,,,,,,lb,,,active
power-rangers,Power Rangers,"<p>Five ordinary teens must become something extraordinary when they learn that their small town of Angel Grove — and the world — is on the verge of being obliterated by an alien threat. Chosen by destiny, our heroes quickly discover they are the only ones who can save the planet. But to do so, they will have to overcome their real-life issues and before it’s too late, band together as the Power Rangers.</p>",Blu-Ray,Media > Videos,,"Action, Blu-Ray, Formatted, Rental",true,Genre,Action,,,,,,,,,0.0,shopify,1,deny,manual,0.00,,true,true,,,,,191-BLRPOW-50-001A,https://cdn.shopify.com/s/files/1/0671/0552/1726/files/0-1781750971671_41095359-fb9a-4c61-b734-641fe541a4e7.jpg?v=1787926071,1,191-BLRPOW-50-001A,false,,,,,,,action,,,,,,,,,,,,lb,,,active
machete-kills,Machete Kills,<p>Ex-Federale agent Machete is recruited by the President of the United States for a mission which would be impossible for any mortal man – he must take down a madman revolutionary and an eccentric billionaire arms dealer who has hatched a plan to spread war and anarchy across the planet.</p>,Blu-Ray,Media > Videos,,"Action, Blu-Ray, Formatted, Rental",true,Genre,Action,,,,,,,,,0.0,shopify,1,deny,manual,0.00,,true,true,,,,,191-BLRMCH-50-001A,https://cdn.shopify.com/s/files/1/0671/0552/1726/files/0-1781750870867_a5bed89e-fc47-430c-8a6a-3e8df69101b7.jpg?v=1787926072,1,191-BLRMCH-50-001A,false,,,,,,,action,,,,,,,,,,,,lb,,,active
black-christmas,Black Christmas,,Blu-Ray,Media > Videos,,"Action, Blu-Ray, Formatted, Rental",true,Genre,Action,,,,,,,,,0.0,shopify,1,deny,manual,0.00,,true,true,,,,,191-BLRBLA-50-001A,https://cdn.shopify.com/s/files/1/0671/0552/1726/files/0-1781750816983.jpg?v=1787926073,1,191-BLRBLA-50-001A,false,,,,,,,action,,,,,,,,,,,,lb,,,active
cell,The Cell,,Blu-Ray,Media > Videos,,"Action, Blu-Ray, Formatted, Rental",true,Genre,Action,,,,,,,,,0.0,shopify,1,deny,manual,0.00,,true,true,,,,,191-BLRCEL-50-001A,https://cdn.shopify.com/s/files/1/0671/0552/1726/files/0-1781750543892.jpg?v=1787926073,1,191-BLRCEL-50-001A,false,,,,,,,action,,,,,,,,,,,,lb,,,active
rise-of-the-planet-of-the-apes,Rise of the Planet of the Apes,"<p>A highly intelligent chimpanzee named Caesar has been living a peaceful suburban life ever since he was born. But when he gets taken to a cruel primate facility, Caesar decides to revolt against those who have harmed him.</p>",Blu-Ray,Media > Videos,,"Action, Blu-Ray, Formatted, Rental",true,Genre,Action,,,,,,,,,0.0,shopify,1,deny,manual,0.00,,true,true,,,,,191-BLRRIS-50-001A,https://cdn.shopify.com/s/files/1/0671/0552/1726/files/0-1781750361395.jpg?v=1787926074,1,191-BLRRIS-50-001A,false,,,,,,,action,,,,,,,,,,,,lb,,,active
blue-steel,Blue Steel,,Blu-Ray,Media > Videos,,"Action, Blu-Ray, Formatted, Rental",true,Genre,Action,,,,,,,,,0.0,shopify,1,deny,manual,0.00,,true,true,,,,,191-BLRBLU-50-001A,https://cdn.shopify.com/s/files/1/0671/0552/1726/files/0-1781750295037.jpg?v=1787926075,1,191-BLRBLU-50-001A,false,,,,,,,action,,,,,,,,,,,,lb,,,active
terminator-genisys,Terminator Genisys,"<p>The year is 2029. John Connor, leader of the resistance continues the war against the machines. At the Los Angeles offensive, John's fears of the unknown future begin to emerge when TECOM spies reveal a new plot by SkyNet that will attack him from both fronts; past and future, and will ultimately change warfare forever.</p>",Blu-Ray,Media > Videos,,"Blu-Ray, Formatted, Rental, Sci-Fi",true,Genre,Sci-Fi,,,,,,,,,0.0,shopify,1,deny,manual,0.00,,true,true,,,,,191-BLRTRM-50-001A,https://cdn.shopify.com/s/files/1/0671/0552/1726/files/0-1781750209523.jpg?v=1787926075,1,191-BLRTRM-50-001A,false,,,,,,,sci-fi,,,,,,,,,,,,lb,,,active
mission-impossible-fallout,Mission: Impossible - Fallout,"<p>When an IMF mission ends badly, the world is faced with dire consequences. As Ethan Hunt takes it upon himself to fulfill his original briefing, the CIA begin to question his loyalty and his motives. The IMF team find themselves in a race against time, hunted by assassins while trying to prevent a global catastrophe.</p>",Blu-Ray,Media > Videos,,"Action, Blu-Ray, Formatted, Rental",true,Genre,Action,,,,,,,,,0.0,shopify,1,deny,manual,0.00,,true,true,,,,,191-BLRMIS-50-001A,https://cdn.shopify.com/s/files/1/0671/0552/1726/files/0-1781750804995.jpg?v=1787926076,1,191-BLRMIS-50-001A,false,,,,,,,action,,,,,,,,,,,,lb,,,active
basic-instinct-2-collectors-edition,Basic Instinct 2 Collector's Edition,"<p>Novelist Catherine Tramell is once again in trouble with the law, and Scotland Yard appoints psychiatrist Dr. Michael Glass to evaluate her. Though, like Detective Nick Curran before him, Glass is entranced by Tramell and lured into a seductive game.</p>",Blu-Ray,Media > Videos,,"Blu-Ray, Formatted, Rental, Thriller",true,Genre,Thriller,,,,,,,,,0.0,shopify,1,deny,manual,0.00,,true,true,,,,,191-BLRBAS-50-001A,https://cdn.shopify.com/s/files/1/0671/0552/1726/files/0-1781750662965.jpg?v=1787926076,1,191-BLRBAS-50-001A,false,,,,,,,thriller,,,,,,,,,,,,lb,,,active
top-gun-2-movie-collection,Top Gun 2-Movie Collection,,Blu-Ray,Media > Videos,,"Action, Blu-Ray, Formatted, Rental",true,Genre,Action,,,,,,,,,0.0,shopify,1,deny,manual,0.00,,true,true,,,,,191-BLRTOP-50-001A,https://cdn.shopify.com/s/files/1/0671/0552/1726/files/0-1781750738612.jpg?v=1787926077,1,191-BLRTOP-50-001A,false,,,,,,,action,,,,,,,,,,,,lb,,,active
extreme-prejudice,Extreme Prejudice,"<p>Lean, mean Texas Ranger Jack Benteen locks horns with a former friend, Cash Bailey, now a ruthless drug kingpin. Though they're on opposite sides of the law, they share a love interest in the sensual Sarita. When a crew of rogue soldiers descends upon the border town for an off-the-books mission, all roads lead to a bloody, to-the-death showdown, as loyalties shift and the lines between good and evil are blurred.</p>",Blu-Ray,Media > Videos,,"Action, Blu-Ray, Formatted, Rental",true,Genre,Action,,,,,,,,,0.0,shopify,1,deny,manual,0.00,,true,true,,,,,191-BLREXT-50-001A,https://cdn.shopify.com/s/files/1/0671/0552/1726/files/0-1781750560033.jpg?v=1787926078,1,191-BLREXT-50-001A,false,,,,,,,action,,,,,,,,,,,,lb,,,active
kill-bill,Kill Bill,,4K,Media > Videos,,"4K, Action, Formatted, Rental",true,Genre,Action,,,,,,,,,0.0,shopify,1,deny,manual,0.00,,true,true,,,,,191-BLRKI2-50-001A,https://cdn.shopify.com/s/files/1/0671/0552/1726/files/0-1781749609133.jpg?v=1787926078,1,191-BLRKI2-50-001A,false,,,,,,,action,,,,,,,,,,,,lb,,,active
becky,Becky,,Blu-Ray,Media > Videos,,"Action, Blu-Ray, Formatted, Rental",true,Genre,Action,,,,,,,,,0.0,shopify,1,deny,manual,0.00,,true,true,,,,,191-BLRBEC-50-001A,https://cdn.shopify.com/s/files/1/0671/0552/1726/files/0-1781748716892_861ee490-16aa-42a6-8fd3-b501287799cd.jpg?v=1787926079,1,191-BLRBEC-50-001A,false,,,,,,,action,,,,,,,,,,,,lb,,,active
unleashed,Unleashed,,Blu-Ray,Media > Videos,,"Action, Blu-Ray, Formatted, Rental",true,Genre,Action,,,,,,,,,0.0,shopify,1,deny,manual,0.00,,true,true,,,,,191-BLRUNL-50-001A,https://cdn.shopify.com/s/files/1/0671/0552/1726/files/0-1781749341115.jpg?v=1787926080,1,191-BLRUNL-50-001A,false,,,,,,,action,,,,,,,,,,,,lb,,,active
hansel-gretel-witch-hunters-unrated-cut,Hansel & Gretel: Witch Hunters (Unrated Cut),,Blu-Ray,Media > Videos,,"Action, Blu-Ray, Formatted, Rental",true,Genre,Action,,,,,,,,,0.0,shopify,1,deny,manual,0.00,,true,true,,,,,191-BLRHAN-50-001A,https://cdn.shopify.com/s/files/1/0671/0552/1726/files/0-1781748342315.jpg?v=1787926080,1,191-BLRHAN-50-001A,false,,,,,,,action,,,,,,,,,,,,lb,,,active
skyscraper,Skyscraper,,4K,Media > Videos,,"4K, Action, Formatted, Rental",true,Genre,Action,,,,,,,,,0.0,shopify,1,deny,manual,0.00,,true,true,,,,,191-BLRSKY-50-001A,https://cdn.shopify.com/s/files/1/0671/0552/1726/files/0-1781748262025.jpg?v=1787926081,1,191-BLRSKY-50-001A,false,,,,,,,action,,,,,,,,,,,,lb,,,active
windtalkers,Windtalkers,"<p>Joe Enders is a gung-ho Marine assigned to protect a ""windtalker"" - one of several Navajo Indians who were used to relay messages during World War II because their spoken language was indecipherable to Japanese code breakers.</p>",Blu-Ray,Media > Videos,,"Action, Blu-Ray, Formatted, Rental",true,Genre,Action,,,,,,,,,0.0,shopify,1,deny,manual,0.00,,true,true,,,,,191-BLYWIN-50-001A,https://cdn.shopify.com/s/files/1/0671/0552/1726/files/0-1781748148721.jpg?v=1787926082,1,191-BLYWIN-50-001A,false,,,,,,,action,,,,,,,,,,,,lb,,,active
wrath-of-man,Wrath of Man,"<p>A cold and mysterious new security guard for a Los Angeles cash truck company surprises his co-workers when he unleashes precision skills during a heist. The crew is left wondering who he is and where he came from. Soon, the marksman's ultimate motive becomes clear as he takes dramatic and irrevocable steps to settle a score.</p>",Blu-Ray,Media > Videos,,"Action, Blu-Ray, Formatted, Rental",true,Genre,Action,,,,,,,,,0.0,shopify,1,deny,manual,0.00,,true,true,,,,,191-BLRWRT-50-001A,https://cdn.shopify.com/s/files/1/0671/0552/1726/files/0-1781748550925.jpg?v=1787926082,1,191-BLRWRT-50-001A,false,,,,,,,action,,,,,,,,,,,,lb,,,active
jeepers-creepers-reborn,Jeepers Creepers Reborn,"<p>Forced to travel to a horror festival with her boyfriend, a young woman begins experiencing premonitions associated with the urban myth of The Creeper. She believes that something supernatural has been summoned — and that she is at the center of it all.</p>",Blu-Ray,Media > Videos,,"Blu-Ray, Formatted, Horror, Rental",true,Genre,Horror,,,,,,,,,0.0,shopify,1,deny,manual,0.00,,true,true,,,,,191-BLRJEE-50-001A,https://cdn.shopify.com/s/files/1/0671/0552/1726/files/0-1781748050370_dc1fc6cf-ecd3-44f4-8adc-2f36100c5995.jpg?v=1787926083,1,191-BLRJEE-50-001A,false,,,,,,,horror,,,,,,,,,,,,lb,,,active
den-of-thieves,Den of Thieves,,Blu-Ray,Media > Videos,,"Action, Blu-Ray, Formatted, Rental",true,Genre,Action,,,,,,,,,0.0,shopify,1,deny,manual,0.00,,true,true,,,,,191-BLRDEN-50-001A,https://cdn.shopify.com/s/files/1/0671/0552/1726/files/0-1781747997441.jpg?v=1787926084,1,191-BLRDEN-50-001A,false,,,,,,,action,,,,,,,,,,,,lb,,,active
doom-the-scorpion-king-the-rundown-triple-feature,Doom / The Scorpion King / The Rundown Triple Feature,,Blu-Ray,Media > Videos,,"Action, Blu-Ray, Formatted, Rental",true,Genre,Action,,,,,,,,,0.0,shopify,1,deny,manual,0.00,,true,true,,,,,191-BLRDMT-50-001A,https://cdn.shopify.com/s/files/1/0671/0552/1726/files/0-1781747944628.jpg?v=1787926084,1,191-BLRDMT-50-001A,false,,,,,,,action,,,,,,,,,,,,lb,,,active
transporter-refueled,Transporter Refueled,"<p>The fast-paced action movie is again set in the criminal underworld in France, where Frank Martin is known as The Transporter, because he is the best driver and mercenary money can buy. In this installment, he meets Anna and they attempt to take down a group of ruthless Russian human traffickers who also have kidnapped Frank’s father.</p>",Blu-Ray,Media > Videos,,"Action, Blu-Ray, Formatted, Rental",true,Genre,Action,,,,,,,,,0.0,shopify,1,deny,manual,0.00,,true,true,,,,,191-BLRTRD-50-001A,https://cdn.shopify.com/s/files/1/0671/0552/1726/files/0-1781747874501.jpg?v=1787926085,1,191-BLRTRD-50-001A,false,,,,,,,action,,,,,,,,,,,,lb,,,active
poseidon,Poseidon,"<p>A packed cruise ship traveling the Atlantic is hit and overturned by a massive wave, compelling the passengers to begin a dramatic fight for their lives.</p>",Blu-Ray,Media > Videos,,"Action, Blu-Ray, Formatted, Rental",true,Genre,Action,,,,,,,,,0.0,shopify,1,deny,manual,0.00,,true,true,,,,,191-BLRPOS-50-001A,https://cdn.shopify.com/s/files/1/0671/0552/1726/files/0-1781747759626.jpg?v=1787926086,1,191-BLRPOS-50-001A,false,,,,,,,action,,,,,,,,,,,,lb,,,active
venom,Venom,,Blu-Ray,Media > Videos,,"Action, Blu-Ray, Formatted, Rental",true,Genre,Action,,,,,,,,,0.0,shopify,1,deny,manual,0.00,,true,true,,,,,191-BLRVEN-50-001A,https://cdn.shopify.com/s/files/1/0671/0552/1726/files/0-1781747643029.jpg?v=1787926087,1,191-BLRVEN-50-001A,false,,,,,,,action,,,,,,,,,,,,lb,,,active
god-is-a-bullet,God Is a Bullet,"<p>Vice detective Bob Hightower finds his ex-wife murdered and daughter kidnapped by a cult. Frustrated by the botched official investigations, he quits the force and infiltrates the cult to hunt down the leader with the help of the cult’s only female victim escapee, Case Hardin.</p>",Blu-Ray,Media > Videos,,"Action, Blu-Ray, Formatted, Rental",true,Genre,Action,,,,,,,,,0.0,shopify,1,deny,manual,0.00,,true,true,,,,,191-BLRGOD-50-001A,https://cdn.shopify.com/s/files/1/0671/0552/1726/files/0-1781747510046.jpg?v=1787926087,1,191-BLRGOD-50-001A,false,,,,,,,action,,,,,,,,,,,,lb,,,active
shoot-em-up,Shoot 'Em Up,,Blu-Ray,Media > Videos,,"Action, Blu-Ray, Formatted, Rental",true,Genre,Action,,,,,,,,,0.0,shopify,1,deny,manual,0.00,,true,true,,,,,191-BLRSHO-50-001A,https://cdn.shopify.com/s/files/1/0671/0552/1726/files/0-1781747448608.jpg?v=1787926088,1,191-BLRSHO-50-001A,false,,,,,,,action,,,,,,,,,,,,lb,,,active
never-back-down-extended-beat-down-edition,Never Back Down: Extended Beat Down Edition,,Blu-Ray,Media > Videos,,"Action, Blu-Ray, Formatted, Rental",true,Genre,Action,,,,,,,,,0.0,shopify,1,deny,manual,0.00,,true,true,,,,,191-BLRNEV-50-001A,https://cdn.shopify.com/s/files/1/0671/0552/1726/files/0-1781747317894.jpg?v=1787926088,1,191-BLRNEV-50-001A,false,,,,,,,action,,,,,,,,,,,,lb,,,active
morbius,Morbius,"<p>Dangerously ill with a rare blood disorder, and determined to save others suffering his same fate, Dr. Michael Morbius attempts a desperate gamble. What at first appears to be a radical success soon reveals itself to be a remedy potentially worse than the disease.</p>",4K,Media > Videos,,"4K, Action, Formatted, Rental",true,Genre,Action,,,,,,,,,0.0,shopify,1,deny,manual,0.00,,true,true,,,,,191-4K2MOR-50-001A,https://cdn.shopify.com/s/files/1/0671/0552/1726/files/0-1781747192433.jpg?v=1787926089,1,191-4K2MOR-50-001A,false,,,,,,,action,,,,,,,,,,,,lb,,,active
driven,Driven,,Blu-Ray,Media > Videos,,"Action, Blu-Ray, Formatted, Rental",true,Genre,Action,,,,,,,,,0.0,shopify,1,deny,manual,0.00,,true,true,,,,,191-BLRDRV-50-001A,https://cdn.shopify.com/s/files/1/0671/0552/1726/files/0-1781747247935.jpg?v=1787926090,1,191-BLRDRV-50-001A,false,,,,,,,action,,,,,,,,,,,,lb,,,active
doomsday,Doomsday,,Blu-Ray,Media > Videos,,"Action, Blu-Ray, Formatted, Rental",true,Genre,Action,,,,,,,,,0.0,shopify,1,deny,manual,0.00,,true,true,,,,,191-BLRDOO-50-001A,https://cdn.shopify.com/s/files/1/0671/0552/1726/files/0-1781746551095.jpg?v=1787926090,1,191-BLRDOO-50-001A,false,,,,,,,action,,,,,,,,,,,,lb,,,active
drive-angry,Drive Angry,"<p>Milton is a hardened felon who has broken out of Hell, intent on finding the vicious cult who brutally murdered his daughter and kidnapped her baby. He joins forces with a sexy, tough-as-nails waitress, who's also seeking redemption of her own. Caught in a deadly race against time, Milton has three days to avoid capture, avenge his daughter's death, and save her baby before she's mercilessly sacrificed by the cult.</p>",Blu-Ray,Media > Videos,,"Action, Blu-Ray, Formatted, Rental",true,Genre,Action,,,,,,,,,0.0,shopify,1,deny,manual,0.00,,true,true,,,,,191-BLRDRI-50-001A,https://cdn.shopify.com/s/files/1/0671/0552/1726/files/0-1781746427284.jpg?v=1787926091,1,191-BLRDRI-50-001A,false,,,,,,,action,,,,,,,,,,,,lb,,,active
copshop,COPSHOP,"<p>On the run from a lethal assassin, a wily con artist devises a scheme to hide out inside a small-town police station. However, when the hit man turns up at the precinct, an unsuspecting rookie cop finds herself caught in the crosshairs.</p>",Blu-Ray,Media > Videos,,"Action, Blu-Ray, Formatted, Rental",true,Genre,Action,,,,,,,,,0.0,shopify,1,deny,manual,0.00,,true,true,,,,,191-BLRCOP-50-001A,https://cdn.shopify.com/s/files/1/0671/0552/1726/files/0-1781746362200.jpg?v=1787926093,1,191-BLRCOP-50-001A,false,,,,,,,action,,,,,,,,,,,,lb,,,active
kick-ass-2,Kick-Ass 2,"<p>After Kick-Ass' insane bravery inspires a new wave of self-made masked crusaders, he joins a patrol led by the Colonel Stars and Stripes. When these amateur superheroes are hunted down by Red Mist — reborn as The Mother Fucker — only the blade-wielding Hit-Girl can prevent their annihilation.</p>",Blu-Ray,Media > Videos,,"Action, Blu-Ray, Formatted, Rental",true,Genre,Action,,,,,,,,,0.0,shopify,1,deny,manual,0.00,,true,true,,,,,191-BLRKCK-50-001A,https://cdn.shopify.com/s/files/1/0671/0552/1726/files/0-1781746274160.jpg?v=1787926093,1,191-BLRKCK-50-001A,false,,,,,,,action,,,,,,,,,,,,lb,,,active
assassination-nation,Assassination Nation,"<p>After an anonymous hacker begins leaking the private data of thousands living in a small American town, the townspeople spiral into madness, with four high school seniors at the center of the maelstrom.</p>",Blu-Ray,Media > Videos,,"Action, Blu-Ray, Formatted, Rental",true,Genre,Action,,,,,,,,,0.0,shopify,1,deny,manual,0.00,,true,true,,,,,191-BLRASS-50-001A,https://cdn.shopify.com/s/files/1/0671/0552/1726/files/0-1781746210332.jpg?v=1787926093,1,191-BLRASS-50-001A,false,,,,,,,action,,,,,,,,,,,,lb,,,active
warlock-collection-3-film-set,Warlock Collection 3-Film Set,,Blu-Ray,Media > Videos,,"Blu-Ray, Formatted, Horror, Rental",true,Genre,Horror,,,,,,,,,0.0,shopify,1,deny,manual,0.00,,true,true,,,,,191-BLRWRL-50-001A,https://cdn.shopify.com/s/files/1/0671/0552/1726/files/0-1781746127203_d53176b6-9dbd-4f0a-b5d1-76d4d3f2b527.jpg?v=1787926094,1,191-BLRWRL-50-001A,false,,,,,,,horror,,,,,,,,,,,,lb,,,active
triple-9,Triple 9,<p>A gang of criminals and corrupt cops plan the murder of a police officer in order to pull off their biggest heist yet across town.</p>,Blu-Ray,Media > Videos,,"Action, Blu-Ray, Formatted, Rental",true,Genre,Action,,,,,,,,,0.0,shopify,1,deny,manual,0.00,,true,true,,,,,191-BLRTRI-50-001A,https://cdn.shopify.com/s/files/1/0671/0552/1726/files/0-1781746054195.jpg?v=1787926095,1,191-BLRTRI-50-001A,false,,,,,,,action,,,,,,,,,,,,lb,,,active
kill-bill-vol-2,Kill Bill Vol. 2,"<p>The Bride unwaveringly continues on her roaring rampage of revenge against the band of assassins who had tried to kill her and her unborn child. She visits each of her former associates one-by-one, checking off the victims on her Death List Five until there's nothing left to do … but kill Bill.</p>",Blu-Ray,Media > Videos,,"Action, Blu-Ray, Formatted, Rental",true,Genre,Action,,,,,,,,,0.0,shopify,1,deny,manual,0.00,,true,true,,,,,191-BLRKLL-50-001A,https://cdn.shopify.com/s/files/1/0671/0552/1726/files/0-1781745986575_aa9b8a47-1eb9-4318-8127-e4fdb1f8bc0b.jpg?v=1787926095,1,191-BLRKLL-50-001A,false,,,,,,,action,,,,,,,,,,,,lb,,,active
13-assassins,13 Assassins,,Blu-Ray,Media > Videos,,"Action, Blu-Ray, community-pick, Formatted, Rental",true,Genre,Action,,,,,,,,,0.0,shopify,1,deny,manual,0.00,,true,true,,,,,191-BLR13A-50-001A,https://cdn.shopify.com/s/files/1/0671/0552/1726/files/0-1781745915602.jpg?v=1787926096,1,191-BLR13A-50-001A,false,,,,,,,action,,,,,,,,,,,,lb,,,active
executive-decision,Executive Decision,"<p>Terrorists hijack a 747 inbound to Washington D.C., demanding the release of their imprisoned leader. Intelligence expert David Grant suspects another reason and he is soon the reluctant member of a special assault team that is assigned to intercept the plane and hijackers.</p>",Blu-Ray,Media > Videos,,"Action, Blu-Ray, Formatted, Rental",true,Genre,Action,,,,,,,,,0.0,shopify,1,deny,manual,0.00,,true,true,,,,,191-BLREXE-50-001A,https://cdn.shopify.com/s/files/1/0671/0552/1726/files/0-1781736771163.jpg?v=1787926097,1,191-BLREXE-50-001A,false,,,,,,,action,,,,,,,,,,,,lb,,,active
white-house-down,White House Down,"<p>Capitol Policeman John Cale has just been denied his dream job with the Secret Service protecting President James Sawyer. Not wanting to let down his little girl with the news, he takes her on a tour of the White House, when the complex is overtaken by a heavily armed paramilitary group. Now, with the nation's government falling into chaos and time running out, it's up to Cale to save the president, his daughter, and the country.</p>",Blu-Ray,Media > Videos,,"Action, Blu-Ray, Formatted, Rental",true,Genre,Action,,,,,,,,,0.0,shopify,1,deny,manual,0.00,,true,true,,,,,191-BLRWHI-50-001A,https://cdn.shopify.com/s/files/1/0671/0552/1726/files/0-1781736708761_a4c88ebb-b0ab-473c-91c4-dd46fe418a73.jpg?v=1787926098,1,191-BLRWHI-50-001A,false,,,,,,,action,,,,,,,,,,,,lb,,,active
double-salvation-2-pack-priest-legion,Double Salvation 2-Pack (Priest / Legion),,Blu-Ray,Media > Videos,,"Action, Blu-Ray, Formatted, Rental",true,Genre,Action,,,,,,,,,0.0,shopify,1,deny,manual,0.00,,true,true,,,,,191-BLRDOU-50-001A,https://cdn.shopify.com/s/files/1/0671/0552/1726/files/0-1781736643720.jpg?v=1787926098,1,191-BLRDOU-50-001A,false,,,,,,,action,,,,,,,,,,,,lb,,,active
speed,Speed,,Blu-Ray,Media > Videos,,"Action, Blu-Ray, Formatted, Rental",true,Genre,Action,,,,,,,,,0.0,shopify,1,deny,manual,0.00,,true,true,,,,,191-BLRSPD-50-001A,https://cdn.shopify.com/s/files/1/0671/0552/1726/files/0-1781736397687.jpg?v=1787926099,1,191-BLRSPD-50-001A,false,,,,,,,action,,,,,,,,,,,,lb,,,active
the-transporter,The Transporter,,Blu-Ray,Media > Videos,,"Action, Blu-Ray, Formatted, Rental",true,Genre,Action,,,,,,,,,0.0,shopify,1,deny,manual,0.00,,true,true,,,,,191-BLRTHR-50-001A,https://cdn.shopify.com/s/files/1/0671/0552/1726/files/0-1781729256630.jpg?v=1787926100,1,191-BLRTHR-50-001A,false,,,,,,,action,,,,,,,,,,,,lb,,,active
transporter-2,Transporter 2,"<p>Professional driver, and former Special Forces officer, Frank Martin is living in Miami, where he is temporarily filling in for a friend as the chauffeur for a government narcotics control policy director and his family. The young boy in the family is targeted for kidnapping, and Frank immediately becomes involved in protecting the child and exposing the kidnappers.</p>",Blu-Ray,Media > Videos,,"Action, Blu-Ray, Formatted, Rental",true,Genre,Action,,,,,,,,,0.0,shopify,1,deny,manual,0.00,,true,true,,,,,191-BLRTR2-50-001A,https://cdn.shopify.com/s/files/1/0671/0552/1726/files/0-1781729142917.jpg?v=1787926100,1,191-BLRTR2-50-001A,false,,,,,,,action,,,,,,,,,,,,lb,,,active
transporter-3-2-disc-fully-loaded-edition,Transporter 3 (2-Disc Fully Loaded Edition),,Blu-Ray,Media > Videos,,"Action, Blu-Ray, Formatted, Rental",true,Genre,Action,,,,,,,,,0.0,shopify,1,deny,manual,0.00,,true,true,,,,,191-BLRTRN-50-001A,https://cdn.shopify.com/s/files/1/0671/0552/1726/files/0-1781729096420_a00ea0ec-62c9-4ef2-83c6-2d9141f6c7e2.jpg?v=1787926101,1,191-BLRTRN-50-001A,false,,,,,,,action,,,,,,,,,,,,lb,,,active
bad-boys-for-life,Bad Boys for Life,"<p>Marcus and Mike are forced to confront new threats, career changes, and midlife crises as they join the newly created elite team AMMO of the Miami police department to take down the ruthless Armando Armas, the vicious leader of a Miami drug cartel.</p>",Blu-Ray,Media > Videos,,"Action, Blu-Ray, Formatted, Rental",true,Genre,Action,,,,,,,,,0.0,shopify,1,deny,manual,0.00,,true,true,,,,,191-BLRBAD-50-001A,https://cdn.shopify.com/s/files/1/0671/0552/1726/files/0-1781729039986.jpg?v=1787926102,1,191-BLRBAD-50-001A,false,,,,,,,action,,,,,,,,,,,,lb,,,active
new-years-eve,New Year's Eve,,Blu-Ray,Media > Videos,,"Blu-Ray, Comedy, Formatted, Rental",true,Genre,Comedy,,,,,,,,,0.0,shopify,1,deny,manual,0.00,,true,true,,,,,191-BLRNEW-50-001A,https://cdn.shopify.com/s/files/1/0671/0552/1726/files/0-1781728782772.jpg?v=1787926103,1,191-BLRNEW-50-001A,false,,,,,,,comedy,,,,,,,,,,,,lb,,,active
clerks,Clerks,,Blu-Ray,Media > Videos,,"Blu-Ray, Comedy, Formatted, Rental",true,Genre,Comedy,,,,,,,,,0.0,shopify,1,deny,manual,0.00,,true,true,,,,,191-BLRCLR-50-001A,https://cdn.shopify.com/s/files/1/0671/0552/1726/files/0-1781728707992.jpg?v=1787926103,1,191-BLRCLR-50-001A,false,,,,,,,comedy,,,,,,,,,,,,lb,,,active
due-date,Due Date,"<p>Peter Highman must scramble across the US in five days to be present for the birth of his first child. He gets off to a bad start when his wallet and luggage are stolen, and put on the 'no-fly' list. Peter embarks on a terrifying journey when he accepts a ride from an actor.</p>",Blu-Ray,Media > Videos,,"Blu-Ray, Comedy, Formatted, Rental",true,Genre,Comedy,,,,,,,,,0.0,shopify,1,deny,manual,0.00,,true,true,,,,,191-BLRDUE-50-001A,https://cdn.shopify.com/s/files/1/0671/0552/1726/files/0-1781728640455.jpg?v=1787926104,1,191-BLRDUE-50-001A,false,,,,,,,comedy,,,,,,,,,,,,lb,,,active
finding-dory,Finding Dory,<p>Dory is reunited with her friends Nemo and Marlin in the search for answers about her past. What can she remember? Who are her parents? And where did she learn to speak Whale?</p>,BLU-RAY,,,"Kids & Family, Issue, rental or sale?",true,Condition,50%,,Serial Number,001A,,,,,191-BLRFND-50-001A,0.0,shopify,1,deny,manual,0.00,,true,true,,,,,191-BLRFND-50-001A,https://cdn.shopify.com/s/files/1/0671/0552/1726/files/0-1781728588039.jpg?v=1787785409,1,191-BLRFND-50-001A,false,,,,,,,,,,,,,,,,,,https://cdn.shopify.com/s/files/1/0671/0552/1726/files/0-1781728588039.jpg?v=1787785409,lb,,,active
goosebumps,Goosebumps,,Blu-Ray,Media > Videos,,"Blu-Ray, Formatted, Kids & Family, Rental",true,Genre,Kids & Family,,,,,,,,,0.0,shopify,1,deny,manual,0.00,,true,true,,,,,191-BLRGOO-50-001A,https://cdn.shopify.com/s/files/1/0671/0552/1726/files/0-1781728476090.jpg?v=1787926105,1,191-BLRGOO-50-001A,false,,,,,,,kids-family,,,,,,,,,,,,lb,,,active
where-the-wild-things-are,Where the Wild Things Are,,Blu-Ray,Media > Videos,,"Blu-Ray, Formatted, Kids & Family, Rental",true,Genre,Kids & Family,,,,,,,,,0.0,shopify,1,deny,manual,0.00,,true,true,,,,,191-BLRWHR-50-001A,https://cdn.shopify.com/s/files/1/0671/0552/1726/files/0-1781728390508.jpg?v=1787926105,1,191-BLRWHR-50-001A,false,,,,,,,kids-family,,,,,,,,,,,,lb,,,active
finding-nemo,Finding Nemo,"<p>Nemo, an adventurous young clownfish, is unexpectedly taken from his Great Barrier Reef home to a dentist's office aquarium. It's up to his worrisome father Marlin and a friendly but forgetful fish Dory to bring Nemo home -- meeting vegetarian sharks, surfer dude turtles, hypnotic jellyfish, hungry seagulls, and more along the way.</p>",Blu-Ray,Media > Videos,,"Blu-Ray, Formatted, Kids & Family, Rental",true,Genre,Kids & Family,,,,,,,,,0.0,shopify,1,deny,manual,0.00,,true,true,,,,,191-BLRFIN-50-001A,https://cdn.shopify.com/s/files/1/0671/0552/1726/files/0-1781728170255.jpg?v=1787926105,1,191-BLRFIN-50-001A,false,,,,,,,kids-family,,,,,,,,,,,,lb,,,active
everything-everywhere-all-at-once,Everything Everywhere All at Once,"<p>An aging Chinese immigrant is swept up in an insane adventure, where she alone can save what's important to her by connecting with the lives she could have led in other universes.</p>",Blu-Ray,Media > Videos,,"Blu-Ray, Drama, Formatted, Rental",true,Genre,Drama,,,,,,,,,0.0,shopify,1,deny,manual,0.00,,true,true,,,,,191-BLREVE-50-001A,https://cdn.shopify.com/s/files/1/0671/0552/1726/files/0-1781726889710.jpg?v=1787926106,1,191-BLREVE-50-001A,false,,,,,,,drama,,,,,,,,,,,,lb,,,active
braveheart,Braveheart,,Blu-Ray,Media > Videos,,"Blu-Ray, Drama, Formatted, Rental",true,Genre,Drama,,,,,,,,,0.0,shopify,1,deny,manual,0.00,,true,true,,,,,191-BLRBRA-50-001A,https://cdn.shopify.com/s/files/1/0671/0552/1726/files/0-1781726755527.jpg?v=1787926107,1,191-BLRBRA-50-001A,false,,,,,,,drama,,,,,,,,,,,,lb,,,active
a-star-is-born,A Star Is Born,,Blu-Ray,Media > Videos,,"Blu-Ray, Drama, Formatted, Rental",true,Genre,Drama,,,,,,,,,0.0,shopify,1,deny,manual,0.00,,true,true,,,,,191-BLRAST-50-001A,https://cdn.shopify.com/s/files/1/0671/0552/1726/files/0-1781726676753.jpg?v=1787926107,1,191-BLRAST-50-001A,false,,,,,,,drama,,,,,,,,,,,,lb,,,active
crash,Crash,,Blu-Ray,Media > Videos,,"Blu-Ray, Drama, Formatted, Rental",true,Genre,Drama,,,,,,,,,0.0,shopify,1,deny,manual,0.00,,true,true,,,,,191-BLRCRA-50-001A,https://cdn.shopify.com/s/files/1/0671/0552/1726/files/0-1781726536434.jpg?v=1787926108,1,191-BLRCRA-50-001A,false,,,,,,,drama,,,,,,,,,,,,lb,,,active
babylon,Babylon,,Blu-Ray,Media > Videos,,"Blu-Ray, Drama, Formatted, Rental",true,Genre,Drama,,,,,,,,,0.0,shopify,1,deny,manual,0.00,,true,true,,,,,191-BLRBAB-50-001A,https://cdn.shopify.com/s/files/1/0671/0552/1726/files/0-1781726413920.jpg?v=1787926109,1,191-BLRBAB-50-001A,false,,,,,,,drama,,,,,,,,,,,,lb,,,active
dark-waters,Dark Waters,,DVD,Media > Videos,,"Drama, DVD, Formatted, Rental",true,Genre,Drama,,,,,,,,,0.0,shopify,1,deny,manual,0.00,,true,true,,,,,191-DVDDAR-50-001A,https://cdn.shopify.com/s/files/1/0671/0552/1726/files/0-1781728069867.jpg?v=1787926110,1,191-DVDDAR-50-001A,false,,,,,,,drama,,,,,,,,,,,,lb,,,active
gridiron-gang,Gridiron Gang,,Blu-Ray,Media > Videos,,"Blu-Ray, Drama, Formatted, Rental",true,Genre,Drama,,,,,,,,,0.0,shopify,1,deny,manual,0.00,,true,true,,,,,191-BLRGRI-50-001A,https://cdn.shopify.com/s/files/1/0671/0552/1726/files/0-1781727904078.jpg?v=1787926111,1,191-BLRGRI-50-001A,false,,,,,,,drama,,,,,,,,,,,,lb,,,active
officer-downe,Officer Downe,"<p>A rookie cop is tasked with shadowing Officer Downe, a no-nonsense LAPD cop with regenerative powers, as he wages an ultra-violent war against the nefarious villains of Los Angeles.</p>",Blu-Ray,Media > Videos,,"Action, Blu-Ray, Formatted, Rental",true,Genre,Action,,,,,,,,,0.0,shopify,1,deny,manual,0.00,,true,true,,,,,191-BLROFF-50-001A,https://cdn.shopify.com/s/files/1/0671/0552/1726/files/0-1781404952111.jpg?v=1787926112,1,191-BLROFF-50-001A,false,,,,,,,action,,,,,,,,,,,,lb,,,active
where-the-is-santa,Where the #$&% is Santa?,,Blu-Ray,Media > Videos,,"Blu-Ray, Comedy, Formatted, Rental",true,Genre,Comedy,,,,,,,,,0.0,shopify,1,deny,manual,0.00,,true,true,,,,,191-BLRWHE-50-001A,https://cdn.shopify.com/s/files/1/0671/0552/1726/files/0-1781404650893.jpg?v=1787926114,1,191-BLRWHE-50-001A,false,,,,,,,comedy,,,,,,,,,,,,lb,,,active
ambulance-collectors-edition,Ambulance (Collector's Edition),,Blu-Ray,Media > Videos,,"Action, Blu-Ray, Formatted, Rental",true,Genre,Action,,,,,,,,,0.0,shopify,1,deny,manual,0.00,,true,true,,,,,191-BLRAMB-50-001A,https://cdn.shopify.com/s/files/1/0671/0552/1726/files/0-1781404450872.jpg?v=1787926114,1,191-BLRAMB-50-001A,false,,,,,,,action,,,,,,,,,,,,lb,,,active
machete,Machete,,Blu-Ray,Media > Videos,,"Action, Blu-Ray, Formatted, Rental",true,Genre,Action,,,,,,,,,0.0,shopify,1,deny,manual,0.00,,true,true,,,,,191-BLRMAC-50-001A,https://cdn.shopify.com/s/files/1/0671/0552/1726/files/0-1781404797952.jpg?v=1787926115,1,191-BLRMAC-50-001A,false,,,,,,,action,,,,,,,,,,,,lb,,,active
out-of-the-furnace,Out of the Furnace,"<p>Two brothers live in the economically-depressed Rust Belt, when a cruel twist of fate lands one in prison. His brother is then lured into one of the most violent crime rings in the Northeast.</p>",Blu-Ray,Media > Videos,,"Action, Blu-Ray, Formatted, Rental",true,Genre,Action,,,,,,,,,0.0,shopify,1,deny,manual,0.00,,true,true,,,,,191-BLROUT-50-001A,https://cdn.shopify.com/s/files/1/0671/0552/1726/files/0-1781404730142.jpg?v=1787926115,1,191-BLROUT-50-001A,false,,,,,,,action,,,,,,,,,,,,lb,,,active
rampage,Rampage,,4K,Media > Videos,,"4K, Action, Formatted, Rental",true,Genre,Action,,,,,,,,,0.0,shopify,1,deny,manual,0.00,,true,true,,,,,191-BLRRAM-50-001A,https://cdn.shopify.com/s/files/1/0671/0552/1726/files/0-1781404307844.jpg?v=1787926116,1,191-BLRRAM-50-001A,false,,,,,,,action,,,,,,,,,,,,lb,,,active
hit-run,Hit & Run,,Blu-Ray,Media > Videos,,"Action, Blu-Ray, Formatted, Rental",true,Genre,Action,,,,,,,,,0.0,shopify,1,deny,manual,0.00,,true,true,,,,,191-BLRHIT-50-001A,https://cdn.shopify.com/s/files/1/0671/0552/1726/files/0-1781404847357.jpg?v=1787926117,1,191-BLRHIT-50-001A,false,,,,,,,action,,,,,,,,,,,,lb,,,active
snitch,Snitch,,4K,Media > Videos,,"4K, Action, Formatted, Rental",true,Genre,Action,,,,,,,,,0.0,shopify,1,deny,manual,0.00,,true,true,,,,,191-UNKSNI-50-001A,https://cdn.shopify.com/s/files/1/0671/0552/1726/files/0-1781404535388_233e6758-1f57-4876-9b82-e2865137a3f0.jpg?v=1787926119,1,191-UNKSNI-50-001A,false,,,,,,,action,,,,,,,,,,,,lb,,,active
sundown-the-vampire-in-retreat,Sundown: The Vampire in Retreat,<p>Reclusive vampires lounge in a lonely American town. They wear sunscreen to protect themselves. A descendant of Van Helsing arrives with hilarious consequences.</p>,Blu-Ray,Media > Videos,,"Action, Blu-Ray, Formatted, Rental",true,Genre,Action,,,,,,,,,0.0,shopify,1,deny,manual,0.00,,true,true,,,,,191-BLRSUN-50-001A,https://cdn.shopify.com/s/files/1/0671/0552/1726/files/0-1781404240888.jpg?v=1787926120,1,191-BLRSUN-50-001A,false,,,,,,,action,,,,,,,,,,,,lb,,,active
lovers-lane-arrow,Lovers Lane (Arrow),,Blu-Ray,Media > Videos,,"Blu-Ray, Formatted, Horror, Rental",true,Genre,Horror,,,,,,,,,0.0,shopify,1,deny,manual,0.00,,true,true,,,,,191-BLRLOV-70-001A,https://cdn.shopify.com/s/files/1/0671/0552/1726/files/0-1781404229765.jpg?v=1787925663,1,191-BLRLOV-70-001A,false,,,,,,,horror,,,,,,,,,,,,lb,,,active
crimes-of-the-future,Crimes of the Future,,Blu-Ray,Media > Videos,,"Action, Blu-Ray, Formatted, Rental",true,Genre,Action,,,,,,,,,0.0,shopify,1,deny,manual,0.00,,true,true,,,,,191-BLRCRI-50-001A,https://cdn.shopify.com/s/files/1/0671/0552/1726/files/0-1781404176031_feafacde-d50c-4f4d-a8de-1cc7e7957fc1.jpg?v=1787925665,1,191-BLRCRI-50-001A,false,,,,,,,action,,,,,,,,,,,,lb,,,active
dredd,Dredd,,Blu-Ray,Media > Videos,,"Action, Blu-Ray, Formatted, Rental",true,Genre,Action,,,,,,,,,0.0,shopify,1,deny,manual,0.00,,true,true,,,,,191-BLRDRE-50-001A,https://cdn.shopify.com/s/files/1/0671/0552/1726/files/0-1781404109629.jpg?v=1787925666,1,191-BLRDRE-50-001A,false,,,,,,,action,,,,,,,,,,,,lb,,,active
point-break,Point Break,,Blu-Ray,Media > Videos,,"Action, Blu-Ray, Formatted, Rental",true,Genre,Action,,,,,,,,,0.0,shopify,1,deny,manual,0.00,,true,true,,,,,191-BLRPOI-50-001A,https://cdn.shopify.com/s/files/1/0671/0552/1726/files/0-1781404057284_28f310b0-61b8-49c2-86b9-a2566a3f39df.jpg?v=1787925667,1,191-BLRPOI-50-001A,false,,,,,,,action,,,,,,,,,,,,lb,,,active
kinji-fukasakus-battles-without-honor-and-humanity-the-complete-trilogy-arrow,Kinji Fukasaku's Battles Without Honor and Humanity: The Complete Trilogy (Arrow),,Blu-Ray,Media > Videos,,"Action, Blu-Ray, Formatted, Rental",true,Genre,Action,,,,,,,,,0.0,shopify,1,deny,manual,0.00,,true,true,,,,,191-BLRKIN-50-001A,https://cdn.shopify.com/s/files/1/0671/0552/1726/files/0-1781403904040.jpg?v=1787925668,1,191-BLRKIN-50-001A,false,,,,,,,action,,,,,,,,,,,,lb,,,active
mr-mrs-smith,Mr. & Mrs. Smith,,Blu-Ray,Media > Videos,,"Action, Blu-Ray, Formatted, Rental",true,Genre,Action,,,,,,,,,0.0,shopify,1,deny,manual,0.00,,true,true,,,,,191-DVDMRM-50-001A,https://cdn.shopify.com/s/files/1/0671/0552/1726/files/0-1781402934277.jpg?v=1787925670,1,191-DVDMRM-50-001A,false,,,,,,,action,,,,,,,,,,,,lb,,,active
mr-mrs-smith,,,,,,,,,,,,,,,,,,,,,,,,,,,,,,,,https://cdn.shopify.com/s/files/1/0671/0552/1726/files/0-1781747393330.jpg?v=1787925670,2,191-BLRMRM-50-001A,,,,,,,,,,,,,,,,,,,,,,,
mr-mrs-smith,,,,,,,,,,,,,,,,,,,,,,,,,,,,,,,,https://cdn.shopify.com/s/files/1/0671/0552/1726/files/0-1781747393330_5ed659c1-66a7-40a2-b2b5-a098ff057eb8.jpg?v=1787925671,3,191-BLRMRM-50-001A,,,,,,,,,,,,,,,,,,,,,,,
mr-mrs-smith,,,,,,,,,,,,,,,,,,,,,,,,,,,,,,,,https://cdn.shopify.com/s/files/1/0671/0552/1726/files/0-1781747393330_90d0c871-f295-41d1-8e71-c7662a5e4599.jpg?v=1787925670,4,191-BLRMRM-50-001A,,,,,,,,,,,,,,,,,,,,,,,
mr-mrs-smith,,,,,,,,,,,,,,,,,,,,,,,,,,,,,,,,https://cdn.shopify.com/s/files/1/0671/0552/1726/files/0-1781747393330_6d6b4c94-9981-49b6-a933-db1ab3dfb222.jpg?v=1787925670,5,191-BLRMRM-50-001A,,,,,,,,,,,,,,,,,,,,,,,
mr-mrs-smith,,,,,,,,,,,,,,,,,,,,,,,,,,,,,,,,https://cdn.shopify.com/s/files/1/0671/0552/1726/files/0-1781747393330_2e063a4f-7cf7-49b4-8342-1895d33d8563.jpg?v=1787925670,6,191-BLRMRM-50-001A,,,,,,,,,,,,,,,,,,,,,,,
mr-mrs-smith,,,,,,,,,,,,,,,,,,,,,,,,,,,,,,,,https://cdn.shopify.com/s/files/1/0671/0552/1726/files/0-1781747393330_9e86f469-2a8c-4587-b9a2-d9e526d71e63.jpg?v=1787925670,7,191-BLRMRM-50-001A,,,,,,,,,,,,,,,,,,,,,,,
mr-mrs-smith,,,,,,,,,,,,,,,,,,,,,,,,,,,,,,,,https://cdn.shopify.com/s/files/1/0671/0552/1726/files/0-1781747393330_e49967a1-961b-4791-b628-fc22a8305da3.jpg?v=1787925670,8,191-BLRMRM-50-001A,,,,,,,,,,,,,,,,,,,,,,,
mr-mrs-smith,,,,,,,,,,,,,,,,,,,,,,,,,,,,,,,,https://cdn.shopify.com/s/files/1/0671/0552/1726/files/0-1781747393330_e795a483-9ccb-43ed-a653-16d1236ab31a.jpg?v=1787925670,9,191-BLRMRM-50-001A,,,,,,,,,,,,,,,,,,,,,,,
mr-mrs-smith,,,,,,,,,,,,,,,,,,,,,,,,,,,,,,,,https://cdn.shopify.com/s/files/1/0671/0552/1726/files/0-1781747393330_440f5345-fbff-400b-a016-022fb38bb9b9.jpg?v=1787925670,10,191-BLRMRM-50-001A,,,,,,,,,,,,,,,,,,,,,,,
mr-mrs-smith,,,,,,,,,,,,,,,,,,,,,,,,,,,,,,,,https://cdn.shopify.com/s/files/1/0671/0552/1726/files/0-1781747393330_b7bd4221-16d0-42b2-9d01-0426bfc246ba.jpg?v=1787925670,11,191-BLRMRM-50-001A,,,,,,,,,,,,,,,,,,,,,,,
mr-mrs-smith,,,,,,,,,,,,,,,,,,,,,,,,,,,,,,,,https://cdn.shopify.com/s/files/1/0671/0552/1726/files/0-1781747393330_94303138-a5b1-4f6c-a965-4364403158a5.jpg?v=1787925670,12,191-BLRMRM-50-001A,,,,,,,,,,,,,,,,,,,,,,,
mr-mrs-smith,,,,,,,,,,,,,,,,,,,,,,,,,,,,,,,,https://cdn.shopify.com/s/files/1/0671/0552/1726/files/0-1781747393330_6153813b-4141-4631-96d0-9c21490361ae.jpg?v=1787925670,13,191-BLRMRM-50-001A,,,,,,,,,,,,,,,,,,,,,,,
mr-mrs-smith,,,,,,,,,,,,,,,,,,,,,,,,,,,,,,,,https://cdn.shopify.com/s/files/1/0671/0552/1726/files/0-1781747393330_4bda1831-cb98-41aa-8e70-b85508624c4e.jpg?v=1787925670,14,191-BLRMRM-50-001A,,,,,,,,,,,,,,,,,,,,,,,
mr-mrs-smith,,,,,,,,,,,,,,,,,,,,,,,,,,,,,,,,https://cdn.shopify.com/s/files/1/0671/0552/1726/files/0-1781747393330_272bfab4-c6a9-49f7-96d9-84fb38901135.jpg?v=1787925670,15,191-BLRMRM-50-001A,,,,,,,,,,,,,,,,,,,,,,,
mr-mrs-smith,,,,,,,,,,,,,,,,,,,,,,,,,,,,,,,,https://cdn.shopify.com/s/files/1/0671/0552/1726/files/0-1781747393330_398862b4-da01-40a3-a7ca-81516e6de2c8.jpg?v=1787925670,16,191-BLRMRM-50-001A,,,,,,,,,,,,,,,,,,,,,,,
mr-mrs-smith,,,,,,,,,,,,,,,,,,,,,,,,,,,,,,,,https://cdn.shopify.com/s/files/1/0671/0552/1726/files/0-1781747393330_a70e5fc2-b25e-46cc-982e-21309b5c1c36.jpg?v=1787925670,17,191-BLRMRM-50-001A,,,,,,,,,,,,,,,,,,,,,,,
mr-mrs-smith,,,,,,,,,,,,,,,,,,,,,,,,,,,,,,,,https://cdn.shopify.com/s/files/1/0671/0552/1726/files/0-1781747393330_56271b8b-2204-4aca-bb4d-79a5f1e015ea.jpg?v=1787925670,18,191-BLRMRM-50-001A,,,,,,,,,,,,,,,,,,,,,,,
mr-mrs-smith,,,,,,,,,,,,,,,,,,,,,,,,,,,,,,,,https://cdn.shopify.com/s/files/1/0671/0552/1726/files/0-1781747393330_5ef8af28-5b43-43e1-bbf5-949ed2b0c2cd.jpg?v=1787925670,19,191-BLRMRM-50-001A,,,,,,,,,,,,,,,,,,,,,,,
mr-mrs-smith,,,,,,,,,,,,,,,,,,,,,,,,,,,,,,,,https://cdn.shopify.com/s/files/1/0671/0552/1726/files/0-1781747393330_6c725db7-4e59-4a9e-8171-21eed1ffa151.jpg?v=1787925670,20,191-BLRMRM-50-001A,,,,,,,,,,,,,,,,,,,,,,,
adams-rib,Adam's Rib,,DVD,Media > Videos,,"Comedy, DVD, Formatted, Rental",true,Genre,Comedy,,,,,,,,,0.0,shopify,1,deny,manual,0.00,,true,true,,,,,191-DVDADA-50-001A,https://cdn.shopify.com/s/files/1/0671/0552/1726/files/0-1781403092566.jpg?v=1787925672,1,191-DVDADA-50-001A,false,,,,,,,comedy,,,,,,,,,,,,lb,,,active
thief-criterion-collection,Thief (Criterion Collection),,Blu-Ray,Media > Videos,,"Blu-Ray, Drama, Formatted, Rental",true,Genre,Drama,,,,,,,,,0.0,shopify,1,deny,manual,0.00,,true,true,,,,,191-BLRTH8-50-001A,https://cdn.shopify.com/s/files/1/0671/0552/1726/files/0-1781401955656.jpg?v=1787925672,1,191-BLRTH8-50-001A,false,,,,,,,drama,,,,,,,,,,,,lb,,,active
a-blade-in-the-dark-vinegar-syndrome,A Blade in the Dark (Vinegar Syndrome),,Blu-Ray,Media > Videos,,"Blu-Ray, Formatted, Horror, Rental",true,Genre,Horror,,,,,,,,,0.0,shopify,1,deny,manual,0.00,,true,true,,,,,191-BLRABL-50-001A,https://cdn.shopify.com/s/files/1/0671/0552/1726/files/0-1781401853443.jpg?v=1787925676,1,191-BLRABL-50-001A,false,,,,,,,horror,,,,,,,,,,,,lb,,,active
undefeatable-vinegar-syndrome,UNDEFEATABLE (Vinegar Syndrome),,Blu-Ray,Media > Videos,,"Action, Blu-Ray, Formatted, Rental",true,Genre,Action,,,,,,,,,0.0,shopify,1,deny,manual,0.00,,true,true,,,,,191-BLRUND-50-001A,https://cdn.shopify.com/s/files/1/0671/0552/1726/files/0-1781401743700.jpg?v=1787925677,1,191-BLRUND-50-001A,false,,,,,,,action,,,,,,,,,,,,lb,,,active
evil-judgment-vinegar-syndrome,Evil Judgment (Vinegar Syndrome),,Blu-Ray,Media > Videos,,"Blu-Ray, Formatted, Horror, Rental",true,Genre,Horror,,,,,,,,,0.0,shopify,1,deny,manual,0.00,,true,true,,,,,191-BLREVI-50-001A,https://cdn.shopify.com/s/files/1/0671/0552/1726/files/0-1781401618863_30bae1f5-1824-4c9a-8f95-a412cd0164eb.jpg?v=1787925677,1,191-BLREVI-50-001A,false,,,,,,,horror,,,,,,,,,,,,lb,,,active
delirium-vinegar-syndrome,DELIRIUM (Vinegar Syndrome),,Blu-Ray,Media > Videos,,"Blu-Ray, Formatted, Rental, Thriller",true,Genre,Thriller,,,,,,,,,0.0,shopify,1,deny,manual,0.00,,true,true,,,,,191-BLRDEL-50-001A,https://cdn.shopify.com/s/files/1/0671/0552/1726/files/0-1781401489447.jpg?v=1787925679,1,191-BLRDEL-50-001A,false,,,,,,,thriller,,,,,,,,,,,,lb,,,active
the-sea-hawk,The Sea Hawk,,DVD,Media > Videos,,"Drama, DVD, Formatted, Rental",true,Genre,Drama,,,,,,,,,0.0,shopify,1,deny,manual,0.00,,true,true,,,,,191-DVDTHE-50-001A,https://cdn.shopify.com/s/files/1/0671/0552/1726/files/0-1781402823134.jpg?v=1787925679,1,191-DVDTHE-50-001A,false,,,,,,,drama,,,,,,,,,,,,lb,,,active
the-human-condition-criterion-collection,The Human Condition (Criterion Collection),,Blu-Ray,Media > Videos,,"Blu-Ray, Drama, Formatted, Rental",true,Genre,Drama,,,,,,,,,0.0,shopify,1,deny,manual,0.00,,true,true,,,,,191-BLRTH7-50-001A,https://cdn.shopify.com/s/files/1/0671/0552/1726/files/0-1781401286532.jpg?v=1787925680,1,191-BLRTH7-50-001A,false,,,,,,,drama,,,,,,,,,,,,lb,,,active
lost-picture-show-vinegar-syndrome,Lost Picture Show (Vinegar Syndrome),,Blu-Ray,Media > Videos,,"Blu-Ray, Formatted, Horror, Rental",true,Genre,Horror,,,,,,,,,0.0,shopify,1,deny,manual,0.00,,true,true,,,,,191-BLRLOS-50-001A,https://cdn.shopify.com/s/files/1/0671/0552/1726/files/0-1781402808593.jpg?v=1787925680,1,191-BLRLOS-50-001A,false,,,,,,,horror,,,,,,,,,,,,lb,,,active
hugo-mask-special-horrible-full-head-mask-with-hair,Hugo Mask Special! Horrible Full Head Mask With Hair!,,Blu-Ray,Media > Videos,,"Blu-Ray, Formatted, Horror, Rental",true,Genre,Horror,,,,,,,,,0.0,shopify,1,deny,manual,0.00,,true,true,,,,,191-BLRHUG-50-001A,https://cdn.shopify.com/s/files/1/0671/0552/1726/files/0-1781401192050.jpg?v=1787925681,1,191-BLRHUG-50-001A,false,,,,,,,horror,,,,,,,,,,,,lb,,,active
anna-and-the-king-of-siam,Anna and the King of Siam,"<p>In 1862, a young Englishwoman becomes royal tutor in Siam and befriends the King.</p>",DVD,Media > Videos,,"Comedy, DVD, Formatted, Rental",true,Genre,Comedy,,,,,,,,,0.0,shopify,1,deny,manual,0.00,,true,true,,,,,191-DVDANN-50-001A,https://cdn.shopify.com/s/files/1/0671/0552/1726/files/0-1781402668835.jpg?v=1787925682,1,191-DVDANN-50-001A,false,,,,,,,comedy,,,,,,,,,,,,lb,,,active
one-rainy-afternoon,One Rainy Afternoon,"<p>Suave French actor Philippe Martin provokes a scandal when, in a darkened theater, he mistakes young Monique for his mistress, Yvonne, and tries to kiss her. Charged with assault, the quick-thinking Philippe claims it's French tradition to do as he did, and is let go. To his surprise, Philippe learns that Monique has paid his fine. As the tabloids exploit the situation, Monique dates Philippe, until a photo appears of him kissing Yvonne.</p>",DVD,Media > Videos,,"Drama, DVD, Formatted, Rental",true,Genre,Drama,,,,,,,,,0.0,shopify,1,deny,manual,0.00,,true,true,,,,,191-DVDONE-50-001A,https://cdn.shopify.com/s/files/1/0671/0552/1726/files/0-1781402582637.jpg?v=1787925682,1,191-DVDONE-50-001A,false,,,,,,,drama,,,,,,,,,,,,lb,,,active
mothers-day-vinegar-syndrome,Mother's Day (Vinegar Syndrome),,4K,Media > Videos,,"4K, Formatted, Horror, Rental",true,Genre,Horror,,,,,,,,,0.0,shopify,1,deny,manual,0.00,,true,true,,,,,191-4K2MOT-50-001A,https://cdn.shopify.com/s/files/1/0671/0552/1726/files/0-1781402653277.jpg?v=1787925683,1,191-4K2MOT-50-001A,false,,,,,,,horror,,,,,,,,,,,,lb,,,active
arsenic-and-old-lace,Arsenic and Old Lace,,DVD,Media > Videos,,"Comedy, DVD, Formatted, Rental",true,Genre,Comedy,,,,,,,,,0.0,shopify,1,deny,manual,0.00,,true,true,,,,,191-DVDARS-50-001A,https://cdn.shopify.com/s/files/1/0671/0552/1726/files/0-1781402438820.jpg?v=1787925683,1,191-DVDARS-50-001A,false,,,,,,,comedy,,,,,,,,,,,,lb,,,active
the-prophecy-i-ii-iii-vinegar-syndrome,The Prophecy I-II-III (Vinegar Syndrome),,4K,Media > Videos,,"4K, Formatted, Horror, Rental",true,Genre,Horror,,,,,,,,,0.0,shopify,1,deny,manual,0.00,,true,true,,,,,191-BLRTH9-50-001A,https://cdn.shopify.com/s/files/1/0671/0552/1726/files/0-1781402359554_677912d4-5ef9-4b71-9237-4bec380ca9db.jpg?v=1787925684,1,191-BLRTH9-50-001A,false,,,,,,,horror,,,,,,,,,,,,lb,,,active
night-shift,Night Shift,,DVD,Media > Videos,,"DVD, Formatted, Horror, Rental",true,Genre,Horror,,,,,,,,,0.0,shopify,1,deny,manual,0.00,,true,true,,,,,191-DVDNIG-50-001A,https://cdn.shopify.com/s/files/1/0671/0552/1726/files/0-1781402352062.jpg?v=1787925684,1,191-DVDNIG-50-001A,false,,,,,,,horror,,,,,,,,,,,,lb,,,active
steel-and-lace-vinegar-syndrome,Steel and Lace (Vinegar Syndrome),,Blu-Ray,Media > Videos,,"Blu-Ray, Formatted, Rental, Sci-Fi",true,Genre,Sci-Fi,,,,,,,,,0.0,shopify,1,deny,manual,0.00,,true,true,,,,,191-BLRSTE-50-001A,https://cdn.shopify.com/s/files/1/0671/0552/1726/files/0-1781402271043.jpg?v=1787925685,1,191-BLRSTE-50-001A,false,,,,,,,sci-fi,,,,,,,,,,,,lb,,,active
v-h-s-beyond,V/H/S/BEYOND,"<p>The infinite playground of forbidden worlds and dangerous lifeforms offered by the sci-fi horror genre will lead to the biggest, maddest, bloodiest V/H/S ever.</p>",Blu-Ray,Media > Videos,,"Blu-Ray, Formatted, Horror, Rental",true,Genre,Horror,,,,,,,,,0.0,shopify,1,deny,manual,0.00,,true,true,,,,,191-BLRVHD-50-001A,https://cdn.shopify.com/s/files/1/0671/0552/1726/files/0-1781397799446.jpg?v=1787925686,1,191-BLRVHD-50-001A,false,,,,,,,horror,,,,,,,,,,,,lb,,,active
the-sinful-dwarf-limited-collectors-edition,The Sinful Dwarf (Limited Collector's Edition),,Blu-Ray,Media > Videos,,"Blu-Ray, Formatted, Horror, Rental",true,Genre,Horror,,,,,,,,,0.0,shopify,1,deny,manual,0.00,,true,true,,,,,191-BLRTH6-50-001A,https://cdn.shopify.com/s/files/1/0671/0552/1726/files/0-1781397740417.jpg?v=1787925686,1,191-BLRTH6-50-001A,false,,,,,,,horror,,,,,,,,,,,,lb,,,active
mama,Mama,,Blu-Ray,Media > Videos,,"Blu-Ray, Formatted, Horror, Rental",true,Genre,Horror,,,,,,,,,0.0,shopify,1,deny,manual,0.00,,true,true,,,,,191-UNIMAM-50-001A,https://cdn.shopify.com/s/files/1/0671/0552/1726/files/0-1781397548051.jpg?v=1787925687,1,191-UNIMAM-50-001A,false,,,,,,,horror,,,,,,,,,,,,lb,,,active
m3gan-unrated-4k,M3GAN (Unrated) 4K,,4K,Media > Videos,,"4K, Formatted, Horror, Rental",true,Genre,Horror,,,,,,,,,0.0,shopify,1,deny,manual,0.00,,true,true,,,,,191-BLRM3G-50-001A,https://cdn.shopify.com/s/files/1/0671/0552/1726/files/0-1781397147671.jpg?v=1787925687,1,191-BLRM3G-50-001A,false,,,,,,,horror,,,,,,,,,,,,lb,,,active
mirrors-unrated-special-edition,Mirrors (Unrated Special Edition),,Blu-Ray,Media > Videos,,"Blu-Ray, Formatted, Horror, Rental",true,Genre,Horror,,,,,,,,,0.0,shopify,1,deny,manual,0.00,,true,true,,,,,191-BLRMRR-50-001A,https://cdn.shopify.com/s/files/1/0671/0552/1726/files/0-1781397009423.jpg?v=1787925688,1,191-BLRMRR-50-001A,false,,,,,,,horror,,,,,,,,,,,,lb,,,active
the-boogeyman-vinegar-syndrome,The Boogeyman (Vinegar Syndrome),,4K,Media > Videos,,"4K, Formatted, Horror, Rental",true,Genre,Horror,,,,,,,,,0.0,shopify,1,deny,manual,0.00,,true,true,,,,,191-4K2THE-50-001A,https://cdn.shopify.com/s/files/1/0671/0552/1726/files/0-1781396963207.jpg?v=1787925689,1,191-4K2THE-50-001A,false,,,,,,,horror,,,,,,,,,,,,lb,,,active
talk-to-me,Talk to Me,,4K,Media > Videos,,"4K, Formatted, Horror, Rental",true,Genre,Horror,,,,,,,,,0.0,shopify,1,deny,manual,0.00,,true,true,,,,,191-BLRTLK-50-001A,https://cdn.shopify.com/s/files/1/0671/0552/1726/files/0-1781396904308.jpg?v=1787925689,1,191-BLRTLK-50-001A,false,,,,,,,horror,,,,,,,,,,,,lb,,,active
bloodsucking-freaks-vinegar-syndrome,BLOODSUCKING FREAKS (Vinegar Syndrome),,Blu-Ray,Media > Videos,,"Blu-Ray, Formatted, Horror, Rental",true,Genre,Horror,,,,,,,,,0.0,shopify,1,deny,manual,0.00,,true,true,,,,,191-BLRBLO-50-001A,https://cdn.shopify.com/s/files/1/0671/0552/1726/files/0-1781396875869.jpg?v=1787925690,1,191-BLRBLO-50-001A,false,,,,,,,horror,,,,,,,,,,,,lb,,,active
in-the-mouth-of-madness-collectors-edition,In The Mouth of Madness (Collector's Edition),,Blu-Ray,Media > Videos,,"Blu-Ray, Formatted, Horror, Rental",false,Genre,Horror,,,,,,,,,0.0,shopify,1,deny,manual,0.00,,true,true,,,,,191-BLRNTH-50-001A,https://cdn.shopify.com/s/files/1/0671/0552/1726/files/msh4tEUzbnEqlHcFOUH4O0Zti8r.jpg?v=1787925691,1,In The Mouth of Madness (Collector's Edition) poster,false,,,,,,,horror,,,,,,,,,,,,lb,,,draft
zack-parkers-proxy,Zack Parker's Proxy,,Blu-Ray,Media > Videos,,"Blu-Ray, Formatted, Horror, Rental",true,Genre,Horror,,,,,,,,,0.0,shopify,1,deny,manual,0.00,,true,true,,,,,191-BLRZAC-50-001A,https://cdn.shopify.com/s/files/1/0671/0552/1726/files/0-1781396692495.jpg?v=1787925692,1,191-BLRZAC-50-001A,false,,,,,,,horror,,,,,,,,,,,,lb,,,active
bruce-lee-his-greatest-hits-criterion-collection,Bruce Lee: His Greatest Hits (Criterion Collection),,Blu-Ray,Media > Videos,,"Action, Blu-Ray, Formatted, Rental",true,Genre,Action,,,,,,,,,0.0,shopify,1,deny,manual,0.00,,true,true,,,,,191-BLRBRU-50-001A,https://cdn.shopify.com/s/files/1/0671/0552/1726/files/0-1781396498840.jpg?v=1787925692,1,191-BLRBRU-50-001A,false,,,,,,,action,,,,,,,,,,,,lb,,,active
waterworld-arrow-release,Waterworld (Arrow Release),,Blu-Ray,Media > Videos,,"Action, Blu-Ray, Formatted, Rental",true,Genre,Action,,,,,,,,,0.0,shopify,1,deny,manual,0.00,,true,true,,,,,191-BLRWAT-50-001A,https://cdn.shopify.com/s/files/1/0671/0552/1726/files/0-1781396390713.jpg?v=1787925693,1,191-BLRWAT-50-001A,false,,,,,,,action,,,,,,,,,,,,lb,,,active
flesh-blood,Flesh + Blood,,Blu-Ray,Media > Videos,,"Action, Blu-Ray, Formatted, Rental",true,Genre,Action,,,,,,,,,0.0,shopify,1,deny,manual,0.00,,true,true,,,,,191-BLRFLE-50-001A,https://cdn.shopify.com/s/files/1/0671/0552/1726/files/0-1781396253164.jpg?v=1787925693,1,191-BLRFLE-50-001A,false,,,,,,,action,,,,,,,,,,,,lb,,,active
gwen-and-the-book-of-sand,Gwen and the Book of Sand,"<p>Gwen is a young girl adopted by a nomad tribe in a desert post-apocalyptic world. When Gwen's friend is kidnapped, she and an old woman called Roseline embark on a trip to bring him back.</p>",Blu-Ray,Media > Videos,,"Blu-Ray, Drama, Formatted, Rental",true,Genre,Drama,,,,,,,,,0.0,shopify,1,deny,manual,0.00,,true,true,,,,,191-BLRGWE-50-001A,https://cdn.shopify.com/s/files/1/0671/0552/1726/files/0-1781396148230.jpg?v=1787925694,1,191-BLRGWE-50-001A,false,,,,,,,drama,,,,,,,,,,,,lb,,,active
suitable-flesh,Suitable Flesh,"<p>A once-esteemed psychiatrist helplessly watches her life spiral into a nightmarish maelstrom of supernatural hysteria and gruesome deaths, all linked to a seemingly unstoppable ancient curse.</p>",Blu-Ray,Media > Videos,,"Blu-Ray, Formatted, Horror, Rental",true,Genre,Horror,,,,,,,,,0.0,shopify,1,deny,manual,0.00,,true,true,,,,,191-BLRSUI-50-001A,https://cdn.shopify.com/s/files/1/0671/0552/1726/files/0-1781396084308.jpg?v=1787925695,1,191-BLRSUI-50-001A,false,,,,,,,horror,,,,,,,,,,,,lb,,,active
scala-or-the-incredibly-strange-rise-and-fall-of-the-worlds-wildest-cinema-and-how-it-influenced-a-mixed-up-generation-of-weirdos-and-misfits,"Scala!!! Or, the Incredibly Strange Rise and Fall of the World's Wildest Cinema and How It Influenced a Mixed-up Generation of Weirdos and Misfits",,Blu-Ray,Media > Videos,,"Blu-Ray, Documentary, Formatted, Rental",true,Genre,Documentary,,,,,,,,,0.0,shopify,1,deny,manual,0.00,,true,true,,,,,191-BLRSCA-50-001A,https://cdn.shopify.com/s/files/1/0671/0552/1726/files/0-1781396050250.jpg?v=1787925695,1,191-BLRSCA-50-001A,false,,,,,,,documentary,,,,,,,,,,,,lb,,,active
carrie,Carrie,,Blu-Ray,Media > Videos,,"Blu-Ray, Formatted, Horror, Rental",true,Genre,Horror,,,,,,,,,0.0,shopify,1,deny,manual,0.00,,true,true,,,,,191-BLRCAR-50-001A,https://cdn.shopify.com/s/files/1/0671/0552/1726/files/0-1781395979711.jpg?v=1787925696,1,191-BLRCAR-50-001A,false,,,,,,,horror,,,,,,,,,,,,lb,,,active
in-the-line-of-duty-i-iv,In the Line of Duty I-IV,,Blu-Ray,Media > Videos,,"Action, Blu-Ray, Formatted, Rental",true,Genre,Action,,,,,,,,,0.0,shopify,1,deny,manual,0.00,,true,true,,,,,191-BLRINT-50-001A,https://cdn.shopify.com/s/files/1/0671/0552/1726/files/0-1781395919664.jpg?v=1787925697,1,191-BLRINT-50-001A,false,,,,,,,action,,,,,,,,,,,,lb,,,active
it,IT,"<p>In a small town in Maine, seven children known as The Losers Club come face to face with life problems, bullies and a monster that takes the shape of a clown called Pennywise.</p>",Blu-Ray,Media > Videos,,"Blu-Ray, Formatted, Horror, Rental",true,Genre,Horror,,,,,,,,,0.0,shopify,1,deny,manual,0.00,,true,true,,,,,191-BLRIT2-50-001A,https://cdn.shopify.com/s/files/1/0671/0552/1726/files/0-1781395772354.jpg?v=1787925697,1,191-BLRIT2-50-001A,false,,,,,,,horror,,,,,,,,,,,,lb,,,active
the-cardona-collection-vol-2-vinegar-syndrome,The Cardona Collection Vol. 2 (Vinegar Syndrome),,Blu-Ray,Media > Videos,,"Action, Blu-Ray, Formatted, Rental",true,Genre,Action,,,,,,,,,0.0,shopify,1,deny,manual,0.00,,true,true,,,,,191-BLRTHC-50-001A,https://cdn.shopify.com/s/files/1/0671/0552/1726/files/0-1781397077041_22562d93-2600-4a18-9dca-85859e4467f0.jpg?v=1787925697,1,191-BLRTHC-50-001A,false,,,,,,,action,,,,,,,,,,,,lb,,,active
jay-silent-bob-reboot,Jay & Silent Bob Reboot,<p>Jay and Silent Bob embark on a cross-country mission to stop Hollywood from rebooting a film based on their comic book characters Bluntman and Chronic.</p>,Blu-Ray,Media > Videos,,"Blu-Ray, Comedy, Formatted, Rental",true,Genre,Comedy,,,,,,,,,0.0,shopify,1,deny,manual,0.00,,true,true,,,,,191-BLCJAY-50-001A,https://cdn.shopify.com/s/files/1/0671/0552/1726/files/0-1781378412032.jpg?v=1787925698,1,191-BLCJAY-50-001A,false,,,,,,,comedy,,,,,,,,,,,,lb,,,active
a-guy-thing,A Guy Thing,"<p>Paul Morse is a good guy. When his friends throw him a wild bachelor party, he just wants to keep his conscience clean -- which is why he's shocked when he wakes up in bed with a beautiful girl named Becky and can't remember the night before. Desperate to keep his fiancée, Karen, from finding out what may or may not be the truth, he tells her a teensy lie. Soon his lies are spiraling out of control and his life is a series of comical misunderstandings.</p>",Blu-Ray,Media > Videos,,"Blu-Ray, Comedy, Formatted, Rental",true,Genre,Comedy,,,,,,,,,0.0,shopify,1,deny,manual,0.00,,true,true,,,,,191-BLRAGU-50-001A,https://cdn.shopify.com/s/files/1/0671/0552/1726/files/0-1781378251155.jpg?v=1787925699,1,191-BLRAGU-50-001A,false,,,,,,,comedy,,,,,,,,,,,,lb,,,active
neighbors,Neighbors,,Blu-Ray,Media > Videos,,"Blu-Ray, Comedy, Formatted, Rental",true,Genre,Comedy,,,,,,,,,0.0,shopify,1,deny,manual,0.00,,true,true,,,,,191-BLRNES-50-001A,https://cdn.shopify.com/s/files/1/0671/0552/1726/files/0-1781378076085.jpg?v=1787925700,1,191-BLRNES-50-001A,false,,,,,,,comedy,,,,,,,,,,,,lb,,,active
knocked-up-unrated,Knocked Up (Unrated),,Blu-Ray,Media > Videos,,"Blu-Ray, Comedy, Formatted, Rental",true,Genre,Comedy,,,,,,,,,0.0,shopify,1,deny,manual,0.00,,true,true,,,,,191-BLRKNO-50-001A,https://cdn.shopify.com/s/files/1/0671/0552/1726/files/0-1781378351529.jpg?v=1787925700,1,191-BLRKNO-50-001A,false,,,,,,,comedy,,,,,,,,,,,,lb,,,active
21-jump-street,21 Jump Street,"<p>When cops Schmidt and Jenko join the secret Jump Street unit, they use their youthful appearances to go undercover as high school students. They trade in their guns and badges for backpacks, and set out to shut down a dangerous drug ring. But, as time goes on, Schmidt and Jenko discover that high school is nothing like it was just a few years earlier -- and, what's more, they must again confront the teenage terror and anxiety they thought they had left behind.</p>",Blu-Ray,Media > Videos,,"Blu-Ray, Comedy, Formatted, Rental",true,Genre,Comedy,,,,,,,,,0.0,shopify,1,deny,manual,0.00,,true,true,,,,,191-BLR21J-50-001A,https://cdn.shopify.com/s/files/1/0671/0552/1726/files/0-1781378195550.jpg?v=1787925701,1,191-BLR21J-50-001A,false,,,,,,,comedy,,,,,,,,,,,,lb,,,active
talladega-nights-the-ballad-of-ricky-bobby,Talladega Nights: The Ballad of Ricky Bobby,"<p>The fastest man on four wheels, Ricky Bobby, is one of the greatest drivers in NASCAR history. A big, hairy American winning machine, Ricky has everything a dimwitted daredevil could want, a luxurious mansion, a smokin' hot wife, and all the fast food he can eat. But Ricky's turbo-charged lifestyle hits an unexpected speed bump when he's bested by flamboyant Euro-idiot Jean Girard and reduced to a fear-ridden wreck.</p>",Blu-Ray,Media > Videos,,"Blu-Ray, Comedy, Formatted, Rental",true,Genre,Comedy,,,,,,,,,0.0,shopify,1,deny,manual,0.00,,true,true,,,,,191-BLRTAL-50-001A,https://cdn.shopify.com/s/files/1/0671/0552/1726/files/0-1781377953951.jpg?v=1787925702,1,191-BLRTAL-50-001A,false,,,,,,,comedy,,,,,,,,,,,,lb,,,active
super-troopers,Super Troopers,,Blu-Ray,Media > Videos,,"Blu-Ray, Comedy, Formatted, Rental",true,Genre,Comedy,,,,,,,,,0.0,shopify,1,deny,manual,0.00,,true,true,,,,,191-BLRSUP-50-001A,https://cdn.shopify.com/s/files/1/0671/0552/1726/files/0-1781377894552.jpg?v=1787925702,1,191-BLRSUP-50-001A,false,,,,,,,comedy,,,,,,,,,,,,lb,,,active
the-watch,The Watch,,Blu-Ray,Media > Videos,,"Blu-Ray, Comedy, Formatted, Rental",true,Genre,Comedy,,,,,,,,,0.0,shopify,1,deny,manual,0.00,,true,true,,,,,191-BLRTH3-50-001A,https://cdn.shopify.com/s/files/1/0671/0552/1726/files/0-1781377839664.jpg?v=1787925703,1,191-BLRTH3-50-001A,false,,,,,,,comedy,,,,,,,,,,,,lb,,,active
the-texas-chainsaw-massacre-the-beginning,The Texas Chainsaw Massacre: The Beginning,"<p>Chrissie and her friends set out on a road trip for a final fling before one is shipped off to Vietnam. Along the way, bikers harass the foursome and cause an accident that throws Chrissie from the vehicle. The lawman who arrives on the scene kills one of the bikers and brings Chrissie's friends to the Hewitt homestead, where young Leatherface is learning the tools of terror.</p>",Blu-Ray,Media > Videos,,"Blu-Ray, Formatted, Horror, Rental",true,Genre,Horror,,,,,,,,,0.0,shopify,1,deny,manual,0.00,,true,true,,,,,191-BLRTHG-50-001A,https://cdn.shopify.com/s/files/1/0671/0552/1726/files/0-1781316599375_2b551b96-2f8d-40d5-a1aa-88872fa30d88.jpg?v=1787925703,1,191-BLRTHG-50-001A,false,,,,,,,horror,,,,,,,,,,,,lb,,,active
salems-lot,Salem's Lot,<p>Author Ben Mears returns to his childhood home of Jerusalem's Lot only to discover his hometown is being preyed upon by a bloodthirsty vampire.</p>,Blu-Ray,Media > Videos,,"Blu-Ray, Formatted, Horror, Rental",true,Genre,Horror,,,,,,,,,0.0,shopify,1,deny,manual,0.00,,true,true,,,,,191-BLRSAL-50-001A,https://cdn.shopify.com/s/files/1/0671/0552/1726/files/0-1781316332042.jpg?v=1787925704,1,191-BLRSAL-50-001A,false,,,,,,,horror,,,,,,,,,,,,lb,,,active
the-innkeepers,The Innkeepers,"<p>During the final days at the Yankee Pedlar Inn, two employees determined to reveal the hotel's haunted past begin to experience disturbing events as old guests check in for a stay.</p>",Blu-Ray,Media > Videos,,"Blu-Ray, Formatted, Horror, Rental",true,Genre,Horror,,,,,,,,,0.0,shopify,1,deny,manual,0.00,,true,true,,,,,191-BLRTH2-50-001A,https://cdn.shopify.com/s/files/1/0671/0552/1726/files/0-1781316251558.jpg?v=1787925704,1,191-BLRTH2-50-001A,false,,,,,,,horror,,,,,,,,,,,,lb,,,active
mirrors-2-unrated,Mirrors 2 Unrated,"<p>When Max, who is recovering from a traumatic accident, takes a job as a nighttime security guard, he begins to see visions of a young mysterious woman in the store's mirror.</p>",Blu-Ray,Media > Videos,,"Blu-Ray, Formatted, Horror, Rental",true,Genre,Horror,,,,,,,,,0.0,shopify,1,deny,manual,0.00,,true,true,,,,,191-BLRMIR-50-001A,https://cdn.shopify.com/s/files/1/0671/0552/1726/files/0-1781316058619.jpg?v=1787925705,1,191-BLRMIR-50-001A,false,,,,,,,horror,,,,,,,,,,,,lb,,,active
excision,Excision,,Blu-Ray,Media > Videos,,"Blu-Ray, Formatted, Horror, Rental",true,Genre,Horror,,,,,,,,,0.0,shopify,1,deny,manual,0.00,,true,true,,,,,191-BLREXC-50-001A,https://cdn.shopify.com/s/files/1/0671/0552/1726/files/0-1781315992874_f92cf45e-e9b6-4b46-9474-3573f0e0d7b5.jpg?v=1787925705,1,191-BLREXC-50-001A,false,,,,,,,horror,,,,,,,,,,,,lb,,,active
v-h-s-viral,V/H/S: VIRAL,"<p>As the streets of Los Angeles overflow with camera-wielding gawkers seeking to capture images of a bizarre police pursuit, the same people who sought to exploit the suffering of others for amusement on the Internet become the stars of a gruesome viral video from which no one gets out alive.</p>",Blu-Ray,Media > Videos,,"Blu-Ray, Formatted, Horror, Rental",true,Genre,Horror,,,,,,,,,0.0,shopify,1,deny,manual,0.00,,true,true,,,,,191-BLRVHL-50-001A,https://cdn.shopify.com/s/files/1/0671/0552/1726/files/0-1781315731230.jpg?v=1787925706,1,191-BLRVHL-50-001A,false,,,,,,,horror,,,,,,,,,,,,lb,,,active
v-h-s,V/H/S,,Blu-Ray,Media > Videos,,"Blu-Ray, Formatted, Horror, Rental",true,Genre,Horror,,,,,,,,,0.0,shopify,1,deny,manual,0.00,,true,true,,,,,191-BLRVH3-50-001A,https://cdn.shopify.com/s/files/1/0671/0552/1726/files/0-1781315521913.jpg?v=1787925707,1,191-BLRVH3-50-001A,false,,,,,,,horror,,,,,,,,,,,,lb,,,active
night-watch-day-watch,Night Watch / Day Watch,,Blu-Ray,Media > Videos,,"Blu-Ray, Formatted, Horror, Rental",true,Genre,Horror,,,,,,,,,0.0,shopify,1,deny,manual,0.00,,true,true,,,,,191-BLRNIG-50-001A,https://cdn.shopify.com/s/files/1/0671/0552/1726/files/0-1781315438995_0f6dffc6-4b7b-4e2d-b303-1a06ed115d49.jpg?v=1787925707,1,191-BLRNIG-50-001A,false,,,,,,,horror,,,,,,,,,,,,lb,,,active
midnight-movie,Midnight Movie,,Blu-Ray,Media > Videos,,"Blu-Ray, Formatted, Horror, Rental",true,Genre,Horror,,,,,,,,,0.0,shopify,1,deny,manual,0.00,,true,true,,,,,191-BLRMID-50-002A,https://cdn.shopify.com/s/files/1/0671/0552/1726/files/0-1781315357711.jpg?v=1787925708,1,191-BLRMID-50-002A,false,,,,,,,horror,,,,,,,,,,,,lb,,,active
prom-night,Prom Night,,Blu-Ray,Media > Videos,,"Blu-Ray, Formatted, Horror, Rental",true,Genre,Horror,,,,,,,,,0.0,shopify,1,deny,manual,0.00,,true,true,,,,,191-BLRPRO-50-001A,https://cdn.shopify.com/s/files/1/0671/0552/1726/files/0-1781295225168.jpg?v=1787925709,1,191-BLRPRO-50-001A,false,,,,,,,horror,,,,,,,,,,,,lb,,,active
the-forest,The Forest,,Blu-Ray,Media > Videos,,"Blu-Ray, Formatted, Horror, Rental",true,Genre,Horror,,,,,,,,,0.0,shopify,1,deny,manual,0.00,,true,true,,,,,191-BLRTHF-50-001A,https://cdn.shopify.com/s/files/1/0671/0552/1726/files/0-1781295156051.jpg?v=1787925709,1,191-BLRTHF-50-001A,false,,,,,,,horror,,,,,,,,,,,,lb,,,active
trainwreck,Trainwreck,,Blu-Ray,Media > Videos,,"Blu-Ray, Comedy, Formatted, Rental",true,Genre,Comedy,,,,,,,,,0.0,shopify,1,deny,manual,0.00,,true,true,,,,,191-BLRTRA-50-001A,https://cdn.shopify.com/s/files/1/0671/0552/1726/files/0-1781378739640_7f90ce4b-9970-44fb-a610-61b742ce17d4.jpg?v=1787925711,1,191-BLRTRA-50-001A,false,,,,,,,comedy,,,,,,,,,,,,lb,,,active
hostel,Hostel,,Blu-Ray,Media > Videos,,"Blu-Ray, Formatted, Horror, Rental",true,Genre,Horror,,,,,,,,,0.0,shopify,1,deny,manual,0.00,,true,true,,,,,191-BLCHOS-50-001A,https://cdn.shopify.com/s/files/1/0671/0552/1726/files/0-1781295030817.jpg?v=1787925712,1,191-BLCHOS-50-001A,false,,,,,,,horror,,,,,,,,,,,,lb,,,active
renfield-dracula-sucks-edition,Renfield: Dracula Sucks Edition,,Blu-Ray,Media > Videos,,"Blu-Ray, Comedy, Formatted, Rental",true,Genre,Comedy,,,,,,,,,0.0,shopify,1,deny,manual,0.00,,true,true,,,,,191-BLRREN-50-001A,https://cdn.shopify.com/s/files/1/0671/0552/1726/files/0-1781378497315.jpg?v=1787925712,1,191-BLRREN-50-001A,false,,,,,,,comedy,,,,,,,,,,,,lb,,,active
the-texas-chainsaw-massacre,The Texas Chainsaw Massacre,,Blu-Ray,Media > Videos,,"Blu-Ray, Formatted, Horror, Rental",true,Genre,Horror,,,,,,,,,0.0,shopify,1,deny,manual,0.00,,true,true,,,,,191-BLRTHT-50-001A,https://cdn.shopify.com/s/files/1/0671/0552/1726/files/0-1781294976552.jpg?v=1787925713,1,191-BLRTHT-50-001A,false,,,,,,,horror,,,,,,,,,,,,lb,,,active
case-39,Case 39,"<p>In her many years as a social worker, Emily Jenkins believes she has seen it all, until she meets 10-year-old Lilith and the girl's cruel parents. Emily's worst fears are confirmed when the parents try to harm the child, and so Emily assumes custody of Lilith while she looks for a foster family. However, Emily soon finds that dark forces surround the seemingly innocent girl, and the more she tries to protect Lilith, the more horrors she encounters.</p>",Blu-Ray,Media > Videos,,"Blu-Ray, Formatted, Horror, Rental",true,Genre,Horror,,,,,,,,,0.0,shopify,1,deny,manual,0.00,,true,true,,,,,191-BLRCAS-50-001A,https://cdn.shopify.com/s/files/1/0671/0552/1726/files/0-1781294921367.jpg?v=1787925713,1,191-BLRCAS-50-001A,false,,,,,,,horror,,,,,,,,,,,,lb,,,active
francesca,Francesca,,Blu-Ray,Media > Videos,,"Blu-Ray, Formatted, Horror, Rental",true,Genre,Horror,,,,,,,,,0.0,shopify,1,deny,manual,0.00,,true,true,,,,,191-BLRFRA-50-001A,https://cdn.shopify.com/s/files/1/0671/0552/1726/files/0-1781294862258.jpg?v=1787925714,1,191-BLRFRA-50-001A,false,,,,,,,horror,,,,,,,,,,,,lb,,,active
wish-upon-directors-cut,Wish Upon (Director's Cut),,Blu-Ray,Media > Videos,,"Blu-Ray, Formatted, Horror, Rental",true,Genre,Horror,,,,,,,,,0.0,shopify,1,deny,manual,0.00,,true,true,,,,,191-BLRWIS-50-001A,https://cdn.shopify.com/s/files/1/0671/0552/1726/files/0-1781294807157_26a6d452-bd30-4ea5-b0e0-8dc2f936a9a4.jpg?v=1787925715,1,191-BLRWIS-50-001A,false,,,,,,,horror,,,,,,,,,,,,lb,,,active
hostel-part-ii-unseen-edition,Hostel Part II (Unseen Edition),,Blu-Ray,Media > Videos,,"Blu-Ray, Formatted, Horror, Rental",true,Genre,Horror,,,,,,,,,0.0,shopify,1,deny,manual,0.00,,true,true,,,,,191-BLRHOS-50-001A,https://cdn.shopify.com/s/files/1/0671/0552/1726/files/0-1781295079692.jpg?v=1787925715,1,191-BLRHOS-50-001A,false,,,,,,,horror,,,,,,,,,,,,lb,,,active
the-stepfather-directors-cut,The Stepfather (Director's Cut),,Blu-Ray,Media > Videos,,"Blu-Ray, Formatted, Horror, Rental",true,Genre,Horror,,,,,,,,,0.0,shopify,1,deny,manual,0.00,,true,true,,,,,191-BLRTHS-50-001A,https://cdn.shopify.com/s/files/1/0671/0552/1726/files/0-1781294736626.jpg?v=1787925716,1,191-BLRTHS-50-001A,false,,,,,,,horror,,,,,,,,,,,,lb,,,active
chips,CHIPS,,Blu-Ray,Media > Videos,,"Blu-Ray, Comedy, Formatted, Rental",true,Genre,Comedy,,,,,,,,,0.0,shopify,1,deny,manual,0.00,,true,true,,,,,191-BLRCHI-50-001A,https://cdn.shopify.com/s/files/1/0671/0552/1726/files/0-1781293316750.jpg?v=1787925716,1,191-BLRCHI-50-001A,false,,,,,,,comedy,,,,,,,,,,,,lb,,,active
were-the-millers,We're the Millers,<p>A veteran pot dealer creates a fake family as part of his plan to move a huge shipment of weed into the U.S. from Mexico.</p>,Blu-Ray,Media > Videos,,"Blu-Ray, Comedy, Formatted, Rental",true,Genre,Comedy,,,,,,,,,0.0,shopify,1,deny,manual,0.00,,true,true,,,,,191-BLRWER-50-001A,https://cdn.shopify.com/s/files/1/0671/0552/1726/files/0-1781293220546_a0bdf074-45f7-4954-a27a-3c0fc1ad72b4.jpg?v=1787925717,1,191-BLRWER-50-001A,false,,,,,,,comedy,,,,,,,,,,,,lb,,,active
beerfest,Beerfest,"<p>During a trip to Germany to scatter their grandfather's ashes, German-American brothers Todd and Jan discover Beerfest, the secret Olympics of downing stout, and want to enter the contest to defend their family's beer-guzzling honor. Their Old Country cousins sneer at the Yanks' chances, prompting the siblings to return to America to prepare for a showdown the following year.</p>",Blu-Ray,Media > Videos,,"Blu-Ray, Comedy, Formatted, Rental",true,Genre,Comedy,,,,,,,,,0.0,shopify,1,deny,manual,0.00,,true,true,,,,,191-BLRBEE-50-001A,https://cdn.shopify.com/s/files/1/0671/0552/1726/files/0-1781293021030_cec61693-d5d2-4965-a843-c606897aeb06.jpg?v=1787925718,1,191-BLRBEE-50-001A,false,,,,,,,comedy,,,,,,,,,,,,lb,,,active
the-40-year-old-virgin,The 40-Year-Old Virgin,"<p>Andy Stitzer has a pleasant life with a nice apartment and a job stamping invoices at an electronics store. But at age 40, there's one thing Andy hasn't done, and it's really bothering his sex-obsessed male co-workers: Andy is still a virgin. Determined to help Andy get laid, the guys make it their mission to de-virginize him. But it all seems hopeless until Andy meets small business owner Trish, a single mom.</p>",Blu-Ray,Media > Videos,,"Blu-Ray, Comedy, Formatted, Rental",true,Genre,Comedy,,,,,,,,,0.0,shopify,1,deny,manual,0.00,,true,true,,,,,191-BLRTH4-50-001A,https://cdn.shopify.com/s/files/1/0671/0552/1726/files/0-1781292967930_f2be2e6b-7849-43c8-831a-d6f46a5c7245.jpg?v=1787925719,1,191-BLRTH4-50-001A,false,,,,,,,comedy,,,,,,,,,,,,lb,,,active
forgetting-sarah-marshall,Forgetting Sarah Marshall,"<p>When actress Sarah Marshall dumps aspiring musician Peter Bretter for rock star Aldous Snow, Peter's world comes crashing down. His best friend Brian suggests that Peter should get away from everything and to fly off to Hawaii to escape all his problems. After arriving in Hawaii and meeting the beautiful receptionist Rachel Jansen, Peter is shocked to see not only Aldous in Hawaii, but also Sarah.</p>",Blu-Ray,Media > Videos,,"Blu-Ray, Comedy, Formatted, Rental",true,Genre,Comedy,,,,,,,,,0.0,shopify,1,deny,manual,0.00,,true,true,,,,,191-BLRFOR-50-001A,https://cdn.shopify.com/s/files/1/0671/0552/1726/files/0-1781292910044.jpg?v=1787925719,1,191-BLRFOR-50-001A,false,,,,,,,comedy,,,,,,,,,,,,lb,,,active
clerks-ii,Clerks II,,Blu-Ray,Media > Videos,,"Blu-Ray, Comedy, Formatted, Rental",true,Genre,Comedy,,,,,,,,,0.0,shopify,1,deny,manual,0.00,,true,true,,,,,191-BLRCLE-50-001A,https://cdn.shopify.com/s/files/1/0671/0552/1726/files/0-1781292852689.jpg?v=1787925719,1,191-BLRCLE-50-001A,false,,,,,,,comedy,,,,,,,,,,,,lb,,,active
i-love-you-man,"I Love You, Man","<p>Peter Klaven is a successful real estate agent who, upon getting engaged to the woman of his dreams, Zooey, discovers, to his dismay and chagrin, that he has no male friend close enough to serve as his Best Man. Peter immediately sets out to rectify the situation, embarking on a series of bizarre and awkward ""man-dates.""</p>",Blu-Ray,Media > Videos,,"Blu-Ray, Comedy, Formatted, Rental",true,Genre,Comedy,,,,,,,,,0.0,shopify,1,deny,manual,0.00,,true,true,,,,,191-BLRILO-50-001A,https://cdn.shopify.com/s/files/1/0671/0552/1726/files/0-1781292778881.jpg?v=1787925720,1,191-BLRILO-50-001A,false,,,,,,,comedy,,,,,,,,,,,,lb,,,active
the-nice-guys,The Nice Guys,<p>A private eye investigates the apparent suicide of a fading porn star in 1970s Los Angeles and uncovers a conspiracy.</p>,Blu-Ray,Media > Videos,,"Blu-Ray, Comedy, Formatted, Rental",true,Genre,Comedy,,,,,,,,,0.0,shopify,1,deny,manual,0.00,,true,true,,,,,191-BLRTHN-50-001A,https://cdn.shopify.com/s/files/1/0671/0552/1726/files/0-1781292718151.jpg?v=1787925721,1,191-BLRTHN-50-001A,false,,,,,,,comedy,,,,,,,,,,,,lb,,,active
observe-and-report,Observe and Report,"<p>Mall security guard Ronnie Barnhardt is called into action to stop a flasher from turning shopper's paradise into his personal peep show. But when Barnhardt can't bring the culprit to justice, a surly police detective is recruited to close the case.</p>",Blu-Ray,Media > Videos,,"Blu-Ray, Comedy, Formatted, Rental",true,Genre,Comedy,,,,,,,,,0.0,shopify,1,deny,manual,0.00,,true,true,,,,,191-BLROBS-50-001A,https://cdn.shopify.com/s/files/1/0671/0552/1726/files/0-1781292668249.jpg?v=1787925721,1,191-BLROBS-50-001A,false,,,,,,,comedy,,,,,,,,,,,,lb,,,active
this-is-40,This Is 40,"<p>Pete and Debbie are both about to turn 40, their kids hate each other, both of their businesses are failing, they're on the verge of losing their house, and their relationship is threatening to fall apart.</p>",Blu-Ray,Media > Videos,,"Blu-Ray, Comedy, Formatted, Rental",true,Genre,Comedy,,,,,,,,,0.0,shopify,1,deny,manual,0.00,,true,true,,,,,191-BLRTHI-50-001A,https://cdn.shopify.com/s/files/1/0671/0552/1726/files/0-1781292618089.jpg?v=1787925722,1,191-BLRTHI-50-001A,false,,,,,,,comedy,,,,,,,,,,,,lb,,,active
horrible-bosses-totally-inappropriate-edition,Horrible Bosses: Totally Inappropriate Edition,,Blu-Ray,Media > Videos,,"Blu-Ray, Comedy, Formatted, Rental",true,Genre,Comedy,,,,,,,,,0.0,shopify,1,deny,manual,0.00,,true,true,,,,,191-BLRHRR-50-001A,https://cdn.shopify.com/s/files/1/0671/0552/1726/files/0-1781292542707.jpg?v=1787925722,1,191-BLRHRR-50-001A,false,,,,,,,comedy,,,,,,,,,,,,lb,,,active
horrible-bosses-2-extended-cut,Horrible Bosses 2 (Extended Cut),"<p>Dale, Kurt and Nick decide to start their own business but things don't go as planned because of a slick investor, prompting the trio to pull off a harebrained and misguided kidnapping scheme.</p>",Blu-Ray,Media > Videos,,"Blu-Ray, Comedy, Formatted, Rental",true,Genre,Comedy,,,,,,,,,0.0,shopify,1,deny,manual,0.00,,true,true,,,,,191-BLRHOR-50-001A,https://cdn.shopify.com/s/files/1/0671/0552/1726/files/0-1781292476450.jpg?v=1787925725,1,191-BLRHOR-50-001A,false,,,,,,,comedy,,,,,,,,,,,,lb,,,active
vacation,Vacation,,Blu-Ray,Media > Videos,,"Blu-Ray, Comedy, Formatted, Rental",true,Genre,Comedy,,,,,,,,,0.0,shopify,1,deny,manual,0.00,,true,true,,,,,191-BLRVAC-50-001A,https://cdn.shopify.com/s/files/1/0671/0552/1726/files/0-1781292399631.jpg?v=1787925723,1,191-BLRVAC-50-001A,false,,,,,,,comedy,,,,,,,,,,,,lb,,,active
neighbors-2,Neighbors 2,,Blu-Ray,Media > Videos,,"Blu-Ray, Comedy, Formatted, Rental",true,Genre,Comedy,,,,,,,,,0.0,shopify,1,deny,manual,0.00,,true,true,,,,,191-BLRNEI-50-001A,https://cdn.shopify.com/s/files/1/0671/0552/1726/files/0-1781292352319.jpg?v=1787925724,1,191-BLRNEI-50-001A,false,,,,,,,comedy,,,,,,,,,,,,lb,,,active
bridesmaids,Bridesmaids,,Blu-Ray,Media > Videos,,"Blu-Ray, Comedy, Formatted, Rental",true,Genre,Comedy,,,,,,,,,0.0,shopify,1,deny,manual,0.00,,true,true,,,,,191-BLRBRI-50-001A,https://cdn.shopify.com/s/files/1/0671/0552/1726/files/0-1781292296794.jpg?v=1787925725,1,191-BLRBRI-50-001A,false,,,,,,,comedy,,,,,,,,,,,,lb,,,active
the-proposal,The Proposal,,Blu-Ray,Media > Videos,,"Blu-Ray, Comedy, Formatted, Rental",true,Genre,Comedy,,,,,,,,,0.0,shopify,1,deny,manual,0.00,,true,true,,,,,191-BLRTHL-50-001A,https://cdn.shopify.com/s/files/1/0671/0552/1726/files/0-1781292239589.jpg?v=1787925725,1,191-BLRTHL-50-001A,false,,,,,,,comedy,,,,,,,,,,,,lb,,,active
game-night,Game Night,,Blu-Ray,Media > Videos,,"Blu-Ray, Comedy, Formatted, Rental",true,Genre,Comedy,,,,,,,,,0.0,shopify,1,deny,manual,0.00,,true,true,,,,,191-BLRGMN-50-001A,https://cdn.shopify.com/s/files/1/0671/0552/1726/files/0-1781292185893.jpg?v=1787925726,1,191-BLRGMN-50-001A,false,,,,,,,comedy,,,,,,,,,,,,lb,,,active
brothers,Brothers,,Blu-Ray,Media > Videos,,"Blu-Ray, Drama, Formatted, Rental",true,Genre,Drama,,,,,,,,,0.0,shopify,1,deny,manual,0.00,,true,true,,,,,191-BLRBRO-50-001A,https://cdn.shopify.com/s/files/1/0671/0552/1726/files/0-1781287820581.jpg?v=1787925727,1,191-BLRBRO-50-001A,false,,,,,,,drama,,,,,,,,,,,,lb,,,active
dont-breathe,Don't Breathe,,Blu-Ray,Media > Videos,,"Blu-Ray, Formatted, Horror, Rental",true,Genre,Horror,,,,,,,,,0.0,shopify,1,deny,manual,0.00,,true,true,,,,,191-BLRDON-50-001A,https://cdn.shopify.com/s/files/1/0671/0552/1726/files/0-1781289458870.jpg?v=1787925727,1,191-BLRDON-50-001A,false,,,,,,,horror,,,,,,,,,,,,lb,,,active
motel-hell,Motel Hell,,Blu-Ray,Media > Videos,,"Blu-Ray, Formatted, Horror, Rental",true,Genre,Horror,,,,,,,,,0.0,shopify,1,deny,manual,0.00,,true,true,,,,,191-BLRMOT-50-001A,https://cdn.shopify.com/s/files/1/0671/0552/1726/files/0-1781289348986.jpg?v=1787925727,1,191-BLRMOT-50-001A,false,,,,,,,horror,,,,,,,,,,,,lb,,,active
faceless-after-dark,Faceless After Dark,"<p>Following her breakout role in a killer clown horror flick, Bowie now finds herself struggling to capitalize on its success, but when she is suddenly held hostage by an unhinged fan posing as that same killer clown, horror becomes her reality as she fights to survive the night and escape before he completes his sinister plan to recreate the film's fatal plot.</p>",Blu-Ray,Media > Videos,,"Blu-Ray, Formatted, Horror, Rental",true,Genre,Horror,,,,,,,,,0.0,shopify,1,deny,manual,0.00,,true,true,,,,,191-BLRFAC-50-001A,https://cdn.shopify.com/s/files/1/0671/0552/1726/files/0-1781289277957.jpg?v=1787925728,1,191-BLRFAC-50-001A,false,,,,,,,horror,,,,,,,,,,,,lb,,,active
the-editor,The Editor,,Blu-Ray,Media > Videos,,"Blu-Ray, Formatted, Horror, Rental",true,Genre,Horror,,,,,,,,,0.0,shopify,1,deny,manual,0.00,,true,true,,,,,191-BLRTHD-50-001A,https://cdn.shopify.com/s/files/1/0671/0552/1726/files/0-1781289219883.jpg?v=1787925729,1,191-BLRTHD-50-001A,false,,,,,,,horror,,,,,,,,,,,,lb,,,active
let-me-in,Let Me In,,Blu-Ray,Media > Videos,,"Blu-Ray, Formatted, Horror, Rental",true,Genre,Horror,,,,,,,,,0.0,shopify,1,deny,manual,0.00,,true,true,,,,,191-BLRLET-50-001A,https://cdn.shopify.com/s/files/1/0671/0552/1726/files/0-1781288930179.jpg?v=1787925729,1,191-BLRLET-50-001A,false,,,,,,,horror,,,,,,,,,,,,lb,,,active
v-h-s-2,V/H/S/2,"<p>Inside a darkened house looms a column of TVs littered with VHS tapes, a pagan shrine to forgotten analog gods. The screens crackle and pop endlessly with monochrome vistas of static white noise permeating the brain and fogging concentration. But you must fight the urge to relax: this is no mere movie night. Those obsolete spools contain more than just magnetic tape. They are imprinted with the very soul of evil.</p>",Blu-Ray,Media > Videos,,"Blu-Ray, Formatted, Horror, Rental",true,Genre,Horror,,,,,,,,,0.0,shopify,1,deny,manual,0.00,,true,true,,,,,191-BLRVH2-50-001A,https://cdn.shopify.com/s/files/1/0671/0552/1726/files/0-1781288844973.jpg?v=1787925730,1,191-BLRVH2-50-001A,false,,,,,,,horror,,,,,,,,,,,,lb,,,active
v-h-s-94,V/H/S/94,"<p>After the discovery of a mysterious VHS tape, a brutish police SWAT team launches a high-intensity raid on a remote warehouse, only to discover a sinister cult compound whose collection of pre-recorded material uncovers a nightmarish conspiracy.</p>",Blu-Ray,Media > Videos,,"Blu-Ray, Formatted, Horror, Rental",true,Genre,Horror,,,,,,,,,0.0,shopify,1,deny,manual,0.00,,true,true,,,,,191-BLRVHS-50-001A,https://cdn.shopify.com/s/files/1/0671/0552/1726/files/0-1781288061169.jpg?v=1787925731,1,191-BLRVHS-50-001A,false,,,,,,,horror,,,,,,,,,,,,lb,,,active
hobo-with-a-shotgun-collectors-edition,Hobo With A Shotgun (Collector's Edition),"<p>A vigilante homeless man pulls into a new city and finds himself trapped in urban chaos, a city where crime rules and where the city's crime boss reigns. Seeing an urban landscape filled with armed robbers, corrupt cops, abused prostitutes and even a pedophile Santa, the Hobo goes about bringing justice to the city the best way he knows how - with a 20-gauge shotgun. Mayhem ensues when he tries to make things better for the future generation. Street justice will indeed prevail.</p>",Blu-Ray,Media > Videos,,"Blu-Ray, Formatted, Horror, Rental",true,Genre,Horror,,,,,,,,,0.0,shopify,1,deny,manual,0.00,,true,true,,,,,191-BLRHOB-50-001A,https://cdn.shopify.com/s/files/1/0671/0552/1726/files/0-1781288016033.jpg?v=1787925731,1,191-BLRHOB-50-001A,false,,,,,,,horror,,,,,,,,,,,,lb,,,active
the-paperboy,The Paperboy,,Blu-Ray,Media > Videos,,"Blu-Ray, Drama, Formatted, Rental",true,Genre,Drama,,,,,,,,,0.0,shopify,1,deny,manual,0.00,,true,true,,,,,191-BLRTHP-50-001A,https://cdn.shopify.com/s/files/1/0671/0552/1726/files/0-1781287920984.jpg?v=1787925732,1,191-BLRTHP-50-001A,false,,,,,,,drama,,,,,,,,,,,,lb,,,active
the-wrestler,The Wrestler,,Blu-Ray,Media > Videos,,"Blu-Ray, Drama, Formatted, Rental",true,Genre,Drama,,,,,,,,,0.0,shopify,1,deny,manual,0.00,,true,true,,,,,191-BLRTHW-50-001A,https://cdn.shopify.com/s/files/1/0671/0552/1726/files/0-1781287770826.jpg?v=1787925732,1,191-BLRTHW-50-001A,false,,,,,,,drama,,,,,,,,,,,,lb,,,active
cloud-atlas,Cloud Atlas,"<p>A set of six nested stories spanning time between the 19th century and a distant post-apocalyptic future. Cloud Atlas explores how the actions and consequences of individual lives impact one another throughout the past, the present and the future. Action, mystery and romance weave through the story as one soul is shaped from a killer into a hero and a single act of kindness ripples across centuries to inspire a revolution in the distant future.  Based on the award winning novel by David Mitchell. Directed by Tom Tykwer and the Wachowskis.</p>",Blu-Ray,Media > Videos,,"Blu-Ray, Drama, Formatted, Rental",true,Genre,Drama,,,,,,,,,0.0,shopify,1,deny,manual,0.00,,true,true,,,,,191-BLRCLO-50-001A,https://cdn.shopify.com/s/files/1/0671/0552/1726/files/0-1781287710441.jpg?v=1787925733,1,191-BLRCLO-50-001A,false,,,,,,,drama,,,,,,,,,,,,lb,,,active
requiem-for-a-dream-directors-cut,Requiem for a Dream (Director's Cut),<p>The drug-induced utopias of four Coney Island residents are shattered when their addictions run deep.</p>,Blu-Ray,Media > Videos,,"Blu-Ray, Drama, Formatted, Rental",true,Genre,Drama,,,,,,,,,0.0,shopify,1,deny,manual,0.00,,true,true,,,,,191-BLRREQ-50-001A,https://cdn.shopify.com/s/files/1/0671/0552/1726/files/0-1781287656723.jpg?v=1787925734,1,191-BLRREQ-50-001A,false,,,,,,,drama,,,,,,,,,,,,lb,,,active
robin-hood-unrated-directors-cut,Robin Hood (Unrated Director's Cut),,Blu-Ray,Media > Videos,,"Blu-Ray, Drama, Formatted, Rental",true,Genre,Drama,,,,,,,,,0.0,shopify,1,deny,manual,0.00,,true,true,,,,,191-BLRROB-70-001A,https://cdn.shopify.com/s/files/1/0671/0552/1726/files/0-1781287596945.jpg?v=1787925734,1,191-BLRROB-70-001A,false,,,,,,,drama,,,,,,,,,,,,lb,,,active
any-given-sunday-directors-cut,Any Given Sunday (Directors Cut),<p>A star quarterback gets knocked out of the game and an unknown third stringer is called in to replace him. The unknown gives a stunning performance and forces the aging coach to reevaluate his game plans and life. A new co-owner/president adds to the pressure of winning. The new owner must prove herself in a male dominated world.</p>,Blu-Ray,Media > Videos,,"Blu-Ray, Drama, Formatted, Rental",true,Genre,Drama,,,,,,,,,0.0,shopify,1,deny,manual,0.00,,true,true,,,,,191-BLRANY-50-001A,https://cdn.shopify.com/s/files/1/0671/0552/1726/files/0-1781287539654.jpg?v=1787925735,1,191-BLRANY-50-001A,false,,,,,,,drama,,,,,,,,,,,,lb,,,active
no-country-for-old-men,No Country for Old Men,"<p>Llewelyn Moss stumbles upon dead bodies, $2 million and a hoard of heroin in a Texas desert, but methodical killer Anton Chigurh comes looking for it, with local sheriff Ed Tom Bell hot on his trail. The roles of prey and predator blur as the violent pursuit of money and justice collide.</p>",Blu-Ray,Media > Videos,,"Blu-Ray, Drama, Formatted, Rental",true,Genre,Drama,,,,,,,,,0.0,shopify,1,deny,manual,0.00,,true,true,,,,,191-BLRNOC-50-001A,https://cdn.shopify.com/s/files/1/0671/0552/1726/files/0-1781287305925.jpg?v=1787925736,1,191-BLRNOC-50-001A,false,,,,,,,drama,,,,,,,,,,,,lb,,,active
enter-the-void-full-length-directors-cut,Enter the Void (Full-Length Director's Cut),,Blu-Ray,Media > Videos,,"Blu-Ray, Drama, Formatted, Rental",true,Genre,Drama,,,,,,,,,0.0,shopify,1,deny,manual,0.00,,true,true,,,,,191-BLRENT-50-001A,https://cdn.shopify.com/s/files/1/0671/0552/1726/files/0-1781287227357.jpg?v=1787925736,1,191-BLRENT-50-001A,false,,,,,,,drama,,,,,,,,,,,,lb,,,active
the-assassination-of-jesse-james,The Assassination of Jesse James,,Blu-Ray,Media > Videos,,"Blu-Ray, Drama, Formatted, Rental",true,Genre,Drama,,,,,,,,,0.0,shopify,1,deny,manual,0.00,,true,true,,,,,191-BLRTHE-50-001A,https://cdn.shopify.com/s/files/1/0671/0552/1726/files/0-1781287460765.jpg?v=1787925736,1,191-BLRTHE-50-001A,false,,,,,,,drama,,,,,,,,,,,,lb,,,active
killing-them-softly,Killing Them Softly,,Blu-Ray,Media > Videos,,"Blu-Ray, Drama, Formatted, Rental",true,Genre,Drama,,,,,,,,,0.0,shopify,1,deny,manual,0.00,,true,true,,,,,191-BLRKIL-50-001A,https://cdn.shopify.com/s/files/1/0671/0552/1726/files/0-1781287093469_20357a72-9e22-4a10-8732-29861c4a703d.jpg?v=1787925737,1,191-BLRKIL-50-001A,false,,,,,,,drama,,,,,,,,,,,,lb,,,active
sin-city-a-dame-to-kill-for,Sin City: A Dame to Kill For,<p>Some of Sin City's most hard-boiled citizens cross paths with a few of its more reviled inhabitants.</p>,Blu-Ray,Media > Videos,,"Action, Blu-Ray, Formatted, Rental",true,Genre,Action,,,,,,,,,0.0,shopify,1,deny,manual,0.00,,true,true,,,,,191-BLRSIN-50-001A,https://cdn.shopify.com/s/files/1/0671/0552/1726/files/0-1781286722814.jpg?v=1787925738,1,191-BLRSIN-50-001A,false,,,,,,,action,,,,,,,,,,,,lb,,,active
death-wish,Death Wish,,Blu-Ray,Media > Videos,,"Action, Blu-Ray, Formatted, Rental",true,Genre,Action,,,,,,,,,0.0,shopify,1,deny,manual,0.00,,true,true,,,,,191-BLRDEA-50-001A,https://cdn.shopify.com/s/files/1/0671/0552/1726/files/0-1781286325468.jpg?v=1787925738,1,191-BLRDEA-50-001A,false,,,,,,,action,,,,,,,,,,,,lb,,,active
war-for-the-planet-of-the-apes,War for the Planet of the Apes,"<p>Caesar and his apes are forced into a deadly conflict with an army of humans led by a ruthless Colonel. After the apes suffer unimaginable losses, Caesar wrestles with his darker instincts and begins his own mythic quest to avenge his kind. As the journey finally brings them face to face, Caesar and the Colonel are pitted against each other in an epic battle that will determine the fate of both their species and the future of the planet.</p>",Blu-Ray,Media > Videos,,"Action, Blu-Ray, Formatted, Rental",true,Genre,Action,,,,,,,,,0.0,shopify,1,deny,manual,0.00,,true,true,,,,,191-BLRWAR-50-001A,https://cdn.shopify.com/s/files/1/0671/0552/1726/files/0-1781286181832.jpg?v=1787925739,1,191-BLRWAR-50-001A,false,,,,,,,action,,,,,,,,,,,,lb,,,active
i-am-legend,I Am Legend,"<p>Robert Neville is a scientist who was unable to stop the spread of the terrible virus that was incurable and man-made. Immune, Neville is now the last human survivor in what is left of New York City and perhaps the world. For three years, Neville has faithfully sent out daily radio messages, desperate to find any other survivors who might be out there. But he is not alone.</p>",Blu-Ray,Media > Videos,,"Action, Blu-Ray, Formatted, Rental",true,Genre,Action,,,,,,,,,0.0,shopify,1,deny,manual,0.00,,true,true,,,,,191-BLRIAM-50-001A,https://cdn.shopify.com/s/files/1/0671/0552/1726/files/0-1781286043259.jpg?v=1787925739,1,191-BLRIAM-50-001A,false,,,,,,,action,,,,,,,,,,,,lb,,,active
we-were-soldiers,We Were Soldiers,"<p>The year is 1965 and America is at war with North Vietnam.  Commanding the air cavalry is Lt. Col. Hal Moore (Gibson), a born leader committed to his troops.  His target: the Ia Drang Valley, called ""The Valley of Death.""  As Moore prepares for one of the most violent battles in U.S. history, he delivers a stirring promise to his soldiers and their families: ""I will leave no man behind...dead or alive.  We will all come home together.""</p>",Blu-Ray,Media > Videos,,"Blu-Ray, Drama, Formatted, Rental",true,Genre,Drama,,,,,,,,,0.0,shopify,1,deny,manual,0.00,,true,true,,,,,191-BLRWEW-50-001A,https://cdn.shopify.com/s/files/1/0671/0552/1726/files/0-1781286119824.jpg?v=1787925740,1,191-BLRWEW-50-001A,false,,,,,,,drama,,,,,,,,,,,,lb,,,active
over-the-top,Over The Top,,Blu-Ray,Media > Videos,,"Action, Blu-Ray, Formatted, Rental",true,Genre,Action,,,,,,,,,0.0,shopify,1,deny,manual,0.00,,true,true,,,,,191-BLROVE-50-001A,https://cdn.shopify.com/s/files/1/0671/0552/1726/files/0-1781285825063.jpg?v=1787925741,1,191-BLROVE-50-001A,false,,,,,,,action,,,,,,,,,,,,lb,,,active
wrath-of-the-titans,Wrath of the Titans,"<p>Perseus tries to live a quieter life as a village fisherman while – dangerously weakened by humanity's lack of devotion – the gods are losing control of the long-imprisoned Titans and their ferocious leader, Kronos.</p>",Blu-Ray,Media > Videos,,"Action, Blu-Ray, Formatted, Rental",true,Genre,Action,,,,,,,,,0.0,shopify,1,deny,manual,0.00,,true,true,,,,,191-BLRWRA-50-001A,https://cdn.shopify.com/s/files/1/0671/0552/1726/files/0-1781285627907.jpg?v=1787925741,1,191-BLRWRA-50-001A,false,,,,,,,action,,,,,,,,,,,,lb,,,active
cliffhanger,Cliffhanger,,Blu-Ray,Media > Videos,,"Action, Blu-Ray, Formatted, Rental",true,Genre,Action,,,,,,,,,0.0,shopify,1,deny,manual,0.00,,true,true,,,,,191-BLRCLI-50-001A,https://cdn.shopify.com/s/files/1/0671/0552/1726/files/0-1781285487075.jpg?v=1787925742,1,191-BLRCLI-50-001A,false,,,,,,,action,,,,,,,,,,,,lb,,,active
sicario-day-of-the-soldado,Sicario: Day of the Soldado,<p>Agent Matt Graver teams up with operative Alejandro Gillick to prevent Mexican drug cartels from smuggling terrorists across the United States border.</p>,Blu-Ray,Media > Videos,,"Action, Blu-Ray, Formatted, Rental",true,Genre,Action,,,,,,,,,0.0,shopify,1,deny,manual,0.00,,true,true,,,,,191-BLRSCR-50-001A,https://cdn.shopify.com/s/files/1/0671/0552/1726/files/0-1781285396521.jpg?v=1787925743,1,191-BLRSCR-50-001A,false,,,,,,,action,,,,,,,,,,,,lb,,,active
sicario,Sicario,,Blu-Ray,Media > Videos,,"Action, Blu-Ray, Formatted, Rental",true,Genre,Action,,,,,,,,,0.0,shopify,1,deny,manual,0.00,,true,true,,,,,191-BLRSIC-70-001A,https://cdn.shopify.com/s/files/1/0671/0552/1726/files/0-1781285336271_9ab078b1-5d3d-4e70-b3bd-44eb6d43d6e9.jpg?v=1787925743,1,191-BLRSIC-70-001A,false,,,,,,,action,,,,,,,,,,,,lb,,,active
cowboys-aliens-extended-edition,Cowboys & Aliens (Extended Edition),,Blu-Ray,Media > Videos,,"Action, Blu-Ray, Formatted, Rental",true,Genre,Action,,,,,,,,,0.0,shopify,1,deny,manual,0.00,,true,true,,,,,191-BLRCOW-50-001A,https://cdn.shopify.com/s/files/1/0671/0552/1726/files/0-1781285286175.jpg?v=1787925743,1,191-BLRCOW-50-001A,false,,,,,,,action,,,,,,,,,,,,lb,,,active
kick-ass,Kick-Ass,"<p>Dave Lizewski is an unnoticed high school student and comic book fan who one day decides to become a super-hero, even though he has no powers, training or meaningful reason to do so.</p>",Blu-Ray,Media > Videos,,"Action, Blu-Ray, Formatted, Rental",true,Genre,Action,,,,,,,,,0.0,shopify,1,deny,manual,0.00,,true,true,,,,,191-BLRKIC-50-001A,https://cdn.shopify.com/s/files/1/0671/0552/1726/files/0-1781285198594.jpg?v=1787925744,1,191-BLRKIC-50-001A,false,,,,,,,action,,,,,,,,,,,,lb,,,active
bumblebee,Bumblebee,,Blu-Ray,Media > Videos,,"Action, Blu-Ray, Formatted, Rental",true,Genre,Action,,,,,,,,,0.0,shopify,1,deny,manual,0.00,,true,true,,,,,191-BLRBUM-50-001A,https://cdn.shopify.com/s/files/1/0671/0552/1726/files/0-1781285119511.jpg?v=1787925744,1,191-BLRBUM-50-001A,false,,,,,,,action,,,,,,,,,,,,lb,,,active
terminator-dark-fate,Terminator: Dark Fate,"<p>Decades after Sarah Connor prevented Judgment Day, a lethal new Terminator is sent to eliminate the future leader of the resistance. In a fight to save mankind, battle-hardened Sarah Connor teams up with an unexpected ally and an enhanced super soldier to stop the deadliest Terminator yet.</p>",Blu-Ray,Media > Videos,,"Blu-Ray, Formatted, Rental, Sci-Fi",true,Genre,Sci-Fi,,,,,,,,,0.0,shopify,1,deny,manual,0.00,,true,true,,,,,191-BLRTER-50-001A,https://cdn.shopify.com/s/files/1/0671/0552/1726/files/0-1781284977431.jpg?v=1787925745,1,191-BLRTER-50-001A,false,,,,,,,sci-fi,,,,,,,,,,,,lb,,,active
remote,Remote,,VHS,Media > Videos,,"Floor Sale, Formatted, Kids & Family, VHS",true,Genre,Kids & Family,,,,,,,,,0.0,shopify,1,deny,manual,16.00,,true,true,,,,,191-VHSREM-50-001A,https://cdn.shopify.com/s/files/1/0671/0552/1726/files/0-1781817719352.jpg?v=1787925747,1,191-VHSREM-50-002A,false,,,,,,,kids-family,,,,,,,,,,,,lb,,,active
blank-check,Blank Check,"<p>Bullied by his siblings and nagged by his parents, 11-year-old Preston Waters is fed up with his family — especially their frugality. But he gets his chance to teach them a lesson when a money-laundering criminal nearly bulldozes Preston with his car and compensates the boy with a blank check. Preston makes the check out for $1 million and goes on a spending spree he'll never forget.</p>",VHS,Media > Videos,,"Floor Sale, Formatted, Kids & Family, VHS",true,Genre,Kids & Family,,,,,,,,,0.0,shopify,1,deny,manual,6.00,,true,true,,,,,191-VHSBLA-50-001A,https://cdn.shopify.com/s/files/1/0671/0552/1726/files/qhsH1BGqeCDHoogt5ebxOgERJGb_4f416477-fefc-40f7-9dff-940342680fe8.jpg?v=1787925747,1,Blank Check (1994) poster,false,,,,,,,kids-family,,,,,,,,,,,,lb,,,active
wish-upon-a-star,Wish Upon A Star,,VHS,Media > Videos,,"Floor Sale, Formatted, Kids & Family, VHS",false,Genre,Kids & Family,,,,,,,,,0.0,shopify,1,deny,manual,10.00,,true,true,,,,,191-VHSWIS-50-002A,https://cdn.shopify.com/s/files/1/0671/0552/1726/files/5vgfcw4y4UVE2BUA4RTauUX62jQ.jpg?v=1787925749,1,Wish Upon A Star poster,false,,,,,,,kids-family,,,,,,,,,,,,lb,,,active
the-rugrats-movie,The Rugrats Movie,"<p>The Pickles family welcome a new arrival, Dil, whose constant crying and need for attention quickly exhaust the other toddlers. Seeking to return the ""broken"" baby to the hospital, the gang embarks on a journey in a Reptar Wagon that inadvertently veers off course, leaving them stranded in a vast, dangerous forest. While facing off against escaped circus monkeys and a predatory wolf, Tommy must overcome his own resentment to protect his brother and make it back home.</p>",VHS,Media > Videos,,"Floor Sale, Formatted, Kids & Family, VHS",false,Genre,Kids & Family,,,,,,,,,0.0,shopify,1,deny,manual,7.00,,true,true,,,,,55318522,https://cdn.shopify.com/s/files/1/0671/0552/1726/files/uZejGKCSd6nwfMx8U0Td37U2fTc_1c5dd9f9-1262-481e-b5ce-61101010444d.jpg?v=1787925749,1,The Rugrats Movie (1998) poster,false,,,,,,,kids-family,,,,,,,,,,,,lb,,,active
a-bugs-life,A Bug's Life,"<p>On behalf of ""oppressed bugs everywhere,"" an inventive ant named Flik hires a troupe of warrior bugs to defend his bustling colony from a horde of freeloading grasshoppers led by the evil-minded Hopper.</p>",VHS,Media > Videos,,"Floor Sale, Formatted, Kids & Family, VHS",false,Genre,Kids & Family,,,,,,,,,0.0,shopify,1,deny,manual,8.00,,true,true,,,,,40048634,https://cdn.shopify.com/s/files/1/0671/0552/1726/files/Ah3J9OJVc2CNCuH2zMydXy9fmIC_78ec32b6-b90a-43e1-8389-19efbb918f44.jpg?v=1787925750,1,A Bug's Life (1998) poster,false,,,,,,,kids-family,,,,,,,,,,,,lb,,,active
journey-of-natty-gann,Journey of Natty Gann,"<p>America is in the depths of the Great Depression. Families drift apart when faraway jobs beckon. A courageous young girl confronts overwhelming odds when she embarks on a cross-country search for her father. During her odyssey, she forms a close bond with two diverse traveling companions: a magnificent, protective wolf, and a hardened drifter.</p>",VHS,Media > Videos,,"Floor Sale, Formatted, Kids & Family, VHS",false,Genre,Kids & Family,,,,,,,,,0.0,shopify,1,deny,manual,5.00,,true,true,,,,,14129146,https://cdn.shopify.com/s/files/1/0671/0552/1726/files/z2eHb3ih4k9zannMKn3wmVvYAis_141e08b9-529f-4b11-928a-3e607abef188.jpg?v=1787925750,1,Journey of Natty Gann (1985) poster,false,,,,,,,kids-family,,,,,,,,,,,,lb,,,active
little-movie-club,Little Movie Club,,Supercycle,,Supercycle Plan,"Needs Review, Supercycle product",false,Title,Default Title,,,,,,,,,0.0,,0,deny,manual,0.00,,false,true,,,,,75689978,,,,false,,,,,,,,,,,,,,,,,,,lb,,,draft
all-i-want,All I Want,,VHS,Media > Videos,,"Drama, Formatted, Rental, VHS",false,Genre,Drama,,,,,,,,,0.0,shopify,1,deny,manual,0.00,,true,true,,,,,191-VHSALL-50-001A,https://cdn.shopify.com/s/files/1/0671/0552/1726/files/3Fcyjwyg7Qjp0qUKo4HfoC7JIf.jpg?v=1787925752,1,All I Want poster,false,,,,,,,drama,,,,,,,,,,,,lb,,,active
assassination-tango,Assassination Tango,"<p>John J. is a seasoned hit man sent on a job to Argentina. When the General he's sent to kill delays his return to the country, John passes the time with Manuela, a beautiful dancer who becomes his teacher and guide into Argentina's sensual world of the tango.</p>",VHS,Media > Videos,,"Formatted, Rental, Thriller, VHS",true,Genre,Thriller,,,,,,,,,0.0,shopify,1,deny,manual,0.00,,true,true,,,,,191-UNKASS-50-001A,https://cdn.shopify.com/s/files/1/0671/0552/1726/files/0-1780415614538.jpg?v=1787925752,1,191-UNKASS-50-001A,false,,,,,,,thriller,,,,,,,,,,,,lb,,,active
code-hunter,Code Hunter,,VHS,Media > Videos,,"Formatted, Rental, Sci-Fi, VHS",false,Genre,Sci-Fi,,,,,,,,,0.0,shopify,1,deny,manual,0.00,,true,true,,,,,191-VHSCOD-50-001A,https://cdn.shopify.com/s/files/1/0671/0552/1726/files/ikL9SG6Qv6Vni8y7WhuTjjeW6BG.jpg?v=1787925754,1,Code Hunter poster,false,,,,,,,sci-fi,,,,,,,,,,,,lb,,,active
liar-liar-vhs-video-tape,Liar Liar,,VHS,Media > Videos,,"Comedy, Formatted, Rental, VHS",false,Genre,Comedy,,,,,,,,,0.0,shopify,1,deny,manual,0.00,,true,true,,,,,191-NKNLIA-50-001A,https://cdn.shopify.com/s/files/1/0671/0552/1726/files/p1habYSdC7oD3WygQ5lynU5G5rV.jpg?v=1787925755,1,Liar Liar poster,false,,,,,,,comedy,,,,,,,,,,,,lb,,,active
andre,Andre,,VHS,Media > Videos,,"Formatted, Kids & Family, Rental, VHS",true,Genre,Kids & Family,,,,,,,,,0.0,shopify,1,deny,manual,0.00,,true,true,,,,,191-VHSAND-50-001A,https://cdn.shopify.com/s/files/1/0671/0552/1726/files/0-1780419015526.jpg?v=1787925756,1,191-VHSAND-50-001A,false,,,,,,,kids-family,,,,,,,,,,,,lb,,,active
age-isnt-everything,Age Isn't Everything,<p>Young man gives up his dream of becoming an astronaut to go into business — and finds himself turned into a little old man.</p>,VHS,Media > Videos,,"Comedy, Formatted, Rental, VHS",true,Genre,Comedy,,,,,,,,,0.0,shopify,1,deny,manual,0.00,,true,true,,,,,191-VHSAGE-50-001A,https://cdn.shopify.com/s/files/1/0671/0552/1726/files/0-1780419787281.jpg?v=1787925757,1,191-VHSAGE-50-001A,false,,,,,,,comedy,,,,,,,,,,,,lb,,,active
avalanche,Avalanche,,VHS,Media > Videos,,"Formatted, Rental, Supercycle product, Thriller, VHS",true,Genre,Thriller,,,,,,,,,0.0,shopify,1,deny,manual,0.00,,true,true,,,,,191-VHSAVA-50-001A,https://cdn.shopify.com/s/files/1/0671/0552/1726/files/0-1780420726472.jpg?v=1787925758,1,191-VHSAVA-50-001A,false,,,,,,,thriller,,,,,,,,,,,,lb,,,active
overboard-vhs-1987-goldie-hawn-kurt-russell,Overboard Vhs 1987 Goldie Hawn Kurt Russell,,VHS,Media > Videos,,"Comedy, Formatted, Rental, VHS",false,Genre,Comedy,,,,,,,,,0.0,shopify,1,deny,manual,0.00,,true,true,,,,,191-VHSOVE-50-001A,,,,false,,,,,,,comedy,,,,,,,,,,,,lb,,,active
american-splendor,American Splendor,<p>An original mix of fiction and reality illuminates the life of comic book hero everyman Harvey Pekar.</p>,VHS,Media > Videos,,"Comedy, Formatted, Rental, VHS",false,Genre,Comedy,,,,,,,,,0.0,shopify,1,deny,manual,0.00,,true,true,,,,,191-VHSAMR-50-001A,https://cdn.shopify.com/s/files/1/0671/0552/1726/files/rPLMxuk82AiqDiwEUVJ6E7WpjYs_cb39d395-4cd6-4359-94e3-17afe2136a40.jpg?v=1787925759,1,American Splendor (2003) poster,false,,,,,,,comedy,,,,,,,,,,,,lb,,,active
grease,Grease,,VHS,Media > Videos,,"Formatted, Musical, Rental, VHS",false,Genre,Musical,,,,,,,,,0.0,shopify,1,deny,manual,0.00,,true,true,,,,,191-VHSGRE-50-001A,https://cdn.shopify.com/s/files/1/0671/0552/1726/files/2rM7fQKpb7cs1Iq7IBqub9LFDzJ.jpg?v=1787925761,1,Grease poster,false,,,,,,,musical,,,,,,,,,,,,lb,,,active
bring-it-on,Bring It On,"<p>The Toro cheerleading squad from Rancho Carne High School in San Diego has got spirit, spunk, sass and a killer routine that's sure to land them the national championship trophy for the sixth year in a row. But for newly-elected team captain Torrance, the Toros' road to total cheer glory takes a shady turn when she discovers that their perfectly-choreographed routines were in fact stolen.</p>",VHS,Media > Videos,,"Comedy, Formatted, Rental, VHS",false,Genre,Comedy,,,,,,,,,0.0,shopify,1,deny,manual,0.00,,true,true,,,,,191-VHSBRN-50-001A,https://cdn.shopify.com/s/files/1/0671/0552/1726/files/bnVby0qI0dS7YunbShP7mw68HY3_5d94721e-ed0a-4c95-b0f9-4d37bd0fc5f9.jpg?v=1787925762,1,Bring It On (2000) poster,false,,,,,,,comedy,,,,,,,,,,,,lb,,,active
housesitter,Housesitter,,VHS,Media > Videos,,"Comedy, Formatted, Rental, VHS",false,Genre,Comedy,,,,,,,,,0.0,shopify,1,deny,manual,0.00,,true,true,,,,,191-VHSHOU-50-001A,https://cdn.shopify.com/s/files/1/0671/0552/1726/files/A9Ojij6kEwe8LSnMieiPyPCXShx.jpg?v=1787925763,1,Housesitter poster,false,,,,,,,comedy,,,,,,,,,,,,lb,,,active
3-strikes,3 Strikes,"<p>Brian Hooks plays a character who is just released from jail. And the state adopts a ""3 strikes"" rule for felons that involves serious penalties. Hooks has 2 strikes, and wants to change his life for the better. When a friend picks him up, they are pulled over, and his friend shoots at police officers, and Hooks escapes. Now Hooks, a wanted man, must clear his name of having nothing to do with the shooting.</p>",VHS,Media > Videos,,"Comedy, Formatted, Rental, VHS",false,Genre,Comedy,,,,,,,,,0.0,shopify,1,deny,manual,0.00,,true,true,,,,,191-VHS3ST-50-001A,https://cdn.shopify.com/s/files/1/0671/0552/1726/files/ca7xVIgh7UYsFOCBLP8ERmBktC5_278de71d-d9d7-4c39-8481-8cee548af241.jpg?v=1787925764,1,3 Strikes (2000) poster,false,,,,,,,comedy,,,,,,,,,,,,lb,,,active
how-to-kill-your-neighbors-dog,How To Kill Your Neighbor's Dog,"<p>The story of Peter McGowan, a chain-smoking, impotent, insomniac playwright who lives in Los Angeles. Once very successful, he is now in the tenth year of a decade-long string of production failures. He finds himself bonding with a new neighbor's lonely young daughter who has mild cerebral palsy; and during one of his middle-of-the-night strolls, he encounters his oddball doppelgänger.</p>",VHS,Media > Videos,,"Comedy, Formatted, Rental, VHS",false,Genre,Comedy,,,,,,,,,0.0,shopify,1,deny,manual,0.00,,true,true,,,,,191-VHSHOW-50-002A,https://cdn.shopify.com/s/files/1/0671/0552/1726/files/6SnhJrYar2gedIdyIqlLwagBmCr_5b256a76-3aae-4961-989a-3a79b12cd115.jpg?v=1787925764,1,How To Kill Your Neighbor's Dog (2002) poster,false,,,,,,,comedy,,,,,,,,,,,,lb,,,active
k-9-pi,K-9 Pi,<p>Dooley and his K-9 partner Jerry Lee are ready to retire from the police force. But before he can retire with his pension he must work as a P.I. to find a set of high tech computer chips.</p>,VHS,Media > Videos,,"Comedy, Formatted, Rental, VHS",false,Genre,Comedy,,,,,,,,,0.0,shopify,1,deny,manual,0.00,,true,true,,,,,191-VHSK9P-50-001A,https://cdn.shopify.com/s/files/1/0671/0552/1726/files/2RdyzWbN3zTF1559GRnLbamy3V4.jpg?v=1787925765,1,K-9 Pi (2002) poster,false,,,,,,,comedy,,,,,,,,,,,,lb,,,active
johnny-suede-1991,Johnny Suede 1991,,VHS,Media > Videos,,"Comedy, Formatted, Rental, VHS",false,Genre,Comedy,,,,,,,,,0.0,shopify,1,deny,manual,0.00,,true,true,,,,,191-VHSJOH-50-001A,,,,false,,,,,,,comedy,,,,,,,,,,,,lb,,,active
the-marx-brothers-in-the-coconuts,The Marx Brothers In The Coconuts,,VHS,Media > Videos,,"Comedy, Floor Sale, Formatted, VHS",false,Genre,Comedy,,,,,,,,,0.0,shopify,1,deny,manual,4.00,,true,true,,,,,191-VHSTH6-50-001A,,,,false,,,,,,,comedy,,,,,,,,,,,,lb,,,active
the-man-in-the-moon,The Man In The Moon,,VHS,Media > Videos,,"Drama, Formatted, Rental, VHS",false,Genre,Drama,,,,,,,,,0.0,shopify,1,deny,manual,0.00,,true,true,,,,,191-VHSTHM-50-001A,https://cdn.shopify.com/s/files/1/0671/0552/1726/files/57r0TXlqV5GIn4h0Htgh81OZou9.jpg?v=1787925769,1,The Man In The Moon poster,false,,,,,,,drama,,,,,,,,,,,,lb,,,active
get-shorty,Get Shorty,"<p>Chili Palmer is a Miami mobster who gets sent to L.A. to collect a bad debt from Harry Zimm, a Hollywood producer who specializes in cheesy horror films. When Chili meets Harry's leading lady, the romantic sparks fly. After pitching his own life story as a movie idea, Chili learns that being a mobster and being a Hollywood producer really aren't all that different.</p>",VHS,,,"Comedy, Floor Sale, Issue, No Price",true,Condition,50%,,Serial Number,001A,,,,,191-VHSGET-50-001A,0.0,shopify,1,deny,manual,0.00,,true,true,,,,,191-VHSGET-50-001A,https://image.tmdb.org/t/p/w1280/r82SdPhg4fnIcLt0ogIjQxqjdcO.jpg,,Get Shorty (1995) poster,false,,,,,,,,,,,,,,,,,,,lb,,,active
bring-it-on-again,Bring it On Again,"<p>When new students can't get onto their college cheerleading team, they form their own squad and prepare for a cheer off.</p>",VHS,Media > Videos,,"Comedy, Formatted, Rental, VHS",false,Genre,Comedy,,,,,,,,,0.0,shopify,1,deny,manual,0.00,,true,true,,,,,191-VHSBRI-50-001A,https://cdn.shopify.com/s/files/1/0671/0552/1726/files/slevjvJcGRvFZ3vwfbDdRfdLHG1_08db5b98-f290-4562-8f39-d195582a2460.jpg?v=1787925769,1,Bring it On Again (2004) poster,false,,,,,,,comedy,,,,,,,,,,,,lb,,,active
phenomenon,Phenomenon,,VHS,Media > Videos,,"Drama, Floor Sale, Formatted, VHS",false,Genre,Drama,,,,,,,,,0.0,shopify,1,deny,manual,5.00,,true,true,,,,,191-VHSPHE-50-002A,https://cdn.shopify.com/s/files/1/0671/0552/1726/files/5eK1HNf0Kl2vDPOeqf1kX4SKxrw.jpg?v=1787925771,1,Phenomenon poster,false,,,,,,,drama,,,,,,,,,,,,lb,,,active
angel-eyes,Angel Eyes,,VHS,Media > Videos,,"Drama, Floor Sale, Formatted, VHS",true,Genre,Drama,,,,,,,,,0.0,shopify,1,deny,manual,4.00,,true,true,,,,,191-VHSANG-50-001A,https://cdn.shopify.com/s/files/1/0671/0552/1726/files/0-1780437248643.jpg?v=1787925773,1,191-VHSANG-50-001A,false,,,,,,,drama,,,,,,,,,,,,lb,,,active
another-day-in-paradise,Another Day in Paradise,,VHS,Media > Videos,,"Drama, Floor Sale, Formatted, VHS",true,Genre,Drama,,,,,,,,,0.0,shopify,1,deny,manual,3.00,,true,true,,,,,191-VHSANO-50-001A,https://cdn.shopify.com/s/files/1/0671/0552/1726/files/0-1780437087365_91a7f01e-9bc5-441e-b244-640f455601f8.jpg?v=1787925773,1,191-VHSANO-50-001A,false,,,,,,,drama,,,,,,,,,,,,lb,,,active
backtrack-1992-directors-cut,BackTrack (1992 Director's Cut),,VHS,Media > Videos,,"Floor Sale, Formatted, Thriller, VHS",true,Genre,Thriller,,,,,,,,,0.0,shopify,1,deny,manual,6.00,,true,true,,,,,191-VHSBCK-50-001A,https://cdn.shopify.com/s/files/1/0671/0552/1726/files/0-1780436584746.jpg?v=1787925774,1,191-VHSBCK-50-001A,false,,,,,,,thriller,,,,,,,,,,,,lb,,,active
an-african-dream,An African Dream,<p>An Englishwoman travels to South Africa in 1906.</p>,VHS,Media > Videos,,"Drama, Formatted, Rental, VHS",true,Genre,Drama,,,,,,,,,0.0,shopify,1,deny,manual,0.00,,true,true,,,,,191-VHSNFR-50-001A,https://cdn.shopify.com/s/files/1/0671/0552/1726/files/0-1780434979171.jpg?v=1787925775,1,191-VHSNFR-50-001A,false,,,,,,,drama,,,,,,,,,,,,lb,,,active
an-american-summer-vhs,An American Summer [vhs],,VHS,Media > Videos,,"Drama, Formatted, Rental, VHS",false,Genre,Drama,,,,,,,,,0.0,shopify,1,deny,manual,0.00,,true,true,,,,,191-VHSNMR-50-001A,,,,false,,,,,,,drama,,,,,,,,,,,,lb,,,active
mr-death-the-rise-and-fall-of-fred-a-leuchter-jr,"Mr. Death: The Rise and Fall of Fred A. Leuchter, Jr.","<p>Documentary filmmaker Errol Morris investigates the case of a man who became an authority on capital punishment, but was discredited when he got involved on the wrong side of a court case. Leuchter, a meek man whose appearance belies his grim expertise, develops what he says is a more effective electric chair. Before long he's in demand from officials who want his opinions on other kinds of execution. But when called to aid the case of an accused Holocaust denier, Leuchter's problems begin.</p>",VHS,Media > Videos,,"Comedy, Floor Sale, Formatted, VHS",true,Genre,Comedy,,,,,,,,,0.0,shopify,1,deny,manual,8.00,,true,true,,,,,191-VHSMRD-50-002A,https://cdn.shopify.com/s/files/1/0671/0552/1726/files/0-1780424038650.jpg?v=1787925777,1,191-VHSMRD-50-002A,false,,,,,,,comedy,,,,,,,,,,,,lb,,,active
american-movie,American Movie,"<p>American Movie documents the story of filmmaker Mark Borchardt, his mission, and his dream. Spanning over two years of intense struggle with his film, his family, financial decline, and spiritual crisis, American Movie is a portrayal of ambition, obsession, excess, and one man's quest for the American Dream.</p>",VHS,Media > Videos,,"Comedy, Floor Sale, Formatted, VHS",true,Genre,Comedy,,,,,,,,,0.0,shopify,1,deny,manual,6.00,,true,true,,,,,191-VHSAM2-50-001A,https://cdn.shopify.com/s/files/1/0671/0552/1726/files/0-1780424082874.jpg?v=1787925777,1,191-VHSAM2-50-001A,false,,,,,,,comedy,,,,,,,,,,,,lb,,,active
missing-link-peter-elliot-vhs-rare-1st-edition-original-release-1989-mca,Missing Link Peter Elliot Vhs Rare 1st Edition Original Release 1989 Mca,,VHS,Media > Videos,,"Floor Sale, Formatted, Sci-Fi, VHS",true,Genre,Sci-Fi,,,,,,,,,0.0,shopify,1,deny,manual,19.00,,true,true,,,,,191-VHSMIS-50-001A,https://cdn.shopify.com/s/files/1/0671/0552/1726/files/0-1780423894895_22e91a1b-d413-489f-9a8f-c8a49adaf7e8.jpg?v=1787925779,1,191-VHSMIS-50-001A,false,,,,,,,sci-fi,,,,,,,,,,,,lb,,,active
american-pie-special-edition,AMERICAN PIE SPECIAL EDITION,,VHS,Media > Videos,,"Comedy, Formatted, Rental, VHS",true,Genre,Comedy,,,,,,,,,0.0,shopify,1,deny,manual,0.00,,true,true,,,,,191-VHSMRC-50-001A,https://cdn.shopify.com/s/files/1/0671/0552/1726/files/0-1780420834429.jpg?v=1787925779,1,191-VHSMRC-50-001A,false,,,,,,,comedy,,,,,,,,,,,,lb,,,active
america,AMERICA,,VHS,Media > Videos,,"Comedy, Floor Sale, Formatted, VHS",true,Genre,Comedy,,,,,,,,,0.0,shopify,1,deny,manual,13.00,,true,true,,,,,191-AMEAME-50-001A,https://cdn.shopify.com/s/files/1/0671/0552/1726/files/0-1780420406853_8bddb861-57a3-4fbf-818d-40032c5b8179.jpg?v=1787925781,1,191-AMEAME-50-001A,false,,,,,,,comedy,,,,,,,,,,,,lb,,,active
assassin,Assassin,,VHS,Media > Videos,,"Floor Sale, Formatted, Sci-Fi, VHS",true,Genre,Sci-Fi,,,,,,,,,0.0,shopify,1,deny,manual,7.00,,true,true,,,,,191-VHSASS-50-002A,https://cdn.shopify.com/s/files/1/0671/0552/1726/files/0-1780420165407.jpg?v=1787925783,1,191-VHSASS-50-002A,false,,,,,,,sci-fi,,,,,,,,,,,,lb,,,active
armed-and-dangerous,Armed and Dangerous,"<p>After policeman Frank Dooley is framed for theft and loses his job on the force, he joins a security guard agency and teams up with inept former defense lawyer Norman Kane. When the two botch a job guarding a local warehouse, they begin to uncover corruption within the company and their union.</p>",VHS,Media > Videos,,"Comedy, Floor Sale, Formatted, VHS",true,Genre,Comedy,,,,,,,,,0.0,shopify,1,deny,manual,6.00,,true,true,,,,,191-VHSARM-50-001A,https://cdn.shopify.com/s/files/1/0671/0552/1726/files/0-1780419582074.jpg?v=1787925783,1,191-VHSARM-50-001A,false,,,,,,,comedy,,,,,,,,,,,,lb,,,active
anne-of-green-gables,Anne of Green Gables,,VHS,Media > Videos,,"Floor Sale, Formatted, Kids & Family, VHS",true,Genre,Kids & Family,,,,,,,,,0.0,shopify,1,deny,manual,4.00,,true,true,,,,,191-VHSNNF-50-001A,https://cdn.shopify.com/s/files/1/0671/0552/1726/files/0-1780419303069_27bbed0f-64cc-408f-8e16-819c20e48e40.jpg?v=1787925785,1,191-VHSNNF-50-001A,false,,,,,,,kids-family,,,,,,,,,,,,lb,,,active
an-angel-at-my-table,An Angel at My Table,"<p>Based on the autobiographical work of New Zealand writer Janet Frame, this production depicts the author at various stage of her life. Afflicted with mental and emotional issues, Frame grows up in an impoverished family and experiences numerous tragedies while still in her youth, including the deaths of two of her siblings. Portrayed as an adult by Kerry Fox, Frame finds acclaim for her writing while still in a mental institution, and her success helps her move on with her life.</p>",VHS,Media > Videos,,"Drama, Formatted, Rental, VHS",true,Genre,Drama,,,,,,,,,0.0,shopify,1,deny,manual,0.00,,true,true,,,,,191-VHSANA-50-001A,https://cdn.shopify.com/s/files/1/0671/0552/1726/files/0-1780419104631.jpg?v=1787925786,1,191-VHSANA-50-001A,false,,,,,,,drama,,,,,,,,,,,,lb,,,active
apt-pupil,Apt Pupil,"<p>One day in 1984, Todd Bowden, a brilliant high school boy fascinated by the history of Nazism, stumbles across an old man whose appearance resembles that of Kurt Dussander, a wanted Nazi war criminal. A month later, Todd decides to knock on his door.</p>",VHS,Media > Videos,,"Formatted, Rental, Thriller, VHS",true,Genre,Thriller,,,,,,,,,0.0,shopify,1,deny,manual,0.00,,true,true,,,,,191-VHSAPT-50-001A,https://cdn.shopify.com/s/files/1/0671/0552/1726/files/0-1780418726166.jpg?v=1787925786,1,191-VHSAPT-50-001A,false,,,,,,,thriller,,,,,,,,,,,,lb,,,active
cold-front,Cold Front,,VHS,Media > Videos,,"Floor Sale, Formatted, Thriller, VHS",true,Genre,Thriller,,,,,,,,,0.0,shopify,1,deny,manual,3.00,,true,true,,,,,191-VHSCLD-50-001A,https://cdn.shopify.com/s/files/1/0671/0552/1726/files/0-1780418614405_2f309ace-cda3-41aa-aad8-a4f86e672ea1.jpg?v=1787925788,1,191-VHSCLD-50-001A,false,,,,,,,thriller,,,,,,,,,,,,lb,,,active
tootsie,Tootsie,"<p>When struggling, out of work actor Michael Dorsey secretly adopts a female alter ego—Dorothy Michaels—in order to land a part in a daytime drama, he unwittingly becomes a feminist icon and ends up in a romantic pickle.</p>",VHS,Media > Videos,,"Comedy, Floor Sale, Formatted, VHS",true,Genre,Comedy,,,,,,,,,0.0,shopify,1,deny,manual,6.00,,true,true,,,,,191-VHSTOO-50-001A,https://cdn.shopify.com/s/files/1/0671/0552/1726/files/0-1780418515886.jpg?v=1787925788,1,191-VHSTOO-50-001A,false,,,,,,,comedy,,,,,,,,,,,,lb,,,active
americas-great-national-parks-yosemite-yellowstone-grand-canyon-vhs-vcr-tapes,America's Great National Parks Yosemite Yellowstone Grand Canyon Vhs Vcr Tapes,,VHS,Media > Videos,,"Floor Sale, Formatted, Kids & Family, VHS",false,Genre,Kids & Family,,,,,,,,,0.0,shopify,1,deny,manual,6.00,,true,true,,,,,191-VHSAME-50-001A,,,,false,,,,,,,kids-family,,,,,,,,,,,,lb,,,draft
amys-o,Amy's O,,VHS,Media > Videos,,"Comedy, Formatted, Rental, VHS",true,Genre,Comedy,,,,,,,,,0.0,shopify,1,deny,manual,0.00,,true,true,,,,,191-VHSAMY-50-001A,https://cdn.shopify.com/s/files/1/0671/0552/1726/files/0-1780417621440.jpg?v=1787925790,1,191-VHSAMY-50-001A,false,,,,,,,comedy,,,,,,,,,,,,lb,,,active
the-assassination-file,The Assassination File,<p>An ex-FBI agent gradually uncovers the nature of a conspiracy behind the death of a black presidential candidate</p>,VHS,Media > Videos,,"Action, Floor Sale, Formatted, VHS",true,Genre,Action,,,,,,,,,0.0,shopify,1,deny,manual,3.00,,true,true,,,,,191-VHSTH4-50-001A,https://cdn.shopify.com/s/files/1/0671/0552/1726/files/0-1780416828993.jpg?v=1787925790,1,191-VHSTH4-50-001A,false,,,,,,,action,,,,,,,,,,,,lb,,,active
the-capitol-conspiracy,The Capitol Conspiracy,"<p>Martial arts star Don ""The Dragon"" Wilson stars in this action/suspense story. A child is recruited to take part in a secret government experiment which results in him being able to see into the future. Years later, the child is an adult and is working for the government; his latest assignment is to find the other people who were part of the same project. Before long, he discovers the other test subjects usually pop up murdered shortly before he can talk to them, and he realizes he may well be the next target.</p>",VHS,Media > Videos,,"Formatted, Rental, Thriller, VHS",true,Genre,Thriller,,,,,,,,,0.0,shopify,1,deny,manual,0.00,,true,true,,,,,191-VHSTHC-50-001A,https://cdn.shopify.com/s/files/1/0671/0552/1726/files/0-1780416693529.jpg?v=1787925791,1,191-VHSTHC-50-001A,false,,,,,,,thriller,,,,,,,,,,,,lb,,,active
armstrong,Armstrong,,VHS,Media > Videos,,"Action, Formatted, Rental, VHS",true,Genre,Action,,,,,,,,,0.0,shopify,1,deny,manual,0.00,,true,true,,,,,191-TRIARM-50-001A,https://cdn.shopify.com/s/files/1/0671/0552/1726/files/0-1780416568803.jpg?v=1787925792,1,191-TRIARM-50-001A,false,,,,,,,action,,,,,,,,,,,,lb,,,active
the-arrogant,The Arrogant,"<p>The Arrogant is a 1987 action-thriller directed, written, and produced by Philippe Blot. This film stars Gary Graham and Sylvia Kristel, Giovanni and Julie, as two strangers who meet on a desert highway. As they travel together, they encounter many strange situations that are often religious and/or sexual in nature. The uninhibited and arrogant Giovanni is usually the cause of most of these dilemmas they come across.</p>",VHS,Media > Videos,,"Action, Floor Sale, Formatted, VHS",true,Genre,Action,,,,,,,,,0.0,shopify,1,deny,manual,5.00,,true,true,,,,,191-VHSTH3-50-001A,https://cdn.shopify.com/s/files/1/0671/0552/1726/files/0-1780416474968.jpg?v=1787925792,1,191-VHSTH3-50-001A,false,,,,,,,action,,,,,,,,,,,,lb,,,active
colors,Colors,,VHS,Media > Videos,,"Action, Floor Sale, Formatted, VHS",true,Genre,Action,,,,,,,,,0.0,shopify,1,deny,manual,6.00,,true,true,,,,,191-VHSCOL-50-001A,https://cdn.shopify.com/s/files/1/0671/0552/1726/files/0-1780416267384.jpg?v=1787925793,1,191-VHSCOL-50-001A,false,,,,,,,action,,,,,,,,,,,,lb,,,active
baxter,BAXTER,,VHS,Media > Videos,,"Comedy, Floor Sale, Formatted, VHS",true,Genre,Comedy,,,,,,,,,0.0,shopify,1,deny,manual,8.00,,true,true,,,,,191-VHSBAX-50-001A,https://cdn.shopify.com/s/files/1/0671/0552/1726/files/0-1780416055924_1f633237-f222-4514-8458-dc2a6f809113.jpg?v=1787925794,1,191-VHSBAX-50-001A,false,,,,,,,comedy,,,,,,,,,,,,lb,,,active
beethoven,Beethoven,,VHS,Media > Videos,,"Formatted, Kids & Family, Rental, VHS",true,Genre,Kids & Family,,,,,,,,,0.0,shopify,1,deny,manual,0.00,,true,true,,,,,191-VHSBEE-50-001A,https://cdn.shopify.com/s/files/1/0671/0552/1726/files/0-1780414707097.jpg?v=1787925795,1,191-VHSBEE-50-001A,false,,,,,,,kids-family,,,,,,,,,,,,lb,,,active
the-ascent,The Ascent,,VHS,Media > Videos,,"Action, Floor Sale, Formatted, VHS",true,Genre,Action,,,,,,,,,0.0,shopify,1,deny,manual,3.00,,true,true,,,,,191-VHSTH5-50-001A,https://cdn.shopify.com/s/files/1/0671/0552/1726/files/0-1780419948036.jpg?v=1787925796,1,191-VHSTH5-50-001A,false,,,,,,,action,,,,,,,,,,,,lb,,,active
b-a-d-cats,B.A.D. Cats,,VHS,Media > Videos,,"Action, Floor Sale, Formatted, VHS",true,Genre,Action,,,,,,,,,0.0,shopify,1,deny,manual,12.00,,true,true,,,,,191-BDCBAD-50-001A,,,,false,,,,,,,action,,,,,,,,,,,,lb,,,active
barb-wire,Barb Wire,,VHS,Media > Videos,,"Action, Floor Sale, Formatted, VHS",true,Genre,Action,,,,,,,,,0.0,shopify,1,deny,manual,6.00,,true,true,,,,,191-VHSBAR-50-001A,https://cdn.shopify.com/s/files/1/0671/0552/1726/files/0-1780415051101.jpg?v=1787925798,1,191-VHSBAR-50-001A,false,,,,,,,action,,,,,,,,,,,,lb,,,active
dancing-in-the-dark,Dancing in the Dark,,VHS,Media > Videos,,"Drama, Floor Sale, Formatted, VHS",true,Genre,Drama,,,,,,,,,0.0,shopify,1,deny,manual,5.00,,true,true,,,,,191-VHSDAN-50-001A,https://cdn.shopify.com/s/files/1/0671/0552/1726/files/0-1780414937781.jpg?v=1787925799,1,191-VHSDAN-50-001A,false,,,,,,,drama,,,,,,,,,,,,lb,,,active
the-assignment,The Assignment,,VHS,Media > Videos,,"Formatted, Rental, Thriller, VHS",false,Genre,Thriller,,,,,,,,,0.0,shopify,1,deny,manual,0.00,,true,true,,,,,191-NKNTHE-50-001A,https://cdn.shopify.com/s/files/1/0671/0552/1726/files/3wx83iGCATiIAyrZHI6AeeNfiAT.jpg?v=1787925801,1,The Assignment poster,false,,,,,,,thriller,,,,,,,,,,,,lb,,,draft
anna-karenina,Anna Karenina,,VHS,Media > Videos,,"Drama, Floor Sale, Formatted, VHS",false,Genre,Drama,,,,,,,,,0.0,shopify,1,deny,manual,8.00,,true,true,,,,,191-VHSANN-50-001A,https://cdn.shopify.com/s/files/1/0671/0552/1726/files/b9mvt1kKqDuveD1AJuGSkBEuagU.jpg?v=1787925802,1,Anna Karenina poster,false,,,,,,,drama,,,,,,,,,,,,lb,,,draft
the-dawning,The Dawning,<p>An IRA gunman on the run from the government meets an idealistic young woman and attempts to win her support for his cause.</p>,VHS,Media > Videos,,"Drama, Floor Sale, Formatted, VHS",true,Genre,Drama,,,,,,,,,0.0,shopify,1,deny,manual,3.00,,true,true,,,,,191-VHSTHD-50-001A,https://cdn.shopify.com/s/files/1/0671/0552/1726/files/0-1780413810115_d4bd8fc1-db9e-4630-bfa3-99ea4d99d5f8.jpg?v=1787925802,1,191-VHSTHD-50-001A,false,,,,,,,drama,,,,,,,,,,,,lb,,,active
arlington-road-vhs-1999-jeff-bridges-tim-robbins,"Arlington Road (vhs, 1999) Jeff Bridges, Tim Robbins",,VHS,Media > Videos,,"Action, Floor Sale, Formatted, VHS",false,Genre,Action,,,,,,,,,0.0,shopify,1,deny,manual,6.00,,true,true,,,,,191-NKNARL-50-001A,,,,false,,,,,,,action,,,,,,,,,,,,lb,,,draft
josie-and-the-pussycats,Josie and the Pussycats,"<p>Josie, Melody and Val are three small-town girl musicians determined to take their rock band out of their garage and straight to the top, while remaining true to their look, style and sound. They get a record deal which brings fame and fortune but soon realize they are pawns of two people who want to control the youth of America. They must clear their names, even if it means losing fame and fortune.</p>",VHS,Media > Videos,,"Comedy, Floor Sale, Formatted, VHS",true,Genre,Comedy,,,,,,,,,0.0,shopify,1,deny,manual,14.00,,true,true,,,,,191-VHSJOS-50-001A,https://cdn.shopify.com/s/files/1/0671/0552/1726/files/0-1780412173393_3f3344e6-ef0c-4f49-ae68-d87ea66e5632.jpg?v=1787925804,1,191-VHSJOS-50-001A,false,,,,,,,comedy,,,,,,,,,,,,lb,,,active
back-to-school,Back to School,,VHS,Media > Videos,,"Comedy, Floor Sale, Formatted, VHS",true,Genre,Comedy,,,,,,,,,0.0,shopify,1,deny,manual,8.00,,true,true,,,,,191-VHSBAC-50-001A,https://cdn.shopify.com/s/files/1/0671/0552/1726/files/0-1780413329161.jpg?v=1787925805,1,191-VHSBAC-50-001A,false,,,,,,,comedy,,,,,,,,,,,,lb,,,active
speechless,Speechless,,VHS,Media > Videos,,"Comedy, Floor Sale, Formatted, VHS",true,Genre,Comedy,,,,,,,,,0.0,shopify,1,deny,manual,5.00,,true,true,,,,,191-VHSSPE-50-001A,https://cdn.shopify.com/s/files/1/0671/0552/1726/files/0-1780413245101.jpg?v=1787925805,1,191-VHSSPE-50-001A,false,,,,,,,comedy,,,,,,,,,,,,lb,,,active
quick-change,Quick Change,,VHS,Media > Videos,,"Comedy, Floor Sale, Formatted, VHS",true,Genre,Comedy,,,,,,,,,0.0,shopify,1,deny,manual,6.00,,true,true,,,,,191-VHSQUI-50-001A,https://cdn.shopify.com/s/files/1/0671/0552/1726/files/0-1780413120619_21b3e40c-3fd0-4bd3-944c-c661dbe684e8.jpg?v=1787925807,1,191-VHSQUI-50-001A,false,,,,,,,comedy,,,,,,,,,,,,lb,,,active
all-i-wanna-do,All I Wanna Do,"<p>'All I Wanna Do' follows the dreams of a 48-year-old Simohamed who works as a parking guard and his 17-year-old son who acts in Hollywood films such as 'Charlie Wilson's War' posing as the crippled Afghan boy or Iraqi war victim. When his dreams of going to Hollywood are dashed he turns to music and forms a hip hop group with his father leaving his slum. Like fish out of water, the duo set out to meet their heroes, enter studios and radio stations for the first time in an adventure through the music industry of Casablanca.</p>",VHS,Media > Videos,,"Comedy, Floor Sale, Formatted, VHS",true,Genre,Comedy,,,,,,,,,0.0,shopify,1,deny,manual,3.00,,true,true,,,,,191-UNKALL-50-001A,https://cdn.shopify.com/s/files/1/0671/0552/1726/files/0-1780412918575.jpg?v=1787925807,1,191-UNKALL-50-001A,false,,,,,,,comedy,,,,,,,,,,,,lb,,,active
a-day-at-the-races,A DAY at the RACES,"<p>Doctor Hugo Hackenbush, Tony, and Stuffy try and save Judy's sanitarium by winning a big race with a finicky horse owned by Judy's boyfriend Gil. There are a few problems. Hackenbush, who was recently put in charge of the sanitarium, isn't really a doctor, he's a veterinarian.</p>",VHS,Media > Videos,,"Comedy, Floor Sale, Formatted, VHS",true,Genre,Comedy,,,,,,,,,0.0,shopify,1,deny,manual,4.00,,true,true,,,,,191-VHSADA-50-001A,https://cdn.shopify.com/s/files/1/0671/0552/1726/files/0-1780412583105_45357a61-4ab7-435d-b61d-592239b9ee68.jpg?v=1787925808,1,191-VHSADA-50-001A,false,,,,,,,comedy,,,,,,,,,,,,lb,,,active
thelma-louise,Thelma & Louise,"<p>Taking a break from their dreary lives, close friends Thelma and Louise embark on a short weekend trip that ends in unforeseen incriminating circumstances. As fugitives, both women rediscover the strength of their bond and their newfound resilience.</p>",VHS,Media > Videos,,"Comedy, Formatted, Rental, VHS",true,Genre,Comedy,,,,,,,,,0.0,shopify,1,deny,manual,0.00,,true,true,,,,,191-VHSTH2-50-001A,https://cdn.shopify.com/s/files/1/0671/0552/1726/files/0-1780412496345.jpg?v=1787925808,1,191-VHSTH2-50-001A,false,,,,,,,comedy,,,,,,,,,,,,lb,,,active
a-league-of-their-own-madonna-tom-hanks-geena-davis-vhs,"A League Of Their Own Madonna, Tom Hanks, Geena Davis Vhs",,VHS,Media > Videos,,"Comedy, Formatted, Rental, VHS",true,Genre,Comedy,,,,,,,,,0.0,shopify,1,deny,manual,0.00,,true,true,,,,,191-NKNALE-50-001A,https://cdn.shopify.com/s/files/1/0671/0552/1726/files/0-1780412332044.jpg?v=1787925809,1,191-NKNALE-50-001A,false,,,,,,,comedy,,,,,,,,,,,,lb,,,active
suppose-they-gave-a-war-and-nobody-came,Suppose They Gave a War and Nobody Came?,"<p>War is brewing between the soldiers at an otherwise quiet army base and the civilians of a nearby Southern town. Brian Keith is an officer who tries to keep the peace. However, peace is hard to come by with Ernest Borgnine as a stereotypical dumb hick sheriff who's quick to call in the local militia. Tony Curtis plays a skirt-chasing sergeant who can't stay out of trouble and soon lands in jail. Brian Keith borrows a tank to release his friend from jail. Things get more chaotic after that.</p>",VHS,Media > Videos,,"Comedy, Formatted, Rental, VHS",true,Genre,Comedy,,,,,,,,,0.0,shopify,1,deny,manual,0.00,,true,true,,,,,191-VHSSUP-50-001A,https://cdn.shopify.com/s/files/1/0671/0552/1726/files/0-1780443964626.jpg?v=1787925810,1,191-VHSSUP-50-001A,false,,,,,,,comedy,,,,,,,,,,,,lb,,,active
wrong-is-right,Wrong is Right,"<p>Political double-talk, dirty tricks, hidden microphones, spy satellites, bugging the Oval Office and a nuclear bomb for sale are all ingredients in this swift, funny and frightening look at the possibilities in today's political arenas. Sean Connery stars as TV Newsman Patrick Hale on an international chase to track two suitcase sized nuclear weapons and to uncover the twisting maze of apparent involvement of US Government agencies.</p>",VHS,Media > Videos,,"Comedy, Floor Sale, Formatted, VHS",false,Genre,Comedy,,,,,,,,,0.0,shopify,1,deny,manual,6.00,,true,true,,,,,191-VHSWRO-50-001A,https://cdn.shopify.com/s/files/1/0671/0552/1726/files/bFEucZZiCvKMX8GLlyepwppoX9f.jpg?v=1787925810,1,Wrong is Right (1982) poster,false,,,,,,,comedy,,,,,,,,,,,,lb,,,draft
box-of-moonlight,Box of Moonlight,"<p>Al Fountain, a middle-aged electrical engineer, is on the verge of a mid-life crisis, when he decides to take his time coming home from a business trip, rents a car, and heads out looking for a lake he remembers from his childhood. But his wandering takes him into the life of Kid, a free-spirited young man who helps Al escape from the routine of everyday life and find freedom to enjoy himself.</p>",VHS,Media > Videos,,"Comedy, Floor Sale, Formatted, VHS",true,Genre,Comedy,,,,,,,,,0.0,shopify,1,deny,manual,7.00,,true,true,,,,,191-VHSBOX-50-001A,https://cdn.shopify.com/s/files/1/0671/0552/1726/files/0-1780418275734.jpg?v=1787925814,1,191-VHSBOX-50-001A,false,,,,,,,comedy,,,,,,,,,,,,lb,,,active
spy-kids-2-the-island-of-lost-dreams,Spy Kids 2: The Island of Lost Dreams,"<p>Exploring the further adventures of Carmen and Juni Cortez, who have now joined the family spy business as Level 2 OSS agents. Their new mission is to save the world from a mad scientist living on a volcanic island populated by an imaginative menagerie of creatures. On this bizarre island, none of the Cortez's gadgets work and they must rely on their wits--and each other--to survive and save the day.</p>",VHS,Media > Videos,,"Floor Sale, Formatted, Kids & Family, VHS",true,Genre,Kids & Family,,,,,,,,,0.0,shopify,1,deny,manual,4.00,,true,true,,,,,03013626,https://cdn.shopify.com/s/files/1/0671/0552/1726/files/z8pfWCk6SlxxDLXXQdUHdxF5dwJ.jpg?v=1787925811,1,Spy Kids 2: The Island of Lost Dreams (2002) poster,false,,,,,,,kids-family,,,,,,,,,,,,lb,,,active
out-to-sea,Out to Sea,"<p>Care-free Charlie cons his widower brother-in-law Herb into an expenses-paid luxury cruise in search of rich, lonely ladies. The catch is that they are required to be dance hosts! With a tyrannical cruise director, and the luscious Liz and lovely Vivian, our heroes have lots of mis-adventures before they finally return to port.</p>",VHS,Media > Videos,,"Comedy, Formatted, Rental, VHS",true,Genre,Comedy,,,,,,,,,0.0,shopify,1,deny,manual,0.00,,true,true,,,,,191-VHSTTS-001A,https://cdn.shopify.com/s/files/1/0671/0552/1726/files/0-1780186370359.jpg?v=1787925812,1,Out to Sea poster,false,,,,,,,comedy,,,,,,,,,,,,lb,,,active
second-sight,Second Sight,,VHS,Media > Videos,,"Comedy, Floor Sale, Formatted, VHS",false,Genre,Comedy,,,,,,,,,0.0,shopify,1,deny,manual,10.00,,true,true,,,,,191-VHSSEC-001A,https://cdn.shopify.com/s/files/1/0671/0552/1726/files/sWSbP9sZ5VpHLVYtBmwoTjmlgpj.jpg?v=1787925814,1,Second Sight poster,false,,,,,,,comedy,,,,,,,,,,,,lb,,,draft
three-oclock-high,Three O'Clock High,"<p>Nerdy high schooler Jerry Mitchell is assigned to write an article for the school paper about the infamous new delinquent transfer student, Buddy Revell. When Jerry accidentally invades Buddy's personal space and touches him, Buddy challenges Jerry to an afterschool fight in the parking lot, which Jerry tries to avoid at all costs.</p>",VHS,Media > Videos,,"Comedy, Floor Sale, Formatted, VHS",true,Genre,Comedy,,,,,,,,,0.0,shopify,1,deny,manual,50.00,,true,true,,,,,191-VHSTHH-002A,https://cdn.shopify.com/s/files/1/0671/0552/1726/files/0-1780186163587.jpg?v=1787925814,1,Three O'Clock High poster,false,,,,,,,comedy,,,,,,,,,,,,lb,,,active
pocket-money,Pocket Money,,VHS,Media > Videos,,"Comedy, Formatted, Rental, VHS",true,Genre,Comedy,,,,,,,,,0.0,shopify,1,deny,manual,0.00,,true,true,,,,,191-VHSPOC-001A,https://cdn.shopify.com/s/files/1/0671/0552/1726/files/0-1780186502426.jpg?v=1787925815,1,Pocket Money poster,false,,,,,,,comedy,,,,,,,,,,,,lb,,,active
sunburn,Sunburn,,VHS,Media > Videos,,"Comedy, Floor Sale, Formatted, VHS",true,Genre,Comedy,,,,,,,,,0.0,shopify,1,deny,manual,35.00,,true,true,,,,,191-VHSSUN-002A,https://cdn.shopify.com/s/files/1/0671/0552/1726/files/0-1780185986514.jpg?v=1787925815,1,Sunburn poster,false,,,,,,,comedy,,,,,,,,,,,,lb,,,active
an-evening-with-robin-williams-live-uncensored,An Evening With Robin Williams: Live & Uncensored,,VHS,Media > Videos,,"Comedy, Floor Sale, Formatted, VHS",true,Genre,Comedy,,,,,,,,,0.0,shopify,1,deny,manual,6.00,,true,true,,,,,191-VHSANE-001A,https://cdn.shopify.com/s/files/1/0671/0552/1726/files/0-1780185844146.jpg?v=1787925816,1,An Evening With Robin Williams: Live & Uncensored poster,false,,,,,,,comedy,,,,,,,,,,,,lb,,,active
win-place-or-steal,"Win, Place or Steal","<p>Three friends have two things in common: (1) they like to bet on the horses at the track, and (2) they invariably lose. One day they hit upon a scheme to steal one of the track's betting machines, so that they'd be able to print winning tickets and recoup the money they've lost over the years. However, things don't go exactly as planned.</p>",VHS,Media > Videos,,"Comedy, Formatted, Rental, VHS",true,Genre,Comedy,,,,,,,,,0.0,shopify,1,deny,manual,0.00,,true,true,,,,,191-VHSWIN-001A,https://cdn.shopify.com/s/files/1/0671/0552/1726/files/0-1780185727245_fe75f135-443f-4a7c-bf51-ba42f00f1428.jpg?v=1787925816,1,"Win, Place or Steal poster",false,,,,,,,comedy,,,,,,,,,,,,lb,,,active
the-jerk,The Jerk,,VHS,Media > Videos,,"Comedy, Floor Sale, Formatted, VHS",true,Genre,Comedy,,,,,,,,,0.0,shopify,1,deny,manual,9.00,,true,true,,,,,191-VHSTHK-001A,https://cdn.shopify.com/s/files/1/0671/0552/1726/files/0-1780185627543.jpg?v=1787925817,1,The Jerk poster,false,,,,,,,comedy,,,,,,,,,,,,lb,,,active
twins,Twins,,VHS,Media > Videos,,"Comedy, Floor Sale, Formatted, VHS",true,Genre,Comedy,,,,,,,,,0.0,shopify,1,deny,manual,6.00,,true,true,,,,,191-MCATWI-002A,https://cdn.shopify.com/s/files/1/0671/0552/1726/files/0-1780185582182.jpg?v=1787925818,1,Twins poster,false,,,,,,,comedy,,,,,,,,,,,,lb,,,active
the-out-of-towners,The Out-of-Towners,,VHS,Media > Videos,,"Comedy, Floor Sale, Formatted, VHS",false,Genre,Comedy,,,,,,,,,0.0,shopify,1,deny,manual,5.00,,true,true,,,,,191-VHSTHT-001A,https://cdn.shopify.com/s/files/1/0671/0552/1726/files/wOmLJYh7oOfATE236XpoDfcXhOh.jpg?v=1787925820,1,The Out-of-Towners poster,false,,,,,,,comedy,,,,,,,,,,,,lb,,,draft
road-to-ruin,Road to Ruin,,VHS,Media > Videos,,"Comedy, Floor Sale, Formatted, VHS",true,Genre,Comedy,,,,,,,,,0.0,shopify,1,deny,manual,3.00,,true,true,,,,,191-VHSROA-001A,https://cdn.shopify.com/s/files/1/0671/0552/1726/files/0-1780185691187_258acd71-ed3d-46b5-aa4b-26de62053944.jpg?v=1787925821,1,Road to Ruin poster,false,,,,,,,comedy,,,,,,,,,,,,lb,,,active
out-on-a-limb,Out on a Limb,,VHS,Media > Videos,,"Comedy, Floor Sale, Formatted, VHS",true,Genre,Comedy,,,,,,,,,0.0,shopify,1,deny,manual,7.00,,true,true,,,,,191-VHSTNL-001A,https://cdn.shopify.com/s/files/1/0671/0552/1726/files/0-1780185348624.jpg?v=1787925821,1,Out on a Limb poster,false,,,,,,,comedy,,,,,,,,,,,,lb,,,active
the-jerky-boys-the-movie,The Jerky Boys: The Movie,,VHS,Media > Videos,,"Comedy, Floor Sale, Formatted, VHS",true,Genre,Comedy,,,,,,,,,0.0,shopify,1,deny,manual,14.00,,true,true,,,,,191-VHSTHJ-001A,https://cdn.shopify.com/s/files/1/0671/0552/1726/files/0-1780185030687.jpg?v=1787925822,1,The Jerky Boys: The Movie poster,false,,,,,,,comedy,,,,,,,,,,,,lb,,,active
static,Static,,VHS,Media > Videos,,"Comedy, Formatted, Rental, VHS",false,Genre,Comedy,,,,,,,,,0.0,shopify,1,deny,manual,0.00,,true,true,,,,,191-VHSSTA-001A,https://cdn.shopify.com/s/files/1/0671/0552/1726/files/ecPbDVrirQgXcjOrwfyFBOQmq1S.jpg?v=1787925823,1,Static poster,false,,,,,,,comedy,,,,,,,,,,,,lb,,,draft
deconstructing-harry,Deconstructing Harry,"<p>Writer Harry Block draws inspiration from people he knows, and from events that happened to him, sometimes causing these people to become alienated from him as a result.</p>",VHS,Media > Videos,,"Comedy, Floor Sale, Formatted, VHS",true,Genre,Comedy,,,,,,,,,0.0,shopify,1,deny,manual,5.00,,true,true,,,,,191-VHSDEC-001A,https://cdn.shopify.com/s/files/1/0671/0552/1726/files/0-1780181449962.jpg?v=1787925824,1,Deconstructing Harry poster,false,,,,,,,comedy,,,,,,,,,,,,lb,,,active
mr-nice-guy,MR. NICE GUY,,VHS,Media > Videos,,"Comedy, Formatted, Rental, VHS",true,Genre,Comedy,,,,,,,,,0.0,shopify,1,deny,manual,0.00,,true,true,,,,,191-VHSMRN-001A,https://cdn.shopify.com/s/files/1/0671/0552/1726/files/0-1780181330655.jpg?v=1787925824,1,MR. NICE GUY poster,false,,,,,,,comedy,,,,,,,,,,,,lb,,,active
the-life-aquatic-with-steve-zissou,The Life Aquatic with Steve Zissou,"<p>Renowned oceanographer Steve Zissou has sworn vengeance upon the rare shark that devoured a member of his crew. In addition to his regular team, he is joined on his boat by Ned, a man who believes Zissou to be his father, and Jane, a journalist pregnant by a married man. They travel the sea, all too often running into pirates and, perhaps more traumatically, various figures from Zissou's past, including his estranged wife, Eleanor.</p>",VHS,Media > Videos,,"Comedy, Floor Sale, Formatted, VHS",true,Genre,Comedy,,,,,,,,,0.0,shopify,1,deny,manual,10.00,,true,true,,,,,191-VHSTHL-001A,https://cdn.shopify.com/s/files/1/0671/0552/1726/files/0-1780181107397.jpg?v=1787925825,1,The Life Aquatic with Steve Zissou poster,false,,,,,,,comedy,,,,,,,,,,,,lb,,,active
loose-cannons,Loose Cannons,,VHS,Media > Videos,,"Comedy, Floor Sale, Formatted, VHS",true,Genre,Comedy,,,,,,,,,0.0,shopify,1,deny,manual,4.00,,true,true,,,,,191-VHSLOO-F-001A,https://cdn.shopify.com/s/files/1/0671/0552/1726/files/0-1780181010936.jpg?v=1787925825,1,Loose Cannons poster,false,,,,,,,comedy,,,,,,,,,,,,lb,,,active
the-secret-diary-of-sigmund-freud,The Secret Diary of Sigmund Freud,<p>Screwball account of the legendary psychologist's life leading up to his ground-breaking theories.</p>,VHS,Media > Videos,,"Comedy, Floor Sale, Formatted, VHS",true,Genre,Comedy,,,,,,,,,0.0,shopify,1,deny,manual,6.00,,true,true,,,,,191-VHSTHS-F-001A,https://cdn.shopify.com/s/files/1/0671/0552/1726/files/0-1780180895265.jpg?v=1787925826,1,The Secret Diary of Sigmund Freud poster,false,,,,,,,comedy,,,,,,,,,,,,lb,,,active
my-boyfriends-back,My Boyfriend's Back,,VHS,Media > Videos,,"Comedy, Floor Sale, Formatted, VHS",true,Genre,Comedy,,,,,,,,,0.0,shopify,1,deny,manual,5.00,,true,true,,,,,191-VHSMYB-F-001A,https://cdn.shopify.com/s/files/1/0671/0552/1726/files/0-1780180538120.jpg?v=1787925827,1,My Boyfriend's Back poster,false,,,,,,,comedy,,,,,,,,,,,,lb,,,active
relax-its-just-sex,Relax... It's Just Sex!,"<p>A tight-knit group of thirty-somethings -- gay, lesbian and straight -- struggle to live, love and stay friends in modern-day Los Angeles as circumstances conspire to tear them apart.</p>",VHS,Media > Videos,,"Comedy, Floor Sale, Formatted, VHS",true,Genre,Comedy,,,,,,,,,0.0,shopify,1,deny,manual,7.00,,true,true,,,,,191-VHSREL-F-001A,https://cdn.shopify.com/s/files/1/0671/0552/1726/files/0-1780180305457_a31fafd8-7058-4e6d-beec-0179ac43a58b.jpg?v=1787925827,1,Relax... It's Just Sex! poster,false,,,,,,,comedy,,,,,,,,,,,,lb,,,active
jerry-seinfeld-comedian-demo-tape,Jerry Seinfeld: Comedian (Demo Tape),,VHS,Media > Videos,,"Comedy, Floor Sale, Formatted, VHS",true,Genre,Comedy,,,,,,,,,0.0,shopify,1,deny,manual,4.00,,true,true,,,,,191-VHSJER-F-001A,https://cdn.shopify.com/s/files/1/0671/0552/1726/files/0-1780180025880.jpg?v=1787925828,1,Jerry Seinfeld: Comedian (Demo Tape) poster,false,,,,,,,comedy,,,,,,,,,,,,lb,,,active
powwow-highway,Powwow Highway,"<p>Two Northern Cheyenne men take a road trip from Montana to New Mexico to bail out the sister of one of them who has been framed and arrested in Santa Fe. On the way, they begin to reconnect to their spiritual heritage.</p>",VHS,Media > Videos,,"Comedy, Floor Sale, Formatted, VHS",true,Genre,Comedy,,,,,,,,,0.0,shopify,1,deny,manual,22.00,,true,true,,,,,191-VHSPOW-F-001A,https://cdn.shopify.com/s/files/1/0671/0552/1726/files/0-1780179232166.jpg?v=1787925828,1,Powwow Highway poster,false,,,,,,,comedy,,,,,,,,,,,,lb,,,active
manhattan-murder-mystery,Manhattan Murder Mystery,<p>A middle-aged couple suspects foul play when their neighbor's wife suddenly drops dead.</p>,VHS,Media > Videos,,"Comedy, Floor Sale, Formatted, VHS",true,Genre,Comedy,,,,,,,,,0.0,shopify,1,deny,manual,5.00,,true,true,,,,,191-VHSMAN-F-001A,https://cdn.shopify.com/s/files/1/0671/0552/1726/files/0-1780179444082.jpg?v=1787925829,1,Manhattan Murder Mystery poster,false,,,,,,,comedy,,,,,,,,,,,,lb,,,active
sprung-way-past-whipped,Sprung: Way Past Whipped!,,VHS,Media > Videos,,"Comedy, Floor Sale, Formatted, VHS",true,Genre,Comedy,,,,,,,,,0.0,shopify,1,deny,manual,5.00,,true,true,,,,,191-VHSSPR-50-002A,https://cdn.shopify.com/s/files/1/0671/0552/1726/files/0-1780179145726.jpg?v=1787925830,1,Sprung: Way Past Whipped! poster,false,,,,,,,comedy,,,,,,,,,,,,lb,,,active
the-errand-boy,The Errand Boy,,VHS,Media > Videos,,"Comedy, Floor Sale, Formatted, VHS",true,Genre,Comedy,,,,,,,,,0.0,shopify,1,deny,manual,4.00,,true,true,,,,,191-VHSTHY-50-002A,https://cdn.shopify.com/s/files/1/0671/0552/1726/files/0-1780179089586.jpg?v=1787925830,1,The Errand Boy poster,false,,,,,,,comedy,,,,,,,,,,,,lb,,,active
whos-the-man,Who's the Man?,"<p>Ed Lover and Doctor Dre are two inept barbers. Deciding that maybe they ought to find another line of work, they join the police. A big mistake, as far as their duty sergeant, Sgt Cooper is concerned, who proceeds to harass them at every turn. Despite this, they discover a major crime, and proceed to solve it in their own unusual fashion.</p>",VHS,Media > Videos,,"Comedy, Formatted, new-arrival, Rental, VHS",true,Genre,Comedy,,,,,,,,,0.0,shopify,1,deny,manual,0.00,,true,true,,,,,191-VHSWHO-F-001A,https://cdn.shopify.com/s/files/1/0671/0552/1726/files/0-1780178966873.jpg?v=1787925831,1,Who's the Man? poster,false,,,,,,,comedy,,,,,,,,,,,,lb,,,active
only-the-lonely,Only the Lonely,,VHS,Media > Videos,,"Comedy, Floor Sale, Formatted, VHS",true,Genre,Comedy,,,,,,,,,0.0,shopify,1,deny,manual,10.00,,true,true,,,,,191-VHSONL-F-001A,https://cdn.shopify.com/s/files/1/0671/0552/1726/files/0-1780178868360.jpg?v=1787925831,1,Only the Lonely poster,false,,,,,,,comedy,,,,,,,,,,,,lb,,,active
the-grifters,The Grifters,"<p>A small-time conman has his loyalties torn between his estranged mother and his new girlfriend, both of whom are high-stakes grifters with their own angles to play.</p>",VHS,Media > Videos,,"Comedy, Formatted, new-arrival, Rental, VHS",true,Genre,Comedy,,,,,,,,,0.0,shopify,1,deny,manual,0.00,,true,true,,,,,191-VHSTHG-F-001A,https://cdn.shopify.com/s/files/1/0671/0552/1726/files/0-1780178767466.jpg?v=1787925832,1,The Grifters poster,false,,,,,,,comedy,,,,,,,,,,,,lb,,,active
with-friends-like-these,With Friends Like These,,VHS,Media > Videos,,"Comedy, Floor Sale, Formatted, VHS",true,Genre,Comedy,,,,,,,,,0.0,shopify,1,deny,manual,3.00,,true,true,,,,,191-VHSWIT-F-001A,https://cdn.shopify.com/s/files/1/0671/0552/1726/files/0-1780178662065.jpg?v=1787925833,1,With Friends Like These poster,false,,,,,,,comedy,,,,,,,,,,,,lb,,,active
the-adventures-of-pluto-nash,The Adventures of Pluto Nash,"<p>The year is 2087, the setting is the moon. Pluto Nash, the high-flying successful owner of the hottest nightclub in the universe, finds himself in trouble when he refuses to sell his club to lunar gangster Mogan, who just happens to be helping the mysterious Rex Crater mastermind a plan to take over the entire moon.</p>",VHS,Media > Videos,,"Comedy, Formatted, new-arrival, Rental, VHS",true,Genre,Comedy,,,,,,,,,0.0,shopify,1,deny,manual,0.00,,true,true,,,,,191-VHSTHE-F-001A,https://cdn.shopify.com/s/files/1/0671/0552/1726/files/0-1780178397203.jpg?v=1787925833,1,The Adventures of Pluto Nash poster,false,,,,,,,comedy,,,,,,,,,,,,lb,,,active
undercover-brother,Undercover Brother,,VHS,Media > Videos,,"Comedy, Floor Sale, Formatted, VHS",true,Genre,Comedy,,,,,,,,,0.0,shopify,1,deny,manual,6.00,,true,true,,,,,191-VHSNDR-F-001A,https://cdn.shopify.com/s/files/1/0671/0552/1726/files/0-1780178158417.jpg?v=1787925834,1,Undercover Brother poster,false,,,,,,,comedy,,,,,,,,,,,,lb,,,active
undercover-blues,Undercover Blues,,VHS,Media > Videos,,"Comedy, Floor Sale, Formatted, VHS",true,Genre,Comedy,,,,,,,,,0.0,shopify,1,deny,manual,4.00,,true,true,,,,,191-VHSUND-F-001A,https://cdn.shopify.com/s/files/1/0671/0552/1726/files/0-1780177968217.jpg?v=1787925835,1,Undercover Blues poster,false,,,,,,,comedy,,,,,,,,,,,,lb,,,active
once-around,Once Around,"<p>A struggling woman finds unexpected love with a charismatic older salesman at a real estate seminar. Their passionate relationship clashes with the values of her family, particularly her father.</p>",VHS,Media > Videos,,"Comedy, Floor Sale, Formatted, VHS",true,Genre,Comedy,,,,,,,,,0.0,shopify,1,deny,manual,2.00,,true,true,,,,,191-VHSONC-F-001A,https://cdn.shopify.com/s/files/1/0671/0552/1726/files/0-1780177874128.jpg?v=1787925836,1,Once Around poster,false,,,,,,,comedy,,,,,,,,,,,,lb,,,active
never-been-kissed,Never Been Kissed,"<p>Josie Geller, a baby-faced junior copywriter at the Chicago Sun-Times, must pose as a student at her former high school to research contemporary teenage culture. With the help of her brother, Rob, Josie infiltrates the inner circle of the most popular clique on campus. But she hits a major snag in her investigation -- not to mention her own failed love life -- when she falls for her dreamy English teacher, Sam Coulson.</p>",VHS,Media > Videos,,"Comedy, Formatted, new-arrival, Rental, VHS",true,Genre,Comedy,,,,,,,,,0.0,shopify,1,deny,manual,0.00,,true,true,,,,,191-VHSNEV-F-001A,https://cdn.shopify.com/s/files/1/0671/0552/1726/files/0-1780177747139.jpg?v=1787925836,1,Never Been Kissed poster,false,,,,,,,comedy,,,,,,,,,,,,lb,,,active
its-my-party,IT'S MY PARTY,,VHS,Media > Videos,,"Comedy, Floor Sale, Formatted, VHS",true,Genre,Comedy,,,,,,,,,0.0,shopify,1,deny,manual,18.00,,true,true,,,,,191-VHSTSM-F-001A,https://cdn.shopify.com/s/files/1/0671/0552/1726/files/0-1780177562363.jpg?v=1787925836,1,IT'S MY PARTY poster,false,,,,,,,comedy,,,,,,,,,,,,lb,,,active
opportunity-knocks,Opportunity Knocks,,VHS,Media > Videos,,"Comedy, Floor Sale, Formatted, VHS",true,Genre,Comedy,,,,,,,,,0.0,shopify,1,deny,manual,8.00,,true,true,,,,,191-VHSOPP-F-001A,https://cdn.shopify.com/s/files/1/0671/0552/1726/files/0-1780176995075.jpg?v=1787925837,1,Opportunity Knocks poster,false,,,,,,,comedy,,,,,,,,,,,,lb,,,active
sour-grapes,Sour Grapes,,VHS,Media > Videos,,"Comedy, Floor Sale, Formatted, VHS",true,Genre,Comedy,,,,,,,,,0.0,shopify,1,deny,manual,8.00,,true,true,,,,,191-VHSSOU-G-001A,https://cdn.shopify.com/s/files/1/0671/0552/1726/files/0-1780176260021.jpg?v=1787925838,1,Sour Grapes poster,false,,,,,,,comedy,,,,,,,,,,,,lb,,,active
out-cold,Out Cold,,VHS,Media > Videos,,"Comedy, Floor Sale, Formatted, VHS",true,Genre,Comedy,,,,,,,,,0.0,shopify,1,deny,manual,7.00,,true,true,,,,,191-VHSOUT-F-001A,https://cdn.shopify.com/s/files/1/0671/0552/1726/files/0-1780177376283.jpg?v=1787925838,1,Out Cold poster,false,,,,,,,comedy,,,,,,,,,,,,lb,,,active
