Handle,Title,Body (HTML),Vendor,Product Category,Type,Tags,Published,Option1 Name,Option1 Value,Option1 Linked To,Option2 Name,Option2 Value,Option2 Linked To,Option3 Name,Option3 Value,Option3 Linked To,Variant SKU,Variant Grams,Variant Inventory Tracker,Variant Inventory Qty,Variant Inventory Policy,Variant Fulfillment Service,Variant Price,Variant Compare At Price,Variant Requires Shipping,Variant Taxable,Unit Price Total Measure,Unit Price Total Measure Unit,Unit Price Base Measure,Unit Price Base Measure Unit,Variant Barcode,Image Src,Image Position,Image Alt Text,Gift Card,SEO Title,SEO Description,Rental Availability (product.metafields.scf.avf),Genre (product.metafields.shopify.genre),Language version (product.metafields.shopify.language-version),Media content type (product.metafields.shopify.media-content-type),MPAA rating (product.metafields.shopify.mpaa-rating),Target audience (product.metafields.shopify.target-audience),Variant Image,Variant Weight Unit,Variant Tax Code,Cost per item,Status
death-wish-3-vhs-floor-sale-action,Death Wish 3,,VHS,,,"Action, Floor Sale",true,Genre,Action,,,,,,,,,0.0,shopify,1,deny,manual,7.00,,true,true,,,,,98426618,,,,false,,,,,,,,,,lb,,,active
cocoon-the-return-vhs-floor-sale-sci-fi,Cocoon The Return,,VHS,,,"Floor Sale, Sci-Fi",true,Genre,Sci-Fi,,,,,,,,,0.0,shopify,1,deny,manual,5.00,,true,true,,,,,98262778,,,,false,,,,,,,,,,lb,,,active
big-vhs-floor-sale-comedy,Big,,VHS,,,"Comedy, Floor Sale",true,Genre,Comedy,,,,,,,,,0.0,shopify,1,deny,manual,5.00,,true,true,,,,,98164474,,,,false,,,,,,,,,,lb,,,active
battlefield-earth-vhs-floor-sale-sci-fi,Battlefield Earth,,VHS,,,"Floor Sale, Sci-Fi",true,Genre,Sci-Fi,,,,,,,,,0.0,shopify,1,deny,manual,8.00,,true,true,,,,,98066170,,,,false,,,,,,,,,,lb,,,active
baby-boy-vhs-floor-sale-drama,Baby Boy,,VHS,,,"Drama, Floor Sale",true,Genre,Drama,,,,,,,,,0.0,shopify,1,deny,manual,9.00,,true,true,,,,,98033402,,,,false,,,,,,,,,,lb,,,active
a-mighty-wind-vhs-floor-sale-comedy,A Mighty Wind,,VHS,,,"Comedy, Floor Sale",true,Genre,Comedy,,,,,,,,,0.0,shopify,1,deny,manual,9.00,,true,true,,,,,97574650,,,,false,,,,,,,,,,lb,,,active
anaconda-vhs-floor-sale-action,Anaconda,,VHS,,,"Action, Floor Sale",true,Genre,Action,,,,,,,,,0.0,shopify,1,deny,manual,5.00,,true,true,,,,,97541882,,,,false,,,,,,,,,,lb,,,active
blazing-saddles-vhs-floor-sale-comedy,Blazing Saddles,,VHS,,,"Comedy, Floor Sale",true,Genre,Comedy,,,,,,,,,0.0,shopify,1,deny,manual,7.00,,true,true,,,,,97509114,,,,false,,,,,,,,,,lb,,,active
a-beautiful-mind-vhs-floor-sale-drama,A Beautiful Mind,,VHS,,,"Drama, Floor Sale",true,Genre,Drama,,,,,,,,,0.0,shopify,1,deny,manual,5.00,,true,true,,,,,97279738,,,,false,,,,,,,,,,lb,,,active
american-pie-2-vhs-floor-sale-comedy,American Pie 2,,VHS,,,"Comedy, Floor Sale",true,Genre,Comedy,,,,,,,,,0.0,shopify,1,deny,manual,8.00,,true,true,,,,,97246970,,,,false,,,,,,,,,,lb,,,active
black-rain-vhs-floor-sale-action,Black Rain,,VHS,,,"Action, Floor Sale",true,Genre,Action,,,,,,,,,0.0,shopify,1,deny,manual,8.00,,true,true,,,,,96722682,,,,false,,,,,,,,,,lb,,,active
being-john-malkovich-vhs-floor-sale-drama,Being John Malkovich,,VHS,,,"Drama, Floor Sale",true,Genre,Drama,,,,,,,,,0.0,shopify,1,deny,manual,7.00,,true,true,,,,,96689914,,,,false,,,,,,,,,,lb,,,active
batman-returns-vhs-floor-sale-action,Batman Returns,,VHS,,,"Action, Floor Sale",true,Genre,Action,,,,,,,,,0.0,shopify,1,deny,manual,6.00,,true,true,,,,,96395002,,,,false,,,,,,,,,,lb,,,active
death-wise-the-face-of-death-vhs-rental-action,Death Wise The Face of Death,,VHS,,,"Action, Rental",true,Genre,Action,,,,,,,,,0.0,shopify,1,deny,manual,0.00,,true,true,,,,,79397370,,,,false,,,,,,,,,,lb,,,active
being-there-vhs-rental-comedy,Being There,,VHS,,,"Comedy, Rental",true,Genre,Comedy,,,,,,,,,0.0,shopify,1,deny,manual,0.00,,true,true,,,,,79200762,,,,false,,,,,,,,,,lb,,,active
a-paradine-case-vhs-rental-drama,A Paradine Case,,VHS,,,"Drama, Rental",true,Genre,Drama,,,,,,,,,0.0,shopify,1,deny,manual,0.00,,true,true,,,,,78938618,,,,false,,,,,,,,,,lb,,,active
animal-factory-vhs-rental-drama,Animal Factory,,VHS,,,"Drama, Rental",true,Genre,Drama,,,,,,,,,0.0,shopify,1,deny,manual,0.00,,true,true,,,,,78840314,,,,false,,,,,,,,,,lb,,,active
batteries-not-included-vhs-rental-kids-family,Batteries not Included,,VHS,,,"Kids & Family, Rental",true,Genre,Kids & Family,,,,,,,,,0.0,shopify,1,deny,manual,0.00,,true,true,,,,,78807546,,,,false,,,,,,,,,,lb,,,active
blood-alley-vhs-rental-action,Blood Alley,,VHS,,,"Action, Rental",true,Genre,Action,,,,,,,,,0.0,shopify,1,deny,manual,0.00,,true,true,,,,,78774778,,,,false,,,,,,,,,,lb,,,active
bowfinger-vhs-rental-comedy,Bowfinger,,VHS,,,"Comedy, Rental",true,Genre,Comedy,,,,,,,,,0.0,shopify,1,deny,manual,0.00,,true,true,,,,,78610938,,,,false,,,,,,,,,,lb,,,active
congo-vhs-rental-action,Congo,,VHS,,,"Action, Rental",true,Genre,Action,,,,,,,,,0.0,shopify,1,deny,manual,0.00,,true,true,,,,,78578170,,,,false,,,,,,,,,,lb,,,active
2-days-in-the-valley-vhs-rental-thriller,2 Days in the Valley,,VHS,,,"Rental, Thriller",true,Genre,Thriller,,,,,,,,,0.0,shopify,1,deny,manual,0.00,,true,true,,,,,78447098,,,,false,,,,,,,,,,lb,,,active
a-fistful-of-dollars-vhs-rental-action,A Fistful of Dollars,,VHS,,,"Action, Rental",true,Genre,Action,,,,,,,,,0.0,shopify,1,deny,manual,0.00,,true,true,,,,,78283258,,,,false,,,,,,,,,,lb,,,active
death-wish-4-the-crackdown-vhs-rental-action,Death Wish 4 The Crackdown,,VHS,,,"Action, Rental",true,Genre,Action,,,,,,,,,0.0,shopify,1,deny,manual,0.00,,true,true,,,,,78250490,,,,false,,,,,,,,,,lb,,,active
death-wish-1974-vhs-floor-sale-action,Death Wish (1974),,VHS,,,"Action, Floor Sale",true,Genre,Action,,,,,,,,,0.0,shopify,1,deny,manual,8.00,,true,true,,,,,68608762,,,,false,,,,,,,,,,lb,,,active
apocolypse-now-vhs-floor-sale-drama,Apocolypse Now,,VHS,,,"Drama, Floor Sale",true,Genre,Drama,,,,,,,,,0.0,shopify,1,deny,manual,12.00,,true,true,,,,,42116346,,,,false,,,,,,,,,,lb,,,active
apollo-13-vhs-floor-sale-drama,Apollo 13,,VHS,,,"Drama, Floor Sale",true,Genre,Drama,,,,,,,,,0.0,shopify,1,deny,manual,6.00,,true,true,,,,,94791418,,,,false,,,,,,,,,,lb,,,active
as-good-as-it-gets-vhs-floor-sale-romantic-comedy,As Good As It Gets,,VHS,,,"Floor Sale, Romantic Comedy",true,Genre,Romantic Comedy,,,,,,,,,0.0,shopify,1,deny,manual,6.00,,true,true,,,,,80701178,,,,false,,,,,,,,,,lb,,,active
10-things-i-hate-about-you-vhs-floor-sale-romantic-comedy,10 Things I Hate About You,,VHS,,,"Floor Sale, Romantic Comedy",true,Genre,Romantic Comedy,,,,,,,,,0.0,shopify,1,deny,manual,10.00,,true,true,,,,,47703802,,,,false,,,,,,,,,,lb,,,active
dave-vhs-floor-sale-comedy,Dave,,VHS,,,"Comedy, Floor Sale",true,Genre,Comedy,,,,,,,,,0.0,shopify,1,deny,manual,5.00,,true,true,,,,,79808506,,,,false,,,,,,,,,,lb,,,active
dead-poets-society-vhs-floor-sale-drama,Dead Poets Society,,VHS,,,"Drama, Floor Sale",true,Genre,Drama,,,,,,,,,0.0,shopify,1,deny,manual,7.00,,true,true,,,,,64866298,,,,false,,,,,,,,,,lb,,,active
captain-ron-vhs-floor-sale-comedy,Captain Ron,,VHS,,,"Comedy, Floor Sale",true,Genre,Comedy,,,,,,,,,0.0,shopify,1,deny,manual,10.00,,true,true,,,,,18008058,,,,false,,,,,,,,,,lb,,,active
deep-impact-vhs-floor-sale-sci-fi,Deep Impact,,VHS,,,"Floor Sale, Sci-Fi",true,Genre,Sci-Fi,,,,,,,,,0.0,shopify,1,deny,manual,5.00,,true,true,,,,,17975290,,,,false,,,,,,,,,,lb,,,active
ace-ventura-when-nature-calls-vhs-floor-sale-comedy,Ace Ventura When Nature Calls,,VHS,,,"Comedy, Floor Sale",true,Genre,Comedy,,,,,,,,,0.0,shopify,1,deny,manual,5.00,,true,true,,,,,17680378,,,,false,,,,,,,,,,lb,,,active
dances-with-wolves-vhs-floor-sale-drama,Dances with Wolves,,VHS,,,"Drama, Floor Sale",true,Genre,Drama,,,,,,,,,0.0,shopify,1,deny,manual,5.00,,true,true,,,,,17582074,,,,false,,,,,,,,,,lb,,,active
charlies-angels-2000-vhs-floor-sale-action,Charlie's Angels (2000),,VHS,,,"Action, Floor Sale",true,Genre,Action,,,,,,,,,0.0,shopify,1,deny,manual,6.00,,true,true,,,,,69045754,,,,false,,,,,,,,,,lb,,,active
die-hard-with-a-vengeance-vhs-floor-sale-action,Die Hard With a Vengeance,,VHS,,,"Action, Floor Sale",true,Genre,Action,,,,,,,,,0.0,shopify,1,deny,manual,6.00,,true,true,,,,,68980218,,,,false,,,,,,,,,,lb,,,active
die-hard-2-vhs-floor-sale-action,Die Hard 2,,VHS,,,"Action, Floor Sale",true,Genre,Action,,,,,,,,,0.0,shopify,1,deny,manual,6.00,,true,true,,,,,68947450,,,,false,,,,,,,,,,lb,,,active
caddyshack-vhs-floor-sale-comedy,Caddyshack,,VHS,,,"Comedy, Floor Sale",true,Genre,Comedy,,,,,,,,,0.0,shopify,1,deny,manual,5.00,,true,true,,,,,68849146,,,,false,,,,,,,,,,lb,,,active
class-action-vhs-floor-sale-drama,Class Action,,VHS,,,"Drama, Floor Sale",true,Genre,Drama,,,,,,,,,0.0,shopify,1,deny,manual,5.00,,true,true,,,,,68816378,,,,false,,,,,,,,,,lb,,,active
back-to-the-future-vhs-floor-sale-action,Back to the Future,,VHS,,,"Action, Floor Sale",true,Genre,Action,,,,,,,,,0.0,shopify,1,deny,manual,7.00,,true,true,,,,,68718074,,,,false,,,,,,,,,,lb,,,active
baby-secret-of-the-lost-legend-vhs-floor-sale-kids-family,Baby Secret of the Lost Legend,,VHS,,,"Floor Sale, Kids & Family",true,Genre,Kids & Family,,,,,,,,,0.0,shopify,1,deny,manual,8.00,,true,true,,,,,68685306,,,,false,,,,,,,,,,lb,,,active
bowfinger-vhs-floor-sale-comedy,Bowfinger,,VHS,,,"Comedy, Floor Sale",true,Genre,Comedy,,,,,,,,,0.0,shopify,1,deny,manual,6.00,,true,true,,,,,68652538,,,,false,,,,,,,,,,lb,,,active
air-force-one-vhs-floor-sale-action,Air Force One,,VHS,,,"Action, Floor Sale",true,Genre,Action,,,,,,,,,0.0,shopify,1,deny,manual,6.00,,true,true,,,,,68587002,,,,false,,,,,,,,,,lb,,,active
a-fish-called-wanda-vhs-floor-sale-comedy,A Fish Called Wanda,,VHS,,,"Comedy, Floor Sale",true,Genre,Comedy,,,,,,,,,0.0,shopify,1,deny,manual,7.00,,true,true,,,,,68226554,,,,false,,,,,,,,,,lb,,,active
city-slickers-vhs-floor-sale-comedy,City Slickers,,VHS,,,"Comedy, Floor Sale",true,Genre,Comedy,,,,,,,,,0.0,shopify,1,deny,manual,5.00,,true,true,,,,,68193786,,,,false,,,,,,,,,,lb,,,active
butch-cassidy-and-the-sundance-kid-vhs-floor-sale-action,Butch Cassidy and the Sundance Kid,,VHS,,,"Action, Floor Sale",true,Genre,Action,,,,,,,,,0.0,shopify,1,deny,manual,7.00,,true,true,,,,,68095482,,,,false,,,,,,,,,,lb,,,active
crazy-beautiful-vhs-floor-sale-romantic-comedy,Crazy/Beautiful,,VHS,,,"Floor Sale, Romantic Comedy",true,Genre,Romantic Comedy,,,,,,,,,0.0,shopify,1,deny,manual,5.00,,true,true,,,,,68062714,,,,false,,,,,,,,,,lb,,,active
clear-and-present-danger-vhs-floor-sale-action,Clear and Present Danger,,VHS,,,"Action, Floor Sale",true,Genre,Action,,,,,,,,,0.0,shopify,1,deny,manual,5.00,,true,true,,,,,68029946,,,,false,,,,,,,,,,lb,,,active
con-air-vhs-floor-sale-action,Con Air,,VHS,,,"Action, Floor Sale",true,Genre,Action,,,,,,,,,0.0,shopify,1,deny,manual,6.00,,true,true,,,,,67997178,,,,false,,,,,,,,,,lb,,,active
cabin-fever-vhs-floor-sale-horror,Cabin Fever,,VHS,Uncategorized,,"Floor Sale, Horror",true,Genre,Horror,,,,,,,,,0.0,shopify,1,deny,manual,9.00,,true,true,,,,,67964410,,,,false,,,,,,,,,,lb,,,active
best-in-show-vhs-floor-sale-comedy,Best in Show,,VHS,,,"Comedy, Floor Sale",true,Genre,Comedy,,,,,,,,,0.0,shopify,1,deny,manual,7.00,,true,true,,,,,67767802,,,,false,,,,,,,,,,lb,,,active
celtic-pride-vhs-floor-sale-comedy,Celtic Pride,,VHS,,,"Comedy, Floor Sale",true,Genre,Comedy,,,,,,,,,0.0,shopify,1,deny,manual,5.00,,true,true,,,,,67538426,,,,false,,,,,,,,,,lb,,,active
blow-out-vhs-floor-sale-action,Blow Out,,VHS,,,"Action, Floor Sale",true,Genre,Action,,,,,,,,,0.0,shopify,1,deny,manual,9.00,,true,true,,,,,33829114,,,,false,,,,,,,,,,lb,,,active
a-river-runs-through-it-vhs-floor-sale-drama,A River Runs Through It,,VHS,,,"Drama, Floor Sale",true,Genre,Drama,,,,,,,,,0.0,shopify,1,deny,manual,6.00,,true,true,,,,,33566970,,,,false,,,,,,,,,,lb,,,active
benny-joon-vhs-floor-sale-comedy,Benny & Joon,,VHS,,,"Comedy, Floor Sale",true,Genre,Comedy,,,,,,,,,0.0,shopify,1,deny,manual,6.00,,true,true,,,,,33272058,,,,false,,,,,,,,,,lb,,,active
8mm-vhs-floor-sale-thriller,8MM,,VHS,,,"Floor Sale, Thriller",true,Genre,Thriller,,,,,,,,,0.0,shopify,1,deny,manual,6.00,,true,true,,,,,32715002,,,,false,,,,,,,,,,lb,,,active
bulletproof-vhs-floor-sale-comedy,Bulletproof,,VHS,,,"Comedy, Floor Sale",true,Genre,Comedy,,,,,,,,,0.0,shopify,1,deny,manual,6.00,,true,true,,,,,32616698,,,,false,,,,,,,,,,lb,,,active
bad-santa-bluray-rental-holiday,Bad Santa,,BLU-RAY,,,"Holiday, Rental",true,Genre,Holiday,,,,,,,,,0.0,shopify,1,deny,manual,0.00,,true,true,,,,,17853434,,,,false,,,,,,,,,,lb,,,active
christmas-double-feature-christmas-child-a-time-to-remember-dvd-rental-holiday,Christmas Double Feature: Christmas Child / A Time to Remember,,DVD,,,"Holiday, Rental",true,Genre,Holiday,,,,,,,,,0.0,shopify,1,deny,manual,0.00,,true,true,,,,,17820666,,,,false,,,,,,,,,,lb,,,active
batman-forever-vhs-floor-sale-action,Batman Forever,,VHS,Uncategorized,,"Action, Floor Sale",true,Genre,Action,,,,,,,,,0.0,shopify,2,deny,manual,5.00,,true,true,,,,,56708346,,,,false,,,,,,,,,,lb,,,active
beverly-hills-cop-2-vhs-floor-sale-comedy,Beverly Hills Cop 2,,VHS,,,"Comedy, Floor Sale",true,Genre,Comedy,,,,,,,,,0.0,shopify,1,deny,manual,5.00,,true,true,,,,,56544506,,,,false,,,,,,,,,,lb,,,active
chitty-chitty-bang-bang-vhs-rental-kids-family,Chitty Chitty Bang Bang,,VHS,,,"Kids & Family, Rental",true,Genre,Kids & Family,,,,,,,,,0.0,shopify,1,deny,manual,0.00,,true,true,,,,,26856698,,,,false,,,,,,,,,,lb,,,active
das-boot-directors-cut-vhs-rental-drama,Das Boot: Directors Cut,,VHS,,,"Drama, Rental",true,Genre,Drama,,,,,,,,,0.0,shopify,1,deny,manual,0.00,,true,true,,,,,26529018,,,,false,,,,,,,,,,lb,,,active
cocoon-the-return-vhs-rental-sci-fi,Cocoon the Return,,VHS,,,"Rental, Sci-Fi",true,Genre,Sci-Fi,,,,,,,,,0.0,shopify,1,deny,manual,0.00,,true,true,,,,,26463482,,,,false,,,,,,,,,,lb,,,active
cartel-vhs-floor-sale-action,Cartel,,VHS,,,"Action, Floor Sale",true,Genre,Action,,,,,,,,,0.0,shopify,1,deny,manual,16.00,,true,true,,,,,17976570,,,,false,,,,,,,,,,lb,,,active
above-the-law-vhs-floor-sale-action,Above The Law,,VHS,,,"Action, Floor Sale",true,Genre,Action,,,,,,,,,0.0,shopify,1,deny,manual,5.00,,true,true,,,,,17648890,,,,false,,,,,,,,,,lb,,,active
1900-vhs-floor-sale-drama,1900,,VHS,,,"Drama, Floor Sale",true,Genre,Drama,,,,,,,,,0.0,shopify,1,deny,manual,14.00,,true,true,,,,,17550586,,,,false,,,,,,,,,,lb,,,active
audution-limited-edition-4k-ultra-hd-4k-floor-sale-horror,AudItion [Limited Edition] [4K Ultra HD],,4K,Uncategorized,,"Floor Sale, Horror",true,Genre,Horror,,,,,,,,,0.0,shopify,2,deny,manual,45.00,,true,true,,,,,40578554,,,,false,,,,,,,,,,lb,,27.47,active
a-fistfull-of-dollars-vhs-floor-sale-action,A Fistfull of Dollars,,VHS,,,"Action, Floor Sale",true,Genre,Action,,,,,,,,,0.0,shopify,1,deny,manual,5.00,,true,true,,,,,04503034,,,,false,,,,,,,,,,lb,,,active
blue-steel-vhs-floor-sale-action,Blue Steel,,VHS,,,"Action, Floor Sale",true,Genre,Action,,,,,,,,,0.0,shopify,1,deny,manual,6.00,,true,true,,,,,04208122,,,,false,,,,,,,,,,lb,,,active
assassins-vhs-rental-action,Assassins,,VHS,,,"Action, Rental",true,Genre,Action,,,,,,,,,0.0,shopify,1,deny,manual,0.00,,true,true,,,,,81510138,,,,false,,,,,,,,,,lb,,,active
collateral-damage-vhs-rental-action,Collateral Damage,,VHS,,,"Action, Rental",true,Genre,Action,,,,,,,,,0.0,shopify,1,deny,manual,0.00,,true,true,,,,,80625402,,,,false,,,,,,,,,,lb,,,active
blood-work-vhs-rental-thriller,Blood Work,,VHS,,,"Rental, Thriller",true,Genre,Thriller,,,,,,,,,0.0,shopify,1,deny,manual,0.00,,true,true,,,,,80592634,,,,false,,,,,,,,,,lb,,,active
batman-mask-of-the-phantasm-vhs-floor-sale-kdis-family,Batman: Mask of the Phantasm,,VHS,,,"Floor Sale, Kids & Family",true,Genre,Kdis & Family,,,,,,,,,0.0,shopify,1,deny,manual,7.00,,true,true,,,,,82193146,,,,false,,,,,,,,,,lb,,,active
beethoven-vhs-floor-sale-kdis-family,Beethoven,,VHS,,,"Floor Sale, Kids & Family",true,Genre,Kdis & Family,,,,,,,,,0.0,shopify,1,deny,manual,5.00,,true,true,,,,,81931002,,,,false,,,,,,,,,,lb,,,active
an-american-tail-the-mystery-of-the-night-monster-vhs-floor-sale-kdis-family,An American Tail: The Mystery of the Night Monster,,VHS,,,"Floor Sale, Kids & Family",true,Genre,Kdis & Family,,,,,,,,,0.0,shopify,1,deny,manual,6.00,,true,true,,,,,81898234,,,,false,,,,,,,,,,lb,,,active
youve-got-mail,You've Got Mail,Capture a nostalgic aesthetic with this charming collectible featuring a signature mail delivery motif and a whimsical design. Its vibrant colors and detailed craftsmanship make it a perfect addition to any display shelf or a thoughtful gift for fans of classic communication icons. This piece offers a delightful blend of retro appeal and playful artistry that brightens any room.,DVD,,,"Rental, Romatic Comedy",true,Condition,Standard,,Serial Number,001A,,,,,191-DVDYOU-001A,0.0,shopify,1,deny,manual,0.00,,true,true,,,,,191-DVDYOU-001A,https://cdn.shopify.com/s/files/1/0826/6363/7242/files/0-1782249789355.jpg?v=1782253668,1,191-DVDYOU-001A,false,,,,,,,,,,,,,
cinderella-man,Cinderella Man,This timeless cinematic drama explores themes of resilience and determination during the Great Depression through the lens of a championship boxing journey. The high-definition presentation captures every gritty detail of the period setting and the intense emotional performances of the cast. It is an essential addition for any collector who appreciates powerful storytelling based on true historical events.,DVD,,,"Drama, Rental",true,Condition,Standard,,Serial Number,001A,,,,,191-DVDCIN-001A,0.0,shopify,1,deny,manual,0.00,,true,true,,,,,191-DVDCIN-001A,https://cdn.shopify.com/s/files/1/0826/6363/7242/files/0-1782249569714.jpg?v=1782253665,1,191-DVDCIN-001A,false,,,,,,,,,,,,,
catch-me-if-you-can,Catch Me If You Can,"This acclaimed crime drama follows the thrilling pursuit between a brilliant young con artist and a determined federal agent. Presented in its original widescreen format, this two-disc special edition features captivating performances and an award-winning score. It is a must-have for fans of high-stakes biographical storytelling and cinematic craftsmanship.",DVD,,,"Drama, Rental",true,Condition,Standard,,Serial Number,001A,,,,,191-DVDCAT-001A,0.0,shopify,1,deny,manual,0.00,,true,true,,,,,191-DVDCAT-001A,https://cdn.shopify.com/s/files/1/0826/6363/7242/files/0-1782251607637.jpg?v=1782253660,1,191-DVDCAT-001A,false,,,,,,,,,,,,,
the-appaloosa,The Appaloosa,,VHS,Uncategorized,,"Action, Floor Sale",true,Title,Default Title,,,,,,,,,0.0,shopify,1,deny,manual,4.00,,true,true,,,,,40585978,,,,false,,,,,,,,,,,,,
puss-in-boots-faerie-tale-theatre,Puss in Boots (Faerie Tale Theatre),,VHS,Uncategorized,,"Floor Sale, Kids & Family",true,Title,Default Title,,,,,,,,,0.0,shopify,1,deny,manual,12.00,,true,true,,,,,38914810,,,,false,,,,,,,,,,,,,
blind-trust-pouvoir-intime,"Blind Trust, Pouvoir Intime",,Little Movie Store,Media > Music & Sound Recordings > Vinyl,,"Floor Sale, Foreign",true,Title,Default Title,,,,,,,,,0.0,shopify,1,deny,manual,10.00,,true,true,,,,,35998458,,,,false,,,,,,,,,,,,,
better-luck-tomorrow,Better Luck Tomorrow,,VHS,Uncategorized,,"Drama, Floor Sale",true,Title,Default Title,,,,,,,,,0.0,shopify,1,deny,manual,10.00,,true,true,,,,,26069754,,,,false,,,,,,,,,,,,,
advice-from-a-caterpillar,Advice from a Caterpillar,,VHS,Uncategorized,,"Comedy, Floor Sale",true,Title,Default Title,,,,,,,,,0.0,shopify,1,deny,manual,5.00,,true,true,,,,,22989562,,,,false,,,,,,,,,,,,,
tie-me-up-tie-me-down,Tie Me Up Tie Me Down,,Little Movie Store,Uncategorized,,"Comedy, Floor Sale",true,Title,Default Title,,,,,,,,,0.0,shopify,1,deny,manual,6.00,,true,true,,,,,18991866,,,,false,,,,,,,,,,,,,
almost-famous,Almost Famous,,VHS,Uncategorized,,"Drama, Floor Sale",true,Title,Default Title,,,,,,,,,0.0,shopify,1,deny,manual,11.00,,true,true,,,,,17648378,,,,false,,,,,,,,,,,,,
blind-side,Blind Side,,Little Movie Store,Uncategorized,,"Floor Sale, Thriller",true,Title,Default Title,,,,,,,,,0.0,shopify,1,deny,manual,7.00,,true,true,,,,,15616762,,,,false,,,,,,,,,,,,,
antz,Antz,,Little Movie Store,Uncategorized,,"Floor Sale, Kids & Family",true,Title,Default Title,,,,,,,,,0.0,shopify,0,deny,manual,6.00,,true,true,,,,,13060858,,,,false,,,,,,,,,,,,,
star-80,Star 80,,Little Movie Store,Uncategorized,,"Drama, Floor Sale",true,Title,Default Title,,,,,,,,,0.0,shopify,1,deny,manual,13.00,,true,true,,,,,07719674,,,,false,,,,,,,,,,,,,
meteor,Meteor,,Little Movie Store,Uncategorized,,"Floor Sale, Sci-Fi",true,Title,Default Title,,,,,,,,,0.0,shopify,1,deny,manual,15.00,,true,true,,,,,02312954,,,,false,,,,,,,,,,,,,
the-odyssey-hallmark,The Odyssey (Hallmark),<p><br></p>,VHS,Sporting Goods,,"Action, Floor Sale",true,Title,Default Title,,,,,,,,,0.0,shopify,1,deny,manual,8.00,,true,true,,,,,59731450,,,,false,,,,,,,,,,,,,
papas-delicate-condition,Papa's Delicate Condition,,VHS,Uncategorized,,Comedy,true,Title,Default Title,,,,,,,,,0.0,shopify,1,deny,manual,4.00,,true,true,,,,,47803898,,,,false,,,,,,,,,,,,,
mccabe-mrs-miller,McCabe & Mrs. Miller,,VHS,Uncategorized,,Drama,true,Title,Default Title,,,,,,,,,0.0,shopify,1,deny,manual,12.00,,true,true,,,,,84365050,,,,false,,,,,,,,,,,,,
the-aviator-1985,The Aviator (1985),,VHS,Uncategorized,,"Drama, Floor Sale",true,Title,Default Title,,,,,,,,,0.0,shopify,1,deny,manual,7.00,,true,true,,,,,20598522,,,,false,,,,,,,,,,,,,
deja-vu,Deja Vu,,VHS,Media > Videos > VHS Tapes,,,true,Title,Default Title,,,,,,,,,0.0,shopify,1,deny,manual,11.00,,true,true,,,,,17288954,,,,false,,,,,,,,,,,,,
teaching-mrs-tingle,Teaching Mrs. Tingle,,VHS,Uncategorized,,Floor Sale,true,Title,Default Title,,,,,,,,,0.0,shopify,1,deny,manual,8.00,,true,true,,,,,08048378,,,,false,,,,,,,,,,,,,
vhs,Basquiat,"This vintage cinematic release captures the vibrant life and legacy of a revolutionary neo-expressionist artist through a compelling biographical lens. Presented in its original analog format, this collectible tape offers a nostalgic viewing experience for art historians and fans of eighties New York culture. It serves as both a powerful visual narrative and a striking piece of memorabilia for any dedicated film or art library.",VHS,Uncategorized,,"Drama, Floor Sale",false,Condition,Standard,,Serial Number,001A,,,,,191-BSQVHS-001A,0.0,shopify,1,deny,manual,11.00,,true,true,,,,,191-BSQVHS-001A,,,,false,,,,,,,,,,,,,
earth-girls-are-easy-sale,Earth Girls Are Easy (Sale),This rare cult classic musical comedy arrives in a vintage physical format perfect for collectors of retro eighties cinema. The vibrant cover art and nostalgic feel make it an essential addition for fans of quirky sci-fi and campy performances. This pre-owned edition offers a unique opportunity to own a piece of home video history from a celebrated era of pop culture.,VHS,Uncategorized,,"Comedy, Floor Sale",true,Condition,Standard,,Serial Number,001A,,,,,191-UNKRTH-001A,0.0,shopify,1,deny,manual,10.00,,true,true,,,,,191-UNKRTH-001A,https://cdn.shopify.com/s/files/1/0826/6363/7242/files/0-1781906857648.jpg?v=1781910001,1,191-UNKRTH-001A,false,,,,,,,,,,,,,
earth-girls-are-easy-sale,,,,,,,,,,,,,,,,,,,,,,,,,,,,,,,,https://cdn.shopify.com/s/files/1/0826/6363/7242/files/0-1781962330875.jpg?v=1781994007,2,191-VHSEAR-001A,,,,,,,,,,,,,,
a-beautiful-mind,A Beautiful Mind,"Experience this Academy Award-winning biographical drama in its original vintage format, preserved in the factory heat-shrink seal for collectors. This special edition release features the critically acclaimed lead performance and compelling storytelling that defined early 2000s cinema. It is a must-have for film enthusiasts looking for a pristine, unopened physical copy of a modern cinematic masterpiece.",VHS,,,"Drama, Floor Sale",false,Condition,Standard,,Serial Number,001A,,,,,191-VHSABE-001A,0.0,shopify,1,deny,manual,6.00,,true,true,,,,,191-VHSABE-001A,,,,false,,,,,,,,,,,,,
basketball-diaries,Basketball Diaries,"This vintage home video release captures a raw and powerful coming-of-age performance in the classic analog format. The physical cassette features a collectible slipcase design originating from the Canadian market, making it an essential addition for enthusiasts of nineties cinema and physical media collectors. It offers a nostalgic viewing experience that preserves the gritty atmosphere of this acclaimed biographical drama.",VHS,,,"Drama, Floor Sale",false,Condition,Standard,,Serial Number,001A,,,,,191-NKNTHB-001A,0.0,shopify,1,deny,manual,12.00,,true,true,,,,,191-NKNTHB-001A,,,,false,,,,,,,,,,,,,
a-league-of-their-own-the-documentary,A League of Their Own the Documentary,"This vintage home video provides an in-depth look at the real-life athletes who inspired the classic film through exclusive interviews and rare archival footage. It serves as a nostalgic collectible for sports historians and cinema fans alike, offering a compelling narrative on the pioneers of women's professional baseball. This physical media piece is a must-have for anyone looking to complete their collection of nineteenth-century sports memorabilia.",VHS,,,"Documentary, Floor Sale",false,Condition,Standard,,Serial Number,001A,,,,,191-VHSLGF-001A,0.0,shopify,1,deny,manual,4.00,,true,true,,,,,191-VHSLGF-001A,,,,false,,,,,,,,,,,,,
comes-a-horseman,Comes a Horseman,"This classic western drama remains preserved in its original factory shrink wrap, ensuring the tape is in pristine, unplayed condition for collectors. Featuring an award-winning cast, this vintage cinematic piece offers a nostalgic viewing experience for enthusiasts of traditional frontier storytelling. It is an ideal addition for anyone looking to own a well-preserved slice of physical media history.",VHS,,,"Drama, Floor Sale",false,Condition,Standard,,Serial Number,001A,,,,,191-VHSCO2-001A,0.0,shopify,1,deny,manual,4.00,,true,true,,,,,191-VHSCO2-001A,,,,false,,,,,,,,,,,,,
baseketball,Baseketball,"This rare find remains in its original factory shrink wrap, ensuring the preservation of the artwork and media from the late nineties. Fans of irreverent comedy and the creators of South Park will appreciate owning this cult classic in its vintage physical format. It is a perfect addition for any collector looking for a pristine, unopened piece of cinematic nostalgia.",VHS,,,"Comedy, Floor Sale",false,Condition,Standard,,Serial Number,001A,,,,,191-VHSBAL-001A,0.0,shopify,1,deny,manual,8.00,,true,true,,,,,191-VHSBAL-001A,,,,false,,,,,,,,,,,,,
comic-book-villains,Comic Book Villains,Relive a classic era of independent cinema with this vintage home video release featuring a dark comedy centered on a group of obsessive collectors. The physical tape offers a nostalgic viewing experience for enthusiasts of cult cinema and those who appreciate the unique charm of analog media. It makes a distinctive addition to any collection of turn-of-the-century films or memorabilia dedicated to comic culture fandom.,VHS,,,"Comedy, Floor Sale",false,Condition,Standard,,Serial Number,001A,,,,,191-VHSCMC-001A,0.0,shopify,1,deny,manual,4.00,,true,true,,,,,191-VHSCMC-001A,,,,false,,,,,,,,,,,,,
basket,Basket,"This vintage feature film comes preserved in its original factory seal, making it a rare find for media collectors and enthusiasts of early millennium cinema. The heartwarming period drama stars acclaimed performers in a story about music and cultural understanding set against the backdrop of the Pacific Northwest. Ideal for any analog library, this unopened cassette offers a nostalgic viewing experience in its pristine, untouched format.",VHS,,,"Drama, Floor Sale",false,Condition,Standard,,Serial Number,001A,,,,,191-VHSBSK-001A,0.0,shopify,1,deny,manual,4.00,,true,true,,,,,191-VHSBSK-001A,,,,false,,,,,,,,,,,,,
stripes,Stripes,"This classic 1997 home video release brings the beloved military comedy to your collection in its original closed-captioned format. Perfect for fans of vintage media and legendary comedic performances, this tape offers a nostalgic viewing experience that captures the charm of analog entertainment. Enjoy the humor and wit of this cinematic favorite through the distinct warmth and collectible appeal of the VHS medium.",VHS,,,"Comedy, Floor Sale",false,Condition,Standard,,Serial Number,001A,,,,,191-NKNSTR-001A,0.0,shopify,1,deny,manual,6.00,,true,true,,,,,191-NKNSTR-001A,,,,false,,,,,,,,,,,,,
little-big-league,Little Big League,"This classic baseball film comes brand new and factory sealed in its original protective clamshell case for long-term preservation. It serves as a nostalgic addition to any collection, offering a heartwarming family story captured in its vintage home video format. The pristine packaging ensures the tape remains in gift-quality condition for fans of nineties sports cinema.",VHS,,,"Floor Sale, Kids & Family",false,Condition,Standard,,Serial Number,001A,,,,,191-VHSLIT-001A,0.0,shopify,1,deny,manual,4.00,,true,true,,,,,191-VHSLIT-001A,,,,false,,,,,,,,,,,,,
night-they-raided-minskys,Night They Raided Minsky's,"This classic comedy celebrates the golden age of burlesque through a vibrant blend of nostalgia and slapstick humor. The physical media edition preserves the film's charming performances and colorful production design, making it a must-have for fans of vintage cinema and musical history. Its lighthearted storytelling and ensemble cast offer a delightful glimpse into a bygone era of entertainment.",VHS,,,"Comedy, Floor Sale",true,Condition,Standard,,Serial Number,001A,,,,,191-VHSNIG-001A,0.0,shopify,1,deny,manual,5.00,,true,true,,,,,191-VHSNIG-001A,https://cdn.shopify.com/s/files/1/0826/6363/7242/files/0-1781968980342.jpg?v=1781994019,1,191-VHSNIG-001A,false,,,,,,,,,,,,,
breaking-up-is-hard-to-do,Breaking Up Is Hard To Do,"This classic romantic comedy on VHS follows the story of an accidental breakup and the comedic chaos that ensues when a couple tries to reconcile. It is a nostalgic addition to any retro media collection, featuring a charming ensemble cast and a vintage aesthetic. This vintage home video release captures the lighthearted spirit of early nineties cinema in its original physical format.",VHS,,,"Comedy, Floor Sale",true,Condition,Standard,,Serial Number,001A,,,,,191-VHSBRE-001A,0.0,shopify,1,deny,manual,5.00,,true,true,,,,,191-VHSBRE-001A,https://cdn.shopify.com/s/files/1/0826/6363/7242/files/0-1781965699791.jpg?v=1781994018,1,191-VHSBRE-001A,false,,,,,,,,,,,,,
cheech-and-chongs-next-movie,Cheech And Chong's Next Movie,"Relive the hilarity of this cult classic comedy with an authentic vintage media experience that captures the essence of 1980s cinema. This standard format tape comes in its original physical packaging, making it a must-have collectible for fans of counter-culture humor and retro film history. Its nostalgic charm and era-specific aesthetic provide a unique viewing experience that digital formats simply cannot replicate.",VHS,,,"Comedy, Floor Sale",false,Condition,Standard,,Serial Number,001A,,,,,191-VHSCHE-001A,0.0,shopify,1,deny,manual,5.00,,true,true,,,,,191-VHSCHE-001A,,,,false,,,,,,,,,,,,,
alegria-an-enchanting-fable,Alegria: An Enchanting Fable,"This rare collectible captures the wonder of a legendary stage production with high-quality cinematography that brings the costumes and acrobatics to life in a nostalgic physical format. Ideal for enthusiasts of high-concept performance art, this edition offers a vivid glimpse into a world of magic and mystery through its unique visual storytelling. The vintage packaging makes it a standout discovery for anyone building a comprehensive library of iconic theatrical masterpieces.",VHS,,,"Floor Sale, Musical",true,Condition,Standard,,Serial Number,001A,,,,,191-VHSALE-001A,0.0,shopify,1,deny,manual,5.00,,true,true,,,,,191-VHSALE-001A,https://cdn.shopify.com/s/files/1/0826/6363/7242/files/0-1781963845847.jpg?v=1781994015,1,191-VHSALE-001A,false,,,,,,,,,,,,,
die-hard-with-a-vengeance,Die Hard with a Vengeance,This classic action film on physical media brings one of the most intense installments of the series to your home collection. It features the high-stakes partnership between a world-weary detective and a reluctant shopkeeper as they race against time through the streets of New York City. The release is a must-have for fans of explosive cinematography and iconic eighties-style heroics.,VHS,,,"Action, Floor Sale",true,Condition,Standard,,Serial Number,001A,,,,,191-VHSDIE-001A,0.0,shopify,1,deny,manual,5.00,,true,true,,,,,191-VHSDIE-001A,https://cdn.shopify.com/s/files/1/0826/6363/7242/files/0-1781963262847.jpg?v=1781994013,1,191-VHSDIE-001A,false,,,,,,,,,,,,,
broken-hearts-club,Broken Hearts Club,"This premium hooded sweatshirt features a striking embroidered graphic on the chest that offers a bold, streetwear-inspired aesthetic. Crafted from a high-quality cotton blend with a relaxed fit and dropped shoulders, it provides both exceptional comfort and a modern silhouette for everyday wear. This piece is a versatile addition to any wardrobe, perfect for those who appreciate unique design details and a cozy, layered look.",VHS,,,"Comedy, Floor Sale",true,Condition,Standard,,Serial Number,001A,,,,,191-VHSBRB-001A,0.0,shopify,1,deny,manual,10.00,,true,true,,,,,191-VHSBRB-001A,https://cdn.shopify.com/s/files/1/0826/6363/7242/files/0-1781963104117.jpg?v=1781994011,1,191-VHSBRB-001A,false,,,,,,,,,,,,,
alfredo-alfredo,Alfredo Alfredo,"This vintage home video captures a classic Italian cinematic performance in its original analog format. Perfect for collectors of physical media, this rare tape offers an authentic retro viewing experience that digital streaming cannot replicate. The original sleeve artwork makes it a nostalgic addition to any shelf dedicated to international film history.",VHS,,,"Floor Sale, Foreign",false,Condition,Standard,,Serial Number,001A,,,,,191-VHSLFR-001A,0.0,shopify,1,deny,manual,5.00,,true,true,,,,,191-VHSLFR-001A,,,,false,,,,,,,,,,,,,
ferngully-the-last-rainforest,FERNGULLY THE LAST RAINFOREST,"Experience this classic animated adventure on high-quality physical media, perfect for nostalgic viewers and families alike. The vibrant hand-drawn animation and timeless environmental message are preserved in this collectible edition, making it a wonderful addition to any home library. Enjoy a heartwarming journey filled with memorable characters and a powerful story that resonates across generations.",VHS,,,"Floor Sale, Kids & Family",true,Condition,Standard,,Serial Number,001A,,,,,191-VHSFER-001A,0.0,shopify,1,deny,manual,5.00,,true,true,,,,,191-VHSFER-001A,https://cdn.shopify.com/s/files/1/0826/6363/7242/files/0-1781962201581.jpg?v=1781994006,1,191-VHSFER-001A,false,,,,,,,,,,,,,
brighty-of-grand-canyon,Brighty of Grand Canyon,"This heartwarming family classic follows the adventures of a spirited donkey amidst the breathtaking natural beauty of the Grand Canyon. Presented in its original analog format, this vintage tape offers a nostalgic viewing experience for collectors and fans of timeless animal stories. The film captures an enduring tale of friendship and perseverance through stunning cinematography that remains a staple for any home media library.",VHS,,,"Floor Sale, Kids & Family",false,Condition,Standard,,Serial Number,001A,,,,,191-VHSBR2-001A,0.0,shopify,1,deny,manual,5.00,,true,true,,,,,191-VHSBR2-001A,,,,false,,,,,,,,,,,,,
concrete-jungle,Concrete Jungle,,VHS,,,"Drama, Floor Sale",true,Condition,Standard,,Serial Number,001A,,,,,191-VHSCNC-001A,0.0,shopify,1,deny,manual,30.00,,true,true,,,,,191-VHSCNC-001A,https://cdn.shopify.com/s/files/1/0826/6363/7242/files/0-1781962940135.jpg?v=1781993998,1,191-VHSCNC-001A,false,,,,,,,,,,,,,
breakin-all-the-rules,Breakin' All The Rules,"This classic romantic comedy on physical media is a great addition for collectors who appreciate the warm, nostalgic aesthetic of analog viewing. The tape features an ensemble cast in a lighthearted story about the complications of modern dating and breakups. It is in good preowned condition and ready to provide a vintage movie night experience.",VHS,,,"Comedy, Floor Sale",false,Condition,Standard,,Serial Number,001A,,,,,191-VHSBRS-001A,0.0,shopify,1,deny,manual,5.00,,true,true,,,,,191-VHSBRS-001A,,,,false,,,,,,,,,,,,,
unforgettable,Unforgettable,"This rare thriller comes preserved in its original factory packaging, featuring the authentic studio watermarks across the plastic wrap to ensure its collectible status. As a vintage home video release from the late nineties, this unopened copy offers a nostalgic viewing experience for fans of suspenseful cinema and physical media enthusiasts. It serves as a pristine addition to any film library, maintaining the integrity of the classic analog format.",VHS,,,"Floor Sale, Thriller",false,Condition,Standard,,Serial Number,001A,,,,,191-VHSUNF-001A,0.0,shopify,1,deny,manual,5.00,,true,true,,,,,191-VHSUNF-001A,,,,false,,,,,,,,,,,,,
viva-maria,Viva Maria,This vintage physical media release captures a classic 1965 action-comedy adventure directed by a French New Wave legend and starring two iconic cinema leading ladies. The collectible tape format provides an authentic retro viewing experience for enthusiasts of world cinema and mid-century aesthetics. It is an essential addition for fans of cult classics and historical international film.,VHS,,,"Comedy, Floor Sale",false,Condition,Standard,,Serial Number,001A,,,,,191-VHSVIV-001A,0.0,shopify,1,deny,manual,5.00,,true,true,,,,,191-VHSVIV-001A,,,,false,,,,,,,,,,,,,
bad-behavior,BAD BEHAVIOR,,VHS,,,"Comedy, Rental",true,Condition,Standard,,Serial Number,001A,,,,,191-VHSBAD-001A,0.0,shopify,1,deny,manual,0.00,,true,true,,,,,191-VHSBAD-001A,https://cdn.shopify.com/s/files/1/0826/6363/7242/files/0-1781906226802.jpg?v=1781910034,1,191-VHSBAD-001A,false,,,,,,,,,,,,,
mash,MASH,"This classic cinematic masterpiece follows the staff of a mobile army surgical hospital during the Korean War, blending sharp comedy with heartfelt drama. The 1990 home video release offers collectors a nostalgic viewing experience in its original analog format. It is an essential addition for fans of military satire and award-winning filmmaking history.",VHS,,,"Comedy, Floor Sale",false,Condition,Standard,,Serial Number,001A,,,,,191-VHSMAS-001A,0.0,shopify,1,deny,manual,6.00,,true,true,,,,,191-VHSMAS-001A,,,,false,,,,,,,,,,,,,
basil,Basil,"This hardy aromatic herb features lush green leaves that provide a peppery and sweet flavor profile essential for authentic Mediterranean and Southeast Asian cooking. Its fragrant foliage makes it a decorative and functional addition to any kitchen windowsill or garden bed, perfect for frequent harvesting. Use the fresh sprigs to elevate homemade sauces, garnish summer salads, or create vibrant artisanal pestos.",VHS,,,"Drama, Rental",true,Condition,Standard,,Serial Number,001A,,,,,191-VHSBAS-001A,0.0,shopify,1,deny,manual,0.00,,true,true,,,,,191-VHSBAS-001A,https://cdn.shopify.com/s/files/1/0826/6363/7242/files/0-1781907031424.jpg?v=1781910030,1,191-VHSBAS-001A,false,,,,,,,,,,,,,
man-from-clover-grove,MAN FROM CLOVER GROVE,"This rare vintage clamshell release captures the nostalgic charm of classic family-friendly cinema on the traditional home video format. The sturdy protective case ensures the preservation of this collectible piece, making it an ideal addition for enthusiasts of retro media and physical film history. It offers a unique opportunity to own a preserved slice of eighties entertainment that is perfect for any analog library.",VHS,,,"Comedy, Rental",true,Condition,Standard,,Serial Number,001A,,,,,191-VHSMNF-001A,0.0,shopify,1,deny,manual,0.00,,true,true,,,,,191-VHSMNF-001A,https://cdn.shopify.com/s/files/1/0826/6363/7242/files/0-1781906753949.jpg?v=1781910028,1,191-VHSMNF-001A,false,,,,,,,,,,,,,
act,Act,This vintage home video release offers a rare opportunity for collectors of cult cinema and independent dramas to own a physical piece of film history. The clamshell packaging and original cover art provide a nostalgic aesthetic perfect for display in any retro media collection. This title is a must-have for enthusiasts of classic genre films looking to experience an authentic era-specific viewing experience.,VHS,,,"Comedy, Rental",true,Condition,Standard,,Serial Number,001A,,,,,191-VHSACT-001A,0.0,shopify,1,deny,manual,0.00,,true,true,,,,,191-VHSACT-001A,https://cdn.shopify.com/s/files/1/0826/6363/7242/files/0-1781906154147.jpg?v=1781910026,1,191-VHSACT-001A,false,,,,,,,,,,,,,
day-in-october,Day In October,"This vintage masterpiece offers a compelling cinematic experience on original tape, featuring standout performances from a talented ensemble cast. The analog format provides a nostalgic viewing texture that captures the emotional depth and atmospheric tension of this acclaimed drama. It is an essential addition for collectors seeking rare international titles preserved in their classic home video presentation.",VHS,,,"Drama, Floor Sale",false,Condition,Standard,,Serial Number,001A,,,,,191-VHSDAY-001A,0.0,shopify,1,deny,manual,4.00,,true,true,,,,,191-VHSDAY-001A,,,,false,,,,,,,,,,,,,
best-little-whorehouse-in-texas,Best Little Whorehouse in Texas,This classic musical comedy captures the vibrant energy of a legendary establishment through a star-studded cast and catchy show tunes. The high-quality production values and engaging storyline make it a charming addition to any film collection for fans of humorous stage-to-screen adaptations. This version offers a nostalgic viewing experience that highlights the wit and heart of a beloved theatrical masterpiece.,VHS,,,"Musical, Rental",true,Condition,Standard,,Serial Number,001A,,,,,191-VHSBES-001A,0.0,shopify,1,deny,manual,0.00,,true,true,,,,,191-VHSBES-001A,https://cdn.shopify.com/s/files/1/0826/6363/7242/files/0-1781906668245.jpg?v=1781910020,1,191-VHSBES-001A,false,,,,,,,,,,,,,
who-is-harry-kellerman-and-why-is-he-saying-those-terrible-things-about-me,Who is Harry Kellerman and why is he saying those terrible things about me?,This vintage physical media release offers a satirical and introspective look into the life of a successful yet paranoid songwriter navigating the eccentricities of the 1970s. It features a standout leading performance and a unique narrative style that captures the essence of classic character-driven cinema for serious collectors. This cult classic title is a must-have for those seeking rare directorial visions from a transformative era of filmmaking.,VHS,,,"Comedy, Rental",true,Condition,Standard,,Serial Number,001A,,,,,191-VHSWHE-001A,0.0,shopify,1,deny,manual,0.00,,true,true,,,,,191-VHSWHE-001A,https://cdn.shopify.com/s/files/1/0826/6363/7242/files/0-1781906603087.jpg?v=1781910019,1,191-VHSWHE-001A,false,,,,,,,,,,,,,
things-are-tough-all-over,Things Are Tough All Over,This vintage clamshell release offers a nostalgic viewing experience for collectors of physical media. The comedy follows two luckless protagonists on a cross-country journey filled with slapstick humor and distinctive character performances. It serves as a classic example of early eighties cinema preserved in its original home video format.,VHS,,,"Comedy, Rental",true,Condition,Standard,,Serial Number,001A,,,,,191-VHSTHI-001A,0.0,shopify,1,deny,manual,0.00,,true,true,,,,,191-VHSTHI-001A,https://cdn.shopify.com/s/files/1/0826/6363/7242/files/0-1781906011937.jpg?v=1781910016,1,191-VHSTHI-001A,false,,,,,,,,,,,,,
white-palace,White Palace,This elegant accessory features a clean monochrome finish that seamlessly complements any interior decor style. Its durable construction and intricate architectural details offer a sense of grandeur and sophistication to your collection. The versatile design makes it an ideal statement piece for both modern and traditional living spaces.,VHS,,,"Drama, Rental",true,Condition,Standard,,Serial Number,001A,,,,,191-VHSWHT-001A,0.0,shopify,1,deny,manual,0.00,,true,true,,,,,191-VHSWHT-001A,https://cdn.shopify.com/s/files/1/0826/6363/7242/files/0-1781907317035.jpg?v=1781910012,1,191-VHSWHT-001A,false,,,,,,,,,,,,,
crucible,Crucible,"This essential dramatic text explores themes of mass hysteria and moral conflict through a gripping historical lens. It features a softcover binding and clear typography, making it an excellent resource for students, theater enthusiasts, or classic literature collectors. The thought-provoking narrative remains a cornerstone of modern allegorical storytelling and is a must-have for any personal library.",VHS,,,"Drama, Rental",true,Condition,Standard,,Serial Number,001A,,,,,191-VHSCRU-001A,0.0,shopify,1,deny,manual,0.00,,true,true,,,,,191-VHSCRU-001A,https://cdn.shopify.com/s/files/1/0826/6363/7242/files/0-1781906946518.jpg?v=1781910012,1,191-VHSCRU-001A,false,,,,,,,,,,,,,
whos-that-girl,Who's That Girl,"This vintage musical comedy follows a high-spirited woman newly released from prison as she leads a buttoned-down lawyer on a chaotic journey through New York City. The film showcases a blend of slapstick humor and romantic charm, highlighted by an iconic eighties soundtrack and a charismatic lead performance. This physical media release is a must-have for fans of classic romantic comedies and collectors of pop culture nostalgia.",VHS,,,"Comedy, Rental",true,Condition,Standard,,Serial Number,001A,,,,,191-VHSWHS-001A,0.0,shopify,1,deny,manual,0.00,,true,true,,,,,191-VHSWHS-001A,https://cdn.shopify.com/s/files/1/0826/6363/7242/files/0-1781906550644.jpg?v=1781910009,1,191-VHSWHS-001A,false,,,,,,,,,,,,,
a-million-to-juan,A Million to Juan,"This factory sealed vintage home video captures a heartwarming and comedic journey centered around the challenges of obtaining a green card. Featuring a standout lead performance, this 1994 release offers a nostalgic viewing experience for collectors of physical media and fans of classic family cinema. It remains preserved in its original studio packaging, making it an ideal addition for anyone looking to own a pristine piece of nineties entertainment history.",VHS,Media > Videos > VHS Tapes,,"Comedy, Floor Sale",true,Condition,Standard,,Serial Number,001A,,,,,191-VHSAMI-001A,0.0,shopify,1,deny,manual,0.00,,true,true,,,,,191-VHSAMI-001A,https://cdn.shopify.com/s/files/1/0826/6363/7242/files/0-1781905893980.jpg?v=1781910005,1,191-VHSAMI-001A,false,,,,,,,,,,,,,
a-million-to-juan,,,,,,,,,Standard,,,002A,,,,,191-VHSAMI-002A,0.0,shopify,1,deny,manual,4.00,,true,true,,,,,191-VHSAMI-002A,,,,,,,,,,,,,,,,,
earth-girls-are-easy,Earth Girls Are Easy,This rare cult classic musical comedy arrives in a vintage physical format perfect for collectors of retro eighties cinema. The vibrant cover art and nostalgic feel make it an essential addition for fans of quirky sci-fi and campy performances. This pre-owned edition offers a unique opportunity to own a piece of home video history from a celebrated era of pop culture.,VHS,,,"Comedy, Floor Sale",true,Condition,Standard,,Serial Number,001A,,,,,191-UNKRTH-001A,0.0,shopify,1,deny,manual,0.00,,true,true,,,,,191-UNKRTH-001A,https://cdn.shopify.com/s/files/1/0826/6363/7242/files/0-1781906857648.jpg?v=1781910001,1,191-UNKRTH-001A,false,,,,,,,,,,,,,
earth-girls-are-easy,,,,,,,,,,,,,,,,,,,,,,,,,,,,,,,,https://cdn.shopify.com/s/files/1/0826/6363/7242/files/0-1781962330875.jpg?v=1781994007,2,191-VHSEAR-001A,,,,,,,,,,,,,,
earth-girls-are-easy,,,,,,,,,,,,,,,,,,,,,,,,,,,,,,,,https://cdn.shopify.com/s/files/1/0826/6363/7242/files/0-1781962330875_7510dcd3-4078-409c-9e29-fb0d498a1e68.jpg?v=1782253662,3,191-VHSEAR-001A,,,,,,,,,,,,,,
earth-girls-are-easy,,,,,,,,,,,,,,,,,,,,,,,,,,,,,,,,https://cdn.shopify.com/s/files/1/0826/6363/7242/files/0-1781962330875_ac3db354-9738-4798-bd6e-1d55178ce2f3.jpg?v=1782253954,4,191-VHSEAR-001A,,,,,,,,,,,,,,
earth-girls-are-easy,,,,,,,,,,,,,,,,,,,,,,,,,,,,,,,,https://cdn.shopify.com/s/files/1/0826/6363/7242/files/0-1781962330875_ed1866fd-09ad-412f-9443-f976072e5a03.jpg?v=1782257845,5,191-VHSEAR-001A,,,,,,,,,,,,,,
earth-girls-are-easy,,,,,,,,,,,,,,,,,,,,,,,,,,,,,,,,https://cdn.shopify.com/s/files/1/0826/6363/7242/files/0-1781962330875_26c9aef9-059c-43bc-94d9-6b03897ce2cb.jpg?v=1782258367,6,191-VHSEAR-001A,,,,,,,,,,,,,,
come-blow-your-horn,Come Blow Your Horn,"This classic 1963 cinematic comedy comes in its original home video format, offering a nostalgic analog viewing experience for film collectors. The story follows a young bachelor as he learns the ropes of a sophisticated playboy lifestyle from his older brother, featuring witty dialogue and vibrant mid-century aesthetics. It is a must-have for those looking to enjoy a vintage physical copy of an iconic theatrical performance.",VHS,,,Rental,true,Condition,Standard,,Serial Number,001A,,,,,191-VHSCMB-001A,0.0,shopify,1,deny,manual,0.00,,true,true,,,,,191-VHSCMB-001A,https://cdn.shopify.com/s/files/1/0826/6363/7242/files/0-1781906488983.jpg?v=1781910000,1,191-VHSCMB-001A,false,,,,,,,,,,,,,
mr-accident,Mr. Accident,"This quirky physical comedy follows the chaotic misadventures of a lovable but disaster-prone maintenance man who discovers a bizarre corporate conspiracy. Featuring surreal visuals and energetic slapstick humor, this rare cult classic is a must-have for fans of eccentric cinema and over-the-top Australian comedy. The colorful presentation and imaginative production design make it a standout addition to any video library.",VHS,,,"Comedy, Rental",true,Condition,Standard,,Serial Number,001A,,,,,191-VHSMRA-001A,0.0,shopify,1,deny,manual,0.00,,true,true,,,,,191-VHSMRA-001A,https://cdn.shopify.com/s/files/1/0826/6363/7242/files/0-1781905659094.jpg?v=1781909998,1,191-VHSMRA-001A,false,,,,,,,,,,,,,
came-a-hot-friday,CAME A HOT FRIDAY,"This vintage home media release arrives in its original protective case, making it an essential addition for fans of classic comedy and regional cinema history. The physical packaging features authentic artwork and production details that offer a nostalgic viewing experience for collectors of retro film formats. It provides an excellent opportunity to own a charming piece of cinematic storytelling that is no longer in active production.",VHS,,,"Comedy, Rental",true,Condition,Standard,,Serial Number,001A,,,,,191-VHSCAM-001A,0.0,shopify,1,deny,manual,0.00,,true,true,,,,,191-VHSCAM-001A,https://cdn.shopify.com/s/files/1/0826/6363/7242/files/0-1781906821474.jpg?v=1781909996,1,191-VHSCAM-001A,false,,,,,,,,,,,,,
get-out-of-my-room,Get Out of My Room,"This vintage comedy album captures the iconic duo in top form, featuring a collection of classic sketches and the hit single Born in East L.A. It is a must-have for collectors of retro humor and vinyl enthusiasts looking to add a quintessential piece of 1980s pop culture to their shelf. The album arrives in its original sleeve, perfectly preserving the nostalgic artwork and spirit of a comedy milestone.",VHS,,,"Comedy, Rental",true,Condition,Standard,,Serial Number,001A,,,,,191-VHSGTT-001A,0.0,shopify,1,deny,manual,0.00,,true,true,,,,,191-VHSGTT-001A,https://cdn.shopify.com/s/files/1/0826/6363/7242/files/0-1781906368378.jpg?v=1781909994,1,191-VHSGTT-001A,false,,,,,,,,,,,,,
area-51-secrets-of-dreamland,Area 51 Secrets of Dreamland,"This vintage documentary tape offers an in-depth investigation into the world's most famous classified military installation and its surrounding mythology. Viewers are treated to grainy footage, whistleblower interviews, and compelling theories regarding extraterrestrial technology and experimental aircraft. It is a must-have collectible for enthusiasts of government conspiracies and classic mid-nineties paranormal media.",VHS,,,"Documentary, Floor Sale",false,Condition,Standard,,Serial Number,001A,,,,,191-VHSARE-001A,0.0,shopify,1,deny,manual,10.00,,true,true,,,,,191-VHSARE-001A,,,,false,,,,,,,,,,,,,
come-see-the-paradise,Come See The Paradise,This vintage graphic tee features a striking visual design on a high-quality cotton blend that ensures lasting comfort and a relaxed fit. Its nostalgic aesthetic makes it a versatile statement piece for those who appreciate unique streetwear with a touch of cinematic history. The durable print and classic silhouette make it an essential addition to any curated casual wardrobe.,VHS,,,"Drama, Rental",true,Condition,Standard,,Serial Number,001A,,,,,191-VHSCMS-001A,0.0,shopify,1,deny,manual,0.00,,true,true,,,,,191-VHSCMS-001A,https://cdn.shopify.com/s/files/1/0826/6363/7242/files/0-1781907120024.jpg?v=1781909990,1,191-VHSCMS-001A,false,,,,,,,,,,,,,
long-walk-home,Long Walk Home,"This powerful historical drama remains factory sealed in its original protective wrap, making it a pristine addition for collectors of physical media. Featuring standout performances from two Academy Award winners, the film offers a moving exploration of the 1955 Montgomery bus boycott. This unopened home video release preserves the authentic vintage viewing experience for those who appreciate classic cinema and mid-century social narratives.",VHS,,,"Drama, Floor Sale",false,Condition,Standard,,Serial Number,001A,,,,,191-VHSLON-001A,0.0,shopify,1,deny,manual,5.00,,true,true,,,,,191-VHSLON-001A,,,,false,,,,,,,,,,,,,
why-do-fools-fall-in-love,Why Do Fools Fall In Love,"This vintage cinematic release comes in its original factory-sealed packaging, ensuring the tape remains in pristine, unplayed condition. It is a must-have for collectors of 1990s dramas looking to experience a nostalgic story of music and romance through its authentic analog format. The well-preserved box features vibrant cover art that makes it an excellent display piece for any film library.",VHS,,,"Drama, Floor Sale",false,Condition,Standard,,Serial Number,001A,,,,,191-VHSWHY-001A,0.0,shopify,1,deny,manual,5.00,,true,true,,,,,191-VHSWHY-001A,,,,false,,,,,,,,,,,,,
billy-madison,Billy Madison,"This vintage home video favorite brings the classic 1990s comedy experience to life through the nostalgic warmth of magnetic tape. Encased in its original cardboard sleeve, this collectible piece is perfect for enthusiasts looking to complete their analog library with one of the decade's most iconic slapstick performances.",VHS,,,"Comedy, Floor Sale",false,Condition,Standard,,Serial Number,001A,,,,,191-VHSBLL-001A,0.0,shopify,1,deny,manual,10.00,,true,true,,,,,191-VHSBLL-001A,,,,false,,,,,,,,,,,,,
beverly-hills-cop-iii,Beverly Hills Cop III,This physical media release brings the high-stakes action and classic comedy of the beloved eighties detective franchise to your home theater collection. The disc features the complete feature film with a 1.85 to 1 aspect ratio and standard surround sound for an immersive viewing experience. It is a must-have for movie buffs looking to complete their cinematic library with this fast-paced adventure set in a Southern California theme park.,VHS,,,"Action, Floor Sale",true,Condition,Standard,,Serial Number,001A,,,,,191-VHSBEV-001A,0.0,shopify,1,deny,manual,6.00,,true,true,,,,,191-VHSBEV-001A,https://cdn.shopify.com/s/files/1/0826/6363/7242/files/0-1781838521606.jpg?v=1781840021,1,191-VHSBEV-001A,false,,,,,,,,,,,,,
zandalee,Zandalee,This rare collector's edition features a classic erotic thriller presented in its original home video format. The vintage physical media includes original cover art and a high-quality playback experience for fans of nineties neo-noir cinema. It is an essential acquisition for enthusiasts looking to complete their library of physical cult favorites.,VHS,,,"Floor Sale, Thriller",true,Condition,Standard,,Serial Number,001A,,,,,191-VHSZAN-001A,0.0,shopify,1,deny,manual,17.00,,true,true,,,,,191-VHSZAN-001A,https://cdn.shopify.com/s/files/1/0826/6363/7242/files/0-1781838458584.jpg?v=1781840019,1,191-VHSZAN-001A,false,,,,,,,,,,,,,
billy-galvin,Billy Galvin,"Classic cinematic storytelling comes to life in this vintage physical media release, offering a poignant look at blue-collar life and family conflict. Collectors will appreciate the nostalgic charm of the original cover art and the tactile experience of owning a piece of eighties film history. This preserved edition is perfect for enthusiasts of character-driven dramas and those seeking to complete their collection of hard-to-find indie gems.",VHS,,,"Drama, Floor Sale",true,Condition,Standard,,Serial Number,001A,,,,,191-VHSBIL-001A,0.0,shopify,1,deny,manual,4.00,,true,true,,,,,191-VHSBIL-001A,https://cdn.shopify.com/s/files/1/0826/6363/7242/files/0-1781838590707.jpg?v=1781840017,1,191-VHSBIL-001A,false,,,,,,,,,,,,,
totally-blonde,Totally Blonde,"This professional-grade lightening powder provides high-performance lift while maintaining the integrity and shine of the hair. Its dust-free formula mixes into a creamy consistency for precise application, ensuring even results for full-head blonding or creative highlights. Achieving a clean, neutral finish, it effectively neutralizes unwanted brassy tones for a crisp and luminous look.",VHS,,,"Comedy, Floor Sale",true,Condition,Standard,,Serial Number,001A,,,,,191-VHSTOT-001A,0.0,shopify,1,deny,manual,5.00,,true,true,,,,,191-VHSTOT-001A,https://cdn.shopify.com/s/files/1/0826/6363/7242/files/0-1781838274084.jpg?v=1781840011,1,191-VHSTOT-001A,false,,,,,,,,,,,,,
birdcage,Birdcage Promotional Copy,"This vintage physical media release offers a nostalgic viewing experience of a beloved comedy classic in its original analog format. Housed in a protective cardboard slipcase, this collectible tape is perfect for fans of nineties cinema and retro home theater setups. It provides an authentic way to enjoy the vibrant performances and heartwarming humor of this celebrated film.",VHS,Uncategorized,,"Comedy, Floor Sale",false,Condition,Standard,,Serial Number,001A,,,,,191-VHSBIR-001A,0.0,shopify,1,deny,manual,10.00,,true,true,,,,,191-VHSBIR-001A,,,,false,,,,,,,,,,,,,
teen-wolf-teen-wolf-too-2,Teen Wolf Too,Relive the nostalgic charm of these classic eighties supernatural comedies with this vintage double-feature physical media set. These original early editions preserve the authentic analog aesthetic and retro cover art that collectors dream of. They offer the perfect opportunity to experience the iconic transformations and humor of the era exactly as they were meant to be seen.,VHS,Uncategorized,,"Comedy, Floor Sale",false,Condition,Standard,,Serial Number,001A,,,,,191-VHSTEE-001A,0.0,shopify,1,deny,manual,8.00,,true,true,,,,,191-VHSTEE-001A,,,,false,,,,,,,,,,,,,
white-oleander,White Oleander,This physical media collectible features a classic drama in its vintage tape format presented in a distinctive white protective case. Film enthusiasts will appreciate the nostalgic analog playback and the opportunity to own a piece of early 2000s cinematic history. It is a perfect addition for those building a library of evocative storytelling and period-specific media.,VHS,,,Floor Sale,false,Condition,Standard,,Serial Number,001A,,,,,191-VHSWHI-001A,0.0,shopify,1,deny,manual,5.00,,true,true,,,,,191-VHSWHI-001A,,,,false,,,,,,,,,,,,,
love-and-basketball,Love and Basketball,"This vintage home video captures a timeless romantic drama centered around the intersection of athletics and personal ambition. It comes in its original physical format, making it an essential addition for collectors who appreciate the nostalgic aesthetic and warm analog playback of classic cinema.",VHS,,,"Drama, Floor Sale",false,Condition,Standard,,Serial Number,001A,,,,,191-VHSLOV-001A,0.0,shopify,1,deny,manual,7.00,,true,true,,,,,191-VHSLOV-001A,,,,false,,,,,,,,,,,,,
nutty-professor-2-the-klumps,Nutty Professor 2 The Klumps,Enjoy various hilarious characters in this classic physical media release that captures the peak of high-energy comedy performances. This vintage tape delivery offers a nostalgic viewing experience for collectors of family-oriented sequels and fans of transformative character makeup. It is a must-have addition for any home library looking to revisit a beloved era of cinematic humor.,VHS,,,"Comedy, Floor Sale",false,Condition,Standard,,Serial Number,001A,,,,,191-VHSNUT-001A,0.0,shopify,1,deny,manual,5.00,,true,true,,,,,191-VHSNUT-001A,,,,false,,,,,,,,,,,,,
teachers,Teachers,,VHS,,,Floor Sale,false,Condition,Standard,,Serial Number,001A,,,,,191-VHSTCH-001A,0.0,shopify,1,deny,manual,6.00,,true,true,,,,,191-VHSTCH-001A,,,,false,,,,,,,,,,,,,
perfect,Perfect,This original home video release captures a classic performance by a Hollywood icon and offers a nostalgic viewing experience in its native analog format. The physical sleeve features iconic cover art that makes it a standout piece for any film memorabilia collection or vintage media shelf. It is a must-have for fans of eighties cinema and collectors who appreciate the unique warmth of magnetic tape playback.,VHS,,,"Drama, Floor Sale",false,Condition,Standard,,Serial Number,001A,,,,,191-VHSPER-001A,0.0,shopify,1,deny,manual,8.00,,true,true,,,,,191-VHSPER-001A,,,,false,,,,,,,,,,,,,
be-cool,Be Cool,"Experience this star-studded musical comedy sequel on classic physical media, featuring a high-profile ensemble cast in a satiric look at the music industry. The vintage format provides a nostalgic viewing experience for collectors of nineties and early aughts cinema. It is a perfect addition for those who appreciate physical home video libraries and retro entertainment technology.",VHS,,,"Comedy, Floor Sale",false,Condition,Standard,,Serial Number,001A,,,,,191-VHSBEC-001A,0.0,shopify,1,deny,manual,8.00,,true,true,,,,,191-VHSBEC-001A,,,,false,,,,,,,,,,,,,
broken-english-1997,Broken English 1997,"This classic 1997 drama comes in its original physical format, offering a nostalgic viewing experience for collectors of international cinema. It features a gripping narrative set against the backdrop of immigration and identity, preserved on a vintage tape that captures the authentic aesthetic of the era. This rare find is a must-have for enthusiasts looking to complete their library of nineties independent films.",VHS,,,"Floor Sale, Foreign",false,Condition,Standard,,Serial Number,001A,,,,,191-VHSBRK-001A,0.0,shopify,1,deny,manual,7.00,,true,true,,,,,191-VHSBRK-001A,,,,false,,,,,,,,,,,,,
whoops-apocalypse,Whoops Apocalypse,"This vintage cassette features a chaotic political satire starring a talented ensemble cast from the golden age of television comedy. A must-have for nostalgic film collectors, this physical media release offers a unique opportunity to own a rare piece of eighties dark humor in its original home video format. The clamshell packaging preserves the retro aesthetic of the era and makes it a standout addition to any cult cinema library.",VHS,,,"Comedy, Floor Sale",false,Condition,Standard,,Serial Number,001A,,,,,191-VHSWHP-001A,0.0,shopify,1,deny,manual,6.00,,true,true,,,,,191-VHSWHP-001A,,,,false,,,,,,,,,,,,,
simpatico,Simpatico,"This classic thriller on home video features a high-stakes plot centered on horse racing, blackmail, and long-buried secrets. It stars an ensemble cast of celebrated actors in a suspenseful drama that explores how past deceptions eventually catch up to the present. This physical media release is a must-have for collectors of millennium-era cinema and fans of character-driven psychological narratives.",VHS,,,"Floor Sale, Thriller",false,Condition,Standard,,Serial Number,001A,,,,,191-VHSSIM-001A,0.0,shopify,1,deny,manual,5.00,,true,true,,,,,191-VHSSIM-001A,,,,false,,,,,,,,,,,,,
russell-mulcahys-tale-of-the-mummy,Russell Mulcahy's Tale Of The Mummy,This vintage horror classic brings the suspense of ancient curses and supernatural adventure to your home archive in its original analog format. It is an essential pick for fans of nineties cinema and collectors who appreciate the unique warmth and nostalgic aesthetic of physical media. This tape offers a thrilling viewing experience for anyone looking to revisit a dark tale of archaeological mystery.,VHS,,,"Floor Sale, Horror",false,Condition,Standard,,Serial Number,001A,,,,,191-VHSRUS-001A,0.0,shopify,1,deny,manual,4.00,,true,true,,,,,191-VHSRUS-001A,,,,false,,,,,,,,,,,,,
big-mommas-house,Big Momma's House,"Experience this classic family comedy in its original analog format, perfect for collectors and fans of nostalgic media. The physical tape comes in a durable protective sleeve featuring vibrant cover art that captures the lighthearted energy of the film. It offers a unique viewing experience that brings back the charm of nineties cinema and physical home video libraries.",VHS,,,Floor Sale,false,Condition,Standard,,Serial Number,001A,,,,,191-VHSBGM-001A,0.0,shopify,1,deny,manual,5.00,,true,true,,,,,191-VHSBGM-001A,,,,false,,,,,,,,,,,,,
the-big-town,The Big Town,"Step back into the gritty atmosphere of 1950s Chicago with this classic period drama featuring a standout cast. This vintage home video release captures a high-stakes story of gambling and romance, making it a must-have for collectors of eighties cinema and physical media enthusiasts. The original clamshell packaging offers a nostalgic aesthetic that perfectly complements any retro movie library.",VHS,,,"Drama, Floor Sale",false,Condition,50%,,Serial Number,001A,,,,,191-VHSTHN-50-001A,0.0,shopify,1,deny,manual,6.00,,true,true,,,,,191-VHSTHN-50-001A,,,,false,,,,,,,,,,,,,
ordinary-decent-criminal,Ordinary Decent Criminal,"This crime drama follows a clever thief who balances a complex family life while navigating high-stakes heists and constant pressure from law enforcement. The film features a strong ensemble cast and offers a sharp, witty take on the classic underworld caper genre. It is an engaging pick for fans of gritty yet humorous storytelling and iconic cinematic performances.",VHS,,,"Floor Sale, Thriller",true,Condition,Standard,,Serial Number,001A,,,,,191-VHSORD-001A,0.0,shopify,1,deny,manual,5.00,,true,true,,,,,191-VHSORD-001A,https://cdn.shopify.com/s/files/1/0826/6363/7242/files/0-1781839562958.jpg?v=1781839984,1,191-VHSORD-001A,false,,,,,,,,,,,,,
vision-quest,Vision Quest,"Relive a classic coming-of-age sports drama through the authentic analog warmth of this original home video release. This collectible tape features the iconic soundtrack and inspiring story of a high school wrestler's journey, making it an essential addition for any vintage media enthusiast or eighties cinema fan.",VHS,,,"Drama, Floor Sale",false,Condition,50%,,Serial Number,001A,,,,,191-VHSVIS-50-001A,0.0,shopify,1,deny,manual,9.00,,true,true,,,,,191-VHSVIS-50-001A,,,,false,,,,,,,,,,,,,
zack-reba,Zack & Reba,,VHS,,,Floor Sale,false,Condition,Standard,,Serial Number,001A,,,,,191-VHSZAC-001A,0.0,shopify,1,deny,manual,6.00,,true,true,,,,,191-VHSZAC-001A,,,,false,,,,,,,,,,,,,
wide-awake-demo-tape,Wide Awake (Demo Tape),"This rare physical recording captures the raw energy and early sound of a formative underground band. It features a collection of tracks that defined a specific era of hardcore music, making it a must-have piece for serious collectors of vintage music history. The original artwork and cassette format offer an authentic, nostalgic experience for any fan of the genre.",VHS,,,"Comedy, Floor Sale",true,Condition,Standard,,Serial Number,001A,,,,,191-VHSWID-001A,0.0,shopify,1,deny,manual,4.00,,true,true,,,,,191-VHSWID-001A,https://cdn.shopify.com/s/files/1/0826/6363/7242/files/0-1781839446713.jpg?v=1781839977,1,191-VHSWID-001A,false,,,,,,,,,,,,,
birthday-girl,Birthday Girl,"Celebrate a special milestone with this nostalgic home video that captures the joy and excitement of a birthday celebration. This classic physical media format offers a vintage viewing experience, making it a charming collectible or a thoughtful gift for those who appreciate retro memorabilia. Its authentic analog quality brings an endearing sense of history and sentimentality to any media collection.",VHS,,,"Floor Sale, Thriller",false,Condition,Standard,,Serial Number,001A,,,,,191-VHSBRT-001A,0.0,shopify,1,deny,manual,4.00,,true,true,,,,,191-VHSBRT-001A,,,,false,,,,,,,,,,,,,
trapped-in-paradise,Trapped in Paradise,"This vintage physical media release offers a heartwarming holiday comedy perfect for collectors of nineties cinema. The disc features high-quality playback of the original theatrical presentation, providing a nostalgic viewing experience for enthusiasts of classic slapstick humor and winter-themed storytelling.",VHS,,,"Comedy, Floor Sale",true,Condition,Standard,,Serial Number,001A,,,,,191-VHSTRP-001A,0.0,shopify,1,deny,manual,7.00,,true,true,,,,,191-VHSTRP-001A,https://cdn.shopify.com/s/files/1/0826/6363/7242/files/0-1781839004438.jpg?v=1781839974,1,191-VHSTRP-001A,false,,,,,,,,,,,,,
big-night,Big Night,"This classic nineties drama follows two brothers as they gamble everything on a single evening to save their authentic Italian restaurant. Presented in a functional closed-captioned format, this physical media release features a star-studded cast including Stanley Tucci and Minnie Driver. It is an essential addition for cinema enthusiasts and collectors of vintage home video who appreciate stories of culinary passion and sibling devotion.",VHS,,,"Comedy, Floor Sale",false,Condition,Standard,,Serial Number,001A,,,,,191-VHSBIG-001A,0.0,shopify,1,deny,manual,10.00,,true,true,,,,,191-VHSBIG-001A,,,,false,,,,,,,,,,,,,
brigadoon,Brigadoon,This classic musical fantasy comes to life on screen through vibrant cinematography and enchanting performances that capture the magic of the Scottish Highlands. The high-quality production features timeless choreography and a captivating storyline that makes it a must-have for fans of golden age cinema and theatrical storytelling. This physical media edition provides a reliable way to enjoy a legendary piece of film history from the comfort of your home collection.,VHS,,,"Floor Sale, Musical",true,Condition,Standard,,Serial Number,001A,,,,,191-VHSBRG-001A,0.0,shopify,1,deny,manual,9.00,,true,true,,,,,191-VHSBRG-001A,https://cdn.shopify.com/s/files/1/0826/6363/7242/files/0-1781838938618.jpg?v=1781839971,1,191-VHSBRG-001A,false,,,,,,,,,,,,,
drop-squad,Drop Squad,This vintage home video release features a thought-provoking satirical drama exploring social justice and corporate influence. The physical media format includes the original cover art and provides a cinematic look at an underground group dedicated to reclaiming cultural identity. It is an essential collectible for fans of nineties cinema and stories centered on community activism.,VHS,,,"Drama, Floor Sale",true,Condition,Standard,,Serial Number,001A,,,,,191-VHSDRO-001A,0.0,shopify,1,deny,manual,8.00,,true,true,,,,,191-VHSDRO-001A,https://cdn.shopify.com/s/files/1/0826/6363/7242/files/0-1781838852399.jpg?v=1781839969,1,191-VHSDRO-001A,false,,,,,,,,,,,,,
lost-in-america,Lost In America,"Relive a classic eighties road trip comedy with this vintage home video release in its original physical format. This collectible tape features the complete feature film housed in its signature illustrated sleeve, making it a nostalgic addition for cinema enthusiasts and media collectors. It offers an authentic analog viewing experience that captures the charm of a celebrated era in satirical filmmaking.",VHS,,,"Comedy, Floor Sale",false,Condition,Standard,,Serial Number,001A,,,,,191-VHSLOS-001A,0.0,shopify,1,deny,manual,4.00,,true,true,,,,,191-VHSLOS-001A,,,,false,,,,,,,,,,,,,
transylvania-twist,Transylvania Twist,"This vintage horror-comedy classic comes in its original clamshell case, making it a perfect addition for collectors of physical media and retro cinema. The analog format captures a nostalgic aesthetic that digital versions simply cannot replicate, offering a unique viewing experience for fans of genre parodies. It is an ideal find for anyone looking to revisit this campy favorite or complete their collection of late-eighties home video releases.",VHS,,,"Comedy, Floor Sale",false,Condition,Standard,,Serial Number,001A,,,,,191-VHSTRA-001A,0.0,shopify,1,deny,manual,4.00,,true,true,,,,,191-VHSTRA-001A,,,,false,,,,,,,,,,,,,
tea-with-mussolini,Tea With Mussolini,"This vintage physical media release offers a nostalgic viewing experience for collectors of cinematic period dramas. As a pre-viewed classic from a legendary video rental era, the tape remains a functional piece of film history that captures the high-quality storytelling of the late nineties. The clamshell packaging provides durable protection for the regional playback format, making it an ideal addition to a classic movie library.",VHS,,,"Drama, Floor Sale",false,Condition,50%,,Serial Number,001A,,,,,191-VHSTEA-50-001A,0.0,shopify,1,deny,manual,6.00,,true,true,,,,,191-VHSTEA-50-001A,,,,false,,,,,,,,,,,,,
vital-signs,Vital Signs,This vintage medical drama from the early nineties offers a nostalgic look at the high-stakes lives of young doctors in training. The physical tape format provides a classic analog viewing experience for collectors of retro cinema and medical procedurals. It serves as a compelling period piece that captures the aesthetic and storytelling style of the era.,VHS,,,"Drama, Floor Sale",false,Condition,50%,,Serial Number,001A,,,,,191-VHSVIT-50-001A,0.0,shopify,1,deny,manual,4.00,,true,true,,,,,191-VHSVIT-50-001A,,,,false,,,,,,,,,,,,,
chrome-soldiers-the-secret-passion-of-robert-clayton,Chrome Soldiers The Secret Passion of Robert Clayton,"This vintage collection offers a nostalgic look at classic military figurines through high-quality photography and detailed historical context. The glossy pages showcase a dedicated collector's journey, making it an essential reference for toy soldier enthusiasts and hobbyists alike. It serves as both an aesthetic coffee table centerpiece and a comprehensive guide to mid-century craftsmanship.",VHS,,,Action,false,Condition,50%,,Serial Number,001A,,,,,191-VHSCHR-50-001A,0.0,shopify,1,deny,manual,10.00,,true,true,,,,,191-VHSCHR-50-001A,,,,false,,,,,,,,,,,,,
eddie-murphy-raw,Eddie Murphy Raw,This classic stand-up film captures a legendary comedy performance during the height of the 1980s pop culture era. It features iconic routines and bold stage presence that helped define modern observational humor for a generation of fans. This physical media release is a must-have for collectors looking to own a milestone piece of entertainment history.,VHS,Uncategorized,,"Comedy, Floor Sale",false,Genre,Comedy,,Serial Number,001A,,,,,191-VHSEDD-50-001A,0.0,shopify,2,deny,manual,10.00,,true,true,,,,,191-VHSEDD-50-001A,,,,false,,,,,,,,,,,,,
relentless-3,Relentless 3,"This vintage home video captures high-stakes crime drama and suspense in its original analog format. Perfect for retro film collectors, the physical tape comes in a classic clamshell or sleeve case that preserves the nostalgic aesthetic of the era. Experience the gritty visual texture and unique charm that only a legacy media format can provide for your home theater collection.",VHS,,,"Floor Sale, Thriller",false,Condition,50%,,Serial Number,001A,,,,,191-VHSRLN-50-001A,0.0,shopify,1,deny,manual,4.00,,true,true,,,,,191-VHSRLN-50-001A,,,,false,,,,,,,,,,,,,
zulu-dawn,Zulu Dawn,"This vintage cinematic release offers a gripping historical drama captured on original analog tape for an authentic retro viewing experience. It features an ensemble cast led by legendary screen icons, making it an essential addition for fans of classic war epics and physical media collectors. The clamshell packaging and magnetic reel provide a nostalgic aesthetic that digital formats cannot replicate.",VHS,,,"Drama, Floor Sale",false,Condition,50%,,Serial Number,001A,,,,,191-VHSZUL-50-001A,0.0,shopify,1,deny,manual,4.00,,true,true,,,,,191-VHSZUL-50-001A,,,,false,,,,,,,,,,,,,
street-smart,Street Smart,"This refined leather briefcase offers a sleek, slim profile combined with functional organization for the modern professional. The interior features a padded compartment to protect your laptop alongside multiple pockets for keeping essential accessories and documents in order. Its polished aesthetic and durable construction make it a sophisticated choice for daily commutes and business travel alike.",VHS,,,Floor Sale,false,Condition,50%,,Serial Number,001A,,,,,191-VHSSTR-50-001A,0.0,shopify,1,deny,manual,8.00,,true,true,,,,,191-VHSSTR-50-001A,,,,false,,,,,,,,,,,,,
tomcats,Tomcats,"This early 2000s comedy cult classic comes in its original physical format, making it a nostalgic addition for collectors of vintage home media. The story follows a group of friends entangled in a high-stakes bet regarding the last bachelor standing, delivering the raunchy humor and era-specific charm synonymous with adult comedies of that decade. This well-preserved tape offers a tangible way to revisit the performances of its ensemble cast and experience the authentic aesthetic of analog film.",VHS,,,"Comedy, Floor Sale",false,Condition,50%,,Serial Number,001A,,,,,191-VHSTOM-50-001A,0.0,shopify,1,deny,manual,4.00,,true,true,,,,,191-VHSTOM-50-001A,,,,false,,,,,,,,,,,,,
liberty-stands-still,Liberty Stands Still,"This gripping suspense thriller stars a high-profile actress in a tense, high-stakes scenario involving a marksman and a deadly ultimatum. The narrative unfolds in real-time, delivering a thought-provoking exploration of gun control and corporate accountability through sharp dialogue and atmospheric cinematography. It is a must-watch for fans of psychological dramas who enjoy contained, intense storytelling that keeps the viewer on the edge of their seat.",VHS,,,"Floor Sale, Thriller",true,Condition,50%,,Serial Number,001A,,,,,191-VHSLIB-50-001A,0.0,shopify,1,deny,manual,4.00,,true,true,,,,,191-VHSLIB-50-001A,https://cdn.shopify.com/s/files/1/0826/6363/7242/files/0-1781834306512.jpg?v=1781835936,1,191-VHSLIB-50-001A,false,,,,,,,,,,,,,
talk-radio,Talk Radio,"This gripping cinematic drama captures the high-stakes tension of a controversial late-night broadcast through a powerful performance set within the confines of a radio studio. Presented in its original home video format, this classic film offers a gritty exploration of free speech and personal obsession that remains a compelling addition to any vintage media collection. Collectors will appreciate the opportunity to revisit this intense psychological thriller directed by a visionary filmmaker.",VHS,,,"Drama, Floor Sale",false,Condition,50%,,Serial Number,001A,,,,,191-VHSTAL-50-001A,0.0,shopify,1,deny,manual,5.00,,true,true,,,,,191-VHSTAL-50-001A,,,,false,,,,,,,,,,,,,
the-birds,The Birds,"This classic suspense thriller comes in its original physical format, making it a must-have for vintage film collectors and fans of cinematic masterpiece. The iconic cover art captures the tension of the narrative, while the analog playback offers a nostalgic viewing experience of this quintessential creature feature. Ideal for display on a media shelf, this tape preserves the haunting atmosphere of one of cinema's most celebrated directorial achievements.",VHS,,,"Floor Sale, Horror",false,Condition,50%,,Serial Number,001A,,,,,191-VHSTH9-50-001A,0.0,shopify,1,deny,manual,6.00,,true,true,,,,,191-VHSTH9-50-001A,,,,false,,,,,,,,,,,,,
backfield-in-motion,Backfield In Motion,This vintage 1991 physical media release features a classic family comedy starring an iconic comedic duo during their peak television era. The physical tape captures an authentic nostalgic aesthetic perfect for collectors of retro home cinema and fans of nineties humor. Enjoy this lighthearted sports-themed romp in its original analog format for a genuine throwback viewing experience.,VHS,,,"Comedy, Floor Sale",false,Condition,Standard,,Serial Number,001A,,,,,191-VHSBAN-001A,0.0,shopify,1,deny,manual,7.00,,true,true,,,,,191-VHSBAN-001A,,,,false,,,,,,,,,,,,,
american-virgin,American Virgin,"This classic early 2000s comedy features a star-studded cast in a humorous coming-of-age story perfect for collectors of physical media. The vintage clamshell packaging contains the original tape, offering a nostalgic analog viewing experience that captures the charm of the era. It is an ideal addition for anyone looking to complete their library of quintessential turn-of-the-millennium cinema.",VHS,,,"Comedy, Floor Sale",false,Condition,Standard,,Serial Number,001A,,,,,191-VHSAMN-001A,0.0,shopify,1,deny,manual,10.00,,true,true,,,,,191-VHSAMN-001A,,,,false,,,,,,,,,,,,,
streets,Streets,"This classic 1990 urban drama offers a nostalgic viewing experience in its original analog format, making it a prized addition for collectors of vintage cinema. Featuring a standout lead performance, this rare physical release captures the gritty atmosphere of the era and is a must-have for fans of cult classics and retro video ephemera.",VHS,,,"Floor Sale, Horror",false,Condition,50%,,Serial Number,001A,,,,,191-VHSST2-50-001A,0.0,shopify,1,deny,manual,16.00,,true,true,,,,,191-VHSST2-50-001A,,,,false,,,,,,,,,,,,,
the-big-red-one,The Big Red One,"This vintage home video release brings a hallmark of classic war cinema to your collection in its original analog format. The physical sleeve features iconic period artwork, making it a standout display piece for enthusiasts of military history and retro media. It offers a nostalgic viewing experience that captures the gritty atmosphere of large-scale combat through authentic magnetic tape playback.",VHS,,,"Action, Floor Sale",false,Condition,Standard,,Serial Number,001A,,,,,191-VHSTHB-001A,0.0,shopify,1,deny,manual,4.00,,true,true,,,,,191-VHSTHB-001A,,,,false,,,,,,,,,,,,,
angel-on-my-shoulder,Angel on My Shoulder,"This classic fantasy film follows a gangster who makes a deal with the devil to return to earth and seek revenge, only to find himself on a path toward redemption. The digital transfer captures the vintage charm of this golden age masterpiece, making it a must-have for collectors of cinematic history. Enjoy a heartwarming tale of morality and transformation that remains a definitive example of early supernatural comedy.",VHS,,,"Drama, Floor Sale",false,Condition,Standard,,Serial Number,001A,,,,,191-VHSNGL-001A,0.0,shopify,1,deny,manual,7.00,,true,true,,,,,191-VHSNGL-001A,,,,false,,,,,,,,,,,,,
arizona-heat,Arizona Heat,"This 1988 cult action thriller follows the gritty partnership between a rough-edged detective and a no-nonsense investigator as they track a lethal killer through the desert heat. Movie collectors will appreciate the vintage aesthetic of this original tape, which captures the distinct atmosphere and hard-boiled tension of late eighties independent cinema. It is a must-have for fans of niche genre films looking for rare performances and authentic retro appeal.",VHS,,,"Floor Sale, Thriller",false,Condition,Standard,,Serial Number,001A,,,,,191-VHSARI-001A,0.0,shopify,1,deny,manual,10.00,,true,true,,,,,191-VHSARI-001A,,,,false,,,,,,,,,,,,,
american-anthem,American Anthem,Experience the high-stakes world of competitive gymnastics through this vintage cinematic masterpiece that captures the intensity and passion of the sport. This physical media collectible features an inspiring underdog story complemented by a classic eighties aesthetic and a powerful soundtrack. It is an essential addition for fans of sports dramas and collectors of nostalgic film memorabilia.,VHS,,,"Drama, Floor Sale",true,Condition,Standard,,Serial Number,001A,,,,,191-VHSAMM-001A,0.0,shopify,1,deny,manual,7.00,,true,true,,,,,191-VHSAMM-001A,https://cdn.shopify.com/s/files/1/0826/6363/7242/files/0-1781835413350.jpg?v=1781835920,1,191-VHSAMM-001A,false,,,,,,,,,,,,,
broadcast-news,Broadcast News,"This original 1987 release offers a nostalgic home viewing experience of a critically acclaimed romantic dramedy set in the world of network television. Housed in its classic slipcase, this physical media collectible is a must-have for fans of eighties cinema and those looking to complete their vintage movie library. Enjoy the warm aesthetic and unique charm that only an authentic analog tape can provide.",VHS,,,"Drama, Floor Sale",false,Condition,50%,,Serial Number,001A,,,,,191-VHSBRO-50-001A,0.0,shopify,1,deny,manual,6.00,,true,true,,,,,191-VHSBRO-50-001A,,,,false,,,,,,,,,,,,,
the-moderns,The Moderns,"This vintage physical media release offers a captivating look into the 1920s Parisian art scene through its stylish cinematography and rich period detail. Highlighting themes of passion and artistic integrity, it serves as an essential addition for collectors of celebrated indie dramas and retro home video formats.",VHS,,,"Comedy, Floor Sale",true,Condition,Standard,,Serial Number,001A,,,,,191-VHSTH8-001A,0.0,shopify,1,deny,manual,6.00,,true,true,,,,,191-VHSTH8-001A,https://cdn.shopify.com/s/files/1/0826/6363/7242/files/0-1781835327355.jpg?v=1781835917,1,191-VHSTH8-001A,false,,,,,,,,,,,,,
strapless,Strapless,"This classic romantic drama follows an American fashion designer in London who becomes entangled in a high-stakes mystery after a chance encounter with a charming stranger. Presented in its original vintage home video format, this film captures the moody atmosphere and elegant aesthetic of early nineties independent cinema. It is a must-have for collectors of period-specific thrillers and fans of sophisticated character-driven storytelling.",VHS,,,"Drama, Floor Sale",false,Condition,50%,,Serial Number,001A,,,,,191-VHSSTS-50-001A,0.0,shopify,1,deny,manual,7.00,,true,true,,,,,191-VHSSTS-50-001A,,,,false,,,,,,,,,,,,,
murderers-row-1,Murderers Row,This vintage home video release captures a classic spy thriller filled with high-stakes intrigue and retro action sequences. It is a perfect addition for collectors of physical media looking to experience mid-century cinema in its original analog format. The iconic cover art and nostalgic playback quality offer a unique viewing experience that digital streaming cannot replicate.,VHS,,,"Comedy, Floor Sale",false,Condition,50%,,Serial Number,001A,,,,,191-VHSMUW-50-001A,0.0,shopify,1,deny,manual,5.00,,true,true,,,,,191-VHSMUW-50-001A,,,,false,,,,,,,,,,,,,
scavengers-vhs-academy-1988-stunts-kenneth-david-gilman-brenda-bakke,Scavengers Vhs Academy 1988 Stunts Kenneth David Gilman Brenda Bakke,"This 1988 cult classic captures the high-energy era of practical stunts and retro action cinema on original home video format. Housed in its authentic slipcase, this release is a must-have for nostalgic film enthusiasts and collectors of vintage physical media. Experience the gritty aesthetic and unique charm of late eighties cinematography through this well-preserved analog copy.",Unknown Brand,,,"Comedy, Floor Sale",false,Condition,50%,,Serial Number,001A,,,,,191-NKNSCA-50-001A,0.0,shopify,1,deny,manual,6.00,,true,true,,,,,191-NKNSCA-50-001A,,,,false,,,,,,,,,,,,,
unlikely-angel,Unlikely Angel,"This heartwarming holiday classic follows a celestial newcomer on a mission to earn her wings by helping a family in need. Encased in its original sleeve, this vintage home media release offers a nostalgic viewing experience defined by the charming character performances and soft visual warmth unique to the format. It is an essential addition for collectors of family dramas and seasonal cinema looking to revisit a beloved nineties favorite.",VHS,,,"Comedy, Floor Sale",false,Condition,50%,,Serial Number,001A,,,,,191-VHSUNL-50-001A,0.0,shopify,1,deny,manual,5.00,,true,true,,,,,191-VHSUNL-50-001A,,,,false,,,,,,,,,,,,,
what-dreams-may-come,What Dreams May Come,"Experience the visually stunning aesthetic of this Academy Award winning film in its original analog format. This physical media collectible features vibrant, surreal landscapes that come to life on screen, making it a nostalgic addition for any cinema enthusiast or vintage tech collector.",VHS,,,"Drama, Floor Sale",false,Condition,50%,,Serial Number,001A,,,,,191-VHSWHA-50-001A,0.0,shopify,1,deny,manual,5.00,,true,true,,,,,191-VHSWHA-50-001A,,,,false,,,,,,,,,,,,,
dead-poets-society-vhs-1989-robin-williams-buy-2-get-1-free,Dead Poet's Society,"Experience this acclaimed classic drama in its original analog format, perfect for collectors of vintage cinema. This 1989 home video release captures the inspiring story and powerful performances with the nostalgic warmth of magnetic tape. It is an essential addition for fans of heartfelt storytelling and physical media memorabilia.",VHS,Uncategorized,,"Drama, Floor Sale",false,Condition,50%,,Serial Number,001A,,,,,191-NKNDEA-50-001A,0.0,shopify,1,deny,manual,5.00,,true,true,,,,,191-NKNDEA-50-001A,,,,false,,,,,,,,,,,,,
good-will-hunting,Good Will Hunting,"<div role=""presentation"" class=""wDYxhc"" data-md=""50"" data-hveid=""CBcQAA"" data-ved=""2ahUKEwjUnby99tSVAxWZj4kEHefvKdEQkCl6BAgXEAA"">
<div class=""PZPZlf hb8SAc IFvyDb"" data-attrid=""description"" data-hveid=""CBcQAQ"" data-ved=""2ahUKEwjUnby99tSVAxWZj4kEHefvKdEQziAoAHoECBcQAQ"">
<div>
<div>
<div class=""kno-rdesc kno-desc-sh""><span>Will Hunting (Matt Damon) has a genius-level IQ but chooses to work as a janitor at MIT. When he solves a difficult graduate-level math problem, his talents are discovered by Professor Gerald Lambeau (Stellan Skarsgard), who decides to help the misguided youth reach his potential. When Will is arres<span class=""yZlgBd"">ted for attacking a police officer, Professor Lambeau makes a deal to get leniency for him if he will get treatment from therapist Sean Maguire (Robin Williams).</span></span></div>
</div>
</div>
</div>
</div>",VHS,Uncategorized,,"Drama, Floor Sale",false,Genre,Drama,,,,,,,,191-VHSGOO-50-001A,0.0,shopify,3,deny,manual,5.00,,true,true,,,,,191-VHSGOO-50-001A,,,,false,,,,,,,,,,,,,
drive-me-crazy,Drive Me Crazy,"This classic physical media release brings a nostalgic nineties teen rom-com experience to your home collection in its original analog format. The vintage slipcase features iconic artwork, making it a perfect addition for enthusiasts of retro cinema and collectors of magnetic tape memorabilia. Enjoy the distinct aesthetic and warm playback quality that only this era of home entertainment can provide.",VHS,,,Comedy,false,Condition,50%,,Serial Number,002A,,,,,191-VHSDRI-50-002A,0.0,shopify,1,deny,manual,5.00,,true,true,,,,,191-VHSDRI-50-002A,,,,false,,,,,,,,,,,,,
bio-dome,Bio-Dome,"Experience a cult classic science fiction comedy in its original analog format, complete with retro artwork and nostalgic playback quality. This vintage cassette is a perfect addition for collectors seeking to revisit mid-nineties humor and physical media charm. It offers a unique opportunity to own a tangible piece of pop culture history that brings a specific era of cinema back to your television screen.",VHS,,,"Comedy, Floor Sale",false,Condition,50%,,Serial Number,001A,,,,,191-VHSBIO-50-001A,0.0,shopify,1,deny,manual,8.00,,true,true,,,,,191-VHSBIO-50-001A,,,,false,,,,,,,,,,,,,
baby-on-board,Baby On Board,"This vintage 1992 home video release captures a classic family comedy in its original analog format, perfect for collectors of nineties cinema. The physical tape offers a nostalgic viewing experience that digital copies cannot replicate, complete with the period-specific cover art and tactile charm of the era. It is an essential addition for fans of character-driven humor looking to preserve a piece of early nineties entertainment history.",VHS,,,"Comedy, Floor Sale",false,Condition,50%,,Serial Number,001A,,,,,191-VHSBAB-50-001A,0.0,shopify,1,deny,manual,4.00,,true,true,,,,,191-VHSBAB-50-001A,,,,false,,,,,,,,,,,,,
its-pat-the-movie-1,Its Pat...The Movie,"This cult classic comedy follows the misadventures of an androgynous main character in a vintage physical media format that includes the original full-screen presentation. It is a nostalgic addition to any retro film collection, featuring the distinctive 1990s cover art and the tactile experience of a classic home video release. This collectible tape is perfect for fans of Saturday Night Live history and enthusiasts of mid-90s cinematic nostalgia.",VHS,,,Comedy,false,Condition,50%,,Serial Number,001A,,,,,191-VHSTSP-50-001A,0.0,shopify,1,deny,manual,10.00,,true,true,,,,,191-VHSTSP-50-001A,,,,false,,,,,,,,,,,,,
necessary-roughness,Necessary Roughness,,VHS,,,"Comedy, Floor Sale",false,Condition,50%,,Serial Number,001A,,,,,191-VHSNEC-50-001A,0.0,shopify,1,deny,manual,5.00,,true,true,,,,,191-VHSNEC-50-001A,,,,false,,,,,,,,,,,,,
scenes-from-a-mall,Scenes From a Mall,This vintage home video features a nostalgic physical format that captures the distinct visual charm of nineties cinema. The story follows a couple navigating a series of comedic crises during a holiday shopping spree in a suburban retail landscape. It is a perfect addition for collectors seeking to revisit this classic performance through the warm aesthetic of analog media.,VHS,,,"Comedy, Floor Sale",false,Condition,50%,,Serial Number,001A,,,,,191-VHSSCE-50-001A,0.0,shopify,1,deny,manual,4.00,,true,true,,,,,191-VHSSCE-50-001A,,,,false,,,,,,,,,,,,,
too-much-sun,Too Much Sun,Experience this classic comedy about a father's eccentric will and the chaotic race between siblings to claim a massive inheritance. This physical media collector's item features the original cover art and offers a nostalgic viewing experience of the satirical humor and quirky performances that define this nineties cult favorite. It is an essential addition for any vintage film enthusiast looking to preserve a piece of cinematic history on home video.,VHS,,,"Comedy, Floor Sale",false,Condition,50%,,Serial Number,001A,,,,,191-VHSTMC-50-001A,0.0,shopify,1,deny,manual,5.00,,true,true,,,,,191-VHSTMC-50-001A,,,,false,,,,,,,,,,,,,
slumdog-millionaire,Slumdog Millionaire,This critically acclaimed cinematic masterpiece comes presented in a standard single-disc format with high-quality digital mastering for an immersive viewing experience. The release includes exclusive bonus features such as deleted scenes and director commentary that provide deep insight into the vibrant storytelling and award-winning soundtrack. This physical edition is a must-have for collectors looking to own a milestone of modern world cinema.,DVD,,,"Drama, Floor Sale",false,Condition,50%,,Serial Number,001A,,,,,191-DVDSLU-50-001A,0.0,shopify,1,deny,manual,4.00,,true,true,,,,,191-DVDSLU-50-001A,,,,false,,,,,,,,,,,,,
peter-pan-dir-p-j-hogan,Peter Pan (Dir. P.J. Hogan),"Experience this enchanting live-action adaptation of the classic adventure, featuring rich cinematography and a magical score that brings the legendary fantasy world to life. This full-screen edition provides a nostalgic viewing experience perfect for families and collectors looking to revisit a beloved childhood story. Its timeless themes of wonder and bravery make it a staple addition to any home media library.",DVD,,,"Floor Sale, Kids & Family",false,Condition,50%,,Serial Number,001A,,,,,191-DVDPET-50-001A,0.0,shopify,1,deny,manual,6.00,,true,true,,,,,191-DVDPET-50-001A,,,,false,,,,,,,,,,,,,
sleeping-beauty-50th-anniversary,Sleeping Beauty 50th Anniversary,"This limited release celebrates a landmark cinematic masterpiece with digitally restored visuals and enhanced surround sound for a modern viewing experience. The comprehensive two-disc set includes hours of immersive bonus features, such as behind-the-scenes documentaries, deleted scenes, and interactive games that appeal to both nostalgic adults and new generations. Its premium packaging and high-definition quality make it a cornerstone addition for any serious film enthusiast or animation collector.",Disney,,,"Floor Sale, Kids & Family",true,Condition,50%,,Serial Number,001A,,,,,191-DISSLE-50-001A,0.0,shopify,1,deny,manual,8.00,,true,true,,,,,191-DISSLE-50-001A,https://cdn.shopify.com/s/files/1/0826/6363/7242/files/0-1781753609465.jpg?v=1781754185,1,191-DISSLE-50-001A,false,,,,,,,,,,,,,
empire-records,Empire Records,This classic coming-of-age cult favorite follows a tight-knit group of record store employees as they fight to save their independent shop from a corporate takeover. The disc includes special features like deleted scenes and music videos that capture the quintessential spirit of mid-nineties alternative culture. It is an essential addition for any collector who enjoys nostalgic soundtracks and rebellious ensemble comedies.,DVD,,,"Comedy, Floor Sale",false,Condition,50%,,Serial Number,001A,,,,,191-DVDEMP-50-001A,0.0,shopify,1,deny,manual,7.00,,true,true,,,,,191-DVDEMP-50-001A,,,,false,,,,,,,,,,,,,
munsters-a-rob-zombie-film,Munsters (A Rob Zombie Film),This high definition physical release brings the colorful reimagining of the iconic monster family to life with stunning visual clarity and vibrant aesthetics. The disc includes exclusive behind the scenes footage and director commentary that provides an in depth look at the creation of this nostalgic supernatural comedy. It is a must have collector's item for fans of retro television aesthetics and stylized cinematic storytelling.,DVD,,,"Drama, Rental",true,Condition,50%,,Serial Number,001A,,,,,191-DVDMUN-50-001A,0.0,shopify,1,deny,manual,0.00,,true,true,,,,,191-DVDMUN-50-001A,https://cdn.shopify.com/s/files/1/0826/6363/7242/files/0-1781752712823.jpg?v=1781754179,1,191-DVDMUN-50-001A,false,,,,,,,,,,,,,
unbearable-weight-of-massive-talent,Unbearable Weight of Massive Talent,"This high-definition physical release offers a brilliantly self-aware cinematic experience with stunning visual clarity and immersive audio. The disc includes exclusive behind-the-scenes featurettes and deleted scenes that provide a deeper look into the creative process of this genre-bending comedy. It serves as a must-have addition for any collector looking to enjoy a sharp, reliable home theater presentation of a modern cult favorite.",BLU-RAY,,,"Action, Rental",true,Condition,50%,,Serial Number,001A,,,,,191-BLRUNB-50-001A,0.0,shopify,1,deny,manual,0.00,,true,true,,,,,191-BLRUNB-50-001A,https://cdn.shopify.com/s/files/1/0826/6363/7242/files/0-1781752609243.jpg?v=1781754177,1,191-BLRUNB-50-001A,false,,,,,,,,,,,,,
species-4k-collectors-edition,Species 4K Collector's Edition,"Experience this cult creature feature in breathtaking ultra-high-definition with a restored transfer that highlights every practical effect and chilling detail. This comprehensive collector's set includes both 4K and standard blu-ray discs along with a wealth of behind-the-scenes bonus content for devoted genre fans. It is the definitive physical release for enthusiasts looking to add a premium, high-bitrate edition of this underground classic to their home cinema library.",4K,,,"4K, Rental, Sci-Fi",true,Condition,50%,,Serial Number,001A,,,,,191-BLRSPC-50-001A,0.0,shopify,1,deny,manual,0.00,,true,true,,,,,191-BLRSPC-50-001A,https://cdn.shopify.com/s/files/1/0826/6363/7242/files/0-1781752520853.jpg?v=1781754175,1,191-BLRSPC-50-001A,false,,,,,,,,,,,,,
the-wraith-collectors-series,The Wraith (Collector's Series),"This special edition release features a high-definition restoration of the classic cult thriller, complete with exclusive bonus content and behind-the-scenes glimpses into the production. It is a must-have for cinema enthusiasts and collectors who appreciate the unique blend of supernatural action and automotive stunts that defined the era. The premium packaging and comprehensive interviews make it an essential centerpiece for any home media library.",BLU-RAY,Uncategorized,,"Rental, Sci-Fi",true,Condition,50%,,Serial Number,001A,,,,,191-UNKTHE-50-001A,0.0,shopify,1,deny,manual,0.00,,true,true,,,,,191-UNKTHE-50-001A,https://cdn.shopify.com/s/files/1/0826/6363/7242/files/0-1781752428069.jpg?v=1781754174,1,191-UNKTHE-50-001A,false,,,,,,,,,,,,,
creepshow-2,Creepshow 2,"This original promotional poster captures the cult classic aesthetic of eighties horror with vibrant, detailed artwork. It serves as a striking collector piece for genre enthusiasts looking to elevate their home theater or gallery wall. The high-quality print remains in excellent vintage condition, making it a standout addition for any dedicated cinema fan.",4K,,,"4K, Horror, Rental",true,Condition,50%,,Serial Number,001A,,,,,191-BLRCRE-50-001A,0.0,shopify,1,deny,manual,0.00,,true,true,,,,,191-BLRCRE-50-001A,https://cdn.shopify.com/s/files/1/0826/6363/7242/files/0-1781752273263.jpg?v=1781754172,1,191-BLRCRE-50-001A,false,,,,,,,,,,,,,
dawn-of-the-planet-of-the-apes,Dawn of the Planet of the Apes,Experience the epic confrontation between a growing nation of genetically evolved primates and a band of human survivors in this high-definition cinematic release. This gripping sequel offers a blend of stunning visual effects and a thought-provoking storyline that explores the fragile peace between two species. It is an essential addition for fans of sweeping science fiction sagas and groundbreaking motion-capture performances.,4K,,,"4K, Action, Rental",true,Condition,50%,,Serial Number,001A,,,,,191-BLRDAW-50-001A,0.0,shopify,1,deny,manual,0.00,,true,true,,,,,191-BLRDAW-50-001A,https://cdn.shopify.com/s/files/1/0826/6363/7242/files/0-1781752064205.jpg?v=1781754170,1,191-BLRDAW-50-001A,false,,,,,,,,,,,,,
my-soul-to-take,My Soul to Take,This high-definition disk delivers a sharp visual presentation and immersive audio for a gripping cinematic experience. Fans of the supernatural thriller genre will appreciate the suspenseful narrative and bonus features included in this regional release. It makes an excellent addition to any physical media collection for those who enjoy intense storytelling and classic directorial style.,BLU-RAY,,,"Horror, Rental",true,Condition,50%,,Serial Number,001A,,,,,191-BLRMYS-50-001A,0.0,shopify,1,deny,manual,0.00,,true,true,,,,,191-BLRMYS-50-001A,https://cdn.shopify.com/s/files/1/0826/6363/7242/files/0-1781752132359.jpg?v=1781754168,1,191-BLRMYS-50-001A,false,,,,,,,,,,,,,
critters-attack,CRITTERS ATTACK!,"This collectible plush captures the mischievous essence of the iconic creature with its wide, toothy grin and distinctive textured fur. Its compact design and expressive features make it a standout addition for fans of classic horror-comedy memorabilia looking for a high-quality display piece. Turn any shelf into a nostalgic tribute with this uniquely detailed and charismatic figure.",BLU-RAY,,,"Horror, Rental",true,Condition,50%,,Serial Number,001A,,,,,191-BLRCRT-50-001A,0.0,shopify,1,deny,manual,0.00,,true,true,,,,,191-BLRCRT-50-001A,https://cdn.shopify.com/s/files/1/0826/6363/7242/files/0-1781752215181.jpg?v=1781754167,1,191-BLRCRT-50-001A,false,,,,,,,,,,,,,
peninsula,Peninsula,Experience the intense action and high-stakes survival of this standalone sequel in stunning high definition. This physical media release features breathtaking cinematography and immersive sound design that brings the post-apocalyptic landscape to life. It is an essential addition for fans of high-octane thrillers and cinematic world-building.,BLU-RAY,,,"Action, Rental",false,Condition,50%,,Serial Number,001A,,,,,191-BLRPEN-50-001A,0.0,shopify,1,deny,manual,0.00,,true,true,,,,,191-BLRPEN-50-001A,,,,false,,,,,,,,,,,,,
dont-breathe-2,Don't Breathe 2,Experience this high-stakes thriller in stunning high definition with crisp visuals and immersive audio that heighten every moment of suspense. This physical disc includes exclusive bonus content and behind-the-scenes features that provide a deeper look into the intense cinematic craftsmanship. It is an essential addition for horror fans and collectors looking to complete their home media library with a premium viewing experience.,BLU-RAY,,,"Horror, Rental",true,Condition,50%,,Serial Number,001A,,,,,191-BLRDNT-50-001A,0.0,shopify,1,deny,manual,0.00,,true,true,,,,,191-BLRDNT-50-001A,https://cdn.shopify.com/s/files/1/0826/6363/7242/files/0-1781750995775.jpg?v=1781751239,1,191-BLRDNT-50-001A,false,,,,,,,,,,,,,
power-rangers,Power Rangers,"These articulated action figures capture the iconic look of the classic superhero team with vibrant colors and accurate detailing. Each collectible features multiple points of poseability and includes character-specific accessories, making them perfect for nostalgic display or active play. This set is a must-have for fans looking to complete their gallery of legendary galactic defenders.",BLU-RAY,,,"Action, Rental",true,Condition,50%,,Serial Number,001A,,,,,191-BLRPOW-50-001A,0.0,shopify,1,deny,manual,0.00,,true,true,,,,,191-BLRPOW-50-001A,https://cdn.shopify.com/s/files/1/0826/6363/7242/files/0-1781750971671.jpg?v=1781751007,1,191-BLRPOW-50-001A,false,,,,,,,,,,,,,
machete-kills,Machete Kills,Experience high-octane action and over-the-top cinematic thrills with this comprehensive multi-format home media release. The set includes a high-definition disc for stunning visual clarity alongside standard and digital versions to ensure seamless viewing across all your favorite devices. It is an essential addition for fans of cult cinema who appreciate explosive storytelling and a star-studded cast in a stylized grindhouse format.,BLU-RAY,,,"Action, Rental",true,Condition,50%,,Serial Number,001A,,,,,191-BLRMCH-50-001A,0.0,shopify,1,deny,manual,0.00,,true,true,,,,,191-BLRMCH-50-001A,https://cdn.shopify.com/s/files/1/0826/6363/7242/files/0-1781750870867.jpg?v=1781751006,1,191-BLRMCH-50-001A,false,,,,,,,,,,,,,
cell,The Cell,"This high-style athletic shoe features a distinctive translucent sole unit designed for superior shock absorption and a bold futuristic aesthetic. The breathable knit upper provides a flexible, sock-like fit while structured overlays ensure stability during movement. Its unique silhouette merges high-fashion design with functional comfort, making it a standout choice for everyday streetwear.",BLU-RAY,Uncategorized,,"Action, Rental",true,Condition,50%,,Serial Number,001A,,,,,191-BLRCEL-50-001A,0.0,shopify,1,deny,manual,0.00,,true,true,,,,,191-BLRCEL-50-001A,https://cdn.shopify.com/s/files/1/0826/6363/7242/files/0-1781750543892.jpg?v=1781751002,1,191-BLRCEL-50-001A,false,,,,,,,,,,,,,
rise-of-the-planet-of-the-apes,Rise of the Planet of the Apes,"This intense cinematic thriller explores the origins of a revolution through groundbreaking motion-capture technology and a gripping emotional narrative. The story follows a genetically enhanced chimpanzee as he leads a high-stakes struggle for freedom, blending stunning visual effects with a provocative social commentary. It is an essential collectible for fans of thought-provoking science fiction and high-octane action sequences.",BLU-RAY,,,"Action, Rental",true,Condition,50%,,Serial Number,001A,,,,,191-BLRRIS-50-001A,0.0,shopify,1,deny,manual,0.00,,true,true,,,,,191-BLRRIS-50-001A,https://cdn.shopify.com/s/files/1/0826/6363/7242/files/0-1781750361395.jpg?v=1781751000,1,191-BLRRIS-50-001A,false,,,,,,,,,,,,,
blue-steel,Blue Steel,"This durable accessory features a sleek metallic finish in a deep navy hue, offering a refined blend of modern industrial style and everyday functionality. Its high-quality construction ensures long-lasting wear, making it a versatile statement piece for those who appreciate minimalist design and cool-toned aesthetics.",BLU-RAY,,,"Action, Rental",true,Condition,50%,,Serial Number,001A,,,,,191-BLRBLU-50-001A,0.0,shopify,1,deny,manual,0.00,,true,true,,,,,191-BLRBLU-50-001A,https://cdn.shopify.com/s/files/1/0826/6363/7242/files/0-1781750295037.jpg?v=1781750998,1,191-BLRBLU-50-001A,false,,,,,,,,,,,,,
terminator-genisys,Terminator Genisys,"Experience high-definition action with this comprehensive home media set featuring multiple formats for versatile viewing on any screen. The collection includes immersive three-dimensional depth and crisp digital quality, making it a must-have for fans of the iconic sci-fi franchise. This multi-disc package provides the ultimate cinematic experience with enhanced visual effects and convenient portable access.",BLU-RAY,,,"Rental, Sci-Fi",true,Condition,50%,,Serial Number,001A,,,,,191-BLRTRM-50-001A,0.0,shopify,1,deny,manual,0.00,,true,true,,,,,191-BLRTRM-50-001A,https://cdn.shopify.com/s/files/1/0826/6363/7242/files/0-1781750209523.jpg?v=1781750995,1,191-BLRTRM-50-001A,false,,,,,,,,,,,,,
mission-impossible-fallout,Mission: Impossible - Fallout,Experience the high-stakes action of this critically acclaimed blockbuster in stunning high definition with a comprehensive multi-format set. This collection includes physical discs for home viewing along with a digital code for entertainment on the go. It is a must-have addition for any cinema enthusiast looking to complete their thriller collection.,BLU-RAY,,,"Action, Rental",true,Condition,50%,,Serial Number,001A,,,,,191-BLRMIS-50-001A,0.0,shopify,1,deny,manual,0.00,,true,true,,,,,191-BLRMIS-50-001A,https://cdn.shopify.com/s/files/1/0826/6363/7242/files/0-1781750804995.jpg?v=1781750993,1,191-BLRMIS-50-001A,false,,,,,,,,,,,,,
mr-brooks,Mr. Brooks,This high-definition psychological thriller offers a gripping look into the dual life of a successful businessman with a deadly hidden addiction. The crisp picture quality and immersive audio enhance the intense atmosphere and suspenseful performances of the star-studded cast. It is a sophisticated addition to any collection for those who enjoy complex character studies and edge-of-your-seat drama.,BLU-RAY,,,Rental,true,Condition,50%,,Serial Number,001A,,,,,191-BLRMRB-50-001A,0.0,shopify,1,deny,manual,0.00,,true,true,,,,,191-BLRMRB-50-001A,https://cdn.shopify.com/s/files/1/0826/6363/7242/files/0-1781750734534.jpg?v=1781750991,1,191-BLRMRB-50-001A,false,,,,,,,,,,,,,
basic-instinct-2-collectors-edition,Basic Instinct 2 Collector's Edition,"This collector's edition features the uncut version of the provocative thriller along with an array of behind-the-scenes bonus content and deleted scenes. The sleek packaging makes it a standout addition to any cinema lover's library, offering a deeper look into the mystery through exclusive featurettes and audio commentary. It is a must-have definitive set for fans of the franchise seeking the most complete viewing experience available.",BLU-RAY,,,"Rental, Thriller",true,Condition,50%,,Serial Number,001A,,,,,191-BLRBAS-50-001A,0.0,shopify,1,deny,manual,0.00,,true,true,,,,,191-BLRBAS-50-001A,https://cdn.shopify.com/s/files/1/0826/6363/7242/files/0-1781750662965.jpg?v=1781750990,1,191-BLRBAS-50-001A,false,,,,,,,,,,,,,
top-gun-2-movie-collection,Top Gun 2-Movie Collection,This cinematic collection features both high-octane installments of the iconic aviation franchise in one convenient set. Viewers can enjoy heart-pounding aerial sequences and compelling character dramas that have defined action cinema for decades. It is an essential addition for any fan of blockbuster filmmaking and legendary underdog stories.,BLU-RAY,,,"Action, Rental",true,Condition,50%,,Serial Number,001A,,,,,191-BLRTOP-50-001A,0.0,shopify,1,deny,manual,0.00,,true,true,,,,,191-BLRTOP-50-001A,https://cdn.shopify.com/s/files/1/0826/6363/7242/files/0-1781750738612.jpg?v=1781750988,1,191-BLRTOP-50-001A,false,,,,,,,,,,,,,
extreme-prejudice,Extreme Prejudice,This intense investigative documentary explores the dark side of legal and political systems through a series of gripping accounts and historical footage. Its compelling storytelling and deep dive into controversial cases make it an essential addition for enthusiasts of true crime and political thrillers. This physical media release offers a high-quality viewing experience for collectors looking to uncover hidden truths and forgotten narratives.,BLU-RAY,,,"Action, Rental",true,Condition,50%,,Serial Number,001A,,,,,191-BLREXT-50-001A,0.0,shopify,1,deny,manual,0.00,,true,true,,,,,191-BLREXT-50-001A,https://cdn.shopify.com/s/files/1/0826/6363/7242/files/0-1781750560033.jpg?v=1781750987,1,191-BLREXT-50-001A,false,,,,,,,,,,,,,
unleashed,Unleashed,Experience this high-octane action thriller in stunning high-definition clarity with immersive cinematic sound. This physical disc is a must-have for martial arts enthusiasts and collectors looking to enjoy every intense fight sequence and emotional beat of the story. Its sleek packaging and superior picture quality make it a standout addition to any home media library.,BLU-RAY,,,"Action, Rental",true,Condition,50%,,Serial Number,001A,,,,,191-BLRUNL-50-001A,0.0,shopify,1,deny,manual,0.00,,true,true,,,,,191-BLRUNL-50-001A,https://cdn.shopify.com/s/files/1/0826/6363/7242/files/0-1781749341115.jpg?v=1781749668,1,191-BLRUNL-50-001A,false,,,,,,,,,,,,,
conan-the-barbarian,Conan The Barbarian,,BLU-RAY,,,Rental,true,Condition,50%,,Serial Number,001A,,,,,191-BLRCON-50-001A,0.0,shopify,1,deny,manual,0.00,,true,true,,,,,191-BLRCON-50-001A,https://cdn.shopify.com/s/files/1/0826/6363/7242/files/0-1781749193748.jpg?v=1781749666,1,191-BLRCON-50-001A,false,,,,,,,,,,,,,
conan-the-barbarian,,,,,,,,,,,,,,,,,,,,,,,,,,,,,,,,https://cdn.shopify.com/s/files/1/0826/6363/7242/files/1-1781749194546.jpg?v=1781749667,2,191-BLRCON-50-001A,,,,,,,,,,,,,,
hansel-gretel-witch-hunters-unrated-cut,Hansel & Gretel: Witch Hunters (Unrated Cut),This intense fantasy action film delivers a gritty reimagining of the classic fairy tale with an unrated cut featuring extended sequences of stylized violence and gore. Follow the legendary duo as professional bounty hunters tracking down supernatural threats through dark forests and medieval villages. It is a thrilling choice for fans of high-octane adventure and dark folklore looking for a mature twist on a childhood fable.,BLU-RAY,,,"Action, Rental",true,Condition,50%,,Serial Number,001A,,,,,191-BLRHAN-50-001A,0.0,shopify,1,deny,manual,0.00,,true,true,,,,,191-BLRHAN-50-001A,https://cdn.shopify.com/s/files/1/0826/6363/7242/files/0-1781748342315.jpg?v=1781748631,1,191-BLRHAN-50-001A,false,,,,,,,,,,,,,
windtalkers,Windtalkers,Experience this intense world war two drama in stunning high definition with crisp visual clarity and immersive surround sound. This special edition disc features behind the scenes footage and director commentary that provides deep insight into the historical significance of the code talkers. It is a must have addition for history buffs and fans of high stakes cinematic action.,Blu-Ray,,,"Action, Rental",true,Condition,50%,,Serial Number,001A,,,,,191-BLYWIN-50-001A,0.0,shopify,1,deny,manual,0.00,,true,true,,,,,191-BLYWIN-50-001A,https://cdn.shopify.com/s/files/1/0826/6363/7242/files/0-1781748148721.jpg?v=1781748627,1,191-BLYWIN-50-001A,false,,,,,,,,,,,,,
wrath-of-man,Wrath of Man,,BLU-RAY,,,"Action, Rental",true,Condition,50%,,Serial Number,001A,,,,,191-BLRWRT-50-001A,0.0,shopify,1,deny,manual,0.00,,true,true,,,,,191-BLRWRT-50-001A,https://cdn.shopify.com/s/files/1/0826/6363/7242/files/0-1781748550925.jpg?v=1781748625,1,191-BLRWRT-50-001A,false,,,,,,,,,,,,,
jeepers-creepers-reborn,Jeepers Creepers Reborn,Experience this modern installment of the legendary horror franchise in stunning high definition with this pristine disc. The release features terrifying visuals and atmospheric sound design that bring the cult favorite creature back to life for a new generation of fans. It is an essential addition for any collector looking to complete their horror library with the latest chapter of the series.,BLU-RAY,,,"Horror, Rental",true,Condition,50%,,Serial Number,001A,,,,,191-BLRJEE-50-001A,0.0,shopify,1,deny,manual,0.00,,true,true,,,,,191-BLRJEE-50-001A,https://cdn.shopify.com/s/files/1/0826/6363/7242/files/0-1781748050370.jpg?v=1781748070,1,191-BLRJEE-50-001A,false,,,,,,,,,,,,,
den-of-thieves,Den of Thieves,"This fast-paced strategy game challenges players to outsmart their opponents through clever hand management and tactical planning. The compact design makes it an ideal choice for travel or game nights, offering high replayability with its shifting mechanics and competitive interactions. Its sleek aesthetic and intuitive rules ensure an engaging experience for both casual players and seasoned tabletop enthusiasts.",BLU-RAY,,,"Action, Rental",true,Condition,50%,,Serial Number,001A,,,,,191-BLRDEN-50-001A,0.0,shopify,1,deny,manual,0.00,,true,true,,,,,191-BLRDEN-50-001A,https://cdn.shopify.com/s/files/1/0826/6363/7242/files/0-1781747997441.jpg?v=1781748039,1,191-BLRDEN-50-001A,false,,,,,,,,,,,,,
doom-the-scorpion-king-the-rundown-triple-feature,Doom / The Scorpion King / The Rundown Triple Feature,"This action-packed DVD collection features three high-octane blockbusters starring iconic muscle-bound leads in a blend of sci-fi horror, historical fantasy, and jungle adventure. Each film offers a unique cinematic experience, ranging from intense planetary combat and supernatural battles in ancient Egypt to a comedic treasure hunt through the Amazon. It is the perfect grab for any fan of intense fight choreography and classic early-2000s spectacle looking to upgrade their home media library.",BLU-RAY,,,"Action, Rental",true,Condition,50%,,Serial Number,001A,,,,,191-BLRDMT-50-001A,0.0,shopify,1,deny,manual,0.00,,true,true,,,,,191-BLRDMT-50-001A,https://cdn.shopify.com/s/files/1/0826/6363/7242/files/0-1781747944628.jpg?v=1781748034,1,191-BLRDMT-50-001A,false,,,,,,,,,,,,,
transporter-refueled,Transporter Refueled,This high-octane action thriller features intense stunt choreography and fast-paced car chases that will keep you on the edge of your seat. The physical disc provides a high-definition viewing experience with crisp audio and stunning visuals perfect for any home theater collection. It is a must-have for fans of stylish cinematography and masterfully executed combat sequences.,BLU-RAY,,,"Action, Rental",true,Condition,50%,,Serial Number,001A,,,,,191-BLRTRD-50-001A,0.0,shopify,1,deny,manual,0.00,,true,true,,,,,191-BLRTRD-50-001A,https://cdn.shopify.com/s/files/1/0826/6363/7242/files/0-1781747874501.jpg?v=1781748032,1,191-BLRTRD-50-001A,false,,,,,,,,,,,,,
poseidon,Poseidon,This high-definition disc delivers a gripping maritime survival story with stunning visual effects and immersive surround sound. Experience every intense moment of the rogue wave disaster and the subsequent escape attempt in crisp 1080p resolution. It is a must-have addition for any action fan looking to upgrade their home cinema library.,BLU-RAY,,,"Action, Rental",true,Condition,50%,,Serial Number,001A,,,,,191-BLRPOS-50-001A,0.0,shopify,1,deny,manual,0.00,,true,true,,,,,191-BLRPOS-50-001A,https://cdn.shopify.com/s/files/1/0826/6363/7242/files/0-1781747759626.jpg?v=1781748030,1,191-BLRPOS-50-001A,false,,,,,,,,,,,,,
venom,Venom,Experience the high-stakes origin story of an iconic antihero with this cinematic release featuring stunning visual effects and an intense storyline. This home entertainment disc provides a premium viewing experience with clear picture quality and immersive sound that brings the action to life. It is an essential addition for fans of gritty superhero narratives and collectors of modern blockbusters.,BLU-RAY,,,"Action, Rental",true,Condition,50%,,Serial Number,001A,,,,,191-BLRVEN-50-001A,0.0,shopify,1,deny,manual,0.00,,true,true,,,,,191-BLRVEN-50-001A,https://cdn.shopify.com/s/files/1/0826/6363/7242/files/0-1781747643029.jpg?v=1781748028,1,191-BLRVEN-50-001A,false,,,,,,,,,,,,,
god-is-a-bullet,God Is a Bullet,This intense crime thriller features a visceral score and gritty cinematography that captures a high-stakes journey of vengeance and redemption. The dark atmospheric storytelling and powerful performances create a haunting cinematic experience for fans of the genre. This physical media release is a compelling addition for collectors who appreciate edge-of-your-seat drama and uncompromising narratives.,BLU-RAY,,,"Action, Rental",true,Condition,50%,,Serial Number,001A,,,,,191-BLRGOD-50-001A,0.0,shopify,1,deny,manual,0.00,,true,true,,,,,191-BLRGOD-50-001A,https://cdn.shopify.com/s/files/1/0826/6363/7242/files/0-1781747510046.jpg?v=1781748025,1,191-BLRGOD-50-001A,false,,,,,,,,,,,,,
shoot-em-up,Shoot 'Em Up,"This fast-paced arcade shooter features classic side-scrolling mechanics and intense bullet-hell gameplay across multiple challenging levels. Players can choose from a variety of unique ships and upgradeable weapon systems to take down massive screen-filling bosses. It is a must-have for fans of the genre looking for a retro aesthetic combined with smooth, modern performance.",BLU-RAY,,,"Action, Rental",true,Condition,50%,,Serial Number,001A,,,,,191-BLRSHO-50-001A,0.0,shopify,1,deny,manual,0.00,,true,true,,,,,191-BLRSHO-50-001A,https://cdn.shopify.com/s/files/1/0826/6363/7242/files/0-1781747448608.jpg?v=1781748021,1,191-BLRSHO-50-001A,false,,,,,,,,,,,,,
never-back-down-extended-beat-down-edition,Never Back Down: Extended Beat Down Edition,"This high-definition release features the unrated version of the film with additional fight footage and intense action sequences not seen in theaters. Movie enthusiasts will appreciate the crystal-clear picture quality and immersive audio that bring every strike and stunt to life. The disc comes in its original protective case, making it a perfect addition to any combat sports or drama collection.",BLU-RAY,,,"Action, Rental",true,Condition,50%,,Serial Number,001A,,,,,191-BLRNEV-50-001A,0.0,shopify,1,deny,manual,0.00,,true,true,,,,,191-BLRNEV-50-001A,https://cdn.shopify.com/s/files/1/0826/6363/7242/files/0-1781747317894.jpg?v=1781748018,1,191-BLRNEV-50-001A,false,,,,,,,,,,,,,
morbius,Morbius,Experience this high-stakes supernatural thriller in stunning ultra-high-definition clarity with this multi-format collector set. This physical release includes both 4K and standard high-definition discs alongside a convenient code for your digital library. It is an essential addition for fans of dark superhero narratives and cinematic visual effects.,4K,,,"Action, Rental",true,Condition,50%,,Serial Number,001A,,,,,191-4K2MOR-50-001A,0.0,shopify,1,deny,manual,0.00,,true,true,,,,,191-4K2MOR-50-001A,https://cdn.shopify.com/s/files/1/0826/6363/7242/files/0-1781747192433.jpg?v=1781748016,1,191-4K2MOR-50-001A,false,,,,,,,,,,,,,
driven,Driven,"This contemporary streetwear piece features a bold graphic aesthetic and premium cotton construction for lasting comfort and durability. Its relaxed fit and standout design make it an essential choice for elevating a casual everyday wardrobe with an edgy, modern touch.",BLU-RAY,,,"Action, Rental",true,Condition,50%,,Serial Number,001A,,,,,191-BLRDRV-50-001A,0.0,shopify,1,deny,manual,0.00,,true,true,,,,,191-BLRDRV-50-001A,https://cdn.shopify.com/s/files/1/0826/6363/7242/files/0-1781747247935.jpg?v=1781748014,1,191-BLRDRV-50-001A,false,,,,,,,,,,,,,
doomsday,Doomsday,"This gothic-inspired graphic tee features a striking visual of a masked figure set against a dark, industrial backdrop. Crafted from soft, breathable cotton, it offers a comfortable fit that makes it a standout choice for fans of alternative streetwear and bold artistic prints. The intricate detailing and monochromatic palette ensure this piece adds a moody, edgy aesthetic to any casual wardrobe.",BLU-RAY,,,"Action, Rental",true,Condition,50%,,Serial Number,001A,,,,,191-BLRDOO-50-001A,0.0,shopify,1,deny,manual,0.00,,true,true,,,,,191-BLRDOO-50-001A,https://cdn.shopify.com/s/files/1/0826/6363/7242/files/0-1781746551095.jpg?v=1781746660,1,191-BLRDOO-50-001A,false,,,,,,,,,,,,,
walking-tall,Walking Tall,Experience this high-definition presentation of a modern action classic featuring crisp visuals and immersive audio quality. This physical disc includes behind-the-scenes bonus content and director commentary that provides a deeper look into the making of the film. It is a must-have addition for collectors who enjoy intense performances and gripping justice-driven storytelling.,BLU-RAY,,,Rental,true,Condition,50%,,Serial Number,001A,,,,,191-BLRWAL-50-001A,0.0,shopify,1,deny,manual,0.00,,true,true,,,,,191-BLRWAL-50-001A,https://cdn.shopify.com/s/files/1/0826/6363/7242/files/0-1781746490306.jpg?v=1781746657,1,191-BLRWAL-50-001A,false,,,,,,,,,,,,,
drive-angry,Drive Angry,"Experience high-octane action and supernatural vengeance in this thrilling cinematic adventure presented in stunning high definition. This physical media release is a must-have for fans of supernatural stunts and fast-paced storytelling, making it a perfect addition to any home movie collection.",BLU-RAY,,,"Action, Rental",true,Condition,50%,,Serial Number,001A,,,,,191-BLRDRI-50-001A,0.0,shopify,1,deny,manual,0.00,,true,true,,,,,191-BLRDRI-50-001A,https://cdn.shopify.com/s/files/1/0826/6363/7242/files/0-1781746427284.jpg?v=1781746656,1,191-BLRDRI-50-001A,false,,,,,,,,,,,,,
copshop,COPSHOP,"This utilitarian chest rig features a durable nylon construction with multiple adjustable straps to ensure a secure and customizable fit. The front tactical pouches provide convenient storage for small gear, making it an ideal accessory for outdoor activities or streetwear styling. Its rugged design offers both functional utility and a modern military-inspired aesthetic.",BLU-RAY,,,"Action, Rental",true,Condition,50%,,Serial Number,001A,,,,,191-BLRCOP-50-001A,0.0,shopify,1,deny,manual,0.00,,true,true,,,,,191-BLRCOP-50-001A,https://cdn.shopify.com/s/files/1/0826/6363/7242/files/0-1781746362200.jpg?v=1781746653,1,191-BLRCOP-50-001A,false,,,,,,,,,,,,,
kick-ass-2,Kick-Ass 2,This multi-format set includes high-definition and standard discs along with a digital copy for flexible viewing on your television or mobile devices. It offers an action-packed cinematic experience with crisp visuals and immersive audio that brings the superhero adventure to life. This collection is ideal for fans looking to add a vibrant and gritty modern classic to their physical media library.,BLU-RAY,,,"Action, Rental",true,Condition,50%,,Serial Number,001A,,,,,191-BLRKCK-50-001A,0.0,shopify,1,deny,manual,0.00,,true,true,,,,,191-BLRKCK-50-001A,https://cdn.shopify.com/s/files/1/0826/6363/7242/files/0-1781746274160.jpg?v=1781746642,1,191-BLRKCK-50-001A,false,,,,,,,,,,,,,
assassination-nation,Assassination Nation,"This high-definition combo pack delivers a visually stunning cinematic experience with crisp picture quality and immersive audio. The set includes both a physical disc for collectors and a digital code for convenient streaming on your favorite devices. It is an essential addition for fans of bold, provocative thrillers looking to enjoy the film in the best format available.",BLU-RAY,,,"Action, Rental",true,Condition,50%,,Serial Number,001A,,,,,191-BLRASS-50-001A,0.0,shopify,1,deny,manual,0.00,,true,true,,,,,191-BLRASS-50-001A,https://cdn.shopify.com/s/files/1/0826/6363/7242/files/0-1781746210332.jpg?v=1781746640,1,191-BLRASS-50-001A,false,,,,,,,,,,,,,
warlock-collection-3-film-set,Warlock Collection 3-Film Set,This supernatural horror collection brings together three cult classic films exploring ancient curses and dark magic across different eras. Each installment features suspenseful storytelling and practical effects that capture the eerie atmosphere of high-stakes sorcery. It is an essential anthology for genre enthusiasts looking to complete their library of mystical thrillers.,BLU-RAY,,,"Horror, Rental",true,Condition,50%,,Serial Number,001A,,,,,191-BLRWRL-50-001A,0.0,shopify,1,deny,manual,0.00,,true,true,,,,,191-BLRWRL-50-001A,https://cdn.shopify.com/s/files/1/0826/6363/7242/files/0-1781746127203.jpg?v=1781746638,1,191-BLRWRL-50-001A,false,,,,,,,,,,,,,
triple-9,Triple 9,"This sleek street-style sneaker features a layered leather and mesh upper for a modern, textured aesthetic. The chunky performance outsole provides exceptional cushioning and height, while reflective accents offer a bold finish for everyday wear. Ideal for versatile styling, this silhouette blends athletic functionality with a high-fashion edge.",BLU-RAY,,,"Action, Rental",true,Condition,50%,,Serial Number,001A,,,,,191-BLRTRI-50-001A,0.0,shopify,1,deny,manual,0.00,,true,true,,,,,191-BLRTRI-50-001A,https://cdn.shopify.com/s/files/1/0826/6363/7242/files/0-1781746054195.jpg?v=1781746636,1,191-BLRTRI-50-001A,false,,,,,,,,,,,,,
kill-bill-vol-2,Kill Bill Vol. 2,Experience the thrilling conclusion of this martial arts masterpiece with a multi-format set that includes high-definition video and digital accessibility for viewing on any device. This collection offers crisp visual quality and immersive audio that brings every iconic fight sequence and cinematic landscape to life. It is an essential addition for any film enthusiast looking to complete their home media library with a definitive home video release.,BLU-RAY,,,"Action, Rental",true,Condition,50%,,Serial Number,001A,,,,,191-BLRKLL-50-001A,0.0,shopify,1,deny,manual,0.00,,true,true,,,,,191-BLRKLL-50-001A,https://cdn.shopify.com/s/files/1/0826/6363/7242/files/0-1781745986575.jpg?v=1781746634,1,191-BLRKLL-50-001A,false,,,,,,,,,,,,,
executive-decision,Executive Decision,"This high-definition disc offers a gripping mid-air thriller experience with crisp visual clarity and immersive audio. It features a tense plot involving a daring rescue mission aboard a hijacked plane, making it a must-have for fans of suspenseful 1990s action cinema. The physical media format ensures a high-quality cinematic presentation for any home theater collection.",BLU-RAY,,,"Action, Rental",true,Condition,50%,,Serial Number,001A,,,,,191-BLREXE-50-001A,0.0,shopify,1,deny,manual,0.00,,true,true,,,,,191-BLREXE-50-001A,https://cdn.shopify.com/s/files/1/0826/6363/7242/files/0-1781736771163.jpg?v=1781746630,1,191-BLREXE-50-001A,false,,,,,,,,,,,,,
white-house-down,White House Down,Experience high-stakes action in stunning high definition with this pulse-pounding political thriller. This disc includes exclusive behind-the-scenes features and a digital copy for a comprehensive viewing experience on any screen. It is a must-have addition for fans of large-scale cinematic spectacles and explosive choreography.,BLU-RAY,,,"Action, Rental",true,Condition,50%,,Serial Number,001A,,,,,191-BLRWHI-50-001A,0.0,shopify,1,deny,manual,0.00,,true,true,,,,,191-BLRWHI-50-001A,https://cdn.shopify.com/s/files/1/0826/6363/7242/files/0-1781736708761.jpg?v=1781746628,1,191-BLRWHI-50-001A,false,,,,,,,,,,,,,
double-salvation-2-pack-priest-legion,Double Salvation 2-Pack (Priest / Legion),This high-definition double feature delivers a binge-ready experience for fans of supernatural action and stylized thriller cinema. Enjoy twice the cinematic intensity with crisp visual quality and immersive audio that brings every battle between heaven and hell to life. It is the perfect addition for collectors looking to upgrade their home library with a pair of pulse-pounding creature features.,BLU-RAY,,,"Action, Rental",true,Condition,50%,,Serial Number,001A,,,,,191-BLRDOU-50-001A,0.0,shopify,1,deny,manual,0.00,,true,true,,,,,191-BLRDOU-50-001A,https://cdn.shopify.com/s/files/1/0826/6363/7242/files/0-1781736643720.jpg?v=1781746626,1,191-BLRDOU-50-001A,false,,,,,,,,,,,,,
the-transporter,The Transporter,This high-definition disc offers a pulse-pounding cinematic experience with crisp visuals and immersive audio quality. Fans of fast-paced action and precision driving will appreciate the stunning clarity of every stunt and fight sequence in this modern classic. It is a must-have addition for collectors looking to enjoy a top-tier adrenaline rush in their home theater.,BLU-RAY,,,"Action, Rental",true,Condition,50%,,Serial Number,001A,,,,,191-BLRTHR-50-001A,0.0,shopify,1,deny,manual,0.00,,true,true,,,,,191-BLRTHR-50-001A,https://cdn.shopify.com/s/files/1/0826/6363/7242/files/0-1781729256630.jpg?v=1781746623,1,191-BLRTHR-50-001A,false,,,,,,,,,,,,,
transporter-2,Transporter 2,This high-octane action thriller follows a skilled driver tasked with protecting a young boy in a dangerous kidnapping plot. The high-definition transfer delivers crisp visuals and immersive sound that enhance every choreographed fight scene and adrenaline-fueled car chase. This disc is an essential addition for fans of fast-paced cinema looking for a reference-quality home theater experience.,BLU-RAY,,,"Action, Rental",true,Condition,50%,,Serial Number,001A,,,,,191-BLRTR2-50-001A,0.0,shopify,1,deny,manual,0.00,,true,true,,,,,191-BLRTR2-50-001A,https://cdn.shopify.com/s/files/1/0826/6363/7242/files/0-1781729142917.jpg?v=1781746621,1,191-BLRTR2-50-001A,false,,,,,,,,,,,,,
transporter-3-2-disc-fully-loaded-edition,Transporter 3 (2-Disc Fully Loaded Edition),This special edition features the high-octane action film on a high-definition disc along with a second disc packed with immersive bonus content and behind-the-scenes features. It offers exceptional picture quality and crystal-clear audio that brings every intense car chase and martial arts sequence to life. This fully loaded set is a must-have for fans looking for the most comprehensive viewing experience of the adrenaline-fueled sequel.,BLU-RAY,,,"Action, Rental",true,Condition,50%,,Serial Number,001A,,,,,191-BLRTRN-50-001A,0.0,shopify,1,deny,manual,0.00,,true,true,,,,,191-BLRTRN-50-001A,https://cdn.shopify.com/s/files/1/0826/6363/7242/files/0-1781729096420.jpg?v=1781746619,1,191-BLRTRN-50-001A,false,,,,,,,,,,,,,
bad-boys-for-life,Bad Boys for Life,"Experience the high-octane conclusion to the beloved action trilogy in stunning high definition with this physical media release. This set includes the feature film along with exclusive bonus content, deleted scenes, and behind-the-scenes featurettes that provide a deeper look into the production. It is a must-have addition for fans of explosive cinematography and character-driven comedy seeking the best possible home viewing quality.",BLU-RAY,,,"Action, Rental",true,Condition,50%,,Serial Number,001A,,,,,191-BLRBAD-50-001A,0.0,shopify,1,deny,manual,0.00,,true,true,,,,,191-BLRBAD-50-001A,https://cdn.shopify.com/s/files/1/0826/6363/7242/files/0-1781729039986.jpg?v=1781746617,1,191-BLRBAD-50-001A,false,,,,,,,,,,,,,
new-years-eve,New Year's Eve,This high-definition disc offers a star-studded cinematic celebration that follows intertwining lives across a bustling city on the final night of the year. The physical media format provides superior picture and sound quality for home theater enthusiasts looking to add a feel-good romantic comedy to their permanent collection. It is the perfect choice for a cozy viewing experience that captures the hope and excitement of a fresh start.,BLU-RAY,,,"Comedy, Rental",true,Condition,50%,,Serial Number,001A,,,,,191-BLRNEW-50-001A,0.0,shopify,1,deny,manual,0.00,,true,true,,,,,191-BLRNEW-50-001A,https://cdn.shopify.com/s/files/1/0826/6363/7242/files/0-1781728782772.jpg?v=1781746616,1,191-BLRNEW-50-001A,false,,,,,,,,,,,,,
due-date,Due Date,This high-definition disc offers a sharp picture and crystal-clear audio for an optimal home viewing experience of this fan-favorite road trip comedy. The physical copy includes exclusive bonus features and behind-the-scenes footage that provide deeper insight into the hilarious chemistry between the lead actors. It is a must-have addition for any collector looking to enjoy cinematic laughs in the highest quality possible.,BLU-RAY,,,"Comedy, Rental",true,Condition,50%,,Serial Number,001A,,,,,191-BLRDUE-50-001A,0.0,shopify,1,deny,manual,0.00,,true,true,,,,,191-BLRDUE-50-001A,https://cdn.shopify.com/s/files/1/0826/6363/7242/files/0-1781728640455.jpg?v=1781746612,1,191-BLRDUE-50-001A,false,,,,,,,,,,,,,
finding-dory,Finding Dory,"Experience the heartwarming underwater journey of a forgetful blue tang as she searches for her long-lost parents across the ocean. This comprehensive home media set includes high-definition discs and a digital code, allowing you to enjoy the stunning animation and beloved characters on any device. It is a perfect addition to any family collection, offering hours of vibrant entertainment and meaningful lessons about friendship and perseverance.",BLU-RAY,,,Kids & Family,true,Condition,50%,,Serial Number,001A,,,,,191-BLRFND-50-001A,0.0,shopify,1,deny,manual,0.00,,true,true,,,,,191-BLRFND-50-001A,https://cdn.shopify.com/s/files/1/0826/6363/7242/files/0-1781728588039.jpg?v=1781746610,1,191-BLRFND-50-001A,false,,,,,,,,,,,,,
finding-dory,,,,,,,,,Standard,,,002A,,,,,191-BLRFND-002A,0.0,shopify,1,deny,manual,0.00,,true,true,,,,,191-BLRFND-002A,https://cdn.shopify.com/s/files/1/0826/6363/7242/files/0-1782250633057.jpg?v=1782253731,2,191-BLRFND-002A,,,,,,,,,,,,,,
goosebumps,Goosebumps,Bring all the thrills and chills of this beloved supernatural adventure home in stunning high definition for the ultimate family viewing experience. This disc includes a variety of special features and deleted scenes that offer a deeper look into the world of legendary monsters and imaginative storytelling. It is a must-have addition for any collector who enjoys a perfect blend of nostalgic mystery and modern visual effects.,BLU-RAY,,,"Kids & Family, Rental",true,Condition,50%,,Serial Number,001A,,,,,191-BLRGOO-50-001A,0.0,shopify,1,deny,manual,0.00,,true,true,,,,,191-BLRGOO-50-001A,https://cdn.shopify.com/s/files/1/0826/6363/7242/files/0-1781728476090.jpg?v=1781746608,1,191-BLRGOO-50-001A,false,,,,,,,,,,,,,
beetlejuice,Beetlejuice,This high-definition physical release brings a classic supernatural comedy to life with stunning clarity and vibrant color enhancement. It features a variety of behind-the-scenes bonus content and isolated musical scores that offer fans a deeper look into the whimsical and gothic aesthetic of the film. This disc is an essential addition for collectors seeking the best possible home viewing experience for this timeless spooky favorite.,BLU-RAY,,,"Kids & Family, Rental",true,Condition,50%,,Serial Number,001A,,,,,191-BLRBTL-50-001A,0.0,shopify,1,deny,manual,11.00,,true,true,,,,,191-BLRBTL-50-001A,https://cdn.shopify.com/s/files/1/0826/6363/7242/files/0-1781728246362.jpg?v=1781746605,1,191-BLRBTL-50-001A,false,,,,,,,,,,,,,
finding-nemo,Finding Nemo,Experience a breathtaking high-definition underwater adventure that brings vibrant coral reefs and endearing aquatic characters to life with stunning clarity. This collector-quality disc features crystal-clear digital sound and a wealth of immersive bonus content perfect for family movie nights. It is an essential addition for fans of heartwarming storytelling and state-of-the-art animation.,BLU-RAY,,,"Kids & Family, Rental",true,Condition,50%,,Serial Number,001A,,,,,191-BLRFIN-50-001A,0.0,shopify,1,deny,manual,0.00,,true,true,,,,,191-BLRFIN-50-001A,https://cdn.shopify.com/s/files/1/0826/6363/7242/files/0-1781728170255.jpg?v=1781746603,1,191-BLRFIN-50-001A,false,,,,,,,,,,,,,
everything-everywhere-all-at-once,Everything Everywhere All at Once,"Enjoy this groundbreaking cinematic masterpiece in stunning high definition with this premium home media release. This physical edition offers superior picture quality and immersive audio, capturing every vibrant detail and emotional beat of the genre-bending story. It is a must-have addition for collectors who appreciate award-winning storytelling and imaginative visual effects.",BLU-RAY,,,"Drama, Rental",true,Condition,50%,,Serial Number,001A,,,,,191-BLREVE-50-001A,0.0,shopify,1,deny,manual,0.00,,true,true,,,,,191-BLREVE-50-001A,https://cdn.shopify.com/s/files/1/0826/6363/7242/files/0-1781726889710.jpg?v=1781746601,1,191-BLREVE-50-001A,false,,,,,,,,,,,,,
braveheart,Braveheart,Experience this historical epic in stunning high definition with enhanced visuals and immersive surround sound. This multi-disc set features the full-length masterpiece alongside an array of behind-the-scenes documentaries and filmmaker commentary. It is an essential addition for any collector looking to witness legendary battles and breathtaking cinematography with crystal clear clarity.,BLU-RAY,,,"Drama, Rental",true,Condition,50%,,Serial Number,001A,,,,,191-BLRBRA-50-001A,0.0,shopify,1,deny,manual,0.00,,true,true,,,,,191-BLRBRA-50-001A,https://cdn.shopify.com/s/files/1/0826/6363/7242/files/0-1781726755527.jpg?v=1781746599,1,191-BLRBRA-50-001A,false,,,,,,,,,,,,,
dark-waters,Dark Waters,"This gripping legal thriller follows the intense true story of an attorney who risks everything to uncover a dark corporate secret. Presented in high-definition physical format, this disc includes special behind-the-scenes features that delve into the real-life environmental battle depicted on screen. It is an essential addition for fans of investigative dramas and powerful cinematic storytelling.",DVD,,,"Drama, Rental",true,Condition,50%,,Serial Number,001A,,,,,191-DVDDAR-50-001A,0.0,shopify,1,deny,manual,0.00,,true,true,,,,,191-DVDDAR-50-001A,https://cdn.shopify.com/s/files/1/0826/6363/7242/files/0-1781728069867.jpg?v=1781746592,1,191-DVDDAR-50-001A,false,,,,,,,,,,,,,
gridiron-gang,Gridiron Gang,Experience a powerful story of redemption and athletic perseverance in stunning high definition. This disc delivers crystal-clear picture quality and immersive audio that brings every intense moment on the field to life. It is an essential addition for fans of inspiring sports dramas and gritty storytelling based on true events.,BLU-RAY,,,"Drama, Rental",true,Condition,50%,,Serial Number,001A,,,,,191-BLRGRI-50-001A,0.0,shopify,1,deny,manual,0.00,,true,true,,,,,191-BLRGRI-50-001A,https://cdn.shopify.com/s/files/1/0826/6363/7242/files/0-1781727904078.jpg?v=1781746589,1,191-BLRGRI-50-001A,false,,,,,,,,,,,,,
officer-downe,Officer Downe,"This vibrant magnet features high-quality graphics inspired by the cult classic graphic novel and film, making it a standout addition to any collection. Its durable construction ensures a strong grip on any metallic surface while providing a bold pop of color and gritty visual appeal. Ideal for fans of niche pop culture, this compact accessory is a perfect way to personalize your refrigerator or workspace.",BLU-RAY,,,"Action, Rental",true,Condition,50%,,Serial Number,001A,,,,,191-BLROFF-50-001A,0.0,shopify,1,deny,manual,0.00,,true,true,,,,,191-BLROFF-50-001A,https://cdn.shopify.com/s/files/1/0826/6363/7242/files/0-1781404952111.jpg?v=1781405038,1,191-BLROFF-50-001A,false,,,,,,,,,,,,,
machete,Machete,"This high-octane action film features a rugged protagonist seeking vengeance through explosive set pieces and over-the-top violence. Celebrated for its distinct grindhouse aesthetic and star-studded cast, it offers a thrilling cinematic experience for fans of bold storytelling and stylized choreography. This physical media edition is a must-have for collectors who appreciate gritty, genre-defying entertainment.",BLU-RAY,,,"Action, Rental",true,Condition,50%,,Serial Number,001A,,,,,191-BLRMAC-50-001A,0.0,shopify,1,deny,manual,0.00,,true,true,,,,,191-BLRMAC-50-001A,https://cdn.shopify.com/s/files/1/0826/6363/7242/files/0-1781404797952.jpg?v=1781405033,1,191-BLRMAC-50-001A,false,,,,,,,,,,,,,
love-and-monsters,Love and Monsters,This captivating science fiction adventure follows a young man navigating a post-apocalyptic landscape overrun by overgrown creatures to reunite with his high school sweetheart. It masterfully blends heartfelt coming-of-age storytelling with impressive visual effects and thrilling monster encounters for a unique cinematic experience. The film is a must-watch for fans of imaginative world-building and charming survival stories.,Unknown,,,"Action, Rental",true,Condition,50%,,Serial Number,001A,,,,,191-UNKLOV-50-001A,0.0,shopify,1,deny,manual,0.00,,true,true,,,,,191-UNKLOV-50-001A,https://cdn.shopify.com/s/files/1/0826/6363/7242/files/0-1781404684172.jpg?v=1781405030,1,191-UNKLOV-50-001A,false,,,,,,,,,,,,,
out-of-the-furnace,Out of the Furnace,"This gritty crime drama delivers a powerful narrative centered on family loyalty and the pursuit of justice in a fading industrial town. Featuring an acclaimed ensemble cast and atmospheric cinematography, the film offers a tension-filled viewing experience for fans of grounded suspense. This physical copy is a great addition for collectors seeking a character-driven story with emotional depth.",BLU-RAY,,,"Action, Rental",true,Condition,50%,,Serial Number,001A,,,,,191-BLROUT-50-001A,0.0,shopify,1,deny,manual,0.00,,true,true,,,,,191-BLROUT-50-001A,https://cdn.shopify.com/s/files/1/0826/6363/7242/files/0-1781404730142.jpg?v=1781405028,1,191-BLROUT-50-001A,false,,,,,,,,,,,,,
gangster-squad,Gangster Squad,,BLU-RAY,,,"Action, Rental",true,Condition,50%,,Serial Number,001A,,,,,191-BLRGAN-50-001A,0.0,shopify,1,deny,manual,14.00,,true,true,,,,,191-BLRGAN-50-001A,https://cdn.shopify.com/s/files/1/0826/6363/7242/files/0-1781404380657.jpg?v=1781405022,1,191-BLRGAN-50-001A,false,,,,,,,,,,,,,
snitch,Snitch,,4K,,,"4K, Action, Rental",true,Condition,50%,,Serial Number,001A,,,,,191-UNKSNI-50-001A,0.0,shopify,1,deny,manual,0.00,,true,true,,,,,191-UNKSNI-50-001A,https://cdn.shopify.com/s/files/1/0826/6363/7242/files/0-1781404535388.jpg?v=1781405021,1,191-UNKSNI-50-001A,false,,,,,,,,,,,,,
sundown-the-vampire-in-retreat,Sundown: The Vampire in Retreat,This high-definition collector's set combines the visual clarity of a physical disc with the convenience of a digital copy for any library. Fans of the genre will appreciate the curated bonus features and restored picture quality that revitalize this cult classic for modern home theaters. It is an essential addition for enthusiasts looking to experience the complete atmospheric journey with enhanced audio and exclusive historical supplements.,BLU-RAY,,,"Action, Rental",true,Condition,50%,,Serial Number,001A,,,,,191-BLRSUN-50-001A,0.0,shopify,1,deny,manual,0.00,,true,true,,,,,191-BLRSUN-50-001A,https://cdn.shopify.com/s/files/1/0826/6363/7242/files/0-1781404240888.jpg?v=1781404269,1,191-BLRSUN-50-001A,false,,,,,,,,,,,,,
lovers-lane-arrow,Lovers Lane (Arrow),"This limited edition release features a stunning 2K restoration of the cult classic slasher, accompanied by a reversible sleeve with original and newly commissioned artwork. Fans will appreciate the extensive bonus content, including a brand new audio commentary and an insightful filmed appreciation that delves into the film's production history. This definitive collector's set is a must-have for horror enthusiasts looking to upgrade their physical media library with high-quality visual presentation.",BLU-RAY,,,"Horror, Rental",true,Condition,70%,,Serial Number,001A,,,,,191-BLRLOV-70-001A,0.0,shopify,1,deny,manual,0.00,,true,true,,,,,191-BLRLOV-70-001A,https://cdn.shopify.com/s/files/1/0826/6363/7242/files/0-1781404229765.jpg?v=1781404268,1,191-BLRLOV-70-001A,false,,,,,,,,,,,,,
dredd,Dredd,This gripping graphic novel delivers high-stakes dystopian action through detailed illustrations and a gritty narrative style. It is an essential addition for collectors and fans of dark sci-fi seeking an immersive journey into a lawless future. The sleek trade paperback format ensures it looks great on any shelf while remaining easy to read.,BLU-RAY,,,"Action, Rental",true,Condition,50%,,Serial Number,001A,,,,,191-BLRDRE-50-001A,0.0,shopify,1,deny,manual,0.00,,true,true,,,,,191-BLRDRE-50-001A,https://cdn.shopify.com/s/files/1/0826/6363/7242/files/0-1781404109629.jpg?v=1781404263,1,191-BLRDRE-50-001A,false,,,,,,,,,,,,,
the-red-queen-kills-seven-times-arrow,The Red Queen Kills Seven Times (Arrow),"This high-definition restoration brings a stylish Italian gothic thriller to life with vibrant visual clarity and lossless audio. The collectible set features extensive special features including interviews, scholarly commentary, and an illustrated booklet that explores the film's macabre mystery. It is a definitive edition for genre enthusiasts looking to add a masterfully crafted slasher classic to their physical media library.",Arrow Video,,,"Rental, Thriller",true,Condition,50%,,Serial Number,001A,,,,,191-RRWTHE-50-001A,0.0,shopify,1,deny,manual,0.00,,true,true,,,,,191-RRWTHE-50-001A,https://cdn.shopify.com/s/files/1/0826/6363/7242/files/0-1781403975129.jpg?v=1781403995,1,191-RRWTHE-50-001A,false,,,,,,,,,,,,,
kinji-fukasakus-battles-without-honor-and-humanity-the-complete-trilogy-arrow,Kinji Fukasaku's Battles Without Honor and Humanity: The Complete Trilogy (Arrow),"This definitive collection features three seminal masterpieces of the yakuza genre, presented in stunning high-definition with an array of insightful bonus content. Fans of gritty crime cinema will appreciate the raw cinematography and complex storytelling that redefined the portrayal of the underworld. Each disc is housed in premium packaging, making this a quintessential addition for any serious world cinema enthusiast or collector.",BLU-RAY,,,"Action, Rental",true,Condition,50%,,Serial Number,001A,,,,,191-BLRKIN-50-001A,0.0,shopify,1,deny,manual,0.00,,true,true,,,,,191-BLRKIN-50-001A,https://cdn.shopify.com/s/files/1/0826/6363/7242/files/0-1781403904040.jpg?v=1781403993,1,191-BLRKIN-50-001A,false,,,,,,,,,,,,,
it-happened-on-5th-avenue,It Happened on 5th Avenue,"This heartwarming holiday comedy follows a group of unlikely squatters who find shelter in a boarded-up luxury mansion while the owners are away for the winter. The classic black-and-white film offers a charming blend of mid-century wit and a timeless message about the true meaning of generosity and family. Captured in high definition, this home media release is an essential addition for fans of vintage cinema and traditional Christmas storytelling.",DVD,,,Comedy,true,Condition,50%,,Serial Number,001A,,,,,191-DVDITH-50-001A,0.0,shopify,1,deny,manual,0.00,,true,true,,,,,191-DVDITH-50-001A,https://cdn.shopify.com/s/files/1/0826/6363/7242/files/0-1781403752316.jpg?v=1781403990,1,191-DVDITH-50-001A,false,,,,,,,,,,,,,
vertigo,Vertigo,Experience this psychological thriller in stunning high definition with a restoration that captures every haunting detail of the suspenseful narrative. This cinematic masterpiece features legendary performances and groundbreaking cinematography that make it an essential addition to any classic film collection. The disc includes immersive bonus content and behind-the-scenes insights into one of the most celebrated titles in movie history.,Alfred Hitchcock,,,"Rental, Thriller",true,Condition,50%,,Serial Number,001A,,,,,191-ALFVER-50-001A,0.0,shopify,1,deny,manual,0.00,,true,true,,,,,191-ALFVER-50-001A,https://cdn.shopify.com/s/files/1/0826/6363/7242/files/0-1781402999401.jpg?v=1781403166,1,191-ALFVER-50-001A,false,,,,,,,,,,,,,
mr-mrs-smith,Mr. & Mrs. Smith,This adrenaline-fueled home video release follows a suburban couple who discover they are both secret assassins working for competing agencies. The disc features high-definition picture quality and explosive action sequences that offer a thrilling blend of comedy and suspense for any cinematic collection. It is a must-have for fans of stylish spy thrillers and fast-paced romantic chemistry.,BLU-RAY,,,"Action, Rental",true,Condition,50%,,Serial Number,001A,,,,,191-DVDMRM-50-001A,0.0,shopify,1,deny,manual,0.00,,true,true,,,,,191-DVDMRM-50-001A,https://cdn.shopify.com/s/files/1/0826/6363/7242/files/0-1781402934277.jpg?v=1781403164,1,191-DVDMRM-50-001A,false,,,,,,,,,,,,,
mr-mrs-smith,,,,,,,,,,,,,,,,,,,,,,,,,,,,,,,,https://cdn.shopify.com/s/files/1/0826/6363/7242/files/0-1781747393330.jpg?v=1781748020,2,191-BLRMRM-50-001A,,,,,,,,,,,,,,
mr-mrs-smith,,,,,,,,,,,,,,,,,,,,,,,,,,,,,,,,https://cdn.shopify.com/s/files/1/0826/6363/7242/files/0-1781747393330_5ed659c1-66a7-40a2-b2b5-a098ff057eb8.jpg?v=1781748069,3,191-BLRMRM-50-001A,,,,,,,,,,,,,,
mr-mrs-smith,,,,,,,,,,,,,,,,,,,,,,,,,,,,,,,,https://cdn.shopify.com/s/files/1/0826/6363/7242/files/0-1781747393330_90d0c871-f295-41d1-8e71-c7662a5e4599.jpg?v=1781748626,4,191-BLRMRM-50-001A,,,,,,,,,,,,,,
mr-mrs-smith,,,,,,,,,,,,,,,,,,,,,,,,,,,,,,,,https://cdn.shopify.com/s/files/1/0826/6363/7242/files/0-1781747393330_6d6b4c94-9981-49b6-a933-db1ab3dfb222.jpg?v=1781749666,5,191-BLRMRM-50-001A,,,,,,,,,,,,,,
mr-mrs-smith,,,,,,,,,,,,,,,,,,,,,,,,,,,,,,,,https://cdn.shopify.com/s/files/1/0826/6363/7242/files/0-1781747393330_2e063a4f-7cf7-49b4-8342-1895d33d8563.jpg?v=1781750023,6,191-BLRMRM-50-001A,,,,,,,,,,,,,,
mr-mrs-smith,,,,,,,,,,,,,,,,,,,,,,,,,,,,,,,,https://cdn.shopify.com/s/files/1/0826/6363/7242/files/0-1781747393330_9e86f469-2a8c-4587-b9a2-d9e526d71e63.jpg?v=1781750997,7,191-BLRMRM-50-001A,,,,,,,,,,,,,,
mr-mrs-smith,,,,,,,,,,,,,,,,,,,,,,,,,,,,,,,,https://cdn.shopify.com/s/files/1/0826/6363/7242/files/0-1781747393330_e49967a1-961b-4791-b628-fc22a8305da3.jpg?v=1781751238,8,191-BLRMRM-50-001A,,,,,,,,,,,,,,
mr-mrs-smith,,,,,,,,,,,,,,,,,,,,,,,,,,,,,,,,https://cdn.shopify.com/s/files/1/0826/6363/7242/files/0-1781747393330_e795a483-9ccb-43ed-a653-16d1236ab31a.jpg?v=1781754165,9,191-BLRMRM-50-001A,,,,,,,,,,,,,,
mr-mrs-smith,,,,,,,,,,,,,,,,,,,,,,,,,,,,,,,,https://cdn.shopify.com/s/files/1/0826/6363/7242/files/0-1781747393330_440f5345-fbff-400b-a016-022fb38bb9b9.jpg?v=1781818092,10,191-BLRMRM-50-001A,,,,,,,,,,,,,,
mr-mrs-smith,,,,,,,,,,,,,,,,,,,,,,,,,,,,,,,,https://cdn.shopify.com/s/files/1/0826/6363/7242/files/0-1781747393330_b7bd4221-16d0-42b2-9d01-0426bfc246ba.jpg?v=1781835938,11,191-BLRMRM-50-001A,,,,,,,,,,,,,,
mr-mrs-smith,,,,,,,,,,,,,,,,,,,,,,,,,,,,,,,,https://cdn.shopify.com/s/files/1/0826/6363/7242/files/0-1781747393330_94303138-a5b1-4f6c-a965-4364403158a5.jpg?v=1781840008,12,191-BLRMRM-50-001A,,,,,,,,,,,,,,
mr-mrs-smith,,,,,,,,,,,,,,,,,,,,,,,,,,,,,,,,https://cdn.shopify.com/s/files/1/0826/6363/7242/files/0-1781747393330_6153813b-4141-4631-96d0-9c21490361ae.jpg?v=1781841184,13,191-BLRMRM-50-001A,,,,,,,,,,,,,,
mr-mrs-smith,,,,,,,,,,,,,,,,,,,,,,,,,,,,,,,,https://cdn.shopify.com/s/files/1/0826/6363/7242/files/0-1781747393330_4bda1831-cb98-41aa-8e70-b85508624c4e.jpg?v=1781910035,14,191-BLRMRM-50-001A,,,,,,,,,,,,,,
mr-mrs-smith,,,,,,,,,,,,,,,,,,,,,,,,,,,,,,,,https://cdn.shopify.com/s/files/1/0826/6363/7242/files/0-1781747393330_272bfab4-c6a9-49f7-96d9-84fb38901135.jpg?v=1781994004,15,191-BLRMRM-50-001A,,,,,,,,,,,,,,
mr-mrs-smith,,,,,,,,,,,,,,,,,,,,,,,,,,,,,,,,https://cdn.shopify.com/s/files/1/0826/6363/7242/files/0-1781747393330_398862b4-da01-40a3-a7ca-81516e6de2c8.jpg?v=1782253662,16,191-BLRMRM-50-001A,,,,,,,,,,,,,,
mr-mrs-smith,,,,,,,,,,,,,,,,,,,,,,,,,,,,,,,,https://cdn.shopify.com/s/files/1/0826/6363/7242/files/0-1781747393330_a70e5fc2-b25e-46cc-982e-21309b5c1c36.jpg?v=1782253954,17,191-BLRMRM-50-001A,,,,,,,,,,,,,,
mr-mrs-smith,,,,,,,,,,,,,,,,,,,,,,,,,,,,,,,,https://cdn.shopify.com/s/files/1/0826/6363/7242/files/0-1781747393330_56271b8b-2204-4aca-bb4d-79a5f1e015ea.jpg?v=1782257844,18,191-BLRMRM-50-001A,,,,,,,,,,,,,,
mr-mrs-smith,,,,,,,,,,,,,,,,,,,,,,,,,,,,,,,,https://cdn.shopify.com/s/files/1/0826/6363/7242/files/0-1781747393330_5ef8af28-5b43-43e1-bbf5-949ed2b0c2cd.jpg?v=1782258366,19,191-BLRMRM-50-001A,,,,,,,,,,,,,,
mr-mrs-smith,,,,,,,,,,,,,,,,,,,,,,,,,,,,,,,,https://cdn.shopify.com/s/files/1/0826/6363/7242/files/0-1781747393330_6c725db7-4e59-4a9e-8171-21eed1ffa151.jpg?v=1782258932,20,191-BLRMRM-50-001A,,,,,,,,,,,,,,
thief-criterion-collection,Thief (Criterion Collection),This special edition release features a high-definition digital restoration supervised by the director alongside a selection of exclusive interviews and scholarly audio commentary. Cinematic enthusiasts will appreciate the meticulous transfer quality and the included booklet containing an analytical essay on the film's neo-noir aesthetic. It is an essential addition for collectors seeking a definitive home media presentation of this stylish crime classic.,BLU-RAY,,,"Drama, Rental",true,Condition,50%,,Serial Number,001A,,,,,191-BLRTH8-50-001A,0.0,shopify,1,deny,manual,0.00,,true,true,,,,,191-BLRTH8-50-001A,https://cdn.shopify.com/s/files/1/0826/6363/7242/files/0-1781401955656.jpg?v=1781402949,1,191-BLRTH8-50-001A,false,,,,,,,,,,,,,
a-blade-in-the-dark-vinegar-syndrome,A Blade in the Dark (Vinegar Syndrome),"This detailed tabletop roleplaying book invites players into a Victorian-gothic underworld of daring heists and supernatural intrigue. It features a unique system centered on cinematic flashbacks and crew progression, allowing for fast-paced action without extensive pre-planning. The hardcover volume provides a richly textured setting filled with industrial horror and moral complexity, perfect for those who enjoy grit and high-stakes storytelling.",BLU-RAY,,,"Horror, Rental",true,Condition,50%,,Serial Number,001A,,,,,191-BLRABL-50-001A,0.0,shopify,1,deny,manual,0.00,,true,true,,,,,191-BLRABL-50-001A,https://cdn.shopify.com/s/files/1/0826/6363/7242/files/0-1781401853443.jpg?v=1781402947,1,191-BLRABL-50-001A,false,,,,,,,,,,,,,
undefeatable-vinegar-syndrome,UNDEFEATABLE (Vinegar Syndrome),"This sophisticated fragrance offers a bold and masculine profile, blending aromatic wood notes with crisp citrus and spice. It is designed for the modern man who wants a scent that projects confidence and strength for both professional and evening wear. The sleek, dark bottle makes a powerful statement on any dresser while housing a long-lasting and memorable aroma.",BLU-RAY,,,"Action, Rental",true,Condition,50%,,Serial Number,001A,,,,,191-BLRUND-50-001A,0.0,shopify,1,deny,manual,0.00,,true,true,,,,,191-BLRUND-50-001A,https://cdn.shopify.com/s/files/1/0826/6363/7242/files/0-1781401743700.jpg?v=1781402946,1,191-BLRUND-50-001A,false,,,,,,,,,,,,,
evil-judgment-vinegar-syndrome,Evil Judgment (Vinegar Syndrome),"Bring the intensity of the ring to your collection with this highly detailed action figure featuring authentic ring gear and life-like articulation. Perfect for recreating iconic matches or displaying on a shelf, this figure captures the fierce energy and signature look of the superstar with impressive precision. It is a must-have piece for any dedicated wrestling fan looking to expand their roster of legendary competitors.",BLU-RAY,,,"Horror, Rental",true,Condition,50%,,Serial Number,001A,,,,,191-BLREVI-50-001A,0.0,shopify,1,deny,manual,0.00,,true,true,,,,,191-BLREVI-50-001A,https://cdn.shopify.com/s/files/1/0826/6363/7242/files/0-1781401618863.jpg?v=1781402943,1,191-BLREVI-50-001A,false,,,,,,,,,,,,,
delirium-vinegar-syndrome,DELIRIUM (Vinegar Syndrome),"These distinctive oversized frames feature a bold shield silhouette and integrated wrap-around lenses for maximum coverage and a futuristic aesthetic. The sleek monochromatic finish and thick temples provide a modern, high-fashion look that elevates any streetwear or athletic ensemble. Crafted with lightweight materials, they offer both durability and comfort for standout daily wear.",BLU-RAY,,,"Rental, Thriller",true,Condition,50%,,Serial Number,001A,,,,,191-BLRDEL-50-001A,0.0,shopify,1,deny,manual,0.00,,true,true,,,,,191-BLRDEL-50-001A,https://cdn.shopify.com/s/files/1/0826/6363/7242/files/0-1781401489447.jpg?v=1781402942,1,191-BLRDEL-50-001A,false,,,,,,,,,,,,,
the-sea-hawk,The Sea Hawk,This vintage adventure tale brings the golden age of seafaring to life through a gripping narrative of betrayal and high-seas daring. The classic cover art and durable binding make it a handsome addition to any bookshelf or a thoughtful gift for enthusiasts of maritime history. Readers will enjoy a timeless journey through a world of galleys and escapades that remains a cornerstone of the historical fiction genre.,DVD,,,"Drama, Rental",true,Condition,50%,,Serial Number,001A,,,,,191-DVDTHE-50-001A,0.0,shopify,1,deny,manual,0.00,,true,true,,,,,191-DVDTHE-50-001A,https://cdn.shopify.com/s/files/1/0826/6363/7242/files/0-1781402823134.jpg?v=1781402940,1,191-DVDTHE-50-001A,false,,,,,,,,,,,,,
the-human-condition-criterion-collection,The Human Condition (Criterion Collection),"This definitive six-film epic explores the profound struggle for humanity and morality amidst the brutal realities of wartime. Presented in a high-definition digital restoration, the collection features expansive widescreen cinematography along with masterful storytelling that remains a cornerstone of world cinema. It is a necessary addition for any collector seeking a deeply moving exploration of the human spirit.",BLU-RAY,,,"Drama, Rental",true,Condition,50%,,Serial Number,001A,,,,,191-BLRTH7-50-001A,0.0,shopify,1,deny,manual,0.00,,true,true,,,,,191-BLRTH7-50-001A,https://cdn.shopify.com/s/files/1/0826/6363/7242/files/0-1781401286532.jpg?v=1781402938,1,191-BLRTH7-50-001A,false,,,,,,,,,,,,,
lost-picture-show-vinegar-syndrome,Lost Picture Show (Vinegar Syndrome),"This expansive box set brings together a massive collection of long-forgotten independent films and regional oddities, restored in high definition for the ultimate cinephile experience. The curated selection is accompanied by a thick hardcover book and extensive archival bonus features that delve into the history of these rediscovered cinematic treasures. It is a must-have centerpiece for any physical media collector looking to explore the hidden fringes of underground filmmaking.",BLU-RAY,,,"Horror, Rental",true,Condition,50%,,Serial Number,001A,,,,,191-BLRLOS-50-001A,0.0,shopify,1,deny,manual,0.00,,true,true,,,,,191-BLRLOS-50-001A,https://cdn.shopify.com/s/files/1/0826/6363/7242/files/0-1781402808593.jpg?v=1781402936,1,191-BLRLOS-50-001A,false,,,,,,,,,,,,,
hugo-mask-special-horrible-full-head-mask-with-hair,Hugo Mask Special! Horrible Full Head Mask With Hair!,This terrifying full-head mask features striking realistic details and attached synthetic hair for a truly grotesque appearance. The breathable design ensures comfort while delivering a cinematic level of horror perfect for high-end costume events or collectors of macabre memorabilia. Its lifelike textures and vacant expression create an unsettling tribute to classic slasher cinema that is sure to leave a lasting impression.,BLU-RAY,,,"Horror, Rental",true,Condition,50%,,Serial Number,001A,,,,,191-BLRHUG-50-001A,0.0,shopify,1,deny,manual,0.00,,true,true,,,,,191-BLRHUG-50-001A,https://cdn.shopify.com/s/files/1/0826/6363/7242/files/0-1781401192050.jpg?v=1781402935,1,191-BLRHUG-50-001A,false,,,,,,,,,,,,,
night-and-day,Night and Day,"This versatile fragrance features a distinct dual profile that transitions seamlessly from light, floral daytime notes to deep, woody evening undertones. Its unique composition is designed for the modern individual who values a sophisticated scent capable of adapting to any occasion. The elegant bottle makes it a timeless addition to any collection, offering a balanced olfactory experience that lingers beautifully on the skin.",DVD,,,Rental,true,Condition,50%,,Serial Number,001A,,,,,191-DVDNGH-50-001A,0.0,shopify,1,deny,manual,3.00,,true,true,,,,,191-DVDNGH-50-001A,https://cdn.shopify.com/s/files/1/0826/6363/7242/files/0-1781402751742.jpg?v=1781402933,1,191-DVDNGH-50-001A,false,,,,,,,,,,,,,
anna-and-the-king-of-siam,Anna and the King of Siam,Experience a cinematic masterpiece from the golden age of film with this classic black and white drama presented in a standard DVD format. This prestigious production features compelling performances and a sweeping historical narrative that makes it an essential addition for any serious film collector or fan of vintage storytelling.,DVD,,,"Comedy, Rental",true,Condition,50%,,Serial Number,001A,,,,,191-DVDANN-50-001A,0.0,shopify,1,deny,manual,0.00,,true,true,,,,,191-DVDANN-50-001A,https://cdn.shopify.com/s/files/1/0826/6363/7242/files/0-1781402668835.jpg?v=1781402930,1,191-DVDANN-50-001A,false,,,,,,,,,,,,,
one-rainy-afternoon,One Rainy Afternoon,"This premium fragrance captures the nostalgic essence of a drizzly day with its blend of earthy minerals and crisp aquatic notes. It offers a clean, sophisticated aroma that lingers beautifully, making it an ideal choice for those who appreciate subtle and atmospheric scents. The elegant glass bottle provides a minimalist aesthetic that looks stunning on any vanity or dressing table.",DVD,,,"Drama, Rental",true,Condition,50%,,Serial Number,001A,,,,,191-DVDONE-50-001A,0.0,shopify,1,deny,manual,0.00,,true,true,,,,,191-DVDONE-50-001A,https://cdn.shopify.com/s/files/1/0826/6363/7242/files/0-1781402582637.jpg?v=1781402929,1,191-DVDONE-50-001A,false,,,,,,,,,,,,,
mothers-day-vinegar-syndrome,Mother's Day (Vinegar Syndrome),Celebrate a special bond with this elegant piece designed for quality and timeless appeal. It features a thoughtful design that makes it a perfect heartfelt gift for showing appreciation to a loved one. The classic aesthetic ensures it will be a cherished keepsake for years to come.,4K,,,"Horror, Rental",true,Condition,50%,,Serial Number,001A,,,,,191-4K2MOT-50-001A,0.0,shopify,1,deny,manual,0.00,,true,true,,,,,191-4K2MOT-50-001A,https://cdn.shopify.com/s/files/1/0826/6363/7242/files/0-1781402653277.jpg?v=1781402927,1,191-4K2MOT-50-001A,false,,,,,,,,,,,,,
the-prophecy-i-ii-iii-vinegar-syndrome,The Prophecy I-II-III (Vinegar Syndrome),"This three-film collection delivers a complete supernatural saga centered on celestial warfare and the battle for human souls. Each installment combines elements of horror and theological suspense, making it an essential set for fans of dark fantasy and cult cinema. The atmospheric storytelling and intense performances provide a gripping and cohesive viewing experience from start to finish.",4K,,,"Horror, Rental",true,Condition,50%,,Serial Number,001A,,,,,191-BLRTH9-50-001A,0.0,shopify,1,deny,manual,0.00,,true,true,,,,,191-BLRTH9-50-001A,https://cdn.shopify.com/s/files/1/0826/6363/7242/files/0-1781402359554.jpg?v=1781402923,1,191-BLRTH9-50-001A,false,,,,,,,,,,,,,
night-shift,Night Shift,"This lightweight grooming product provides a flexible hold and a natural matte finish for effortless styling throughout the day. Infused with clay and charcoal, it absorbs excess oils while adding significant volume and texture to all hair types. The water-based formula ensures an easy application and washes out cleanly without leaving any greasy residue.",DVD,,,"Horror, Rental",true,Condition,50%,,Serial Number,001A,,,,,191-DVDNIG-50-001A,0.0,shopify,1,deny,manual,0.00,,true,true,,,,,191-DVDNIG-50-001A,https://cdn.shopify.com/s/files/1/0826/6363/7242/files/0-1781402352062.jpg?v=1781402921,1,191-DVDNIG-50-001A,false,,,,,,,,,,,,,
steel-and-lace-vinegar-syndrome,Steel and Lace (Vinegar Syndrome),"This sophisticated timepiece combines the cool durability of a stainless steel mesh strap with a delicate, intricate dial inspired by traditional embroidery patterns. The minimalist markers and slim profile create an elegant accessory that transitions seamlessly from professional settings to evening occasions. Its unique blend of industrial metal and feminine detail offers a modern twist for those who appreciate understated yet distinctive craftsmanship.",BLU-RAY,,,"Rental, Sci-Fi",true,Condition,50%,,Serial Number,001A,,,,,191-BLRSTE-50-001A,0.0,shopify,1,deny,manual,0.00,,true,true,,,,,191-BLRSTE-50-001A,https://cdn.shopify.com/s/files/1/0826/6363/7242/files/0-1781402271043.jpg?v=1781402920,1,191-BLRSTE-50-001A,false,,,,,,,,,,,,,
v-h-s-beyond,V/H/S/BEYOND,This horror anthology physical release features multiple segments of found footage terror and sci-fi chaos. It is a must-have for genre enthusiasts looking to complete their collection with the latest installment of this iconic series. The sleek packaging makes it a standout addition to any media shelf or movie marathon lineup.,BLU-RAY,,,"Horror, Rental",true,Condition,50%,,Serial Number,001A,,,,,191-BLRVHD-50-001A,0.0,shopify,1,deny,manual,0.00,,true,true,,,,,191-BLRVHD-50-001A,https://cdn.shopify.com/s/files/1/0826/6363/7242/files/0-1781397799446.jpg?v=1781397840,1,191-BLRVHD-50-001A,false,,,,,,,,,,,,,
the-sinful-dwarf-limited-collectors-edition,The Sinful Dwarf (Limited Collector's Edition),This limited collector's edition features a restored high-definition transfer of the underground cult classic along with a wealth of exclusive bonus materials and interviews. The set includes a striking rigid slipcase and a comprehensive booklet that provides deep insight into the film's controversial production history. It is an essential acquisition for fans of transgressive cinema and collectors of rare physical media.,BLU-RAY,,,"Horror, Rental",true,Condition,50%,,Serial Number,001A,,,,,191-BLRTH6-50-001A,0.0,shopify,1,deny,manual,0.00,,true,true,,,,,191-BLRTH6-50-001A,https://cdn.shopify.com/s/files/1/0826/6363/7242/files/0-1781397740417.jpg?v=1781397838,1,191-BLRTH6-50-001A,false,,,,,,,,,,,,,
psycho-goreman,Psycho Goreman,"This highly detailed action figure captures the grotesque yet charming aesthetic of the intergalactic warlord with intricate sculpting and vibrant paint applications. It comes equipped with signature weapon accessories and multiple points of articulation, making it a standout addition for any collector of indie sci-fi horror memorabilia. Whether displayed on a shelf or used for creative photography, this piece perfectly embodies the film's unique blend of retro practical effects and dark comedy.",Unknown,,,"Horror, Rental",true,Condition,50%,,Serial Number,001A,,,,,191-UNKPSY-50-001A,0.0,shopify,1,deny,manual,0.00,,true,true,,,,,191-UNKPSY-50-001A,https://cdn.shopify.com/s/files/1/0826/6363/7242/files/0-1781397611914.jpg?v=1781397836,1,191-UNKPSY-50-001A,false,,,,,,,,,,,,,
mama,Mama,"This supernatural thriller offers a chilling atmosphere and gripping suspense for fans of modern horror cinema. The physical release features high-definition visuals and haunting audio that enhance the film’s eerie aesthetic and emotional depth. It is an essential addition for collectors looking to experience a dark, supernatural fable crafted by acclaimed genre visionaries.",BLU-RAY,,,"Horror, Rental",true,Condition,50%,,Serial Number,001A,,,,,191-UNIMAM-50-001A,0.0,shopify,1,deny,manual,0.00,,true,true,,,,,191-UNIMAM-50-001A,https://cdn.shopify.com/s/files/1/0826/6363/7242/files/0-1781397548051.jpg?v=1781397834,1,191-UNIMAM-50-001A,false,,,,,,,,,,,,,
poltergeist-extended-cut-blu-ray,Poltergeist Extended Cut (Blu-ray),This extended edition offers a terrifying cinematic experience with additional footage that deepens the supernatural tension of the supernatural classic. High-definition visuals and immersive audio quality make it an essential centerpiece for any horror fan's home media collection. The physical disc includes exclusive bonus content and behind-the-scenes features that explore the production of this iconic haunting tale.,Unknown,,,"Horror, Rental",true,Condition,50%,,Serial Number,001A,,,,,191-UNKPOL-50-001A,0.0,shopify,1,deny,manual,0.00,,true,true,,,,,191-UNKPOL-50-001A,https://cdn.shopify.com/s/files/1/0826/6363/7242/files/0-1781397326796.jpg?v=1781397832,1,191-UNKPOL-50-001A,false,,,,,,,,,,,,,
m3gan-unrated-4k,M3GAN (Unrated) 4K,Experience this modern horror sensation in stunning high definition with a combo pack that includes both 4K Ultra HD and standard Blu-ray discs. This unrated edition features the terrifying theatrical cut along with a more intense version of the film and a digital code for viewing on the go. It is a must-have for genre fans looking for crystal-clear visuals and immersive audio of this instant cult classic.,4K,,,"4K, Horror, Rental",true,Condition,50%,,Serial Number,001A,,,,,191-BLRM3G-50-001A,0.0,shopify,1,deny,manual,0.00,,true,true,,,,,191-BLRM3G-50-001A,https://cdn.shopify.com/s/files/1/0826/6363/7242/files/0-1781397147671.jpg?v=1781397831,1,191-BLRM3G-50-001A,false,,,,,,,,,,,,,
the-boogeyman-vinegar-syndrome,The Boogeyman (Vinegar Syndrome),"This collectible vinyl figure features a stylized, cinematic design of the iconic modern horror antagonist dressed in his signature suit and mask. Perfect for genre enthusiasts, it stands as a striking display piece that captures the chilling essence of the supernatural character. Add this detailed miniature to your horror collection to showcase one of the most memorable villains of recent thriller cinema.",4K,,,"Horror, Rental",true,Condition,50%,,Serial Number,001A,,,,,191-4K2THE-50-001A,0.0,shopify,1,deny,manual,0.00,,true,true,,,,,191-4K2THE-50-001A,https://cdn.shopify.com/s/files/1/0826/6363/7242/files/0-1781396963207.jpg?v=1781397145,1,191-4K2THE-50-001A,false,,,,,,,,,,,,,
bloodsucking-freaks-vinegar-syndrome,BLOODSUCKING FREAKS (Vinegar Syndrome),"Experience this notorious cult classic from the golden age of grindhouse cinema, presented in a high-definition restoration that captures every shocking detail. This special edition release is packed with provocative bonus content and behind-the-scenes insights that explore its controversial legacy within the horror genre. It is an essential acquisition for collectors of transgressive underground films and those who appreciate the extremes of vintage exploitation theater.",BLU-RAY,,,"Horror, Rental",true,Condition,50%,,Serial Number,001A,,,,,191-BLRBLO-50-001A,0.0,shopify,1,deny,manual,0.00,,true,true,,,,,191-BLRBLO-50-001A,https://cdn.shopify.com/s/files/1/0826/6363/7242/files/0-1781396875869.jpg?v=1781397141,1,191-BLRBLO-50-001A,false,,,,,,,,,,,,,
in-the-mouth-of-madness-collectors-edition,In The Mouth of Madness (Collector's Edition),This collector's edition elevates a surreal masterpiece of psychological horror with a gorgeous high-definition transfer and an expansive array of insightful bonus content. Fans of atmospheric thrillers will appreciate the inclusion of exclusive new interviews and detailed audio commentaries that delve into the production of this cult classic. It is a definitive must-have for those looking to experience a haunting descent into madness with superior picture and sound quality.,BLU-RAY,,,"Horror, Rental",false,Condition,50%,,Serial Number,001A,,,,,191-BLRNTH-50-001A,0.0,shopify,1,deny,manual,0.00,,true,true,,,,,191-BLRNTH-50-001A,,,,false,,,,,,,,,,,,,
the-black-room-vinegar-syndrome,The Black Room (Vinegar Syndrome),"This mysterious fragrance captures a sophisticated and moody atmosphere through its deep, smoky notes and woody undertones. It offers a long-lasting, unisex appeal that is perfect for evening wear or making a bold impression. The sleek bottle design makes it a stylish addition to any collection for those who appreciate complex and darker scent profiles.",BLU-RAY,,,Rental,true,Condition,50%,,Serial Number,001A,,,,,191-BLRTHB-50-001A,0.0,shopify,1,deny,manual,0.00,,true,true,,,,,191-BLRTHB-50-001A,https://cdn.shopify.com/s/files/1/0826/6363/7242/files/0-1781396781968.jpg?v=1781397138,1,191-BLRTHB-50-001A,false,,,,,,,,,,,,,
zack-parkers-proxy,Zack Parker's Proxy,"This psychological thriller follows an expectant mother whose life unravels after a vicious attack leads her into a dark web of lies and obsession. Featuring standout performances and shocking narrative twists, this cinematic experience is a must-have for fans of complex mystery and suspense. This special edition release offers high-definition picture quality and immersive sound for a truly unsettling viewing experience.",BLU-RAY,,,"Horror, Rental",true,Condition,50%,,Serial Number,001A,,,,,191-BLRZAC-50-001A,0.0,shopify,1,deny,manual,0.00,,true,true,,,,,191-BLRZAC-50-001A,https://cdn.shopify.com/s/files/1/0826/6363/7242/files/0-1781396692495.jpg?v=1781397136,1,191-BLRZAC-50-001A,false,,,,,,,,,,,,,
bruce-lee-his-greatest-hits-criterion-collection,Bruce Lee: His Greatest Hits (Criterion Collection),"This comprehensive seven-disc box set features high-definition digital restorations of five iconic martial arts masterpieces that redefined the action genre. The collection includes a wealth of special features, including insightful documentaries, archival interviews, and expert commentaries that provide deep historical context for these cinematic landmarks. This premium physical release is an essential centerpiece for any world cinema enthusiast or martial arts collector looking to experience these legendary films in their finest quality.",BLU-RAY,,,"Action, Rental",true,Condition,50%,,Serial Number,001A,,,,,191-BLRBRU-50-001A,0.0,shopify,1,deny,manual,0.00,,true,true,,,,,191-BLRBRU-50-001A,https://cdn.shopify.com/s/files/1/0826/6363/7242/files/0-1781396498840.jpg?v=1781397134,1,191-BLRBRU-50-001A,false,,,,,,,,,,,,,
waterworld-arrow-release,Waterworld (Arrow Release),"This limited edition deluxe set features a stunning high-definition restoration of the theatrical cut along with two extended versions of the post-apocalyptic epic. Housed in a rigid slipcase, the collection includes a perfect-bound book, a double-sided poster, and a wealth of archival bonus features. It is an essential acquisition for enthusiasts of ambitious practical filmmaking and cult science fiction cinema.",BLU-RAY,,,"Action, Rental",true,Condition,50%,,Serial Number,001A,,,,,191-BLRWAT-50-001A,0.0,shopify,1,deny,manual,0.00,,true,true,,,,,191-BLRWAT-50-001A,https://cdn.shopify.com/s/files/1/0826/6363/7242/files/0-1781396390713.jpg?v=1781397131,1,191-BLRWAT-50-001A,false,,,,,,,,,,,,,
gwen-and-the-book-of-sand,Gwen and the Book of Sand,"This immersive graphic novel follows a young woman as she navigates a surreal and enchanted desert landscape in search of her lost family. The vibrant, otherworldly artwork brings a unique sense of wonder to the journey, making it a captivating read for fans of magical realism and atmospheric storytelling. Its blend of mystery and self-discovery offers a deeply emotional experience that stands out in any collection.",BLU-RAY,,,"Drama, Rental",true,Condition,50%,,Serial Number,001A,,,,,191-BLRGWE-50-001A,0.0,shopify,1,deny,manual,0.00,,true,true,,,,,191-BLRGWE-50-001A,https://cdn.shopify.com/s/files/1/0826/6363/7242/files/0-1781396148230.jpg?v=1781397128,1,191-BLRGWE-50-001A,false,,,,,,,,,,,,,
suitable-flesh,Suitable Flesh,"This sheer, skin-perfecting balm melts effortlessly into the complexion to provide a natural, dewy finish. Its lightweight formula blurs imperfections while leaving a glass-like glow that enhances your skin's unique texture. Ideal for minimalist beauty routines, it offers a breathable feel that lasts throughout the day.",BLU-RAY,,,"Horror, Rental",true,Condition,50%,,Serial Number,001A,,,,,191-BLRSUI-50-001A,0.0,shopify,1,deny,manual,0.00,,true,true,,,,,191-BLRSUI-50-001A,https://cdn.shopify.com/s/files/1/0826/6363/7242/files/0-1781396084308.jpg?v=1781397126,1,191-BLRSUI-50-001A,false,,,,,,,,,,,,,
castle-freak,Castle Freak,"This cult classic horror film is presented on high-definition physical media, featuring a stunning restoration that brings every unsettling detail of the gothic atmosphere to life. The release includes a variety of special features and behind-the-scenes insights that make it a perfect addition for collectors of surreal genre cinema. Its blend of practical effects and haunting storytelling ensures a memorable viewing experience for any fan of vintage macabre tales.",Unknown,,,"Horror, Rental",true,Condition,70%,,Serial Number,001A,,,,,191-UNKCAS-70-001A,0.0,shopify,1,deny,manual,0.00,,true,true,,,,,191-UNKCAS-70-001A,https://cdn.shopify.com/s/files/1/0826/6363/7242/files/0-1781396030620.jpg?v=1781397122,1,191-UNKCAS-70-001A,false,,,,,,,,,,,,,
in-the-line-of-duty-i-iv,In the Line of Duty I-IV,"This action-packed four-disc collection features high-octane sequences and intense choreography that defined a legendary era of martial arts cinema. Each entry showcases incredible stunts and relentless storytelling, making it an essential addition for fans of classic international thrillers. Experience the complete evolution of this iconic series in one comprehensive set perfect for home theaters.",BLU-RAY,,,"Action, Rental",true,Condition,50%,,Serial Number,001A,,,,,191-BLRINT-50-001A,0.0,shopify,1,deny,manual,0.00,,true,true,,,,,191-BLRINT-50-001A,https://cdn.shopify.com/s/files/1/0826/6363/7242/files/0-1781395919664.jpg?v=1781397118,1,191-BLRINT-50-001A,false,,,,,,,,,,,,,
it,IT,This high-definition physical release offers a premium home viewing experience with stunning visual clarity and immersive audio quality. It features a complete cinematic presentation along with exclusive bonus content and behind-the-scenes footage for dedicated fans. The durable disc format is a perfect addition to any physical media collection for those who prioritize superior picture resolution.,BLU-RAY,,,"Horror, Rental",true,Condition,50%,,Serial Number,001A,,,,,191-BLRIT2-50-001A,0.0,shopify,1,deny,manual,0.00,,true,true,,,,,191-BLRIT2-50-001A,https://cdn.shopify.com/s/files/1/0826/6363/7242/files/0-1781395772354.jpg?v=1781397116,1,191-BLRIT2-50-001A,false,,,,,,,,,,,,,
the-cardona-collection-vol-2-vinegar-syndrome,The Cardona Collection Vol. 2 (Vinegar Syndrome),This high-quality DVD collection delivers a captivating selection of classic Mexican cinema from a renowned filmmaking dynasty. It is an essential addition for fans of cult cinema and international thrillers seeking rare titles restored for modern viewing. The set offers a unique blend of adventure and drama that serves as a perfect highlight for any physical media library.,BLU-RAY,,,"Action, Rental",true,Condition,50%,,Serial Number,001A,,,,,191-BLRTHC-50-001A,0.0,shopify,1,deny,manual,0.00,,true,true,,,,,191-BLRTHC-50-001A,https://cdn.shopify.com/s/files/1/0826/6363/7242/files/0-1781397077041.jpg?v=1781397114,1,191-BLRTHC-50-001A,false,,,,,,,,,,,,,
jay-silent-bob-reboot,Jay & Silent Bob Reboot,This high-definition physical release offers a premium viewing experience with crystal clear picture quality and immersive audio for fans of the cult classic duo. The disc includes exclusive bonus content and behind-the-scenes footage that provides a deeper look into the long-awaited cinematic reunion. It is a must-have addition for any collector looking to complete their library of quintessential stoner comedies.,Blu-Ray,,,"Comedy, Rental",true,Condition,50%,,Serial Number,001A,,,,,191-BLCJAY-50-001A,0.0,shopify,1,deny,manual,0.00,,true,true,,,,,191-BLCJAY-50-001A,https://cdn.shopify.com/s/files/1/0826/6363/7242/files/0-1781378412032.jpg?v=1781382032,1,191-BLCJAY-50-001A,false,,,,,,,,,,,,,
a-guy-thing,A Guy Thing,Experience this high-definition romantic comedy featuring crisp visuals and immersive digital audio for a premium home viewing experience. This physical disc includes special bonus features and behind-the-scenes footage that elevate the storytelling of a chaotic engagement gone wrong. It is a perfect addition for collectors looking to enjoy a classic early 2000s farce in the best possible format.,BLU-RAY,,,"Comedy, Rental",true,Condition,50%,,Serial Number,001A,,,,,191-BLRAGU-50-001A,0.0,shopify,1,deny,manual,0.00,,true,true,,,,,191-BLRAGU-50-001A,https://cdn.shopify.com/s/files/1/0826/6363/7242/files/0-1781378251155.jpg?v=1781382030,1,191-BLRAGU-50-001A,false,,,,,,,,,,,,,
a-million-ways-to-die-in-the-west,A Million Ways to Die in the West,This comedy western follows a cowardly farmer who seeks help from a mysterious sharpshooter to win back his girlfriend while outrunning a notorious outlaw. The film features an all-star cast and signature irreverent humor that parodies the harsh realities of life on the frontier. This physical disc is a great choice for fans of satirical cinema and those looking to complete their home movie collection.,Universal Pictures,,,"Comedy, Rental",true,Condition,50%,,Serial Number,001A,,,,,191-UNIAMI-50-001A,0.0,shopify,1,deny,manual,0.00,,true,true,,,,,191-UNIAMI-50-001A,https://cdn.shopify.com/s/files/1/0826/6363/7242/files/0-1781378298176.jpg?v=1781382028,1,191-UNIAMI-50-001A,false,,,,,,,,,,,,,
22-jump-street,22 Jump Street,"Relive the action and humor of this high-energy buddy cop sequel in high definition. This physical media release features the complete film along with exclusive bonus content, including deleted scenes and a hilarious gag reel. It is a must-have addition for fans of modern comedy and crime-fighting duos looking to complete their home cinema collection.",Unknown,,,"Comedy, Rental",true,Condition,50%,,Serial Number,001A,,,,,191-UNK22J-50-001A,0.0,shopify,1,deny,manual,0.00,,true,true,,,,,191-UNK22J-50-001A,https://cdn.shopify.com/s/files/1/0826/6363/7242/files/0-1781378141047.jpg?v=1781382027,1,191-UNK22J-50-001A,false,,,,,,,,,,,,,
knocked-up-unrated,Knocked Up (Unrated),"This unrated home media release features the extended version of the hit romantic comedy alongside a wealth of behind-the-scenes bonus content and deleted scenes. It offers a hilarious and heartfelt look at an unexpected journey into parenthood, making it a must-have addition for fans of modern adult humor. The two-disc set provides hours of entertainment with its mix of crude wit and genuine emotional moments.",BLU-RAY,,,"Comedy, Rental",true,Condition,50%,,Serial Number,001A,,,,,191-BLRKNO-50-001A,0.0,shopify,1,deny,manual,0.00,,true,true,,,,,191-BLRKNO-50-001A,https://cdn.shopify.com/s/files/1/0826/6363/7242/files/0-1781378351529.jpg?v=1781382022,1,191-BLRKNO-50-001A,false,,,,,,,,,,,,,
21-jump-street,21 Jump Street,"<div class=""l_wptnewdescov"">
<p class=""""><span class=""l_ecrd_txt_itlc"">21 Jump Street</span><span class=""l_ecrd_txt_pln""><span> </span>follows a team of youthful-looking undercover police officers who infiltrate high schools, colleges, and other teen environments to investigate crimes ranging from drug trafficking and gang violence to more sensitive social issues. Known for tackling mature topics with a procedural format, it became Fox network’s first breakout hit and helped launch Johnny Depp’s career. The show earned praise for its engaging mix of crime drama and social commentary.</span></p>
</div>",BLU-RAY,Uncategorized,,"Comedy, Rental",true,Condition,50%,,Serial Number,001A,,,,,191-BLR21J-50-001A,0.0,shopify,1,deny,manual,0.00,,true,true,,,,,191-BLR21J-50-001A,https://cdn.shopify.com/s/files/1/0826/6363/7242/files/0-1781378195550.jpg?v=1781382020,1,191-BLR21J-50-001A,false,,,,,,,,,,,,,
this-is-the-end,This Is The End,"This high-definition physical release offers a premium home viewing experience of the hit apocalyptic comedy with stunning visual clarity and immersive audio. It includes a variety of exclusive bonus features like deleted scenes, behind-the-scenes featurettes, and a gag reel that provide a deeper look into the star-studded production. This disc is an essential addition for fans of ensemble humor and over-the-top supernatural action looking for the best possible picture quality.",BLU-RAY,,,"Comedy, Rental",true,Condition,50%,,Serial Number,001A,,,,,191-BLRTH5-50-001A,0.0,shopify,1,deny,manual,9.00,,true,true,,,,,191-BLRTH5-50-001A,https://cdn.shopify.com/s/files/1/0826/6363/7242/files/0-1781378025553.jpg?v=1781382019,1,191-BLRTH5-50-001A,false,,,,,,,,,,,,,
talladega-nights-the-ballad-of-ricky-bobby,Talladega Nights: The Ballad of Ricky Bobby,"This high-definition Blu-ray release features the extended comedy classic with additional footage not seen in theaters. It includes a wealth of special features such as deleted scenes, gag reels, and exclusive interviews that provide a deeper look into the world of professional stock car racing. The disc offers superior picture and sound quality, making it a must-have for fans looking to experience the complete, unrated version of the story.",BLU-RAY,,,"Comedy, Rental",true,Condition,50%,,Serial Number,001A,,,,,191-BLRTAL-50-001A,0.0,shopify,1,deny,manual,0.00,,true,true,,,,,191-BLRTAL-50-001A,https://cdn.shopify.com/s/files/1/0826/6363/7242/files/0-1781377953951.jpg?v=1781382017,1,191-BLRTAL-50-001A,false,,,,,,,,,,,,,
the-watch,The Watch,This high-definition disc offers a sharp visual experience and crisp audio for an evening of raucous science-fiction comedy. The physical media format includes exclusive bonus features and behind-the-scenes footage not found on streaming platforms. It is a perfect addition to any home cinema collection for fans of ensemble humor and suburban mischief.,BLU-RAY,,,"Comedy, Rental",true,Condition,50%,,Serial Number,001A,,,,,191-BLRTH3-50-001A,0.0,shopify,1,deny,manual,0.00,,true,true,,,,,191-BLRTH3-50-001A,https://cdn.shopify.com/s/files/1/0826/6363/7242/files/0-1781377839664.jpg?v=1781382013,1,191-BLRTH3-50-001A,false,,,,,,,,,,,,,
the-texas-chainsaw-massacre-the-beginning,The Texas Chainsaw Massacre: The Beginning,"Experience the visceral origins of a horror icon with this unrated high-definition release, featuring intense sequences too graphic for theatrical screens. The disc includes a variety of compelling bonus content, such as director commentary and behind-the-scenes featurettes, making it a must-have for genre enthusiasts. Its sleek packaging and superior visual clarity provide an immersive viewing experience for collectors and fans of classic slasher cinema.",BLU-RAY,,,"Horror, Rental",true,Condition,50%,,Serial Number,001A,,,,,191-BLRTHG-50-001A,0.0,shopify,1,deny,manual,0.00,,true,true,,,,,191-BLRTHG-50-001A,https://cdn.shopify.com/s/files/1/0826/6363/7242/files/0-1781316599375.jpg?v=1781382010,1,191-BLRTHG-50-001A,false,,,,,,,,,,,,,
night-of-the-living-dead,Night of the Living Dead,"Experience the definitive high-definition restoration of this foundational horror masterpiece, meticulously supervised by the original filmmakers to ensure unparalleled visual and audio clarity. This special anniversary collection features a wealth of archival bonus materials and a digital copy for viewing on any device, making it an essential acquisition for serious cinema collectors. Whether revisited for its social commentary or its groundbreaking suspense, this edition offers the most complete look at a film that changed the genre forever.",BLU-RAY,,,"Horror, Rental",true,Condition,50%,,Serial Number,001A,,,,,191-BLRNGH-50-001A,0.0,shopify,1,deny,manual,0.00,,true,true,,,,,191-BLRNGH-50-001A,https://cdn.shopify.com/s/files/1/0826/6363/7242/files/0-1781316398224.jpg?v=1781382009,1,191-BLRNGH-50-001A,false,,,,,,,,,,,,,
night-of-the-living-dead,,,,,,,,,Standard,,,002A,,,,,191-BLRNGH-002A,0.0,shopify,1,deny,manual,0.00,,true,true,,,,,191-BLRNGH-002A,https://cdn.shopify.com/s/files/1/0826/6363/7242/files/0-1782250584478.jpg?v=1782253695,2,191-BLRNGH-002A,,,,,,,,,,,,,,
salems-lot,Salem's Lot,"This atmospheric horror classic comes in a well-preserved paperback format, making it a must-have for collectors of supernatural literature. The narrative delivers a chilling exploration of a small town overtaken by ancient evil, perfect for fans of gothic tension and vampire lore. This edition features iconic cover art that captures the eerie essence of one of the most celebrated stories in the genre.",BLU-RAY,,,"Horror, Rental",true,Condition,50%,,Serial Number,001A,,,,,191-BLRSAL-50-001A,0.0,shopify,1,deny,manual,0.00,,true,true,,,,,191-BLRSAL-50-001A,https://cdn.shopify.com/s/files/1/0826/6363/7242/files/0-1781316332042.jpg?v=1781382007,1,191-BLRSAL-50-001A,false,,,,,,,,,,,,,
the-innkeepers,The Innkeepers,"This suspenseful supernatural horror tale follows two curious hotel employees as they investigate long-standing urban legends within a haunted historic building. The narrative balances atmospheric tension with character-driven humor, making it a must-have for fans of slow-burn ghost stories and indie cinema. This physical release offers a chilling viewing experience with high-quality cinematography and a gripping climax.",BLU-RAY,,,"Horror, Rental",true,Condition,50%,,Serial Number,001A,,,,,191-BLRTH2-50-001A,0.0,shopify,1,deny,manual,0.00,,true,true,,,,,191-BLRTH2-50-001A,https://cdn.shopify.com/s/files/1/0826/6363/7242/files/0-1781316251558.jpg?v=1781382005,1,191-BLRTH2-50-001A,false,,,,,,,,,,,,,
mirrors-2-unrated,Mirrors 2 Unrated,This unrated supernatural horror sequel delivers intense suspense and expanded graphic sequences across both high-definition and standard formats. The two-disc set provides versatile viewing options and includes immersive bonus content that explores the dark mythology of the psychological thriller. It is an essential addition for fans of the genre looking for a visceral and unsettling cinematic experience.,BLU-RAY,,,"Horror, Rental",true,Condition,50%,,Serial Number,001A,,,,,191-BLRMIR-50-001A,0.0,shopify,1,deny,manual,0.00,,true,true,,,,,191-BLRMIR-50-001A,https://cdn.shopify.com/s/files/1/0826/6363/7242/files/0-1781316058619.jpg?v=1781382003,1,191-BLRMIR-50-001A,false,,,,,,,,,,,,,
the-house-that-jack-built,THE HOUSE THAT JACK BUILT,Experience this provocative and visually stunning psychological thriller in high definition clarity with this premium physical release. This disc includes the full unrated version of the film alongside a collection of immersive special features for fans of intense cinematic storytelling. It is a must-have addition for collectors seeking to complete their library of modern cult masterpieces.,BLU-RAY,,,"Horror, Rental",true,Condition,50%,,Serial Number,001A,,,,,191-BLRTHH-50-001A,0.0,shopify,1,deny,manual,8.00,,true,true,,,,,191-BLRTHH-50-001A,https://cdn.shopify.com/s/files/1/0826/6363/7242/files/0-1781315875672.jpg?v=1781382000,1,191-BLRTHH-50-001A,false,,,,,,,,,,,,,
v-h-s-viral,V/H/S: VIRAL,This terrifying found-footage anthology pushes the boundaries of the genre with high-octane sequences involving underground rituals and reality-bending technology. The high-definition transfer delivers chillingly crisp visuals and immersive audio that heighten the tension of each twisted segment. It is an essential addition for horror collectors looking to complete their modern supernatural library.,BLU-RAY,,,"Horror, Rental",true,Condition,50%,,Serial Number,001A,,,,,191-BLRVHL-50-001A,0.0,shopify,1,deny,manual,0.00,,true,true,,,,,191-BLRVHL-50-001A,https://cdn.shopify.com/s/files/1/0826/6363/7242/files/0-1781315731230.jpg?v=1781381998,1,191-BLRVHL-50-001A,false,,,,,,,,,,,,,
v-h-s,V/H/S,"Experience the ultimate collection of found-footage horror in high-definition clarity that captures every chilling detail and jump scare. This physical release is a must-have for genre enthusiasts looking to own a seminal piece of modern anthology cinema for their home media library. The disc features multiple terrifying segments from visionary directors, offering a diverse array of supernatural and psychological thrills.",BLU-RAY,,,"Horror, Rental",true,Condition,50%,,Serial Number,001A,,,,,191-BLRVH3-50-001A,0.0,shopify,1,deny,manual,0.00,,true,true,,,,,191-BLRVH3-50-001A,https://cdn.shopify.com/s/files/1/0826/6363/7242/files/0-1781315521913.jpg?v=1781381996,1,191-BLRVH3-50-001A,false,,,,,,,,,,,,,
midnight-movie,Midnight Movie,"This high-definition physical release offers superior visual clarity and immersive audio for a cinematic home viewing experience. Perfect for fans of the genre, the disc includes specialized packaging and bonus content that captures the nostalgic atmosphere of late-night screenings. It is a must-have addition for any collector looking to preserve high-quality media in their personal library.",BLU-RAY,,,"Horror, Rental",true,Condition,50%,,Serial Number,002A,,,,,191-BLRMID-50-002A,0.0,shopify,1,deny,manual,0.00,,true,true,,,,,191-BLRMID-50-002A,https://cdn.shopify.com/s/files/1/0826/6363/7242/files/0-1781315357711.jpg?v=1781381993,1,191-BLRMID-50-002A,false,,,,,,,,,,,,,
trainwreck,Trainwreck,,BLU-RAY,Uncategorized,,"Comedy, Rental",true,Condition,50%,,Serial Number,001A,,,,,191-BLRTRA-50-001A,0.0,shopify,1,deny,manual,0.00,,true,true,,,,,191-BLRTRA-50-001A,https://cdn.shopify.com/s/files/1/0826/6363/7242/files/0-1781378739640.jpg?v=1781381987,1,191-BLRTRA-50-001A,false,,,,,,,,,,,,,
hostel,Hostel,Experience the intense and unrelenting horror of this cult thriller in high definition with a cut featuring footage never shown in theaters. This special edition disc includes behind the scenes featurettes and director commentary that provide a deep dive into the making of the film. It is a must-have for genre fans looking to add a visceral and suspenseful masterpiece to their physical media collection.,Blu-Ray,,,"Horror, Rental",true,Condition,50%,,Serial Number,001A,,,,,191-BLCHOS-50-001A,0.0,shopify,1,deny,manual,0.00,,true,true,,,,,191-BLCHOS-50-001A,https://cdn.shopify.com/s/files/1/0826/6363/7242/files/0-1781295030817.jpg?v=1781381985,1,191-BLCHOS-50-001A,false,,,,,,,,,,,,,
renfield-dracula-sucks-edition,Renfield: Dracula Sucks Edition,"This special edition set includes a high-definition disc, a standard DVD, and a digital code for versatile viewing across all your devices. Enjoy the action-packed horror comedy along with exclusive bonus features and behind-the-scenes content that dive deep into the making of the film. It is the perfect addition for fans of modern creature features and stylish cinematic storytelling.",BLU-RAY,,,"Comedy, Rental",true,Condition,50%,,Serial Number,001A,,,,,191-BLRREN-50-001A,0.0,shopify,1,deny,manual,0.00,,true,true,,,,,191-BLRREN-50-001A,https://cdn.shopify.com/s/files/1/0826/6363/7242/files/0-1781378497315.jpg?v=1781381983,1,191-BLRREN-50-001A,false,,,,,,,,,,,,,
case-39,Case 39,"Protect your media collection with this durable replacement shell featuring a slim profile and secure locking mechanism. The transparent outer sleeve allows for easy insertion of cover art, while the internal clips keep informational booklets firmly in place. Its vibrant blue finish and sturdy construction provide a professional look that keeps discs safe from scratches and dust.",BLU-RAY,,,"Horror, Rental",true,Condition,50%,,Serial Number,001A,,,,,191-BLRCAS-50-001A,0.0,shopify,1,deny,manual,0.00,,true,true,,,,,191-BLRCAS-50-001A,https://cdn.shopify.com/s/files/1/0826/6363/7242/files/0-1781294921367.jpg?v=1781381980,1,191-BLRCAS-50-001A,false,,,,,,,,,,,,,
wish-upon-directors-cut,Wish Upon (Director's Cut),This director’s cut of the supernatural thriller delivers a more intense viewing experience with added scenes and enhanced scares not seen in theaters. The high-definition picture quality and immersive surround sound bring every chilling consequence of the film's sinister box to life for home cinema enthusiasts. This physical release is a must-have for horror collectors looking for the most complete version of this modern dark fantasy.,BLU-RAY,,,"Horror, Rental",true,Condition,50%,,Serial Number,001A,,,,,191-BLRWIS-50-001A,0.0,shopify,1,deny,manual,0.00,,true,true,,,,,191-BLRWIS-50-001A,https://cdn.shopify.com/s/files/1/0826/6363/7242/files/0-1781294807157.jpg?v=1781381976,1,191-BLRWIS-50-001A,false,,,,,,,,,,,,,
hostel-part-ii-unseen-edition,Hostel Part II (Unseen Edition),Experience the intense and visceral sequel to the acclaimed horror hit in high definition with this unrated extended cut. The disc includes exclusive bonus features and behind the scenes footage that delve into the dark world of the story. This physical media release is a must have for genre enthusiasts looking to complete their cinematic collection.,BLU-RAY,,,"Horror, Rental",true,Condition,50%,,Serial Number,001A,,,,,191-BLRHOS-50-001A,0.0,shopify,1,deny,manual,0.00,,true,true,,,,,191-BLRHOS-50-001A,https://cdn.shopify.com/s/files/1/0826/6363/7242/files/0-1781295079692.jpg?v=1781381975,1,191-BLRHOS-50-001A,false,,,,,,,,,,,,,
were-the-millers,We're the Millers,Experience high-definition hilarity with this physical media release of the hit road trip comedy. This disc includes the theatrical version along with an unrated cut and various behind-the-scenes bonus features. It is a perfect addition for fans of raunchy ensemble humor looking for crisp visual quality and digital-surround sound.,BLU-RAY,,,"Comedy, Rental",true,Condition,50%,,Serial Number,001A,,,,,191-BLRWER-50-001A,0.0,shopify,1,deny,manual,0.00,,true,true,,,,,191-BLRWER-50-001A,https://cdn.shopify.com/s/files/1/0826/6363/7242/files/0-1781293220546.jpg?v=1781293978,1,191-BLRWER-50-001A,false,,,,,,,,,,,,,
beerfest,Beerfest,Enjoy high-definition picture quality and crystal-clear audio with this physical media release of the hit comedy classic. This disc includes exclusive bonus features and behind-the-scenes footage that elevate the home viewing experience for fans of irreverent humor. It is a must-have addition for collectors looking to complete their library of quintessential party movies.,BLU-RAY,,,"Comedy, Rental",true,Condition,50%,,Serial Number,001A,,,,,191-BLRBEE-50-001A,0.0,shopify,1,deny,manual,0.00,,true,true,,,,,191-BLRBEE-50-001A,https://cdn.shopify.com/s/files/1/0826/6363/7242/files/0-1781293021030.jpg?v=1781293976,1,191-BLRBEE-50-001A,false,,,,,,,,,,,,,
the-40-year-old-virgin,The 40-Year-Old Virgin,Experience this beloved adult comedy in stunning high definition with exclusive bonus features and deleted scenes included. The disc offers crystal clear picture quality and immersive audio that brings every hilariously awkward moment to life. It is an essential addition for any collector looking to enjoy a modern comedic masterpiece with enhanced visuals.,BLU-RAY,,,"Comedy, Rental",true,Condition,50%,,Serial Number,001A,,,,,191-BLRTH4-50-001A,0.0,shopify,1,deny,manual,0.00,,true,true,,,,,191-BLRTH4-50-001A,https://cdn.shopify.com/s/files/1/0826/6363/7242/files/0-1781292967930.jpg?v=1781293974,1,191-BLRTH4-50-001A,false,,,,,,,,,,,,,
forgetting-sarah-marshall,Forgetting Sarah Marshall,"This high-definition disc brings a beloved romantic comedy to life with crisp visuals and immersive audio quality. The release features a wealth of bonus content, including deleted scenes and cast commentaries, making it a must-have for fans of modern humor. It is the perfect addition to any physical media collection for those who enjoy relatable storytelling and tropical scenery.",BLU-RAY,,,"Comedy, Rental",true,Condition,50%,,Serial Number,001A,,,,,191-BLRFOR-50-001A,0.0,shopify,1,deny,manual,0.00,,true,true,,,,,191-BLRFOR-50-001A,https://cdn.shopify.com/s/files/1/0826/6363/7242/files/0-1781292910044.jpg?v=1781293972,1,191-BLRFOR-50-001A,false,,,,,,,,,,,,,
clerks-ii,Clerks II,This high-definition physical release offers a sharp digital transfer of the cult classic comedy sequel along with a deep collection of behind-the-scenes bonus features. Fans of irreverent humor and indie filmmaking will appreciate the extensive cast commentaries and deleted scenes included on the disc. Its vibrant picture quality and immersive audio provide the definitive home viewing experience for this celebrated chapter in the cinematic universe.,BLU-RAY,,,"Comedy, Rental",true,Condition,50%,,Serial Number,001A,,,,,191-BLRCLE-50-001A,0.0,shopify,1,deny,manual,0.00,,true,true,,,,,191-BLRCLE-50-001A,https://cdn.shopify.com/s/files/1/0826/6363/7242/files/0-1781292852689.jpg?v=1781293970,1,191-BLRCLE-50-001A,false,,,,,,,,,,,,,
i-love-you-man,"I Love You, Man",This high-definition disc offers a sharp picture and crystal-clear audio for an optimal home viewing experience of this beloved modern comedy. The release includes hilarious bonus features and behind-the-scenes content that dive into the relatable story of male friendship and social awkwardness. It is an essential addition for fans of witty humor looking to upgrade their physical media collection with a definitive presentation.,BLU-RAY,,,"Comedy, Rental",true,Condition,50%,,Serial Number,001A,,,,,191-BLRILO-50-001A,0.0,shopify,1,deny,manual,0.00,,true,true,,,,,191-BLRILO-50-001A,https://cdn.shopify.com/s/files/1/0826/6363/7242/files/0-1781292778881.jpg?v=1781293968,1,191-BLRILO-50-001A,false,,,,,,,,,,,,,
the-nice-guys,The Nice Guys,This high-definition physical release offers superior picture and sound quality for a premium home viewing experience. The disc features the complete feature film along with exclusive bonus content including behind-the-scenes featurettes and director commentary. It is an essential collectible for fans of witty action comedies and cinematic storytelling.,BLU-RAY,,,"Comedy, Rental",true,Condition,50%,,Serial Number,001A,,,,,191-BLRTHN-50-001A,0.0,shopify,1,deny,manual,0.00,,true,true,,,,,191-BLRTHN-50-001A,https://cdn.shopify.com/s/files/1/0826/6363/7242/files/0-1781292718151.jpg?v=1781293966,1,191-BLRTHN-50-001A,false,,,,,,,,,,,,,
observe-and-report,Observe and Report,This high-definition disc offers a sharp visual presentation of a cult favorite dark comedy about a delusional security guard. The physical media format includes exclusive special features and deleted scenes that provide a deeper look into the film's provocative humor. It is an essential addition for collectors seeking a crisp home viewing experience of this irreverent cult classic.,BLU-RAY,,,"Comedy, Rental",true,Condition,50%,,Serial Number,001A,,,,,191-BLROBS-50-001A,0.0,shopify,1,deny,manual,0.00,,true,true,,,,,191-BLROBS-50-001A,https://cdn.shopify.com/s/files/1/0826/6363/7242/files/0-1781292668249.jpg?v=1781293964,1,191-BLROBS-50-001A,false,,,,,,,,,,,,,
this-is-40,This Is 40,"This high-definition disc offers a comedic and relatable look at the complexities of marriage and midlife transitions. The feature-packed release includes exclusive bonus content, deleted scenes, and behind-the-scenes footage that provides a deeper look into the creative process. It is a perfect addition for collectors looking to enjoy a sharp, modern comedy with stunning visual and audio clarity.",BLU-RAY,,,"Comedy, Rental",true,Condition,50%,,Serial Number,001A,,,,,191-BLRTHI-50-001A,0.0,shopify,1,deny,manual,0.00,,true,true,,,,,191-BLRTHI-50-001A,https://cdn.shopify.com/s/files/1/0826/6363/7242/files/0-1781292618089.jpg?v=1781293962,1,191-BLRTHI-50-001A,false,,,,,,,,,,,,,
horrible-bosses-totally-inappropriate-edition,Horrible Bosses: Totally Inappropriate Edition,This unrated extended cut features the complete theatrical film along with several minutes of never-before-seen footage and hilarious deleted scenes. The high-definition picture quality and immersive audio track deliver a premium home viewing experience for fans of irreverent ensemble comedies. It comes in a durable protective case and includes exclusive bonus content that dives deep into the making of this outrageous office-revenge tale.,BLU-RAY,,,"Comedy, Rental",true,Condition,50%,,Serial Number,001A,,,,,191-BLRHRR-50-001A,0.0,shopify,1,deny,manual,0.00,,true,true,,,,,191-BLRHRR-50-001A,https://cdn.shopify.com/s/files/1/0826/6363/7242/files/0-1781292542707.jpg?v=1781293961,1,191-BLRHRR-50-001A,false,,,,,,,,,,,,,
horrible-bosses-2-extended-cut,Horrible Bosses 2 (Extended Cut),Enjoy the laugh-out-loud antics of your favorite disgruntled employees in this hilarious sequel featuring an extended cut with never-before-seen footage. This disc comes in its original case with crisp high-definition visuals and immersive audio that bring every comedic twist to life. It is the perfect addition to any movie night collection for fans of irreverent humor and star-studded ensemble casts.,BLU-RAY,,,"Comedy, Rental",true,Condition,50%,,Serial Number,001A,,,,,191-BLRHOR-50-001A,0.0,shopify,1,deny,manual,0.00,,true,true,,,,,191-BLRHOR-50-001A,https://cdn.shopify.com/s/files/1/0826/6363/7242/files/0-1781292476450.jpg?v=1781293959,1,191-BLRHOR-50-001A,false,,,,,,,,,,,,,
bridesmaids,Bridesmaids,Experience the uproarious comedy in stunning high definition with this physical disc release featuring a deep cast of comedic talent. This edition includes exclusive bonus footage and behind the scenes content that captures every raunchy and heartfelt moment of the journey to the altar. It is an essential addition to any home media library for fans of laugh out loud ensemble stories.,BLU-RAY,,,"Comedy, Rental",true,Condition,50%,,Serial Number,001A,,,,,191-BLRBRI-50-001A,0.0,shopify,1,deny,manual,0.00,,true,true,,,,,191-BLRBRI-50-001A,https://cdn.shopify.com/s/files/1/0826/6363/7242/files/0-1781292296794.jpg?v=1781293953,1,191-BLRBRI-50-001A,false,,,,,,,,,,,,,
the-proposal,The Proposal,"This premium fragrance features a sophisticated blend of woodsy and aromatic notes designed for a lasting impression. Its elegant glass bottle and refined scent profile make it an ideal choice for romantic evenings or formal occasions. This versatile composition balances strength and subtlety, offering a timeless appeal for any modern collection.",BLU-RAY,,,"Comedy, Rental",true,Condition,50%,,Serial Number,001A,,,,,191-BLRTHL-50-001A,0.0,shopify,1,deny,manual,0.00,,true,true,,,,,191-BLRTHL-50-001A,https://cdn.shopify.com/s/files/1/0826/6363/7242/files/0-1781292239589.jpg?v=1781293951,1,191-BLRTHL-50-001A,false,,,,,,,,,,,,,
game-night,Game Night,"This high-definition disc offers a sharp picture and immersive audio for a hilarious cinematic experience at home. It follows a group of friends whose routine social gathering spirals into an unpredictable mystery filled with sharp wit and clever plot twists. Perfect for your next movie rotation, this physical copy includes special bonus features that take you behind the scenes of the comedy.",BLU-RAY,,,"Comedy, Rental",true,Condition,50%,,Serial Number,001A,,,,,191-BLRGMN-50-001A,0.0,shopify,1,deny,manual,0.00,,true,true,,,,,191-BLRGMN-50-001A,https://cdn.shopify.com/s/files/1/0826/6363/7242/files/0-1781292185893.jpg?v=1781293950,1,191-BLRGMN-50-001A,false,,,,,,,,,,,,,
dont-breathe,Don't Breathe,"This high-tension cinematic masterpiece delivers a gripping survival experience through its innovative use of silence and atmospheric dread. The story follows a group of intruders who find themselves trapped in a lethal game of cat and mouse with an unexpectedly formidable opponent. It is a must-have for any horror enthusiast looking for a masterclass in suspense and intense, claustrophobic storytelling.",BLU-RAY,,,"Horror, Rental",true,Condition,50%,,Serial Number,001A,,,,,191-BLRDON-50-001A,0.0,shopify,1,deny,manual,0.00,,true,true,,,,,191-BLRDON-50-001A,https://cdn.shopify.com/s/files/1/0826/6363/7242/files/0-1781289458870.jpg?v=1781289560,1,191-BLRDON-50-001A,false,,,,,,,,,,,,,
motel-hell,Motel Hell,This high-definition physical release brings a beloved cult horror classic to life with a stunning visual transfer and an array of immersive bonus features. Fans of the genre will appreciate the crisp picture quality and behind-the-scenes content that explores the making of this darkly comedic farmhouse nightmare. It is an essential addition for any collector looking to preserve a pivotal piece of underground cinema on their shelf.,BLU-RAY,,,"Horror, Rental",true,Condition,50%,,Serial Number,001A,,,,,191-BLRMOT-50-001A,0.0,shopify,1,deny,manual,0.00,,true,true,,,,,191-BLRMOT-50-001A,https://cdn.shopify.com/s/files/1/0826/6363/7242/files/0-1781289348986.jpg?v=1781289558,1,191-BLRMOT-50-001A,false,,,,,,,,,,,,,
faceless-after-dark,Faceless After Dark,"This evocative fragrance blends spicy top notes with a deep, woodsy base to create a mysterious and sophisticated aura perfect for evening wear. Its long-lasting sillage ensures a captivating presence that lingers throughout the night, making it an ideal choice for those seeking a bold and masculine scent profile.",BLU-RAY,,,"Horror, Rental",true,Condition,50%,,Serial Number,001A,,,,,191-BLRFAC-50-001A,0.0,shopify,1,deny,manual,0.00,,true,true,,,,,191-BLRFAC-50-001A,https://cdn.shopify.com/s/files/1/0826/6363/7242/files/0-1781289277957.jpg?v=1781289557,1,191-BLRFAC-50-001A,false,,,,,,,,,,,,,
the-editor,The Editor,"This specialized tactical tool features a durable carbon steel blade designed for precision cutting and heavy-duty utility tasks. Its ergonomic handle ensures a secure grip during extended use, making it an essential addition to any professional field kit or outdoor gear collection. The sleek, low-profile design offers a perfect balance of functionality and portability for demanding environments.",BLU-RAY,,,"Horror, Rental",true,Condition,50%,,Serial Number,001A,,,,,191-BLRTHD-50-001A,0.0,shopify,1,deny,manual,0.00,,true,true,,,,,191-BLRTHD-50-001A,https://cdn.shopify.com/s/files/1/0826/6363/7242/files/0-1781289219883.jpg?v=1781289554,1,191-BLRTHD-50-001A,false,,,,,,,,,,,,,
v-h-s-2,V/H/S/2,"This anthology sequel delivers a high-octane collection of found-footage segments that push the boundaries of the horror genre with intense pacing and creative practical effects. This high-definition physical release offers superior visual clarity and immersive audio, making it a must-have for collectors of modern cult classics. Experience a diverse range of terrifying stories captured through a uniquely gritty lens that keeps viewers on the edge of their seats.",BLU-RAY,,,"Horror, Rental",true,Condition,50%,,Serial Number,001A,,,,,191-BLRVH2-50-001A,0.0,shopify,1,deny,manual,0.00,,true,true,,,,,191-BLRVH2-50-001A,https://cdn.shopify.com/s/files/1/0826/6363/7242/files/0-1781288844973.jpg?v=1781289551,1,191-BLRVH2-50-001A,false,,,,,,,,,,,,,
v-h-s-85,V/H/S/85,"This cinematic collection delivers a brutal and immersive return to the found-footage genre, capturing the gritty aesthetic of the mid-eighties across five interconnected segments of terror. The high-definition transfer preserves the intentional analog distortion and visceral practical effects, making it a must-have for fans of retro-style horror and anthology storytelling. Explore a dark vision of the past through this unsettling journey into supernatural phenomena and human depravity.",BLU-RAY,,,Horror,true,Condition,50%,,Serial Number,001A,,,,,191-BLRVH5-50-001A,0.0,shopify,1,deny,manual,0.00,,true,true,,,,,191-BLRVH5-50-001A,https://cdn.shopify.com/s/files/1/0826/6363/7242/files/0-1781288751303.jpg?v=1781289549,1,191-BLRVH5-50-001A,false,,,,,,,,,,,,,
v-h-s-94,V/H/S/94,"This terrifying anthology returns the found-footage franchise to its dark roots with a collection of gruesome and imaginative short films. Presented in high definition for the first time, this physical release offers horror fans a gritty, nostalgic aesthetic packed with practical effects and disturbing suburban legends. It is an essential addition for collectors seeking a visceral and immersive journey into lo-fi supernatural terror.",BLU-RAY,,,"Horror, Rental",true,Condition,50%,,Serial Number,001A,,,,,191-BLRVHS-50-001A,0.0,shopify,1,deny,manual,0.00,,true,true,,,,,191-BLRVHS-50-001A,https://cdn.shopify.com/s/files/1/0826/6363/7242/files/0-1781288061169.jpg?v=1781289547,1,191-BLRVHS-50-001A,false,,,,,,,,,,,,,
hobo-with-a-shotgun-collectors-edition,Hobo With A Shotgun (Collector's Edition),"This high-quality collector's accessory features striking graphic artwork inspired by the gritty cult classic film. The durable construction ensures a long-lasting hold on any metallic surface, making it an essential display piece for genre enthusiasts. It serves as a perfect small-scale tribute for fans looking to showcase their appreciation for underground cinema.",BLU-RAY,,,"Horror, Rental",true,Condition,50%,,Serial Number,001A,,,,,191-BLRHOB-50-001A,0.0,shopify,1,deny,manual,0.00,,true,true,,,,,191-BLRHOB-50-001A,https://cdn.shopify.com/s/files/1/0826/6363/7242/files/0-1781288016033.jpg?v=1781289545,1,191-BLRHOB-50-001A,false,,,,,,,,,,,,,
the-paperboy,The Paperboy,This vintage-inspired decorative piece captures a nostalgic sense of history through its intricate craftsmanship and classic design. Its charming character and high-quality build make it a standout addition for any collector or enthusiast of retro-themed decor. The detailed finishes provide a timeless appeal that serves as a perfect conversation starter in any home or office setting.,BLU-RAY,,,"Drama, Rental",true,Condition,50%,,Serial Number,001A,,,,,191-BLRTHP-50-001A,0.0,shopify,1,deny,manual,0.00,,true,true,,,,,191-BLRTHP-50-001A,https://cdn.shopify.com/s/files/1/0826/6363/7242/files/0-1781287920984.jpg?v=1781289543,1,191-BLRTHP-50-001A,false,,,,,,,,,,,,,
cloud-atlas,Cloud Atlas,"This sweeping narrative weaves together six interconnected stories that span from the nineteenth century to a distant post-apocalyptic future. Its unique structure explores themes of fate and human connection through a blend of historical fiction, mystery, and speculative sci-fi. This celebrated work is a must-have for readers who appreciate ambitious storytelling and lyrical prose that challenges the boundaries of traditional literature.",BLU-RAY,,,"Drama, Rental",true,Condition,50%,,Serial Number,001A,,,,,191-BLRCLO-50-001A,0.0,shopify,1,deny,manual,0.00,,true,true,,,,,191-BLRCLO-50-001A,https://cdn.shopify.com/s/files/1/0826/6363/7242/files/0-1781287710441.jpg?v=1781289540,1,191-BLRCLO-50-001A,false,,,,,,,,,,,,,
requiem-for-a-dream-directors-cut,Requiem for a Dream (Director's Cut),"Experience this intense cinematic masterpiece in its rawest form through the restored director's cut, featuring additional footage that deepens the emotional impact of the narrative. This special edition includes a variety of behind-the-scenes featurettes and insightful commentaries that provide a profound look into the making of this visceral psychological drama. Ideal for serious collectors, this high-definition release offers a hauntingly clear presentation of the film's iconic visuals and stirring musical score.",BLU-RAY,,,"Drama, Rental",true,Condition,50%,,Serial Number,001A,,,,,191-BLRREQ-50-001A,0.0,shopify,1,deny,manual,0.00,,true,true,,,,,191-BLRREQ-50-001A,https://cdn.shopify.com/s/files/1/0826/6363/7242/files/0-1781287656723.jpg?v=1781289538,1,191-BLRREQ-50-001A,false,,,,,,,,,,,,,
any-given-sunday-directors-cut,Any Given Sunday (Directors Cut),This director's cut offers an immersive high-definition viewing experience of the intense world of professional football through enhanced visuals and crystalline audio. The release includes exclusive bonus content and deleted scenes that provide a deeper look into the high-stakes drama and iconic performances. It is an essential addition for sports fans and cinematography enthusiasts looking to complete their home media collection with a definitive version of this classic film.,BLU-RAY,,,"Drama, Rental",true,Condition,50%,,Serial Number,001A,,,,,191-BLRANY-50-001A,0.0,shopify,1,deny,manual,0.00,,true,true,,,,,191-BLRANY-50-001A,https://cdn.shopify.com/s/files/1/0826/6363/7242/files/0-1781287539654.jpg?v=1781289535,1,191-BLRANY-50-001A,false,,,,,,,,,,,,,
no-country-for-old-men,No Country for Old Men,"This gripping neo-western thriller follows a hunter who stumbles upon a botched drug deal and a suitcase full of cash, leading to a tense game of cat and mouse across the Texas landscape. The film is celebrated for its haunting atmosphere, masterful cinematography, and an iconic antagonist whose presence creates an unforgettable sense of dread. It is an essential addition for cinema enthusiasts looking to own a modern masterpiece of suspense and storytelling.",BLU-RAY,,,"Drama, Rental",true,Condition,50%,,Serial Number,001A,,,,,191-BLRNOC-50-001A,0.0,shopify,1,deny,manual,0.00,,true,true,,,,,191-BLRNOC-50-001A,https://cdn.shopify.com/s/files/1/0826/6363/7242/files/0-1781287305925.jpg?v=1781289533,1,191-BLRNOC-50-001A,false,,,,,,,,,,,,,
enter-the-void-full-length-directors-cut,Enter the Void (Full-Length Director's Cut),"Experience a visceral cinematic journey through this immersive psychedelic drama, presented in its uncut and complete directorial vision. This edition captures the intense visual storytelling and neon-soaked atmosphere of a transformative afterlife experience in stunning detail. It is a must-have for collectors of avant-garde cinema who appreciate boundary-pushing narratives and innovative camerawork.",BLU-RAY,,,"Drama, Rental",true,Condition,50%,,Serial Number,001A,,,,,191-BLRENT-50-001A,0.0,shopify,1,deny,manual,0.00,,true,true,,,,,191-BLRENT-50-001A,https://cdn.shopify.com/s/files/1/0826/6363/7242/files/0-1781287227357.jpg?v=1781289531,1,191-BLRENT-50-001A,false,,,,,,,,,,,,,
on-the-road,On the Road,This fresh and spicy fragrance captures the essence of a spirited adventure with its unique blend of citrus and woody notes. It offers a sophisticated yet rugged aroma that is perfect for daily wear or special travels. The long-lasting scent profile ensures a memorable impression that feels both modern and timeless.,Unknown,,,"Drama, Rental",true,Condition,50%,,Serial Number,001A,,,,,191-UNKONT-50-001A,0.0,shopify,1,deny,manual,0.00,,true,true,,,,,191-UNKONT-50-001A,https://cdn.shopify.com/s/files/1/0826/6363/7242/files/0-1781287380649.jpg?v=1781289528,1,191-UNKONT-50-001A,false,,,,,,,,,,,,,
killing-them-softly,Killing Them Softly,"This striking graphic t-shirt features a bold illustrative design that adds a contemporary edge to any streetwear collection. Crafted from high-quality cotton for a comfortable fit, it serves as a standout statement piece for casual everyday wear. The minimalist color palette ensures it pairs effortlessly with denim or joggers for a relaxed yet stylized look.",BLU-RAY,,,"Drama, Rental",true,Condition,50%,,Serial Number,001A,,,,,191-BLRKIL-50-001A,0.0,shopify,1,deny,manual,0.00,,true,true,,,,,191-BLRKIL-50-001A,https://cdn.shopify.com/s/files/1/0826/6363/7242/files/0-1781287093469.jpg?v=1781289527,1,191-BLRKIL-50-001A,false,,,,,,,,,,,,,
sin-city-a-dame-to-kill-for,Sin City: A Dame to Kill For,"This hard-boiled graphic novel features stark high-contrast black and white illustrations that define the genre's visual style. The gripping narrative follows a photographer entangled in a web of betrayal and revenge within a decaying urban landscape. It is an essential addition for collectors seeking a gritty, cinematic reading experience from a master of modern noir.",BLU-RAY,,,"Action, Rental",true,Condition,50%,,Serial Number,001A,,,,,191-BLRSIN-50-001A,0.0,shopify,1,deny,manual,0.00,,true,true,,,,,191-BLRSIN-50-001A,https://cdn.shopify.com/s/files/1/0826/6363/7242/files/0-1781286722814.jpg?v=1781286787,1,191-BLRSIN-50-001A,false,,,,,,,,,,,,,
war-for-the-planet-of-the-apes,War for the Planet of the Apes,"This cinematic masterpiece delivers a visually stunning conclusion to an epic science fiction saga, featuring groundbreaking motion-capture technology and a deeply emotional narrative. Collectors and film enthusiasts will appreciate the high-definition picture quality and immersive sound design that bring the intense conflict and sweeping landscapes to life on screen. It is a must-have addition for any home media library seeking a powerful story of survival and leadership.",BLU-RAY,,,"Action, Rental",true,Condition,50%,,Serial Number,001A,,,,,191-BLRWAR-50-001A,0.0,shopify,1,deny,manual,0.00,,true,true,,,,,191-BLRWAR-50-001A,https://cdn.shopify.com/s/files/1/0826/6363/7242/files/0-1781286181832.jpg?v=1781286783,1,191-BLRWAR-50-001A,false,,,,,,,,,,,,,
i-am-legend,I Am Legend,"This versatile graphic tee features a bold and impactful design that serves as a standout conversation piece for any casual ensemble. Made from soft, breathable cotton, it ensures all-day comfort while maintaining a sleek, modern fit that pairs perfectly with denim or joggers. It is an ideal choice for fans of cinematic history looking to add a touch of cult classic flair to their everyday wardrobe.",BLU-RAY,,,"Action, Rental",true,Condition,50%,,Serial Number,001A,,,,,191-BLRIAM-50-001A,0.0,shopify,1,deny,manual,0.00,,true,true,,,,,191-BLRIAM-50-001A,https://cdn.shopify.com/s/files/1/0826/6363/7242/files/0-1781286043259.jpg?v=1781286780,1,191-BLRIAM-50-001A,false,,,,,,,,,,,,,
hercules-extended-cut,Hercules Extended Cut,"Experience the action in stunning high definition with this multi-disc set featuring both the theatrical and extended versions of the epic adventure. This collection includes disc formats for your home theater and a digital code for viewing on the go, along with exclusive behind-the-scenes bonus content. It is the perfect addition for fans of historical fantasy and large-scale cinematic battles.",BLU-RAY,,,Action,true,Condition,50%,,Serial Number,001A,,,,,191-BLRHER-50-001A,0.0,shopify,1,deny,manual,0.00,,true,true,,,,,191-BLRHER-50-001A,https://cdn.shopify.com/s/files/1/0826/6363/7242/files/0-1781285916062.jpg?v=1781286778,1,191-BLRHER-50-001A,false,,,,,,,,,,,,,
we-were-soldiers,We Were Soldiers,This powerful cinematic experience captures the intensity and emotion of large-scale historical conflict through a visceral portrayal of courage and tactical warfare. The film features high-stakes action sequences and a stellar cast that brings a profound sense of humanity to the frontline narrative. It is an essential addition for fans of gripping military dramas who appreciate authentic storytelling and technical mastery in the genre.,BLU-RAY,,,"Drama, Rental",true,Condition,50%,,Serial Number,001A,,,,,191-BLRWEW-50-001A,0.0,shopify,1,deny,manual,0.00,,true,true,,,,,191-BLRWEW-50-001A,https://cdn.shopify.com/s/files/1/0826/6363/7242/files/0-1781286119824.jpg?v=1781286777,1,191-BLRWEW-50-001A,false,,,,,,,,,,,,,
over-the-top,Over The Top,This high-definition physical media release delivers superior picture quality and crisp audio for an immersive home cinema experience. It features must-have bonus content and behind-the-scenes footage that provides fans with a deeper look into the production. This disc is a perfect addition for collectors looking to preserve a favorite title in the highest possible resolution.,BLU-RAY,,,"Action, Rental",true,Condition,50%,,Serial Number,001A,,,,,191-BLROVE-50-001A,0.0,shopify,1,deny,manual,0.00,,true,true,,,,,191-BLROVE-50-001A,https://cdn.shopify.com/s/files/1/0826/6363/7242/files/0-1781285825063.jpg?v=1781286775,1,191-BLROVE-50-001A,false,,,,,,,,,,,,,
speed-racer,Speed Racer,"Experience the high-octane thrills of this visually stunning cinematic adventure featuring vibrant colors and gravity-defying racing sequences. This widescreen edition offers an immersive home theater experience that captures every detail of the stylized, futuristic landscapes and intense competition. Perfect for families and fans of stylized action, this film delivers a heartwarming story wrapped in a cutting-edge aesthetic.",DVD,,,"Kids & Family, Rental",true,Condition,50%,,Serial Number,001A,,,,,191-BLRSPE-50-001A,0.0,shopify,1,deny,manual,0.00,,true,true,,,,,191-BLRSPE-50-001A,https://cdn.shopify.com/s/files/1/0826/6363/7242/files/0-1781285687045.jpg?v=1781286772,1,191-BLRSPE-50-001A,false,,,,,,,,,,,,,
speed-racer,,,,,,,,,Standard,,,001A,,,,,191-DVDSPE-001A,0.0,shopify,1,deny,manual,0.00,,true,true,,,,,191-DVDSPE-001A,https://cdn.shopify.com/s/files/1/0826/6363/7242/files/0-1782252168933.jpg?v=1782253811,2,191-DVDSPE-001A,,,,,,,,,,,,,,
wrath-of-the-titans,Wrath of the Titans,Experience the epic continuation of a cinematic mythic saga with this high-definition home media release. The action-packed adventure features breathtaking visual effects and intense mythological battles that bring ancient legends to life on screen. This disc is a must-have for fans of fantasy spectacle and collectors of blockbuster cinema looking for an immersive viewing experience.,BLU-RAY,,,"Action, Rental",true,Condition,50%,,Serial Number,001A,,,,,191-BLRWRA-50-001A,0.0,shopify,1,deny,manual,0.00,,true,true,,,,,191-BLRWRA-50-001A,https://cdn.shopify.com/s/files/1/0826/6363/7242/files/0-1781285627907.jpg?v=1781286771,1,191-BLRWRA-50-001A,false,,,,,,,,,,,,,
gamer-2-disc-special-edition-w-digital-copy,Gamer (2-Disc Special Edition w Digital Copy),This two disc special edition features the complete high definition presentation and a standalone digital copy for viewing on multiple devices. The set includes a variety of behind the scenes documentaries and bonus footage that offer an immersive look into the film's production and visual effects. It is a perfect addition for collectors seeking the highest quality playback along with versatile portability for their media library.,BLU-RAY,,,Action,true,Condition,50%,,Serial Number,001A,,,,,191-BLRGAM-50-001A,0.0,shopify,1,deny,manual,0.00,,true,true,,,,,191-BLRGAM-50-001A,https://cdn.shopify.com/s/files/1/0826/6363/7242/files/0-1781285568538.jpg?v=1781286768,1,191-BLRGAM-50-001A,false,,,,,,,,,,,,,
cliffhanger,Cliffhanger,"This innovative training board features a variety of edge depths and grip positions designed to challenge upper body strength and finger endurance. Its smooth, durable finish ensures long sessions without excessive skin irritation, making it an essential addition to any dedicated climbing gym or home setup. The sleek, compact profile allows for easy installation above a doorway or on a sturdy wall for convenient daily practice.",BLU-RAY,,,"Action, Rental",true,Condition,50%,,Serial Number,001A,,,,,191-BLRCLI-50-001A,0.0,shopify,1,deny,manual,0.00,,true,true,,,,,191-BLRCLI-50-001A,https://cdn.shopify.com/s/files/1/0826/6363/7242/files/0-1781285487075.jpg?v=1781286767,1,191-BLRCLI-50-001A,false,,,,,,,,,,,,,
sicario-day-of-the-soldado,Sicario: Day of the Soldado,"This gripping motion picture follows an intense high-stakes mission along the border, presented in stunning high-definition clarity. The disc includes immersive audio tracks and exclusive behind-the-scenes featurettes that provide a deeper look into the making of this gritty action sequel. It is a must-have addition for fans of tense crime dramas and cinematic thrillers looking for a premium home viewing experience.",BLU-RAY,,,"Action, Rental",true,Condition,50%,,Serial Number,001A,,,,,191-BLRSCR-50-001A,0.0,shopify,1,deny,manual,0.00,,true,true,,,,,191-BLRSCR-50-001A,https://cdn.shopify.com/s/files/1/0826/6363/7242/files/0-1781285396521.jpg?v=1781286764,1,191-BLRSCR-50-001A,false,,,,,,,,,,,,,
sicario,Sicario,Experience the intense atmosphere and stunning cinematography of this high-stakes thriller in crystal clear high definition. This disc includes exclusive behind-the-scenes featurettes and insightful interviews that provide a deeper look into the filmmaking process. It is a must-have addition for any collector of gritty crime dramas and suspenseful cinema.,BLU-RAY,,,"Action, Rental",true,Condition,70%,,Serial Number,001A,,,,,191-BLRSIC-70-001A,0.0,shopify,1,deny,manual,0.00,,true,true,,,,,191-BLRSIC-70-001A,https://cdn.shopify.com/s/files/1/0826/6363/7242/files/0-1781285336271.jpg?v=1781286762,1,191-BLRSIC-70-001A,false,,,,,,,,,,,,,
cowboys-aliens-extended-edition,Cowboys & Aliens (Extended Edition),"This high-definition disc features the extended version of the unique genre-bending thriller, offering additional footage and intense action sequences not seen in theaters. The cinematic visuals and immersive audio quality bring the rugged landscape and otherworldly encounters to life for a premium home viewing experience. This collectible edition is a must-have for fans looking to dive deeper into the gritty atmosphere and innovative storytelling of this sci-fi western fusion.",BLU-RAY,,,"Action, Rental",true,Condition,50%,,Serial Number,001A,,,,,191-BLRCOW-50-001A,0.0,shopify,1,deny,manual,0.00,,true,true,,,,,191-BLRCOW-50-001A,https://cdn.shopify.com/s/files/1/0826/6363/7242/files/0-1781285286175.jpg?v=1781286760,1,191-BLRCOW-50-001A,false,,,,,,,,,,,,,
kick-ass,Kick-Ass,"Experience the unfiltered action and dark humor of this modern cult classic in stunning high definition. This disc delivers crisp visual clarity and immersive audio that brings the gritty, stylized world of amateur heroism to life in your home theater. It is a must-have addition for any collector looking to enjoy high-octane storytelling with vibrant cinematography and pulse-pounding sound.",BLU-RAY,,,"Action, Rental",true,Condition,50%,,Serial Number,001A,,,,,191-BLRKIC-50-001A,0.0,shopify,1,deny,manual,0.00,,true,true,,,,,191-BLRKIC-50-001A,https://cdn.shopify.com/s/files/1/0826/6363/7242/files/0-1781285198594.jpg?v=1781286757,1,191-BLRKIC-50-001A,false,,,,,,,,,,,,,
bumblebee,Bumblebee,"Experience high-definition visual effects and heart-pounding action with this cinematic adventure on disc. This release features a thrilling origin story filled with humor and emotion, making it a perfect addition to any sci-fi film collection. The set includes premium picture quality and immersive audio to bring the blockbuster spectacle directly to your home theater.",BLU-RAY,,,"Action, Rental",true,Condition,50%,,Serial Number,001A,,,,,191-BLRBUM-50-001A,0.0,shopify,1,deny,manual,0.00,,true,true,,,,,191-BLRBUM-50-001A,https://cdn.shopify.com/s/files/1/0826/6363/7242/files/0-1781285119511.jpg?v=1781286755,1,191-BLRBUM-50-001A,false,,,,,,,,,,,,,
terminator-dark-fate,Terminator: Dark Fate,"Experience high-stakes action and cutting-edge visual effects with this multi-format home media set featuring the high-definition cinematic cut and standard disc versions. This collection includes a digital redemption code for viewing on the go and offers behind-the-scenes bonus content that explores the franchise’s newest chapter. It is a must-have for sci-fi enthusiasts looking to complete their library with a crisp, theater-quality viewing experience.",BLU-RAY,,,"Rental, Sci-Fi",true,Condition,50%,,Serial Number,001A,,,,,191-BLRTER-50-001A,0.0,shopify,1,deny,manual,0.00,,true,true,,,,,191-BLRTER-50-001A,https://cdn.shopify.com/s/files/1/0826/6363/7242/files/0-1781284977431.jpg?v=1781286753,1,191-BLRTER-50-001A,false,,,,,,,,,,,,,
remote,Remote,,VHS,Uncategorized,,"Floor Sale, Kids & Family",true,Condition,50%,,Serial Number,001A,,,,,191-VHSREM-50-001A,0.0,shopify,1,deny,manual,16.00,,true,true,,,,,191-VHSREM-50-001A,https://cdn.shopify.com/s/files/1/0826/6363/7242/files/0-1781817719352.jpg?v=1781818089,1,191-VHSREM-50-002A,false,,,,,,,,,,,,,
blank-check,Blank Check,"This classic 1990s family comedy follows the adventures of a young boy who accidentally comes into a large fortune and lives out every child's ultimate fantasy. The physical media format offers a nostalgic viewing experience for collectors and fans of golden-era live-action cinema. It comes in its original protective clamshell case, making it an ideal addition to any vintage film library.",VHS,Uncategorized,,"Floor Sale, Kids & Family",true,Condition,50%,,Serial Number,001A,,,,,191-VHSBLA-50-001A,0.0,shopify,1,deny,manual,6.00,,true,true,,,,,191-VHSBLA-50-001A,,,,false,,,,,,,,,,,,,
the-rugrats-movie,The Rugrats Movie,,VHS,Uncategorized,,"Floor Sale, Kids & Family",false,Title,Default Title,,,,,,,,,0.0,shopify,1,deny,manual,7.00,,true,true,,,,,55318522,,,,false,,,,,,,,,,,,,
a-bugs-life,A Bug's Life,,VHS,Uncategorized,,"Floor Sale, Kids & Family",false,Title,Default Title,,,,,,,,,0.0,shopify,1,deny,manual,8.00,,true,true,,,,,40048634,,,,false,,,,,,,,,,,,,
journey-of-natty-gann,Journey of Natty Gann,,VHS,Uncategorized,,"Floor Sale, Kids & Family",false,Title,Default Title,,,,,,,,,0.0,shopify,1,deny,manual,5.00,,true,true,,,,,14129146,,,,false,,,,,,,,,,,,,
all-i-want,All I Want,"All I Want follows 17-year-old misfit Jones Dillon (Elijah Wood) as he drops out of college and becomes entangled in the lives of his quirky new neighbors, including characters played by Franka Potente and Mandy Moore. While navigating independence, his mother (Elizabeth Perkins), and his own overactive imagination, a sudden auto accident forces him to grow up.",VHS,,,"Drama, Rental",false,Condition,50%,,Serial Number,001A,,,,,191-VHSALL-50-001A,0.0,shopify,1,deny,manual,0.00,,true,true,,,,,191-VHSALL-50-001A,,,,false,,,,,,,,,,,,,
assassination-tango,Assassination Tango,"Assassination Tango (2002) follows a seasoned American hitman on assignment in Argentina whose mission is delayed, leading him into the captivating world of tango through a local dancer. Mixing crime thriller elements with a meditative exploration of dance and culture, it’s a personal project by Robert Duvall. While performances and tango scenes earn praise, critics note its slow pacing and lack of narrative cohesion, making it more appealing to Duvall fans or tango enthusiasts than to mainstream thriller audiences.",VHS,Uncategorized,,"Rental, Thriller",true,Condition,50%,,Serial Number,001A,,,,,191-UNKASS-50-001A,0.0,shopify,1,deny,manual,0.00,,true,true,,,,,191-UNKASS-50-001A,https://cdn.shopify.com/s/files/1/0826/6363/7242/files/0-1780415614538.jpg?v=1780598858,1,191-UNKASS-50-001A,false,,,,,,,,,,,,,
liar-liar-vhs-video-tape,Liar Liar,"Liar Liar is a fast-paced 1997 comedy about a self-absorbed lawyer whose young son’s birthday wish forces him to tell the truth for 24 hours, leading to chaotic consequences in court and at home. Fronted by Jim Carrey’s energetic, physical performance, it blends slapstick, sharp one-liners, and a heartfelt message about family. Widely praised for Carrey’s comedic brilliance, it remains a funny, feel-good watch worth revisiting.",VHS,Uncategorized,,"Comedy, Rental",false,Condition,50%,,Serial Number,001A,,,,,191-NKNLIA-50-001A,0.0,shopify,1,deny,manual,0.00,,true,true,,,,,191-NKNLIA-50-001A,,,,false,,,,,,,,,,,,,
andre,Andre,"Andre (1994) is a heartwarming family film inspired by the true story of a harbor seal who forms an unbreakable bond with a young girl and her family in a Maine fishing town. As the seal's playful antics win local hearts but stir tensions with fishermen, the movie blends gentle humor, adventure, and touching moments. While more sentimental than complex, it’s a charming, feel-good story worth watching for families and animal lovers.",VHS,,,"Kids & Family, Rental",true,Condition,50%,,Serial Number,001A,,,,,191-VHSAND-50-001A,0.0,shopify,1,deny,manual,0.00,,true,true,,,,,191-VHSAND-50-001A,https://cdn.shopify.com/s/files/1/0826/6363/7242/files/0-1780419015526.jpg?v=1780598853,1,191-VHSAND-50-001A,false,,,,,,,,,,,,,
age-isnt-everything,Age Isn't Everything,"Age Isn’t Everything is a 1991 comedy about Seymour, a young man who abandons his dream of becoming an astronaut to follow a preset career path, only to mysteriously start feeling and acting like an elderly man overnight. Mixing satire, fantasy, and light drama, it playfully warns about compromising personal dreams for societal expectations. Reviews are mixed, with charm in its odd premise but limited in comedic impact, appealing mainly to fans of quirky 90s comedies.",VHS,,,"Comedy, Rental",true,Condition,50%,,Serial Number,001A,,,,,191-VHSAGE-50-001A,0.0,shopify,1,deny,manual,0.00,,true,true,,,,,191-VHSAGE-50-001A,https://cdn.shopify.com/s/files/1/0826/6363/7242/files/0-1780419787281.jpg?v=1780598851,1,191-VHSAGE-50-001A,false,,,,,,,,,,,,,
avalanche,Avalanche,"Avalanche (1978) is a disaster thriller set at a ski resort where a grand opening turns to chaos after a deadly avalanche hits. As survivors, including the resort owner and his ex-wife, navigate rescue efforts amid destruction, tensions and personal stakes rise. Despite big-name stars and dramatic survival elements, it’s remembered for campy execution and dated effects, making it entertaining more as a “so-bad-it’s-good” watch than a gripping disaster epic.",VHS,,,"Rental, Supercycle product, Thriller",true,Condition,50%,,Serial Number,001A,,,,,191-VHSAVA-50-001A,0.0,,1,deny,manual,0.00,,true,true,,,,,191-VHSAVA-50-001A,https://cdn.shopify.com/s/files/1/0826/6363/7242/files/0-1780420726472.jpg?v=1780598850,1,191-VHSAVA-50-001A,false,,,,,,,,,,,,1,
overboard-vhs-1987-goldie-hawn-kurt-russell,Overboard Vhs 1987 Goldie Hawn Kurt Russell,"Overboard (1987) is a romantic comedy in which a spoiled heiress loses her memory after falling off her yacht, only to be taken in by a working-class carpenter she once wronged. As she adapts to an unfamiliar life, comedic and heartfelt moments ensue, bolstered by the irresistible chemistry of Goldie Hawn and Kurt Russell. Predictable yet charming, it’s a feel-good ’80s classic worth watching for its humor, warmth, and rewatchable appeal.",VHS,,,"Comedy, Rental",false,Condition,50%,,Serial Number,001A,,,,,191-VHSOVE-50-001A,0.0,shopify,1,deny,manual,0.00,,true,true,,,,,191-VHSOVE-50-001A,,,,false,,,,,,,,,,,,,
american-splendor,American Splendor,"American Splendor blends fiction, documentary, and animation to portray the life of comic book writer Harvey Pekar, chronicling his everyday struggles, quirky relationships, and unlikely rise to underground fame. Paul Giamatti and Hope Davis deliver standout performances alongside the real Pekar and Joyce Brabner. Acclaimed for its inventive style and wry, heartfelt look at an ordinary life, it’s widely considered a clever, moving, and worthwhile watch.",VHS,,,"Comedy, Rental",false,Condition,50%,,Serial Number,001A,,,,,191-VHSAMR-50-001A,0.0,shopify,1,deny,manual,0.00,,true,true,,,,,191-VHSAMR-50-001A,,,,false,,,,,,,,,,,,,
grease,Grease,"Grease (1978) is a lively musical romantic comedy that follows the unexpected reunion of summer sweethearts Sandy and Danny when they discover they’re attending the same high school. Set in the flashy, fun world of 1950s teen cliques, it blends infectious song-and-dance numbers with nostalgic charm. Worth watching for its charismatic leads, iconic soundtrack, and enduring feel-good energy, it remains one of the most beloved musicals in cinema history.",VHS,,,"Musical, Rental",false,Condition,50%,,Serial Number,001A,,,,,191-VHSGRE-50-001A,0.0,shopify,1,deny,manual,0.00,,true,true,,,,,191-VHSGRE-50-001A,,,,false,,,,,,,,,,,,,
bring-it-on,Bring It On,"<p>Bring It On (2000) follows newly elected high school cheer captain Torrance Shipman as she leads her squad toward a national title, only to discover their winning routines were stolen from a rival team. Blending teen comedy, sports drama, and a touch of romance, it’s a spirited, fast-paced film with charismatic performances, vibrant choreography, and light social commentary, making it a fun and rewatchable cult favorite despite its predictable beats.</p>",VHS,Uncategorized,,"Comedy, Rental",false,Condition,50%,,Serial Number,001A,,,,,191-VHSBRN-50-001A,0.0,shopify,1,deny,manual,0.00,,true,true,,,,,191-VHSBRN-50-001A,,,,false,,,,,,,,,,,,,
the-talented-mr-ripley-vhs-2000,"The Talented Mr. Ripley (vhs, 2000)","The Talented Mr. Ripley follows Tom Ripley, a young man whose chance meeting with a wealthy shipbuilder leads to a journey to Italy to retrieve his playboy son. Immersed in a world of luxury, Tom becomes enthralled by the lifestyle and dangerously entangled in lies to keep it. With stunning 1950s settings, nuanced performances, and tense psychological drama, this is a stylish, unsettling thriller worth watching for fans of character-driven suspense.",Unknown Brand,,,"Rental, Thriller",false,Condition,50%,,Serial Number,001A,,,,,191-NKNTHT-50-001A,0.0,shopify,1,deny,manual,0.00,,true,true,,,,,191-NKNTHT-50-001A,,,,false,,,,,,,,,,,,,
housesitter,Housesitter,"Housesitter (1992) is a romantic comedy about an architect whose life is upended when a charming con artist moves into his dream house and pretends to be his wife. As their elaborate ruse unfolds, it sparks comedic misunderstandings, emotional surprises, and unexpected romance. Praised for the witty script and the sparkling chemistry between Steve Martin and Goldie Hawn, it’s a light, feel-good film worth watching for fans of classic screwball charm.",VHS,,,"Comedy, Rental",false,Condition,50%,,Serial Number,001A,,,,,191-VHSHOU-50-001A,0.0,shopify,1,deny,manual,0.00,,true,true,,,,,191-VHSHOU-50-001A,,,,false,,,,,,,,,,,,,
3-strikes,3 Strikes,"3 Strikes is a 2000 comedy about Rob Douglas, a man just out of prison with two prior convictions who’s desperate to avoid California’s harsh “three strikes” law. When a friend inadvertently entangles him in more trouble, Rob is forced to clear his name while evading arrest.",VHS,,,"Comedy, Rental",false,Condition,50%,,Serial Number,001A,,,,,191-VHS3ST-50-001A,0.0,shopify,1,deny,manual,0.00,,true,true,,,,,191-VHS3ST-50-001A,,,,false,,,,,,,,,,,,,
how-to-kill-your-neighbors-dog,How To Kill Your Neighbor's Dog,"This quirky dark comedy follows a misanthropic playwright struggling with writer’s block, insomnia, and an annoying neighbor. It offers a witty and cynical look at artistic frustration and unexpected friendships through a sharp, satirical lens.",VHS,,,"Comedy, Rental",false,Condition,50%,,Serial Number,002A,,,,,191-VHSHOW-50-002A,0.0,shopify,1,deny,manual,0.00,,true,true,,,,,191-VHSHOW-50-002A,,,,false,,,,,,,,,,,,,
k-9-pi,K-9 Pi,"K-9: P.I. (2002) follows retired LAPD detective Thomas Dooley and his loyal police dog, Jerry Lee, as they stumble into a high-tech robbery and become suspects. With his pension frozen, Dooley turns private investigator to clear their names and solve the case. Mixing lighthearted comedy with crime action, it offers easygoing entertainment for fans of buddy cop and dog movies, though critics note it’s predictable and lacks the charm of earlier entries.",VHS,,,"Comedy, Rental",false,Condition,50%,,Serial Number,001A,,,,,191-VHSK9P-50-001A,0.0,shopify,1,deny,manual,0.00,,true,true,,,,,191-VHSK9P-50-001A,,,,false,,,,,,,,,,,,,
johnny-suede-1991,Johnny Suede 1991,"Johnny Suede follows a quirky young man with an enormous pompadour and dreams of becoming a rock 'n' roll star like Ricky Nelson. Lacking direction but clinging to a stylish persona, he drifts through odd encounters and romantic missteps in a surreal slice-of-life set in New York. With Brad Pitt in an early role and a distinct indie sensibility, it’s stylish and idiosyncratic—worth a look for fans of offbeat, character-driven films, though its meandering pace isn’t for everyone.",VHS,,,"Comedy, Rental",false,Condition,50%,,Serial Number,001A,,,,,191-VHSJOH-50-001A,0.0,shopify,1,deny,manual,0.00,,true,true,,,,,191-VHSJOH-50-001A,,,,false,,,,,,,,,,,,,
the-marx-brothers-in-the-coconuts,The Marx Brothers In The Coconuts,"The Cocoanuts (1929) is the Marx Brothers’ first feature film, a pre-Code musical comedy set in a Florida hotel during the land boom. Groucho’s wheeling-and-dealing hotelier, aided and hindered by Harpo, Chico, and Zeppo, gets caught up in land sales, romantic entanglements, and a jewel theft. Though dated and stage-bound, it’s celebrated for classic routines like the “Why a Duck?” scene, lively slapstick, and historical value, making it worthwhile for fans of vintage comedy.",VHS,,,"Comedy, Floor Sale",false,Condition,50%,,Serial Number,001A,,,,,191-VHSTH6-50-001A,0.0,shopify,1,deny,manual,4.00,,true,true,,,,,191-VHSTH6-50-001A,,,,false,,,,,,,,,,,,,
the-man-in-the-moon,The Man In The Moon,,VHS,,,"Drama, Rental",false,Condition,50%,,Serial Number,001A,,,,,191-VHSTHM-50-001A,0.0,shopify,1,deny,manual,0.00,,true,true,,,,,191-VHSTHM-50-001A,,,,false,,,,,,,,,,,,,
get-shorty,Get Shorty,"Relive this classic nineties crime comedy featuring a star-studded cast in its original physical format. This vintage tape comes in its authentic clamshell case, making it a perfect addition for collectors of cinematic memorabilia. Experience the nostalgic charm of analog playback with this well-maintained genre-bending favorite.",VHS,,,"Comedy, Floor Sale",true,Condition,50%,,Serial Number,001A,,,,,191-VHSGET-50-001A,0.0,shopify,1,deny,manual,0.00,,true,true,,,,,191-VHSGET-50-001A,,,,false,,,,,,,,,,,,,
get-shorty,,,,,,,,,Standard,,,002A,,,,,191-VHSGET-002A,0.0,shopify,1,deny,manual,4.00,,true,true,,,,,191-VHSGET-002A,,,,,,,,,,,,,,,,,
bring-it-on-again,Bring it On Again,"Bring It On Again (2004) follows college freshman Whittier, whose dream of joining her school’s top cheer squad sours under a power‑hungry captain. Quitting with her best friend, she rallies a group of campus misfits into a new team, determined to challenge the elites in a high‑energy cheer‑off. Light, predictable, and playful, it leans on underdog charm—best for casual teen comedy fans rather than those seeking depth.",VHS,,,"Comedy, Rental",false,Condition,50%,,Serial Number,001A,,,,,191-VHSBRI-50-001A,0.0,shopify,1,deny,manual,0.00,,true,true,,,,,191-VHSBRI-50-001A,,,,false,,,,,,,,,,,,,
phenomenon,Phenomenon,"This classic 1990s science fiction drama explores the extraordinary transformation of a small-town mechanic after witnesssing a mysterious light in the sky. Housed in its original slipcase, this vintage home video release offers a nostalgic viewing experience for collectors of supernatural cinema and heartfelt storytelling. It is a perfect addition for fans of character-driven narratives that delve into the limits of human intelligence and the power of the communal spirit.",VHS,,,"Drama, Floor Sale",false,Condition,50%,,Serial Number,002A,,,,,191-VHSPHE-50-002A,0.0,shopify,1,deny,manual,5.00,,true,true,,,,,191-VHSPHE-50-002A,,,,false,,,,,,,,,,,,,
chuck-buck,Chuck & Buck,"Chuck &amp; Buck follows two childhood friends whose adult lives have diverged sharply—Chuck has moved on to a polished career, while Buck remains stuck in adolescence and develops an unsettling fixation on rekindling their past bond. This darkly comic psychological drama blends discomfort, poignancy, and offbeat humor, earning critical praise for its originality, layered performances, and unsettling exploration of boundaries.",Unknown,,,"Comedy, Rental",true,Condition,50%,,Serial Number,001A,,,,,191-UNKCHU-50-001A,0.0,shopify,1,deny,manual,0.00,,true,true,,,,,191-UNKCHU-50-001A,https://cdn.shopify.com/s/files/1/0826/6363/7242/files/0-1780437450597.jpg?v=1780598826,1,191-UNKCHU-50-001A,false,,,,,,,,,,,,,
angel-eyes,Angel Eyes,,VHS,,,"Drama, Floor Sale",true,Condition,50%,,Serial Number,001A,,,,,191-VHSANG-50-001A,0.0,shopify,1,deny,manual,4.00,,true,true,,,,,191-VHSANG-50-001A,https://cdn.shopify.com/s/files/1/0826/6363/7242/files/0-1780437248643.jpg?v=1780598824,1,191-VHSANG-50-001A,false,,,,,,,,,,,,,
another-day-in-paradise,Another Day in Paradise,"This relaxed graphic tee features a classic crew neck and a lightweight cotton construction for all-day comfort. Its vibrant tropical screen print adds a laid-back, summery vibe that pairs effortlessly with your favorite denim or shorts. An ideal choice for casual outings, this piece brings a touch of vacation-ready style to any everyday wardrobe.",VHS,,,"Drama, Floor Sale",true,Condition,50%,,Serial Number,001A,,,,,191-VHSANO-50-001A,0.0,shopify,1,deny,manual,3.00,,true,true,,,,,191-VHSANO-50-001A,https://cdn.shopify.com/s/files/1/0826/6363/7242/files/0-1780437087365.jpg?v=1780598825,1,191-VHSANO-50-001A,false,,,,,,,,,,,,,
angel-baby,Angel Baby,"Angel Baby follows a grieving couple who retreat to a secluded cabin after the loss of their stillborn twins, only for the wife to sense an unsettling presence as dark secrets emerge. Blending psychological horror and thriller elements, it aims for a tense, atmospheric experience.",Unknown,,,"Rental, Thriller",true,Condition,50%,,Serial Number,001A,,,,,191-UNKANG-50-001A,0.0,shopify,1,deny,manual,0.00,,true,true,,,,,191-UNKANG-50-001A,https://cdn.shopify.com/s/files/1/0826/6363/7242/files/0-1780436842769.jpg?v=1780598821,1,191-UNKANG-50-001A,false,,,,,,,,,,,,,
backtrack-1992-directors-cut,BackTrack (1992 Director's Cut),"Experience this gripping psychological thriller in its definitive version, featuring extended scenes and the original creative vision for the narrative. This rare home video release offers classic suspense and stylized cinematography that will appeal to serious film collectors and fans of neo-noir. It is a must-have addition for those looking to own a unique piece of nineties independent cinema history.",VHS,,,"Floor Sale, Thriller",true,Condition,50%,,Serial Number,001A,,,,,191-VHSBCK-50-001A,0.0,shopify,1,deny,manual,6.00,,true,true,,,,,191-VHSBCK-50-001A,https://cdn.shopify.com/s/files/1/0826/6363/7242/files/0-1780436584746.jpg?v=1780598819,1,191-VHSBCK-50-001A,false,,,,,,,,,,,,,
an-african-dream,An African Dream,A moving portrayal of love and hope struggling to survive the torturous nightmare of colonial prejudice. A story of a warped and twisted system hellbent on destroying a relationship that threatens its very existence.,VHS,,,"Drama, Rental",true,Condition,50%,,Serial Number,001A,,,,,191-VHSNFR-50-001A,0.0,shopify,1,deny,manual,0.00,,true,true,,,,,191-VHSNFR-50-001A,https://cdn.shopify.com/s/files/1/0826/6363/7242/files/0-1780434979171.jpg?v=1780598817,1,191-VHSNFR-50-001A,false,,,,,,,,,,,,,
an-american-summer-vhs,An American Summer [vhs],"Divorcing Chicago parents send their only son to live with his aunt in Los Angeles for the summer, where he befriends a local, learns to surf, gets a girlfriend, and witnesses a murder.",VHS,,,"Drama, Rental",false,Condition,50%,,Serial Number,001A,,,,,191-VHSNMR-50-001A,0.0,shopify,1,deny,manual,0.00,,true,true,,,,,191-VHSNMR-50-001A,,,,false,,,,,,,,,,,,,
mr-death-the-rise-and-fall-of-fred-a-leuchter-jr,"Mr. Death: The Rise and Fall of Fred A. Leuchter, Jr.",This thought-provoking documentary explores the controversial life of an execution technician through masterfully composed interviews and atmospheric cinematography. The film provides a chilling ethical deep dive that is essential for collectors of investigative cinema and historical portraits. This physical media edition offers a permanent way to experience this acclaimed director’s unique narrative style and clinical aesthetic.,VHS,Uncategorized,,"Comedy, Floor Sale",true,Condition,50%,,Serial Number,002A,,,,,191-VHSMRD-50-002A,0.0,shopify,1,deny,manual,8.00,,true,true,,,,,191-VHSMRD-50-002A,https://cdn.shopify.com/s/files/1/0826/6363/7242/files/0-1780424038650.jpg?v=1780598814,1,191-VHSMRD-50-002A,false,,,,,,,,,,,,,
american-movie,American Movie,Experience this gripping cinematic journey that captures a quintessential slice of the national landscape through powerful storytelling and evocative imagery. This physical media release is a must-have for film enthusiasts looking to add a thought-provoking and culturally significant drama to their home collection. The compelling performances and masterful direction ensure a memorable viewing experience from start to finish.,VHS,Uncategorized,,"Comedy, Floor Sale",true,Condition,50%,,Serial Number,001A,,,,,191-VHSAM2-50-001A,0.0,shopify,1,deny,manual,6.00,,true,true,,,,,191-VHSAM2-50-001A,https://cdn.shopify.com/s/files/1/0826/6363/7242/files/0-1780424082874.jpg?v=1780598812,1,191-VHSAM2-50-001A,false,,,,,,,,,,,,,
missing-link-peter-elliot-vhs-rare-1st-edition-original-release-1989-mca,Missing Link Peter Elliot Vhs Rare 1st Edition Original Release 1989 Mca,,VHS,,,"Floor Sale, Sci-Fi",true,Condition,50%,,Serial Number,001A,,,,,191-VHSMIS-50-001A,0.0,shopify,1,deny,manual,19.00,,true,true,,,,,191-VHSMIS-50-001A,https://cdn.shopify.com/s/files/1/0826/6363/7242/files/0-1780423894895.jpg?v=1780598810,1,191-VHSMIS-50-001A,false,,,,,,,,,,,,,
ufos-it-has-begun-vhs-1989-vci-burgess-meredith-rod-serling-documentary-mlnc,Ufos: It Has Begun,This vintage 1989 documentary offers a deep dive into the unexplained through compelling witness accounts and historical footage narrated by two legendary icons of the screen. It is an essential addition for fans of classic paranormal investigative media and collectors of rare eighties era home video releases. The atmospheric production and nostalgic presentation capture a unique moment in high stakes ufology and speculative storytelling.,Unknown Brand,Uncategorized,,"Floor Sale, Sci-Fi",true,Condition,50%,,Serial Number,001A,,,,,191-VHSUFO-50-001A,0.0,shopify,1,deny,manual,22.00,,true,true,,,,,191-VHSUFO-50-001A,https://cdn.shopify.com/s/files/1/0826/6363/7242/files/0-1780423780129.jpg?v=1780598808,1,191-VHSUFO-50-001A,false,,,,,,,,,,,,,
assassin,Assassin,,VHS,Uncategorized,,"Floor Sale, Sci-Fi",true,Condition,50%,,Serial Number,002A,,,,,191-VHSASS-50-002A,0.0,shopify,1,deny,manual,7.00,,true,true,,,,,191-VHSASS-50-002A,https://cdn.shopify.com/s/files/1/0826/6363/7242/files/0-1780420165407.jpg?v=1780598804,1,191-VHSASS-50-002A,false,,,,,,,,,,,,,
armed-and-dangerous,Armed and Dangerous,"This vintage physical media collectible comes housed in its original large format clamshell case, featuring the iconic artwork from the film's theatrical release. It is a nostalgic choice for movie buffs and collectors looking to preserve the golden era of home entertainment on their shelf. The tape provides an authentic analog viewing experience that captures the distinct charm of eighties cinema.",VHS,Uncategorized,,"Comedy, Floor Sale",true,Condition,50%,,Serial Number,001A,,,,,191-VHSARM-50-001A,0.0,shopify,1,deny,manual,6.00,,true,true,,,,,191-VHSARM-50-001A,https://cdn.shopify.com/s/files/1/0826/6363/7242/files/0-1780419582074.jpg?v=1780598801,1,191-VHSARM-50-001A,false,,,,,,,,,,,,,
at-first-sight,At First Sight,"Explore a romantic and suspenseful narrative that delves into the complexities of human connection and unexpected attraction. This compelling read offers a blend of emotional depth and high stakes, making it an ideal choice for fans of contemporary drama and intrigue. Its fast-paced storytelling and relatable characters ensure an immersive experience from the very first chapter.",Unknown,,,"Drama, Rental",true,Condition,50%,,Serial Number,001A,,,,,191-UNKATF-50-001A,0.0,shopify,1,deny,manual,0.00,,true,true,,,,,191-UNKATF-50-001A,https://cdn.shopify.com/s/files/1/0826/6363/7242/files/0-1780419437775.jpg?v=1780598799,1,191-UNKATF-50-001A,false,,,,,,,,,,,,,
an-angel-at-my-table,An Angel at My Table,"An Angel at My Table is Jane Campion’s deeply human portrait of acclaimed New Zealand author Janet Frame, tracing her journey from a humble, tragedy-marked childhood through years of misdiagnosis and institutionalisation to literary success. Filmed with visual lyricism and emotional restraint, it avoids melodrama, offering an engrossing, compassionate character study. Critically lauded, it’s widely considered a moving, rewarding watch for those who appreciate intimate, artful biographical dramas.",VHS,,,"Drama, Rental",true,Condition,50%,,Serial Number,001A,,,,,191-VHSANA-50-001A,0.0,shopify,1,deny,manual,0.00,,true,true,,,,,191-VHSANA-50-001A,https://cdn.shopify.com/s/files/1/0826/6363/7242/files/0-1780419104631.jpg?v=1780598796,1,191-VHSANA-50-001A,false,,,,,,,,,,,,,
apt-pupil,Apt Pupil,"Apt Pupil (1998) follows an academically gifted teen who discovers his elderly neighbor is a fugitive Nazi war criminal and coerces him into sharing dark stories from his past, sparking a disturbing psychological game between them. Directed by Bryan Singer and based on Stephen King’s novella, it’s praised for strong performances, especially Ian McKellen’s, but has mixed reviews for its unsettling tone and diluted adaptation.",VHS,,,"Rental, Thriller",true,Condition,50%,,Serial Number,001A,,,,,191-VHSAPT-50-001A,0.0,shopify,1,deny,manual,0.00,,true,true,,,,,191-VHSAPT-50-001A,https://cdn.shopify.com/s/files/1/0826/6363/7242/files/0-1780418726166.jpg?v=1780598795,1,191-VHSAPT-50-001A,false,,,,,,,,,,,,,
cold-front,Cold Front,,VHS,,,"Floor Sale, Thriller",true,Condition,50%,,Serial Number,001A,,,,,191-VHSCLD-50-001A,0.0,shopify,1,deny,manual,3.00,,true,true,,,,,191-VHSCLD-50-001A,https://cdn.shopify.com/s/files/1/0826/6363/7242/files/0-1780418614405.jpg?v=1780598793,1,191-VHSCLD-50-001A,false,,,,,,,,,,,,,
tootsie,Tootsie,,VHS,,,"Comedy, Floor Sale",true,Condition,50%,,Serial Number,001A,,,,,191-VHSTOO-50-001A,0.0,shopify,1,deny,manual,6.00,,true,true,,,,,191-VHSTOO-50-001A,https://cdn.shopify.com/s/files/1/0826/6363/7242/files/0-1780418515886.jpg?v=1780598791,1,191-VHSTOO-50-001A,false,,,,,,,,,,,,,
americas-great-national-parks-yosemite-yellowstone-grand-canyon-vhs-vcr-tapes,America's Great National Parks Yosemite Yellowstone Grand Canyon Vhs Vcr Tapes,"Experience the majesty of the wilderness with this vintage collection of VHS tapes featuring breathtaking footage of iconic landscapes and natural wonders. These informative tapes offer an immersive look at some of the most celebrated outdoor destinations, making them a perfect addition for nostalgia lovers and collectors of physical media. Viewers can enjoy high-quality cinematography and historical perspectives on the preservation of these scenic treasures from the comfort of their own living room.",VHS,,,"Floor Sale, Kids & Family",false,Condition,50%,,Serial Number,001A,,,,,191-VHSAME-50-001A,0.0,shopify,1,deny,manual,6.00,,true,true,,,,,191-VHSAME-50-001A,,,,false,,,,,,,,,,,,,
cocktail,Cocktail,,VHS,,,Floor Sale,true,Condition,50%,,Serial Number,001A,,,,,191-VHSCOC-50-001A,0.0,shopify,1,deny,manual,4.00,,true,true,,,,,191-VHSCOC-50-001A,https://cdn.shopify.com/s/files/1/0826/6363/7242/files/0-1780417252482.jpg?v=1780598786,1,191-VHSCOC-50-001A,false,,,,,,,,,,,,,
the-assassination-file,The Assassination File,"This captivating political thriller follows an FBI agent who uncovers a dangerous conspiracy while investigating the high-profile murder of a senator. The suspenseful narrative keeps viewers on the edge of their seats with its intricate plot twists and high-stakes drama. Perfect for fans of classic suspense, this cinematic experience delivers a gripping tale of corruption and pursuit.",VHS,,,"Action, Floor Sale",true,Condition,50%,,Serial Number,001A,,,,,191-VHSTH4-50-001A,0.0,shopify,1,deny,manual,3.00,,true,true,,,,,191-VHSTH4-50-001A,https://cdn.shopify.com/s/files/1/0826/6363/7242/files/0-1780416828993.jpg?v=1780598784,1,191-VHSTH4-50-001A,false,,,,,,,,,,,,,
the-capitol-conspiracy,The Capitol Conspiracy,"The Capitol Conspiracy, also known as The Prophet, is a 1998 American thriller directed by Fred Olen Ray starring Don Wilson and Barbara Steele. The film was distributed direct to video tape. The plot involving a CIA agent uncovering illegal mind-control experiments makes references to The Manchurian Candidate.",VHS,,,"Rental, Thriller",true,Condition,50%,,Serial Number,001A,,,,,191-VHSTHC-50-001A,0.0,shopify,1,deny,manual,0.00,,true,true,,,,,191-VHSTHC-50-001A,https://cdn.shopify.com/s/files/1/0826/6363/7242/files/0-1780416693529.jpg?v=1780598783,1,191-VHSTHC-50-001A,false,,,,,,,,,,,,,
armstrong,Armstrong,"When nuclear warheads disappear from a Russian base, a retired Navy SEAL in Moscow is drawn back into action after a covert mission turns deadly. (1998)",VHS,Uncategorized,,"Action, Rental",true,Condition,50%,,Serial Number,001A,,,,,191-TRIARM-50-001A,0.0,shopify,1,deny,manual,0.00,,true,true,,,,,191-TRIARM-50-001A,https://cdn.shopify.com/s/files/1/0826/6363/7242/files/0-1780416568803.jpg?v=1780598782,1,191-TRIARM-50-001A,false,,,,,,,,,,,,,
the-arrogant,The Arrogant,,VHS,,,"Action, Floor Sale",true,Condition,50%,,Serial Number,001A,,,,,191-VHSTH3-50-001A,0.0,shopify,1,deny,manual,5.00,,true,true,,,,,191-VHSTH3-50-001A,https://cdn.shopify.com/s/files/1/0826/6363/7242/files/0-1780416474968.jpg?v=1780598779,1,191-VHSTH3-50-001A,false,,,,,,,,,,,,,
colors,Colors,"This classic crime drama follows an undercover officer navigating the high-stakes world of gang violence in Los Angeles. Presented in its original home video format, this collectible tape captures the grit and intensity of a cinematic masterpiece for any retro media enthusiast. Add this quintessential urban thriller to your shelf to experience a cornerstone of nineties action cinema.",VHS,,,"Action, Floor Sale",true,Condition,50%,,Serial Number,001A,,,,,191-VHSCOL-50-001A,0.0,shopify,1,deny,manual,6.00,,true,true,,,,,191-VHSCOL-50-001A,https://cdn.shopify.com/s/files/1/0826/6363/7242/files/0-1780416267384.jpg?v=1780598777,1,191-VHSCOL-50-001A,false,,,,,,,,,,,,,
baxter,BAXTER,,VHS,,,"Comedy, Floor Sale",true,Condition,50%,,Serial Number,001A,,,,,191-VHSBAX-50-001A,0.0,shopify,1,deny,manual,8.00,,true,true,,,,,191-VHSBAX-50-001A,https://cdn.shopify.com/s/files/1/0826/6363/7242/files/0-1780416055924.jpg?v=1780598776,1,191-VHSBAX-50-001A,false,,,,,,,,,,,,,
beethoven,Beethoven,"Beethoven (1992) is a lighthearted family comedy about a lovable St. Bernard who becomes part of the Newton household, bringing chaos, laughter, and unexpected challenges. While its plot is familiar, the film charms with endearing performances, amusing dog antics, and warm-hearted moments. Critics found it predictable but praised Charles Grodin’s comedic turn and Beethoven’s canine charisma, making it a pleasant choice for family viewing.",VHS,,,"Kids & Family, Rental",true,Condition,50%,,Serial Number,001A,,,,,191-VHSBEE-50-001A,0.0,shopify,1,deny,manual,0.00,,true,true,,,,,191-VHSBEE-50-001A,https://cdn.shopify.com/s/files/1/0826/6363/7242/files/0-1780414707097.jpg?v=1780598774,1,191-VHSBEE-50-001A,false,,,,,,,,,,,,,
barb-wire,Barb Wire,This vintage home video release offers a classic cult-action viewing experience on the original tape format. Collectors will appreciate the nostalgic packaging and the chance to own a signature piece of nineties pop-culture cinema. It is a perfect addition for those seeking to complete their physical media library with iconic genre titles.,VHS,,,"Action, Floor Sale",true,Condition,50%,,Serial Number,001A,,,,,191-VHSBAR-50-001A,0.0,shopify,1,deny,manual,6.00,,true,true,,,,,191-VHSBAR-50-001A,https://cdn.shopify.com/s/files/1/0826/6363/7242/files/0-1780415051101.jpg?v=1780598769,1,191-VHSBAR-50-001A,false,,,,,,,,,,,,,
the-dawning,The Dawning,"This vintage home video release offers a classic cinematic experience for collectors and fans of physical media. The physical tape comes in its original clamshell or slipsleeve packaging, preserving the nostalgia of analog viewing. It is an ideal addition for anyone looking to complete their retro library with a standard definition psychological drama.",VHS,,,"Drama, Floor Sale",true,Condition,50%,,Serial Number,001A,,,,,191-VHSTHD-50-001A,0.0,shopify,1,deny,manual,3.00,,true,true,,,,,191-VHSTHD-50-001A,https://cdn.shopify.com/s/files/1/0826/6363/7242/files/0-1780413810115.jpg?v=1780598762,1,191-VHSTHD-50-001A,false,,,,,,,,,,,,,
arlington-road-vhs-1999-jeff-bridges-tim-robbins,"Arlington Road (vhs, 1999) Jeff Bridges, Tim Robbins",This versatile utility jacket features a rugged water-resistant construction and a timeless silhouette suitable for any outdoor adventure. Multiple secure pockets and a breathable lining provide the perfect balance of functionality and comfort for daily wear. Its durable design ensures long-lasting style while offering a sophisticated layer for transitional weather.,VHS,,,"Action, Floor Sale",false,Condition,50%,,Serial Number,001A,,,,,191-NKNARL-50-001A,0.0,shopify,1,deny,manual,6.00,,true,true,,,,,191-NKNARL-50-001A,,,,false,,,,,,,,,,,,,
josie-and-the-pussycats,Josie and the Pussycats,"This vintage-inspired apparel features iconic retro graphics and vibrant colors that celebrate classic Saturday morning nostalgia. The soft, breathable fabric ensures all-day comfort while the timeless cut offers a versatile fit for any casual wardrobe. It is a must-have collectible piece for fans of musical animation and pop culture history.",VHS,Uncategorized,,"Comedy, Floor Sale",true,Condition,50%,,Serial Number,001A,,,,,191-VHSJOS-50-001A,0.0,shopify,1,deny,manual,14.00,,true,true,,,,,191-VHSJOS-50-001A,https://cdn.shopify.com/s/files/1/0826/6363/7242/files/0-1780412173393.jpg?v=1780598759,1,191-VHSJOS-50-001A,false,,,,,,,,,,,,,
back-to-school,Back to School,This classic eighties comedy follows an eccentric self-made millionaire who enrolls in college to support his son and winds up becoming the life of the campus. It is a must-have for fans of irreverent humor and features an iconic performance filled with unforgettable one-liners and high-energy antics. This physical media release is perfect for collectors looking to revisit a beloved era of cinematic nostalgia and laugh-out-loud entertainment.,VHS,,,"Comedy, Floor Sale",true,Condition,50%,,Serial Number,001A,,,,,191-VHSBAC-50-001A,0.0,shopify,1,deny,manual,8.00,,true,true,,,,,191-VHSBAC-50-001A,https://cdn.shopify.com/s/files/1/0826/6363/7242/files/0-1780413329161.jpg?v=1780598757,1,191-VHSBAC-50-001A,false,,,,,,,,,,,,,
speechless,Speechless,This classic romantic comedy delivers a sharp and witty story about two rival political speechwriters who unknowingly fall for each other. Its entertaining blend of fast-paced dialogue and charming performances makes it a perfect addition to any collection of 1990s cinema.,VHS,,,"Comedy, Floor Sale",true,Condition,50%,,Serial Number,001A,,,,,191-VHSSPE-50-001A,0.0,shopify,1,deny,manual,5.00,,true,true,,,,,191-VHSSPE-50-001A,https://cdn.shopify.com/s/files/1/0826/6363/7242/files/0-1780413245101.jpg?v=1780598756,1,191-VHSSPE-50-001A,false,,,,,,,,,,,,,
quick-change,Quick Change,,VHS,,,"Comedy, Floor Sale",true,Condition,50%,,Serial Number,001A,,,,,191-VHSQUI-50-001A,0.0,shopify,1,deny,manual,6.00,,true,true,,,,,191-VHSQUI-50-001A,https://cdn.shopify.com/s/files/1/0826/6363/7242/files/0-1780413120619.jpg?v=1780598754,1,191-VHSQUI-50-001A,false,,,,,,,,,,,,,
all-i-wanna-do,All I Wanna Do,"Hot young stars Rachel Lee Cook, Kirsten Dunst, Gabby Hoffman, and Heather Matarazzo light up the screen in this refreshing, feel-good comedy from one of the acclaimed creators of sleepless in Seattle! If there’s one thing this wild group of friends at an all girls high school has learned, it’s how to get what they want! So when word leaks out that their school is about to merge without all boys academy, some of the students strike back.",VHS,Uncategorized,,"Comedy, Floor Sale",true,Condition,50%,,Serial Number,001A,,,,,191-UNKALL-50-001A,0.0,shopify,1,deny,manual,3.00,,true,true,,,,,191-UNKALL-50-001A,https://cdn.shopify.com/s/files/1/0826/6363/7242/files/0-1780412918575.jpg?v=1780598752,1,191-UNKALL-50-001A,false,,,,,,,,,,,,,
a-day-at-the-races,A DAY at the RACES,This classic cinematic masterpiece brings together the iconic trio for a whirlwind of physical comedy and sharp-witted puns set against the backdrop of a high-stakes sanitarium and horse racing circuit. It offers timeless entertainment through legendary musical numbers and elaborate slapstick sequences that remain a cornerstone of golden age comedy. This vintage production is a must-have for collectors and fans looking to experience one of the most celebrated performances in film history.,VHS,Uncategorized,,"Comedy, Floor Sale",true,Condition,50%,,Serial Number,001A,,,,,191-VHSADA-50-001A,0.0,shopify,1,deny,manual,4.00,,true,true,,,,,191-VHSADA-50-001A,https://cdn.shopify.com/s/files/1/0826/6363/7242/files/0-1780412583105.jpg?v=1780598751,1,191-VHSADA-50-001A,false,,,,,,,,,,,,,
thelma-louise,Thelma & Louise,"<div class=""l_wptnewdescov"">
<p class=""""><span class=""l_ecrd_txt_itlc"">Thelma &amp; Louise</span><span class=""l_ecrd_txt_pln""><span> </span>follows two best friends whose weekend getaway takes a shocking turn, pushing them into an unplanned flight from the law. Along the way, they discover strength, resilience, and the depth of their bond, challenging societal norms. Praised for its powerful performances, sharp direction, and feminist edge, it’s a gripping road movie that blends suspense, humor, and emotional depth—widely regarded as a modern classic worth watching.</span></p>
</div>",VHS,Uncategorized,,"Comedy, Rental",true,Condition,50%,,Serial Number,001A,,,,,191-VHSTH2-50-001A,0.0,shopify,1,deny,manual,0.00,,true,true,,,,,191-VHSTH2-50-001A,https://cdn.shopify.com/s/files/1/0826/6363/7242/files/0-1780412496345.jpg?v=1780598750,1,191-VHSTH2-50-001A,false,,,,,,,,,,,,,
a-league-of-their-own-madonna-tom-hanks-geena-davis-vhs,"A League Of Their Own Madonna, Tom Hanks, Geena Davis Vhs","This cinematic classic captures the heartfelt story of a pioneering all-female baseball team during World War II, presented in its original nostalgic analog format. It features an iconic ensemble cast and a timeless narrative that makes it a must-have for movie buffs and collectors of vintage home media. The physical tape case showcases vibrant period artwork that adds a touch of retro charm to any entertainment shelf.",VHS,Uncategorized,,"Comedy, Rental",true,Condition,50%,,Serial Number,001A,,,,,191-NKNALE-50-001A,0.0,shopify,1,deny,manual,0.00,,true,true,,,,,191-NKNALE-50-001A,https://cdn.shopify.com/s/files/1/0826/6363/7242/files/0-1780412332044.jpg?v=1780598749,1,191-NKNALE-50-001A,false,,,,,,,,,,,,,
hype,Hype!,,Unknown,Uncategorized,,"Documentary, Floor Sale",false,Condition,Standard,,Serial Number,001A,,,,,191-UNKHYP-001A,0.0,shopify,1,deny,manual,11.00,,true,true,,,,,191-UNKHYP-001A,https://cdn.shopify.com/s/files/1/0826/6363/7242/files/0-1781876780226.jpg?v=1781910023,1,191-UNKHYP-001A,false,,,,,,,,,,,,,
suppose-they-gave-a-war-and-nobody-came,Suppose They Gave a War and Nobody Came?,"Suppose They Gave a War and Nobody Came is a 1970 comedy-drama following tensions between a U.S. Army base and a nearby Southern town, as well-intentioned community outreach spirals into a chaotic showdown. Featuring Brian Keith, Tony Curtis, and Ernest Borgnine, it blends satire and small-town conflict. Reception is mixed, with some enjoying its cast and social commentary, while others find its humor dated and uneven.",VHS,,,"Comedy, Rental",true,Condition,50%,,Serial Number,001A,,,,,191-VHSSUP-50-001A,0.0,shopify,1,deny,manual,0.00,,true,true,,,,,191-VHSSUP-50-001A,https://cdn.shopify.com/s/files/1/0826/6363/7242/files/0-1780443964626.jpg?v=1780598744,1,191-VHSSUP-50-001A,false,,,,,,,,,,,,,
wrong-is-right,Wrong is Right,This vintage physical media release offers a captivating look into the satirical political thriller genre of the early eighties. It features a nostalgic analog viewing experience that collectors and cinema enthusiasts will appreciate for its period-accurate aesthetic and authentic texture. This rare find is a must-have for those looking to expand their classic film library with a thought-provoking narrative.,VHS,,,"Comedy, Floor Sale",false,Condition,50%,,Serial Number,001A,,,,,191-VHSWRO-50-001A,0.0,shopify,1,deny,manual,6.00,,true,true,,,,,191-VHSWRO-50-001A,,,,false,,,,,,,,,,,,,
outrageous-fortune,Outrageous Fortune,,VHS,,,"Comedy, Floor Sale",false,Condition,50%,,Serial Number,002A,,,,,191-VHSTRG-50-002A,0.0,shopify,1,deny,manual,5.00,,true,true,,,,,191-VHSTRG-50-002A,,,,false,,,,,,,,,,,,,
outrageous-fortune,,,,,,,,,50%,,,001A,,,,,191-VHSTRG-50-001A,0.0,shopify,1,deny,manual,0.00,,true,true,,,,,191-VHSTRG-50-001A,,,,,,,,,,,,,,,,,
box-of-moonlight,Box of Moonlight,,VHS,,,"Comedy, Floor Sale",true,Condition,50%,,Serial Number,001A,,,,,191-VHSBOX-50-001A,0.0,shopify,1,deny,manual,7.00,,true,true,,,,,191-VHSBOX-50-001A,https://cdn.shopify.com/s/files/1/0826/6363/7242/files/0-1780418275734.jpg?v=1780598739,1,191-VHSBOX-50-001A,false,,,,,,,,,,,,,
spy-kids-2-the-island-of-lost-dreams,Spy Kids 2: The Island of Lost Dreams,"<p><meta charset=""utf-8""><span>The coolest SPYkids anywhere are back for a huge new adventure! This time, Carmen and Juni are on a mission to recover a device that threatens the entire world! They enlist the skills of Mom and Dad (Carla Gugino and Antonio Banderas) -- and even their SPY grandparents (Holland Taylor and Ricardo Montalban) -- in a thrilling show of family teamwork! With even more cool gadgets, imaginative creatures, and awesome special effects ... it's a nonstop high-tech adventure for everyone!</span></p>",VHS,Uncategorized,,"Floor Sale, Kids & Family",true,Title,Default Title,,,,,,,,,0.0,shopify,1,deny,manual,4.00,,true,true,,,,,03013626,,,,false,,,,,,,,,,,,,
out-to-sea,Out to Sea,"<p><meta charset=""utf-8""><span>In search of lonely ladies with big bank accounts, happy-go-lucky Charlie (Matthau) cons his cranky, widower brother-in-law Herb (Lemmon) into joining him on an all-expenses-paid, luxury cruise. But their ""deluxe accommodations"" are deep in the bowels of the ship, and Charlie has signed them on as dance hosts! Under the tyranny of crooning cruise director Gil Godwyn (Brent Spiner), Charlie and Herb are in for rough weather as they romance the luscious Liz (Dyan Cannon) and the lovely Vivian (Gloria De Haven).</span></p>",VHS,Uncategorized,,"Comedy, Rental",true,Condition,Standard,,Serial Number,001A,,,,,191-VHSTTS-001A,0.0,shopify,1,deny,manual,0.00,,true,true,,,,,191-VHSTTS-001A,https://cdn.shopify.com/s/files/1/0826/6363/7242/files/0-1780186370359.jpg?v=1780195256,1,,false,,,,,,,,,,,,,
second-sight,Second Sight,"This vintage home media release features a classic supernatural comedy from the late eighties starring a talented comedic ensemble. The physical cassette comes in its original protective sleeve, making it a nostalgic addition for collectors of retro cinema and physical media enthusiasts. It offers a unique opportunity to experience this high-energy caper in its authentic analog format.",VHS,,,"Comedy, Floor Sale",false,Condition,Standard,,Serial Number,001A,,,,,191-VHSSEC-001A,0.0,shopify,1,deny,manual,10.00,,true,true,,,,,191-VHSSEC-001A,,,,false,,,,,,,,,,,,,
three-oclock-high,Three O'Clock High,"<p><meta charset=""utf-8""><span>Preppy high school reporter Jerry Mitchell (Casey Siemaszko) is asked to write a story on a tough new kid named Buddy Revell (Richard Tyson), a boy rumored to have a violent past. Jerry tries to call off the story, but in the process he infuriates Buddy, who challenges him to a parking lot brawl imm</span><span class=""yZlgBd"">ediately after school that same day. As Jerry desperately attempts to escape the impending fight, he instead ends up finding the courage to stand up to Buddy.</span></p>",VHS,Uncategorized,,"Comedy, Floor Sale",true,Condition,Standard,,Serial Number,002A,,,,,191-VHSTHH-002A,0.0,shopify,1,deny,manual,50.00,,true,true,,,,,191-VHSTHH-002A,https://cdn.shopify.com/s/files/1/0826/6363/7242/files/0-1780186163587.jpg?v=1780195252,1,,false,,,,,,,,,,,,,
pocket-money,Pocket Money,"<p><meta charset=""utf-8""><span>In the American Southwest, Jim Kane (Paul Newman) scrapes a living as a cowboy. The trouble is, something always seems to go wrong. His latest job concerns transporting a herd of cattle from Mexico into the United States for shifty businessman Bill Garrett (Strother Martin). But Kane knows it won't be easy -- he only just lost money when the horses he tried to bring over were quarantined by customs. Desperate for pay, he goes ahead anyway, teaming up with his old partner, Leonard (Lee Marvin).</span></p>",VHS,Uncategorized,,"Comedy, Rental",true,Condition,Standard,,Serial Number,001A,,,,,191-VHSPOC-001A,0.0,shopify,1,deny,manual,0.00,,true,true,,,,,191-VHSPOC-001A,https://cdn.shopify.com/s/files/1/0826/6363/7242/files/0-1780186502426.jpg?v=1780195250,1,,false,,,,,,,,,,,,,
an-evening-with-robin-williams-live-uncensored,An Evening With Robin Williams: Live & Uncensored,"Experience a legendary performance captured on a vintage physical format, featuring high-energy stand-up comedy recorded live in front of a theater audience. This collectible tape is essential for fans of improvisational humor and preserves a classic era of entertainment history in its original analog quality. It is a nostalgic addition to any media collection, offering an unfiltered and exhilarating look at a comedic genius at the top of his game.",VHS,Uncategorized,,"Comedy, Floor Sale",true,Condition,Standard,,Serial Number,001A,,,,,191-VHSANE-001A,0.0,shopify,1,deny,manual,6.00,,true,true,,,,,191-VHSANE-001A,https://cdn.shopify.com/s/files/1/0826/6363/7242/files/0-1780185844146.jpg?v=1780195247,1,,false,,,,,,,,,,,,,
win-place-or-steal,"Win, Place or Steal","<p><meta charset=""utf-8""><span>Hapless gamblers Billy (Dean Stockwell), Raymond (Russ Tamblyn) and Frank (Alex Karras) spend most of their time and all of their money at the track, betting and losing on horse races. Disgusted at the amount of cash they've lost on the ponies over the years, the three friends hatch a scheme to make</span><span class=""yZlgBd""><span> </span>their money back and then some: They'll steal one of the machines that prints out the track's betting slips and use it to place winning bets after the race is run.</span></p>",VHS,Uncategorized,,"Comedy, Rental",true,Condition,Standard,,Serial Number,001A,,,,,191-VHSWIN-001A,0.0,shopify,1,deny,manual,0.00,,true,true,,,,,191-VHSWIN-001A,https://cdn.shopify.com/s/files/1/0826/6363/7242/files/0-1780185727245.jpg?v=1780195245,1,,false,,,,,,,,,,,,,
road-to-ruin,Road to Ruin,,VHS,Uncategorized,,"Comedy, Floor Sale",true,Condition,Standard,,Serial Number,001A,,,,,191-VHSROA-001A,0.0,shopify,1,deny,manual,3.00,,true,true,,,,,191-VHSROA-001A,https://cdn.shopify.com/s/files/1/0826/6363/7242/files/0-1780185691187.jpg?v=1780195239,1,,false,,,,,,,,,,,,,
the-jerky-boys-the-movie,The Jerky Boys: The Movie,<p>This comedic feature film follows two legendary prank callers as they find themselves in over their heads with the mafia after a series of hilarious telephone stunts. The physical media format allows fans to relive every classic gag and over-the-top character from the peak of nineties alternative humor. </p>,VHS,Uncategorized,,"Comedy, Floor Sale",true,Condition,Standard,,Serial Number,001A,,,,,191-VHSTHJ-001A,0.0,shopify,1,deny,manual,14.00,,true,true,,,,,191-VHSTHJ-001A,https://cdn.shopify.com/s/files/1/0826/6363/7242/files/0-1780185030687.jpg?v=1780195235,1,,false,,,,,,,,,,,,,
static,Static,This psychological thriller from the eighties offers a surreal and intense viewing experience that captures the unique atmosphere of the era. The original physical tape provides an authentic analog warmth and aesthetic quality that digital streaming cannot replicate. It is a compelling addition for any enthusiast looking to complete their cult classic collection or enjoy a haunting piece of cinematic history.,VHS,,,"Comedy, Rental",false,Condition,Standard,,Serial Number,001A,,,,,191-VHSSTA-001A,0.0,shopify,1,deny,manual,0.00,,true,true,,,,,191-VHSSTA-001A,,,,false,,,,,,,,,,,,,
deconstructing-harry,Deconstructing Harry,"<p><meta charset=""utf-8""><span>Novelist Harry Block (Woody Allen) has become a success by turning his family and friends' lives into fodder for his books. Due to his novels' popularity, the university that once kicked Harry out has asked him to return for a ceremony that will honor him. As Harry sets out for the trip, he is confr</span><span class=""yZlgBd"">onted by his fictional characters, as well as real people who no longer want anything to do with him, and he learns how deeply his overly candid stories have affected those around him.</span></p>",VHS,Uncategorized,,"Comedy, Floor Sale",true,Condition,Standard,,Serial Number,001A,,,,,191-VHSDEC-001A,0.0,shopify,1,deny,manual,5.00,,true,true,,,,,191-VHSDEC-001A,https://cdn.shopify.com/s/files/1/0826/6363/7242/files/0-1780181449962.jpg?v=1780182702,1,,false,,,,,,,,,,,,,
the-life-aquatic-with-steve-zissou,The Life Aquatic with Steve Zissou,"This rare analog format captures the nostalgic visual aesthetic of a celebrated quirky adventure film. It features the original artwork on a classic sleeve, making it a perfect addition for collectors of physical media and fans of stylized cinematography. The vintage playback quality adds a unique warmth and charm to this underwater expedition story.",VHS,,,"Comedy, Floor Sale",true,Condition,Standard,,Serial Number,001A,,,,,191-VHSTHL-001A,0.0,shopify,1,deny,manual,10.00,,true,true,,,,,191-VHSTHL-001A,https://cdn.shopify.com/s/files/1/0826/6363/7242/files/0-1780181107397.jpg?v=1780182698,1,,false,,,,,,,,,,,,,
loose-cannons,Loose Cannons,"This vintage action-comedy film on physical media offers a nostalgic viewing experience for collectors of retro cinema. The original cassette captures the gritty aesthetic and high-energy performances of an eighties buddy cop classic. Perfect for analog enthusiasts, this tape adds a touch of era-specific charm to any movie library.",VHS,,,"Comedy, Floor Sale",true,Condition,F,,Serial Number,001A,,,,,191-VHSLOO-F-001A,0.0,shopify,1,deny,manual,4.00,,true,true,,,,,191-VHSLOO-F-001A,https://cdn.shopify.com/s/files/1/0826/6363/7242/files/0-1780181010936.jpg?v=1780182697,1,,false,,,,,,,,,,,,,
the-secret-diary-of-sigmund-freud,The Secret Diary of Sigmund Freud,This vintage cult comedy classic stars Carol Kane and Bud Cort in a satirical take on the early life of the world's most famous psychoanalyst. The physical media format provides a nostalgic viewing experience for collectors of eighties cinema and rare physical tapes. It is a must-have addition for any home library focused on historical spoofs and offbeat humor.,VHS,,,"Comedy, Floor Sale",true,Condition,F,,Serial Number,001A,,,,,191-VHSTHS-F-001A,0.0,shopify,1,deny,manual,6.00,,true,true,,,,,191-VHSTHS-F-001A,https://cdn.shopify.com/s/files/1/0826/6363/7242/files/0-1780180895265.jpg?v=1780182695,1,,false,,,,,,,,,,,,,
relax-its-just-sex,Relax... It's Just Sex!,This vintage home video collectible offers a retro aesthetic for enthusiasts of nineties cinema and classic analog media. It features the original cover art and remains a nostalgic addition for those looking to expand their physical library of indie comedies. The tape provides a nostalgic viewing experience that captures the unique grain and warmth of the era.,VHS,,,"Comedy, Floor Sale",true,Condition,F,,Serial Number,001A,,,,,191-VHSREL-F-001A,0.0,shopify,1,deny,manual,7.00,,true,true,,,,,191-VHSREL-F-001A,https://cdn.shopify.com/s/files/1/0826/6363/7242/files/0-1780180305457.jpg?v=1780182692,1,,false,,,,,,,,,,,,,
jerry-seinfeld-comedian-demo-tape,Jerry Seinfeld: Comedian (Demo Tape),"This rare organizational find offers a behind-the-scenes look at the creative process of a legendary stand-up icon through a unique promotional format. The tape captures the raw energy of joke development and stagecraft, making it a must-have collectible for comedy historians and analog media enthusiasts. Its distinctive status as a demonstration copy provides a nostalgic and authentic viewing experience for any serious collector.",VHS,,,"Comedy, Floor Sale",true,Condition,F,,Serial Number,001A,,,,,191-VHSJER-F-001A,0.0,shopify,1,deny,manual,4.00,,true,true,,,,,191-VHSJER-F-001A,https://cdn.shopify.com/s/files/1/0826/6363/7242/files/0-1780180025880.jpg?v=1780182690,1,,false,,,,,,,,,,,,,
matilda,Matilda,Experience a nostalgic journey with this classic family film preserved in its original home video format. The clamshell case protects a high-quality magnetic tape that brings the magical story of a gifted young girl and her extraordinary powers to life on any vintage player. This collectible piece is perfect for enthusiasts seeking the authentic warmth and analog charm of nineties cinema.,VHS,,,Floor Sale,true,Condition,F,,Serial Number,001A,,,,,191-VHSMAT-F-001A,0.0,shopify,1,deny,manual,3.00,,true,true,,,,,191-VHSMAT-F-001A,https://cdn.shopify.com/s/files/1/0826/6363/7242/files/0-1780179675733.jpg?v=1780182688,1,,false,,,,,,,,,,,,,
powwow-highway,Powwow Highway,This physical media classic captures a powerful journey across the American West through the warmth of a vintage analog format. The cult favorite story offers a poignant blend of humor and heart while serving as a meaningful piece of cinematic history for collectors. Any viewer will appreciate the authentic storytelling and the nostalgic aesthetic that only a tape from this era can provide.,VHS,,,"Comedy, Floor Sale",true,Condition,F,,Serial Number,001A,,,,,191-VHSPOW-F-001A,0.0,shopify,1,deny,manual,22.00,,true,true,,,,,191-VHSPOW-F-001A,https://cdn.shopify.com/s/files/1/0826/6363/7242/files/0-1780179232166.jpg?v=1780182686,1,,false,,,,,,,,,,,,,
manhattan-murder-mystery,Manhattan Murder Mystery,"This vintage home video release captures a classic comedic mystery in its original analog format, perfect for collectors and nostalgia enthusiasts. The physical sleeve features iconic artwork from the theatrical release, making it a charming addition to any film library or media shelf. Enjoy a cinematic throwback experience that pairs a witty whodunnit script with the warm, distinctive visual quality of a magnetic tape playback.",VHS,,,"Comedy, Floor Sale",true,Condition,F,,Serial Number,001A,,,,,191-VHSMAN-F-001A,0.0,shopify,1,deny,manual,5.00,,true,true,,,,,191-VHSMAN-F-001A,https://cdn.shopify.com/s/files/1/0826/6363/7242/files/0-1780179444082.jpg?v=1780195338,1,,false,,,,,,,,,,,,,
sprung-way-past-whipped,Sprung: Way Past Whipped!,This vintage skater film captures the raw energy and gritty street aesthetic of the late nineties skateboard scene. It is a must-have collectible for enthusiasts looking to experience classic stunts and professional demos in their original analog format. This physical tape serves as a nostalgic time capsule that preserves the authentic low-fi visuals and soundtrack of the era.,VHS,Uncategorized,,"Comedy, Floor Sale",true,Condition,50%,,Serial Number,002A,,,,,191-VHSSPR-50-002A,0.0,shopify,1,deny,manual,5.00,,true,true,,,,,191-VHSSPR-50-002A,https://cdn.shopify.com/s/files/1/0826/6363/7242/files/0-1780179145726.jpg?v=1780182683,1,,false,,,,,,,,,,,,,
the-errand-boy,The Errand Boy,"Relive the golden age of physical media with this vintage comedy classic preserved on its original home video format. This collector's item features the timeless physical humor and frantic energy of a legendary performer navigating a chaotic movie studio backdrop. It is a must-have for nostalgic viewers looking to experience a piece of cinematic history through the warm, retro aesthetic of analog playback.",VHS,Uncategorized,,"Comedy, Floor Sale",true,Condition,50%,,Serial Number,002A,,,,,191-VHSTHY-50-002A,0.0,shopify,1,deny,manual,4.00,,true,true,,,,,191-VHSTHY-50-002A,https://cdn.shopify.com/s/files/1/0826/6363/7242/files/0-1780179089586.jpg?v=1780182681,1,,false,,,,,,,,,,,,,
whos-the-man,Who's the Man?,This iconic nineties comedy features a legendary ensemble cast from the golden era of hip hop packed into a hilarious underdog story. The physical media format offers an authentic retro viewing experience for collectors and fans of classic urban cinema. This well preserved tape is a must have for anyone looking to revisit a definitive piece of pop culture history.,VHS,,,"Comedy, Rental",true,Condition,F,,Serial Number,001A,,,,,191-VHSWHO-F-001A,0.0,shopify,1,deny,manual,0.00,,true,true,,,,,191-VHSWHO-F-001A,https://cdn.shopify.com/s/files/1/0826/6363/7242/files/0-1780178966873.jpg?v=1780182680,1,,false,,,,,,,,,,,,,
only-the-lonely,Only the Lonely,"This vintage home video cassette captures a heartfelt romantic comedy through the nostalgic aesthetic of analog storage. It features full-color artwork on the original protective sleeve, making it an excellent addition for collectors of nineties cinema and physical media enthusiasts. The tape offers a classic viewing experience that brings a warm, retro feel to any home theater setup.",VHS,,,"Comedy, Floor Sale",true,Condition,F,,Serial Number,001A,,,,,191-VHSONL-F-001A,0.0,shopify,1,deny,manual,10.00,,true,true,,,,,191-VHSONL-F-001A,https://cdn.shopify.com/s/files/1/0826/6363/7242/files/0-1780178868360.jpg?v=1780182678,1,,false,,,,,,,,,,,,,
the-grifters,The Grifters,"This classic neo-noir thriller comes in its original physical format, ideal for collectors who appreciate the nostalgic aesthetic and warm analog playback of magnetic tape. The clamshell case features the iconic theatrical artwork, making it a standout addition to any vintage cinema library or home theater display.",VHS,,,"Comedy, Rental",true,Condition,F,,Serial Number,001A,,,,,191-VHSTHG-F-001A,0.0,shopify,1,deny,manual,0.00,,true,true,,,,,191-VHSTHG-F-001A,https://cdn.shopify.com/s/files/1/0826/6363/7242/files/0-1780178767466.jpg?v=1780195380,1,,false,,,,,,,,,,,,,
the-adventures-of-pluto-nash,The Adventures of Pluto Nash,"Relive a nostalgic era of science fiction comedy with this classic home video release in its original physical format. This collectible media piece features an out-of-this-world lunar adventure starring a beloved comedic lead, perfect for fans of retro cinema and vintage tape collections. The sturdy casing and iconic sleeve artwork make it a standout addition to any enthusiast's shelf.",VHS,,,"Comedy, Rental",true,Condition,F,,Serial Number,001A,,,,,191-VHSTHE-F-001A,0.0,shopify,1,deny,manual,0.00,,true,true,,,,,191-VHSTHE-F-001A,https://cdn.shopify.com/s/files/1/0826/6363/7242/files/0-1780178397203.jpg?v=1780182673,1,,false,,,,,,,,,,,,,
murderers-row,Murderers' Row,This vintage home video release offers a classic cinematic experience for collectors and fans of retro media. The physical tape format provides a nostalgic viewing aesthetic characterized by the unique visual texture and charm of analog technology. It is an essential addition for those seeking to complete a library of mid-century adventure and action films.,VHS,,,Comedy,true,Condition,F,,Serial Number,001A,,,,,191-VHSMUR-F-001A,0.0,shopify,1,deny,manual,4.00,,true,true,,,,,191-VHSMUR-F-001A,https://cdn.shopify.com/s/files/1/0826/6363/7242/files/0-1780178305417.jpg?v=1780182671,1,,false,,,,,,,,,,,,,
undercover-brother,Undercover Brother,Add a piece of cinematic nostalgia to your collection with this classic comedy in its original physical format. The vibrant slipcover preserves the retro aesthetic and provides a tactile experience that digital streaming cannot replicate. It is the perfect addition for enthusiasts of physical media and fans of over-the-top character parodies.,VHS,,,"Comedy, Floor Sale",true,Condition,F,,Serial Number,001A,,,,,191-VHSNDR-F-001A,0.0,shopify,1,deny,manual,6.00,,true,true,,,,,191-VHSNDR-F-001A,https://cdn.shopify.com/s/files/1/0826/6363/7242/files/0-1780178158417.jpg?v=1780182670,1,,false,,,,,,,,,,,,,
undercover-blues,Undercover Blues,"This vintage physical media release offers a nostalgic home viewing experience of a classic nineties action comedy. The clamshell case contains the magnetic tape in its original analog format, perfect for collectors seeking the distinct visual warmth and charm of retro cinema. Enjoy this lighthearted adventure featuring a suburban couple on a secret mission with all the aesthetic appeal of a period-accurate video library staple.",VHS,,,"Comedy, Floor Sale",true,Condition,F,,Serial Number,001A,,,,,191-VHSUND-F-001A,0.0,shopify,1,deny,manual,4.00,,true,true,,,,,191-VHSUND-F-001A,https://cdn.shopify.com/s/files/1/0826/6363/7242/files/0-1780177968217.jpg?v=1780182668,1,,false,,,,,,,,,,,,,
once-around,Once Around,This vintage home video features a heartfelt romantic drama starring Academy Award winners in a physical format perfect for collectors. The original slipcase packaging offers a nostalgic viewing experience for those who appreciate the warm aesthetic of analog media. It makes an excellent addition to any retro movie library or a thoughtful gift for fans of classic nineties cinema.,VHS,,,"Comedy, Floor Sale",true,Condition,F,,Serial Number,001A,,,,,191-VHSONC-F-001A,0.0,shopify,1,deny,manual,2.00,,true,true,,,,,191-VHSONC-F-001A,https://cdn.shopify.com/s/files/1/0826/6363/7242/files/0-1780177874128.jpg?v=1780182666,1,,false,,,,,,,,,,,,,
never-been-kissed,Never Been Kissed,Relive a classic 1990s romantic comedy with this collectible physical media release in its original cardboard sleeve. This vintage format offers a nostalgic viewing experience and a tangible addition to any retro cinematic library. It is perfect for fans of heartwarming high school stories and enthusiasts of the pre-digital era.,VHS,,,"Comedy, Rental",true,Condition,F,,Serial Number,001A,,,,,191-VHSNEV-F-001A,0.0,shopify,1,deny,manual,0.00,,true,true,,,,,191-VHSNEV-F-001A,https://cdn.shopify.com/s/files/1/0826/6363/7242/files/0-1780177747139.jpg?v=1780182665,1,,false,,,,,,,,,,,,,
its-my-party,IT'S MY PARTY,This vintage home video captures a poignant and star-studded drama about friendship and saying goodbye. The physical cassette format offers a nostalgic viewing experience for collectors of cinematic classics from the nineties. It is a must-have addition for any enthusiast looking to complete their collection of sentimental period pieces.,VHS,,,"Comedy, Floor Sale",true,Condition,F,,Serial Number,001A,,,,,191-VHSTSM-F-001A,0.0,shopify,1,deny,manual,18.00,,true,true,,,,,191-VHSTSM-F-001A,https://cdn.shopify.com/s/files/1/0826/6363/7242/files/0-1780177562363.jpg?v=1780182662,1,,false,,,,,,,,,,,,,
threes-trouble,THREE'S TROUBLE,This vintage physical media release offers a nostalgic viewing experience for collectors of classic home entertainment. The tape comes in its original protective sleeve and features a full-length comedy presentation that captures the charm of analog video playback. It is a must-have addition for any enthusiast looking to complete their retro film library.,VHS,,,Floor Sale,true,Condition,F,,Serial Number,001A,,,,,191-VHSTHR-F-001A,0.0,shopify,1,deny,manual,7.00,,true,true,,,,,191-VHSTHR-F-001A,https://cdn.shopify.com/s/files/1/0826/6363/7242/files/0-1780177285764.jpg?v=1780182662,1,,false,,,,,,,,,,,,,
company-man,Company Man,"This suspenseful thriller follows a corporate professional who discovers a dark secret within his high-stakes workplace. Presented in its original physical format, this vintage tape offers a nostalgic viewing experience for collectors of nineties cinema and psychological dramas. The clamshell case preserves the striking cover art, making it a standout addition to any retro media library.",VHS,,,Floor Sale,true,Condition,F,,Serial Number,001A,,,,,191-VHSCOM-F-001A,0.0,shopify,1,deny,manual,4.00,,true,true,,,,,191-VHSCOM-F-001A,https://cdn.shopify.com/s/files/1/0826/6363/7242/files/0-1780177117823.jpg?v=1780182660,1,,false,,,,,,,,,,,,,
opportunity-knocks,Opportunity Knocks,"Relive the excitement of this classic game show addition to your vintage media collection. This physical home video format features the complete broadcast event, making it a nostalgic find for fans of retro television entertainment. It is housed in its original sleeve and ready to be enjoyed on any standard player.",VHS,,,"Comedy, Floor Sale",true,Condition,F,,Serial Number,001A,,,,,191-VHSOPP-F-001A,0.0,shopify,1,deny,manual,8.00,,true,true,,,,,191-VHSOPP-F-001A,https://cdn.shopify.com/s/files/1/0826/6363/7242/files/0-1780176995075.jpg?v=1780182657,1,,false,,,,,,,,,,,,,
touch-and-go,Touch and Go,"This vintage portable player features a built-in color screen and integrated speakers for a completely self-contained analog viewing experience. Its compact design and sturdy carrying handle make it easy to enjoy classic magnetic media tapes while traveling or relaxing at home. The intuitive tactile controls provide a nostalgic, hands-on feel for fans of retro technology and physical media collections.",VHS,,,Comedy,true,Condition,F,,Serial Number,001A,,,,,191-VHSTOU-F-001A,0.0,shopify,1,deny,manual,7.00,,true,true,,,,,191-VHSTOU-F-001A,https://cdn.shopify.com/s/files/1/0826/6363/7242/files/0-1780176679684.jpg?v=1780182656,1,,false,,,,,,,,,,,,,
sour-grapes,Sour Grapes,"Experience the nostalgia of this classic vintage home video featuring everyone's favorite purple character and her colorful friends. This collectible tape offers a charming journey through friendship and problem-solving, making it a perfect addition to any retro media collection or a thoughtful gift for enthusiasts of iconic 1980s animation. The durable clamshell case ensures this piece of childhood history remains preserved for future generations to enjoy.",VHS,,,"Comedy, Floor Sale",true,Condition,G,,Serial Number,001A,,,,,191-VHSSOU-G-001A,0.0,shopify,1,deny,manual,8.00,,true,true,,,,,191-VHSSOU-G-001A,https://cdn.shopify.com/s/files/1/0826/6363/7242/files/0-1780176260021.jpg?v=1780182654,1,,false,,,,,,,,,,,,,
open-season,OPEN SEASON,Experience the thrill of the great outdoors with this immersive hunting simulation that features realistic environments and a wide variety of North American game. Players can utilize authentic gear and tracking techniques to master the wilderness across multiple challenging levels. This engaging title provides hours of entertainment for sports enthusiasts looking for a detailed and strategic outdoor adventure.,VHS,Uncategorized,,"Comedy, Rental",true,Condition,G,,Serial Number,001A,,,,,191-VHSOPE-G-001A,0.0,shopify,1,deny,manual,10.00,,true,true,,,,,191-VHSOPE-G-001A,https://cdn.shopify.com/s/files/1/0826/6363/7242/files/0-1780176465245.jpg?v=1780182651,1,,false,,,,,,,,,,,,,
open-season,,,,,,,,,,,,,,,,,,,,,,,,,,,,,,,,https://cdn.shopify.com/s/files/1/0826/6363/7242/files/0-1781906282422.jpg?v=1781910038,2,191-VHSOPE-002A,,,,,,,,,,,,,,
hey-arnold-the-movie,Hey Arnold! The Movie,"Release Year: 2002
Director: Tuck Tucker
Classic hand-drawn animation comes to life in this feature-length adventure where a group of neighborhood friends must work together to save their community from a greedy developer. This nostalgic piece of media is perfect for fans of nineties pop culture looking to complete their physical media collection. The story delivers heartwarming lessons on teamwork and urban preservation that remain relevant for viewers of all ages.",VHS,Uncategorized,,Kids & Family,true,Condition,N,,Serial Number,001A,,,,,191-NICHEY-N-001A,0.0,shopify,1,deny,manual,10.00,,true,true,,,,,191-NICHEY-N-001A,https://cdn.shopify.com/s/files/1/0826/6363/7242/files/0-1779986144365.jpg?v=1780182643,1,,false,,,,,,,,,,,,,
