Handle,Title,Body (HTML),Vendor,Product Category,Tags,Option1 Name,Option1 Value,Variant Inventory Tracker,Variant Inventory Qty,Variant Inventory Policy,Variant Fulfillment Service,Variant Price,Variant Barcode,Image Src,Image Position,Image Alt Text,Genre (product.metafields.shopify.genre),Type,Published,Option1 Linked To,Option2 Name,Option2 Value,Option2 Linked To,Option3 Name,Option3 Value,Option3 Linked To,Variant SKU,Variant Grams,Variant Compare At Price,Variant Requires Shipping,Variant Taxable,Unit Price Total Measure,Unit Price Total Measure Unit,Unit Price Base Measure,Unit Price Base Measure Unit,Gift Card,SEO Title,SEO Description,Waitlist Emails (product.metafields.custom.waitlist_emails),Art style (product.metafields.shopify.art-style),Carry options (product.metafields.shopify.carry-options),Color (product.metafields.shopify.color-pattern),Media format (product.metafields.shopify.media-format),Neckline (product.metafields.shopify.neckline),Orientation (product.metafields.shopify.orientation),Sleeve length type (product.metafields.shopify.sleeve-length-type),Theme (product.metafields.shopify.theme),Tote handle type (product.metafields.shopify.tote-handle-type),Complementary products (product.metafields.shopify--discovery--product_recommendation.complementary_products),Related products (product.metafields.shopify--discovery--product_recommendation.related_products),Related products settings (product.metafields.shopify--discovery--product_recommendation.related_products_display),Search product boosts (product.metafields.shopify--discovery--product_search_boost.queries),Variant Image,Variant Weight Unit,Variant Tax Code,Cost per item,Status
paradise-alley-vhs-rental-drama,Paradise Alley,,VHS,Media > Videos,"Rental, VHS, Drama, Formatted",Genre,Drama,shopify,1,deny,manual,0,17361402,,,,drama,,,,,,,,,,,,,,,,,,,,,,,,,,,,,,,,,,,,,,,,
heroes-of-the-heart-vhs-floor-sale-drama,Heroes of the Heart,,VHS,Media > Videos,"Floor Sale, VHS, Drama, Formatted",Genre,Drama,shopify,1,deny,manual,6.00,02681338,,,,drama,,,,,,,,,,,,,,,,,,,,,,,,,,,,,,,,,,,,,,,,
its-the-rage-vhs-floor-sale-drama,It's the Rage,,VHS,Media > Videos,"Floor Sale, VHS, Drama, Formatted",Genre,Drama,shopify,1,deny,manual,6.00,02583034,,,,drama,,,,,,,,,,,,,,,,,,,,,,,,,,,,,,,,,,,,,,,,
sweet-dreams-vhs-floor-sale-drama,Sweet Dreams,,VHS,Media > Videos,"Floor Sale, VHS, Drama, Formatted",Genre,Drama,shopify,1,deny,manual,6.00,02189818,,,,drama,,,,,,,,,,,,,,,,,,,,,,,,,,,,,,,,,,,,,,,,
sunset-strip-vhs-floor-sale-drama,Sunset Strip,,VHS,Media > Videos,"Floor Sale, VHS, Drama, Formatted",Genre,Drama,shopify,1,deny,manual,8.00,02091514,,,,drama,,,,,,,,,,,,,,,,,,,,,,,,,,,,,,,,,,,,,,,,
forever-young-vhs-floor-sale-drama,Forever Young,,VHS,Media > Videos,"Floor Sale, VHS, Drama, Formatted",Genre,Drama,shopify,1,deny,manual,6.00,02025978,,,,drama,,,,,,,,,,,,,,,,,,,,,,,,,,,,,,,,,,,,,,,,
in-the-name-of-the-father-vhs-floor-sale-drama,In the Name of the Father,,VHS,Media > Videos,"Floor Sale, VHS, Drama, Formatted",Genre,Drama,shopify,1,deny,manual,5.00,01960442,,,,drama,,,,,,,,,,,,,,,,,,,,,,,,,,,,,,,,,,,,,,,,
desert-heat-vhs-rental-action,Desert Heat,,VHS,Media > Videos,"Rental, VHS, Action, Formatted",Genre,Action,shopify,1,deny,manual,0,85880314,,,,action,,,,,,,,,,,,,,,,,,,,,,,,,,,,,,,,,,,,,,,,
claudia-vhs-rental-thriller,Claudia,,VHS,Media > Videos,"Rental, VHS, Thriller, Formatted",Genre,Thriller,shopify,1,deny,manual,0,84930042,,,,thriller,,,,,,,,,,,,,,,,,,,,,,,,,,,,,,,,,,,,,,,,
dancer-texas-vhs-floor-sale-drama,"Dancer, Texas",,VHS,Media > Videos,"Floor Sale, VHS, Drama, Formatted",Genre,Drama,shopify,1,deny,manual,7.00,01797626,,,,drama,,,,,,,,,,,,,,,,,,,,,,,,,,,,,,,,,,,,,,,,
traveller-vhs-floor-sale-drama,Traveller,,VHS,Media > Videos,"Floor Sale, VHS, Drama, Formatted",Genre,Drama,shopify,1,deny,manual,5.00,01633786,,,,drama,,,,,,,,,,,,,,,,,,,,,,,,,,,,,,,,,,,,,,,,
gore-vidals-billy-the-kid-vhs-rental-action,Gore Vidal's Billy the Kid,,VHS,Media > Videos,"Rental, VHS, Action, Formatted",Genre,Action,shopify,1,deny,manual,0,79482618,,,,action,,,,,,,,,,,,,,,,,,,,,,,,,,,,,,,,,,,,,,,,
mirage-vhs-rental-thriller,Mirage,,VHS,Media > Videos,"Rental, VHS, Thriller, Formatted",Genre,Thriller,shopify,1,deny,manual,0,78958330,,,,thriller,,,,,,,,,,,,,,,,,,,,,,,,,,,,,,,,,,,,,,,,
the-hurricane-vhs-rental-drama,The Hurricane,,VHS,Media > Videos,"Rental, VHS, Drama, Formatted",Genre,Drama,shopify,1,deny,manual,0,78532346,,,,drama,,,,,,,,,,,,,,,,,,,,,,,,,,,,,,,,,,,,,,,,
dead-in-the-water-vhs-rental-thriller,Dead in the Water,,VHS,Media > Videos,"Rental, VHS, Thriller, Formatted",Genre,Thriller,shopify,1,deny,manual,0,78499578,,,,thriller,,,,,,,,,,,,,,,,,,,,,,,,,,,,,,,,,,,,,,,,
miracle-on-34th-street-vhs-floor-sale-holiday,Miracle on 34th Street,,VHS,Media > Videos,"Floor Sale, VHS, Holiday, Formatted",Genre,Holiday,shopify,1,deny,manual,6.00,01159162,,,,holiday,,,,,,,,,,,,,,,,,,,,,,,,,,,,,,,,,,,,,,,,
babes-in-toyland-vhs-floor-sale-holiday,Babes in Toyland,,VHS,Media > Videos,"Floor Sale, VHS, Holiday, Formatted",Genre,Holiday,shopify,1,deny,manual,7.00,01060858,,,,holiday,,,,,,,,,,,,,,,,,,,,,,,,,,,,,,,,,,,,,,,,
the-original-christmas-classics-collection-bluray-floor-sale-holiday,The Original - Christmas Classics Collection,,Blu-Ray,Media > Videos,"Floor Sale, Blu-Ray, Holiday, Formatted",Genre,Holiday,shopify,1,deny,manual,10.00,00569338,,,,holiday,,,,,,,,,,,,,,,,,,,,,,,,,,,,,,,,,,,,,,,,
the-year-without-a-santa-claus-vhs-floor-sale-holiday,The Year Without a Santa Claus,,VHS,Media > Videos,"Floor Sale, VHS, Holiday, Formatted",Genre,Holiday,shopify,1,deny,manual,8.00,00536570,,,,holiday,,,,,,,,,,,,,,,,,,,,,,,,,,,,,,,,,,,,,,,,
police-academy-6-vhs-floor-sale-comedy,Police Academy 6,,VHS,Media > Videos,"Floor Sale, VHS, Comedy, Formatted",Genre,Comedy,shopify,1,deny,manual,5.00,00372730,,,,comedy,,,,,,,,,,,,,,,,,,,,,,,,,,,,,,,,,,,,,,,,
brylcreem-boys-vhs-floor-sale-drama,Brylcreem Boys,,VHS,Media > Videos,"Floor Sale, VHS, Drama, Formatted",Genre,Drama,shopify,1,deny,manual,6.00,00241658,,,,drama,,,,,,,,,,,,,,,,,,,,,,,,,,,,,,,,,,,,,,,,
love-affair-vhs-rental-comedy,Love Affair,,VHS,Media > Videos,"Rental, VHS, Comedy, Formatted",Genre,Comedy,shopify,1,deny,manual,0,94114042,,,,comedy,,,,,,,,,,,,,,,,,,,,,,,,,,,,,,,,,,,,,,,,
elizabeth-vhs-rental-drama,Elizabeth,,VHS,Media > Videos,"Rental, VHS, Drama, Formatted",Genre,Drama,shopify,1,deny,manual,0,94081274,,,,drama,,,,,,,,,,,,,,,,,,,,,,,,,,,,,,,,,,,,,,,,
lip-service-vhs-rental-thriller,Lip Service,,VHS,Media > Videos,"Rental, VHS, Thriller, Formatted",Genre,Thriller,shopify,1,deny,manual,0,93950202,,,,thriller,,,,,,,,,,,,,,,,,,,,,,,,,,,,,,,,,,,,,,,,
dick-tracy-vhs-rental-action,Dick Tracy,,VHS,Media > Videos,"Rental, VHS, Action, Formatted",Genre,Action,shopify,1,deny,manual,0,93294842,,,,action,,,,,,,,,,,,,,,,,,,,,,,,,,,,,,,,,,,,,,,,
not-quite-human-vhs-rental-kids-family,Not Quite Human,,VHS,Media > Videos,"Rental, VHS, Kids & Family, Formatted",Genre,Kids & Family,shopify,1,deny,manual,0,93229306,,,,kids-family,,,,,,,,,,,,,,,,,,,,,,,,,,,,,,,,,,,,,,,,
waking-ned-devine-vhs-rental-comedy,Waking Ned Devine,,VHS,Media > Videos,"Rental, VHS, Comedy, Formatted",Genre,Comedy,shopify,1,deny,manual,0,93196538,,,,comedy,,,,,,,,,,,,,,,,,,,,,,,,,,,,,,,,,,,,,,,,
why-me-vhs-rental-comedy,Why Me?,,VHS,Media > Videos,"Floor Sale, VHS, Comedy, Formatted",Genre,Comedy,shopify,1,deny,manual,5.00,44306682,,,,comedy,,,,,,,,,,,,,,,,,,,,,,,,,,,,,,,,,,,,,,,,
a-time-to-die-vhs-rental-action,A Time to Die,,VHS,Media > Videos,"Floor Sale, VHS, Action, Formatted",Genre,Action,shopify,1,deny,manual,8.00,44175610,,,,action,,,,,,,,,,,,,,,,,,,,,,,,,,,,,,,,,,,,,,,,
together-vhs-rental-drama,Together,,VHS,Media > Videos,"Floor Sale, VHS, Drama, Formatted",Genre,Drama,shopify,1,deny,manual,5.00,44110074,,,,drama,,,,,,,,,,,,,,,,,,,,,,,,,,,,,,,,,,,,,,,,
too-smooth-vhs-rental-drama,Too Smooth,,VHS,Media > Videos,"Floor Sale, VHS, Drama, Formatted",Genre,Drama,shopify,1,deny,manual,8.00,43847930,,,,drama,,,,,,,,,,,,,,,,,,,,,,,,,,,,,,,,,,,,,,,,
that-man-is-pregnant-vhs-rental-comedy,"""That Man is Pregnant""",,VHS,Media > Videos,"Floor Sale, VHS, Comedy, Formatted",Genre,Comedy,shopify,1,deny,manual,10.00,43716858,,,,comedy,,,,,,,,,,,,,,,,,,,,,,,,,,,,,,,,,,,,,,,,
perfume-vhs-rental-drama,Perfume,,VHS,Media > Videos,"Floor Sale, VHS, Drama, Formatted",Genre,Drama,shopify,1,deny,manual,6.00,43684090,,,,drama,,,,,,,,,,,,,,,,,,,,,,,,,,,,,,,,,,,,,,,,
triple-cross-vhs-rental-action,Triple Cross,,VHS,Media > Videos,"Floor Sale, VHS, Action, Formatted",Genre,Action,shopify,1,deny,manual,7.00,43651322,,,,action,,,,,,,,,,,,,,,,,,,,,,,,,,,,,,,,,,,,,,,,
nuts-vhs-rental-drama,Nuts,,VHS,Media > Videos,"Floor Sale, VHS, Drama, Formatted",Genre,Drama,shopify,1,deny,manual,5.00,43585786,,,,drama,,,,,,,,,,,,,,,,,,,,,,,,,,,,,,,,,,,,,,,,
a-thin-line-between-vhs-rental-drama,A Thin Line Between,,VHS,Media > Videos,"Floor Sale, VHS, Drama, Formatted",Genre,Drama,shopify,1,deny,manual,6.00,43421946,,,,drama,,,,,,,,,,,,,,,,,,,,,,,,,,,,,,,,,,,,,,,,
tinseltown-vhs-rental-comedy,Tinseltown,,VHS,Media > Videos,"Floor Sale, VHS, Comedy, Formatted",Genre,Comedy,shopify,1,deny,manual,10.00,43323642,,,,comedy,,,,,,,,,,,,,,,,,,,,,,,,,,,,,,,,,,,,,,,,
elephant-vhs-floor-sale-comedy,Elephant,<p>20</p>,VHS,Media > Videos,"Floor Sale, VHS, Comedy, Formatted",Genre,Comedy,shopify,1,deny,manual,20.00,59909370,,,,comedy,,,,,,,,,,,,,,,,,,,,,,,,,,,,,,,,,,,,,,,,
the-perfect-man-dvd-rental-kids-family,The Perfect Man,,DVD,Media > Videos,"Rental, DVD, Kids & Family, Formatted",Genre,Kids & Family,shopify,1,deny,manual,0,48243962,,,,kids-family,,,,,,,,,,,,,,,,,,,,,,,,,,,,,,,,,,,,,,,,
84-charing-cross-road-vhs-rental-drama,84 Charing Cross Road,,VHS,Media > Videos,"Rental, VHS, Drama, Formatted",Genre,Drama,shopify,1,deny,manual,0,17418234,,,,drama,,,,,,,,,,,,,,,,,,,,,,,,,,,,,,,,,,,,,,,,
too-young-to-die-vhs-rental-drama,Too Young to Die,,VHS,Media > Videos,"Rental, VHS, Drama, Formatted",Genre,Drama,shopify,1,deny,manual,0,16467962,,,,drama,,,,,,,,,,,,,,,,,,,,,,,,,,,,,,,,,,,,,,,,
lonely-guy-vhs-rental-romantic-comedy,Lonely Guy,,VHS,Media > Videos,"Rental, VHS, Romantic Comedy, Formatted",Genre,Romantic Comedy,shopify,1,deny,manual,0,16304122,,,,romantic-comedy,,,,,,,,,,,,,,,,,,,,,,,,,,,,,,,,,,,,,,,,
that-darn-cat-vhs-rental-kids-family,That Darn Cat,,VHS,Media > Videos,"Rental, VHS, Kids & Family, Formatted",Genre,Kids & Family,shopify,1,deny,manual,0,15943674,,,,kids-family,,,,,,,,,,,,,,,,,,,,,,,,,,,,,,,,,,,,,,,,
real-life-vhs-rental-comedy,Real Life,,VHS,Media > Videos,"Rental, VHS, Comedy, Formatted",Genre,Comedy,shopify,1,deny,manual,0,15910906,,,,comedy,,,,,,,,,,,,,,,,,,,,,,,,,,,,,,,,,,,,,,,,
fun-with-dick-and-jane-dvd-rental-comedy,Fun with Dick and Jane,,DVD,Media > Videos,"Rental, DVD, Comedy, Formatted",Genre,Comedy,shopify,1,deny,manual,0,95843066,,,,comedy,,,,,,,,,,,,,,,,,,,,,,,,,,,,,,,,,,,,,,,,
masterminds-dvd-rental-comedy,Masterminds,,DVD,Media > Videos,"Rental, DVD, Comedy, Formatted",Genre,Comedy,shopify,1,deny,manual,0,95417082,,,,comedy,,,,,,,,,,,,,,,,,,,,,,,,,,,,,,,,,,,,,,,,
the-gun-run-dvd-rental-action,The Gun Run,,DVD,Media > Videos,"Rental, DVD, Action, Formatted",Genre,Action,shopify,1,deny,manual,0,95286010,,,,action,,,,,,,,,,,,,,,,,,,,,,,,,,,,,,,,,,,,,,,,
downton-abbey-the-motion-picture-dvd-rental-drama,Downton Abbey: The Motion Picture,,DVD,Media > Videos,"Rental, DVD, Drama, Formatted",Genre,Drama,shopify,1,deny,manual,0,95253242,,,,drama,,,,,,,,,,,,,,,,,,,,,,,,,,,,,,,,,,,,,,,,
my-one-and-only-dvd-rental-comedy,My One and Only,,DVD,Media > Videos,"Rental, DVD, Comedy, Formatted",Genre,Comedy,shopify,1,deny,manual,0,03684602,,,,comedy,,,,,,,,,,,,,,,,,,,,,,,,,,,,,,,,,,,,,,,,
deep-blue-sea-deep-blue-sea-2-dvd-rental-horror,Deep Blue Sea / Deep Blue Sea 2,,DVD,Media > Videos,"Rental, DVD, Horror, Formatted",Genre,Horror,shopify,1,deny,manual,0,03520762,,,,horror,,,,,,,,,,,,,,,,,,,,,,,,,,,,,,,,,,,,,,,,
los-lonely-boys-dvd-rental-musical,Los Lonely Boys,,DVD,Media > Videos,"Rental, DVD, Musical, Formatted",Genre,Musical,shopify,1,deny,manual,0,03029242,,,,musical,,,,,,,,,,,,,,,,,,,,,,,,,,,,,,,,,,,,,,,,
the-three-muskateers-dvd-rental-action,The Three Muskateers,,DVD,Media > Videos,"Rental, DVD, Action, Formatted",Genre,Action,shopify,1,deny,manual,0,02701562,,,,action,,,,,,,,,,,,,,,,,,,,,,,,,,,,,,,,,,,,,,,,
held-up-dvd-rental-comedy,Held Up,,DVD,Media > Videos,"Rental, DVD, Comedy, Formatted",Genre,Comedy,shopify,1,deny,manual,0,02603258,,,,comedy,,,,,,,,,,,,,,,,,,,,,,,,,,,,,,,,,,,,,,,,
open-call-dvd-rental-documentary,Open Range,,DVD,Media > Videos,"Rental, DVD, Drama, Formatted",Genre,Drama,shopify,1,deny,manual,0,02570490,,,,drama,,,,,,,,,,,,,,,,,,,,,,,,,,,,,,,,,,,,,,,,
noah-dvd-rental-drama,Noah,,DVD,Media > Videos,"Rental, DVD, Drama, Formatted",Genre,Drama,shopify,1,deny,manual,0,02537722,,,,drama,,,,,,,,,,,,,,,,,,,,,,,,,,,,,,,,,,,,,,,,
paul-blart-mall-cop-dvd-rental-kids-family,Paul Blart: Mall Cop,,DVD,Media > Videos,"Rental, DVD, Kids & Family, Formatted",Genre,Kids & Family,shopify,1,deny,manual,0,02308346,,,,kids-family,,,,,,,,,,,,,,,,,,,,,,,,,,,,,,,,,,,,,,,,
be-cool-get-shorty-dvd-floor-sale-comedy,Be Cool / Get Shorty,,DVD,Media > Videos,"Floor Sale, DVD, Comedy, Formatted",Genre,Comedy,shopify,1,deny,manual,6.00,84154874,,,,comedy,,,,,,,,,,,,,,,,,,,,,,,,,,,,,,,,,,,,,,,,
seven-dvd-floor-sale-thriller,Seven,,DVD,Media > Videos,"Floor Sale, DVD, Thriller, Formatted",Genre,Thriller,shopify,1,deny,manual,6.00,84122106,,,,thriller,,,,,,,,,,,,,,,,,,,,,,,,,,,,,,,,,,,,,,,,
fx-fx2-dvd-floor-sale-action,FX / FX2,,DVD,Media > Videos,"Floor Sale, DVD, Action, Formatted",Genre,Action,shopify,1,deny,manual,5.00,84023802,,,,action,,,,,,,,,,,,,,,,,,,,,,,,,,,,,,,,,,,,,,,,
miss-congeniality-2-dvd-floor-sale-comedy,Miss Congeniality 2,,DVD,Media > Videos,"Floor Sale, DVD, Comedy, Formatted",Genre,Comedy,shopify,1,deny,manual,5.00,83958266,,,,comedy,,,,,,,,,,,,,,,,,,,,,,,,,,,,,,,,,,,,,,,,
the-grudge-dvd-floor-sale-horror,The Grudge,,DVD,Media > Videos,"Floor Sale, DVD, Horror, Formatted",Genre,Horror,shopify,1,deny,manual,6.00,83761658,,,,horror,,,,,,,,,,,,,,,,,,,,,,,,,,,,,,,,,,,,,,,,
harry-potter-and-the-deathly-hallows-part-1-dvd-floor-sale-fantasy,Harry Potter and the Deathly Hallows Part 1,<p>5</p>,DVD,Media > Videos,"Floor Sale, DVD, Fantasy, Formatted",Genre,Fantasy,shopify,1,deny,manual,5.00,83728890,,,,fantasy,,,,,,,,,,,,,,,,,,,,,,,,,,,,,,,,,,,,,,,,
walking-tall-dvd-floor-sale-action,Walking Tall,<p>6</p>,DVD,Media > Videos,"Floor Sale, DVD, Comedy, Action, Formatted",Genre,Comedy,shopify,1,deny,manual,6.00,82483706,,,,comedy; action,,,,,,,,,,,,,,,,,,,,,,,,,,,,,,,,,,,,,,,,
the-honeymooners-dvd-floor-sale-comedy,The Honeymooners,<p>5</p>,DVD,Media > Videos,"Floor Sale, DVD, Comedy, Formatted",Genre,Comedy,shopify,1,deny,manual,5.00,82254330,,,,comedy,,,,,,,,,,,,,,,,,,,,,,,,,,,,,,,,,,,,,,,,
spy-kids-3d-dvd-floor-sale-kids-family,Spy Kids 3D,<p>5</p>,DVD,Media > Videos,"Floor Sale, DVD, Kids & Family, Formatted",Genre,Kids & Family,shopify,1,deny,manual,5.00,82188794,,,,kids-family,,,,,,,,,,,,,,,,,,,,,,,,,,,,,,,,,,,,,,,,
home-of-the-brave-dvd-floor-sale-drama,Home of the Brave,<p>5</p>,DVD,Media > Videos,"Floor Sale, DVD, Drama, Formatted",Genre,Drama,shopify,1,deny,manual,5.00,82090490,,,,drama,,,,,,,,,,,,,,,,,,,,,,,,,,,,,,,,,,,,,,,,
the-punisher-dvd-floor-sale-action,The Punisher,<p>6</p>,DVD,Media > Videos,"Floor Sale, DVD, Action, Formatted",Genre,Action,shopify,1,deny,manual,6.00,82057722,,,,action,,,,,,,,,,,,,,,,,,,,,,,,,,,,,,,,,,,,,,,,
the-debt-dvd-rental-thriller,The Debt,,DVD,Media > Videos,"Rental, DVD, Thriller, Formatted",Genre,Thriller,shopify,1,deny,manual,0,39852538,,,,thriller,,,,,,,,,,,,,,,,,,,,,,,,,,,,,,,,,,,,,,,,
the-tourist-dvd-rental-thriller,The Tourist,,DVD,Media > Videos,"Rental, DVD, Thriller, Formatted",Genre,Thriller,shopify,1,deny,manual,0,39590394,,,,thriller,,,,,,,,,,,,,,,,,,,,,,,,,,,,,,,,,,,,,,,,
kill-em-all-dvd-rental-action,Kill 'Em All,,DVD,Media > Videos,"Rental, DVD, Action, Formatted",Genre,Action,shopify,1,deny,manual,0,39557626,,,,action,,,,,,,,,,,,,,,,,,,,,,,,,,,,,,,,,,,,,,,,
beverly-hills-chihuahua-dvd-rental-kids-family,Beverly Hills Chihuahua,,DVD,Media > Videos,"Rental, DVD, Kids & Family, Formatted",Genre,Kids & Family,shopify,1,deny,manual,0,39459322,,,,kids-family,,,,,,,,,,,,,,,,,,,,,,,,,,,,,,,,,,,,,,,,
usher-truth-tour-dvd-rental-musical,USHER: TRUTH TOUR,,DVD,Media > Videos,"Rental, DVD, Musical, Formatted",Genre,Musical,shopify,1,deny,manual,0,39361018,,,,musical,,,,,,,,,,,,,,,,,,,,,,,,,,,,,,,,,,,,,,,,
motives-2-dvd-rental-thriller,Motives 2,,DVD,Media > Videos,"Rental, DVD, Thriller, Formatted",Genre,Thriller,shopify,1,deny,manual,0,38967802,,,,thriller,,,,,,,,,,,,,,,,,,,,,,,,,,,,,,,,,,,,,,,,
uss-poseidon-phantom-below-dvd-rental-action,USS Poseidon: Phantom Below,,DVD,Media > Videos,"Rental, DVD, Action, Formatted",Genre,Action,shopify,1,deny,manual,0,38771194,,,,action,,,,,,,,,,,,,,,,,,,,,,,,,,,,,,,,,,,,,,,,
american-pie-dvd-rental-comedy,American Pie,,DVD,Media > Videos,"Rental, DVD, Comedy, Formatted",Genre,Comedy,shopify,1,deny,manual,0,96238330,,,,comedy,,,,,,,,,,,,,,,,,,,,,,,,,,,,,,,,,,,,,,,,
stir-of-echoes-2-dvd-rental-thriller,Stir of Echoes 2,,DVD,Media > Videos,"Rental, DVD, Thriller, Formatted",Genre,Thriller,shopify,1,deny,manual,0,96074490,,,,thriller,,,,,,,,,,,,,,,,,,,,,,,,,,,,,,,,,,,,,,,,
the-spirit-dvd-floor-sale-action,The Spirit,,DVD,Media > Videos,"Floor Sale, DVD, Action, Formatted",Genre,Action,shopify,1,deny,manual,5.00,92699386,,,,action,,,,,,,,,,,,,,,,,,,,,,,,,,,,,,,,,,,,,,,,
contact-dvd-floor-sale-sci-fi,Contact,,DVD,Media > Videos,"Floor Sale, DVD, Sci-Fi, Formatted",Genre,Sci-Fi,shopify,1,deny,manual,5.00,92437242,,,,sci-fi,,,,,,,,,,,,,,,,,,,,,,,,,,,,,,,,,,,,,,,,
harry-potter-and-the-sorcerers-stone-dvd-floor-sale-kids-family,Harry Potter and the Sorcerer's Stone,,DVD,Media > Videos,"Floor Sale, DVD, Kids & Family, Formatted",Genre,Kids & Family,shopify,1,deny,manual,6.00,92338938,,,,kids-family,,,,,,,,,,,,,,,,,,,,,,,,,,,,,,,,,,,,,,,,
the-secret-life-of-pets-dvd-6,The Secret Life of Pets,,DVD,Media > Videos,"Floor Sale, DVD, Kids & Family, Formatted",Genre,Kids & Family,shopify,1,deny,manual,6.00,42334970,,,,kids-family,,,,,,,,,,,,,,,,,,,,,,,,,,,,,,,,,,,,,,,,
the-dark-dvd-5,The Dark,,DVD,Media > Videos,"Floor Sale, DVD, Horror, Formatted",Genre,Horror,shopify,1,deny,manual,5.00,42138362,,,,horror,,,,,,,,,,,,,,,,,,,,,,,,,,,,,,,,,,,,,,,,
point-blank-dvd-5,Point Blank,,DVD,Media > Videos,"Floor Sale, DVD, Action, Formatted",Genre,Action,shopify,1,deny,manual,5.00,42072826,,,,action,,,,,,,,,,,,,,,,,,,,,,,,,,,,,,,,,,,,,,,,
beef-4-dvd-floor-sale-documentary,Beef 4,<p>6</p>,DVD,Media > Videos,"Floor Sale, DVD, Documentary, Formatted",Genre,Documentary,shopify,1,deny,manual,6.00,41941754,,,,documentary,,,,,,,,,,,,,,,,,,,,,,,,,,,,,,,,,,,,,,,,
most-wanted-dvd-floor-sale-action,Most Wanted,<p>5</p>,DVD,Media > Videos,"Floor Sale, DVD, Action, Formatted",Genre,Action,shopify,1,deny,manual,5.00,41810682,,,,action,,,,,,,,,,,,,,,,,,,,,,,,,,,,,,,,,,,,,,,,
miiii-dvd-5,M:I:III,<p>5</p>,DVD,Media > Videos,"Floor Sale, DVD, Action, Formatted",Genre,Action,shopify,1,deny,manual,5.00,41712378,,,,action,,,,,,,,,,,,,,,,,,,,,,,,,,,,,,,,,,,,,,,,
i-am-legend-dvd-5,I am Legend,<p>10</p>,DVD,Media > Videos,"Floor Sale, DVD, Sci-Fi, Formatted",Genre,Sci-Fi,shopify,1,deny,manual,5.00,41581306,,,,sci-fi,,,,,,,,,,,,,,,,,,,,,,,,,,,,,,,,,,,,,,,,
fighting-dvd-4,Fighting,<p>4</p>,DVD,Media > Videos,"Floor Sale, DVD, Action, Formatted",Genre,Action,shopify,1,deny,manual,4.00,40991482,,,,action,,,,,,,,,,,,,,,,,,,,,,,,,,,,,,,,,,,,,,,,
mad-money-dvd-5,Mad Money,<p>10</p>,DVD,Media > Videos,"Floor Sale, DVD, Comedy, Formatted",Genre,Comedy,shopify,1,deny,manual,5.00,40893178,,,,comedy,,,,,,,,,,,,,,,,,,,,,,,,,,,,,,,,,,,,,,,,
waynes-world-dvd-rental-comedy,Wayne's World,,DVD,Media > Videos,"Rental, DVD, Comedy, Formatted",Genre,Comedy,shopify,1,deny,manual,0,01256186,,,,comedy,,,,,,,,,,,,,,,,,,,,,,,,,,,,,,,,,,,,,,,,
adventures-in-babysitting-dvd-rental-comedy,Adventures in Babysitting,,DVD,Media > Videos,"Rental, DVD, Comedy, Formatted",Genre,Comedy,shopify,1,deny,manual,0,00600826,,,,comedy,,,,,,,,,,,,,,,,,,,,,,,,,,,,,,,,,,,,,,,,
the-fighter-bluray-rental-drama,The Fighter,,Blu-Ray,Media > Videos,"Rental, Blu-Ray, Drama, Formatted",Genre,Drama,shopify,1,deny,manual,0,90344442,,,,drama,,,,,,,,,,,,,,,,,,,,,,,,,,,,,,,,,,,,,,,,
scarface-dvd-rental-drama,Scarface,,DVD,Media > Videos,"Rental, DVD, Drama, Formatted",Genre,Drama,shopify,1,deny,manual,0,69274618,,,,drama,,,,,,,,,,,,,,,,,,,,,,,,,,,,,,,,,,,,,,,,
abduction-dvd-rental-action,Abduction,,DVD,Media > Videos,"Rental, DVD, Action, Formatted",Genre,Action,shopify,1,deny,manual,0,67570682,,,,action,,,,,,,,,,,,,,,,,,,,,,,,,,,,,,,,,,,,,,,,
girls-trip-dvd-rental-comedy,Girls Trip,,DVD,Media > Videos,"Rental, DVD, Comedy, Formatted",Genre,Comedy,shopify,1,deny,manual,0,59673594,,,,comedy,,,,,,,,,,,,,,,,,,,,,,,,,,,,,,,,,,,,,,,,
feast-dvd-rental-horror,Feast,,DVD,Media > Videos,"Rental, DVD, Horror, Formatted",Genre,Horror,shopify,1,deny,manual,0,48466938,,,,horror,,,,,,,,,,,,,,,,,,,,,,,,,,,,,,,,,,,,,,,,
the-gathering-dvd-rental-horror,The Gathering,,DVD,Media > Videos,"Rental, DVD, Horror, Formatted",Genre,Horror,shopify,1,deny,manual,0,44534778,,,,horror,,,,,,,,,,,,,,,,,,,,,,,,,,,,,,,,,,,,,,,,
miiii-dvd-rental-action,M:I:III,,DVD,Media > Videos,"Rental, DVD, Action, Formatted",Genre,Action,shopify,1,deny,manual,0,46071034,,,,action,,,,,,,,,,,,,,,,,,,,,,,,,,,,,,,,,,,,,,,,
the-cookout-dvd-rental-comedy,The Cookout,,DVD,Media > Videos,"Rental, DVD, Comedy, Formatted",Genre,Comedy,shopify,1,deny,manual,0,45907194,,,,comedy,,,,,,,,,,,,,,,,,,,,,,,,,,,,,,,,,,,,,,,,
the-brothers-grimsby-dvd-rental-comedy,The Brothers Grimsby,,DVD,Media > Videos,"Rental, DVD, Comedy, Formatted",Genre,Comedy,shopify,1,deny,manual,0,42204410,,,,comedy,,,,,,,,,,,,,,,,,,,,,,,,,,,,,,,,,,,,,,,,
dragon-heart-3-dvd-rental-fantasy,Dragon Heart 3,,DVD,Media > Videos,"Rental, DVD, Fantasy, Formatted",Genre,Fantasy,shopify,1,deny,manual,0,41843962,,,,fantasy,,,,,,,,,,,,,,,,,,,,,,,,,,,,,,,,,,,,,,,,
the-wolfman-dvd-rental-horror,The Wolfman,,DVD,Media > Videos,"Rental, DVD, Horror, Formatted",Genre,Horror,shopify,1,deny,manual,0,41385210,,,,horror,,,,,,,,,,,,,,,,,,,,,,,,,,,,,,,,,,,,,,,,
hush-dvd-rental-horror,Hush,,DVD,Media > Videos,"Rental, DVD, Horror, Formatted",Genre,Horror,shopify,1,deny,manual,0,41155834,,,,horror,,,,,,,,,,,,,,,,,,,,,,,,,,,,,,,,,,,,,,,,
the-man-with-the-iron-fists-dvd-rental-action,The Man with the Iron Fists,,DVD,Media > Videos,"Rental, DVD, Action, Formatted",Genre,Action,shopify,1,deny,manual,0,38960378,,,,action,,,,,,,,,,,,,,,,,,,,,,,,,,,,,,,,,,,,,,,,
castaway-dvd-rental-drama,Castaway,,DVD,Media > Videos,"Rental, DVD, Drama, Formatted",Genre,Drama,shopify,1,deny,manual,0,37649658,,,,drama,,,,,,,,,,,,,,,,,,,,,,,,,,,,,,,,,,,,,,,,
mud-dvd-rental-drama,MUD,,DVD,Media > Videos,"Rental, DVD, Drama, Formatted",Genre,Drama,shopify,1,deny,manual,0,42182650,,,,drama,,,,,,,,,,,,,,,,,,,,,,,,,,,,,,,,,,,,,,,,
swingers-dvd-rental-comedy,Swingers,,DVD,Media > Videos,"Rental, DVD, Comedy, Formatted",Genre,Comedy,shopify,1,deny,manual,0,40282106,,,,comedy,,,,,,,,,,,,,,,,,,,,,,,,,,,,,,,,,,,,,,,,
bubble-dvd-rental-comedy,Bubble,,DVD,Media > Videos,"Rental, DVD, Comedy, Formatted",Genre,Comedy,shopify,1,deny,manual,0,40183802,,,,comedy,,,,,,,,,,,,,,,,,,,,,,,,,,,,,,,,,,,,,,,,
casino-royal-dvd-rental-action,Casino Royal,,DVD,Media > Videos,"Rental, DVD, Action, Formatted",Genre,Action,shopify,1,deny,manual,0,35923962,,,,action,,,,,,,,,,,,,,,,,,,,,,,,,,,,,,,,,,,,,,,,
grand-prix-dvd-rental-drama,Grand Prix,,DVD,Media > Videos,"Rental, DVD, Drama, Formatted",Genre,Drama,shopify,1,deny,manual,0,31533050,,,,drama,,,,,,,,,,,,,,,,,,,,,,,,,,,,,,,,,,,,,,,,
monte-carlo-dvd-rental-romantic-comedy,Monte Carlo,,DVD,Media > Videos,"Rental, DVD, Romantic Comedy, Formatted",Genre,Romantic Comedy,shopify,1,deny,manual,0,31041530,,,,romantic-comedy,,,,,,,,,,,,,,,,,,,,,,,,,,,,,,,,,,,,,,,,
crossroads-dvd-rental-romantic-comedy,Crossroads,,DVD,Media > Videos,"Rental, DVD, Romantic Comedy, Formatted",Genre,Romantic Comedy,shopify,1,deny,manual,0,30615546,,,,romantic-comedy,,,,,,,,,,,,,,,,,,,,,,,,,,,,,,,,,,,,,,,,
far-from-heaven-dvd-rental-drama,Far from Heaven,,DVD,Media > Videos,"Rental, DVD, Drama, Formatted",Genre,Drama,shopify,1,deny,manual,0,42902010,,,,drama,,,,,,,,,,,,,,,,,,,,,,,,,,,,,,,,,,,,,,,,
300-spartans-dvd-rental-action,300 Spartans,,DVD,Media > Videos,"Rental, DVD, Action, Formatted",Genre,Action,shopify,1,deny,manual,0,42770938,,,,action,,,,,,,,,,,,,,,,,,,,,,,,,,,,,,,,,,,,,,,,
bandits-dvd-rental-action,Bandits,,DVD,Media > Videos,"Rental, DVD, Action, Formatted",Genre,Action,shopify,1,deny,manual,0,42508794,,,,action,,,,,,,,,,,,,,,,,,,,,,,,,,,,,,,,,,,,,,,,
the-day-after-dvd-rental-drama,The Day After,,DVD,Media > Videos,"Rental, DVD, Drama, Formatted",Genre,Drama,shopify,1,deny,manual,0,42017274,,,,drama,,,,,,,,,,,,,,,,,,,,,,,,,,,,,,,,,,,,,,,,
checkmate-dvd-rental-thriller,Checkmate,,DVD,Media > Videos,"Rental, DVD, Thriller, Formatted",Genre,Thriller,shopify,1,deny,manual,0,41918970,,,,thriller,,,,,,,,,,,,,,,,,,,,,,,,,,,,,,,,,,,,,,,,
fighting-dvd-rental-action,Fighting,,DVD,Media > Videos,"Rental, DVD, Action, Formatted",Genre,Action,shopify,1,deny,manual,0,64955898,,,,action,,,,,,,,,,,,,,,,,,,,,,,,,,,,,,,,,,,,,,,,
unknown-dvd-rental-thriller,Unknown,,DVD,Media > Videos,"Rental, DVD, Thriller, Formatted",Genre,Thriller,shopify,1,deny,manual,0,64923130,,,,thriller,,,,,,,,,,,,,,,,,,,,,,,,,,,,,,,,,,,,,,,,
empire-dvd-rental-thriller,Empire,,DVD,Media > Videos,"Rental, DVD, Thriller, Formatted",Genre,Thriller,shopify,1,deny,manual,0,64562682,,,,thriller,,,,,,,,,,,,,,,,,,,,,,,,,,,,,,,,,,,,,,,,
an-all-dogs-christmas-christmas-carol-dvd-rental-holiday,An All Dogs Christmas / Christmas Carol,,DVD,Media > Videos,"Rental, DVD, Holiday, Formatted",Genre,Holiday,shopify,1,deny,manual,0,64464378,,,,holiday,,,,,,,,,,,,,,,,,,,,,,,,,,,,,,,,,,,,,,,,
backdraft-dvd-rental-action,Backdraft,,DVD,Media > Videos,"Rental, DVD, Action, Formatted",Genre,Action,shopify,1,deny,manual,0,58959354,,,,action,,,,,,,,,,,,,,,,,,,,,,,,,,,,,,,,,,,,,,,,
total-recall-dvd-5,Total Recall,,DVD,Media > Videos,"Floor Sale, DVD, Sci-Fi, Formatted",Genre,Sci-Fi,shopify,1,deny,manual,5.00,27318522,,,,sci-fi,,,,,,,,,,,,,,,,,,,,,,,,,,,,,,,,,,,,,,,,
invasion-dvd-6,Invasion,,DVD,Media > Videos,"Floor Sale, DVD, Sci-Fi, Formatted",Genre,Sci-Fi,shopify,1,deny,manual,6.00,27089146,,,,sci-fi,,,,,,,,,,,,,,,,,,,,,,,,,,,,,,,,,,,,,,,,
texas-chainsaw-massacre-dvd-6,Texas Chainsaw Massacre,,DVD,Media > Videos,"Floor Sale, DVD, Horror, Formatted",Genre,Horror,shopify,1,deny,manual,6.00,26630394,,,,horror,,,,,,,,,,,,,,,,,,,,,,,,,,,,,,,,,,,,,,,,
dance-with-me-dvd-5,Dance with Me,<p>5</p>,DVD,Media > Videos,"Floor Sale, DVD, Drama, Formatted",Genre,Drama,shopify,1,deny,manual,5.00,26007802,,,,drama,,,,,,,,,,,,,,,,,,,,,,,,,,,,,,,,,,,,,,,,
super-dave-dvd-rental-comedy,Super Dave,,DVD,Media > Videos,"Rental, DVD, Comedy, Formatted",Genre,Comedy,shopify,1,deny,manual,0,31236090,,,,comedy,,,,,,,,,,,,,,,,,,,,,,,,,,,,,,,,,,,,,,,,
electra-dvd-rental-action,Electra,,DVD,Media > Videos,"Rental, DVD, Action, Formatted",Genre,Action,shopify,1,deny,manual,0,31137786,,,,action,,,,,,,,,,,,,,,,,,,,,,,,,,,,,,,,,,,,,,,,
the-underneath-dvd-rental-thriller,The Underneath,,DVD,Media > Videos,"Rental, DVD, Thriller, Formatted",Genre,Thriller,shopify,1,deny,manual,0,30941178,,,,thriller,,,,,,,,,,,,,,,,,,,,,,,,,,,,,,,,,,,,,,,,
the-paperboy-dvd-rental-thriller,The Paperboy,,DVD,Media > Videos,"Rental, DVD, Thriller, Formatted",Genre,Thriller,shopify,1,deny,manual,0,30285818,,,,thriller,,,,,,,,,,,,,,,,,,,,,,,,,,,,,,,,,,,,,,,,
revenge-dvd-rental-action,Revenge,,DVD,Media > Videos,"Rental, DVD, Action, Formatted",Genre,Action,shopify,1,deny,manual,0,29827066,,,,action,,,,,,,,,,,,,,,,,,,,,,,,,,,,,,,,,,,,,,,,
center-stage-dvd-rental-drama,Center Stage,,DVD,Media > Videos,"Rental, DVD, Drama, Formatted",Genre,Drama,shopify,1,deny,manual,0,42598650,,,,drama,,,,,,,,,,,,,,,,,,,,,,,,,,,,,,,,,,,,,,,,
the-fog-dvd-rental-horror,The Fog,,DVD,Media > Videos,"Rental, DVD, Horror, Formatted",Genre,Horror,shopify,1,deny,manual,0,42565882,,,,horror,,,,,,,,,,,,,,,,,,,,,,,,,,,,,,,,,,,,,,,,
the-losers-dvd-5,The Losers,,DVD,Media > Videos,"Floor Sale, DVD, Action, Formatted",Genre,Action,shopify,1,deny,manual,5.00,90989050,,,,action,,,,,,,,,,,,,,,,,,,,,,,,,,,,,,,,,,,,,,,,
cry-wolf-dvd-5,Cry Wolf,,DVD,Media > Videos,"Floor Sale, DVD, Horror, Formatted",Genre,Horror,shopify,1,deny,manual,5.00,90759674,,,,horror,,,,,,,,,,,,,,,,,,,,,,,,,,,,,,,,,,,,,,,,
charlottes-web-dvd-5,Charlotte's Web,<p>5</p>,DVD,Media > Videos,"Floor Sale, DVD, Kids & Family, Formatted",Genre,Kids & Family,shopify,1,deny,manual,5.00,89481722,,,,kids-family,,,,,,,,,,,,,,,,,,,,,,,,,,,,,,,,,,,,,,,,
sanky-panky-dvd-5,Sanky Panky,<p>5</p>,DVD,Media > Videos,"Floor Sale, DVD, Comedy, Formatted",Genre,Comedy,shopify,1,deny,manual,5.00,89416186,,,,comedy,,,,,,,,,,,,,,,,,,,,,,,,,,,,,,,,,,,,,,,,
wrongly-accused-dvd-5,Wrongly Accused,,DVD,Media > Videos,"Floor Sale, DVD, Comedy, Formatted",Genre,Comedy,shopify,1,deny,manual,5.00,63037946,,,,comedy,,,,,,,,,,,,,,,,,,,,,,,,,,,,,,,,,,,,,,,,
dumb-and-dumber-dvd-5,Dumb and Dumber,,DVD,Media > Videos,"Floor Sale, DVD, Comedy, Formatted",Genre,Comedy,shopify,1,deny,manual,5.00,62972410,,,,comedy,,,,,,,,,,,,,,,,,,,,,,,,,,,,,,,,,,,,,,,,
most-wanted-dvd-5,Most Wanted,,DVD,Media > Videos,"Floor Sale, DVD, Action, Formatted",Genre,Action,shopify,1,deny,manual,5.00,62841338,,,,action,,,,,,,,,,,,,,,,,,,,,,,,,,,,,,,,,,,,,,,,
last-man-standing-dvd-5,Last Man Standing,,DVD,Media > Videos,"Floor Sale, DVD, Action, Formatted",Genre,Action,shopify,1,deny,manual,5.00,62677498,,,,action,,,,,,,,,,,,,,,,,,,,,,,,,,,,,,,,,,,,,,,,
singles-dvd-5,Singles,<p>5</p>,DVD,Media > Videos,"Floor Sale, DVD, Romantic Comedy, Formatted",Genre,Romantic Comedy,shopify,1,deny,manual,5.00,62611962,,,,romantic-comedy,,,,,,,,,,,,,,,,,,,,,,,,,,,,,,,,,,,,,,,,
ocean-eleven-dvd-5,Ocean Eleven,<p>5</p>,DVD,Media > Videos,"Floor Sale, DVD, Drama, Formatted",Genre,Drama,shopify,1,deny,manual,5.00,62546426,,,,drama,,,,,,,,,,,,,,,,,,,,,,,,,,,,,,,,,,,,,,,,
insomnia-dvd-5,Insomnia,<p>5</p>,DVD,Media > Videos,"Floor Sale, DVD, Thriller, Formatted",Genre,Thriller,shopify,1,deny,manual,5.00,62513658,,,,thriller,,,,,,,,,,,,,,,,,,,,,,,,,,,,,,,,,,,,,,,,
deep-blue-sea-dvd-5,Deep Blue Sea,<p>5</p>,DVD,Media > Videos,"Floor Sale, DVD, Horror, Formatted",Genre,Horror,shopify,1,deny,manual,5.00,62415354,,,,horror,,,,,,,,,,,,,,,,,,,,,,,,,,,,,,,,,,,,,,,,
contract-killer-dvd-rental-action,Contract Killer,,DVD,Media > Videos,"Rental, DVD, Action, Formatted",Genre,Action,shopify,1,deny,manual,0,70525946,,,,action,,,,,,,,,,,,,,,,,,,,,,,,,,,,,,,,,,,,,,,,
premonition-dvd-rental-thriller,Premonition,,DVD,Media > Videos,"Rental, DVD, Thriller, Formatted",Genre,Thriller,shopify,1,deny,manual,0,70460410,,,,thriller,,,,,,,,,,,,,,,,,,,,,,,,,,,,,,,,,,,,,,,,
the-american-dvd-rental-drama,The American,,DVD,Media > Videos,"Rental, DVD, Drama, Formatted",Genre,Drama,shopify,1,deny,manual,0,70329338,,,,drama,,,,,,,,,,,,,,,,,,,,,,,,,,,,,,,,,,,,,,,,
brooklyn-dvd-rental-drama,Brooklyn,,DVD,Media > Videos,"Rental, DVD, Drama, Formatted",Genre,Drama,shopify,1,deny,manual,0,67904506,,,,drama,,,,,,,,,,,,,,,,,,,,,,,,,,,,,,,,,,,,,,,,
blink-dvd-rental-thriller,Blink,,DVD,Media > Videos,"Rental, DVD, Thriller, Formatted",Genre,Thriller,shopify,1,deny,manual,0,67707898,,,,thriller,,,,,,,,,,,,,,,,,,,,,,,,,,,,,,,,,,,,,,,,
the-perfect-man-dvd-rental-romantic-comedy,The Perfect Man,,DVD,Media > Videos,"Rental, DVD, Romantic Comedy, Formatted",Genre,Romantic Comedy,shopify,1,deny,manual,0,67576826,,,,romantic-comedy,,,,,,,,,,,,,,,,,,,,,,,,,,,,,,,,,,,,,,,,
love-and-monsters-dvd-rental-action,Love and Monsters,,DVD,Media > Videos,"Rental, DVD, Action, Formatted",Genre,Action,shopify,1,deny,manual,0,39887866,,,,action,,,,,,,,,,,,,,,,,,,,,,,,,,,,,,,,,,,,,,,,
dumb-and-dumber-dvd-rental-comedy,Dumb and Dumber,,DVD,Media > Videos,"Rental, DVD, Comedy, Formatted",Genre,Comedy,shopify,1,deny,manual,0,86764026,,,,comedy,,,,,,,,,,,,,,,,,,,,,,,,,,,,,,,,,,,,,,,,
jackass-3-unrated-dvd-rental-comedy,Jackass 3 (Unrated),,DVD,Media > Videos,"Rental, DVD, Comedy, Formatted",Genre,Comedy,shopify,1,deny,manual,0,86731258,,,,comedy,,,,,,,,,,,,,,,,,,,,,,,,,,,,,,,,,,,,,,,,
eye-in-the-sky-dvd-rental-thriller,Eye in the Sky,,DVD,Media > Videos,"Rental, DVD, Thriller, Formatted",Genre,Thriller,shopify,1,deny,manual,0,86600186,,,,thriller,,,,,,,,,,,,,,,,,,,,,,,,,,,,,,,,,,,,,,,,
police-story-dvd-rental-action,Police Story,,DVD,Media > Videos,"Rental, DVD, Action, Formatted",Genre,Action,shopify,1,deny,manual,0,85944826,,,,action,,,,,,,,,,,,,,,,,,,,,,,,,,,,,,,,,,,,,,,,
the-queen-dvd-rental-drama,The Queen,,DVD,Media > Videos,"Rental, DVD, Drama, Formatted",Genre,Drama,shopify,1,deny,manual,0,01703162,,,,drama,,,,,,,,,,,,,,,,,,,,,,,,,,,,,,,,,,,,,,,,
emma-dvd-rental-drama,Emma.,,DVD,Media > Videos,"Rental, DVD, Drama, Formatted",Genre,Drama,shopify,1,deny,manual,0,01604858,,,,drama,,,,,,,,,,,,,,,,,,,,,,,,,,,,,,,,,,,,,,,,
saw-the-final-chapter-dvd-rental-horror,Saw: The Final Chapter,,DVD,Media > Videos,"Rental, DVD, Horror, Formatted",Genre,Horror,shopify,1,deny,manual,0,01408250,,,,horror,,,,,,,,,,,,,,,,,,,,,,,,,,,,,,,,,,,,,,,,
annapolis-dvd-rental-drama,Annapolis,,DVD,Media > Videos,"Rental, DVD, Drama, Formatted",Genre,Drama,shopify,1,deny,manual,0,01375482,,,,drama,,,,,,,,,,,,,,,,,,,,,,,,,,,,,,,,,,,,,,,,
warning-shot-dvd-rental-thriller,Warning Shot,,DVD,Media > Videos,"Rental, DVD, Thriller, Formatted",Genre,Thriller,shopify,1,deny,manual,0,01244410,,,,thriller,,,,,,,,,,,,,,,,,,,,,,,,,,,,,,,,,,,,,,,,
the-guardian-dvd-rental-action,The Guardian,,DVD,Media > Videos,"Rental, DVD, Action, Formatted",Genre,Action,shopify,1,deny,manual,0,00818426,,,,action,,,,,,,,,,,,,,,,,,,,,,,,,,,,,,,,,,,,,,,,
original-sin-dvd-rental-drama,Original Sin,,DVD,Media > Videos,"Rental, DVD, Drama, Formatted",Genre,Drama,shopify,1,deny,manual,0,83287546,,,,drama,,,,,,,,,,,,,,,,,,,,,,,,,,,,,,,,,,,,,,,,
lonesome-dove-dvd-rental-drama,Lonesome Dove,,DVD,Media > Videos,"Rental, DVD, Drama, Formatted",Genre,Drama,shopify,1,deny,manual,0,83254778,,,,drama,,,,,,,,,,,,,,,,,,,,,,,,,,,,,,,,,,,,,,,,
coming-home-for-christmas-dvd-rental-holiday,Coming Home for Christmas,,DVD,Media > Videos,"Rental, DVD, Holiday, Formatted",Genre,Holiday,shopify,1,deny,manual,0,82697722,,,,holiday,,,,,,,,,,,,,,,,,,,,,,,,,,,,,,,,,,,,,,,,
total-recall-dvd-rental-sci-fi,Total Recall,,DVD,Media > Videos,"Rental, DVD, Sci-Fi, Formatted",Genre,Sci-Fi,shopify,1,deny,manual,0,82632186,,,,sci-fi,,,,,,,,,,,,,,,,,,,,,,,,,,,,,,,,,,,,,,,,
lifeform-dvd-rental-sci-fi,Lifeform,,DVD,Media > Videos,"Rental, DVD, Sci-Fi, Formatted",Genre,Sci-Fi,shopify,1,deny,manual,0,82501114,,,,sci-fi,,,,,,,,,,,,,,,,,,,,,,,,,,,,,,,,,,,,,,,,
walking-tall-dvd-rental-action,Walking Tall,,DVD,Media > Videos,"Rental, DVD, Action, Formatted",Genre,Action,shopify,1,deny,manual,0,40033786,,,,action,,,,,,,,,,,,,,,,,,,,,,,,,,,,,,,,,,,,,,,,
trespass-dvd-rental-thriller,Trespass,,DVD,Media > Videos,"Rental, DVD, Thriller, Formatted",Genre,Thriller,shopify,1,deny,manual,0,39378426,,,,thriller,,,,,,,,,,,,,,,,,,,,,,,,,,,,,,,,,,,,,,,,
dance-with-me-dvd-rental-drama,Dance with Me,,DVD,Media > Videos,"Rental, DVD, Drama, Formatted",Genre,Drama,shopify,1,deny,manual,0,35839482,,,,drama,,,,,,,,,,,,,,,,,,,,,,,,,,,,,,,,,,,,,,,,
sense-and-sensibility-dvd-rental-drama,Sense and Sensibility,,DVD,Media > Videos,"Rental, DVD, Drama, Formatted",Genre,Drama,shopify,1,deny,manual,0,34528762,,,,drama,,,,,,,,,,,,,,,,,,,,,,,,,,,,,,,,,,,,,,,,
storm-of-the-century-dvd-rental-horror,Storm of the Century,,DVD,Media > Videos,"Rental, DVD, Horror, Formatted",Genre,Horror,shopify,1,deny,manual,0,33021434,,,,horror,,,,,,,,,,,,,,,,,,,,,,,,,,,,,,,,,,,,,,,,
pirates-of-the-caribbean-dvd-rental-kids-family,Pirates of the Caribbean,,DVD,Media > Videos,"Rental, DVD, Kids & Family, Formatted",Genre,Kids & Family,shopify,1,deny,manual,0,31841786,,,,kids-family,,,,,,,,,,,,,,,,,,,,,,,,,,,,,,,,,,,,,,,,
prince-of-persia-dvd-rental-action,Prince of Persia,,DVD,Media > Videos,"Rental, DVD, Action, Formatted",Genre,Action,shopify,1,deny,manual,0,30858746,,,,action,,,,,,,,,,,,,,,,,,,,,,,,,,,,,,,,,,,,,,,,
snow-snow-2-brain-freeze-dvd-rental-holiday,Snow / Snow 2 Brain Freeze,,DVD,Media > Videos,"Rental, DVD, Holiday, Formatted",Genre,Holiday,shopify,1,deny,manual,0,28990970,,,,holiday,,,,,,,,,,,,,,,,,,,,,,,,,,,,,,,,,,,,,,,,
annie-dvd-rental-musical,Annie,,DVD,Media > Videos,"Rental, DVD, Musical, Formatted",Genre,Musical,shopify,1,deny,manual,0,28696058,,,,musical,,,,,,,,,,,,,,,,,,,,,,,,,,,,,,,,,,,,,,,,
the-edge-dvd-rental-thriller,The Edge,,DVD,Media > Videos,"Rental, DVD, Thriller, Formatted",Genre,Thriller,shopify,1,deny,manual,0,29385210,,,,thriller,,,,,,,,,,,,,,,,,,,,,,,,,,,,,,,,,,,,,,,,
for-love-or-money-dvd-rental-romantic-comedy,For Love or Money,,DVD,Media > Videos,"Rental, DVD, Romantic Comedy, Formatted",Genre,Romantic Comedy,shopify,1,deny,manual,0,26731002,,,,romantic-comedy,,,,,,,,,,,,,,,,,,,,,,,,,,,,,,,,,,,,,,,,
the-secret-of-my-success-dvd-rental-comedy,The Secret of My Success,,DVD,Media > Videos,"Rental, DVD, Comedy, Formatted",Genre,Comedy,shopify,1,deny,manual,0,25780730,,,,comedy,,,,,,,,,,,,,,,,,,,,,,,,,,,,,,,,,,,,,,,,
the-good-doctor-dvd-rental-drama,The Good Doctor,,DVD,Media > Videos,"Rental, DVD, Drama, Formatted",Genre,Drama,shopify,1,deny,manual,0,21422586,,,,drama,,,,,,,,,,,,,,,,,,,,,,,,,,,,,,,,,,,,,,,,
drive-dvd-rental-action,Drive,,DVD,Media > Videos,"Rental, DVD, Action, Formatted",Genre,Action,shopify,1,deny,manual,0,21062138,,,,action,,,,,,,,,,,,,,,,,,,,,,,,,,,,,,,,,,,,,,,,
snitch-dvd-rental-thriller,Snitch,,DVD,Media > Videos,"Rental, DVD, Thriller, Formatted",Genre,Thriller,shopify,1,deny,manual,0,20013562,,,,thriller,,,,,,,,,,,,,,,,,,,,,,,,,,,,,,,,,,,,,,,,
volcano-dvd-rental-action,Volcano,,DVD,Media > Videos,"Rental, DVD, Action, Formatted",Genre,Action,shopify,1,deny,manual,0,07587578,,,,action,,,,,,,,,,,,,,,,,,,,,,,,,,,,,,,,,,,,,,,,
the-scorpion-king-2-dvd-rental-action,The Scorpion King 2,,DVD,Media > Videos,"Rental, DVD, Action, Formatted",Genre,Action,shopify,1,deny,manual,0,06244090,,,,action,,,,,,,,,,,,,,,,,,,,,,,,,,,,,,,,,,,,,,,,
boogeyman-dvd-rental-horror,Boogeyman,,DVD,Media > Videos,"Rental, DVD, Horror, Formatted",Genre,Horror,shopify,1,deny,manual,0,04736762,,,,horror,,,,,,,,,,,,,,,,,,,,,,,,,,,,,,,,,,,,,,,,
see-no-evil-dvd-rental-horror,See No Evil,,DVD,Media > Videos,"Rental, DVD, Horror, Formatted",Genre,Horror,shopify,1,deny,manual,0,03393274,,,,horror,,,,,,,,,,,,,,,,,,,,,,,,,,,,,,,,,,,,,,,,
scary-stories-dvd-rental-horror,Scary Stories,,DVD,Media > Videos,"Rental, DVD, Horror, Formatted",Genre,Horror,shopify,1,deny,manual,0,00706298,,,,horror,,,,,,,,,,,,,,,,,,,,,,,,,,,,,,,,,,,,,,,,
war-dvd-rental-action,War,,DVD,Media > Videos,"Rental, DVD, Action, Formatted",Genre,Action,shopify,1,deny,manual,0,52463866,,,,action,,,,,,,,,,,,,,,,,,,,,,,,,,,,,,,,,,,,,,,,
swing-kids-dvd-rental-drama,Swing Kids,,DVD,Media > Videos,"Rental, DVD, Drama, Formatted",Genre,Drama,shopify,1,deny,manual,0,51808506,,,,drama,,,,,,,,,,,,,,,,,,,,,,,,,,,,,,,,,,,,,,,,
last-man-standing-dvd-rental-action,Last Man Standing,,DVD,Media > Videos,"Rental, DVD, Action, Formatted",Genre,Action,shopify,1,deny,manual,0,46336250,,,,action,,,,,,,,,,,,,,,,,,,,,,,,,,,,,,,,,,,,,,,,
the-tattooist-dvd-rental-horror,The Tattooist,,DVD,Media > Videos,"Rental, DVD, Horror, Formatted",Genre,Horror,shopify,1,deny,manual,0,45680890,,,,horror,,,,,,,,,,,,,,,,,,,,,,,,,,,,,,,,,,,,,,,,
the-day-the-earth-stood-still-dvd-rental-sci-fi,The Day the Earth Stood Still,,DVD,Media > Videos,"Rental, DVD, Sci-Fi, Formatted",Genre,Sci-Fi,shopify,1,deny,manual,0,74230778,,,,sci-fi,,,,,,,,,,,,,,,,,,,,,,,,,,,,,,,,,,,,,,,,
fortress-2-re-entry-dvd-rental-sci-fi,Fortress 2 Re-entry,,DVD,Media > Videos,"Rental, DVD, Sci-Fi, Formatted",Genre,Sci-Fi,shopify,1,deny,manual,0,73575418,,,,sci-fi,,,,,,,,,,,,,,,,,,,,,,,,,,,,,,,,,,,,,,,,
black-x-mas-dvd-rental-horror,Black X-Mas,,DVD,Media > Videos,"Rental, DVD, Horror, Formatted",Genre,Horror,shopify,1,deny,manual,0,72264698,,,,horror,,,,,,,,,,,,,,,,,,,,,,,,,,,,,,,,,,,,,,,,
knock-knock-dvd-rental-horror,Knock Knock,,DVD,Media > Videos,"Floor Sale, DVD, Horror, Formatted",Genre,Horror,shopify,1,deny,manual,6.00,72231930,,,,horror,,,,,,,,,,,,,,,,,,,,,,,,,,,,,,,,,,,,,,,,
the-pyramid-dvd-rental-horror,The Pyramid,,DVD,Media > Videos,"Rental, DVD, Horror, Formatted",Genre,Horror,shopify,1,deny,manual,0,71543802,,,,horror,,,,,,,,,,,,,,,,,,,,,,,,,,,,,,,,,,,,,,,,
7-soles-dvd-rental-horror,7 Soles,,DVD,Media > Videos,"Rental, DVD, Horror, Formatted",Genre,Horror,shopify,1,deny,manual,0,70888442,,,,horror,,,,,,,,,,,,,,,,,,,,,,,,,,,,,,,,,,,,,,,,
the-breed-dvd-rental-horror,The Breed,,DVD,Media > Videos,"Rental, DVD, Horror, Formatted",Genre,Horror,shopify,1,deny,manual,0,70855674,,,,horror,,,,,,,,,,,,,,,,,,,,,,,,,,,,,,,,,,,,,,,,
the-call-of-the-wild-bluray-rental-drama-4k,The Call of the Wild,,4K,Media > Videos,"Rental, 4K, Drama, Formatted",Genre,Drama,shopify,1,deny,manual,0,65874938,,,,drama,,,,,,,,,,,,,,,,,,,,,,,,,,,,,,,,,,,,,,,,
kingsman-the-secret-bluray-rental-action,Kingsman: The Secret,,Blu-Ray,Media > Videos,"Rental, Blu-Ray, Action, Formatted",Genre,Action,shopify,1,deny,manual,0,65711098,,,,action,,,,,,,,,,,,,,,,,,,,,,,,,,,,,,,,,,,,,,,,
spy-kids-2-dvd-rental-kids-family,Spy Kids 2,,DVD,Media > Videos,"Rental, DVD, Kids & Family, Formatted",Genre,Kids & Family,shopify,1,deny,manual,0,06483450,,,,kids-family,,,,,,,,,,,,,,,,,,,,,,,,,,,,,,,,,,,,,,,,
justice-league-gotham-city-breakout-dvd-rental-kids-family,Justice League: Gotham City Breakout,,DVD,Media > Videos,"Rental, DVD, Kids & Family, Formatted",Genre,Kids & Family,shopify,1,deny,manual,0,05828090,,,,kids-family,,,,,,,,,,,,,,,,,,,,,,,,,,,,,,,,,,,,,,,,
the-reef-dvd-rental-kids-family,The Reef,,DVD,Media > Videos,"Rental, DVD, Kids & Family, Formatted",Genre,Kids & Family,shopify,1,deny,manual,0,03108346,,,,kids-family,,,,,,,,,,,,,,,,,,,,,,,,,,,,,,,,,,,,,,,,
the-baby-bot-chase-rolie-polie-olie-dvd-rental-kids-family,The Baby Bot Chase: Rolie Polie Olie,,DVD,Media > Videos,"Rental, DVD, Kids & Family, Formatted",Genre,Kids & Family,shopify,1,deny,manual,0,02420218,,,,kids-family,,,,,,,,,,,,,,,,,,,,,,,,,,,,,,,,,,,,,,,,
the-secret-life-of-pets-dvd-rental-kids-family,The Secret Life of Pets,,DVD,Media > Videos,"Rental, DVD, Kids & Family, Formatted",Genre,Kids & Family,shopify,1,deny,manual,0,01043962,,,,kids-family,,,,,,,,,,,,,,,,,,,,,,,,,,,,,,,,,,,,,,,,
the-magic-sword-dvd-rental-fantasy,The Magic Sword,,DVD,Media > Videos,"Rental, DVD, Fantasy, Formatted",Genre,Fantasy,shopify,1,deny,manual,0,97636090,,,,fantasy,,,,,,,,,,,,,,,,,,,,,,,,,,,,,,,,,,,,,,,,
spys-vhs-5,SPYS,<p>5</p>,VHS,Media > Videos,"Floor Sale, VHS, Comedy, Formatted",Genre,Comedy,shopify,1,deny,manual,5.00,61603322,,,,comedy,,,,,,,,,,,,,,,,,,,,,,,,,,,,,,,,,,,,,,,,
thug-immortal-vhs-10,Thug Immortal,<p>10</p>,VHS,Media > Videos,"Floor Sale, VHS, Documentary, Formatted",Genre,Documentary,shopify,1,deny,manual,10.00,61537786,,,,documentary,,,,,,,,,,,,,,,,,,,,,,,,,,,,,,,,,,,,,,,,
no-mans-land-vhs-6,No Man's Land,<p>6</p>,VHS,Media > Videos,"Floor Sale, VHS, Thriller, Formatted",Genre,Thriller,shopify,1,deny,manual,6.00,58818042,,,,thriller,,,,,,,,,,,,,,,,,,,,,,,,,,,,,,,,,,,,,,,,
dangerous-game-vhs-14,Dangerous Game,<p>14</p>,VHS,Media > Videos,"Floor Sale, VHS, Drama, Formatted",Genre,Drama,shopify,1,deny,manual,14.00,55639546,,,,drama,,,,,,,,,,,,,,,,,,,,,,,,,,,,,,,,,,,,,,,,
ace-ventura-vhs-7,Ace Ventura,<p>7</p>,VHS,Media > Videos,"Floor Sale, VHS, Comedy, Formatted",Genre,Comedy,shopify,1,deny,manual,7.00,51707386,,,,comedy,,,,,,,,,,,,,,,,,,,,,,,,,,,,,,,,,,,,,,,,
not-of-this-earth-vhs-rental-sci-fi,Not of this Earth,,VHS,Media > Videos,"Rental, VHS, Sci-Fi, Formatted",Genre,Sci-Fi,shopify,1,deny,manual,0,42728954,,,,sci-fi,,,,,,,,,,,,,,,,,,,,,,,,,,,,,,,,,,,,,,,,
buck-rogers-in-the-25th-century-vhs-rental-sci-fi,Buck Rogers in the 25th Century,,VHS,Media > Videos,"Rental, VHS, Sci-Fi, Formatted",Genre,Sci-Fi,shopify,1,deny,manual,0,42008058,,,,sci-fi,,,,,,,,,,,,,,,,,,,,,,,,,,,,,,,,,,,,,,,,
cop-and-a-half-vhs-rental-kids-family,Cop and a Half,,VHS,Media > Videos,"Rental, VHS, Kids & Family, Formatted",Genre,Kids & Family,shopify,1,deny,manual,0,33390074,,,,kids-family,,,,,,,,,,,,,,,,,,,,,,,,,,,,,,,,,,,,,,,,
rebel-run-vhs-rental-action,Rebel Run,,VHS,Media > Videos,"Rental, VHS, Action, Formatted",Genre,Action,shopify,1,deny,manual,0,09650170,,,,action,,,,,,,,,,,,,,,,,,,,,,,,,,,,,,,,,,,,,,,,
molly-gina-vhs-rental-action,Molly & Gina,,VHS,Media > Videos,"Rental, VHS, Action, Formatted",Genre,Action,shopify,1,deny,manual,0,08306682,,,,action,,,,,,,,,,,,,,,,,,,,,,,,,,,,,,,,,,,,,,,,
big-trouble-vhs-rental-comedy,Big Trouble,,VHS,Media > Videos,"Rental, VHS, Comedy, Formatted",Genre,Comedy,shopify,1,deny,manual,0,22365178,,,,comedy,,,,,,,,,,,,,,,,,,,,,,,,,,,,,,,,,,,,,,,,
almost-vhs-rental-comedy,...Almost,,VHS,Media > Videos,"Rental, VHS, Comedy, Formatted",Genre,Comedy,shopify,1,deny,manual,0,17318906,,,,comedy,,,,,,,,,,,,,,,,,,,,,,,,,,,,,,,,,,,,,,,,
kidnap-dvd-rental-thriller,Kidnap,,DVD,Media > Videos,"Rental, DVD, Thriller, Formatted",Genre,Thriller,shopify,1,deny,manual,0,44829178,,,,thriller,,,,,,,,,,,,,,,,,,,,,,,,,,,,,,,,,,,,,,,,
american-dream-dvd-rental-thriller,American Dream,,DVD,Media > Videos,"Rental, DVD, Thriller, Formatted",Genre,Thriller,shopify,1,deny,manual,0,44141050,,,,thriller,,,,,,,,,,,,,,,,,,,,,,,,,,,,,,,,,,,,,,,,
the-gateway-dvd-rental-thriller,The Gateway,,DVD,Media > Videos,"Rental, DVD, Thriller, Formatted",Genre,Thriller,shopify,1,deny,manual,0,43452922,,,,thriller,,,,,,,,,,,,,,,,,,,,,,,,,,,,,,,,,,,,,,,,
stone-cold-dvd-rental-thriller,Stone Cold,,DVD,Media > Videos,"Rental, DVD, Thriller, Formatted",Genre,Thriller,shopify,1,deny,manual,0,42764794,,,,thriller,,,,,,,,,,,,,,,,,,,,,,,,,,,,,,,,,,,,,,,,
paranoid-dvd-rental-horror,Paranoid,,DVD,Media > Videos,"Rental, DVD, Horror, Formatted",Genre,Horror,shopify,1,deny,manual,0,03954682,,,,horror,,,,,,,,,,,,,,,,,,,,,,,,,,,,,,,,,,,,,,,,
role-models-dvd-rental-comedy,Role Models,,DVD,Media > Videos,"Rental, DVD, Comedy, Formatted",Genre,Comedy,shopify,1,deny,manual,0,03266554,,,,comedy,,,,,,,,,,,,,,,,,,,,,,,,,,,,,,,,,,,,,,,,
the-toy-dvd-rental-comedy,The Toy,,DVD,Media > Videos,"Rental, DVD, Comedy, Formatted",Genre,Comedy,shopify,1,deny,manual,0,01824762,,,,comedy,,,,,,,,,,,,,,,,,,,,,,,,,,,,,,,,,,,,,,,,
half-brothers-dvd-rental-comedy,Half Brothers,,DVD,Media > Videos,"Rental, DVD, Comedy, Formatted",Genre,Comedy,shopify,1,deny,manual,0,01759226,,,,comedy,,,,,,,,,,,,,,,,,,,,,,,,,,,,,,,,,,,,,,,,
the-call-of-the-wild-dvd-rental-kids-family,The Call of the Wild,,DVD,Media > Videos,"Rental, DVD, Kids & Family, Formatted",Genre,Kids & Family,shopify,1,deny,manual,0,97990906,,,,kids-family,,,,,,,,,,,,,,,,,,,,,,,,,,,,,,,,,,,,,,,,
the-nut-job-nut-job-2-dvd-rental-kids-family,The Nut Job & Nut Job 2,,DVD,Media > Videos,"Rental, DVD, Kids & Family, Formatted",Genre,Kids & Family,shopify,1,deny,manual,0,97302778,,,,kids-family,,,,,,,,,,,,,,,,,,,,,,,,,,,,,,,,,,,,,,,,
invasion-of-the-tinysauruses-dvd-rental-kids-family,Invasion of the Tinysauruses,,DVD,Media > Videos,"Rental, DVD, Kids & Family, Formatted",Genre,Kids & Family,shopify,1,deny,manual,0,96647418,,,,kids-family,,,,,,,,,,,,,,,,,,,,,,,,,,,,,,,,,,,,,,,,
the-sorcerers-apprentice-dvd-rental-kids-family,The Sorcerer's Apprentice,,DVD,Media > Videos,"Rental, DVD, Kids & Family, Formatted",Genre,Kids & Family,shopify,1,deny,manual,0,95992058,,,,kids-family,,,,,,,,,,,,,,,,,,,,,,,,,,,,,,,,,,,,,,,,
gone-are-the-days-dvd-rental-action,Gone are the Days,,DVD,Media > Videos,"Rental, DVD, Action, Formatted",Genre,Action,shopify,1,deny,manual,0,45415162,,,,action,,,,,,,,,,,,,,,,,,,,,,,,,,,,,,,,,,,,,,,,
the-gambler-dvd-rental-action,The Gambler,,DVD,Media > Videos,"Rental, DVD, Action, Formatted",Genre,Action,shopify,1,deny,manual,0,42498810,,,,action,,,,,,,,,,,,,,,,,,,,,,,,,,,,,,,,,,,,,,,,
home-of-the-brave-dvd-rental-action,Home of the Brave,,DVD,Media > Videos,"Rental, DVD, Action, Formatted",Genre,Action,shopify,1,deny,manual,0,40336122,,,,action,,,,,,,,,,,,,,,,,,,,,,,,,,,,,,,,,,,,,,,,
public-enemies-dvd-rental-thriller,Public Enemies,,DVD,Media > Videos,"Rental, DVD, Thriller, Formatted",Genre,Thriller,shopify,1,deny,manual,0,06994938,,,,thriller,,,,,,,,,,,,,,,,,,,,,,,,,,,,,,,,,,,,,,,,
the-dark-dvd-rental-horror,The Dark,,DVD,Media > Videos,"Rental, DVD, Horror, Formatted",Genre,Horror,shopify,1,deny,manual,0,06798330,,,,horror,,,,,,,,,,,,,,,,,,,,,,,,,,,,,,,,,,,,,,,,
the-texas-chainsaw-massacre-dvd-rental-horror,The Texas Chainsaw Massacre,,DVD,Media > Videos,"Rental, DVD, Horror, Formatted",Genre,Horror,shopify,1,deny,manual,0,05716986,,,,horror,,,,,,,,,,,,,,,,,,,,,,,,,,,,,,,,,,,,,,,,
ambushed-dvd-rental-action,Ambushed,,DVD,Media > Videos,"Rental, DVD, Action, Formatted",Genre,Action,shopify,1,deny,manual,0,05520378,,,,action,,,,,,,,,,,,,,,,,,,,,,,,,,,,,,,,,,,,,,,,
the-choice-dvd-rental-romantic-comedy,The Choice,,DVD,Media > Videos,"Rental, DVD, Romantic Comedy, Formatted",Genre,Romantic Comedy,shopify,1,deny,manual,0,05454842,,,,romantic-comedy,,,,,,,,,,,,,,,,,,,,,,,,,,,,,,,,,,,,,,,,
caged-dvd-rental-horror,Caged,,DVD,Media > Videos,"Rental, DVD, Horror, Formatted",Genre,Horror,shopify,1,deny,manual,0,05356538,,,,horror,,,,,,,,,,,,,,,,,,,,,,,,,,,,,,,,,,,,,,,,
men-in-black-dvd-rental-sci-fi,Men in Black,,DVD,Media > Videos,"Rental, DVD, Sci-Fi, Formatted",Genre,Sci-Fi,shopify,1,deny,manual,0,05323770,,,,sci-fi,,,,,,,,,,,,,,,,,,,,,,,,,,,,,,,,,,,,,,,,
hitchhikers-guide-to-the-galaxy-dvd-rental-sci-fi,Hitchhikers Guide to the Galaxy,,DVD,Media > Videos,"Rental, DVD, Sci-Fi, Formatted",Genre,Sci-Fi,shopify,1,deny,manual,0,97494266,,,,sci-fi,,,,,,,,,,,,,,,,,,,,,,,,,,,,,,,,,,,,,,,,
speed-dvd-rental-action,Speed,,DVD,Media > Videos,"Rental, DVD, Action, Formatted",Genre,Action,shopify,1,deny,manual,0,97428730,,,,action,,,,,,,,,,,,,,,,,,,,,,,,,,,,,,,,,,,,,,,,
armageddon-dvd-rental-action,Armageddon,,DVD,Media > Videos,"Rental, DVD, Action, Formatted",Genre,Action,shopify,1,deny,manual,0,97363194,,,,action,,,,,,,,,,,,,,,,,,,,,,,,,,,,,,,,,,,,,,,,
the-smurfs-dvd-rental-kids-family,The Smurfs,,DVD,Media > Videos,"Rental, DVD, Kids & Family, Formatted",Genre,Kids & Family,shopify,1,deny,manual,0,96609530,,,,kids-family,,,,,,,,,,,,,,,,,,,,,,,,,,,,,,,,,,,,,,,,
the-boss-baby-dvd-rental-kids-family,The Boss Baby,,DVD,Media > Videos,"Rental, DVD, Kids & Family, Formatted",Genre,Kids & Family,shopify,1,deny,manual,0,96249082,,,,kids-family,,,,,,,,,,,,,,,,,,,,,,,,,,,,,,,,,,,,,,,,
stuart-little-dvd-rental-kids-family,Stuart Little,,DVD,Media > Videos,"Rental, DVD, Kids & Family, Formatted",Genre,Kids & Family,shopify,1,deny,manual,0,96216314,,,,kids-family,,,,,,,,,,,,,,,,,,,,,,,,,,,,,,,,,,,,,,,,
open-season-dvd-rental-kids-family,Open Season,,DVD,Media > Videos,"Rental, DVD, Kids & Family, Formatted",Genre,Kids & Family,shopify,1,deny,manual,0,96150778,,,,kids-family,,,,,,,,,,,,,,,,,,,,,,,,,,,,,,,,,,,,,,,,
charlottes-web-dvd-rental-kids-family,Charlotte's Web,,DVD,Media > Videos,"Rental, DVD, Kids & Family, Formatted",Genre,Kids & Family,shopify,1,deny,manual,0,95954170,,,,kids-family,,,,,,,,,,,,,,,,,,,,,,,,,,,,,,,,,,,,,,,,
despicable-me-dvd-rental-kids-family,Despicable Me,,DVD,Media > Videos,"Rental, DVD, Kids & Family, Formatted",Genre,Kids & Family,shopify,1,deny,manual,0,51883258,,,,kids-family,,,,,,,,,,,,,,,,,,,,,,,,,,,,,,,,,,,,,,,,
beverly-hills-chihuahua-3-dvd-rental-kids-family,Beverly Hills Chihuahua 3,,DVD,Media > Videos,"Rental, DVD, Kids & Family, Formatted",Genre,Kids & Family,shopify,1,deny,manual,0,51752186,,,,kids-family,,,,,,,,,,,,,,,,,,,,,,,,,,,,,,,,,,,,,,,,
the-sicilian-dvd-rental-thriller,The Sicilian,,DVD,Media > Videos,"Rental, DVD, Thriller, Formatted",Genre,Thriller,shopify,1,deny,manual,0,51391738,,,,thriller,,,,,,,,,,,,,,,,,,,,,,,,,,,,,,,,,,,,,,,,
white-noise-2-dvd-rental-thriller,White Noise 2,,DVD,Media > Videos,"Rental, DVD, Thriller, Formatted",Genre,Thriller,shopify,1,deny,manual,0,47983866,,,,thriller,,,,,,,,,,,,,,,,,,,,,,,,,,,,,,,,,,,,,,,,
twisted-dvd-rental-thriller,Twisted,,DVD,Media > Videos,"Rental, DVD, Thriller, Formatted",Genre,Thriller,shopify,1,deny,manual,0,47918330,,,,thriller,,,,,,,,,,,,,,,,,,,,,,,,,,,,,,,,,,,,,,,,
fear-in-the-night-dvd-rental-thriller,Fear in the Night,,DVD,Media > Videos,"Rental, DVD, Thriller, Formatted",Genre,Thriller,shopify,1,deny,manual,0,47820026,,,,thriller,,,,,,,,,,,,,,,,,,,,,,,,,,,,,,,,,,,,,,,,
anna-dvd-rental-thriller,Anna,,DVD,Media > Videos,"Rental, DVD, Thriller, Formatted",Genre,Thriller,shopify,1,deny,manual,0,47754490,,,,thriller,,,,,,,,,,,,,,,,,,,,,,,,,,,,,,,,,,,,,,,,
the-awakening-dvd-rental-horror,The Awakening,,DVD,Media > Videos,"Rental, DVD, Horror, Formatted",Genre,Horror,shopify,1,deny,manual,0,42249466,,,,horror,,,,,,,,,,,,,,,,,,,,,,,,,,,,,,,,,,,,,,,,
the-matador-dvd-rental-action,The Matador,,DVD,Media > Videos,"Rental, DVD, Action, Formatted",Genre,Action,shopify,1,deny,manual,0,42085626,,,,action,,,,,,,,,,,,,,,,,,,,,,,,,,,,,,,,,,,,,,,,
city-of-sin-dvd-rental-action,City of Sin,,DVD,Media > Videos,"Rental, DVD, Action, Formatted",Genre,Action,shopify,1,deny,manual,0,41987322,,,,action,,,,,,,,,,,,,,,,,,,,,,,,,,,,,,,,,,,,,,,,
unstoppable-dvd-rental-action,Unstoppable,,DVD,Media > Videos,"Rental, DVD, Action, Formatted",Genre,Action,shopify,1,deny,manual,0,41397498,,,,action,,,,,,,,,,,,,,,,,,,,,,,,,,,,,,,,,,,,,,,,
ong-bak-the-thai-warrior-dvd-rental-action,Ong-Bak the Thai Warrior,,DVD,Media > Videos,"Rental, DVD, Action, Formatted",Genre,Action,shopify,1,deny,manual,0,41135354,,,,action,,,,,,,,,,,,,,,,,,,,,,,,,,,,,,,,,,,,,,,,
serena-dvd-rental-drama,Serena,,DVD,Media > Videos,"Rental, DVD, Drama, Formatted",Genre,Drama,shopify,1,deny,manual,0,80383482,,,,drama,,,,,,,,,,,,,,,,,,,,,,,,,,,,,,,,,,,,,,,,
42-the-jackie-robinson-story-dvd-rental-drama,42 The Jackie Robinson Story,,DVD,Media > Videos,"Rental, DVD, Drama, Formatted",Genre,Drama,shopify,1,deny,manual,0,80350714,,,,drama,,,,,,,,,,,,,,,,,,,,,,,,,,,,,,,,,,,,,,,,
dirty-dancing-dvd-rental-drama,Dirty Dancing,,DVD,Media > Videos,"Rental, DVD, Drama, Formatted",Genre,Drama,shopify,1,deny,manual,0,79695354,,,,drama,,,,,,,,,,,,,,,,,,,,,,,,,,,,,,,,,,,,,,,,
the-patriot-dvd-rental-drama,The Patriot,,DVD,Media > Videos,"Rental, DVD, Drama, Formatted",Genre,Drama,shopify,1,deny,manual,0,79302138,,,,drama,,,,,,,,,,,,,,,,,,,,,,,,,,,,,,,,,,,,,,,,
my-big-fat-greek-wedding-dvd-rental-romantic-comedy,My Big Fat Greek Wedding,,DVD,Media > Videos,"Rental, DVD, Romantic Comedy, Formatted",Genre,Romantic Comedy,shopify,1,deny,manual,0,62918138,,,,romantic-comedy,,,,,,,,,,,,,,,,,,,,,,,,,,,,,,,,,,,,,,,,
a-fool-and-his-money-dvd-rental-romantic-comedy,A Fool and His Money,,DVD,Media > Videos,"Rental, DVD, Romantic Comedy, Formatted",Genre,Romantic Comedy,shopify,1,deny,manual,0,62885370,,,,romantic-comedy,,,,,,,,,,,,,,,,,,,,,,,,,,,,,,,,,,,,,,,,
dementia-13-dvd-rental-horror,Dementia 13,,DVD,Media > Videos,"Rental, DVD, Horror, Formatted",Genre,Horror,shopify,1,deny,manual,0,62426618,,,,horror,,,,,,,,,,,,,,,,,,,,,,,,,,,,,,,,,,,,,,,,
cry-wolf-dvd-rental-horror,Cry Wolf,,DVD,Media > Videos,"Rental, DVD, Horror, Formatted",Genre,Horror,shopify,1,deny,manual,0,62393850,,,,horror,,,,,,,,,,,,,,,,,,,,,,,,,,,,,,,,,,,,,,,,
prom-night-dvd-rental-horror,Prom Night,,DVD,Media > Videos,"Rental, DVD, Horror, Formatted",Genre,Horror,shopify,1,deny,manual,0,62230010,,,,horror,,,,,,,,,,,,,,,,,,,,,,,,,,,,,,,,,,,,,,,,
the-triangle-dvd-rental-sci-fi,The Triangle,,DVD,Media > Videos,"Rental, DVD, Sci-Fi, Formatted",Genre,Sci-Fi,shopify,1,deny,manual,0,72347386,,,,sci-fi,,,,,,,,,,,,,,,,,,,,,,,,,,,,,,,,,,,,,,,,
the-dwarves-of-dragon-mountain-dvd-rental-fantasy,The Dwarves of Dragon Mountain,,DVD,Media > Videos,"Rental, DVD, Fantasy, Formatted",Genre,Fantasy,shopify,1,deny,manual,0,72281850,,,,fantasy,,,,,,,,,,,,,,,,,,,,,,,,,,,,,,,,,,,,,,,,
clash-of-the-titans-dvd-rental-fantasy,Clash of the Titans,,DVD,Media > Videos,"Rental, DVD, Fantasy, Formatted",Genre,Fantasy,shopify,1,deny,manual,0,72216314,,,,fantasy,,,,,,,,,,,,,,,,,,,,,,,,,,,,,,,,,,,,,,,,
casino-royale-dvd-rental-action,Casino Royale,,DVD,Media > Videos,"Rental, DVD, Action, Formatted",Genre,Action,shopify,1,deny,manual,0,71823098,,,,action,,,,,,,,,,,,,,,,,,,,,,,,,,,,,,,,,,,,,,,,
golden-eye-dvd-rental-action,Golden Eye,,DVD,Media > Videos,"Rental, DVD, Action, Formatted",Genre,Action,shopify,1,deny,manual,0,71528186,,,,action,,,,,,,,,,,,,,,,,,,,,,,,,,,,,,,,,,,,,,,,
frank-and-jesse-dvd-rental-action,Frank and Jesse,,DVD,Media > Videos,"Rental, DVD, Action, Formatted",Genre,Action,shopify,1,deny,manual,0,71495418,,,,action,,,,,,,,,,,,,,,,,,,,,,,,,,,,,,,,,,,,,,,,
uncle-drew-dvd-rental-comedy,Uncle Drew,,DVD,Media > Videos,"Rental, DVD, Comedy, Formatted",Genre,Comedy,shopify,1,deny,manual,0,91246586,,,,comedy,,,,,,,,,,,,,,,,,,,,,,,,,,,,,,,,,,,,,,,,
oceans-8-dvd-rental-comedy,Ocean's 8,,DVD,Media > Videos,"Rental, DVD, Comedy, Formatted",Genre,Comedy,shopify,1,deny,manual,0,90886138,,,,comedy,,,,,,,,,,,,,,,,,,,,,,,,,,,,,,,,,,,,,,,,
old-school-dvd-rental-comedy,Old School,,DVD,Media > Videos,"Rental, DVD, Comedy, Formatted",Genre,Comedy,shopify,1,deny,manual,0,90787834,,,,comedy,,,,,,,,,,,,,,,,,,,,,,,,,,,,,,,,,,,,,,,,
star-wars-the-phantom-menace-dvd-rental-sci-fi,Star Wars: The Phantom Menace,,DVD,Media > Videos,"Rental, DVD, Sci-Fi, Formatted",Genre,Sci-Fi,shopify,1,deny,manual,0,94542586,,,,sci-fi,,,,,,,,,,,,,,,,,,,,,,,,,,,,,,,,,,,,,,,,
moulin-rouge-dvd-rental-musical,Moulin Rouge!,,DVD,Media > Videos,"Rental, DVD, Musical, Formatted",Genre,Musical,shopify,1,deny,manual,0,94149370,,,,musical,,,,,,,,,,,,,,,,,,,,,,,,,,,,,,,,,,,,,,,,
sin-city-dvd-rental-action,Sin City,,DVD,Media > Videos,"Rental, DVD, Action, Formatted",Genre,Action,shopify,1,deny,manual,0,94116602,,,,action,,,,,,,,,,,,,,,,,,,,,,,,,,,,,,,,,,,,,,,,
the-spirit-dvd-rental-action,The Spirit,,DVD,Media > Videos,"Rental, DVD, Action, Formatted",Genre,Action,shopify,1,deny,manual,0,93985530,,,,action,,,,,,,,,,,,,,,,,,,,,,,,,,,,,,,,,,,,,,,,
crash-dvd-rental-drama,Crash,,DVD,Media > Videos,"Rental, DVD, Drama, Formatted",Genre,Drama,shopify,1,deny,manual,0,93854458,,,,drama,,,,,,,,,,,,,,,,,,,,,,,,,,,,,,,,,,,,,,,,
the-last-samurai-dvd-rental-action,The Last Samurai,,DVD,Media > Videos,"Rental, DVD, Action, Formatted",Genre,Action,shopify,1,deny,manual,0,93756154,,,,action,,,,,,,,,,,,,,,,,,,,,,,,,,,,,,,,,,,,,,,,
i-am-legend-dvd-rental-sci-fi,I Am Legend,,DVD,Media > Videos,"Rental, DVD, Sci-Fi, Formatted",Genre,Sci-Fi,shopify,1,deny,manual,0,83761914,,,,sci-fi,,,,,,,,,,,,,,,,,,,,,,,,,,,,,,,,,,,,,,,,
walk-the-line-dvd-rental-drama,Walk the Line,,DVD,Media > Videos,"Rental, DVD, Drama, Formatted",Genre,Drama,shopify,1,deny,manual,0,83729146,,,,drama,,,,,,,,,,,,,,,,,,,,,,,,,,,,,,,,,,,,,,,,
undercover-brother-dvd-rental-comedy,Undercover Brother,,DVD,Media > Videos,"Rental, DVD, Comedy, Formatted",Genre,Comedy,shopify,1,deny,manual,0,83434234,,,,comedy,,,,,,,,,,,,,,,,,,,,,,,,,,,,,,,,,,,,,,,,
perfect-stranger-dvd-rental-thriller,Perfect Stranger,,DVD,Media > Videos,"Rental, DVD, Thriller, Formatted",Genre,Thriller,shopify,1,deny,manual,0,83237626,,,,thriller,,,,,,,,,,,,,,,,,,,,,,,,,,,,,,,,,,,,,,,,
one-missed-call-dvd-rental-horror,One Missed Call,,DVD,Media > Videos,"Rental, DVD, Horror, Formatted",Genre,Horror,shopify,1,deny,manual,0,83204858,,,,horror,,,,,,,,,,,,,,,,,,,,,,,,,,,,,,,,,,,,,,,,
star-wars-attack-of-the-clones-dvd-rental-sci-fi,Star Wars: Attack of the Clones,,DVD,Media > Videos,"Rental, DVD, Sci-Fi, Formatted",Genre,Sci-Fi,shopify,1,deny,manual,0,83106554,,,,sci-fi,,,,,,,,,,,,,,,,,,,,,,,,,,,,,,,,,,,,,,,,
fearless-bluray-rental-action,Fearless,,Blu-Ray,Media > Videos,"Rental, Blu-Ray, Action, Formatted",Genre,Action,shopify,1,deny,manual,0,82942714,,,,action,,,,,,,,,,,,,,,,,,,,,,,,,,,,,,,,,,,,,,,,
star-wars-revenge-of-the-sith-dvd-floor-sale-sci-fi,Star Wars: Revenge of the Sith,,DVD,Media > Videos,"Floor Sale, DVD, Sci-Fi, Formatted",Genre,Sci-Fi,shopify,1,deny,manual,5.00,44255226,,,,sci-fi,,,,,,,,,,,,,,,,,,,,,,,,,,,,,,,,,,,,,,,,
star-wars-attack-of-the-clones-dvd-floor-sale-sci-fi,Star Wars: Attack of the Clones,,DVD,Media > Videos,"Floor Sale, DVD, Sci-Fi, Formatted",Genre,Sci-Fi,shopify,1,deny,manual,5.00,44189690,,,,sci-fi,,,,,,,,,,,,,,,,,,,,,,,,,,,,,,,,,,,,,,,,
american-pie-dvd-floor-sale-comedy,American Pie,,DVD,Media > Videos,"Floor Sale, DVD, Comedy, Formatted",Genre,Comedy,shopify,1,deny,manual,5.00,50785018,,,,comedy,,,,,,,,,,,,,,,,,,,,,,,,,,,,,,,,,,,,,,,,
mi2-dvd-floor-sale-action,M:I:2,,DVD,Media > Videos,"Floor Sale, DVD, Action, Formatted",Genre,Action,shopify,1,deny,manual,5.00,50752250,,,,action,,,,,,,,,,,,,,,,,,,,,,,,,,,,,,,,,,,,,,,,
insomnia-dvd-floor-sale-thriller,Insomnia,,DVD,Media > Videos,"Floor Sale, DVD, Thriller, Formatted",Genre,Thriller,shopify,1,deny,manual,5.00,50653946,,,,thriller,,,,,,,,,,,,,,,,,,,,,,,,,,,,,,,,,,,,,,,,
teenage-mutant-ninja-turtles-dvd-floor-sale-kids-family,Teenage Mutant Ninja Turtles,,DVD,Media > Videos,"Floor Sale, DVD, Kids & Family, Formatted",Genre,Kids & Family,shopify,1,deny,manual,7.00,50129658,,,,kids-family,,,,,,,,,,,,,,,,,,,,,,,,,,,,,,,,,,,,,,,,
stuart-little-dvd-floor-sale-kids-family,Stuart Little,,DVD,Media > Videos,"Floor Sale, DVD, Kids & Family, Formatted",Genre,Kids & Family,shopify,1,deny,manual,5.00,50064122,,,,kids-family,,,,,,,,,,,,,,,,,,,,,,,,,,,,,,,,,,,,,,,,
hellboy-dvd-floor-sale-action,Hellboy,,DVD,Media > Videos,"Floor Sale, DVD, Action, Formatted",Genre,Action,shopify,1,deny,manual,5.00,49965818,,,,action,,,,,,,,,,,,,,,,,,,,,,,,,,,,,,,,,,,,,,,,
beverly-hills-chihuahua-dvd-floor-sale-kids-family,Beverly Hills Chihuahua,,DVD,Media > Videos,"Floor Sale, DVD, Kids & Family, Formatted",Genre,Kids & Family,shopify,1,deny,manual,4.00,21548026,,,,kids-family,,,,,,,,,,,,,,,,,,,,,,,,,,,,,,,,,,,,,,,,
a-nightmare-on-elm-street-dvd-floor-sale-horror,A Nightmare on Elm Street,,DVD,Media > Videos,"Floor Sale, DVD, Horror, Formatted",Genre,Horror,shopify,1,deny,manual,10.00,21482490,,,,horror,,,,,,,,,,,,,,,,,,,,,,,,,,,,,,,,,,,,,,,,
death-race-dvd-floor-sale-action,Death Race,,DVD,Media > Videos,"Floor Sale, DVD, Action, Formatted",Genre,Action,shopify,1,deny,manual,5.00,21318650,,,,action,,,,,,,,,,,,,,,,,,,,,,,,,,,,,,,,,,,,,,,,
red-eye-dvd-floor-sale-thriller,Red Eye,,DVD,Media > Videos,"Floor Sale, DVD, Thriller, Formatted",Genre,Thriller,shopify,1,deny,manual,5.00,20958202,,,,thriller,,,,,,,,,,,,,,,,,,,,,,,,,,,,,,,,,,,,,,,,
all-in-dvd-floor-sale-drama,All In,,DVD,Media > Videos,"Floor Sale, DVD, Drama, Formatted",Genre,Drama,shopify,1,deny,manual,5.00,20827130,,,,drama,,,,,,,,,,,,,,,,,,,,,,,,,,,,,,,,,,,,,,,,
the-fugitive-us-marshals-dvd-floor-sale-action,The Fugitive / U.S. Marshals,,DVD,Media > Videos,"Floor Sale, DVD, Action, Formatted",Genre,Action,shopify,1,deny,manual,7.00,38127866,,,,action,,,,,,,,,,,,,,,,,,,,,,,,,,,,,,,,,,,,,,,,
krampus-dvd-floor-sale-horror,Krampus,,DVD,Media > Videos,"Floor Sale, DVD, Horror, Formatted",Genre,Horror,shopify,1,deny,manual,8.00,38029562,,,,horror,,,,,,,,,,,,,,,,,,,,,,,,,,,,,,,,,,,,,,,,
dave-chappelles-block-party-dvd-floor-sale-documentary,Dave Chappelle's Block Party,,DVD,Media > Videos,"Floor Sale, DVD, Documentary, Formatted",Genre,Documentary,shopify,1,deny,manual,8.00,89172474,,,,documentary,,,,,,,,,,,,,,,,,,,,,,,,,,,,,,,,,,,,,,,,
the-heat-dvd-floor-sale-comedy,The Heat,,DVD,Media > Videos,"Floor Sale, DVD, Comedy, Formatted",Genre,Comedy,shopify,1,deny,manual,5.00,89074170,,,,comedy,,,,,,,,,,,,,,,,,,,,,,,,,,,,,,,,,,,,,,,,
the-butchering-dvd-floor-sale-horror,The Butchering,,DVD,Media > Videos,"Floor Sale, DVD, Horror, Formatted",Genre,Horror,shopify,1,deny,manual,5.00,88943098,,,,horror,,,,,,,,,,,,,,,,,,,,,,,,,,,,,,,,,,,,,,,,
lake-placid-dvd-floor-sale-horror,Lake Placid,,DVD,Media > Videos,"Floor Sale, DVD, Horror, Formatted",Genre,Horror,shopify,1,deny,manual,8.00,88910330,,,,horror,,,,,,,,,,,,,,,,,,,,,,,,,,,,,,,,,,,,,,,,
almost-famous-dvd-floor-sale-drama,Almost Famous,,DVD,Media > Videos,"Floor Sale, DVD, Drama, Formatted",Genre,Drama,shopify,1,deny,manual,8.00,86845946,,,,drama,,,,,,,,,,,,,,,,,,,,,,,,,,,,,,,,,,,,,,,,
gone-in-60-seconds-dvd-5,Gone in 60 Seconds,,DVD,Media > Videos,"Floor Sale, DVD, Action, Formatted",Genre,Action,shopify,1,deny,manual,5.00,86248442,,,,action,,,,,,,,,,,,,,,,,,,,,,,,,,,,,,,,,,,,,,,,
rings-dvd-5,Rings,<p>103</p>,DVD,Media > Videos,"Floor Sale, DVD, Horror, Formatted",Genre,Horror,shopify,1,deny,manual,5.00,86215674,,,,horror,,,,,,,,,,,,,,,,,,,,,,,,,,,,,,,,,,,,,,,,
straw-dogs-dvd-5,Straw Dogs,<p>5</p>,DVD,Media > Videos,"Floor Sale, DVD, Thriller, Formatted",Genre,Thriller,shopify,1,deny,manual,5.00,85920762,,,,thriller,,,,,,,,,,,,,,,,,,,,,,,,,,,,,,,,,,,,,,,,
kingsman-dvd-5,Kingsman,<p>5</p>,DVD,Media > Videos,"Floor Sale, DVD, Action, Formatted",Genre,Action,shopify,1,deny,manual,5.00,85658618,,,,action,,,,,,,,,,,,,,,,,,,,,,,,,,,,,,,,,,,,,,,,
neighbors-dvd-5,Neighbors,<p>5</p>,DVD,Media > Videos,"Floor Sale, DVD, Comedy, Formatted",Genre,Comedy,shopify,1,deny,manual,5.00,85625850,,,,comedy,,,,,,,,,,,,,,,,,,,,,,,,,,,,,,,,,,,,,,,,
prom-night-dvd-floor-sale-horror,Prom Night,,DVD,Media > Videos,"Floor Sale, DVD, Horror, Formatted",Genre,Horror,shopify,1,deny,manual,7.00,22539514,,,,horror,,,,,,,,,,,,,,,,,,,,,,,,,,,,,,,,,,,,,,,,
saw-ii-dvd-floor-sale-horror,Saw II,,DVD,Media > Videos,"Floor Sale, DVD, Horror, Formatted",Genre,Horror,shopify,1,deny,manual,7.00,21785850,,,,horror,,,,,,,,,,,,,,,,,,,,,,,,,,,,,,,,,,,,,,,,
saw-dvd-floor-sale-horror,Saw,,DVD,Media > Videos,"Floor Sale, DVD, Horror, Formatted",Genre,Horror,shopify,1,deny,manual,6.00,21753082,,,,horror,,,,,,,,,,,,,,,,,,,,,,,,,,,,,,,,,,,,,,,,
santa-clause-2-dvd-floor-sale-holiday,Santa Clause 2,,DVD,Media > Videos,"Floor Sale, DVD, Holiday, Formatted",Genre,Holiday,shopify,1,deny,manual,5.00,21622010,,,,holiday,,,,,,,,,,,,,,,,,,,,,,,,,,,,,,,,,,,,,,,,
underworld-dvd-floor-sale-horror,Underworld,,DVD,Media > Videos,"Floor Sale, DVD, Thriller, Horror, Formatted",Genre,Thriller,shopify,1,deny,manual,6.00,21032186,,,,thriller; horror,,,,,,,,,,,,,,,,,,,,,,,,,,,,,,,,,,,,,,,,
ghost-dvd-5,Ghost,,DVD,Media > Videos,"Floor Sale, DVD, Action, Formatted",Genre,Action,shopify,1,deny,manual,5.00,65359354,,,,action,,,,,,,,,,,,,,,,,,,,,,,,,,,,,,,,,,,,,,,,
x2-x-men-united-dvd-5,X2: X-Men United,,DVD,Media > Videos,"Floor Sale, DVD, Action, Formatted",Genre,Action,shopify,1,deny,manual,5.00,64409082,,,,action,,,,,,,,,,,,,,,,,,,,,,,,,,,,,,,,,,,,,,,,
ghost-busters-dvd-8,Ghostbusters,,DVD,Media > Videos,"Floor Sale, DVD, Comedy, Formatted",Genre,Comedy,shopify,1,deny,manual,8.00,64212474,,,,comedy,,,,,,,,,,,,,,,,,,,,,,,,,,,,,,,,,,,,,,,,
hellboy-dvd-5,Hellboy,<p>5</p>,DVD,Media > Videos,"Floor Sale, DVD, Fantasy, Formatted",Genre,Fantasy,shopify,1,deny,manual,5.00,59198970,,,,fantasy,,,,,,,,,,,,,,,,,,,,,,,,,,,,,,,,,,,,,,,,
the-hills-have-eyes-dvd-8,The Hills Have Eyes,<p>8</p>,DVD,Media > Videos,"Floor Sale, DVD, Horror, Formatted",Genre,Horror,shopify,1,deny,manual,8.00,57691642,,,,horror,,,,,,,,,,,,,,,,,,,,,,,,,,,,,,,,,,,,,,,,
where-the-wild-things-are-dvd-6,Where the Wild Things Are,<p><br></p>,DVD,Media > Videos,"Floor Sale, DVD, Kids & Family, Formatted",Genre,Kids & Family,shopify,1,deny,manual,6.00,57298426,,,,kids-family,,,,,,,,,,,,,,,,,,,,,,,,,,,,,,,,,,,,,,,,
fast-furious-hobbs-shaw-dvd-5,Fast & Furious: Hobbs & Shaw,<p>5</p>,DVD,Media > Videos,"Floor Sale, DVD, Action, Formatted",Genre,Action,shopify,1,deny,manual,5.00,54119930,,,,action,,,,,,,,,,,,,,,,,,,,,,,,,,,,,,,,,,,,,,,,
the-life-aquatic-dvd-7,The Life Aquatic,<p>7</p>,DVD,Media > Videos,"Floor Sale, DVD, Comedy, Formatted",Genre,Comedy,shopify,1,deny,manual,7.00,53857786,,,,comedy,,,,,,,,,,,,,,,,,,,,,,,,,,,,,,,,,,,,,,,,
the-incredible-hulk-dvd-rental-action,The Incredible Hulk,,DVD,Media > Videos,"Rental, DVD, Action, Formatted",Genre,Action,shopify,1,deny,manual,0,20058106,,,,action,,,,,,,,,,,,,,,,,,,,,,,,,,,,,,,,,,,,,,,,
criminal-dvd-rental-action,Criminal,,DVD,Media > Videos,"Rental, DVD, Action, Formatted",Genre,Action,shopify,1,deny,manual,0,19795962,,,,action,,,,,,,,,,,,,,,,,,,,,,,,,,,,,,,,,,,,,,,,
true-grit-dvd-rental-action,True Grit,,DVD,Media > Videos,"Rental, DVD, Action, Formatted",Genre,Action,shopify,1,deny,manual,0,19697658,,,,action,,,,,,,,,,,,,,,,,,,,,,,,,,,,,,,,,,,,,,,,
the-outsider-dvd-rental-action,The Outsider,,DVD,Media > Videos,"Rental, DVD, Action, Formatted",Genre,Action,shopify,1,deny,manual,0,19632122,,,,action,,,,,,,,,,,,,,,,,,,,,,,,,,,,,,,,,,,,,,,,
the-seeker-dvd-rental-kids-family,The Seeker,,DVD,Media > Videos,"Rental, DVD, Kids & Family, Formatted",Genre,Kids & Family,shopify,1,deny,manual,0,19107834,,,,kids-family,,,,,,,,,,,,,,,,,,,,,,,,,,,,,,,,,,,,,,,,
vlack-x-mas-dvd-rental-horror,Black X-Mas,,DVD,Media > Videos,"Rental, DVD, Horror, Formatted",Genre,Horror,shopify,1,deny,manual,0,17403898,,,,horror,,,,,,,,,,,,,,,,,,,,,,,,,,,,,,,,,,,,,,,,
hatchet-dvd-rental-horror,Hatchet,,DVD,Media > Videos,"Rental, DVD, Horror, Formatted",Genre,Horror,shopify,1,deny,manual,0,17338362,,,,horror,,,,,,,,,,,,,,,,,,,,,,,,,,,,,,,,,,,,,,,,
hatchet-2-dvd-rental-horror,Hatchet 2,,DVD,Media > Videos,"Rental, DVD, Horror, Formatted",Genre,Horror,shopify,1,deny,manual,0,17174522,,,,horror,,,,,,,,,,,,,,,,,,,,,,,,,,,,,,,,,,,,,,,,
pretty-woman-vhs-8,Pretty Woman,<p>8</p>,VHS,Media > Videos,"Floor Sale, VHS, Romantic Comedy, Formatted",Genre,Romantic Comedy,shopify,1,deny,manual,8.00,21885178,,,,romantic-comedy,,,,,,,,,,,,,,,,,,,,,,,,,,,,,,,,,,,,,,,,
all-dogs-go-to-heaven-vhs-8,All Dogs Go to Heaven,<p>8</p>,VHS,Media > Videos,"Floor Sale, VHS, Kids & Family, Formatted",Genre,Kids & Family,shopify,1,deny,manual,8.00,21819642,,,,kids-family,,,,,,,,,,,,,,,,,,,,,,,,,,,,,,,,,,,,,,,,
pinocchio-vhs-8,Pinocchio,<p>8</p>,VHS,Media > Videos,"Floor Sale, VHS, Kids & Family, Formatted",Genre,Kids & Family,shopify,1,deny,manual,8.00,21786874,,,,kids-family,,,,,,,,,,,,,,,,,,,,,,,,,,,,,,,,,,,,,,,,
along-came-a-spider-vhs-rental-thriller,Along Came a Spider,,VHS,Media > Videos,"Rental, VHS, Thriller, Formatted",Genre,Thriller,shopify,1,deny,manual,0,18575610,,,,thriller,,,,,,,,,,,,,,,,,,,,,,,,,,,,,,,,,,,,,,,,
the-toy-vhs-rental-comedy,The Toy,,VHS,Media > Videos,"Rental, VHS, Comedy, Formatted",Genre,Comedy,shopify,1,deny,manual,0,18542842,,,,comedy,,,,,,,,,,,,,,,,,,,,,,,,,,,,,,,,,,,,,,,,
the-nutty-professor-vhs-rental-comedy,The Nutty Professor,,VHS,Media > Videos,"Rental, VHS, Comedy, Formatted",Genre,Comedy,shopify,1,deny,manual,0,18510074,,,,comedy,,,,,,,,,,,,,,,,,,,,,,,,,,,,,,,,,,,,,,,,
the-pit-and-the-pendulum-vhs-rental-horror,The Pit and the Pendulum,,VHS,Media > Videos,"Rental, VHS, Horror, Formatted",Genre,Horror,shopify,1,deny,manual,0,18379002,,,,horror,,,,,,,,,,,,,,,,,,,,,,,,,,,,,,,,,,,,,,,,
teenage-mutant-ninja-turtles-2-vhs-rental-kids-family,Teenage Mutant Ninja Turtles 2,,VHS,Media > Videos,"Rental, VHS, Kids & Family, Formatted",Genre,Kids & Family,shopify,1,deny,manual,0,07631098,,,,kids-family,,,,,,,,,,,,,,,,,,,,,,,,,,,,,,,,,,,,,,,,
the-blue-angel-vhs-rental-drama,The Blue Angel,,VHS,Media > Videos,"Rental, VHS, Drama, Formatted",Genre,Drama,shopify,1,deny,manual,0,07500026,,,,drama,,,,,,,,,,,,,,,,,,,,,,,,,,,,,,,,,,,,,,,,
was-the-dog-vhs-rental-comedy,Was The Dog,,VHS,Media > Videos,"Rental, VHS, Comedy, Formatted",Genre,Comedy,shopify,1,deny,manual,0,07303418,,,,comedy,,,,,,,,,,,,,,,,,,,,,,,,,,,,,,,,,,,,,,,,
miami-vice-the-movie-vhs-rental-action,Miami Vice The Movie,,VHS,Media > Videos,"Rental, VHS, Action, Formatted",Genre,Action,shopify,1,deny,manual,0,07270650,,,,action,,,,,,,,,,,,,,,,,,,,,,,,,,,,,,,,,,,,,,,,
the-39-steps-vhs-rental-thriller,The 39 Steps,,VHS,Media > Videos,"Rental, VHS, Thriller, Formatted",Genre,Thriller,shopify,1,deny,manual,0,07041274,,,,thriller,,,,,,,,,,,,,,,,,,,,,,,,,,,,,,,,,,,,,,,,
king-kong-vs-godzilla-vhs-rental-action,King Kong vs Godzilla,,VHS,Media > Videos,"Rental, VHS, Action, Formatted",Genre,Action,shopify,1,deny,manual,0,06844666,,,,action,,,,,,,,,,,,,,,,,,,,,,,,,,,,,,,,,,,,,,,,
meet-the-parents-vhs-rental-comedy,Meet the Parents,,VHS,Media > Videos,"Rental, VHS, Comedy, Formatted",Genre,Comedy,shopify,1,deny,manual,0,02453754,,,,comedy,,,,,,,,,,,,,,,,,,,,,,,,,,,,,,,,,,,,,,,,
the-fast-and-the-furious-vhs-rental-action,The Fast and the Furious,,VHS,Media > Videos,"Rental, VHS, Action, Formatted",Genre,Action,shopify,1,deny,manual,0,02191610,,,,action,,,,,,,,,,,,,,,,,,,,,,,,,,,,,,,,,,,,,,,,
star-wars-a-new-hope-vhs-rental-sci-fi,Star Wars a New Hope,,VHS,Media > Videos,"Rental, VHS, Sci-Fi, Formatted",Genre,Sci-Fi,shopify,1,deny,manual,0,02158842,,,,sci-fi,,,,,,,,,,,,,,,,,,,,,,,,,,,,,,,,,,,,,,,,
night-train-to-terror-vhs-rental-horror,Night Train to Terror,,VHS,Media > Videos,"Rental, VHS, Horror, Formatted",Genre,Horror,shopify,1,deny,manual,0,18338298,,,,horror,,,,,,,,,,,,,,,,,,,,,,,,,,,,,,,,,,,,,,,,
miracle-on-34th-street-vhs-rental-holiday,Miracle on 34th Street,,VHS,Media > Videos,"Rental, VHS, Holiday, Formatted",Genre,Holiday,shopify,1,deny,manual,0,18043386,,,,holiday,,,,,,,,,,,,,,,,,,,,,,,,,,,,,,,,,,,,,,,,
homeward-bound-vhs-6,Homeward Bound,,VHS,Media > Videos,"Floor Sale, VHS, Kids & Family, Formatted",Genre,Kids & Family,shopify,1,deny,manual,6.00,15258106,,,,kids-family,,,,,,,,,,,,,,,,,,,,,,,,,,,,,,,,,,,,,,,,
the-lion-king-vhs-10,The Lion King,,VHS,Media > Videos,"Floor Sale, VHS, Kids & Family, Formatted",Genre,Kids & Family,shopify,1,deny,manual,7.00,15192570,,,,kids-family,,,,,,,,,,,,,,,,,,,,,,,,,,,,,,,,,,,,,,,,
pocahontas-vhs-6,Pocahontas,,VHS,Media > Videos,"Floor Sale, VHS, Kids & Family, Formatted",Genre,Kids & Family,shopify,1,deny,manual,6.00,15061498,,,,kids-family,,,,,,,,,,,,,,,,,,,,,,,,,,,,,,,,,,,,,,,,
the-hunchback-of-notre-dame-vhs-6,The Hunchback of Notre Dame,,VHS,Media > Videos,"Floor Sale, VHS, Kids & Family, Formatted",Genre,Kids & Family,shopify,1,deny,manual,6.00,15028730,,,,kids-family,,,,,,,,,,,,,,,,,,,,,,,,,,,,,,,,,,,,,,,,
snow-white-vhs-10,Snow White,,VHS,Media > Videos,"Floor Sale, VHS, Kids & Family, Formatted",Genre,Kids & Family,shopify,1,deny,manual,10.00,14995962,,,,kids-family,,,,,,,,,,,,,,,,,,,,,,,,,,,,,,,,,,,,,,,,
the-fox-and-the-hound-vhs-8,The Fox and the Hound,,VHS,Media > Videos,"Floor Sale, VHS, Kids & Family, Formatted",Genre,Kids & Family,shopify,1,deny,manual,8.00,14897658,,,,kids-family,,,,,,,,,,,,,,,,,,,,,,,,,,,,,,,,,,,,,,,,
sleeping-beauty-vhs-10,Sleeping Beauty,,VHS,Media > Videos,"Floor Sale, VHS, Kids & Family, Formatted",Genre,Kids & Family,shopify,1,deny,manual,10.00,14832122,,,,kids-family,,,,,,,,,,,,,,,,,,,,,,,,,,,,,,,,,,,,,,,,
peter-pan-vhs-10,Peter Pan,,VHS,Media > Videos,"Floor Sale, VHS, Kids & Family, Formatted",Genre,Kids & Family,shopify,1,deny,manual,10.00,14799354,,,,kids-family,,,,,,,,,,,,,,,,,,,,,,,,,,,,,,,,,,,,,,,,
the-jungle-book-vhs-floor-sale-kids-family,The Jungle Book,,VHS,Media > Videos,"Floor Sale, VHS, Kids & Family, Formatted",Genre,Kids & Family,shopify,1,deny,manual,8.00,14733818,,,,kids-family,,,,,,,,,,,,,,,,,,,,,,,,,,,,,,,,,,,,,,,,
death-wish-4-vhs-rental-action,Death Wish 4,,VHS,Media > Videos,"Rental, VHS, Action, Formatted",Genre,Action,shopify,1,deny,manual,0,11096570,,,,action,,,,,,,,,,,,,,,,,,,,,,,,,,,,,,,,,,,,,,,,
jimi-hendrix-jimi-plays-berkeley-vhs-rental-musical,Jimi Hendrix | Jimi Plays Berkeley,,VHS,Media > Videos,"Rental, VHS, Musical, Formatted",Genre,Musical,shopify,1,deny,manual,0,10801658,,,,musical,,,,,,,,,,,,,,,,,,,,,,,,,,,,,,,,,,,,,,,,
wall-street-vhs-rental-drama,Wall Street,,VHS,Media > Videos,"Rental, VHS, Drama, Formatted",Genre,Drama,shopify,1,deny,manual,0,10539514,,,,drama,,,,,,,,,,,,,,,,,,,,,,,,,,,,,,,,,,,,,,,,
fireworks-dvd-rental-drama,Fireworks,,DVD,Media > Videos,"Rental, DVD, Drama, Formatted",Genre,Drama,shopify,1,deny,manual,0,95990522,,,,drama,,,,,,,,,,,,,,,,,,,,,,,,,,,,,,,,,,,,,,,,
rudolph-the-movie-vhs-rental-kids-family,Rudolph the Movie,,VHS,Media > Videos,"Rental, VHS, Kids & Family, Formatted",Genre,Kids & Family,shopify,1,deny,manual,0,33043194,,,,kids-family,,,,,,,,,,,,,,,,,,,,,,,,,,,,,,,,,,,,,,,,
pinocchio-vhs-rental-kids-family,Pinocchio,,VHS,Media > Videos,"Rental, VHS, Kids & Family, Formatted",Genre,Kids & Family,shopify,1,deny,manual,0,32944890,,,,kids-family,,,,,,,,,,,,,,,,,,,,,,,,,,,,,,,,,,,,,,,,
the-jungle-book-vhs-rental-kids-family,The Jungle Book,,VHS,Media > Videos,"Rental, VHS, Kids & Family, Formatted",Genre,Kids & Family,shopify,1,deny,manual,0,32649978,,,,kids-family,,,,,,,,,,,,,,,,,,,,,,,,,,,,,,,,,,,,,,,,
sleeper-dvd-rental-comedy,Sleeper,,DVD,Media > Videos,"Rental, DVD, Comedy, Formatted",Genre,Comedy,shopify,1,deny,manual,0,24097530,,,,comedy,,,,,,,,,,,,,,,,,,,,,,,,,,,,,,,,,,,,,,,,
the-merry-widow-dvd-rental-comedy,The Merry Widow,,DVD,Media > Videos,"Rental, DVD, Comedy, Formatted",Genre,Comedy,shopify,1,deny,manual,0,20820730,,,,comedy,,,,,,,,,,,,,,,,,,,,,,,,,,,,,,,,,,,,,,,,
the-italian-straw-hat-dvd-rental-comedy,The Italian Straw Hat,,DVD,Media > Videos,"Rental, DVD, Comedy, Formatted",Genre,Comedy,shopify,1,deny,manual,0,20787962,,,,comedy,,,,,,,,,,,,,,,,,,,,,,,,,,,,,,,,,,,,,,,,
the-rules-of-the-game-dvd-rental-comedy,The Rules of the Game,,DVD,Media > Videos,"Rental, DVD, Comedy, Formatted",Genre,Comedy,shopify,1,deny,manual,0,20689658,,,,comedy,,,,,,,,,,,,,,,,,,,,,,,,,,,,,,,,,,,,,,,,
bananas-dvd-rental-comedy,Bananas,,DVD,Media > Videos,"Rental, DVD, Comedy, Formatted",Genre,Comedy,shopify,1,deny,manual,0,20493050,,,,comedy,,,,,,,,,,,,,,,,,,,,,,,,,,,,,,,,,,,,,,,,
manhattan-dvd-rental-comedy,Manhattan,,DVD,Media > Videos,"Rental, DVD, Comedy, Formatted",Genre,Comedy,shopify,1,deny,manual,0,20460282,,,,comedy,,,,,,,,,,,,,,,,,,,,,,,,,,,,,,,,,,,,,,,,
duel-to-the-death-dvd-rental-action,Duel to the Death,,DVD,Media > Videos,"Rental, DVD, Action, Formatted",Genre,Action,shopify,1,deny,manual,0,20427514,,,,action,,,,,,,,,,,,,,,,,,,,,,,,,,,,,,,,,,,,,,,,
the-great-moment-dvd-rental-drama,The Great Moment,,DVD,Media > Videos,"Rental, DVD, Drama, Formatted",Genre,Drama,shopify,1,deny,manual,0,20394746,,,,drama,,,,,,,,,,,,,,,,,,,,,,,,,,,,,,,,,,,,,,,,
the-adventures-of-buckaroo-banzai-dvd-rental-action,The Adventures of Buckaroo Banzai,,DVD,Media > Videos,"Rental, DVD, Action, Formatted",Genre,Action,shopify,1,deny,manual,0,20230906,,,,action,,,,,,,,,,,,,,,,,,,,,,,,,,,,,,,,,,,,,,,,
dead-heat-vhs-rental-action,Dead Heat,,VHS,Media > Videos,"Rental, VHS, Action, Formatted",Genre,Action,shopify,1,deny,manual,0,00646906,,,,action,,,,,,,,,,,,,,,,,,,,,,,,,,,,,,,,,,,,,,,,
face-to-face-vhs-rental-drama,Face to Face,,VHS,Media > Videos,"Rental, VHS, Drama, Formatted",Genre,Drama,shopify,1,deny,manual,0,29278202,,,,drama,,,,,,,,,,,,,,,,,,,,,,,,,,,,,,,,,,,,,,,,
whatever-it-takes-vhs-rental-romantic-comedy,Whatever it Takes,,VHS,Media > Videos,"Rental, VHS, Romantic Comedy, Formatted",Genre,Romantic Comedy,shopify,1,deny,manual,0,29147130,,,,romantic-comedy,,,,,,,,,,,,,,,,,,,,,,,,,,,,,,,,,,,,,,,,
killing-time-vhs-rental-drama,Killing Time,,VHS,Media > Videos,"Rental, VHS, Thriller, Formatted",Genre,Thriller,shopify,1,deny,manual,0,80102394,,,,thriller,,,,,,,,,,,,,,,,,,,,,,,,,,,,,,,,,,,,,,,,
kill-zone-vhs-rental-action,Kill Zone,,VHS,Media > Videos,"Rental, VHS, Action, Formatted",Genre,Action,shopify,1,deny,manual,0,80004090,,,,action,,,,,,,,,,,,,,,,,,,,,,,,,,,,,,,,,,,,,,,,
and-she-was-vhs-rental-drama,And She Was,,VHS,Media > Videos,"Rental, VHS, Drama, Formatted",Genre,Drama,shopify,1,deny,manual,0,79971322,,,,drama,,,,,,,,,,,,,,,,,,,,,,,,,,,,,,,,,,,,,,,,
whats-up-doc-vhs-rental-comedy,"What's Up, Doc?",,VHS,Media > Videos,"Rental, VHS, Comedy, Formatted",Genre,Comedy,shopify,1,deny,manual,0,79676410,,,,comedy,,,,,,,,,,,,,,,,,,,,,,,,,,,,,,,,,,,,,,,,
on-the-beach-vhs-rental-sci-fi,On the Beach,,VHS,Media > Videos,"Rental, VHS, Drama, Formatted",Genre,Drama,shopify,1,deny,manual,0,79512570,,,,drama,,,,,,,,,,,,,,,,,,,,,,,,,,,,,,,,,,,,,,,,
price-of-glory-vhs-rental-drama,Price of Glory,,VHS,Media > Videos,"Rental, VHS, Drama, Formatted",Genre,Drama,shopify,1,deny,manual,0,79315962,,,,drama,,,,,,,,,,,,,,,,,,,,,,,,,,,,,,,,,,,,,,,,
girls-will-be-girls-vhs-rental-comedy,Girls Will Be Girls,,VHS,Media > Videos,"Rental, VHS, Comedy, Formatted",Genre,Comedy,shopify,1,deny,manual,0,75138554,,,,comedy,,,,,,,,,,,,,,,,,,,,,,,,,,,,,,,,,,,,,,,,
vice-versa-vhs-rental-comedy,Vice Versa,,VHS,Media > Videos,"Rental, VHS, Comedy, Formatted",Genre,Comedy,shopify,1,deny,manual,0,72943098,,,,comedy,,,,,,,,,,,,,,,,,,,,,,,,,,,,,,,,,,,,,,,,
the-lion-in-winter-vhs-rental-drama,The Lion in Winter,,VHS,Media > Videos,"Rental, VHS, Drama, Formatted",Genre,Drama,shopify,1,deny,manual,0,72844794,,,,drama,,,,,,,,,,,,,,,,,,,,,,,,,,,,,,,,,,,,,,,,
girl-vhs-rental-drama,girl,,VHS,Media > Videos,"Rental, VHS, Drama, Formatted",Genre,Drama,shopify,1,deny,manual,0,71697914,,,,drama,,,,,,,,,,,,,,,,,,,,,,,,,,,,,,,,,,,,,,,,
the-proposition-vhs-rental-drama,The Proposition,,VHS,Media > Videos,"Rental, VHS, Drama, Formatted",Genre,Drama,shopify,1,deny,manual,0,71337466,,,,drama,,,,,,,,,,,,,,,,,,,,,,,,,,,,,,,,,,,,,,,,
three-seasons-vhs-rental-drama,Three Seasons,,VHS,Media > Videos,"Rental, VHS, Drama, Formatted",Genre,Drama,shopify,1,deny,manual,0,71173626,,,,drama,,,,,,,,,,,,,,,,,,,,,,,,,,,,,,,,,,,,,,,,
jane-austens-persuasion-vhs-rental-drama,Jane Austen's Persuasion,,VHS,Media > Videos,"Rental, VHS, Drama, Formatted",Genre,Drama,shopify,1,deny,manual,0,70977018,,,,drama,,,,,,,,,,,,,,,,,,,,,,,,,,,,,,,,,,,,,,,,
summers-end-vhs-rental-drama,Summer's End,,VHS,Media > Videos,"Rental, VHS, Drama, Formatted",Genre,Drama,shopify,1,deny,manual,0,09561850,,,,drama,,,,,,,,,,,,,,,,,,,,,,,,,,,,,,,,,,,,,,,,
web-of-deceit-vhs-rental-romantic-comedy,Web of Deceit,,VHS,Media > Videos,"Rental, VHS, Romantic Comedy, Formatted",Genre,Romantic Comedy,shopify,1,deny,manual,0,09496314,,,,romantic-comedy,,,,,,,,,,,,,,,,,,,,,,,,,,,,,,,,,,,,,,,,
magdalenes-vhs-rental-drama,Magdalenes,,VHS,Media > Videos,"Rental, VHS, Drama, Formatted",Genre,Drama,shopify,1,deny,manual,0,09463546,,,,drama,,,,,,,,,,,,,,,,,,,,,,,,,,,,,,,,,,,,,,,,
well-meet-again-vhs-rental-drama,We'll Meet Again,,VHS,Media > Videos,"Rental, VHS, Drama, Formatted",Genre,Drama,shopify,1,deny,manual,0,09201402,,,,drama,,,,,,,,,,,,,,,,,,,,,,,,,,,,,,,,,,,,,,,,
the-verdict-vhs-rental-drama,The Verdict,,VHS,Media > Videos,"Rental, VHS, Drama, Formatted",Genre,Drama,shopify,1,deny,manual,0,09168634,,,,drama,,,,,,,,,,,,,,,,,,,,,,,,,,,,,,,,,,,,,,,,
funny-farm-vhs-rental-comedy,Funny Farm,,VHS,Media > Videos,"Rental, VHS, Comedy, Formatted",Genre,Comedy,shopify,1,deny,manual,0,09135866,,,,comedy,,,,,,,,,,,,,,,,,,,,,,,,,,,,,,,,,,,,,,,,
werewolf-vhs-rental-horror,Werewolf,,VHS,Media > Videos,"Rental, VHS, Horror, Formatted",Genre,Horror,shopify,1,deny,manual,0,08840954,,,,horror,,,,,,,,,,,,,,,,,,,,,,,,,,,,,,,,,,,,,,,,
homeward-bound-vhs-rental-kids-family,Homeward Bound,,VHS,Media > Videos,"Rental, VHS, Kids & Family, Formatted",Genre,Kids & Family,shopify,1,deny,manual,0,08677114,,,,kids-family,,,,,,,,,,,,,,,,,,,,,,,,,,,,,,,,,,,,,,,,
the-guru-vhs-rental-comedy,The Guru,,VHS,Media > Videos,"Rental, VHS, Comedy, Formatted",Genre,Comedy,shopify,1,deny,manual,0,08578810,,,,comedy,,,,,,,,,,,,,,,,,,,,,,,,,,,,,,,,,,,,,,,,
it-could-happen-to-you-vhs-rental-romantic-comedy,It Could Happen to You,,VHS,Media > Videos,"Rental, VHS, Romantic Comedy, Formatted",Genre,Romantic Comedy,shopify,1,deny,manual,0,08414970,,,,romantic-comedy,,,,,,,,,,,,,,,,,,,,,,,,,,,,,,,,,,,,,,,,
the-wasp-woman-vhs-floor-sale-horror,The Wasp Woman,,VHS,Media > Videos,"Floor Sale, VHS, Horror, Formatted",Genre,Horror,shopify,1,deny,manual,8.00,71223290,,,,horror,,,,,,,,,,,,,,,,,,,,,,,,,,,,,,,,,,,,,,,,
night-and-the-city-vhs-floor-sale-drama,Night and the City,,VHS,Media > Videos,"Floor Sale, VHS, Drama, Formatted",Genre,Drama,shopify,1,deny,manual,8.00,51128570,,,,drama,,,,,,,,,,,,,,,,,,,,,,,,,,,,,,,,,,,,,,,,
the-rose-garden-vhs-floor-sale-drama,The Rose Garden,,VHS,Media > Videos,"Floor Sale, VHS, Drama, Formatted",Genre,Drama,shopify,1,deny,manual,6.00,50997498,,,,drama,,,,,,,,,,,,,,,,,,,,,,,,,,,,,,,,,,,,,,,,
steam-vhs-floor-sale-drama,Steam,,VHS,Media > Videos,"Floor Sale, VHS, Drama, Formatted",Genre,Drama,shopify,1,deny,manual,8.00,50866426,,,,drama,,,,,,,,,,,,,,,,,,,,,,,,,,,,,,,,,,,,,,,,
othello-vhs-floor-sale-drama,Othello,,VHS,Media > Videos,"Floor Sale, VHS, Drama, Formatted",Genre,Drama,shopify,1,deny,manual,8.00,49981690,,,,drama,,,,,,,,,,,,,,,,,,,,,,,,,,,,,,,,,,,,,,,,
under-siege-2-vhs-floor-sale-action,Under Siege 2,,VHS,Media > Videos,"Floor Sale, VHS, Action, Formatted",Genre,Action,shopify,1,deny,manual,6.00,07317754,,,,action,,,,,,,,,,,,,,,,,,,,,,,,,,,,,,,,,,,,,,,,
the-lion-in-winter-vhs-floor-sale-drama,The Lion in Winter,,VHS,Media > Videos,"Floor Sale, VHS, Drama, Formatted",Genre,Drama,shopify,1,deny,manual,10.00,07284986,,,,drama,,,,,,,,,,,,,,,,,,,,,,,,,,,,,,,,,,,,,,,,
harry-potter-and-the-sorcerers-stone-vhs-floor-sale-kids-family,Harry Potter And The Sorcerer's Stone,,VHS,Media > Videos,"Floor Sale, VHS, Kids & Family, Formatted",Genre,Kids & Family,shopify,1,deny,manual,8.00,06859002,,,,kids-family,,,,,,,,,,,,,,,,,,,,,,,,,,,,,,,,,,,,,,,,
adventures-in-babysitting-vhs-floor-sale-comedy,Adventures in Babysitting,,VHS,Media > Videos,"Floor Sale, VHS, Comedy, Formatted",Genre,Comedy,shopify,1,deny,manual,12.00,06531322,,,,comedy,,,,,,,,,,,,,,,,,,,,,,,,,,,,,,,,,,,,,,,,
mi-vida-loca-my-crazy-life-vhs-floor-sale-drama,Mi Vida Loca My Crazy Life,,VHS,Media > Videos,"Floor Sale, VHS, Drama, Formatted",Genre,Drama,shopify,1,deny,manual,12.00,99158522,,,,drama,,,,,,,,,,,,,,,,,,,,,,,,,,,,,,,,,,,,,,,,
moondance-vhs-floor-sale-drama,Moondance,,VHS,Media > Videos,"Floor Sale, VHS, Drama, Formatted",Genre,Drama,shopify,1,deny,manual,8.00,99125754,,,,drama,,,,,,,,,,,,,,,,,,,,,,,,,,,,,,,,,,,,,,,,
queen-margot-vhs-floor-sale-drama,Queen Margot,,VHS,Media > Videos,"Floor Sale, VHS, Drama, Formatted",Genre,Drama,shopify,1,deny,manual,6.00,98994682,,,,drama,,,,,,,,,,,,,,,,,,,,,,,,,,,,,,,,,,,,,,,,
jesse-james-vhs-floor-sale-drama,Jesse James,,VHS,Media > Videos,"Floor Sale, VHS, Drama, Formatted",Genre,Drama,shopify,1,deny,manual,7.00,98863610,,,,drama,,,,,,,,,,,,,,,,,,,,,,,,,,,,,,,,,,,,,,,,
richard-iii-vhs-floor-sale-drama,Richard III,,VHS,Media > Videos,"Floor Sale, VHS, Drama, Formatted",Genre,Drama,shopify,1,deny,manual,7.00,98667002,,,,drama,,,,,,,,,,,,,,,,,,,,,,,,,,,,,,,,,,,,,,,,
shameless-vhs-floor-sale-drama,Shameless,,VHS,Media > Videos,"Floor Sale, VHS, Drama, Formatted",Genre,Drama,shopify,1,deny,manual,8.00,98634234,,,,drama,,,,,,,,,,,,,,,,,,,,,,,,,,,,,,,,,,,,,,,,
much-ado-about-nothing-vhs-floor-sale-romantic-comedy,Much Ado About Nothing,,VHS,Media > Videos,"Floor Sale, VHS, Romantic Comedy, Formatted",Genre,Romantic Comedy,shopify,1,deny,manual,8.00,98568698,,,,romantic-comedy,,,,,,,,,,,,,,,,,,,,,,,,,,,,,,,,,,,,,,,,
whos-afraid-of-virginia-woolf-vhs-floor-sale-drama,Who's Afraid of Virginia Woolf?,,VHS,Media > Videos,"Floor Sale, VHS, Drama, Formatted",Genre,Drama,shopify,1,deny,manual,7.00,98503162,,,,drama,,,,,,,,,,,,,,,,,,,,,,,,,,,,,,,,,,,,,,,,
1918-vhs-floor-sale-drama,1918,,VHS,Media > Videos,"Floor Sale, VHS, Drama, Formatted",Genre,Drama,shopify,1,deny,manual,12.00,98372090,,,,drama,,,,,,,,,,,,,,,,,,,,,,,,,,,,,,,,,,,,,,,,
body-of-evidence-vhs-floor-sale-thriller,Body of Evidence,,VHS,Media > Videos,"Floor Sale, VHS, Thriller, Formatted",Genre,Thriller,shopify,1,deny,manual,10.00,98208250,,,,thriller,,,,,,,,,,,,,,,,,,,,,,,,,,,,,,,,,,,,,,,,
8-1-2-women-vhs-floor-sale-comedy,8 1/2 Women,,VHS,Media > Videos,"Floor Sale, VHS, Comedy, Formatted",Genre,Comedy,shopify,1,deny,manual,15.00,78809594,,,,comedy,,,,,,,,,,,,,,,,,,,,,,,,,,,,,,,,,,,,,,,,
touched-vhs-floor-sale-drama,Touched,,VHS,Media > Videos,"Floor Sale, VHS, Drama, Formatted",Genre,Drama,shopify,1,deny,manual,5.00,78645754,,,,drama,,,,,,,,,,,,,,,,,,,,,,,,,,,,,,,,,,,,,,,,
shadowlands-vhs-floor-sale-drama,Shadowlands,,VHS,Media > Videos,"Floor Sale, VHS, Drama, Formatted",Genre,Drama,shopify,1,deny,manual,6.00,78612986,,,,drama,,,,,,,,,,,,,,,,,,,,,,,,,,,,,,,,,,,,,,,,
armageddon-vhs-floor-sale-sci-fi,Armageddon,,VHS,Media > Videos,"Floor Sale, VHS, Sci-Fi, Formatted",Genre,Sci-Fi,shopify,1,deny,manual,6.00,78449146,,,,sci-fi,,,,,,,,,,,,,,,,,,,,,,,,,,,,,,,,,,,,,,,,
the-nutty-professor-vhs-floor-sale-comedy,The Nutty Professor,,VHS,Media > Videos,"Floor Sale, VHS, Comedy, Formatted",Genre,Comedy,shopify,1,deny,manual,6.00,78383610,,,,comedy,,,,,,,,,,,,,,,,,,,,,,,,,,,,,,,,,,,,,,,,
payback-vhs-floor-sale-action,Payback,,VHS,Media > Videos,"Floor Sale, VHS, Action, Formatted",Genre,Action,shopify,1,deny,manual,8.00,78154234,,,,action,,,,,,,,,,,,,,,,,,,,,,,,,,,,,,,,,,,,,,,,
king-of-new-york-1995-vhs-floor-sale-thriller,King of New York (1995),,VHS,Media > Videos,"Floor Sale, VHS, Thriller, Formatted",Genre,Thriller,shopify,1,deny,manual,14.00,40077818,,,,thriller,,,,,,,,,,,,,,,,,,,,,,,,,,,,,,,,,,,,,,,,
china-girl-vhs-floor-sale-drama,China Girl,,VHS,Media > Videos,"Floor Sale, VHS, Drama, Formatted",Genre,Drama,shopify,1,deny,manual,12.00,39979514,,,,drama,,,,,,,,,,,,,,,,,,,,,,,,,,,,,,,,,,,,,,,,
thank-god-its-friday-1986-vhs-floor-sale-comedy,Thank God It's Friday (1986),,VHS,Media > Videos,"Floor Sale, VHS, Comedy, Formatted",Genre,Comedy,shopify,1,deny,manual,8.00,39913978,,,,comedy,,,,,,,,,,,,,,,,,,,,,,,,,,,,,,,,,,,,,,,,
skindeep-1989-vhs-floor-sale-comedy,Skindeep (1989),,VHS,Media > Videos,"Floor Sale, VHS, Comedy, Formatted",Genre,Comedy,shopify,1,deny,manual,9.00,39782906,,,,comedy,,,,,,,,,,,,,,,,,,,,,,,,,,,,,,,,,,,,,,,,
when-will-i-be-loved-vhs-floor-sale-drama,When Will I Be Loved,,VHS,Media > Videos,"Floor Sale, VHS, Drama, Formatted",Genre,Drama,shopify,1,deny,manual,9.00,39619066,,,,drama,,,,,,,,,,,,,,,,,,,,,,,,,,,,,,,,,,,,,,,,
the-abyss-vhs-floor-sale-horror,The Abyss,,VHS,Media > Videos,"Floor Sale, VHS, Horror, Formatted",Genre,Horror,shopify,1,deny,manual,8.00,39487994,,,,horror,,,,,,,,,,,,,,,,,,,,,,,,,,,,,,,,,,,,,,,,
seven-vhs-floor-sale-horror,Seven,,VHS,Media > Videos,"Floor Sale, VHS, Horror, Formatted",Genre,Horror,shopify,1,deny,manual,8.00,39291386,,,,horror,,,,,,,,,,,,,,,,,,,,,,,,,,,,,,,,,,,,,,,,
mark-of-the-devil-vhs-floor-sale-horror,Mark of the Devil,,VHS,Media > Videos,"Floor Sale, VHS, Horror, Formatted",Genre,Horror,shopify,1,deny,manual,13.00,39193082,,,,horror,,,,,,,,,,,,,,,,,,,,,,,,,,,,,,,,,,,,,,,,
speed-2-vhs-floor-sale-action,Speed 2,,VHS,Media > Videos,"Floor Sale, VHS, Action, Formatted",Genre,Action,shopify,1,deny,manual,6.00,39160314,,,,action,,,,,,,,,,,,,,,,,,,,,,,,,,,,,,,,,,,,,,,,
cape-fear-vhs-floor-sale-thriller,Cape Fear,,VHS,Media > Videos,"Floor Sale, VHS, Thriller, Formatted",Genre,Thriller,shopify,1,deny,manual,10.00,38636026,,,,thriller,,,,,,,,,,,,,,,,,,,,,,,,,,,,,,,,,,,,,,,,
welcome-to-spring-break-vhs-floor-sale-comedy,Welcome to Spring Break,,VHS,Media > Videos,"Floor Sale, VHS, Comedy, Formatted",Genre,Comedy,shopify,1,deny,manual,10.00,38603258,,,,comedy,,,,,,,,,,,,,,,,,,,,,,,,,,,,,,,,,,,,,,,,
my-girl-my-girl-2-vhs-floor-sale-kids-family,My Girl & My Girl 2,,VHS,Media > Videos,"Floor Sale, VHS, Kids & Family, Formatted",Genre,Kids & Family,shopify,1,deny,manual,9.00,38504954,,,,kids-family,,,,,,,,,,,,,,,,,,,,,,,,,,,,,,,,,,,,,,,,
radio-days-vhs-floor-sale-comedy,Radio Days,,VHS,Media > Videos,"Floor Sale, VHS, Comedy, Formatted",Genre,Comedy,shopify,1,deny,manual,6.00,38406650,,,,comedy,,,,,,,,,,,,,,,,,,,,,,,,,,,,,,,,,,,,,,,,
whatever-vhs-floor-sale-drama,Whatever,,VHS,Media > Videos,"Floor Sale, VHS, Drama, Formatted",Genre,Drama,shopify,1,deny,manual,10.00,38373882,,,,drama,,,,,,,,,,,,,,,,,,,,,,,,,,,,,,,,,,,,,,,,
the-inheritors-vhs-floor-sale-foreign,The Inheritors,,VHS,Media > Videos,"Floor Sale, VHS, Foreign, Formatted",Genre,Foreign,shopify,1,deny,manual,15.00,38210042,,,,foreign,,,,,,,,,,,,,,,,,,,,,,,,,,,,,,,,,,,,,,,,
ground-zero-vhs-floor-sale-thriller,Ground Zero,,VHS,Media > Videos,"Floor Sale, VHS, Thriller, Formatted",Genre,Thriller,shopify,1,deny,manual,6.00,38144506,,,,thriller,,,,,,,,,,,,,,,,,,,,,,,,,,,,,,,,,,,,,,,,
gunshy-vhs-floor-sale-thriller,Gunshy,,VHS,Media > Videos,"Floor Sale, VHS, Thriller, Formatted",Genre,Thriller,shopify,1,deny,manual,6.00,66317050,,,,thriller,,,,,,,,,,,,,,,,,,,,,,,,,,,,,,,,,,,,,,,,
supernova-vhs-floor-sale-sci-fi,Supernova,,VHS,Media > Videos,"Floor Sale, VHS, Sci-Fi, Formatted",Genre,Sci-Fi,shopify,1,deny,manual,6.00,66153210,,,,sci-fi,,,,,,,,,,,,,,,,,,,,,,,,,,,,,,,,,,,,,,,,
high-crime-vhs-floor-sale-thriller,High Crime,,VHS,Media > Videos,"Floor Sale, VHS, Thriller, Formatted",Genre,Thriller,shopify,1,deny,manual,8.00,65923834,,,,thriller,,,,,,,,,,,,,,,,,,,,,,,,,,,,,,,,,,,,,,,,
thicker-than-water-vhs-floor-sale-drama,Thicker Than Water,,VHS,Media > Videos,"Floor Sale, VHS, Drama, Formatted",Genre,Drama,shopify,1,deny,manual,4.00,65694458,,,,drama,,,,,,,,,,,,,,,,,,,,,,,,,,,,,,,,,,,,,,,,
grave-indiscretion-vhs-floor-sale-thriller,Grave Indiscretion,,VHS,Media > Videos,"Floor Sale, VHS, Thriller, Formatted",Genre,Thriller,shopify,1,deny,manual,5.00,26107898,,,,thriller,,,,,,,,,,,,,,,,,,,,,,,,,,,,,,,,,,,,,,,,
a-slight-case-of-murder-vhs-floor-sale-comedy,A Slight Case of Murder,,VHS,Media > Videos,"Floor Sale, VHS, Comedy, Formatted",Genre,Comedy,shopify,1,deny,manual,6.00,25976826,,,,comedy,,,,,,,,,,,,,,,,,,,,,,,,,,,,,,,,,,,,,,,,
shame-vhs-floor-sale-drama,Shame,,VHS,Media > Videos,"Floor Sale, VHS, Drama, Formatted",Genre,Drama,shopify,1,deny,manual,5.00,25747450,,,,drama,,,,,,,,,,,,,,,,,,,,,,,,,,,,,,,,,,,,,,,,
women-men-vhs-floor-sale-drama,Women & Men,,VHS,Media > Videos,"Floor Sale, VHS, Drama, Formatted",Genre,Drama,shopify,1,deny,manual,8.00,15294458,,,,drama,,,,,,,,,,,,,,,,,,,,,,,,,,,,,,,,,,,,,,,,
the-skulls-ii-vhs-floor-sale-thriller,The Skulls II,,VHS,Media > Videos,"Floor Sale, VHS, Thriller, Formatted",Genre,Thriller,shopify,1,deny,manual,5.00,57524474,,,,thriller,,,,,,,,,,,,,,,,,,,,,,,,,,,,,,,,,,,,,,,,
nature-of-the-beast-vhs-floor-sale-thriller,Nature of the Beast,,VHS,Media > Videos,"Floor Sale, VHS, Thriller, Formatted",Genre,Thriller,shopify,1,deny,manual,6.00,57393402,,,,thriller,,,,,,,,,,,,,,,,,,,,,,,,,,,,,,,,,,,,,,,,
the-other-woman-vhs-floor-sale-drama,The Other Woman,,VHS,Media > Videos,"Floor Sale, VHS, Drama, Formatted",Genre,Drama,shopify,1,deny,manual,12.00,57229562,,,,drama,,,,,,,,,,,,,,,,,,,,,,,,,,,,,,,,,,,,,,,,
revelation-vhs-floor-sale-horor,Revelation,,VHS,Media > Videos,"Floor Sale, VHS, Horror, Formatted",Genre,Horror,shopify,1,deny,manual,5.00,37142778,,,,horror,,,,,,,,,,,,,,,,,,,,,,,,,,,,,,,,,,,,,,,,
the-secretary-vhs-floor-sale-thriller,The Secretary,,VHS,Media > Videos,"Floor Sale, VHS, Thriller, Formatted",Genre,Thriller,shopify,1,deny,manual,5.00,36978938,,,,thriller,,,,,,,,,,,,,,,,,,,,,,,,,,,,,,,,,,,,,,,,
possession-vhs-floor-sale-horror,Possession,,VHS,Media > Videos,"Floor Sale, VHS, Horror, Formatted",Genre,Horror,shopify,1,deny,manual,5.00,36782330,,,,horror,,,,,,,,,,,,,,,,,,,,,,,,,,,,,,,,,,,,,,,,
the-expert-vhs-floor-sale-thriller,The Expert,,VHS,Media > Videos,"Floor Sale, VHS, Thriller, Formatted",Genre,Thriller,shopify,1,deny,manual,6.00,32358650,,,,thriller,,,,,,,,,,,,,,,,,,,,,,,,,,,,,,,,,,,,,,,,
i-want-you-vhs-floor-sale-drama,I Want You,,VHS,Media > Videos,"Floor Sale, VHS, Drama, Formatted",Genre,Drama,shopify,1,deny,manual,6.00,32162042,,,,drama,,,,,,,,,,,,,,,,,,,,,,,,,,,,,,,,,,,,,,,,
kiss-or-kill-vhs-floor-sale-thriller,Kiss or Kill,,VHS,Media > Videos,"Floor Sale, VHS, Thriller, Formatted",Genre,Thriller,shopify,1,deny,manual,8.00,32129274,,,,thriller,,,,,,,,,,,,,,,,,,,,,,,,,,,,,,,,,,,,,,,,
fallen-vhs-floor-sale-thriller,Fallen,,VHS,Media > Videos,"Floor Sale, VHS, Thriller, Formatted",Genre,Thriller,shopify,1,deny,manual,8.00,88131834,,,,thriller,,,,,,,,,,,,,,,,,,,,,,,,,,,,,,,,,,,,,,,,
fatally-yours-vhs-floor-sale-thriller,Fatally Yours,,VHS,Media > Videos,"Floor Sale, VHS, Thriller, Formatted",Genre,Thriller,shopify,1,deny,manual,5.00,88099066,,,,thriller,,,,,,,,,,,,,,,,,,,,,,,,,,,,,,,,,,,,,,,,
hidden-city-vhs-floor-sale-drama,Hidden City,,VHS,Media > Videos,"Floor Sale, VHS, Drama, Formatted",Genre,Drama,shopify,1,deny,manual,8.00,81709306,,,,drama,,,,,,,,,,,,,,,,,,,,,,,,,,,,,,,,,,,,,,,,
doa-vhs-floor-sale-thriller,D.O.A.,,VHS,Media > Videos,"Floor Sale, VHS, Thriller, Formatted",Genre,Thriller,shopify,1,deny,manual,5.00,71944442,,,,thriller,,,,,,,,,,,,,,,,,,,,,,,,,,,,,,,,,,,,,,,,
nobodys-fool-vhs-floor-sale-drama,Nobody's Fool,,VHS,Media > Videos,"Floor Sale, VHS, Drama, Formatted",Genre,Drama,shopify,1,deny,manual,5.00,29281530,,,,drama,,,,,,,,,,,,,,,,,,,,,,,,,,,,,,,,,,,,,,,,
national-lampoons-animal-house-vhs-floor-sale-comedy,National Lampoons: Animal House,,VHS,Media > Videos,"Floor Sale, VHS, Comedy, Formatted",Genre,Comedy,shopify,1,deny,manual,8.00,29248762,,,,comedy,,,,,,,,,,,,,,,,,,,,,,,,,,,,,,,,,,,,,,,,
lethal-weapon-vhs-floor-sale-action,Lethal Weapon,,VHS,Media > Videos,"Floor Sale, VHS, Action, Formatted",Genre,Action,shopify,1,deny,manual,8.00,29019386,,,,action,,,,,,,,,,,,,,,,,,,,,,,,,,,,,,,,,,,,,,,,
the-associate-vhs-floor-sale-comedy,The Associate,,VHS,Media > Videos,"Floor Sale, VHS, Comedy, Formatted",Genre,Comedy,shopify,1,deny,manual,6.00,28298490,,,,comedy,,,,,,,,,,,,,,,,,,,,,,,,,,,,,,,,,,,,,,,,
on-golden-pond-vhs-floor-sale-drama,On Golden Pond,,VHS,Media > Videos,"Floor Sale, VHS, Drama, Formatted",Genre,Drama,shopify,1,deny,manual,5.00,28134650,,,,drama,,,,,,,,,,,,,,,,,,,,,,,,,,,,,,,,,,,,,,,,
runaway-bride-vhs-floor-sale-romantic-comedy,Runaway Bride,,VHS,Media > Videos,"Floor Sale, VHS, Romantic Comedy, Formatted",Genre,Romantic Comedy,shopify,1,deny,manual,6.00,27970810,,,,romantic-comedy,,,,,,,,,,,,,,,,,,,,,,,,,,,,,,,,,,,,,,,,
sahara-vhs-floor-sale-action,Sahara,,VHS,Media > Videos,"Floor Sale, VHS, Action, Formatted",Genre,Action,shopify,1,deny,manual,5.00,27053306,,,,action,,,,,,,,,,,,,,,,,,,,,,,,,,,,,,,,,,,,,,,,
the-assignment-vhs-floor-sale-thriller,The Assignment,,VHS,Media > Videos,"Floor Sale, VHS, Thriller, Formatted",Genre,Thriller,shopify,1,deny,manual,5.00,14990842,,,,thriller,,,,,,,,,,,,,,,,,,,,,,,,,,,,,,,,,,,,,,,,
mulan-mulan-ii-bluray-floor-sale-kids-family,"Mulan, Mulan II",,Blu-Ray,Media > Videos,"Floor Sale, Blu-Ray, Kids & Family, Formatted",Genre,Kids & Family,shopify,1,deny,manual,8.00,14499322,,,,kids-family,,,,,,,,,,,,,,,,,,,,,,,,,,,,,,,,,,,,,,,,
mama-mia-dvd-floor-sale-kids-family,Mama Mia,,DVD,Media > Videos,"Floor Sale, DVD, Kids & Family, Formatted",Genre,Kids & Family,shopify,1,deny,manual,6.00,26975994,,,,kids-family,,,,,,,,,,,,,,,,,,,,,,,,,,,,,,,,,,,,,,,,
the-manchurian-candidate-dvd-floor-sale-thriller,The Manchurian Candidate,,DVD,Media > Videos,"Floor Sale, DVD, Thriller, Formatted",Genre,Thriller,shopify,1,deny,manual,6.00,26615546,,,,thriller,,,,,,,,,,,,,,,,,,,,,,,,,,,,,,,,,,,,,,,,
marie-antoinette-dvd-floor-sale-drama,Marie Antoinette,,DVD,Media > Videos,"Floor Sale, DVD, Drama, Formatted",Genre,Drama,shopify,1,deny,manual,6.00,26517242,,,,drama,,,,,,,,,,,,,,,,,,,,,,,,,,,,,,,,,,,,,,,,
mary-poppins-bluray-floor-sale-kids-family,Mary Poppins,,Blu-Ray,Media > Videos,"Floor Sale, Blu-Ray, Kids & Family, Formatted",Genre,Kids & Family,shopify,1,deny,manual,8.00,95857402,,,,kids-family,,,,,,,,,,,,,,,,,,,,,,,,,,,,,,,,,,,,,,,,
monsters-university-monsters-inc-bluray-floor-sale-kids-family,"Monsters University / Monsters, Inc.",,Blu-Ray,Media > Videos,"Floor Sale, Blu-Ray, Kids & Family, Formatted",Genre,Kids & Family,shopify,1,deny,manual,10.00,95791866,,,,kids-family,,,,,,,,,,,,,,,,,,,,,,,,,,,,,,,,,,,,,,,,
the-man-with-the-iron-fist-bluray-floor-sale-action,The Man With the Iron Fist,,Blu-Ray,Media > Videos,"Floor Sale, Blu-Ray, Action, Formatted",Genre,Action,shopify,1,deny,manual,8.00,95759098,,,,action,,,,,,,,,,,,,,,,,,,,,,,,,,,,,,,,,,,,,,,,
brother-bear-brother-bear-2-bluray-floor-sale-kids-family,Brother Bear & Brother Bear 2,,Blu-Ray,Media > Videos,"Floor Sale, Blu-Ray, Kids & Family, Formatted",Genre,Kids & Family,shopify,1,deny,manual,6.00,95693562,,,,kids-family,,,,,,,,,,,,,,,,,,,,,,,,,,,,,,,,,,,,,,,,
call-of-the-wild-dvd-floor-sale-kids-family,Call of the Wild,,DVD,Media > Videos,"Floor Sale, DVD, Kids & Family, Formatted",Genre,Kids & Family,shopify,1,deny,manual,5.00,95660794,,,,kids-family,,,,,,,,,,,,,,,,,,,,,,,,,,,,,,,,,,,,,,,,
blow-bluray-floor-sale-drama,Blow,,Blu-Ray,Media > Videos,"Floor Sale, Blu-Ray, Drama, Formatted",Genre,Drama,shopify,1,deny,manual,8.00,94907130,,,,drama,,,,,,,,,,,,,,,,,,,,,,,,,,,,,,,,,,,,,,,,
the-three-muskateers-bluray-floor-sale-action,The Three Muskateers,,Blu-Ray,Media > Videos,"Floor Sale, Blu-Ray, Action, Formatted",Genre,Action,shopify,1,deny,manual,6.00,94776058,,,,action,,,,,,,,,,,,,,,,,,,,,,,,,,,,,,,,,,,,,,,,
mechanic-bluray-floor-sale-thriller,Mechanic,,Blu-Ray,Media > Videos,"Floor Sale, Blu-Ray, Thriller, Formatted",Genre,Thriller,shopify,1,deny,manual,6.00,94284538,,,,thriller,,,,,,,,,,,,,,,,,,,,,,,,,,,,,,,,,,,,,,,,
crash-dvd-floor-sale-drama,Crash,,DVD,Media > Videos,"Floor Sale, DVD, Drama, Formatted",Genre,Drama,shopify,1,deny,manual,6.00,63397370,,,,drama,,,,,,,,,,,,,,,,,,,,,,,,,,,,,,,,,,,,,,,,
black-death-bluray-floor-sale-horror,Black Death,,Blu-Ray,Media > Videos,"Floor Sale, Blu-Ray, Horror, Formatted",Genre,Horror,shopify,1,deny,manual,6.00,62643706,,,,horror,,,,,,,,,,,,,,,,,,,,,,,,,,,,,,,,,,,,,,,,
its-complicated-bluray-floor-sale-comedy,It's Complicated,,Blu-Ray,Media > Videos,"Floor Sale, Blu-Ray, Comedy, Formatted",Genre,Comedy,shopify,1,deny,manual,6.00,61529594,,,,comedy,,,,,,,,,,,,,,,,,,,,,,,,,,,,,,,,,,,,,,,,
conan-the-barbarian-bluray-floor-sale-fantasy,Conan the Barbarian,,Blu-Ray,Media > Videos,"Floor Sale, Blu-Ray, Fantasy, Formatted",Genre,Fantasy,shopify,1,deny,manual,6.00,61038074,,,,fantasy,,,,,,,,,,,,,,,,,,,,,,,,,,,,,,,,,,,,,,,,
the-boss-unrated-bluray-floor-sale-comedy,The Boss (Unrated),,Blu-Ray,Media > Videos,"Floor Sale, Blu-Ray, Comedy, Formatted",Genre,Comedy,shopify,1,deny,manual,6.00,60448250,,,,comedy,,,,,,,,,,,,,,,,,,,,,,,,,,,,,,,,,,,,,,,,
the-bounty-hunter-bluray-floor-sale-comedy,The Bounty Hunter,,Blu-Ray,Media > Videos,"Floor Sale, Blu-Ray, Comedy, Formatted",Genre,Comedy,shopify,1,deny,manual,6.00,60120570,,,,comedy,,,,,,,,,,,,,,,,,,,,,,,,,,,,,,,,,,,,,,,,
the-covenant-bluray-floor-sale-horror,The Covenant,,Blu-Ray,Media > Videos,"Floor Sale, Blu-Ray, Horror, Formatted",Genre,Horror,shopify,1,deny,manual,8.00,59137530,,,,horror,,,,,,,,,,,,,,,,,,,,,,,,,,,,,,,,,,,,,,,,
concussion-bluray-floor-sale-drama,Concussion,,Blu-Ray,Media > Videos,"Floor Sale, Blu-Ray, Drama, Formatted",Genre,Drama,shopify,1,deny,manual,6.00,55583738,,,,drama,,,,,,,,,,,,,,,,,,,,,,,,,,,,,,,,,,,,,,,,
cold-mountain-dvd-floor-sale-drama,Cold Mountain,,DVD,Media > Videos,"Floor Sale, DVD, Drama, Formatted",Genre,Drama,shopify,1,deny,manual,6.00,55092218,,,,drama,,,,,,,,,,,,,,,,,,,,,,,,,,,,,,,,,,,,,,,,
doctor-strange-bluray-floor-sale-action,Doctor Strange,,Blu-Ray,Media > Videos,"Floor Sale, Blu-Ray, Action, Formatted",Genre,Action,shopify,1,deny,manual,6.00,54010874,,,,action,,,,,,,,,,,,,,,,,,,,,,,,,,,,,,,,,,,,,,,,
gone-dvd-floor-sale-thriller,Gone,,DVD,Media > Videos,"Floor Sale, DVD, Thriller, Formatted",Genre,Thriller,shopify,1,deny,manual,5.00,53650426,,,,thriller,,,,,,,,,,,,,,,,,,,,,,,,,,,,,,,,,,,,,,,,
contraband-bluray-floor-sale-thriller,Contraband,,Blu-Ray,Media > Videos,"Floor Sale, Blu-Ray, Thriller, Formatted",Genre,Thriller,shopify,1,deny,manual,6.00,52503546,,,,thriller,,,,,,,,,,,,,,,,,,,,,,,,,,,,,,,,,,,,,,,,
deception-dvd-floor-sale-thriller,Deception,,DVD,Media > Videos,"Floor Sale, DVD, Thriller, Formatted",Genre,Thriller,shopify,1,deny,manual,6.00,48383738,,,,thriller,,,,,,,,,,,,,,,,,,,,,,,,,,,,,,,,,,,,,,,,
defiance-dvd-floor-sale-action,Defiance,,DVD,Media > Videos,"Floor Sale, DVD, Action, Formatted",Genre,Action,shopify,1,deny,manual,5.00,48285434,,,,action,,,,,,,,,,,,,,,,,,,,,,,,,,,,,,,,,,,,,,,,
despicable-me-bluray-floor-sale-kids-family,Despicable Me,,Blu-Ray,Media > Videos,"Floor Sale, Blu-Ray, Kids & Family, Formatted",Genre,Kids & Family,shopify,1,deny,manual,6.00,48252666,,,,kids-family,,,,,,,,,,,,,,,,,,,,,,,,,,,,,,,,,,,,,,,,
date-night-bluray-floor-sale-comedy,Date Night,,Blu-Ray,Media > Videos,"Floor Sale, Blu-Ray, Comedy, Formatted",Genre,Comedy,shopify,1,deny,manual,6.00,47859450,,,,comedy,,,,,,,,,,,,,,,,,,,,,,,,,,,,,,,,,,,,,,,,
davinci-code-bluray-floor-sale-thriller,DaVinci Code,,Blu-Ray,Media > Videos,"Floor Sale, Blu-Ray, Thriller, Formatted",Genre,Thriller,shopify,1,deny,manual,6.00,47761146,,,,thriller,,,,,,,,,,,,,,,,,,,,,,,,,,,,,,,,,,,,,,,,
contagion-dvd-floor-sale-thriller,Contagion,,DVD,Media > Videos,"Floor Sale, DVD, Thriller, Formatted",Genre,Thriller,shopify,1,deny,manual,6.00,47662842,,,,thriller,,,,,,,,,,,,,,,,,,,,,,,,,,,,,,,,,,,,,,,,
chocolat-dvd-floor-sale-drama,Chocolat,,DVD,Media > Videos,"Floor Sale, DVD, Drama, Formatted",Genre,Drama,shopify,1,deny,manual,6.00,47466234,,,,drama,,,,,,,,,,,,,,,,,,,,,,,,,,,,,,,,,,,,,,,,
cinderella-bluray-floor-sale-kids-family,Cinderella,,Blu-Ray,Media > Videos,"Floor Sale, Blu-Ray, Kids & Family, Formatted",Genre,Kids & Family,shopify,1,deny,manual,8.00,47433466,,,,kids-family,,,,,,,,,,,,,,,,,,,,,,,,,,,,,,,,,,,,,,,,
cloudy-with-a-chance-of-meatballs-bluray-floor-sale-kids-family,Cloudy With a Chance of Meatballs,,Blu-Ray,Media > Videos,"Floor Sale, Blu-Ray, Kids & Family, Formatted",Genre,Kids & Family,shopify,1,deny,manual,6.00,47335162,,,,kids-family,,,,,,,,,,,,,,,,,,,,,,,,,,,,,,,,,,,,,,,,
charlottes-web-dvd-floor-sale-kids-family,Charlottes Web,,DVD,Media > Videos,"Floor Sale, DVD, Kids & Family, Formatted",Genre,Kids & Family,shopify,1,deny,manual,6.00,46404858,,,,kids-family,,,,,,,,,,,,,,,,,,,,,,,,,,,,,,,,,,,,,,,,
a-christmas-story-bluray-floor-sale-kids-family,A Christmas Story,,Blu-Ray,Media > Videos,"Floor Sale, Blu-Ray, Kids & Family, Formatted",Genre,Kids & Family,shopify,1,deny,manual,8.00,46372090,,,,kids-family,,,,,,,,,,,,,,,,,,,,,,,,,,,,,,,,,,,,,,,,
changeling-dvd-floor-sale-drama,Changeling,,DVD,Media > Videos,"Floor Sale, DVD, Drama, Formatted",Genre,Drama,shopify,1,deny,manual,6.00,46044410,,,,drama,,,,,,,,,,,,,,,,,,,,,,,,,,,,,,,,,,,,,,,,
the-good-shepherd-dvd-floor-sale-drama,The Good Shepherd,,DVD,Media > Videos,"Floor Sale, DVD, Drama, Formatted",Genre,Drama,shopify,1,deny,manual,5.00,45847802,,,,drama,,,,,,,,,,,,,,,,,,,,,,,,,,,,,,,,,,,,,,,,
clash-of-the-titans-dvd-floor-sale-fantasy,Clash of the Titans,,DVD,Media > Videos,"Floor Sale, DVD, Fantasy, Formatted",Genre,Fantasy,shopify,1,deny,manual,6.00,45716730,,,,fantasy,,,,,,,,,,,,,,,,,,,,,,,,,,,,,,,,,,,,,,,,
the-day-the-earth-stood-still-dvd-floor-sale-sci-fi,The Day the Earth Stood Still,,DVD,Media > Videos,"Floor Sale, DVD, Sci-Fi, Formatted",Genre,Sci-Fi,shopify,1,deny,manual,5.00,45454586,,,,sci-fi,,,,,,,,,,,,,,,,,,,,,,,,,,,,,,,,,,,,,,,,
fire-breather-bluray-floor-sale-kids-family,Fire Breather,,Blu-Ray,Media > Videos,"Floor Sale, Blu-Ray, Kids & Family, Formatted",Genre,Kids & Family,shopify,1,deny,manual,10.00,45159674,,,,kids-family,,,,,,,,,,,,,,,,,,,,,,,,,,,,,,,,,,,,,,,,
gamer-dvd-floor-sale-action,Gamer,,DVD,Media > Videos,"Floor Sale, DVD, Action, Formatted",Genre,Action,shopify,1,deny,manual,5.00,17561082,,,,action,,,,,,,,,,,,,,,,,,,,,,,,,,,,,,,,,,,,,,,,
the-four-feathers-dvd-floor-sale-drama,The Four Feathers,,DVD,Media > Videos,"Floor Sale, DVD, Drama, Formatted",Genre,Drama,shopify,1,deny,manual,5.00,17430010,,,,drama,,,,,,,,,,,,,,,,,,,,,,,,,,,,,,,,,,,,,,,,
dirty-dancing-bluray-floor-sale-drama,Dirty Dancing,,Blu-Ray,Media > Videos,"Floor Sale, Blu-Ray, Drama, Formatted",Genre,Drama,shopify,1,deny,manual,8.00,17036794,,,,drama,,,,,,,,,,,,,,,,,,,,,,,,,,,,,,,,,,,,,,,,
speed-floor-sale-action,Speed,,VHS,Media > Videos,"Floor Sale, VHS, Action, Formatted",Genre,Action,shopify,1,deny,manual,8.00,33413882,,,,action,,,,,,,,,,,,,,,,,,,,,,,,,,,,,,,,,,,,,,,,
oceans-eleven-floor-sale-drama,Oceans Eleven,,VHS,Media > Videos,"Floor Sale, VHS, Drama, Formatted",Genre,Drama,shopify,1,deny,manual,6.00,33020666,,,,drama,,,,,,,,,,,,,,,,,,,,,,,,,,,,,,,,,,,,,,,,
the-arrival-floor-sale-sci-fi,The Arrival,,VHS,Media > Videos,"Floor Sale, VHS, Sci-Fi, Formatted",Genre,Sci-Fi,shopify,1,deny,manual,6.00,32267002,,,,sci-fi,,,,,,,,,,,,,,,,,,,,,,,,,,,,,,,,,,,,,,,,
romeo-juliet-floor-sale-drama,Romeo & Juliet,,VHS,Media > Videos,"Floor Sale, VHS, Drama, Formatted",Genre,Drama,shopify,1,deny,manual,8.00,30694138,,,,drama,,,,,,,,,,,,,,,,,,,,,,,,,,,,,,,,,,,,,,,,
waynes-world-vhs-floor-sale-comedy,Wayne's World,,VHS,Media > Videos,"Floor Sale, VHS, Comedy, Formatted",Genre,Comedy,shopify,1,deny,manual,8.00,30661370,,,,comedy,,,,,,,,,,,,,,,,,,,,,,,,,,,,,,,,,,,,,,,,
michael-vhs-floor-sale-drama,Michael,,VHS,Media > Videos,"Floor Sale, VHS, Drama, Formatted",Genre,Drama,shopify,1,deny,manual,6.00,76759034,,,,drama,,,,,,,,,,,,,,,,,,,,,,,,,,,,,,,,,,,,,,,,
seven-vhs-floor-sale-thriller,Seven,,VHS,Media > Videos,"Floor Sale, VHS, Thriller, Formatted",Genre,Thriller,shopify,1,deny,manual,6.00,76431354,,,,thriller,,,,,,,,,,,,,,,,,,,,,,,,,,,,,,,,,,,,,,,,
underworld-vhs-floor-sale-thriller,Underworld,,VHS,Media > Videos,"Floor Sale, VHS, Thriller, Formatted",Genre,Thriller,shopify,1,deny,manual,5.00,46211322,,,,thriller,,,,,,,,,,,,,,,,,,,,,,,,,,,,,,,,,,,,,,,,
delision-vhs-floor-sale-thriller,Delusion,,VHS,Media > Videos,"Floor Sale, VHS, Thriller, Formatted",Genre,Thriller,shopify,1,deny,manual,12.00,46145786,,,,thriller,,,,,,,,,,,,,,,,,,,,,,,,,,,,,,,,,,,,,,,,
flash-fire-vhs-floor-sale-thriller,Flash Fire,,VHS,Media > Videos,"Floor Sale, VHS, Thriller, Formatted",Genre,Thriller,shopify,1,deny,manual,22.00,45818106,,,,thriller,,,,,,,,,,,,,,,,,,,,,,,,,,,,,,,,,,,,,,,,
the-man-who-knew-too-much-vhs-floor-sale-thriller,The Man Who Knew Too Much,,VHS,Media > Videos,"Floor Sale, VHS, Thriller, Formatted",Genre,Thriller,shopify,1,deny,manual,8.00,44605690,,,,thriller,,,,,,,,,,,,,,,,,,,,,,,,,,,,,,,,,,,,,,,,
scandalous-vhs-floor-sale-thriller,Scandalous,,VHS,Media > Videos,"Floor Sale, VHS, Thriller, Formatted",Genre,Thriller,shopify,1,deny,manual,6.00,44474618,,,,thriller,,,,,,,,,,,,,,,,,,,,,,,,,,,,,,,,,,,,,,,,
the-new-girl-a-model-agent-vhs-floor-sale-thriller,The New Girl :  A Model Agent,,VHS,Media > Videos,"Floor Sale, VHS, Thriller, Formatted",Genre,Thriller,shopify,1,deny,manual,12.00,23011578,,,,thriller,,,,,,,,,,,,,,,,,,,,,,,,,,,,,,,,,,,,,,,,
forbidden-choices-vhs-floor-sale-thriller,Forbidden Choices,,VHS,Media > Videos,"Floor Sale, VHS, Thriller, Formatted",Genre,Thriller,shopify,1,deny,manual,12.00,22814970,,,,thriller,,,,,,,,,,,,,,,,,,,,,,,,,,,,,,,,,,,,,,,,
golden-gate-vhs-floor-sale-thriller,Golden Gate,,VHS,Media > Videos,"Floor Sale, VHS, Thriller, Formatted",Genre,Thriller,shopify,1,deny,manual,5.00,22487290,,,,thriller,,,,,,,,,,,,,,,,,,,,,,,,,,,,,,,,,,,,,,,,
delusion-vhs-floor-sale-thriller,Delusion,,VHS,Media > Videos,"Floor Sale, VHS, Thriller, Formatted",Genre,Thriller,shopify,1,deny,manual,12.00,22454522,,,,thriller,,,,,,,,,,,,,,,,,,,,,,,,,,,,,,,,,,,,,,,,
intimate-stranger-vhs-floor-sale-thriller,Intimate Stranger,,VHS,Media > Videos,"Floor Sale, VHS, Thriller, Formatted",Genre,Thriller,shopify,1,deny,manual,12.00,22159610,,,,thriller,,,,,,,,,,,,,,,,,,,,,,,,,,,,,,,,,,,,,,,,
a-kiss-before-dying-vhs-floor-sale-thriller,A Kiss Before Dying,,VHS,Media > Videos,"Floor Sale, VHS, Thriller, Formatted",Genre,Thriller,shopify,1,deny,manual,5.00,22061306,,,,thriller,,,,,,,,,,,,,,,,,,,,,,,,,,,,,,,,,,,,,,,,
the-pact-vhs-floor-sale-thriller,The Pact,,VHS,Media > Videos,"Floor Sale, VHS, Thriller, Formatted",Genre,Thriller,shopify,1,deny,manual,5.00,21242106,,,,thriller,,,,,,,,,,,,,,,,,,,,,,,,,,,,,,,,,,,,,,,,
thrill-seeker-vhs-floor-sale-thriller,Thrill Seeker,,VHS,Media > Videos,"Floor Sale, VHS, Thriller, Formatted",Genre,Thriller,shopify,1,deny,manual,5.00,21176570,,,,thriller,,,,,,,,,,,,,,,,,,,,,,,,,,,,,,,,,,,,,,,,
the-rutles,The Rutles,,DVD,Media > Videos,"Floor Sale, DVD, Comedy, Formatted",Genre,Comedy,shopify,1,deny,manual,6.00,97231354,,,,comedy,,,,,,,,,,,,,,,,,,,,,,,,,,,,,,,,,,,,,,,,
master-and-commander-dvd-floor-sale-action,Master and Commander,,DVD,Media > Videos,"Floor Sale, DVD, Action, Formatted",Genre,Action,shopify,1,deny,manual,6.00,86352378,,,,action,,,,,,,,,,,,,,,,,,,,,,,,,,,,,,,,,,,,,,,,
twister-dvd-floor-sale-thriller,Twisted,,DVD,Media > Videos,"Floor Sale, DVD, Thriller, Formatted",Genre,Thriller,shopify,1,deny,manual,6.00,86286842,,,,thriller,,,,,,,,,,,,,,,,,,,,,,,,,,,,,,,,,,,,,,,,
russell-simmons-presents-the-show-vhs-floor-sale-documentary,Russell Simmons Presents The Show,,VHS,Media > Videos,"Floor Sale, VHS, Documentary, Formatted",Genre,Documentary,shopify,1,deny,manual,17.00,29617146,,,,documentary,,,,,,,,,,,,,,,,,,,,,,,,,,,,,,,,,,,,,,,,
return-to-snowy-river-vhs-floor-sale-kids-family,Return to Snowy River,,VHS,Media > Videos,"Floor Sale, VHS, Kids & Family, Formatted",Genre,Kids & Family,shopify,1,deny,manual,5.00,29420538,,,,kids-family,,,,,,,,,,,,,,,,,,,,,,,,,,,,,,,,,,,,,,,,
sesame-street-presents-follow-that-bird-vhs-floor-sale-kids-family,Sesame Street Presents: Follow That Bird,,VHS,Media > Videos,"Floor Sale, VHS, Kids & Family, Formatted",Genre,Kids & Family,shopify,1,deny,manual,11.00,29322234,,,,kids-family,,,,,,,,,,,,,,,,,,,,,,,,,,,,,,,,,,,,,,,,
nunsense-nunsense-2-vhs-floor-sale-musical,Nunsense & Nunsense 2,,VHS,Media > Videos,"Floor Sale, VHS, Musical, Formatted",Genre,Musical,shopify,1,deny,manual,6.00,29092858,,,,musical,,,,,,,,,,,,,,,,,,,,,,,,,,,,,,,,,,,,,,,,
mission-of-the-shark-vhs-floor-sale-drama,Mission of the Shark,,VHS,Media > Videos,"Floor Sale, VHS, Drama, Formatted",Genre,Drama,shopify,1,deny,manual,5.00,28961786,,,,drama,,,,,,,,,,,,,,,,,,,,,,,,,,,,,,,,,,,,,,,,
the-boondock-saints-vhs-floor-sale-thriller,The Boondock Saints,,VHS,Media > Videos,"Floor Sale, VHS, Thriller, Formatted",Genre,Thriller,shopify,1,deny,manual,10.00,28929018,,,,thriller,,,,,,,,,,,,,,,,,,,,,,,,,,,,,,,,,,,,,,,,
love-on-the-run-vhs-floor-sale-romantic-comedy,Love on the Run,,VHS,Media > Videos,"Floor Sale, VHS, Romantic Comedy, Formatted",Genre,Romantic Comedy,shopify,1,deny,manual,5.00,28470266,,,,romantic-comedy,,,,,,,,,,,,,,,,,,,,,,,,,,,,,,,,,,,,,,,,
forever-julia-vhs-floor-sale-comedy,"Forever, Julia",,VHS,Media > Videos,"Floor Sale, VHS, Comedy, Formatted",Genre,Comedy,shopify,1,deny,manual,5.00,12119034,,,,comedy,,,,,,,,,,,,,,,,,,,,,,,,,,,,,,,,,,,,,,,,
off-beat-vhs-floor-sale-comedy,Off Beat,,VHS,Media > Videos,"Floor Sale, VHS, Comedy, Formatted",Genre,Comedy,shopify,1,deny,manual,5.00,11922426,,,,comedy,,,,,,,,,,,,,,,,,,,,,,,,,,,,,,,,,,,,,,,,
family-business-vhs-floor-sale-comedy,Family Business,,VHS,Media > Videos,"Floor Sale, VHS, Comedy, Formatted",Genre,Comedy,shopify,1,deny,manual,5.00,11693050,,,,comedy,,,,,,,,,,,,,,,,,,,,,,,,,,,,,,,,,,,,,,,,
mission-of-justice-vhs-floor-sale-action,Mission of Justice,,VHS,Media > Videos,"Floor Sale, VHS, Action, Formatted",Genre,Action,shopify,1,deny,manual,8.00,11430906,,,,action,,,,,,,,,,,,,,,,,,,,,,,,,,,,,,,,,,,,,,,,
love-letters-vhs-floor-sale-drama,Love Letters,,VHS,Media > Videos,"Floor Sale, VHS, Drama, Formatted",Genre,Drama,shopify,1,deny,manual,5.00,04123642,,,,drama,,,,,,,,,,,,,,,,,,,,,,,,,,,,,,,,,,,,,,,,
bananas-vhs-floor-sale-comedy,Bananas,,VHS,Media > Videos,"Floor Sale, VHS, Comedy, Formatted",Genre,Comedy,shopify,1,deny,manual,8.00,03927034,,,,comedy,,,,,,,,,,,,,,,,,,,,,,,,,,,,,,,,,,,,,,,,
savior-vhs-floor-sale-drama,Savior,,VHS,Media > Videos,"Floor Sale, VHS, Drama, Formatted",Genre,Drama,shopify,1,deny,manual,8.00,03763194,,,,drama,,,,,,,,,,,,,,,,,,,,,,,,,,,,,,,,,,,,,,,,
for-richer-for-poorer-vhs-floor-sale-comedy,"For Richer, For Poorer",,VHS,Media > Videos,"Floor Sale, VHS, Comedy, Formatted",Genre,Comedy,shopify,1,deny,manual,5.00,03730426,,,,comedy,,,,,,,,,,,,,,,,,,,,,,,,,,,,,,,,,,,,,,,,
loverboy-vhs-floor-sale-romantic-comedy,Loverboy,,VHS,Media > Videos,"Floor Sale, VHS, Romantic Comedy, Formatted",Genre,Romantic Comedy,shopify,1,deny,manual,6.00,03599354,,,,romantic-comedy,,,,,,,,,,,,,,,,,,,,,,,,,,,,,,,,,,,,,,,,
nailed-vhs-floor-sale-drama,Nailed,,VHS,Media > Videos,"Floor Sale, VHS, Drama, Formatted",Genre,Drama,shopify,1,deny,manual,5.00,80366842,,,,drama,,,,,,,,,,,,,,,,,,,,,,,,,,,,,,,,,,,,,,,,
cross-my-heart-vhs-floor-sale-comedy,Cross My Heart,,VHS,Media > Videos,"Floor Sale, VHS, Comedy, Formatted",Genre,Comedy,shopify,1,deny,manual,8.00,80301306,,,,comedy,,,,,,,,,,,,,,,,,,,,,,,,,,,,,,,,,,,,,,,,
beverly-hills-cop-vhs-floor-sale-comedy,Beverly Hills Cop,,VHS,Media > Videos,"Floor Sale, VHS, Comedy, Formatted",Genre,Comedy,shopify,1,deny,manual,5.00,73420026,,,,comedy,,,,,,,,,,,,,,,,,,,,,,,,,,,,,,,,,,,,,,,,
just-one-time-vhs-floor-sale-comedy,Just One Time,,VHS,Media > Videos,"Floor Sale, VHS, Comedy, Formatted",Genre,Comedy,shopify,1,deny,manual,13.00,73354490,,,,comedy,,,,,,,,,,,,,,,,,,,,,,,,,,,,,,,,,,,,,,,,
josh-and-sam-vhs-floor-sale-comedy,Josh and Sam,,VHS,Media > Videos,"Floor Sale, VHS, Comedy, Formatted",Genre,Comedy,shopify,1,deny,manual,9.00,73288954,,,,comedy,,,,,,,,,,,,,,,,,,,,,,,,,,,,,,,,,,,,,,,,
dragnet-vhs-floor-sale-comedy,Dragnet,,VHS,Media > Videos,"Floor Sale, VHS, Comedy, Formatted",Genre,Comedy,shopify,1,deny,manual,5.00,73059578,,,,comedy,,,,,,,,,,,,,,,,,,,,,,,,,,,,,,,,,,,,,,,,
downtown-vhs-floor-sale-comedy,Downtown,,VHS,Media > Videos,"Floor Sale, VHS, Comedy, Formatted",Genre,Comedy,shopify,1,deny,manual,7.00,67521786,,,,comedy,,,,,,,,,,,,,,,,,,,,,,,,,,,,,,,,,,,,,,,,
just-looking-vhs-floor-sale-comedy,Just Looking,,VHS,Media > Videos,"Floor Sale, VHS, Comedy, Formatted",Genre,Comedy,shopify,1,deny,manual,10.00,67423482,,,,comedy,,,,,,,,,,,,,,,,,,,,,,,,,,,,,,,,,,,,,,,,
hot-stuff-1979-vhs-floor-sale-comedy,Hot Stuff (1979),,VHS,Media > Videos,"Floor Sale, VHS, Comedy, Formatted",Genre,Comedy,shopify,1,deny,manual,12.00,67292410,,,,comedy,,,,,,,,,,,,,,,,,,,,,,,,,,,,,,,,,,,,,,,,
greetings-vhs-floor-sale-comedy,Greetings,,VHS,Media > Videos,"Floor Sale, VHS, Comedy, Formatted",Genre,Comedy,shopify,1,deny,manual,8.00,53431546,,,,comedy,,,,,,,,,,,,,,,,,,,,,,,,,,,,,,,,,,,,,,,,
odd-jobs-vhs-floor-sale-comedy,Odd Jobs,,VHS,Media > Videos,"Floor Sale, VHS, Comedy, Formatted",Genre,Comedy,shopify,1,deny,manual,6.00,53366010,,,,comedy,,,,,,,,,,,,,,,,,,,,,,,,,,,,,,,,,,,,,,,,
thats-the-way-i-like-it-vhs-floor-sale-comedy,That's the Way I Like It,,VHS,Media > Videos,"Floor Sale, VHS, Comedy, Formatted",Genre,Comedy,shopify,1,deny,manual,6.00,53267706,,,,comedy,,,,,,,,,,,,,,,,,,,,,,,,,,,,,,,,,,,,,,,,
a-shot-in-the-dark-vhs-floor-sale-comedy,A Shot in the Dark,,VHS,Media > Videos,"Floor Sale, VHS, Comedy, Formatted",Genre,Comedy,shopify,1,deny,manual,8.00,52612346,,,,comedy,,,,,,,,,,,,,,,,,,,,,,,,,,,,,,,,,,,,,,,,
a-night-of-love-vhs-floor-sale-drama,A Night of Love,,VHS,Media > Videos,"Floor Sale, VHS, Drama, Formatted",Genre,Drama,shopify,1,deny,manual,8.00,51694842,,,,drama,,,,,,,,,,,,,,,,,,,,,,,,,,,,,,,,,,,,,,,,
12-monkeys-vhs-floor-sale-sci-fi,12 Monkeys,,VHS,Media > Videos,"Floor Sale, VHS, Sci-Fi, Formatted",Genre,Sci-Fi,shopify,1,deny,manual,8.00,50121978,,,,sci-fi,,,,,,,,,,,,,,,,,,,,,,,,,,,,,,,,,,,,,,,,
my-father-the-hero-vhs-floor-sale-comedy,My Father the Hero,,VHS,Media > Videos,"Floor Sale, VHS, Comedy, Formatted",Genre,Comedy,shopify,1,deny,manual,5.00,13699834,,,,comedy,,,,,,,,,,,,,,,,,,,,,,,,,,,,,,,,,,,,,,,,
sister-act-vhs-floor-sale-musical,Sister Act,,VHS,Media > Videos,"Floor Sale, VHS, Musical, Formatted",Genre,Musical,shopify,1,deny,manual,7.00,13077242,,,,musical,,,,,,,,,,,,,,,,,,,,,,,,,,,,,,,,,,,,,,,,
fate-vhs-floor-sale-thriller,Fate,,VHS,Media > Videos,"Floor Sale, VHS, Thriller, Formatted",Genre,Thriller,shopify,1,deny,manual,5.00,12552954,,,,thriller,,,,,,,,,,,,,,,,,,,,,,,,,,,,,,,,,,,,,,,,
xanadu-vhs-floor-sale-musical,Xanadu,,VHS,Media > Videos,"Floor Sale, VHS, Musical, Formatted",Genre,Musical,shopify,1,deny,manual,8.00,12164858,,,,musical,,,,,,,,,,,,,,,,,,,,,,,,,,,,,,,,,,,,,,,,
the-importance-of-being-earnest-vhs-floor-sale-romantic-comedy,The Importance of Being Earnest,,VHS,Media > Videos,"Floor Sale, VHS, Romantic Comedy, Formatted",Genre,Romantic Comedy,shopify,1,deny,manual,6.00,11869946,,,,romantic-comedy,,,,,,,,,,,,,,,,,,,,,,,,,,,,,,,,,,,,,,,,
if-looks-could-kill-vhs-floor-sale-action,If Looks Could Kill,,VHS,Media > Videos,"Floor Sale, VHS, Action, Formatted",Genre,Action,shopify,1,deny,manual,8.00,11771642,,,,action,,,,,,,,,,,,,,,,,,,,,,,,,,,,,,,,,,,,,,,,
east-is-east-vhs-floor-sale-comedy,East is East,,VHS,Media > Videos,"Floor Sale, VHS, Comedy, Formatted",Genre,Comedy,shopify,1,deny,manual,6.00,11607802,,,,comedy,,,,,,,,,,,,,,,,,,,,,,,,,,,,,,,,,,,,,,,,
an-ideal-husband-vhs-floor-sale-comedy,An Ideal Husband,,VHS,Media > Videos,"Floor Sale, VHS, Comedy, Formatted",Genre,Comedy,shopify,1,deny,manual,5.00,11575034,,,,comedy,,,,,,,,,,,,,,,,,,,,,,,,,,,,,,,,,,,,,,,,
leapin-lizards-vhs-floor-sale-kids-family,Leapin Lizards,,VHS,Media > Videos,"Floor Sale, VHS, Kids & Family, Formatted",Genre,Kids & Family,shopify,1,deny,manual,5.00,11214586,,,,kids-family,,,,,,,,,,,,,,,,,,,,,,,,,,,,,,,,,,,,,,,,
little-heros-vhs-floor-sale-kids-family,Little Heros,,VHS,Media > Videos,"Floor Sale, VHS, Kids & Family, Formatted",Genre,Kids & Family,shopify,1,deny,manual,5.00,11181818,,,,kids-family,,,,,,,,,,,,,,,,,,,,,,,,,,,,,,,,,,,,,,,,
just-married-vhs-floor-sale-romantic-comedy,Just Married,,VHS,Media > Videos,"Floor Sale, VHS, Romantic Comedy, Formatted",Genre,Romantic Comedy,shopify,1,deny,manual,5.00,36241402,,,,romantic-comedy,,,,,,,,,,,,,,,,,,,,,,,,,,,,,,,,,,,,,,,,
the-heartbreak-kid-vhs-floor-sale-comedy,The Heartbreak Kid,,VHS,Media > Videos,"Floor Sale, VHS, Comedy, Formatted",Genre,Comedy,shopify,1,deny,manual,8.00,35979258,,,,comedy,,,,,,,,,,,,,,,,,,,,,,,,,,,,,,,,,,,,,,,,
dont-be-a-menace-vhs-floor-sale-comedy,Don't be a Menace,,VHS,Media > Videos,"Floor Sale, VHS, Comedy, Formatted",Genre,Comedy,shopify,1,deny,manual,8.00,35487738,,,,comedy,,,,,,,,,,,,,,,,,,,,,,,,,,,,,,,,,,,,,,,,
the-curve-vhs-floor-sale-thriller,The Curve,,VHS,Media > Videos,"Floor Sale, VHS, Thriller, Formatted",Genre,Thriller,shopify,1,deny,manual,6.00,35356666,,,,thriller,,,,,,,,,,,,,,,,,,,,,,,,,,,,,,,,,,,,,,,,
the-girl-with-the-hungry-eyes-vhs-floor-sale-horror,The Girl with the Hungry Eyes,,VHS,Media > Videos,"Floor Sale, VHS, Horror, Formatted",Genre,Horror,shopify,1,deny,manual,10.00,34897914,,,,horror,,,,,,,,,,,,,,,,,,,,,,,,,,,,,,,,,,,,,,,,
the-kill-reflex-vhs-floor-sale-action,The Kill Reflex,,VHS,Media > Videos,"Floor Sale, VHS, Action, Formatted",Genre,Action,shopify,1,deny,manual,8.00,86365690,,,,action,,,,,,,,,,,,,,,,,,,,,,,,,,,,,,,,,,,,,,,,
the-patriot-vhs-floor-sale-drama,The Patriot,,VHS,Media > Videos,"Floor Sale, VHS, Drama, Formatted",Genre,Drama,shopify,1,deny,manual,5.00,71633402,,,,drama,,,,,,,,,,,,,,,,,,,,,,,,,,,,,,,,,,,,,,,,
shakedown-vhs-floor-sale-thriller,Shakedown,,VHS,Media > Videos,"Floor Sale, VHS, Thriller, Formatted",Genre,Thriller,shopify,1,deny,manual,5.00,71600634,,,,thriller,,,,,,,,,,,,,,,,,,,,,,,,,,,,,,,,,,,,,,,,
here-on-earth-vhs-floor-sale-drama,Here on Earth,,VHS,Media > Videos,"Floor Sale, VHS, Drama, Formatted",Genre,Drama,shopify,1,deny,manual,5.00,71502330,,,,drama,,,,,,,,,,,,,,,,,,,,,,,,,,,,,,,,,,,,,,,,
good-luck-vhs-floor-sale-drama,Good Luck,,VHS,Media > Videos,"Floor Sale, VHS, Drama, Formatted",Genre,Drama,shopify,1,deny,manual,5.00,71371258,,,,drama,,,,,,,,,,,,,,,,,,,,,,,,,,,,,,,,,,,,,,,,
delta-force-vhs-floor-sale-action,Delta Force 3,,VHS,Media > Videos,"Floor Sale, VHS, Action, Formatted",Genre,Action,shopify,1,deny,manual,5.00,71174650,,,,action,,,,,,,,,,,,,,,,,,,,,,,,,,,,,,,,,,,,,,,,
the-king-guards-vhs-floor-sale-action,The King Guards,,VHS,Media > Videos,"Floor Sale, VHS, Action, Formatted",Genre,Action,shopify,1,deny,manual,5.00,71109114,,,,action,,,,,,,,,,,,,,,,,,,,,,,,,,,,,,,,,,,,,,,,
samson-vhs-floor-sale-drama,Samson,,VHS,Media > Videos,"Floor Sale, VHS, Drama, Formatted",Genre,Drama,shopify,1,deny,manual,5.00,71076346,,,,drama,,,,,,,,,,,,,,,,,,,,,,,,,,,,,,,,,,,,,,,,
showdown-vhs-floor-sale-action,Showdown,,VHS,Media > Videos,"Floor Sale, VHS, Action, Formatted",Genre,Action,shopify,1,deny,manual,5.00,71043578,,,,action,,,,,,,,,,,,,,,,,,,,,,,,,,,,,,,,,,,,,,,,
43-the-petty-story-vhs-floor-sale-documentary,43 - The Petty Story,,VHS,Media > Videos,"Floor Sale, VHS, Documentary, Formatted",Genre,Documentary,shopify,1,deny,manual,5.00,71010810,,,,documentary,,,,,,,,,,,,,,,,,,,,,,,,,,,,,,,,,,,,,,,,
under-fire-vhs-floor-sale-action,Under Fire,,VHS,Media > Videos,"Floor Sale, VHS, Action, Formatted",Genre,Action,shopify,1,deny,manual,8.00,30927610,,,,action,,,,,,,,,,,,,,,,,,,,,,,,,,,,,,,,,,,,,,,,
naked-country-vhs-floor-sale-comedy,Naked Country,,VHS,Media > Videos,"Floor Sale, VHS, Comedy, Formatted",Genre,Comedy,shopify,1,deny,manual,7.00,30862074,,,,comedy,,,,,,,,,,,,,,,,,,,,,,,,,,,,,,,,,,,,,,,,
miles-from-home-vhs-floor-sale-drama,Miles from Home,,VHS,Media > Videos,"Floor Sale, VHS, Drama, Formatted",Genre,Drama,shopify,1,deny,manual,7.00,30436090,,,,drama,,,,,,,,,,,,,,,,,,,,,,,,,,,,,,,,,,,,,,,,
jezebel-vhs-floor-sale-drama,Jezebel,,VHS,Media > Videos,"Floor Sale, VHS, Drama, Formatted",Genre,Drama,shopify,1,deny,manual,5.00,30370554,,,,drama,,,,,,,,,,,,,,,,,,,,,,,,,,,,,,,,,,,,,,,,
the-joy-luck-club-vhs-floor-sale-drama,The Joy Luck Club,,VHS,Media > Videos,"Floor Sale, VHS, Drama, Formatted",Genre,Drama,shopify,1,deny,manual,7.00,29584122,,,,drama,,,,,,,,,,,,,,,,,,,,,,,,,,,,,,,,,,,,,,,,
the-hunchback-of-notre-dame-vhs-floor-sale-kids-family,The Hunchback of Notre Dame,,VHS,Media > Videos,"Floor Sale, VHS, Kids & Family, Formatted",Genre,Kids & Family,shopify,1,deny,manual,5.00,40095226,,,,kids-family,,,,,,,,,,,,,,,,,,,,,,,,,,,,,,,,,,,,,,,,
the-lion-king-vhs-floor-sale-kids-family,The Lion King,,VHS,Media > Videos,"Floor Sale, VHS, Kids & Family, Formatted",Genre,Kids & Family,shopify,1,deny,manual,5.00,40062458,,,,kids-family,,,,,,,,,,,,,,,,,,,,,,,,,,,,,,,,,,,,,,,,
the-fox-and-the-hound-vhs-floor-sale-kids-family,The Fox and the Hound,,VHS,Media > Videos,"Floor Sale, VHS, Kids & Family, Formatted",Genre,Kids & Family,shopify,1,deny,manual,5.00,39996922,,,,kids-family,,,,,,,,,,,,,,,,,,,,,,,,,,,,,,,,,,,,,,,,
mickeys-once-upon-a-christmas-dvd-floor-sale-kids-family,Mickey's Once Upon a Christmas,,DVD,Media > Videos,"Floor Sale, DVD, Kids & Family, Formatted",Genre,Kids & Family,shopify,1,deny,manual,6.00,39964154,,,,kids-family,,,,,,,,,,,,,,,,,,,,,,,,,,,,,,,,,,,,,,,,
gallipoli-vhs-floor-sale-action,Gallipoli,,VHS,Media > Videos,"Floor Sale, VHS, Action, Formatted",Genre,Action,shopify,1,deny,manual,4.00,05984762,,,,action,,,,,,,,,,,,,,,,,,,,,,,,,,,,,,,,,,,,,,,,
turn-it-up-vhs-floor-sale-drama,Turn It Up,,VHS,Media > Videos,"Floor Sale, VHS, Drama, Formatted",Genre,Drama,shopify,1,deny,manual,10.00,05919226,,,,drama,,,,,,,,,,,,,,,,,,,,,,,,,,,,,,,,,,,,,,,,
keatons-cop-vhs-floor-sale-comedy,Keaton's Cop,,VHS,Media > Videos,"Floor Sale, VHS, Comedy, Formatted",Genre,Comedy,shopify,1,deny,manual,10.00,05722618,,,,comedy,,,,,,,,,,,,,,,,,,,,,,,,,,,,,,,,,,,,,,,,
picnic-vhs-floor-sale-drama,Picnic,,VHS,Media > Videos,"Floor Sale, VHS, Drama, Formatted",Genre,Drama,shopify,1,deny,manual,5.00,64631546,,,,drama,,,,,,,,,,,,,,,,,,,,,,,,,,,,,,,,,,,,,,,,
path-to-paradise-vhs-floor-sale-thriller,Path to Paradise,,VHS,Media > Videos,"Floor Sale, VHS, Thriller, Formatted",Genre,Thriller,shopify,1,deny,manual,8.00,64598778,,,,thriller,,,,,,,,,,,,,,,,,,,,,,,,,,,,,,,,,,,,,,,,
zero-tolerance-vhs-floor-sale-action,Zero Tolerance,,VHS,Media > Videos,"Floor Sale, VHS, Action, Formatted",Genre,Action,shopify,1,deny,manual,8.00,64172794,,,,action,,,,,,,,,,,,,,,,,,,,,,,,,,,,,,,,,,,,,,,,
the-river-vhs-floor-sale-drama,The River,,VHS,Media > Videos,"Floor Sale, VHS, Drama, Formatted",Genre,Drama,shopify,1,deny,manual,4.00,64140026,,,,drama,,,,,,,,,,,,,,,,,,,,,,,,,,,,,,,,,,,,,,,,
delta-force-commando-2-vhs-floor-sale-action,Delta Force Commando 2,,VHS,Media > Videos,"Floor Sale, VHS, Action, Formatted",Genre,Action,shopify,1,deny,manual,8.00,64041722,,,,action,,,,,,,,,,,,,,,,,,,,,,,,,,,,,,,,,,,,,,,,
get-carter-vhs-floor-sale-thriller,Get Carter,,VHS,Media > Videos,"Floor Sale, VHS, Thriller, Formatted",Genre,Thriller,shopify,1,deny,manual,5.00,50762746,,,,thriller,,,,,,,,,,,,,,,,,,,,,,,,,,,,,,,,,,,,,,,,
python-wolf-vhs-floor-sale-thriller,Python Wolf,,VHS,Media > Videos,"Floor Sale, VHS, Thriller, Formatted",Genre,Thriller,shopify,1,deny,manual,18.00,50664442,,,,thriller,,,,,,,,,,,,,,,,,,,,,,,,,,,,,,,,,,,,,,,,
the-last-of-philip-banter-vhs-floor-sale-thriller,The Last of Philip Banter,,VHS,Media > Videos,"Floor Sale, VHS, Thriller, Formatted",Genre,Thriller,shopify,1,deny,manual,16.00,49812474,,,,thriller,,,,,,,,,,,,,,,,,,,,,,,,,,,,,,,,,,,,,,,,
the-killing-hour-vhs-floor-sale-thriller,The Killing Hour,,VHS,Media > Videos,"Floor Sale, VHS, Thriller, Formatted",Genre,Thriller,shopify,1,deny,manual,13.00,30741498,,,,thriller,,,,,,,,,,,,,,,,,,,,,,,,,,,,,,,,,,,,,,,,
impulse-vhs-floor-sale-thriller,Impulse,,VHS,Media > Videos,"Floor Sale, VHS, Thriller, Formatted",Genre,Thriller,shopify,1,deny,manual,10.00,30643194,,,,thriller,,,,,,,,,,,,,,,,,,,,,,,,,,,,,,,,,,,,,,,,
wait-until-dark-vhs-floor-sale-thriller,Wait Until Dark,,VHS,Media > Videos,"Floor Sale, VHS, Thriller, Formatted",Genre,Thriller,shopify,1,deny,manual,6.00,30610426,,,,thriller,,,,,,,,,,,,,,,,,,,,,,,,,,,,,,,,,,,,,,,,
true-crime-vhs-floor-sale-thriller,True Crime,,VHS,Media > Videos,"Floor Sale, VHS, Thriller, Formatted",Genre,Thriller,shopify,1,deny,manual,5.00,30577658,,,,thriller,,,,,,,,,,,,,,,,,,,,,,,,,,,,,,,,,,,,,,,,
the-turn-of-the-screw-vhs-floor-sale-thriller,The Turn of the Screw,,VHS,Media > Videos,"Floor Sale, VHS, Thriller, Formatted",Genre,Thriller,shopify,1,deny,manual,5.00,30544890,,,,thriller,,,,,,,,,,,,,,,,,,,,,,,,,,,,,,,,,,,,,,,,
solaris-vhs-floor-sale-sci-fi,Solaris,,VHS,Media > Videos,"Floor Sale, VHS, Sci-Fi, Formatted",Genre,Sci-Fi,shopify,1,deny,manual,5.00,36384762,,,,sci-fi,,,,,,,,,,,,,,,,,,,,,,,,,,,,,,,,,,,,,,,,
reefer-madness-vhs-floor-sale-horror,Reefer Madness,,VHS,Media > Videos,"Floor Sale, VHS, Horror, Formatted",Genre,Horror,shopify,1,deny,manual,12.00,36024314,,,,horror,,,,,,,,,,,,,,,,,,,,,,,,,,,,,,,,,,,,,,,,
the-polar-king-vhs-floor-sale-kids-family,The Polar King,,VHS,Media > Videos,"Floor Sale, VHS, Kids & Family, Formatted",Genre,Kids & Family,shopify,1,deny,manual,7.00,35991546,,,,kids-family,,,,,,,,,,,,,,,,,,,,,,,,,,,,,,,,,,,,,,,,
matilda-vhs-floor-sale-kids-family,Matilda,,VHS,Media > Videos,"Floor Sale, VHS, Kids & Family, Formatted",Genre,Kids & Family,shopify,1,deny,manual,8.00,35893242,,,,kids-family,,,,,,,,,,,,,,,,,,,,,,,,,,,,,,,,,,,,,,,,
operation-dalmatian-vhs-floor-sale-kids-family,Operation: Dalmatian,,VHS,Media > Videos,"Floor Sale, VHS, Kids & Family, Formatted",Genre,Kids & Family,shopify,1,deny,manual,5.00,35729402,,,,kids-family,,,,,,,,,,,,,,,,,,,,,,,,,,,,,,,,,,,,,,,,
sammy-vhs-floor-sale-kids-family,Sammy,,VHS,Media > Videos,"Floor Sale, VHS, Kids & Family, Formatted",Genre,Kids & Family,shopify,1,deny,manual,7.00,35565562,,,,kids-family,,,,,,,,,,,,,,,,,,,,,,,,,,,,,,,,,,,,,,,,
family-tree-vhs-floor-sale-kids-family,Family Tree,,VHS,Media > Videos,"Floor Sale, VHS, Kids & Family, Formatted",Genre,Kids & Family,shopify,1,deny,manual,5.00,35303418,,,,kids-family,,,,,,,,,,,,,,,,,,,,,,,,,,,,,,,,,,,,,,,,
out-of-time-vhs-floor-sale-kids-family,Out of Time,,VHS,Media > Videos,"Floor Sale, VHS, Kids & Family, Formatted",Genre,Kids & Family,shopify,1,deny,manual,5.00,35270650,,,,kids-family,,,,,,,,,,,,,,,,,,,,,,,,,,,,,,,,,,,,,,,,
rampage-bluray-floor-sale-action,Rampage,,Blu-Ray,Media > Videos,"Floor Sale, Blu-Ray, Action, Formatted",Genre,Action,shopify,1,deny,manual,6.00,45005818,,,,action,,,,,,,,,,,,,,,,,,,,,,,,,,,,,,,,,,,,,,,,
parental-guidance-bluray-floor-sale-comedy,Parental Guidance,,Blu-Ray,Media > Videos,"Floor Sale, Blu-Ray, Comedy, Formatted",Genre,Comedy,shopify,1,deny,manual,6.00,44743674,,,,comedy,,,,,,,,,,,,,,,,,,,,,,,,,,,,,,,,,,,,,,,,
stealth-dvd-floor-sale-thriller,Stealth,,DVD,Media > Videos,"Floor Sale, DVD, Thriller, Formatted",Genre,Thriller,shopify,1,deny,manual,4.00,32742650,,,,thriller,,,,,,,,,,,,,,,,,,,,,,,,,,,,,,,,,,,,,,,,
sucker-punch-bluray-floor-sale-action,Sucker Punch,,Blu-Ray,Media > Videos,"Floor Sale, Blu-Ray, Action, Formatted",Genre,Action,shopify,1,deny,manual,6.00,31497466,,,,action,,,,,,,,,,,,,,,,,,,,,,,,,,,,,,,,,,,,,,,,
the-raven-dvd-floor-sale-horror,The Raven,,DVD,Media > Videos,"Floor Sale, DVD, Horror, Formatted",Genre,Horror,shopify,1,deny,manual,5.00,30940410,,,,horror,,,,,,,,,,,,,,,,,,,,,,,,,,,,,,,,,,,,,,,,
petes-dragon-dvd-floor-sale-kids-family,Petes Dragon,,DVD,Media > Videos,"Floor Sale, DVD, Kids & Family, Formatted",Genre,Kids & Family,shopify,1,deny,manual,5.00,30416122,,,,kids-family,,,,,,,,,,,,,,,,,,,,,,,,,,,,,,,,,,,,,,,,
the-scorpion-king-3-bluray-floor-sale-action,The Scorpion King 3,,Blu-Ray,Media > Videos,"Floor Sale, Blu-Ray, Action, Formatted",Genre,Action,shopify,1,deny,manual,5.00,29400314,,,,action,,,,,,,,,,,,,,,,,,,,,,,,,,,,,,,,,,,,,,,,
ps-i-love-you-dvd-floor-sale-romantic-comedy,P.S. I Love You,,DVD,Media > Videos,"Floor Sale, DVD, Romantic Comedy, Formatted",Genre,Romantic Comedy,shopify,1,deny,manual,4.00,29138170,,,,romantic-comedy,,,,,,,,,,,,,,,,,,,,,,,,,,,,,,,,,,,,,,,,
painted-lady-dvd-floor-sale-drama,Painted Lady,,DVD,Media > Videos,"Floor Sale, DVD, Drama, Formatted",Genre,Drama,shopify,1,deny,manual,5.00,17407226,,,,drama,,,,,,,,,,,,,,,,,,,,,,,,,,,,,,,,,,,,,,,,
oblivion-bluray-floor-sale-sci-fi,Oblivion,,Blu-Ray,Media > Videos,"Floor Sale, Blu-Ray, Sci-Fi, Formatted",Genre,Sci-Fi,shopify,1,deny,manual,6.00,16358650,,,,sci-fi,,,,,,,,,,,,,,,,,,,,,,,,,,,,,,,,,,,,,,,,
the-other-boleyn-girl-dvd-floor-sale-drama,The Other Boleyn Girl,,DVD,Media > Videos,"Floor Sale, DVD, Drama, Formatted",Genre,Drama,shopify,1,deny,manual,4.00,15834362,,,,drama,,,,,,,,,,,,,,,,,,,,,,,,,,,,,,,,,,,,,,,,
the-other-man-dvd-floor-sale-thriller,The Other Man,,DVD,Media > Videos,"Floor Sale, DVD, Thriller, Formatted",Genre,Thriller,shopify,1,deny,manual,4.00,15801594,,,,thriller,,,,,,,,,,,,,,,,,,,,,,,,,,,,,,,,,,,,,,,,
the-new-world-dvd-floor-sale-drama,The New World,,DVD,Media > Videos,"Floor Sale, DVD, Drama, Formatted",Genre,Drama,shopify,1,deny,manual,5.00,14097658,,,,drama,,,,,,,,,,,,,,,,,,,,,,,,,,,,,,,,,,,,,,,,
puss-in-boots-bluray-floor-sale-kids-family,Puss in Boots,,Blu-Ray,Media > Videos,"Floor Sale, Blu-Ray, Kids & Family, Formatted",Genre,Kids & Family,shopify,1,deny,manual,6.00,13835514,,,,kids-family,,,,,,,,,,,,,,,,,,,,,,,,,,,,,,,,,,,,,,,,
ragnarok-bluray-floor-sale-action,Ragnarok,,Blu-Ray,Media > Videos,"Floor Sale, Blu-Ray, Action, Formatted",Genre,Action,shopify,1,deny,manual,6.00,13606138,,,,action,,,,,,,,,,,,,,,,,,,,,,,,,,,,,,,,,,,,,,,,
pride-and-prejudice-dvd-floor-sale-drama,Pride and Prejudice,,DVD,Media > Videos,"Floor Sale, DVD, Drama, Formatted",Genre,Drama,shopify,1,deny,manual,5.00,72597498,,,,drama,,,,,,,,,,,,,,,,,,,,,,,,,,,,,,,,,,,,,,,,
noah-dvd-floor-sale-drama,Noah,,DVD,Media > Videos,"Floor Sale, DVD, Drama, Formatted",Genre,Drama,shopify,1,deny,manual,6.00,72531962,,,,drama,,,,,,,,,,,,,,,,,,,,,,,,,,,,,,,,,,,,,,,,
reservoir-dogs-bluray-floor-sale-action,Reservoir Dogs,,Blu-Ray,Media > Videos,"Floor Sale, Blu-Ray, Action, Formatted",Genre,Action,shopify,1,deny,manual,7.00,69255162,,,,action,,,,,,,,,,,,,,,,,,,,,,,,,,,,,,,,,,,,,,,,
the-painted-veil-dvd-floor-sale-drama,The Painted Veil,,DVD,Media > Videos,"Floor Sale, DVD, Drama, Formatted",Genre,Drama,shopify,1,deny,manual,5.00,28451066,,,,drama,,,,,,,,,,,,,,,,,,,,,,,,,,,,,,,,,,,,,,,,
peter-pan-peter-pan-2-bluray-floor-sale-kids-family,Peter Pan / Peter Pan 2,,Blu-Ray,Media > Videos,"Floor Sale, Blu-Ray, Kids & Family, Formatted",Genre,Kids & Family,shopify,1,deny,manual,7.00,28156154,,,,kids-family,,,,,,,,,,,,,,,,,,,,,,,,,,,,,,,,,,,,,,,,
red-riding-hood-bluray-floor-sale-horror,Red Riding Hood,,Blu-Ray,Media > Videos,"Floor Sale, Blu-Ray, Horror, Formatted",Genre,Horror,shopify,1,deny,manual,7.00,27631866,,,,horror,,,,,,,,,,,,,,,,,,,,,,,,,,,,,,,,,,,,,,,,
spider-man-spider-man-2-full-screen-dvd-floor-sale-action,Spider-Man / Spider-Man 2 (Full Screen),,DVD,Media > Videos,"Floor Sale, DVD, Action, Formatted",Genre,Action,shopify,1,deny,manual,8.00,27271418,,,,action,,,,,,,,,,,,,,,,,,,,,,,,,,,,,,,,,,,,,,,,
riverworld-dvd-floor-sale-sci-fi,Riverworld,,DVD,Media > Videos,"Floor Sale, DVD, Sci-Fi, Formatted",Genre,Sci-Fi,shopify,1,deny,manual,5.00,27238650,,,,sci-fi,,,,,,,,,,,,,,,,,,,,,,,,,,,,,,,,,,,,,,,,
the-sorcerers-apprentice-bluray-floor-sale-kids-family,The Sorcerer's Apprentice,,Blu-Ray,Media > Videos,"Floor Sale, Blu-Ray, Kids & Family, Formatted",Genre,Kids & Family,shopify,1,deny,manual,6.00,26910970,,,,kids-family,,,,,,,,,,,,,,,,,,,,,,,,,,,,,,,,,,,,,,,,
the-last-king-bluray-floor-sale-action,The Last King,,Blu-Ray,Media > Videos,"Floor Sale, Blu-Ray, Action, Formatted",Genre,Action,shopify,1,deny,manual,7.00,47309562,,,,action,,,,,,,,,,,,,,,,,,,,,,,,,,,,,,,,,,,,,,,,
taking-chance-dvd-floor-sale-drama,Taking Chance,,DVD,Media > Videos,"Floor Sale, DVD, Drama, Formatted",Genre,Drama,shopify,1,deny,manual,5.00,46031610,,,,drama,,,,,,,,,,,,,,,,,,,,,,,,,,,,,,,,,,,,,,,,
tarzan-dvd-floor-sale-kids-family,Tarzan,,DVD,Media > Videos,"Floor Sale, DVD, Kids & Family, Formatted",Genre,Kids & Family,shopify,1,deny,manual,5.00,45212410,,,,kids-family,,,,,,,,,,,,,,,,,,,,,,,,,,,,,,,,,,,,,,,,
salt-bluray-floor-sale-action,Salt,,Blu-Ray,Media > Videos,"Floor Sale, Blu-Ray, Action, Formatted",Genre,Action,shopify,1,deny,manual,7.00,43934458,,,,action,,,,,,,,,,,,,,,,,,,,,,,,,,,,,,,,,,,,,,,,
robin-hood-dvd-floor-sale-action,Robin Hood,,DVD,Media > Videos,"Floor Sale, DVD, Action, Formatted",Genre,Action,shopify,1,deny,manual,5.00,43115258,,,,action,,,,,,,,,,,,,,,,,,,,,,,,,,,,,,,,,,,,,,,,
war-bluray-floor-sale-action,War,,Blu-Ray,Media > Videos,"Floor Sale, Blu-Ray, Action, Formatted",Genre,Action,shopify,1,deny,manual,6.00,41313018,,,,action,,,,,,,,,,,,,,,,,,,,,,,,,,,,,,,,,,,,,,,,
prince-of-persia-dvd-floor-sale-action,Prince of Persia,,DVD,Media > Videos,"Floor Sale, DVD, Action, Formatted",Genre,Action,shopify,1,deny,manual,5.00,40788730,,,,action,,,,,,,,,,,,,,,,,,,,,,,,,,,,,,,,,,,,,,,,
the-rescuers-the-rescuers-down-under-dvd-floor-sale-kids-family,The Rescuers | The Rescuers Down Under,,DVD,Media > Videos,"Floor Sale, DVD, Kids & Family, Formatted",Genre,Kids & Family,shopify,1,deny,manual,7.00,40035066,,,,kids-family,,,,,,,,,,,,,,,,,,,,,,,,,,,,,,,,,,,,,,,,
steel-magnolias-dvd-floor-sale-drama,Steel Magnolias,,DVD,Media > Videos,"Floor Sale, DVD, Drama, Formatted",Genre,Drama,shopify,1,deny,manual,5.00,11011578,,,,drama,,,,,,,,,,,,,,,,,,,,,,,,,,,,,,,,,,,,,,,,
the-pyramid-bluray-floor-sale-horror,The Pyramid,,Blu-Ray,Media > Videos,"Floor Sale, Blu-Ray, Horror, Formatted",Genre,Horror,shopify,1,deny,manual,7.00,10749434,,,,horror,,,,,,,,,,,,,,,,,,,,,,,,,,,,,,,,,,,,,,,,
public-enemies-bluray-floor-sale-thriller,Public Enemies,,Blu-Ray,Media > Videos,"Floor Sale, Blu-Ray, Thriller, Formatted",Genre,Thriller,shopify,1,deny,manual,6.00,08259066,,,,thriller,,,,,,,,,,,,,,,,,,,,,,,,,,,,,,,,,,,,,,,,
the-ten-commandments-dvd-floor-sale-drama,The Ten Commandments,,DVD,Media > Videos,"Floor Sale, DVD, Drama, Formatted",Genre,Drama,shopify,1,deny,manual,5.00,07112186,,,,drama,,,,,,,,,,,,,,,,,,,,,,,,,,,,,,,,,,,,,,,,
red-dawn-bluray-floor-sale-action,Red Dawn,,Blu-Ray,Media > Videos,"Floor Sale, Blu-Ray, Action, Formatted",Genre,Action,shopify,1,deny,manual,7.00,06686202,,,,action,,,,,,,,,,,,,,,,,,,,,,,,,,,,,,,,,,,,,,,,
super-8-bluray-floor-sale-action,Super 8,,Blu-Ray,Media > Videos,"Floor Sale, Blu-Ray, Action, Formatted",Genre,Action,shopify,1,deny,manual,7.00,06260218,,,,action,,,,,,,,,,,,,,,,,,,,,,,,,,,,,,,,,,,,,,,,
sex-and-the-city-dvd-floor-sale-comedy,Sex and the City,,DVD,Media > Videos,"Floor Sale, DVD, Comedy, Formatted",Genre,Comedy,shopify,1,deny,manual,5.00,94964218,,,,comedy,,,,,,,,,,,,,,,,,,,,,,,,,,,,,,,,,,,,,,,,
the-lone-ranger-bluray-floor-sale-action,The Lone Ranger,,Blu-Ray,Media > Videos,"Floor Sale, Blu-Ray, Action, Formatted",Genre,Action,shopify,1,deny,manual,6.00,93915642,,,,action,,,,,,,,,,,,,,,,,,,,,,,,,,,,,,,,,,,,,,,,
the-libertine-dvd-floor-sale-drama,The Libertine,,DVD,Media > Videos,"Floor Sale, DVD, Drama, Formatted",Genre,Drama,shopify,1,deny,manual,5.00,93653498,,,,drama,,,,,,,,,,,,,,,,,,,,,,,,,,,,,,,,,,,,,,,,
tomorrow-bluray-floor-sale-action,Tomorrow,,Blu-Ray,Media > Videos,"Floor Sale, Blu-Ray, Action, Formatted",Genre,Action,shopify,1,deny,manual,6.00,93620730,,,,action,,,,,,,,,,,,,,,,,,,,,,,,,,,,,,,,,,,,,,,,
the-incredible-hulk-bluray-floor-sale-action,The Incredible Hulk,,Blu-Ray,Media > Videos,"Floor Sale, Blu-Ray, Action, Formatted",Genre,Action,shopify,1,deny,manual,10.00,93293050,,,,action,,,,,,,,,,,,,,,,,,,,,,,,,,,,,,,,,,,,,,,,
the-hunter-dvd-floor-sale-thriller,The Hunter,,DVD,Media > Videos,"Floor Sale, DVD, Thriller, Formatted",Genre,Thriller,shopify,1,deny,manual,5.00,93260282,,,,thriller,,,,,,,,,,,,,,,,,,,,,,,,,,,,,,,,,,,,,,,,
waiting-bluray-floor-sale-comedy,Waiting,,Blu-Ray,Media > Videos,"Floor Sale, Blu-Ray, Comedy, Formatted",Genre,Comedy,shopify,1,deny,manual,6.00,93161978,,,,comedy,,,,,,,,,,,,,,,,,,,,,,,,,,,,,,,,,,,,,,,,
the-town-bluray-floor-sale-action,The Town,,Blu-Ray,Media > Videos,"Floor Sale, Blu-Ray, Action, Formatted",Genre,Action,shopify,1,deny,manual,6.00,93129210,,,,action,,,,,,,,,,,,,,,,,,,,,,,,,,,,,,,,,,,,,,,,
west-side-story-dvd-floor-sale-musical,West Side Story,,DVD,Media > Videos,"Floor Sale, DVD, Musical, Formatted",Genre,Musical,shopify,1,deny,manual,5.00,93063674,,,,musical,,,,,,,,,,,,,,,,,,,,,,,,,,,,,,,,,,,,,,,,
the-legend-of-the-shadowless-sword-dvd-floor-sale-action,The Legend of the Shadowless Sword,,DVD,Media > Videos,"Floor Sale, DVD, Action, Formatted",Genre,Action,shopify,1,deny,manual,5.00,50104826,,,,action,,,,,,,,,,,,,,,,,,,,,,,,,,,,,,,,,,,,,,,,
hero-bluray-floor-sale-action,Hero,,Blu-Ray,Media > Videos,"Floor Sale, Blu-Ray, Action, Formatted",Genre,Action,shopify,1,deny,manual,6.00,49482234,,,,action,,,,,,,,,,,,,,,,,,,,,,,,,,,,,,,,,,,,,,,,
detective-pikachu-bluray-floor-sale-4k-kids-family,Detective Pikachu,"<p>V For Vendetta, Watchmen, Constantine</p>",4K,Media > Videos,"Floor Sale, 4K, Kids & Family, Formatted",Genre,Kids & Family,shopify,1,deny,manual,11.00,49449466,,,,kids-family,,,,,,,,,,,,,,,,,,,,,,,,,,,,,,,,,,,,,,,,
true-grit-true-grit-bluray-floor-sale-action,True Grit / True Grit,,Blu-Ray,Media > Videos,"Floor Sale, Blu-Ray, Action, Formatted",Genre,Action,shopify,1,deny,manual,10.00,11178490,,,,action,,,,,,,,,,,,,,,,,,,,,,,,,,,,,,,,,,,,,,,,
unknown-bluray-floor-sale-thriller,Unknown,,Blu-Ray,Media > Videos,"Floor Sale, Blu-Ray, Thriller, Formatted",Genre,Thriller,shopify,1,deny,manual,6.00,74478330,,,,thriller,,,,,,,,,,,,,,,,,,,,,,,,,,,,,,,,,,,,,,,,
total-recall-bluray-floor-sale-sci-fi,Total Recall,,Blu-Ray,Media > Videos,"Floor Sale, Blu-Ray, Sci-Fi, Formatted",Genre,Sci-Fi,shopify,1,deny,manual,7.00,74052346,,,,sci-fi,,,,,,,,,,,,,,,,,,,,,,,,,,,,,,,,,,,,,,,,
the-tourist-bluray-floor-sale-thriller,The Tourist,,Blu-Ray,Media > Videos,"Floor Sale, Blu-Ray, Thriller, Formatted",Genre,Thriller,shopify,1,deny,manual,6.00,74019578,,,,thriller,,,,,,,,,,,,,,,,,,,,,,,,,,,,,,,,,,,,,,,,
your-highness-bluray-floor-sale-comedy,Your Highness,,Blu-Ray,Media > Videos,"Floor Sale, Blu-Ray, Comedy, Formatted",Genre,Comedy,shopify,1,deny,manual,6.00,73888506,,,,comedy,,,,,,,,,,,,,,,,,,,,,,,,,,,,,,,,,,,,,,,,
skyscraper-bluray-floor-sale-4k-action,Skyscraper,,4K,Media > Videos,"Floor Sale, 4K, Action, Formatted",Genre,Action,shopify,1,deny,manual,10.00,73855738,,,,action,,,,,,,,,,,,,,,,,,,,,,,,,,,,,,,,,,,,,,,,
the-village-dvd-floor-sale-horror,The Village,,DVD,Media > Videos,"Floor Sale, DVD, Horror, Formatted",Genre,Horror,shopify,1,deny,manual,5.00,73659130,,,,horror,,,,,,,,,,,,,,,,,,,,,,,,,,,,,,,,,,,,,,,,
wanted-dvd-floor-sale-thriller,Wanted,,DVD,Media > Videos,"Floor Sale, DVD, Thriller, Formatted",Genre,Thriller,shopify,1,deny,manual,6.00,73626362,,,,thriller,,,,,,,,,,,,,,,,,,,,,,,,,,,,,,,,,,,,,,,,
wonder-woman-bluray-floor-sale-action,Wonder Woman,,Blu-Ray,Media > Videos,"Floor Sale, Blu-Ray, Action, Formatted",Genre,Action,shopify,1,deny,manual,6.00,67621882,,,,action,,,,,,,,,,,,,,,,,,,,,,,,,,,,,,,,,,,,,,,,
sherlock-holmes-bluray-floor-sale-action,Sherlock Holmes,,Blu-Ray,Media > Videos,"Floor Sale, Blu-Ray, Action, Formatted",Genre,Action,shopify,1,deny,manual,6.00,67523578,,,,action,,,,,,,,,,,,,,,,,,,,,,,,,,,,,,,,,,,,,,,,
shooter-bluray-floor-sale-action,Shooter,,Blu-Ray,Media > Videos,"Floor Sale, Blu-Ray, Action, Formatted",Genre,Action,shopify,1,deny,manual,6.00,67425274,,,,action,,,,,,,,,,,,,,,,,,,,,,,,,,,,,,,,,,,,,,,,
x2-x-men-united-bluray-floor-sale-action,X2: X-Men United,,Blu-Ray,Media > Videos,"Floor Sale, Blu-Ray, Action, Formatted",Genre,Action,shopify,1,deny,manual,6.00,66933754,,,,action,,,,,,,,,,,,,,,,,,,,,,,,,,,,,,,,,,,,,,,,
the-hangover-part-ii-bluray-floor-sale-comedy,The Hangover Part II,,Blu-Ray,Media > Videos,"Floor Sale, Blu-Ray, Comedy, Formatted",Genre,Comedy,shopify,1,deny,manual,6.00,34395130,,,,comedy,,,,,,,,,,,,,,,,,,,,,,,,,,,,,,,,,,,,,,,,
hot-tub-time-machine-bluray-floor-sale-comedy,Hot Tub Time Machine,,Blu-Ray,Media > Videos,"Floor Sale, Blu-Ray, Comedy, Formatted",Genre,Comedy,shopify,1,deny,manual,6.00,34034682,,,,comedy,,,,,,,,,,,,,,,,,,,,,,,,,,,,,,,,,,,,,,,,
hansel-gretel-bluray-floor-sale-action,Hansel & Gretel,,Blu-Ray,Media > Videos,"Floor Sale, Blu-Ray, Action, Formatted",Genre,Action,shopify,1,deny,manual,6.00,34001914,,,,action,,,,,,,,,,,,,,,,,,,,,,,,,,,,,,,,,,,,,,,,
pitch-perfect-bluray-floor-sale-comedy,Pitch Perfect,,Blu-Ray,Media > Videos,"Floor Sale, Blu-Ray, Comedy, Formatted",Genre,Comedy,shopify,1,deny,manual,6.00,33281018,,,,comedy,,,,,,,,,,,,,,,,,,,,,,,,,,,,,,,,,,,,,,,,
the-scorpion-king-4-bluray-floor-sale-action,The Scorpion King 4,,Blu-Ray,Media > Videos,"Floor Sale, Blu-Ray, Action, Formatted",Genre,Action,shopify,1,deny,manual,5.00,33215482,,,,action,,,,,,,,,,,,,,,,,,,,,,,,,,,,,,,,,,,,,,,,
jurassic-park-jurassic-world-fallen-kingdom-steelbook-bluray-floor-sale-4k-action,Jurassic Park / Jurassic World: Fallen Kingdom (Steelbook),,4K,Media > Videos,"Floor Sale, 4K, Action, Formatted",Genre,Action,shopify,1,deny,manual,16.00,28718330,,,,action,,,,,,,,,,,,,,,,,,,,,,,,,,,,,,,,,,,,,,,,
hotel-transylvania-bluray-floor-sale-kids-family,Hotel Transylvania,,Blu-Ray,Media > Videos,"Floor Sale, Blu-Ray, Kids & Family, Formatted",Genre,Kids & Family,shopify,1,deny,manual,6.00,28325114,,,,kids-family,,,,,,,,,,,,,,,,,,,,,,,,,,,,,,,,,,,,,,,,
journey-to-the-center-of-the-earth-2008-dvd-floor-sale-kids-family,Journey to the Center of the Earth (2008),,DVD,Media > Videos,"Floor Sale, DVD, Kids & Family, Formatted",Genre,Kids & Family,shopify,1,deny,manual,6.00,28292346,,,,kids-family,,,,,,,,,,,,,,,,,,,,,,,,,,,,,,,,,,,,,,,,
a-wrinkle-in-time-bluray-floor-sale-kids-family,A Wrinkle in Time,,Blu-Ray,Media > Videos,"Floor Sale, Blu-Ray, Kids & Family, Formatted",Genre,Kids & Family,shopify,1,deny,manual,8.00,28226810,,,,kids-family,,,,,,,,,,,,,,,,,,,,,,,,,,,,,,,,,,,,,,,,
wall-e-bluray-floor-sale-kids-family,Wall-E,,Blu-Ray,Media > Videos,"Floor Sale, Blu-Ray, Kids & Family, Formatted",Genre,Kids & Family,shopify,1,deny,manual,6.00,28161274,,,,kids-family,,,,,,,,,,,,,,,,,,,,,,,,,,,,,,,,,,,,,,,,
the-wizard-of-oz-dvd-floor-sale-kids-family,The Wizard of Oz,,DVD,Media > Videos,"Floor Sale, DVD, Kids & Family, Formatted",Genre,Kids & Family,shopify,1,deny,manual,6.00,28095738,,,,kids-family,,,,,,,,,,,,,,,,,,,,,,,,,,,,,,,,,,,,,,,,
hercules-bluray-floor-sale-kids-family,Hercules,,Blu-Ray,Media > Videos,"Floor Sale, Blu-Ray, Kids & Family, Formatted",Genre,Kids & Family,shopify,1,deny,manual,6.00,76912122,,,,kids-family,,,,,,,,,,,,,,,,,,,,,,,,,,,,,,,,,,,,,,,,
the-hunters-dvd-floor-sale-fantasy,The Hunters,,DVD,Media > Videos,"Floor Sale, DVD, Fantasy, Formatted",Genre,Fantasy,shopify,1,deny,manual,5.00,75601402,,,,fantasy,,,,,,,,,,,,,,,,,,,,,,,,,,,,,,,,,,,,,,,,
the-last-of-the-mohicans-dvd-floor-sale-action,The Last of the Mohicans,,DVD,Media > Videos,"Floor Sale, DVD, Action, Formatted",Genre,Action,shopify,1,deny,manual,5.00,75240954,,,,action,,,,,,,,,,,,,,,,,,,,,,,,,,,,,,,,,,,,,,,,
journey-to-the-center-of-the-earth-dvd-floor-sale-sci-fi,Journey to the Center of the Earth,,DVD,Media > Videos,"Floor Sale, DVD, Sci-Fi, Formatted",Genre,Sci-Fi,shopify,1,deny,manual,5.00,75011578,,,,sci-fi,,,,,,,,,,,,,,,,,,,,,,,,,,,,,,,,,,,,,,,,
joker-bluray-floor-sale-4k-action,Joker,,4K,Media > Videos,"Floor Sale, 4K, Action, Formatted",Genre,Action,shopify,1,deny,manual,12.00,74946042,,,,action,,,,,,,,,,,,,,,,,,,,,,,,,,,,,,,,,,,,,,,,
horrible-bosses-bluray-floor-sale-comedy,Horrible Bosses,,Blu-Ray,Media > Videos,"Floor Sale, Blu-Ray, Comedy, Formatted",Genre,Comedy,shopify,1,deny,manual,6.00,74814970,,,,comedy,,,,,,,,,,,,,,,,,,,,,,,,,,,,,,,,,,,,,,,,
jane-eyre-dvd-floor-sale-drama,Jane Eyre,,DVD,Media > Videos,"Floor Sale, DVD, Drama, Formatted",Genre,Drama,shopify,1,deny,manual,5.00,59242234,,,,drama,,,,,,,,,,,,,,,,,,,,,,,,,,,,,,,,,,,,,,,,
jarhead-3-bluray-floor-sale-action,Jarhead 3,,Blu-Ray,Media > Videos,"Floor Sale, Blu-Ray, Action, Formatted",Genre,Action,shopify,1,deny,manual,6.00,59209466,,,,action,,,,,,,,,,,,,,,,,,,,,,,,,,,,,,,,,,,,,,,,
john-carpenter-bluray-floor-sale-sci-fi,John Carpenter,,Blu-Ray,Media > Videos,"Floor Sale, Blu-Ray, Sci-Fi, Formatted",Genre,Sci-Fi,shopify,1,deny,manual,6.00,59111162,,,,sci-fi,,,,,,,,,,,,,,,,,,,,,,,,,,,,,,,,,,,,,,,,
the-october-house-bluray-floor-sale-horror,The October House,,Blu-Ray,Media > Videos,"Floor Sale, Blu-Ray, Horror, Formatted",Genre,Horror,shopify,1,deny,manual,6.00,66967546,,,,horror,,,,,,,,,,,,,,,,,,,,,,,,,,,,,,,,,,,,,,,,
loopers-bluray-floor-sale-sci-fi,Loopers,,Blu-Ray,Media > Videos,"Floor Sale, Blu-Ray, Sci-Fi, Formatted",Genre,Sci-Fi,shopify,1,deny,manual,6.00,66443258,,,,sci-fi,,,,,,,,,,,,,,,,,,,,,,,,,,,,,,,,,,,,,,,,
laberinth-dvd-floor-sale-fantasy,Laberinth,,DVD,Media > Videos,"Floor Sale, DVD, Fantasy, Formatted",Genre,Fantasy,shopify,1,deny,manual,6.00,65951738,,,,fantasy,,,,,,,,,,,,,,,,,,,,,,,,,,,,,,,,,,,,,,,,
les-miserables-dvd-floor-sale-muscal,Les Miserables,,DVD,Media > Videos,"Floor Sale, DVD, Musical, Formatted",Genre,Musical,shopify,1,deny,manual,5.00,65820666,,,,musical,,,,,,,,,,,,,,,,,,,,,,,,,,,,,,,,,,,,,,,,
the-lion-king-bluray-floor-sale-4k-kids-family,The Lion King,,4K,Media > Videos,"Floor Sale, 4K, Kids & Family, Formatted",Genre,Kids & Family,shopify,1,deny,manual,10.00,65689594,,,,kids-family,,,,,,,,,,,,,,,,,,,,,,,,,,,,,,,,,,,,,,,,
lion-king-1-1-2-dvd-floor-sale-kids-family,Lion King 1 1/2,,DVD,Media > Videos,"Floor Sale, DVD, Kids & Family, Formatted",Genre,Kids & Family,shopify,1,deny,manual,5.00,99793146,,,,kids-family,,,,,,,,,,,,,,,,,,,,,,,,,,,,,,,,,,,,,,,,
leroy-and-stich-dvd-floor-sale-kids-family,Leroy and Stich,,DVD,Media > Videos,"Floor Sale, DVD, Kids & Family, Formatted",Genre,Kids & Family,shopify,1,deny,manual,5.00,99760378,,,,kids-family,,,,,,,,,,,,,,,,,,,,,,,,,,,,,,,,,,,,,,,,
pirates-of-the-caribbean-dvd-floor-sale-4k-kids-family,Pirates of the Caribbean,,4K,Media > Videos,"Floor Sale, 4K, Kids & Family, Formatted",Genre,Kids & Family,shopify,1,deny,manual,10.00,99727610,,,,kids-family,,,,,,,,,,,,,,,,,,,,,,,,,,,,,,,,,,,,,,,,
the-jungle-book-dvd-floor-sale-kids-family,The Jungle Book,,DVD,Media > Videos,"Floor Sale, DVD, Kids & Family, Formatted",Genre,Kids & Family,shopify,1,deny,manual,5.00,99432698,,,,kids-family,,,,,,,,,,,,,,,,,,,,,,,,,,,,,,,,,,,,,,,,
the-little-mermaid-bluray-floor-sale-4k-kids-family,The Little Mermaid,,4K,Media > Videos,"Floor Sale, 4K, Kids & Family, Formatted",Genre,Kids & Family,shopify,1,deny,manual,10.00,99334394,,,,kids-family,,,,,,,,,,,,,,,,,,,,,,,,,,,,,,,,,,,,,,,,
how-the-grinch-stole-christmas-bluray-floor-sale-kids-family,How the Grinch Stole Christmas,,Blu-Ray,Media > Videos,"Floor Sale, Blu-Ray, Kids & Family, Formatted",Genre,Kids & Family,shopify,1,deny,manual,7.00,99268858,,,,kids-family,,,,,,,,,,,,,,,,,,,,,,,,,,,,,,,,,,,,,,,,
kung-fu-panda-bluray-floor-sale-kids-family,Kung Fu Panda,,Blu-Ray,Media > Videos,"Floor Sale, Blu-Ray, Kids & Family, Formatted",Genre,Kids & Family,shopify,1,deny,manual,6.00,98973946,,,,kids-family,,,,,,,,,,,,,,,,,,,,,,,,,,,,,,,,,,,,,,,,
the-lorax-bluray-floor-sale-kids-family,The Lorax,,Blu-Ray,Media > Videos,"Floor Sale, Blu-Ray, Kids & Family, Formatted",Genre,Kids & Family,shopify,1,deny,manual,6.00,98941178,,,,kids-family,,,,,,,,,,,,,,,,,,,,,,,,,,,,,,,,,,,,,,,,
sleeping-beauty-bluray-floor-sale-kids-family,Sleeping Beauty,,Blu-Ray,Media > Videos,"Floor Sale, Blu-Ray, Kids & Family, Formatted",Genre,Kids & Family,shopify,1,deny,manual,6.00,98810106,,,,kids-family,,,,,,,,,,,,,,,,,,,,,,,,,,,,,,,,,,,,,,,,
snow-white-bluray-floor-sale-kids-family,Snow White,,Blu-Ray,Media > Videos,"Floor Sale, Blu-Ray, Kids & Family, Formatted",Genre,Kids & Family,shopify,1,deny,manual,7.00,98744570,,,,kids-family,,,,,,,,,,,,,,,,,,,,,,,,,,,,,,,,,,,,,,,,
how-to-train-your-dragon-bluray-floor-sale-kids-family,How to Train Your Dragon,,Blu-Ray,Media > Videos,"Floor Sale, Blu-Ray, Kids & Family, Formatted",Genre,Kids & Family,shopify,1,deny,manual,6.00,98711802,,,,kids-family,,,,,,,,,,,,,,,,,,,,,,,,,,,,,,,,,,,,,,,,
omen-3-the-final-conflict-vhs-floor-sale-horror,Omen 3: The Final Conflict,,VHS,Media > Videos,"Floor Sale, VHS, Horror, Formatted",Genre,Horror,shopify,1,deny,manual,12.00,73726970,,,,horror,,,,,,,,,,,,,,,,,,,,,,,,,,,,,,,,,,,,,,,,
the-dark-knight-trilogy-dvd-floor-sale-action,The Dark Knight Trilogy,,DVD,Media > Videos,"Floor Sale, DVD, Action, Formatted",Genre,Action,shopify,1,deny,manual,8.00,70974458,,,,action,,,,,,,,,,,,,,,,,,,,,,,,,,,,,,,,,,,,,,,,
star-wars-a-new-hope-vhs-floor-sale-sci-fi,Star Wars: A New Hope,,VHS,Media > Videos,"Floor Sale, VHS, Sci-Fi, Formatted",Genre,Sci-Fi,shopify,1,deny,manual,8.00,70253562,,,,sci-fi,,,,,,,,,,,,,,,,,,,,,,,,,,,,,,,,,,,,,,,,
star-wars-trilogy-special-edition-vhs-floor-sale-sci-fi,Star Wars Trilogy (Special Edition),,VHS,Media > Videos,"Floor Sale, VHS, Sci-Fi, Formatted",Genre,Sci-Fi,shopify,1,deny,manual,15.00,69172218,,,,sci-fi,,,,,,,,,,,,,,,,,,,,,,,,,,,,,,,,,,,,,,,,
lone-star-vhs-floor-sale-comedy,Lone Star,,VHS,Media > Videos,"Floor Sale, VHS, Comedy, Formatted",Genre,Comedy,shopify,1,deny,manual,5.00,31491066,,,,comedy,,,,,,,,,,,,,,,,,,,,,,,,,,,,,,,,,,,,,,,,
lucky-break-vhs-floor-sale-comedy,Lucky Break,,VHS,Media > Videos,"Floor Sale, VHS, Comedy, Formatted",Genre,Comedy,shopify,1,deny,manual,5.00,31425530,,,,comedy,,,,,,,,,,,,,,,,,,,,,,,,,,,,,,,,,,,,,,,,
the-honeymooners-vhs-floor-sale-comedy,The Honeymooners,,VHS,Media > Videos,"Floor Sale, VHS, Comedy, Formatted",Genre,Comedy,shopify,1,deny,manual,6.00,31327226,,,,comedy,,,,,,,,,,,,,,,,,,,,,,,,,,,,,,,,,,,,,,,,
dorf-vhs-floor-sale-comedy,Dorf,,VHS,Media > Videos,"Floor Sale, VHS, Comedy, Formatted",Genre,Comedy,shopify,1,deny,manual,5.00,64275962,,,,comedy,,,,,,,,,,,,,,,,,,,,,,,,,,,,,,,,,,,,,,,,
rare-bird-vhs-floor-sale-comedy,Rare Bird,,VHS,Media > Videos,"Floor Sale, VHS, Comedy, Formatted",Genre,Comedy,shopify,1,deny,manual,5.00,63751674,,,,comedy,,,,,,,,,,,,,,,,,,,,,,,,,,,,,,,,,,,,,,,,
efficiency-expert-vhs-floor-sale-comedy,Efficiency Expert,,VHS,Media > Videos,"Floor Sale, VHS, Comedy, Formatted",Genre,Comedy,shopify,1,deny,manual,5.00,63587834,,,,comedy,,,,,,,,,,,,,,,,,,,,,,,,,,,,,,,,,,,,,,,,
holy-matrimony-vhs-floor-sale-comedy,Holy Matrimony,,VHS,Media > Videos,"Floor Sale, VHS, Comedy, Formatted",Genre,Comedy,shopify,1,deny,manual,5.00,63030778,,,,comedy,,,,,,,,,,,,,,,,,,,,,,,,,,,,,,,,,,,,,,,,
high-stakes-vhs-floor-sale-comedy,High Stakes,,VHS,Media > Videos,"Floor Sale, VHS, Comedy, Formatted",Genre,Comedy,shopify,1,deny,manual,12.00,00378362,,,,comedy,,,,,,,,,,,,,,,,,,,,,,,,,,,,,,,,,,,,,,,,
the-twelve-chairs-vhs-floor-sale-comedy,The Twelve Chairs,,VHS,Media > Videos,"Floor Sale, VHS, Comedy, Formatted",Genre,Comedy,shopify,1,deny,manual,22.00,00345594,,,,comedy,,,,,,,,,,,,,,,,,,,,,,,,,,,,,,,,,,,,,,,,
foul-play-vhs-floor-sale-comedy,Foul Play,,VHS,Media > Videos,"Floor Sale, VHS, Comedy, Formatted",Genre,Comedy,shopify,1,deny,manual,6.00,00280058,,,,comedy,,,,,,,,,,,,,,,,,,,,,,,,,,,,,,,,,,,,,,,,
mysterious-island-vhs-floor-sale-sci-fi,Mysterious Island,,VHS,Media > Videos,"Floor Sale, VHS, Sci-Fi, Formatted",Genre,Sci-Fi,shopify,1,deny,manual,5.00,00050682,,,,sci-fi,,,,,,,,,,,,,,,,,,,,,,,,,,,,,,,,,,,,,,,,
northern-extremes-vhs-floor-sale-comedy,Northern Extremes,,VHS,Media > Videos,"Floor Sale, VHS, Comedy, Formatted",Genre,Comedy,shopify,1,deny,manual,6.00,99624698,,,,comedy,,,,,,,,,,,,,,,,,,,,,,,,,,,,,,,,,,,,,,,,
the-hudsucker-vhs-floor-sale-comedy,The Hudsucker,,VHS,Media > Videos,"Floor Sale, VHS, Comedy, Formatted",Genre,Comedy,shopify,1,deny,manual,7.00,99559162,,,,comedy,,,,,,,,,,,,,,,,,,,,,,,,,,,,,,,,,,,,,,,,
crackers-vhs-floor-sale-comedy,Crackers,,VHS,Media > Videos,"Floor Sale, VHS, Comedy, Formatted",Genre,Comedy,shopify,1,deny,manual,10.00,99526394,,,,comedy,,,,,,,,,,,,,,,,,,,,,,,,,,,,,,,,,,,,,,,,
desert-blue-vhs-floor-sale-comedy,Desert Blue,,VHS,Media > Videos,"Floor Sale, VHS, Comedy, Formatted",Genre,Comedy,shopify,1,deny,manual,8.00,99133178,,,,comedy,,,,,,,,,,,,,,,,,,,,,,,,,,,,,,,,,,,,,,,,
kill-bill-bluray,Kill Bill,,Blu-Ray,Media > Videos,"Floor Sale, Blu-Ray, Action, Formatted",Genre,Action,shopify,1,deny,manual,6.00,27592698,,,,action,,,,,,,,,,,,,,,,,,,,,,,,,,,,,,,,,,,,,,,,
bingo-vhs,Bingo,,VHS,Media > Videos,"Floor Sale, VHS, Comedy, Formatted",Genre,Comedy,shopify,1,deny,manual,5.00,74074618,,,,comedy,,,,,,,,,,,,,,,,,,,,,,,,,,,,,,,,,,,,,,,,
big-business-vhs,Big Business,,VHS,Media > Videos,"Floor Sale, VHS, Comedy, Formatted",Genre,Comedy,shopify,1,deny,manual,5.00,73910778,,,,comedy,,,,,,,,,,,,,,,,,,,,,,,,,,,,,,,,,,,,,,,,
the-bananas-boat-vhs,The Bananas Boat,,VHS,Media > Videos,"Floor Sale, VHS, Comedy, Formatted",Genre,Comedy,shopify,1,deny,manual,5.00,73878010,,,,comedy,,,,,,,,,,,,,,,,,,,,,,,,,,,,,,,,,,,,,,,,
the-opposite-sex-vhs,The Opposite Sex,,VHS,Media > Videos,"Floor Sale, VHS, Romantic Comedy, Formatted",Genre,Romantic Comedy,shopify,1,deny,manual,5.00,73550330,,,,romantic-comedy,,,,,,,,,,,,,,,,,,,,,,,,,,,,,,,,,,,,,,,,
tumbleweeds-vhs,Tumbleweeds,,VHS,Media > Videos,"Floor Sale, VHS, Drama, Formatted",Genre,Drama,shopify,1,deny,manual,6.00,18926074,,,,drama,,,,,,,,,,,,,,,,,,,,,,,,,,,,,,,,,,,,,,,,
a-cry-in-the-dark-vhs,A Cry in the Dark,,VHS,Media > Videos,"Floor Sale, VHS, Thriller, Formatted",Genre,Thriller,shopify,1,deny,manual,5.00,18893306,,,,thriller,,,,,,,,,,,,,,,,,,,,,,,,,,,,,,,,,,,,,,,,
little-sister-vhs,Little Sister,,VHS,Media > Videos,"Floor Sale, VHS, Comedy, Formatted",Genre,Comedy,shopify,1,deny,manual,5.00,18729466,,,,comedy,,,,,,,,,,,,,,,,,,,,,,,,,,,,,,,,,,,,,,,,
prince-charming-vhs,Prince Charming,,VHS,Media > Videos,"Floor Sale, VHS, Comedy, Formatted",Genre,Comedy,shopify,1,deny,manual,5.00,18401786,,,,comedy,,,,,,,,,,,,,,,,,,,,,,,,,,,,,,,,,,,,,,,,
two-of-a-kind-vhs,Two of a Kind,,VHS,Media > Videos,"Floor Sale, VHS, Comedy, Formatted",Genre,Comedy,shopify,1,deny,manual,5.00,18336250,,,,comedy,,,,,,,,,,,,,,,,,,,,,,,,,,,,,,,,,,,,,,,,
my-boyfriends-back-vhs,My Boyfriend's Back,,VHS,Media > Videos,"Floor Sale, VHS, Comedy, Formatted",Genre,Comedy,shopify,1,deny,manual,8.00,83890170,,,,comedy,,,,,,,,,,,,,,,,,,,,,,,,,,,,,,,,,,,,,,,,
the-in-laws-vhs,The In-Laws,,VHS,Media > Videos,"Floor Sale, VHS, Comedy, Formatted",Genre,Comedy,shopify,1,deny,manual,5.00,19730426,,,,comedy,,,,,,,,,,,,,,,,,,,,,,,,,,,,,,,,,,,,,,,,
project-x-vhs,Project X,,VHS,Media > Videos,"Floor Sale, VHS, Kids & Family, Formatted",Genre,Kids & Family,shopify,1,deny,manual,5.00,19566586,,,,kids-family,,,,,,,,,,,,,,,,,,,,,,,,,,,,,,,,,,,,,,,,
contact-vhs,Contact,,VHS,Media > Videos,"Floor Sale, VHS, Sci-Fi, Formatted",Genre,Sci-Fi,shopify,1,deny,manual,4.00,19140602,,,,sci-fi,,,,,,,,,,,,,,,,,,,,,,,,,,,,,,,,,,,,,,,,
the-producers-vhs,The Producers,,VHS,Media > Videos,"Floor Sale, VHS, Comedy, Formatted",Genre,Comedy,shopify,1,deny,manual,4.00,19107834,,,,comedy,,,,,,,,,,,,,,,,,,,,,,,,,,,,,,,,,,,,,,,,
jump-off-a-building-vhs,Jump off a Building,,VHS,Media > Videos,"Floor Sale, VHS, Documentary, Formatted",Genre,Documentary,shopify,1,deny,manual,45.00,19075066,,,,documentary,,,,,,,,,,,,,,,,,,,,,,,,,,,,,,,,,,,,,,,,
sin-city-dvd,Sin City,,DVD,Media > Videos,"Floor Sale, DVD, Action, Formatted",Genre,Action,shopify,1,deny,manual,5.00,18386938,,,,action,,,,,,,,,,,,,,,,,,,,,,,,,,,,,,,,,,,,,,,,
black-cat-vhs,Black Cat,,VHS,Media > Videos,"Floor Sale, VHS, Action, Formatted",Genre,Action,shopify,1,deny,manual,11.00,46244858,,,,action,,,,,,,,,,,,,,,,,,,,,,,,,,,,,,,,,,,,,,,,
the-matchmaker-vhs,The Matchmaker,,VHS,Media > Videos,"Floor Sale, VHS, Comedy, Formatted",Genre,Comedy,shopify,1,deny,manual,5.00,46179322,,,,comedy,,,,,,,,,,,,,,,,,,,,,,,,,,,,,,,,,,,,,,,,
dance-with-me-vhs,Dance with Me,,VHS,Media > Videos,"Floor Sale, VHS, Comedy, Formatted",Genre,Comedy,shopify,1,deny,manual,4.00,22455290,,,,comedy,,,,,,,,,,,,,,,,,,,,,,,,,,,,,,,,,,,,,,,,
steel-vhs,Steel,,VHS,Media > Videos,"Floor Sale, VHS, Action, Formatted",Genre,Action,shopify,1,deny,manual,6.00,22422522,,,,action,,,,,,,,,,,,,,,,,,,,,,,,,,,,,,,,,,,,,,,,
hostage-vhs,Hostage,,VHS,Media > Videos,"Floor Sale, VHS, Thriller, Formatted",Genre,Thriller,shopify,1,deny,manual,4.00,22389754,,,,thriller,,,,,,,,,,,,,,,,,,,,,,,,,,,,,,,,,,,,,,,,
mystery-monsters-vhs,Mystery Monsters,,VHS,Media > Videos,"Floor Sale, VHS, Horror, Formatted",Genre,Horror,shopify,1,deny,manual,8.00,22225914,,,,horror,,,,,,,,,,,,,,,,,,,,,,,,,,,,,,,,,,,,,,,,
187-vhs,187,,VHS,Media > Videos,"Floor Sale, VHS, Thriller, Formatted",Genre,Thriller,shopify,1,deny,manual,6.00,21242874,,,,thriller,,,,,,,,,,,,,,,,,,,,,,,,,,,,,,,,,,,,,,,,
envy-vhs,Envy,,VHS,Media > Videos,"Floor Sale, VHS, Comedy, Formatted",Genre,Comedy,shopify,1,deny,manual,5.00,21111802,,,,comedy,,,,,,,,,,,,,,,,,,,,,,,,,,,,,,,,,,,,,,,,
poison-vhs,Poison,,VHS,Media > Videos,"Floor Sale, VHS, Thriller, Formatted",Genre,Thriller,shopify,1,deny,manual,5.00,81791226,,,,thriller,,,,,,,,,,,,,,,,,,,,,,,,,,,,,,,,,,,,,,,,
city-slickers-ii-vhs,City Slickers II,,VHS,Media > Videos,"Floor Sale, VHS, Comedy, Formatted",Genre,Comedy,shopify,1,deny,manual,5.00,78369530,,,,comedy,,,,,,,,,,,,,,,,,,,,,,,,,,,,,,,,,,,,,,,,
valley-girl-vhs,Valley Girl,,VHS,Media > Videos,"Floor Sale, VHS, Comedy, Formatted",Genre,Comedy,shopify,1,deny,manual,7.00,77878010,,,,comedy,,,,,,,,,,,,,,,,,,,,,,,,,,,,,,,,,,,,,,,,
hearts-of-darkness-vhs,Hearts of Darkness,,VHS,Media > Videos,"Floor Sale, VHS, Drama, Formatted",Genre,Drama,shopify,1,deny,manual,8.00,81302778,,,,drama,,,,,,,,,,,,,,,,,,,,,,,,,,,,,,,,,,,,,,,,
van-wilder-vhs,Van Wilder,,VHS,Media > Videos,"Floor Sale, VHS, Comedy, Formatted",Genre,Comedy,shopify,1,deny,manual,5.00,81171706,,,,comedy,,,,,,,,,,,,,,,,,,,,,,,,,,,,,,,,,,,,,,,,
kansas-vhs,Kansas,,VHS,Media > Videos,"Floor Sale, VHS, Drama, Formatted",Genre,Drama,shopify,1,deny,manual,9.00,81007866,,,,drama,,,,,,,,,,,,,,,,,,,,,,,,,,,,,,,,,,,,,,,,
jakob-the-liar-vhs,Jakob the Liar,,VHS,Media > Videos,"Floor Sale, VHS, Drama, Formatted",Genre,Drama,shopify,1,deny,manual,5.00,80581882,,,,drama,,,,,,,,,,,,,,,,,,,,,,,,,,,,,,,,,,,,,,,,
kafka-vhs,Kafka,,VHS,Media > Videos,"Floor Sale, VHS, Thriller, Formatted",Genre,Thriller,shopify,1,deny,manual,5.00,80286970,,,,thriller,,,,,,,,,,,,,,,,,,,,,,,,,,,,,,,,,,,,,,,,
gypsy-vhs,Gypsy,,VHS,Media > Videos,"Floor Sale, VHS, Comedy, Formatted",Genre,Comedy,shopify,1,deny,manual,5.00,70588666,,,,comedy,,,,,,,,,,,,,,,,,,,,,,,,,,,,,,,,,,,,,,,,
don-king-vhs,Don King,,VHS,Media > Videos,"Floor Sale, VHS, Drama, Formatted",Genre,Drama,shopify,1,deny,manual,5.00,93371386,,,,drama,,,,,,,,,,,,,,,,,,,,,,,,,,,,,,,,,,,,,,,,
luzia-vhs,Luzia,,VHS,Media > Videos,"Floor Sale, VHS, Foreign, Formatted",Genre,Foreign,shopify,1,deny,manual,8.00,93142010,,,,foreign,,,,,,,,,,,,,,,,,,,,,,,,,,,,,,,,,,,,,,,,
twister-2-vhs,Twister 2,,VHS,Media > Videos,"Floor Sale, VHS, Drama, Formatted",Genre,Drama,shopify,1,deny,manual,5.00,92453882,,,,drama,,,,,,,,,,,,,,,,,,,,,,,,,,,,,,,,,,,,,,,,
earthly-possessions-vhs,Earthly Possessions,,VHS,Media > Videos,"Floor Sale, VHS, Comedy, Formatted",Genre,Comedy,shopify,1,deny,manual,6.00,56467962,,,,comedy,,,,,,,,,,,,,,,,,,,,,,,,,,,,,,,,,,,,,,,,
wilderness-adventures-vhs,Wilderness Adventures,,VHS,Media > Videos,"Floor Sale, VHS, Kids & Family, Formatted",Genre,Kids & Family,shopify,1,deny,manual,5.00,56205818,,,,kids-family,,,,,,,,,,,,,,,,,,,,,,,,,,,,,,,,,,,,,,,,
the-hurricane-vhs,The Hurricane,,VHS,Media > Videos,"Floor Sale, VHS, Drama, Formatted",Genre,Drama,shopify,1,deny,manual,6.00,56041978,,,,drama,,,,,,,,,,,,,,,,,,,,,,,,,,,,,,,,,,,,,,,,
the-odd-couple-vhs,The Odd Couple,,VHS,Media > Videos,"Floor Sale, VHS, Comedy, Formatted",Genre,Comedy,shopify,1,deny,manual,4.00,58327802,,,,comedy,,,,,,,,,,,,,,,,,,,,,,,,,,,,,,,,,,,,,,,,
homer-eddie-vhs,Homer & Eddie,,VHS,Media > Videos,"Floor Sale, VHS, Comedy, Formatted",Genre,Comedy,shopify,1,deny,manual,6.00,57541370,,,,comedy,,,,,,,,,,,,,,,,,,,,,,,,,,,,,,,,,,,,,,,,
layover-vhs,Layover,,VHS,Media > Videos,"Floor Sale, VHS, Action, Formatted",Genre,Action,shopify,1,deny,manual,4.00,72009978,,,,action,,,,,,,,,,,,,,,,,,,,,,,,,,,,,,,,,,,,,,,,
fool-proof-vhs,Fool Proof,,VHS,Media > Videos,"Floor Sale, VHS, Action, Formatted",Genre,Action,shopify,1,deny,manual,4.00,71878906,,,,action,,,,,,,,,,,,,,,,,,,,,,,,,,,,,,,,,,,,,,,,
payoff-vhs,Payoff,,VHS,Media > Videos,"Floor Sale, VHS, Action, Formatted",Genre,Action,shopify,1,deny,manual,4.00,71846138,,,,action,,,,,,,,,,,,,,,,,,,,,,,,,,,,,,,,,,,,,,,,
finao-mission-vhs,Final Mission,,VHS,Media > Videos,"Floor Sale, VHS, Action, Formatted",Genre,Action,shopify,1,deny,manual,4.00,71715066,,,,action,,,,,,,,,,,,,,,,,,,,,,,,,,,,,,,,,,,,,,,,
most-wanted-vhs,Most Wanted,,VHS,Media > Videos,"Floor Sale, VHS, Action, Formatted",Genre,Action,shopify,1,deny,manual,5.00,71387386,,,,action,,,,,,,,,,,,,,,,,,,,,,,,,,,,,,,,,,,,,,,,
ground-zero-vhs,Ground Zero,,VHS,Media > Videos,"Floor Sale, VHS, Action, Formatted",Genre,Action,shopify,1,deny,manual,5.00,71321850,,,,action,,,,,,,,,,,,,,,,,,,,,,,,,,,,,,,,,,,,,,,,
ransom-vhs,Ransom,,VHS,Media > Videos,"Floor Sale, VHS, Action, Formatted",Genre,Action,shopify,1,deny,manual,8.00,89829882,,,,action,,,,,,,,,,,,,,,,,,,,,,,,,,,,,,,,,,,,,,,,
god-of-killers-vhs,God of Killers,,VHS,Media > Videos,"Floor Sale, VHS, Action, Formatted",Genre,Action,shopify,1,deny,manual,4.00,87732730,,,,action,,,,,,,,,,,,,,,,,,,,,,,,,,,,,,,,,,,,,,,,
gloria-vhs,Gloria,,VHS,Media > Videos,"Floor Sale, VHS, Action, Formatted",Genre,Action,shopify,1,deny,manual,10.00,78754298,,,,action,,,,,,,,,,,,,,,,,,,,,,,,,,,,,,,,,,,,,,,,
girls-fight-tonite-vhs,Girls Fight Tonite,,VHS,Media > Videos,"Floor Sale, VHS, Action, Formatted",Genre,Action,shopify,1,deny,manual,5.00,78033402,,,,action,,,,,,,,,,,,,,,,,,,,,,,,,,,,,,,,,,,,,,,,
master-and-commander-vhs,Master and Commander,,VHS,Media > Videos,"Floor Sale, VHS, Action, Formatted",Genre,Action,shopify,1,deny,manual,5.00,72397306,,,,action,,,,,,,,,,,,,,,,,,,,,,,,,,,,,,,,,,,,,,,,
to-the-ends-of-the-earth-dvd,To the Ends of the Earth,,DVD,Media > Videos,"Floor Sale, DVD, Drama, Formatted",Genre,Drama,shopify,1,deny,manual,5.00,40341498,,,,drama,,,,,,,,,,,,,,,,,,,,,,,,,,,,,,,,,,,,,,,,
elizabeth-dvd,Elizabeth,,DVD,Media > Videos,"Floor Sale, DVD, Drama, Formatted",Genre,Drama,shopify,1,deny,manual,5.00,23793658,,,,drama,,,,,,,,,,,,,,,,,,,,,,,,,,,,,,,,,,,,,,,,
avatar-extended-bluray,Avatar (Extended),,Blu-Ray,Media > Videos,"Floor Sale, Blu-Ray, Sci-Fi, Formatted",Genre,Sci-Fi,shopify,1,deny,manual,8.00,23760890,,,,sci-fi,,,,,,,,,,,,,,,,,,,,,,,,,,,,,,,,,,,,,,,,
armageddon-dvd,Armageddon,,DVD,Media > Videos,"Floor Sale, DVD, Action, Formatted",Genre,Action,shopify,1,deny,manual,5.00,15536122,,,,action,,,,,,,,,,,,,,,,,,,,,,,,,,,,,,,,,,,,,,,,
elizabeth-i-dvd,Elizabeth I,,DVD,Media > Videos,"Floor Sale, DVD, Drama, Formatted",Genre,Drama,shopify,1,deny,manual,5.00,50682874,,,,drama,,,,,,,,,,,,,,,,,,,,,,,,,,,,,,,,,,,,,,,,
elysium-bluray,Elysium,,Blu-Ray,Media > Videos,"Floor Sale, Blu-Ray, Sci-Fi, Formatted",Genre,Sci-Fi,shopify,1,deny,manual,6.00,50519034,,,,sci-fi,,,,,,,,,,,,,,,,,,,,,,,,,,,,,,,,,,,,,,,,
the-eagle-bluray,The Eagle,,Blu-Ray,Media > Videos,"Floor Sale, Blu-Ray, Action, Formatted",Genre,Action,shopify,1,deny,manual,6.00,33938426,,,,action,,,,,,,,,,,,,,,,,,,,,,,,,,,,,,,,,,,,,,,,
exposed-bluray,Exposed,,Blu-Ray,Media > Videos,"Floor Sale, Blu-Ray, Thriller, Formatted",Genre,Thriller,shopify,1,deny,manual,5.00,08707066,,,,thriller,,,,,,,,,,,,,,,,,,,,,,,,,,,,,,,,,,,,,,,,
fallen-bluray,Fallen,,Blu-Ray,Media > Videos,"Floor Sale, Blu-Ray, Drama, Formatted",Genre,Drama,shopify,1,deny,manual,5.00,00252922,,,,drama,,,,,,,,,,,,,,,,,,,,,,,,,,,,,,,,,,,,,,,,
dracula-bram-stokers-bluray,Dracula (Bram Stoker's),,Blu-Ray,Media > Videos,"Floor Sale, Blu-Ray, Horror, Formatted",Genre,Horror,shopify,1,deny,manual,6.00,62724858,,,,horror,,,,,,,,,,,,,,,,,,,,,,,,,,,,,,,,,,,,,,,,
dolphin-tale-bluray,Dolphin Tale,,Blu-Ray,Media > Videos,"Floor Sale, Blu-Ray, Kids & Family, Formatted",Genre,Kids & Family,shopify,1,deny,manual,6.00,53254906,,,,kids-family,,,,,,,,,,,,,,,,,,,,,,,,,,,,,,,,,,,,,,,,
atonement-dvd,Atonement,,DVD,Media > Videos,"Floor Sale, DVD, Drama, Formatted",Genre,Drama,shopify,1,deny,manual,5.00,34675450,,,,drama,,,,,,,,,,,,,,,,,,,,,,,,,,,,,,,,,,,,,,,,
australia-dvd,Australia,,DVD,Media > Videos,"Floor Sale, DVD, Drama, Formatted",Genre,Drama,shopify,1,deny,manual,4.00,34380538,,,,drama,,,,,,,,,,,,,,,,,,,,,,,,,,,,,,,,,,,,,,,,
amazing-grace-dvd,Amazing Grace,,DVD,Media > Videos,"Floor Sale, DVD, Drama, Formatted",Genre,Drama,shopify,1,deny,manual,4.00,25434874,,,,drama,,,,,,,,,,,,,,,,,,,,,,,,,,,,,,,,,,,,,,,,
amelia-dvd,Amelia,,DVD,Media > Videos,"Floor Sale, DVD, Drama, Formatted",Genre,Drama,shopify,1,deny,manual,4.00,16784122,,,,drama,,,,,,,,,,,,,,,,,,,,,,,,,,,,,,,,,,,,,,,,
big-country-dvd,Big Country,,DVD,Media > Videos,"Floor Sale, DVD, Drama, Formatted",Genre,Drama,shopify,1,deny,manual,4.00,25470970,,,,drama,,,,,,,,,,,,,,,,,,,,,,,,,,,,,,,,,,,,,,,,
blade-of-kings-dvd,Blade of Kings,,DVD,Media > Videos,"Floor Sale, DVD, Action, Formatted",Genre,Action,shopify,1,deny,manual,5.00,17213434,,,,action,,,,,,,,,,,,,,,,,,,,,,,,,,,,,,,,,,,,,,,,
ben-hur-dvd,Ben Hur,,DVD,Media > Videos,"Floor Sale, DVD, Drama, Formatted",Genre,Drama,shopify,1,deny,manual,6.00,08955898,,,,drama,,,,,,,,,,,,,,,,,,,,,,,,,,,,,,,,,,,,,,,,
beowulf-dvd,Beowulf,,DVD,Media > Videos,"Floor Sale, DVD, Action, Formatted",Genre,Action,shopify,1,deny,manual,5.00,08923130,,,,action,,,,,,,,,,,,,,,,,,,,,,,,,,,,,,,,,,,,,,,,
beauty-and-the-beast-dvd,Beauty and the Beast,,DVD,Media > Videos,"Floor Sale, DVD, Kids & Family, Formatted",Genre,Kids & Family,shopify,1,deny,manual,6.00,00698362,,,,kids-family,,,,,,,,,,,,,,,,,,,,,,,,,,,,,,,,,,,,,,,,
bay-watch-bluray,Bay Watch,,Blu-Ray,Media > Videos,"Floor Sale, Blu-Ray, Comedy, Formatted",Genre,Comedy,shopify,1,deny,manual,6.00,00632826,,,,comedy,,,,,,,,,,,,,,,,,,,,,,,,,,,,,,,,,,,,,,,,
antony-and-cleopatra-dvd,Antony and Cleopatra,,DVD,Media > Videos,"Floor Sale, DVD, Drama, Formatted",Genre,Drama,shopify,1,deny,manual,4.00,63722234,,,,drama,,,,,,,,,,,,,,,,,,,,,,,,,,,,,,,,,,,,,,,,
anna-karenina-dvd,Anna Karenina,,DVD,Media > Videos,"Floor Sale, DVD, Drama, Formatted",Genre,Drama,shopify,1,deny,manual,5.00,63689466,,,,drama,,,,,,,,,,,,,,,,,,,,,,,,,,,,,,,,,,,,,,,,
aladdin-bluray,Aladdin,,Blu-Ray,Media > Videos,"Floor Sale, Blu-Ray, Kids & Family, Formatted",Genre,Kids & Family,shopify,1,deny,manual,6.00,63394554,,,,kids-family,,,,,,,,,,,,,,,,,,,,,,,,,,,,,,,,,,,,,,,,
alice-through-the-looking-glass-alice-in-wonderland-bluray,Alice Through the Looking Glass / Alice in Wonderland,,Blu-Ray,Media > Videos,"Floor Sale, Blu-Ray, Kids & Family, Formatted",Genre,Kids & Family,shopify,1,deny,manual,8.00,63296250,,,,kids-family,,,,,,,,,,,,,,,,,,,,,,,,,,,,,,,,,,,,,,,,
the-accountant-bluray,The Accountant,,Blu-Ray,Media > Videos,"Floor Sale, Blu-Ray, Action, Formatted",Genre,Action,shopify,1,deny,manual,6.00,63263482,,,,action,,,,,,,,,,,,,,,,,,,,,,,,,,,,,,,,,,,,,,,,
battle-los-angeles-bluray,Battle: Los Angeles,,Blu-Ray,Media > Videos,"Floor Sale, Blu-Ray, Action, Formatted",Genre,Action,shopify,1,deny,manual,6.00,43504378,,,,action,,,,,,,,,,,,,,,,,,,,,,,,,,,,,,,,,,,,,,,,
beautiful-creatures-bluray,Beautiful Creatures,,Blu-Ray,Media > Videos,"Floor Sale, Blu-Ray, Drama, Formatted",Genre,Drama,shopify,1,deny,manual,6.00,43340538,,,,drama,,,,,,,,,,,,,,,,,,,,,,,,,,,,,,,,,,,,,,,,
the-joy-luck-club-vhs,The Joy Luck Club,,VHS,Media > Videos,"Floor Sale, VHS, Drama, Formatted",Genre,Drama,shopify,1,deny,manual,4.00,33313530,,,,drama,,,,,,,,,,,,,,,,,,,,,,,,,,,,,,,,,,,,,,,,
hawaiian-beach-party-vhs,Hawaiian Beach Party,,VHS,Media > Videos,"Floor Sale, VHS, Kids & Family, Formatted",Genre,Kids & Family,shopify,1,deny,manual,4.00,32854778,,,,kids-family,,,,,,,,,,,,,,,,,,,,,,,,,,,,,,,,,,,,,,,,
padre-pio-dvd,Padre Pio,,DVD,Media > Videos,"Floor Sale, DVD, Drama, Formatted",Genre,Drama,shopify,1,deny,manual,4.00,50350842,,,,drama,,,,,,,,,,,,,,,,,,,,,,,,,,,,,,,,,,,,,,,,
the-family-bluray,The Family,,Blu-Ray,Media > Videos,"Floor Sale, Blu-Ray, Drama, Formatted",Genre,Drama,shopify,1,deny,manual,6.00,50318074,,,,drama,,,,,,,,,,,,,,,,,,,,,,,,,,,,,,,,,,,,,,,,
the-secrets-of-dumbledore-bluray,The Secrets of Dumbledore,,Blu-Ray,Media > Videos,"Floor Sale, Blu-Ray, Fantasy, Formatted",Genre,Fantasy,shopify,1,deny,manual,6.00,33639162,,,,fantasy,,,,,,,,,,,,,,,,,,,,,,,,,,,,,,,,,,,,,,,,
skiptrace-bluray,Skiptrace,,Blu-Ray,Media > Videos,"Floor Sale, Blu-Ray, Action, Formatted",Genre,Action,shopify,1,deny,manual,6.00,33606394,,,,action,,,,,,,,,,,,,,,,,,,,,,,,,,,,,,,,,,,,,,,,
the-great-gatsby-bluray,The Great Gatsby,,Blu-Ray,Media > Videos,"Floor Sale, Blu-Ray, Drama, Formatted",Genre,Drama,shopify,1,deny,manual,6.00,17091322,,,,drama,,,,,,,,,,,,,,,,,,,,,,,,,,,,,,,,,,,,,,,,
the-gift-bluray,The Gift,,Blu-Ray,Media > Videos,"Floor Sale, Blu-Ray, Thriller, Formatted",Genre,Thriller,shopify,1,deny,manual,6.00,08801018,,,,thriller,,,,,,,,,,,,,,,,,,,,,,,,,,,,,,,,,,,,,,,,
t2-judgement-day-bluray,T2: Judgement Day,,Blu-Ray,Media > Videos,"Floor Sale, Blu-Ray, Sci-Fi, Formatted",Genre,Sci-Fi,shopify,1,deny,manual,6.00,08735482,,,,sci-fi,,,,,,,,,,,,,,,,,,,,,,,,,,,,,,,,,,,,,,,,
network-bluray,Network,,Blu-Ray,Media > Videos,"Floor Sale, Blu-Ray, Comedy, Formatted",Genre,Comedy,shopify,1,deny,manual,6.00,80156922,,,,comedy,,,,,,,,,,,,,,,,,,,,,,,,,,,,,,,,,,,,,,,,
godzilla-bluray,Godzilla,,Blu-Ray,Media > Videos,"Floor Sale, Blu-Ray, Sci-Fi, Formatted",Genre,Sci-Fi,shopify,1,deny,manual,6.00,80058618,,,,sci-fi,,,,,,,,,,,,,,,,,,,,,,,,,,,,,,,,,,,,,,,,
beyond-the-sea-dvd,Beyond the Sea,,DVD,Media > Videos,"Floor Sale, DVD, Drama, Formatted",Genre,Drama,shopify,1,deny,manual,4.00,71735546,,,,drama,,,,,,,,,,,,,,,,,,,,,,,,,,,,,,,,,,,,,,,,
the-queen-dvd,The Queen,,DVD,Media > Videos,"Floor Sale, DVD, Drama, Formatted",Genre,Drama,shopify,1,deny,manual,4.00,55286010,,,,drama,,,,,,,,,,,,,,,,,,,,,,,,,,,,,,,,,,,,,,,,
my-big-fat-greek-wedding-dvd,My Big Fat Greek Wedding,,DVD,Media > Videos,"Floor Sale, DVD, Romantic Comedy, Formatted",Genre,Romantic Comedy,shopify,1,deny,manual,4.00,55187706,,,,romantic-comedy,,,,,,,,,,,,,,,,,,,,,,,,,,,,,,,,,,,,,,,,
animatrix-dvd,Animatrix,,DVD,Media > Videos,"Floor Sale, DVD, Sci-Fi, Formatted",Genre,Sci-Fi,shopify,1,deny,manual,5.00,38738170,,,,sci-fi,,,,,,,,,,,,,,,,,,,,,,,,,,,,,,,,,,,,,,,,
final-destination-dvd,Final Destination,,DVD,Media > Videos,"Floor Sale, DVD, Horror, Formatted",Genre,Horror,shopify,1,deny,manual,5.00,38705402,,,,horror,,,,,,,,,,,,,,,,,,,,,,,,,,,,,,,,,,,,,,,,
mama-mia-dvd,Mama Mia,,DVD,Media > Videos,"Floor Sale, DVD, Musical, Formatted",Genre,Musical,shopify,1,deny,manual,4.00,33998074,,,,musical,,,,,,,,,,,,,,,,,,,,,,,,,,,,,,,,,,,,,,,,
the-boondock-saints-dvd,The Boondock Saints,,DVD,Media > Videos,"Floor Sale, DVD, Action, Formatted",Genre,Action,shopify,1,deny,manual,4.00,25773306,,,,action,,,,,,,,,,,,,,,,,,,,,,,,,,,,,,,,,,,,,,,,
inferno-skyscraper-escape-dvd,Inferno: Skyscraper Escape,,DVD,Media > Videos,"Floor Sale, DVD, Action, Formatted",Genre,Action,shopify,1,deny,manual,4.00,17548538,,,,action,,,,,,,,,,,,,,,,,,,,,,,,,,,,,,,,,,,,,,,,
gone-in-60-seconds-dvd,Gone in 60 Seconds,,DVD,Media > Videos,"Floor Sale, DVD, Action, Formatted",Genre,Action,shopify,1,deny,manual,4.00,09192698,,,,action,,,,,,,,,,,,,,,,,,,,,,,,,,,,,,,,,,,,,,,,
dawn-of-the-dead-dvd,Dawn of the Dead,,DVD,Media > Videos,"Floor Sale, DVD, Horror, Formatted",Genre,Horror,shopify,1,deny,manual,4.00,09159930,,,,horror,,,,,,,,,,,,,,,,,,,,,,,,,,,,,,,,,,,,,,,,
she-dvd,SHE,,DVD,Media > Videos,"Floor Sale, DVD, Drama, Formatted",Genre,Drama,shopify,1,deny,manual,4.00,09094394,,,,drama,,,,,,,,,,,,,,,,,,,,,,,,,,,,,,,,,,,,,,,,
just-friends-dvd,Just Friends,,DVD,Media > Videos,"Floor Sale, DVD, Romantic Comedy, Formatted",Genre,Romantic Comedy,shopify,1,deny,manual,4.00,09061626,,,,romantic-comedy,,,,,,,,,,,,,,,,,,,,,,,,,,,,,,,,,,,,,,,,
see-no-evil-vhs,See No Evil,,VHS,Media > Videos,"Floor Sale, VHS, Horror, Formatted",Genre,Horror,shopify,1,deny,manual,8.00,00804090,,,,horror,,,,,,,,,,,,,,,,,,,,,,,,,,,,,,,,,,,,,,,,
i-know-what-you-did-last-summer-vhs,I Know What You Did Last Summer,,VHS,Media > Videos,"Floor Sale, VHS, Horror, Formatted",Genre,Horror,shopify,1,deny,manual,8.00,63994874,,,,horror,,,,,,,,,,,,,,,,,,,,,,,,,,,,,,,,,,,,,,,,
dead-of-night-vhs,Dead of Night,,VHS,Media > Videos,"Floor Sale, VHS, Horror, Formatted",Genre,Horror,shopify,1,deny,manual,5.00,63863802,,,,horror,,,,,,,,,,,,,,,,,,,,,,,,,,,,,,,,,,,,,,,,
deceit-vhs,Deceit,,VHS,Media > Videos,"Floor Sale, VHS, Horror, Formatted",Genre,Horror,shopify,1,deny,manual,6.00,46922746,,,,horror,,,,,,,,,,,,,,,,,,,,,,,,,,,,,,,,,,,,,,,,
matrix-vhs,Matrix,,VHS,Media > Videos,"Floor Sale, VHS, Sci-Fi, Formatted",Genre,Sci-Fi,shopify,1,deny,manual,6.00,46857210,,,,sci-fi,,,,,,,,,,,,,,,,,,,,,,,,,,,,,,,,,,,,,,,,
virtual-assassin-vhs,Virtual Assassin,,VHS,Media > Videos,"Floor Sale, VHS, Sci-Fi, Formatted",Genre,Sci-Fi,shopify,1,deny,manual,5.00,38403066,,,,sci-fi,,,,,,,,,,,,,,,,,,,,,,,,,,,,,,,,,,,,,,,,
the-wolf-man-vhs,The Wolf Man,,VHS,Media > Videos,"Floor Sale, VHS, Horror, Formatted",Genre,Horror,shopify,1,deny,manual,7.00,60080890,,,,horror,,,,,,,,,,,,,,,,,,,,,,,,,,,,,,,,,,,,,,,,
2010-the-year-we-make-contact-vhs,2010: The Year We Make Contact,,VHS,Media > Videos,"Floor Sale, VHS, Sci-Fi, Formatted",Genre,Sci-Fi,shopify,1,deny,manual,6.00,49922810,,,,sci-fi,,,,,,,,,,,,,,,,,,,,,,,,,,,,,,,,,,,,,,,,
nightfall-vhs,Nightfall,,VHS,Media > Videos,"Floor Sale, VHS, Sci-Fi, Formatted",Genre,Sci-Fi,shopify,1,deny,manual,5.00,31376122,,,,sci-fi,,,,,,,,,,,,,,,,,,,,,,,,,,,,,,,,,,,,,,,,
journey-to-the-far-side-of-the-sun-vhs,Journey to the Far Side of the Sun,,VHS,Media > Videos,"Floor Sale, VHS, Sci-Fi, Formatted",Genre,Sci-Fi,shopify,1,deny,manual,6.00,21054202,,,,sci-fi,,,,,,,,,,,,,,,,,,,,,,,,,,,,,,,,,,,,,,,,
wolfhound-vhs,Wolfhound,,VHS,Media > Videos,"Floor Sale, VHS, Sci-Fi, Formatted",Genre,Sci-Fi,shopify,1,deny,manual,8.00,31190778,,,,sci-fi,,,,,,,,,,,,,,,,,,,,,,,,,,,,,,,,,,,,,,,,
first-men-in-the-moon-vhs,First Men in the Moon,,VHS,Media > Videos,"Floor Sale, VHS, Sci-Fi, Formatted",Genre,Sci-Fi,shopify,1,deny,manual,6.00,22769402,,,,sci-fi,,,,,,,,,,,,,,,,,,,,,,,,,,,,,,,,,,,,,,,,
web-master-vhs,Web Master,,VHS,Media > Videos,"Floor Sale, VHS, Sci-Fi, Formatted",Genre,Sci-Fi,shopify,1,deny,manual,8.00,14577402,,,,sci-fi,,,,,,,,,,,,,,,,,,,,,,,,,,,,,,,,,,,,,,,,
the-navigator-vhs,The Navigator,,VHS,Media > Videos,"Floor Sale, VHS, Sci-Fi, Formatted",Genre,Sci-Fi,shopify,1,deny,manual,5.00,98062330,,,,sci-fi,,,,,,,,,,,,,,,,,,,,,,,,,,,,,,,,,,,,,,,,
final-encounter-vhs,Final Encounter,,VHS,Media > Videos,"Floor Sale, VHS, Sci-Fi, Formatted",Genre,Sci-Fi,shopify,1,deny,manual,5.00,89772026,,,,sci-fi,,,,,,,,,,,,,,,,,,,,,,,,,,,,,,,,,,,,,,,,
new-york-nights-vhs,New York Nights,,VHS,Media > Videos,"Floor Sale, VHS, Drama, Formatted",Genre,Drama,shopify,1,deny,manual,16.00,48824826,,,,drama,,,,,,,,,,,,,,,,,,,,,,,,,,,,,,,,,,,,,,,,
sid-nancy-vhs,Sid & Nancy,,VHS,Media > Videos,"Floor Sale, VHS, Drama, Formatted",Genre,Drama,shopify,1,deny,manual,10.00,48792058,,,,drama,,,,,,,,,,,,,,,,,,,,,,,,,,,,,,,,,,,,,,,,
the-mission-vhs,The Mission,,VHS,Media > Videos,"Floor Sale, VHS, Drama, Formatted",Genre,Drama,shopify,1,deny,manual,5.00,32145914,,,,drama,,,,,,,,,,,,,,,,,,,,,,,,,,,,,,,,,,,,,,,,
no-place-to-hide-vhs,No Place to Hide,,VHS,Media > Videos,"Floor Sale, VHS, Thriller, Formatted",Genre,Thriller,shopify,1,deny,manual,8.00,23691770,,,,thriller,,,,,,,,,,,,,,,,,,,,,,,,,,,,,,,,,,,,,,,,
meteorites-vhs,Meteorites!,,VHS,Media > Videos,"Floor Sale, VHS, Thriller, Formatted",Genre,Thriller,shopify,1,deny,manual,8.00,23626234,,,,thriller,,,,,,,,,,,,,,,,,,,,,,,,,,,,,,,,,,,,,,,,
crash-vhs,Crash,,VHS,Media > Videos,"Floor Sale, VHS, Drama, Formatted",Genre,Drama,shopify,1,deny,manual,60.00,60925178,,,,drama,,,,,,,,,,,,,,,,,,,,,,,,,,,,,,,,,,,,,,,,
enormous-changes-vhs,Enormous Changes,,VHS,Media > Videos,"Floor Sale, VHS, Comedy, Formatted",Genre,Comedy,shopify,1,deny,manual,5.00,52700410,,,,comedy,,,,,,,,,,,,,,,,,,,,,,,,,,,,,,,,,,,,,,,,
night-watch-vhs,Night Watch,,VHS,Media > Videos,"Floor Sale, VHS, Thriller, Formatted",Genre,Thriller,shopify,1,deny,manual,24.00,52634874,,,,thriller,,,,,,,,,,,,,,,,,,,,,,,,,,,,,,,,,,,,,,,,
sketch-artist-ii-vhs,Sketch Artist II,,VHS,Media > Videos,"Floor Sale, VHS, Thriller, Formatted",Genre,Thriller,shopify,1,deny,manual,8.00,52602106,,,,thriller,,,,,,,,,,,,,,,,,,,,,,,,,,,,,,,,,,,,,,,,
stoke-vhs,Stoke,,VHS,Media > Videos,"Floor Sale, VHS, Drama, Formatted",Genre,Drama,shopify,1,deny,manual,4.00,44410106,,,,drama,,,,,,,,,,,,,,,,,,,,,,,,,,,,,,,,,,,,,,,,
diamonds-edge-vhs,Diamond's Edge,,VHS,Media > Videos,"Floor Sale, VHS, Comedy, Formatted",Genre,Comedy,shopify,1,deny,manual,5.00,36152570,,,,comedy,,,,,,,,,,,,,,,,,,,,,,,,,,,,,,,,,,,,,,,,
enigma-vhs,Enigma,,VHS,Media > Videos,"Floor Sale, VHS, Thriller, Formatted",Genre,Thriller,shopify,1,deny,manual,8.00,36087034,,,,thriller,,,,,,,,,,,,,,,,,,,,,,,,,,,,,,,,,,,,,,,,
out-of-season-vhs,Out of Season,,VHS,Media > Videos,"Floor Sale, VHS, Drama, Formatted",Genre,Drama,shopify,1,deny,manual,5.00,04838394,,,,drama,,,,,,,,,,,,,,,,,,,,,,,,,,,,,,,,,,,,,,,,
dillinger-vhs,Dillinger,,VHS,Media > Videos,"Floor Sale, VHS, Action, Formatted",Genre,Action,shopify,1,deny,manual,4.00,04740090,,,,action,,,,,,,,,,,,,,,,,,,,,,,,,,,,,,,,,,,,,,,,
the-human-factor-vhs,The Human Factor,,VHS,Media > Videos,"Floor Sale, VHS, Thriller, Formatted",Genre,Thriller,shopify,1,deny,manual,6.00,04510714,,,,thriller,,,,,,,,,,,,,,,,,,,,,,,,,,,,,,,,,,,,,,,,
splendor-vhs,Splendor,,VHS,Media > Videos,"Floor Sale, VHS, Romantic Comedy, Formatted",Genre,Romantic Comedy,shopify,1,deny,manual,12.00,97301754,,,,romantic-comedy,,,,,,,,,,,,,,,,,,,,,,,,,,,,,,,,,,,,,,,,
were-no-angels-vhs,We're No Angels,,VHS,Media > Videos,"Floor Sale, VHS, Comedy, Formatted",Genre,Comedy,shopify,1,deny,manual,6.00,97105146,,,,comedy,,,,,,,,,,,,,,,,,,,,,,,,,,,,,,,,,,,,,,,,
carpool-vhs,Carpool,,VHS,Media > Videos,"Floor Sale, VHS, Comedy, Formatted",Genre,Comedy,shopify,1,deny,manual,6.00,97072378,,,,comedy,,,,,,,,,,,,,,,,,,,,,,,,,,,,,,,,,,,,,,,,
wishful-thinking-vhs,Wishful Thinking,,VHS,Media > Videos,"Floor Sale, VHS, Comedy, Formatted",Genre,Comedy,shopify,1,deny,manual,6.00,07091450,,,,comedy,,,,,,,,,,,,,,,,,,,,,,,,,,,,,,,,,,,,,,,,
revenge-of-the-nerds-iv-vhs,Revenge of the Nerds IV,,VHS,Media > Videos,"Floor Sale, VHS, Comedy, Formatted",Genre,Comedy,shopify,1,deny,manual,4.00,94115322,,,,comedy,,,,,,,,,,,,,,,,,,,,,,,,,,,,,,,,,,,,,,,,
pals-vhs,Pals,,VHS,Media > Videos,"Floor Sale, VHS, Comedy, Formatted",Genre,Comedy,shopify,1,deny,manual,7.00,94082554,,,,comedy,,,,,,,,,,,,,,,,,,,,,,,,,,,,,,,,,,,,,,,,
making-mr-right-vhs,Making Mr. Right,,VHS,Media > Videos,"Floor Sale, VHS, Comedy, Formatted",Genre,Comedy,shopify,1,deny,manual,5.00,93984250,,,,comedy,,,,,,,,,,,,,,,,,,,,,,,,,,,,,,,,,,,,,,,,
the-jungle-book-1982-vhs,The Jungle Book (1982),,VHS,Media > Videos,"Floor Sale, VHS, Kids & Family, Formatted",Genre,Kids & Family,shopify,1,deny,manual,5.00,93754874,,,,kids-family,,,,,,,,,,,,,,,,,,,,,,,,,,,,,,,,,,,,,,,,
good-idea-vhs,Good Idea!,,VHS,Media > Videos,"Floor Sale, VHS, Comedy, Formatted",Genre,Comedy,shopify,1,deny,manual,4.00,93689338,,,,comedy,,,,,,,,,,,,,,,,,,,,,,,,,,,,,,,,,,,,,,,,
honeymoon-academy-vhs,Honeymoon Academy,,VHS,Media > Videos,"Floor Sale, VHS, Comedy, Formatted",Genre,Comedy,shopify,1,deny,manual,11.00,74847738,,,,comedy,,,,,,,,,,,,,,,,,,,,,,,,,,,,,,,,,,,,,,,,
modern-romance-vhs,Modern Romance,,VHS,Media > Videos,"Floor Sale, VHS, Comedy, Formatted",Genre,Comedy,shopify,1,deny,manual,6.00,74749434,,,,comedy,,,,,,,,,,,,,,,,,,,,,,,,,,,,,,,,,,,,,,,,
the-nutty-professor-vhs,The Nutty Professor,,VHS,Media > Videos,"Floor Sale, VHS, Comedy, Formatted",Genre,Comedy,shopify,1,deny,manual,6.00,74618362,,,,comedy,,,,,,,,,,,,,,,,,,,,,,,,,,,,,,,,,,,,,,,,
trust-me-vhs,Trust Me,,VHS,Media > Videos,"Floor Sale, VHS, Comedy, Formatted",Genre,Comedy,shopify,1,deny,manual,5.00,56497658,,,,comedy,,,,,,,,,,,,,,,,,,,,,,,,,,,,,,,,,,,,,,,,
modern-love-vhs,Modern Love,,VHS,Media > Videos,"Floor Sale, VHS, Romantic Comedy, Formatted",Genre,Romantic Comedy,shopify,1,deny,manual,5.00,56432122,,,,romantic-comedy,,,,,,,,,,,,,,,,,,,,,,,,,,,,,,,,,,,,,,,,
sleeping-beauty-vhs,Sleeping Beauty,,VHS,Media > Videos,"Floor Sale, VHS, Kids & Family, Formatted",Genre,Kids & Family,shopify,1,deny,manual,20.00,56268282,,,,kids-family,,,,,,,,,,,,,,,,,,,,,,,,,,,,,,,,,,,,,,,,
michael-jackson-moonwalker-vhs,Michael Jackson Moonwalker,,VHS,Media > Videos,"Floor Sale, VHS, Musical, Formatted",Genre,Musical,shopify,1,deny,manual,20.00,87160570,,,,musical,,,,,,,,,,,,,,,,,,,,,,,,,,,,,,,,,,,,,,,,
jailbait-vhs,Jailbait,,VHS,Media > Videos,"Floor Sale, VHS, Comedy, Formatted",Genre,Comedy,shopify,1,deny,manual,9.00,87127802,,,,comedy,,,,,,,,,,,,,,,,,,,,,,,,,,,,,,,,,,,,,,,,
insomnia-vhs,Insomnia,,VHS,Media > Videos,"Floor Sale, VHS, Thriller, Formatted",Genre,Thriller,shopify,1,deny,manual,7.00,86603514,,,,thriller,,,,,,,,,,,,,,,,,,,,,,,,,,,,,,,,,,,,,,,,
lolita-vhs,Lolita,,VHS,Media > Videos,"Floor Sale, VHS, Drama, Formatted",Genre,Drama,shopify,1,deny,manual,11.00,86537978,,,,drama,,,,,,,,,,,,,,,,,,,,,,,,,,,,,,,,,,,,,,,,
howard-stern-private-parts-vhs,Howard Stern Private Parts,,VHS,Media > Videos,"Floor Sale, VHS, Comedy, Formatted",Genre,Comedy,shopify,1,deny,manual,10.00,59537146,,,,comedy,,,,,,,,,,,,,,,,,,,,,,,,,,,,,,,,,,,,,,,,
hard-to-kill-vhs,Hard to Kill,,VHS,Media > Videos,"Floor Sale, VHS, Action, Formatted",Genre,Action,shopify,1,deny,manual,8.00,59307770,,,,action,,,,,,,,,,,,,,,,,,,,,,,,,,,,,,,,,,,,,,,,
masala-vhs,Masala,,VHS,Media > Videos,"Floor Sale, VHS, Foreign, Formatted",Genre,Foreign,shopify,1,deny,manual,5.00,59209466,,,,foreign,,,,,,,,,,,,,,,,,,,,,,,,,,,,,,,,,,,,,,,,
the-postman-vhs,The Postman,,VHS,Media > Videos,"Floor Sale, VHS, Drama, Formatted",Genre,Drama,shopify,1,deny,manual,4.00,58783482,,,,drama,,,,,,,,,,,,,,,,,,,,,,,,,,,,,,,,,,,,,,,,
halloween-vhs,Halloween,,VHS,Media > Videos,"Floor Sale, VHS, Horror, Formatted",Genre,Horror,shopify,1,deny,manual,10.00,58685178,,,,horror,,,,,,,,,,,,,,,,,,,,,,,,,,,,,,,,,,,,,,,,
slit-second-vhs,Slit Second,,VHS,Media > Videos,"Floor Sale, VHS, Sci-Fi, Formatted",Genre,Sci-Fi,shopify,1,deny,manual,8.00,08058618,,,,sci-fi,,,,,,,,,,,,,,,,,,,,,,,,,,,,,,,,,,,,,,,,
smithereens-1984-vhs,Smithereens (1984),,VHS,Media > Videos,"Floor Sale, VHS, Drama, Formatted",Genre,Drama,shopify,1,deny,manual,38.00,96286970,,,,drama,,,,,,,,,,,,,,,,,,,,,,,,,,,,,,,,,,,,,,,,
children-of-dune-vhs,Children of Dune,,VHS,Media > Videos,"Floor Sale, VHS, Sci-Fi, Formatted",Genre,Sci-Fi,shopify,1,deny,manual,9.00,96188666,,,,sci-fi,,,,,,,,,,,,,,,,,,,,,,,,,,,,,,,,,,,,,,,,
loaded-weapon-1-vhs,Loaded Weapon 1,,VHS,Media > Videos,"Floor Sale, VHS, Comedy, Formatted",Genre,Comedy,shopify,1,deny,manual,5.00,95992058,,,,comedy,,,,,,,,,,,,,,,,,,,,,,,,,,,,,,,,,,,,,,,,
maid-to-order-vhs,Maid to Order,,VHS,Media > Videos,"Floor Sale, VHS, Comedy, Formatted",Genre,Comedy,shopify,1,deny,manual,5.00,95926522,,,,comedy,,,,,,,,,,,,,,,,,,,,,,,,,,,,,,,,,,,,,,,,
a-pigs-tale-vhs,A Pig's Tale,,VHS,Media > Videos,"Floor Sale, VHS, Kids & Family, Formatted",Genre,Kids & Family,shopify,1,deny,manual,28.00,34683130,,,,kids-family,,,,,,,,,,,,,,,,,,,,,,,,,,,,,,,,,,,,,,,,
the-crocodile-hunter-vhs,The Crocodile Hunter,,VHS,Media > Videos,"Floor Sale, VHS, Kids & Family, Formatted",Genre,Kids & Family,shopify,1,deny,manual,5.00,34617594,,,,kids-family,,,,,,,,,,,,,,,,,,,,,,,,,,,,,,,,,,,,,,,,
soccer-dog-vhs,Soccer Dog,,VHS,Media > Videos,"Floor Sale, VHS, Kids & Family, Formatted",Genre,Kids & Family,shopify,1,deny,manual,4.00,34552058,,,,kids-family,,,,,,,,,,,,,,,,,,,,,,,,,,,,,,,,,,,,,,,,
sabrina-the-teenage-witch-1995-vhs,Sabrina the Teenage Witch (1995),,VHS,Media > Videos,"Floor Sale, VHS, Kids & Family, Formatted",Genre,Kids & Family,shopify,1,deny,manual,12.00,34027770,,,,kids-family,,,,,,,,,,,,,,,,,,,,,,,,,,,,,,,,,,,,,,,,
goonies-vhs,Goonies,,VHS,Media > Videos,"Floor Sale, VHS, Kids & Family, Formatted",Genre,Kids & Family,shopify,1,deny,manual,8.00,33536250,,,,kids-family,,,,,,,,,,,,,,,,,,,,,,,,,,,,,,,,,,,,,,,,
charlottes-web-2-vhs,Charlottes Web 2,,VHS,Media > Videos,"Floor Sale, VHS, Kids & Family, Formatted",Genre,Kids & Family,shopify,1,deny,manual,5.00,35920378,,,,kids-family,,,,,,,,,,,,,,,,,,,,,,,,,,,,,,,,,,,,,,,,
homeward-bound-2-vhs,Homeward Bound 2,,VHS,Media > Videos,"Floor Sale, VHS, Kids & Family, Formatted",Genre,Kids & Family,shopify,1,deny,manual,5.00,35887610,,,,kids-family,,,,,,,,,,,,,,,,,,,,,,,,,,,,,,,,,,,,,,,,
pebble-the-penguin-vhs,Pebble the Penguin,,VHS,Media > Videos,"Floor Sale, VHS, Kids & Family, Formatted",Genre,Kids & Family,shopify,1,deny,manual,5.00,35789306,,,,kids-family,,,,,,,,,,,,,,,,,,,,,,,,,,,,,,,,,,,,,,,,
noahs-ark-vhs,Noah's Ark,,VHS,Media > Videos,"Floor Sale, VHS, Kids & Family, Formatted",Genre,Kids & Family,shopify,1,deny,manual,5.00,35461626,,,,kids-family,,,,,,,,,,,,,,,,,,,,,,,,,,,,,,,,,,,,,,,,
alice-in-wonderland-vhs,Alice in Wonderland,,VHS,Media > Videos,"Floor Sale, VHS, Kids & Family, Formatted",Genre,Kids & Family,shopify,1,deny,manual,6.00,35002874,,,,kids-family,,,,,,,,,,,,,,,,,,,,,,,,,,,,,,,,,,,,,,,,
my-summer-story-vhs,My Summer Story,,VHS,Media > Videos,"Floor Sale, VHS, Kids & Family, Formatted",Genre,Kids & Family,shopify,1,deny,manual,6.00,34740730,,,,kids-family,,,,,,,,,,,,,,,,,,,,,,,,,,,,,,,,,,,,,,,,
indiana-jones-widescreen-set-vhs,Indiana Jones Widescreen Set,,VHS,Media > Videos,"Floor Sale, VHS, Action, Formatted",Genre,Action,shopify,1,deny,manual,18.00,53476090,,,,action,,,,,,,,,,,,,,,,,,,,,,,,,,,,,,,,,,,,,,,,
spider-man-2002-dvd,Spider-Man (2002),,DVD,Media > Videos,"Floor Sale, DVD, Action, Formatted",Genre,Action,shopify,1,deny,manual,7.00,23600634,,,,action,,,,,,,,,,,,,,,,,,,,,,,,,,,,,,,,,,,,,,,,
white-noise-dvd,White Noise,,DVD,Media > Videos,"Floor Sale, DVD, Thriller, Formatted",Genre,Thriller,shopify,1,deny,manual,4.00,23535098,,,,thriller,,,,,,,,,,,,,,,,,,,,,,,,,,,,,,,,,,,,,,,,
the-king-and-i-dvd,The King and I,,DVD,Media > Videos,"Floor Sale, DVD, Musical, Formatted",Genre,Musical,shopify,1,deny,manual,4.00,23404026,,,,musical,,,,,,,,,,,,,,,,,,,,,,,,,,,,,,,,,,,,,,,,
south-pacific-dvd,South Pacific,,DVD,Media > Videos,"Floor Sale, DVD, Musical, Formatted",Genre,Musical,shopify,1,deny,manual,4.00,23371258,,,,musical,,,,,,,,,,,,,,,,,,,,,,,,,,,,,,,,,,,,,,,,
oklahoma-dvd,Oklahoma,,DVD,Media > Videos,"Floor Sale, DVD, Musical, Formatted",Genre,Musical,shopify,1,deny,manual,4.00,23338490,,,,musical,,,,,,,,,,,,,,,,,,,,,,,,,,,,,,,,,,,,,,,,
pokemon-heroes-the-movie-dvd,Pokemon Heroes: The Movie,,DVD,Media > Videos,"Floor Sale, DVD, Kids & Family, Formatted",Genre,Kids & Family,shopify,1,deny,manual,9.00,23141882,,,,kids-family,,,,,,,,,,,,,,,,,,,,,,,,,,,,,,,,,,,,,,,,
cinderella-dvd,Cinderella,,DVD,Media > Videos,"Floor Sale, DVD, Kids & Family, Formatted",Genre,Kids & Family,shopify,1,deny,manual,5.00,23076346,,,,kids-family,,,,,,,,,,,,,,,,,,,,,,,,,,,,,,,,,,,,,,,,
trick-r-treat-steelbook-bluray,Trick 'r Treat [Steelbook],,Blu-Ray,Media > Videos,"Floor Sale, Blu-Ray, Horror, Formatted",Genre,Horror,shopify,1,deny,manual,20.00,99090170,,,,horror,,,,,,,,,,,,,,,,,,,,,,,,,,,,,,,,,,,,,,,,
phantasm-remastered-steelbook-bluray,Phantasm (Remastered) [Steelbook],,Blu-Ray,Media > Videos,"Floor Sale, Blu-Ray, Horror, Formatted",Genre,Horror,shopify,1,deny,manual,15.00,98991866,,,,horror,,,,,,,,,,,,,,,,,,,,,,,,,,,,,,,,,,,,,,,,
look-who-s-talking,Look Who’s Talking,<p>This classic home video release features the original vintage sleeve art and brings the nostalgic charm of analog media to your collection. It is a perfect choice for fans of eighties cinema and collectors looking to experience the iconic voice-over comedy in its native format. Enjoy a piece of physical media history with this well-maintained cassette that delivers a genuine retro viewing experience.</p>,VHS,Media > Videos,"Floor Sale, VHS, Comedy, Formatted",Genre,Comedy,shopify,1,deny,manual,5.00,191-VHSLKW-001A,,,,comedy,,,,,,,,,,,,,,,,,,,,,,,,,,,,,,,,,,,,,,,,
celebrity-vhs-floor-sale,Celebrity,<p></p>,VHS,Media > Videos,"Floor Sale, VHS, Comedy, Formatted",Genre,Comedy,shopify,1,deny,manual,7.00,67790330,,,,comedy,,,,,,,,,,,,,,,,,,,,,,,,,,,,,,,,,,,,,,,,
speed-vhs-floor-sale,Speed,<p></p>,VHS,Media > Videos,"Floor Sale, VHS, Action, Formatted",Genre,Action,shopify,1,deny,manual,8.00,67560954,,,,action,,,,,,,,,,,,,,,,,,,,,,,,,,,,,,,,,,,,,,,,
the-fly-vhs-floor-sale,The Fly,<p></p>,VHS,Media > Videos,"Floor Sale, VHS, Horror, Formatted",Genre,Horror,shopify,1,deny,manual,10.00,67888634,,,,horror,,,,,,,,,,,,,,,,,,,,,,,,,,,,,,,,,,,,,,,,
a-home-of-our-own-vhs-floor-sale-kdis-family,A Home of Our Own,,VHS,Media > Videos,"Floor Sale, VHS, Kids & Family, Formatted",Genre,Kids & Family,shopify,1,deny,manual,5.00,82225914,,,,kids-family,,,,,,,,,,,,,,,,,,,,,,,,,,,,,,,,,,,,,,,,
ace-ventura-vhs-floor-sale-comedy,Ace Ventura,,VHS,Media > Videos,"Floor Sale, VHS, Comedy, Formatted",Genre,Comedy,shopify,1,deny,manual,6.00,68619770,,,,comedy,,,,,,,,,,,,,,,,,,,,,,,,,,,,,,,,,,,,,,,,
against-the-wall-vhs-rental-drama,Against the Wall,,VHS,Media > Videos,"Rental, VHS, Drama, Formatted",Genre,Drama,shopify,1,deny,manual,0,81116922,,,,drama,,,,,,,,,,,,,,,,,,,,,,,,,,,,,,,,,,,,,,,,
along-came-a-spider-vhs-floor-sale-thriller,Along Came A Spider,,VHS,Media > Videos,"Floor Sale, VHS, Thriller, Formatted",Genre,Thriller,shopify,1,deny,manual,7.00,68641530,,,,thriller,,,,,,,,,,,,,,,,,,,,,,,,,,,,,,,,,,,,,,,,
another-woman-vhs-rental-drama,Another Woman,,VHS,Media > Videos,"Rental, VHS, Drama, Formatted",Genre,Drama,shopify,1,deny,manual,0,78742010,,,,drama,,,,,,,,,,,,,,,,,,,,,,,,,,,,,,,,,,,,,,,,
basic-instinct-vhs-floor-sale-thriller,Basic Instinct,,VHS,Media > Videos,"Floor Sale, VHS, Thriller, Formatted",Genre,Thriller,shopify,1,deny,manual,7.00,36890362,,,,thriller,,,,,,,,,,,,,,,,,,,,,,,,,,,,,,,,,,,,,,,,
batman-vhs-floor-sale-action,Batman,,VHS,Media > Videos,"Floor Sale, VHS, Action, Formatted",Genre,Action,shopify,1,deny,manual,10.00,97050362,,,,action,,,,,,,,,,,,,,,,,,,,,,,,,,,,,,,,,,,,,,,,
beauty-and-the-beast-vhs-rental-fantasy,Beauty and the Beast,,VHS,Media > Videos,"Rental, VHS, Fantasy, Formatted",Genre,Fantasy,shopify,1,deny,manual,0,79036922,,,,fantasy,,,,,,,,,,,,,,,,,,,,,,,,,,,,,,,,,,,,,,,,
bubblegum-crisis-hurricane-live-2033-vhs-floor-sale-anime-sci-fi,Bubblegum Crisis - Hurricane Live 2033,,VHS,Media > Videos,"Floor Sale, VHS, Sci-Fi, Anime, Formatted",Genre,Sci-Fi,shopify,1,deny,manual,24.00,04044282,,,,sci-fi,,,,,,,,,,,,,,,,,,,,,,,,,,,,,,,,,,,,,,,,
cocktail-vhs-floor-sale-comedy,Cocktail,,VHS,Media > Videos,"Floor Sale, VHS, Comedy, Formatted",Genre,Comedy,shopify,1,deny,manual,5.00,33304826,,,,comedy,,,,,,,,,,,,,,,,,,,,,,,,,,,,,,,,,,,,,,,,
contact-vhs-floor-sale-sci-fi,Contact,,VHS,Media > Videos,"Floor Sale, VHS, Sci-Fi, Formatted",Genre,Sci-Fi,shopify,1,deny,manual,6.00,69078522,,,,sci-fi,,,,,,,,,,,,,,,,,,,,,,,,,,,,,,,,,,,,,,,,
contact-vhs-rental-sci-fi,Contact,,VHS,Media > Videos,"Rental, VHS, Sci-Fi, Formatted",Genre,Sci-Fi,shopify,1,deny,manual,0,78479866,,,,sci-fi,,,,,,,,,,,,,,,,,,,,,,,,,,,,,,,,,,,,,,,,
covert-action-vhs-floor-sale-action,Covert Action,,VHS,Media > Videos,"Floor Sale, VHS, Action, Formatted",Genre,Action,shopify,1,deny,manual,9.00,56642810,,,,action,,,,,,,,,,,,,,,,,,,,,,,,,,,,,,,,,,,,,,,,
crocodile-dundee-vhs-rental-comedy,Crocodile Dundee,,VHS,Media > Videos,"Rental, VHS, Comedy, Formatted",Genre,Comedy,shopify,1,deny,manual,0,80920314,,,,comedy,,,,,,,,,,,,,,,,,,,,,,,,,,,,,,,,,,,,,,,,
deep-cover-vhs-floor-sale-action,Deep Cover,,VHS,Media > Videos,"Floor Sale, VHS, Action, Formatted",Genre,Action,shopify,1,deny,manual,5.00,03913210,,,,action,,,,,,,,,,,,,,,,,,,,,,,,,,,,,,,,,,,,,,,,
delta-force-2-vhs-rental-action,Delta Force 2,,VHS,Media > Videos,"Rental, VHS, Action, Formatted",Genre,Action,shopify,1,deny,manual,0,79495674,,,,action,,,,,,,,,,,,,,,,,,,,,,,,,,,,,,,,,,,,,,,,
diner-vhs-floor-sale-drama,DINER,,VHS,Media > Videos,"Floor Sale, VHS, Drama, Formatted",Genre,Drama,shopify,1,deny,manual,7.00,96427770,,,,drama,,,,,,,,,,,,,,,,,,,,,,,,,,,,,,,,,,,,,,,,
do-the-right-thing-vhs-floor-sale-drama,Do the Right Thing,,VHS,Media > Videos,"Floor Sale, VHS, Drama, Formatted",Genre,Drama,shopify,1,deny,manual,10.00,17942522,,,,drama,,,,,,,,,,,,,,,,,,,,,,,,,,,,,,,,,,,,,,,,
double-edge-vhs-rental-action,Double Edge,,VHS,Media > Videos,"Rental, VHS, Action, Formatted",Genre,Action,shopify,1,deny,manual,0,81870586,,,,action,,,,,,,,,,,,,,,,,,,,,,,,,,,,,,,,,,,,,,,,
double-jeopardy-vhs-floor-sale-thriller,Double Jeopardy,,VHS,Media > Videos,"Floor Sale, VHS, Thriller, Formatted",Genre,Thriller,shopify,1,deny,manual,6.00,42083578,,,,thriller,,,,,,,,,,,,,,,,,,,,,,,,,,,,,,,,,,,,,,,,
dying-to-get-rich-susans-plan-vhs-floor-sale-comedy,Dying to Get Rich! Susan's Plan,,VHS,Media > Videos,"Floor Sale, VHS, Comedy, Formatted",Genre,Comedy,shopify,1,deny,manual,6.00,97836794,,,,comedy,,,,,,,,,,,,,,,,,,,,,,,,,,,,,,,,,,,,,,,,
envy-vhs-floor-sale-comedy,Envy,,VHS,Media > Videos,"Floor Sale, VHS, Comedy, Formatted",Genre,Comedy,shopify,1,deny,manual,8.00,97771258,,,,comedy,,,,,,,,,,,,,,,,,,,,,,,,,,,,,,,,,,,,,,,,
ever-after-vhs-rental-drama,Ever After,,VHS,Media > Videos,"Rental, VHS, Drama, Formatted",Genre,Drama,shopify,1,deny,manual,0,26627322,,,,drama,,,,,,,,,,,,,,,,,,,,,,,,,,,,,,,,,,,,,,,,
final-destination-vhs-floor-sale-horror,Final Destination,,VHS,Media > Videos,"Floor Sale, VHS, Horror, Formatted",Genre,Horror,shopify,1,deny,manual,9.00,34156794,,,,horror,,,,,,,,,,,,,,,,,,,,,,,,,,,,,,,,,,,,,,,,
ghost-sealed-vhs-floor-sale-drama,Ghost (Sealed),,VHS,Media > Videos,"Floor Sale, VHS, Drama, Formatted",Genre,Drama,shopify,1,deny,manual,11.00,14812666,,,,drama,,,,,,,,,,,,,,,,,,,,,,,,,,,,,,,,,,,,,,,,
hard-justice-vhs-floor-sale-action,Hard Justice,,VHS,Media > Videos,"Floor Sale, VHS, Action, Formatted",Genre,Action,shopify,1,deny,manual,10.00,18074874,,,,action,,,,,,,,,,,,,,,,,,,,,,,,,,,,,,,,,,,,,,,,
hard-justice-vhs-rental-action,Hard Justice,,VHS,Media > Videos,"Rental, VHS, Action, Formatted",Genre,Action,shopify,1,deny,manual,0,81608442,,,,action,,,,,,,,,,,,,,,,,,,,,,,,,,,,,,,,,,,,,,,,
hard-to-kill-vhs-floor-sale-action,Hard to Kill,,VHS,Media > Videos,"Floor Sale, VHS, Action, Formatted",Genre,Action,shopify,1,deny,manual,5.00,17419514,,,,action,,,,,,,,,,,,,,,,,,,,,,,,,,,,,,,,,,,,,,,,
harry-potter-and-the-sorcerers-stone-vhs-rental-kids-family,Harry Potter and the Sorcerer's Stone,,VHS,Media > Videos,"Rental, VHS, Kids & Family, Formatted",Genre,Kids & Family,shopify,1,deny,manual,0,26889466,,,,kids-family,,,,,,,,,,,,,,,,,,,,,,,,,,,,,,,,,,,,,,,,
harvey-vhs-floor-sale-comedy,Harvey,,VHS,Media > Videos,"Floor Sale, VHS, Comedy, Formatted",Genre,Comedy,shopify,1,deny,manual,7.00,33534202,,,,comedy,,,,,,,,,,,,,,,,,,,,,,,,,,,,,,,,,,,,,,,,
hearts-and-souls-vhs-floor-sale-comedy,Hearts and Souls,,VHS,Media > Videos,"Floor Sale, VHS, Comedy, Formatted",Genre,Comedy,shopify,1,deny,manual,6.00,33501434,,,,comedy,,,,,,,,,,,,,,,,,,,,,,,,,,,,,,,,,,,,,,,,
i-heart-huckabees-vhs-floor-sale-comedy,I Heart Huckabees,,VHS,Media > Videos,"Floor Sale, VHS, Comedy, Formatted",Genre,Comedy,shopify,1,deny,manual,7.00,32944378,,,,comedy,,,,,,,,,,,,,,,,,,,,,,,,,,,,,,,,,,,,,,,,
les-miserables-in-concert-vhs-rental-musical,Les Miserables in Concert,,VHS,Media > Videos,"Rental, VHS, Musical, Formatted",Genre,Musical,shopify,1,deny,manual,0,26594554,,,,musical,,,,,,,,,,,,,,,,,,,,,,,,,,,,,,,,,,,,,,,,
lost-in-space-vhs-floor-sale-sci-fi,Lost in Space,,VHS,Media > Videos,"Floor Sale, VHS, Sci-Fi, Formatted",Genre,Sci-Fi,shopify,1,deny,manual,5.00,97804026,,,,sci-fi,,,,,,,,,,,,,,,,,,,,,,,,,,,,,,,,,,,,,,,,
mary-kate-ashleys-school-dance-party-vhs-rental-kids-family,Mary Kate & Ashley's School Dance Party,,VHS,Media > Videos,"Rental, VHS, Kids & Family, Formatted",Genre,Kids & Family,shopify,1,deny,manual,0,26725626,,,,kids-family,,,,,,,,,,,,,,,,,,,,,,,,,,,,,,,,,,,,,,,,
mission-impossible-vhs-floor-sale-action,Mission Impossible,,VHS,Media > Videos,"Floor Sale, VHS, Action, Formatted",Genre,Action,shopify,1,deny,manual,6.00,98197242,,,,action,,,,,,,,,,,,,,,,,,,,,,,,,,,,,,,,,,,,,,,,
mission-impossible-vhs-rental-action,Mission Impossible,,VHS,Media > Videos,"Rental, VHS, Action, Formatted",Genre,Action,shopify,1,deny,manual,0,78676474,,,,action,,,,,,,,,,,,,,,,,,,,,,,,,,,,,,,,,,,,,,,,
morituri-vhs-rental-thriller,Morituri,,VHS,Media > Videos,"Rental, VHS, Thriller, Formatted",Genre,Thriller,shopify,1,deny,manual,0,81247994,,,,thriller,,,,,,,,,,,,,,,,,,,,,,,,,,,,,,,,,,,,,,,,
nothing-but-trouble-vhs-floor-sale-comedy,Nothing But Trouble,,VHS,Media > Videos,"Floor Sale, VHS, Comedy, Formatted",Genre,Comedy,shopify,1,deny,manual,9.00,56839418,,,,comedy,,,,,,,,,,,,,,,,,,,,,,,,,,,,,,,,,,,,,,,,
notorious-vhs-rental-thriller,Notorious,,VHS,Media > Videos,"Rental, VHS, Thriller, Formatted",Genre,Thriller,shopify,1,deny,manual,0,79266298,,,,thriller,,,,,,,,,,,,,,,,,,,,,,,,,,,,,,,,,,,,,,,,
old-school-vhs-floor-sale-comedy,Old School,,VHS,Media > Videos,"Floor Sale, VHS, Comedy, Formatted",Genre,Comedy,shopify,1,deny,manual,7.00,17713146,,,,comedy,,,,,,,,,,,,,,,,,,,,,,,,,,,,,,,,,,,,,,,,
outrage-vhs-rental-thriller,Outrage,,VHS,Media > Videos,"Rental, VHS, Thriller, Formatted",Genre,Thriller,shopify,1,deny,manual,0,80527098,,,,thriller,,,,,,,,,,,,,,,,,,,,,,,,,,,,,,,,,,,,,,,,
planet-of-the-apes-vhs-rental-sci-fi,Planet of the Apes,,VHS,Media > Videos,"Rental, VHS, Sci-Fi, Formatted",Genre,Sci-Fi,shopify,1,deny,manual,0,79331834,,,,sci-fi,,,,,,,,,,,,,,,,,,,,,,,,,,,,,,,,,,,,,,,,
pretty-woman-vhs-floor-sale-romantic-comedy,Pretty Woman,,VHS,Media > Videos,"Floor Sale, VHS, Romantic Comedy, Formatted",Genre,Romantic Comedy,shopify,1,deny,manual,7.00,69624570,,,,romantic-comedy,,,,,,,,,,,,,,,,,,,,,,,,,,,,,,,,,,,,,,,,
private-parts-vhs-floor-sale-comedy,Private Parts,,VHS,Media > Videos,"Floor Sale, VHS, Comedy, Formatted",Genre,Comedy,shopify,1,deny,manual,5.00,69493498,,,,comedy,,,,,,,,,,,,,,,,,,,,,,,,,,,,,,,,,,,,,,,,
ransom-vhs-floor-sale-thriller,Ransom,,VHS,Media > Videos,"Floor Sale, VHS, Thriller, Formatted",Genre,Thriller,shopify,1,deny,manual,5.00,69264122,,,,thriller,,,,,,,,,,,,,,,,,,,,,,,,,,,,,,,,,,,,,,,,
runaway-bride-vhs-rental-romantic-comedy,Runaway Bride,,VHS,Media > Videos,"Rental, VHS, Romantic Comedy, Formatted",Genre,Romantic Comedy,shopify,1,deny,manual,0,79364602,,,,romantic-comedy,,,,,,,,,,,,,,,,,,,,,,,,,,,,,,,,,,,,,,,,
rush-hour-vhs-floor-sale-comedy,Rush Hour,,VHS,Media > Videos,"Floor Sale, VHS, Comedy, Formatted",Genre,Comedy,shopify,1,deny,manual,6.00,69329658,,,,comedy,,,,,,,,,,,,,,,,,,,,,,,,,,,,,,,,,,,,,,,,
saw-vhs-floor-sale-horror,Saw,,VHS,Media > Videos,"Floor Sale, VHS, Horror, Formatted",Genre,Horror,shopify,1,deny,manual,25.00,68707066,,,,horror,,,,,,,,,,,,,,,,,,,,,,,,,,,,,,,,,,,,,,,,
scarface-vhs-floor-sale-drama,Scarface,,VHS,Media > Videos,"Floor Sale, VHS, Drama, Formatted",Genre,Drama,shopify,1,deny,manual,9.00,69001978,,,,drama,,,,,,,,,,,,,,,,,,,,,,,,,,,,,,,,,,,,,,,,
sister-act-vhs-floor-sale-comedy,Sister Act,,VHS,Media > Videos,"Floor Sale, VHS, Comedy, Formatted",Genre,Comedy,shopify,1,deny,manual,6.00,68870906,,,,comedy,,,,,,,,,,,,,,,,,,,,,,,,,,,,,,,,,,,,,,,,
sleepy-hollow-vhs-floor-sale-horror,Sleepy Hollow,,VHS,Media > Videos,"Floor Sale, VHS, Horror, Formatted",Genre,Horror,shopify,1,deny,manual,6.00,69100282,,,,horror,,,,,,,,,,,,,,,,,,,,,,,,,,,,,,,,,,,,,,,,
star-wars-return-of-the-jedi-vhs-floor-sale-sci-fi,Star Wars Return of the Jedi,,VHS,Media > Videos,"Floor Sale, VHS, Sci-Fi, Formatted",Genre,Sci-Fi,shopify,1,deny,manual,7.00,70050554,,,,sci-fi,,,,,,,,,,,,,,,,,,,,,,,,,,,,,,,,,,,,,,,,
star-wars-the-phantom-menace-vhs-floor-sale-sci-fi,Star Wars The Phantom Menace,,VHS,Media > Videos,"Floor Sale, VHS, Sci-Fi, Formatted",Genre,Sci-Fi,shopify,1,deny,manual,6.00,70017786,,,,sci-fi,,,,,,,,,,,,,,,,,,,,,,,,,,,,,,,,,,,,,,,,
starship-troopers-2-vhs-rental-sci-fi,Starship Troopers 2,,VHS,Media > Videos,"Rental, VHS, Sci-Fi, Formatted",Genre,Sci-Fi,shopify,1,deny,manual,0,78152186,,,,sci-fi,,,,,,,,,,,,,,,,,,,,,,,,,,,,,,,,,,,,,,,,
super-dragons-dynamo-vhs-floor-sale-action,Super Dragon's Dynamo,,VHS,Media > Videos,"Floor Sale, VHS, Action, Formatted",Genre,Action,shopify,1,deny,manual,7.00,56675578,,,,action,,,,,,,,,,,,,,,,,,,,,,,,,,,,,,,,,,,,,,,,
superman-ii-vhs-floor-sale-action,Superman II,,VHS,Media > Videos,"Floor Sale, VHS, Action, Formatted",Genre,Action,shopify,1,deny,manual,8.00,04699642,,,,action,,,,,,,,,,,,,,,,,,,,,,,,,,,,,,,,,,,,,,,,
superman-the-movie-vhs-floor-sale-action,Superman the Movie,,VHS,Media > Videos,"Floor Sale, VHS, Action, Formatted",Genre,Action,shopify,1,deny,manual,10.00,04666874,,,,action,,,,,,,,,,,,,,,,,,,,,,,,,,,,,,,,,,,,,,,,
sweet-dreams-vhs-rental-drama,Sweet Dreams,,VHS,Media > Videos,"Rental, VHS, Drama, Formatted",Genre,Drama,shopify,1,deny,manual,0,78873082,,,,drama,,,,,,,,,,,,,,,,,,,,,,,,,,,,,,,,,,,,,,,,
the-age-of-innocence-vhs-rental-drama,The Age of Innocence,,VHS,Media > Videos,"Rental, VHS, Drama, Formatted",Genre,Drama,shopify,1,deny,manual,0,78184954,,,,drama,,,,,,,,,,,,,,,,,,,,,,,,,,,,,,,,,,,,,,,,
the-beatles-a-hard-days-night-vhs-floor-sale-musical,"The Beatles ""A Hard Day's Night""",,VHS,Media > Videos,"Floor Sale, VHS, Musical, Formatted",Genre,Musical,shopify,1,deny,manual,12.00,17583354,,,,musical,,,,,,,,,,,,,,,,,,,,,,,,,,,,,,,,,,,,,,,,
the-best-years-of-our-lives-vhs-rental-drama,The Best Years of Our Lives,,VHS,Media > Videos,"Rental, VHS, Drama, Formatted",Genre,Drama,shopify,1,deny,manual,0,79069690,,,,drama,,,,,,,,,,,,,,,,,,,,,,,,,,,,,,,,,,,,,,,,
the-bourne-identity-1988-vhs-floor-sale-action,The Bourne Identity (1988),,VHS,Media > Videos,"Floor Sale, VHS, Action, Formatted",Genre,Action,shopify,1,deny,manual,10.00,68128250,,,,action,,,,,,,,,,,,,,,,,,,,,,,,,,,,,,,,,,,,,,,,
the-cradle-will-fall-vhs-floor-sale-thriller,The Cradle Will Fall,,VHS,Media > Videos,"Floor Sale, VHS, Thriller, Formatted",Genre,Thriller,shopify,1,deny,manual,18.00,04437498,,,,thriller,,,,,,,,,,,,,,,,,,,,,,,,,,,,,,,,,,,,,,,,
the-enforcer-vhs-rental-action,The Enforcer,,VHS,Media > Videos,"Rental, VHS, Action, Formatted",Genre,Action,shopify,1,deny,manual,0,78905850,,,,action,,,,,,,,,,,,,,,,,,,,,,,,,,,,,,,,,,,,,,,,
the-firm-vhs-floor-sale-drama,The Firm,,VHS,Media > Videos,"Floor Sale, VHS, Drama, Formatted",Genre,Drama,shopify,1,deny,manual,5.00,33370362,,,,drama,,,,,,,,,,,,,,,,,,,,,,,,,,,,,,,,,,,,,,,,
the-getaway-vhs-floor-sale-action,The Getaway,,VHS,Media > Videos,"Floor Sale, VHS, Action, Formatted",Genre,Action,shopify,1,deny,manual,6.00,56511738,,,,action,,,,,,,,,,,,,,,,,,,,,,,,,,,,,,,,,,,,,,,,
the-ladykillers-vhs-floor-sale-comedy,The Ladykillers,,VHS,Media > Videos,"Floor Sale, VHS, Comedy, Formatted",Genre,Comedy,shopify,1,deny,manual,5.00,56773882,,,,comedy,,,,,,,,,,,,,,,,,,,,,,,,,,,,,,,,,,,,,,,,
the-last-of-the-mohicans-vhs-rental-action,The Last of the Mohicans,,VHS,Media > Videos,"Rental, VHS, Action, Formatted",Genre,Action,shopify,1,deny,manual,0,78709242,,,,action,,,,,,,,,,,,,,,,,,,,,,,,,,,,,,,,,,,,,,,,
the-mighty-ducks-vhs-floor-sale-kids-family,The Mighty Ducks,,VHS,Media > Videos,"Floor Sale, VHS, Kids & Family, Formatted",Genre,Kids & Family,shopify,1,deny,manual,6.00,96460538,,,,kids-family,,,,,,,,,,,,,,,,,,,,,,,,,,,,,,,,,,,,,,,,
the-net-vhs-floor-sale-thriller,The Net,,VHS,Media > Videos,"Floor Sale, VHS, Thriller, Formatted",Genre,Thriller,shopify,1,deny,manual,5.00,17811450,,,,thriller,,,,,,,,,,,,,,,,,,,,,,,,,,,,,,,,,,,,,,,,
the-patriot-vhs-floor-sale-action,The Patriot,,VHS,Media > Videos,"Floor Sale, VHS, Action, Formatted",Genre,Action,shopify,1,deny,manual,6.00,69526266,,,,action,,,,,,,,,,,,,,,,,,,,,,,,,,,,,,,,,,,,,,,,
the-patriot-vhs-rental-action,The Patriot,,VHS,Media > Videos,"Rental, VHS, Action, Formatted",Genre,Action,shopify,1,deny,manual,0,79167994,,,,action,,,,,,,,,,,,,,,,,,,,,,,,,,,,,,,,,,,,,,,,
the-pledge-vhs-floor-sale-action,The Pledge,,VHS,Media > Videos,"Floor Sale, VHS, Action, Formatted",Genre,Action,shopify,1,deny,manual,5.00,17288442,,,,action,,,,,,,,,,,,,,,,,,,,,,,,,,,,,,,,,,,,,,,,
the-princess-bride-vhs-floor-sale-kdis-family,The Princess Diaries,,VHS,Media > Videos,"Floor Sale, VHS, Kids & Family, Formatted",Genre,Kids & Family,shopify,1,deny,manual,6.00,81963770,,,,kids-family,,,,,,,,,,,,,,,,,,,,,,,,,,,,,,,,,,,,,,,,
the-prophecy-3-vhs-floor-sale-horror,The Prophecy 3,,VHS,Media > Videos,"Floor Sale, VHS, Horror, Formatted",Genre,Horror,shopify,1,deny,manual,10.00,56872186,,,,horror,,,,,,,,,,,,,,,,,,,,,,,,,,,,,,,,,,,,,,,,
the-punisher-vhs-floor-sale-action,The Punisher,,VHS,Media > Videos,"Floor Sale, VHS, Action, Formatted",Genre,Action,shopify,1,deny,manual,12.00,17844218,,,,action,,,,,,,,,,,,,,,,,,,,,,,,,,,,,,,,,,,,,,,,
the-rescue-vhs-floor-sale-action,The Rescue,,VHS,Media > Videos,"Floor Sale, VHS, Action, Formatted",Genre,Action,shopify,1,deny,manual,5.00,03880442,,,,action,,,,,,,,,,,,,,,,,,,,,,,,,,,,,,,,,,,,,,,,
the-secret-garden-vhs-floor-sale-kdis-family,The Secret Garden,,VHS,Media > Videos,"Floor Sale, VHS, Kids & Family, Formatted",Genre,Kids & Family,shopify,1,deny,manual,8.00,82291450,,,,kids-family,,,,,,,,,,,,,,,,,,,,,,,,,,,,,,,,,,,,,,,,
the-squeeze-vhs-floor-sale-action,The Squeeze,,VHS,Media > Videos,"Floor Sale, VHS, Action, Formatted",Genre,Action,shopify,1,deny,manual,15.00,04339194,,,,action,,,,,,,,,,,,,,,,,,,,,,,,,,,,,,,,,,,,,,,,
the-thin-blue-line-vhs-rental-documentary,The Thin Blue Line,,VHS,Media > Videos,"Rental, VHS, Documentary, Formatted",Genre,Documentary,shopify,1,deny,manual,0,78086650,,,,documentary,,,,,,,,,,,,,,,,,,,,,,,,,,,,,,,,,,,,,,,,
the-village-vhs-floor-sale-horror,The Village,,VHS,Media > Videos,"Floor Sale, VHS, Horror, Formatted",Genre,Horror,shopify,1,deny,manual,7.00,33468666,,,,horror,,,,,,,,,,,,,,,,,,,,,,,,,,,,,,,,,,,,,,,,
tightrope-vhs-floor-sale-action,Tightrope,,VHS,Media > Videos,"Floor Sale, VHS, Action, Formatted",Genre,Action,shopify,1,deny,manual,9.00,17353978,,,,action,,,,,,,,,,,,,,,,,,,,,,,,,,,,,,,,,,,,,,,,
to-catch-of-thief-vhs-rental-action,To Catch of Thief,,VHS,Media > Videos,"Rental, VHS, Action, Formatted",Genre,Action,shopify,1,deny,manual,0,81084154,,,,action,,,,,,,,,,,,,,,,,,,,,,,,,,,,,,,,,,,,,,,,
trilogy-of-terror-vhs-floor-sale-kdis-family,Trilogy of Terror,,VHS,Media > Videos,"Floor Sale, VHS, Kids & Family, Formatted",Genre,Kids & Family,shopify,1,deny,manual,28.00,81636090,,,,kids-family,,,,,,,,,,,,,,,,,,,,,,,,,,,,,,,,,,,,,,,,
vertigo-vhs-floor-sale-drama,Vertigo,,VHS,Media > Videos,"Floor Sale, VHS, Drama, Formatted",Genre,Drama,shopify,1,deny,manual,5.00,17321210,,,,drama,,,,,,,,,,,,,,,,,,,,,,,,,,,,,,,,,,,,,,,,
wall-street-vhs-floor-sale-drama,Wall Street,,VHS,Media > Videos,"Floor Sale, VHS, Drama, Formatted",Genre,Drama,shopify,1,deny,manual,6.00,69012986,,,,drama,,,,,,,,,,,,,,,,,,,,,,,,,,,,,,,,,,,,,,,,
america,AMERICA,,VHS,Media > Videos,"Floor Sale, VHS, Comedy, Formatted",Genre,Comedy,shopify,1,deny,manual,13.00,191-AMEAME-50-001A,https://cdn.shopify.com/s/files/1/0671/0552/1726/files/0-1780420406853_8bddb861-57a3-4fbf-818d-40032c5b8179.jpg?v=1787925781,1,191-AMEAME-50-001A,comedy,,,,,,,,,,,,,,,,,,,,,,,,,,,,,,,,,,,,,,,,
american-gun-vhs-floor-sale-drama,American Gun,<p></p>,VHS,Media > Videos,"Floor Sale, VHS, Drama, Formatted",Genre,Drama,shopify,1,deny,manual,9.00,57883642,,,,drama,,,,,,,,,,,,,,,,,,,,,,,,,,,,,,,,,,,,,,,,
b-a-d-cats,B.A.D. Cats,"<p>Nick Donovan (Brauner) and Ocee James (Hanks) were two former race car drivers who joined the Los Angeles Police Department as part of the ""B.A.D. C.A.T."" Squad (a double acronym for ""Burglary Auto Detail–Commercial Auto Theft""). Using their superior driving skills, the two mainly saw fit to run the bad guys off the road rather than question them. Their superior, Captain Nathan (Vic Morrow) publicly chastised the two, but privately encouraged their ""loose cannon"" style. Officer Samantha Jensen (Pfeiffer) would occasionally lend a hand when a more feminine approach was called for. Also seen were Ma (LaWanda Page), who owned a bar which the boys frequented, and Rodney (Jimmie Walker), a former car thief trying to get on the straight and narrow.</p>",VHS,Media > Videos,"Floor Sale, VHS, Action, Formatted",Genre,Action,shopify,1,deny,manual,12.00,191-BDCBAD-50-001A,,,,action,,,,,,,,,,,,,,,,,,,,,,,,,,,,,,,,,,,,,,,,
beautiful-people-vhs-rental-drama,Beautiful People,<p></p>,VHS,Media > Videos,"Rental, VHS, Drama, Formatted",Genre,Drama,shopify,1,deny,manual,0,24471034,,,,drama,,,,,,,,,,,,,,,,,,,,,,,,,,,,,,,,,,,,,,,,
blind-justice-vhs-floor-sale-drama,Blind Justice,,VHS,Media > Videos,"Floor Sale, VHS, Drama, Formatted",Genre,Drama,shopify,1,deny,manual,6.00,81766138,,,,drama,,,,,,,,,,,,,,,,,,,,,,,,,,,,,,,,,,,,,,,,
boiler-room-vhs-rental-drama,Boiler Room,<p></p>,VHS,Media > Videos,"Rental, VHS, Drama, Formatted",Genre,Drama,shopify,1,deny,manual,0,24765946,,,,drama,,,,,,,,,,,,,,,,,,,,,,,,,,,,,,,,,,,,,,,,
boys-dont-cry-vhs-floor-sale-drama,Boys Don't Cry,,VHS,Media > Videos,"Floor Sale, VHS, Drama, Formatted",Genre,Drama,shopify,1,deny,manual,8.00,47629818,,,,drama,,,,,,,,,,,,,,,,,,,,,,,,,,,,,,,,,,,,,,,,
captain-corellis-vhs-floor-sale-drama,Captain Corelli's,<p></p>,VHS,Media > Videos,"Floor Sale, VHS, Drama, Formatted",Genre,Drama,shopify,1,deny,manual,6.00,85476858,,,,drama,,,,,,,,,,,,,,,,,,,,,,,,,,,,,,,,,,,,,,,,
cat-on-a-hot-tin-roof-vhs-floor-sale-drama,Cat on a Hot Tin Roof,<p></p>,VHS,Media > Videos,"Floor Sale, VHS, Drama, Formatted",Genre,Drama,shopify,1,deny,manual,7.00,71795962,,,,drama,,,,,,,,,,,,,,,,,,,,,,,,,,,,,,,,,,,,,,,,
cause-of-evidence-vhs-floor-sale-thriller,Cause of Death,<p></p>,VHS,Media > Videos,"Floor Sale, VHS, Thriller, Formatted",Genre,Thriller,shopify,1,deny,manual,7.00,72287482,,,,thriller,,,,,,,,,,,,,,,,,,,,,,,,,,,,,,,,,,,,,,,,
celebrity-vhs-floor-sale-comedy,Celebrity,<p></p>,VHS,Media > Videos,"Floor Sale, VHS, Comedy, Formatted",Genre,Comedy,shopify,1,deny,manual,7.00,70747386,,,,comedy,,,,,,,,,,,,,,,,,,,,,,,,,,,,,,,,,,,,,,,,
celebrity-vhs-rental-comedy,Celebrity,<p></p>,VHS,Media > Videos,"Rental, VHS, Comedy, Formatted",Genre,Comedy,shopify,1,deny,manual,0,24339962,,,,comedy,,,,,,,,,,,,,,,,,,,,,,,,,,,,,,,,,,,,,,,,
cement-vhs-rental-thriller,Cement,<p></p>,VHS,Media > Videos,"Rental, VHS, Thriller, Formatted",Genre,Thriller,shopify,1,deny,manual,0,25060858,,,,thriller,,,,,,,,,,,,,,,,,,,,,,,,,,,,,,,,,,,,,,,,
chain-of-command-vhs-rental-action,Chain of Command,<p></p>,VHS,Media > Videos,"Rental, VHS, Action, Formatted",Genre,Action,shopify,1,deny,manual,0,37436922,,,,action,,,,,,,,,,,,,,,,,,,,,,,,,,,,,,,,,,,,,,,,
champion-vhs-floor-sale-drama,Champion,<p></p>,VHS,Media > Videos,"Floor Sale, VHS, Drama, Formatted",Genre,Drama,shopify,1,deny,manual,8.00,57555962,,,,drama,,,,,,,,,,,,,,,,,,,,,,,,,,,,,,,,,,,,,,,,
charlottes-web-vhs-floor-sale-kids-family,Charlotte's Web,,VHS,Media > Videos,"Floor Sale, VHS, Kids & Family, Formatted",Genre,Kids & Family,shopify,1,deny,manual,5.00,47957498,,,,kids-family,,,,,,,,,,,,,,,,,,,,,,,,,,,,,,,,,,,,,,,,
checking-out-vhs-rental-comedy,Checking Out,<p></p>,VHS,Media > Videos,"Rental, VHS, Comedy, Formatted",Genre,Comedy,shopify,1,deny,manual,0,25224698,,,,comedy,,,,,,,,,,,,,,,,,,,,,,,,,,,,,,,,,,,,,,,,
choices-vhs-floor-sale-drama,Choices,<p></p>,VHS,Media > Videos,"Floor Sale, VHS, Drama, Formatted",Genre,Drama,shopify,1,deny,manual,5.00,58566394,,,,drama,,,,,,,,,,,,,,,,,,,,,,,,,,,,,,,,,,,,,,,,
circle-of-fear-vhs-rental-horror,Circle of fear,<p></p>,VHS,Media > Videos,"Rental, VHS, Horror, Formatted",Genre,Horror,shopify,1,deny,manual,0,00079610,,,,horror,,,,,,,,,,,,,,,,,,,,,,,,,,,,,,,,,,,,,,,,
clerks-vhs-floor-sale-comedy,Clerks,<p></p>,VHS,Media > Videos,"Floor Sale, VHS, Comedy, Formatted",Genre,Comedy,shopify,1,deny,manual,8.00,53241082,,,,comedy,,,,,,,,,,,,,,,,,,,,,,,,,,,,,,,,,,,,,,,,
code-name-dancer-vhs-rental-action,Code Name: Dancer,<p></p>,VHS,Media > Videos,"Rental, VHS, Action, Formatted",Genre,Action,shopify,1,deny,manual,0,76700410,,,,action,,,,,,,,,,,,,,,,,,,,,,,,,,,,,,,,,,,,,,,,
count-of-monte-cristo-vhs-rental-drama,Count of Monte Cristo,<p></p>,VHS,Media > Videos,"Rental, VHS, Drama, Formatted",Genre,Drama,shopify,1,deny,manual,0,69277690,,,,drama,,,,,,,,,,,,,,,,,,,,,,,,,,,,,,,,,,,,,,,,
cria-cuervos-dvd-rental-drama,Cria Cuervos,<p></p>,DVD,Media > Videos,"Rental, DVD, Drama, Formatted",Genre,Drama,shopify,1,deny,manual,0,48627962,,,,drama,,,,,,,,,,,,,,,,,,,,,,,,,,,,,,,,,,,,,,,,
cruel-intentions-vhs-floor-sale-drama,Cruel Intentions,<p></p>,VHS,Media > Videos,"Floor Sale, VHS, Drama, Formatted",Genre,Drama,shopify,1,deny,manual,10.00,58337018,,,,drama,,,,,,,,,,,,,,,,,,,,,,,,,,,,,,,,,,,,,,,,
dark-journey-vhs-rental-drama,Dark Journey,<p></p>,VHS,Media > Videos,"Rental, VHS, Drama, Formatted",Genre,Drama,shopify,1,deny,manual,0,03022586,,,,drama,,,,,,,,,,,,,,,,,,,,,,,,,,,,,,,,,,,,,,,,
deceived-vhs-rental-action,Deceived,<p></p>,VHS,Media > Videos,"Rental, VHS, Action, Formatted",Genre,Action,shopify,1,deny,manual,0,82778106,,,,action,,,,,,,,,,,,,,,,,,,,,,,,,,,,,,,,,,,,,,,,
dial-m-for-murder-vhs-floor-sale-thriller,Dial M for Murder,<p></p>,VHS,Media > Videos,"Floor Sale, VHS, Thriller, Formatted",Genre,Thriller,shopify,1,deny,manual,7.00,84723194,,,,thriller,,,,,,,,,,,,,,,,,,,,,,,,,,,,,,,,,,,,,,,,
double-edge-vhs-floor-sale-thriller,Double Edge,,VHS,Media > Videos,"Floor Sale, VHS, Thriller, Formatted",Genre,Thriller,shopify,1,deny,manual,5.00,81241850,,,,thriller,,,,,,,,,,,,,,,,,,,,,,,,,,,,,,,,,,,,,,,,
drum-vhs-rental-drama,Drum,<p></p>,VHS,Media > Videos,"Rental, VHS, Drama, Formatted",Genre,Drama,shopify,1,deny,manual,0,28860666,,,,drama,,,,,,,,,,,,,,,,,,,,,,,,,,,,,,,,,,,,,,,,
easyriders-vhs,Easyriders,,VHS,Media > Videos,"Rental, VHS, Drama, Formatted",Genre,Drama,shopify,1,deny,manual,0,13793786,,,,drama,,,,,,,,,,,,,,,,,,,,,,,,,,,,,,,,,,,,,,,,
europa-dvd-rental-drama,Europa,<p></p>,DVD,Media > Videos,"Rental, DVD, Drama, Formatted",Genre,Drama,shopify,1,deny,manual,0,45744378,,,,drama,,,,,,,,,,,,,,,,,,,,,,,,,,,,,,,,,,,,,,,,
fearless-dvd-rental-drama,Fearless,<p></p>,DVD,Media > Videos,"Rental, DVD, Drama, Formatted",Genre,Drama,shopify,1,deny,manual,0,50160122,,,,drama,,,,,,,,,,,,,,,,,,,,,,,,,,,,,,,,,,,,,,,,
gangster-world-vhs-rental-sci-fi,Gangster World,<p></p>,VHS,Media > Videos,"Rental, VHS, Sci-Fi, Formatted",Genre,Sci-Fi,shopify,1,deny,manual,0,55477498,,,,sci-fi,,,,,,,,,,,,,,,,,,,,,,,,,,,,,,,,,,,,,,,,
girls-in-prison-vhs-rental-drama,Girls in Prison,<p></p>,VHS,Media > Videos,"Rental, VHS, Drama, Formatted",Genre,Drama,shopify,1,deny,manual,0,29319418,,,,drama,,,,,,,,,,,,,,,,,,,,,,,,,,,,,,,,,,,,,,,,
glory-vhs-floor-sale-drama,Glory,,VHS,Media > Videos,"Floor Sale, VHS, Drama, Formatted",Genre,Drama,shopify,1,deny,manual,6.00,02124282,,,,drama,,,,,,,,,,,,,,,,,,,,,,,,,,,,,,,,,,,,,,,,
heart-vhs-floor-sale-drama,Heart,<p></p>,VHS,Media > Videos,"Floor Sale, VHS, Drama, Formatted",Genre,Drama,shopify,1,deny,manual,5.00,85640698,,,,drama,,,,,,,,,,,,,,,,,,,,,,,,,,,,,,,,,,,,,,,,
high-and-low-dvd-rental-thriller,High and Low,<p></p>,DVD,Media > Videos,"Rental, DVD, Thriller, Formatted",Genre,Thriller,shopify,1,deny,manual,0,50561274,,,,thriller,,,,,,,,,,,,,,,,,,,,,,,,,,,,,,,,,,,,,,,,
homework-dvd-rental-comedy,Homework,<p></p>,DVD,Media > Videos,"Rental, DVD, Comedy, Formatted",Genre,Comedy,shopify,1,deny,manual,0,50291194,,,,comedy,,,,,,,,,,,,,,,,,,,,,,,,,,,,,,,,,,,,,,,,
indictment-vhs-rental-drama,Indictment,<p></p>,VHS,Media > Videos,"Rental, VHS, Drama, Formatted",Genre,Drama,shopify,1,deny,manual,0,83007482,,,,drama,,,,,,,,,,,,,,,,,,,,,,,,,,,,,,,,,,,,,,,,
inferno-vhs-floor-sale-action,Inferno,<p></p>,VHS,Media > Videos,"Floor Sale, VHS, Action, Formatted",Genre,Action,shopify,1,deny,manual,5.00,59320058,,,,action,,,,,,,,,,,,,,,,,,,,,,,,,,,,,,,,,,,,,,,,
invasion-of-privacy-vhs-floor-sale-thriller,Invasion of Privacy,<p></p>,VHS,Media > Videos,"Floor Sale, VHS, Thriller, Formatted",Genre,Thriller,shopify,1,deny,manual,5.00,58828538,,,,thriller,,,,,,,,,,,,,,,,,,,,,,,,,,,,,,,,,,,,,,,,
joyeux-noel-dvd-rental-drama,Joyeux Noel,<p></p>,DVD,Media > Videos,"Rental, DVD, Drama, Formatted",Genre,Drama,shopify,1,deny,manual,0,50487802,,,,drama,,,,,,,,,,,,,,,,,,,,,,,,,,,,,,,,,,,,,,,,
la-femme-nikita-vhs-floor-sale-action,La Femme Nikita,,VHS,Media > Videos,"Floor Sale, VHS, Action, Formatted",Genre,Action,shopify,1,deny,manual,7.00,48023034,,,,action,,,,,,,,,,,,,,,,,,,,,,,,,,,,,,,,,,,,,,,,
love-kills-vhs-floor-sale-thriler,Love Kills,,VHS,Media > Videos,"Floor Sale, VHS, Thriller, Formatted",Genre,Thriller,shopify,1,deny,manual,6.00,00208890,,,,thriller,,,,,,,,,,,,,,,,,,,,,,,,,,,,,,,,,,,,,,,,
miss-julie-dvd-rental-drama,Miss Julie,<p></p>,DVD,Media > Videos,"Rental, DVD, Drama, Formatted",Genre,Drama,shopify,1,deny,manual,0,49479930,,,,drama,,,,,,,,,,,,,,,,,,,,,,,,,,,,,,,,,,,,,,,,
molly-vhs-rental-drama,Molly,<p></p>,VHS,Media > Videos,"Rental, VHS, Drama, Formatted",Genre,Drama,shopify,1,deny,manual,0,25290234,,,,drama,,,,,,,,,,,,,,,,,,,,,,,,,,,,,,,,,,,,,,,,
money-for-nothing-vhs-floor-sale-drama,Money for Nothing,<p></p>,VHS,Media > Videos,"Floor Sale, VHS, Drama, Formatted",Genre,Drama,shopify,1,deny,manual,8.00,57031674,,,,drama,,,,,,,,,,,,,,,,,,,,,,,,,,,,,,,,,,,,,,,,
mpd-psycho-dvd-floor-sale-thriller,MPD-PSYCHO,<p></p>,DVD,Media > Videos,"Floor Sale, DVD, Thriller, Formatted",Genre,Thriller,shopify,1,deny,manual,16.00,45268730,,,,thriller,,,,,,,,,,,,,,,,,,,,,,,,,,,,,,,,,,,,,,,,
night-buffalo-dvd-rental-foreign,Night Buffalo,<p></p>,DVD,Media > Videos,"Rental, DVD, Foreign, Formatted",Genre,Foreign,shopify,1,deny,manual,0,96370938,,,,foreign,,,,,,,,,,,,,,,,,,,,,,,,,,,,,,,,,,,,,,,,
nightfall-vhs-rental-sci-fi,Nightfall,<p></p>,VHS,Media > Videos,"Rental, VHS, Sci-Fi, Formatted",Genre,Sci-Fi,shopify,1,deny,manual,0,68991994,,,,sci-fi,,,,,,,,,,,,,,,,,,,,,,,,,,,,,,,,,,,,,,,,
no-way-out-vhs-rental-thriller,No Way Out,<p></p>,VHS,Media > Videos,"Rental, VHS, Thriller, Formatted",Genre,Thriller,shopify,1,deny,manual,0,69221370,,,,thriller,,,,,,,,,,,,,,,,,,,,,,,,,,,,,,,,,,,,,,,,
our-town-vhs,Our Town,,VHS,Media > Videos,"Rental, VHS, Drama, Formatted",Genre,Drama,shopify,1,deny,manual,0,15038970,,,,drama,,,,,,,,,,,,,,,,,,,,,,,,,,,,,,,,,,,,,,,,
plan-b-vhs-floor-sale-comedy,Plan B,<p></p>,VHS,Media > Videos,"Floor Sale, VHS, Comedy, Formatted",Genre,Comedy,shopify,1,deny,manual,12.00,57916410,,,,comedy,,,,,,,,,,,,,,,,,,,,,,,,,,,,,,,,,,,,,,,,
rage-vhs-rental-thriller,Rage,<p></p>,VHS,Media > Videos,"Rental, VHS, Thriller, Formatted",Genre,Thriller,shopify,1,deny,manual,0,28795130,,,,thriller,,,,,,,,,,,,,,,,,,,,,,,,,,,,,,,,,,,,,,,,
red-beard-dvd-rental-drama,Red Beard,<p></p>,DVD,Media > Videos,"Rental, DVD, Drama, Formatted",Genre,Drama,shopify,1,deny,manual,0,50430202,,,,drama,,,,,,,,,,,,,,,,,,,,,,,,,,,,,,,,,,,,,,,,
retribution-vhs,Retribution,,VHS,Media > Videos,"Rental, VHS, Drama, Formatted",Genre,Drama,shopify,1,deny,manual,0,12909050,,,,drama,,,,,,,,,,,,,,,,,,,,,,,,,,,,,,,,,,,,,,,,
revenge-vhs-rental-thriller,Revenge,<p></p>,VHS,Media > Videos,"Rental, VHS, Thriller, Formatted",Genre,Thriller,shopify,1,deny,manual,0,25519610,,,,thriller,,,,,,,,,,,,,,,,,,,,,,,,,,,,,,,,,,,,,,,,
rough-air-vhs-rental-action,Rough Air,<p></p>,VHS,Media > Videos,"Rental, VHS, Action, Formatted",Genre,Action,shopify,1,deny,manual,0,69057530,,,,action,,,,,,,,,,,,,,,,,,,,,,,,,,,,,,,,,,,,,,,,
september-vhs,September,,VHS,Media > Videos,"Rental, VHS, Drama, Formatted",Genre,Drama,shopify,1,deny,manual,0,13990394,,,,drama,,,,,,,,,,,,,,,,,,,,,,,,,,,,,,,,,,,,,,,,
shades-of-fear-vhs-floor-sale-thriller,Shades of Fear,<p></p>,VHS,Media > Videos,"Floor Sale, VHS, Thriller, Formatted",Genre,Thriller,shopify,1,deny,manual,5.00,59156218,,,,thriller,,,,,,,,,,,,,,,,,,,,,,,,,,,,,,,,,,,,,,,,
shattered-glass-vhs-floor-sale-drama,Shattered Glass,<p></p>,VHS,Media > Videos,"Floor Sale, VHS, Drama, Formatted",Genre,Drama,shopify,1,deny,manual,8.00,03602938,,,,drama,,,,,,,,,,,,,,,,,,,,,,,,,,,,,,,,,,,,,,,,
singles-vhs-floor-sale-romantic-comedy,Singles,<p></p>,VHS,Media > Videos,"Floor Sale, VHS, Romantic Comedy, Formatted",Genre,Romantic Comedy,shopify,1,deny,manual,7.00,84788730,,,,romantic-comedy,,,,,,,,,,,,,,,,,,,,,,,,,,,,,,,,,,,,,,,,
son-of-kong-vhs-rental-sci-fi,Son of Kong,<p></p>,VHS,Media > Videos,"Rental, VHS, Sci-Fi, Formatted",Genre,Sci-Fi,shopify,1,deny,manual,0,83335162,,,,sci-fi,,,,,,,,,,,,,,,,,,,,,,,,,,,,,,,,,,,,,,,,
speed-vhs-floor-sale-action,Speed,<p></p>,VHS,Media > Videos,"Floor Sale, VHS, Action, Formatted",Genre,Action,shopify,1,deny,manual,8.00,70321402,,,,action,,,,,,,,,,,,,,,,,,,,,,,,,,,,,,,,,,,,,,,,
stray-dog-dvd-rental-drama,Stray Dog,<p></p>,DVD,Media > Videos,"Rental, DVD, Drama, Formatted",Genre,Drama,shopify,1,deny,manual,0,49873146,,,,drama,,,,,,,,,,,,,,,,,,,,,,,,,,,,,,,,,,,,,,,,
summertime-dvd-rental-drama,Summertime,<p></p>,DVD,Media > Videos,"Rental, DVD, Drama, Formatted",Genre,Drama,shopify,1,deny,manual,0,48693498,,,,drama,,,,,,,,,,,,,,,,,,,,,,,,,,,,,,,,,,,,,,,,
surviving-christmas-vhs-floor-sale-holiday,Surviving Christmas,,VHS,Media > Videos,"Floor Sale, VHS, Holiday, Formatted",Genre,Holiday,shopify,1,deny,manual,5.00,47891962,,,,holiday,,,,,,,,,,,,,,,,,,,,,,,,,,,,,,,,,,,,,,,,
terror-from-under-the-house-dvd-rental-horror,Terror From Under The House,<p></p>,DVD,Media > Videos,"Rental, DVD, Horror, Formatted",Genre,Horror,shopify,1,deny,manual,0,94601466,,,,horror,,,,,,,,,,,,,,,,,,,,,,,,,,,,,,,,,,,,,,,,
the-boxer-vhs-floor-sale-drama,The Boxer,<p></p>,VHS,Media > Videos,"Floor Sale, VHS, Drama, Formatted",Genre,Drama,shopify,1,deny,manual,6.00,57621498,,,,drama,,,,,,,,,,,,,,,,,,,,,,,,,,,,,,,,,,,,,,,,
the-candidate-vhs-rental-drama,The Candidate,<p></p>,VHS,Media > Videos,"Rental, VHS, Drama, Formatted",Genre,Drama,shopify,1,deny,manual,0,25388538,,,,drama,,,,,,,,,,,,,,,,,,,,,,,,,,,,,,,,,,,,,,,,
the-cat-and-the-canary-vhs-floor-sale-horror,The Cat and the Canary,<p></p>,VHS,Media > Videos,"Floor Sale, VHS, Horror, Formatted",Genre,Horror,shopify,1,deny,manual,11.00,03930618,,,,horror,,,,,,,,,,,,,,,,,,,,,,,,,,,,,,,,,,,,,,,,
the-dead-one-dvd-rental-horror,The Dead One,<p></p>,DVD,Media > Videos,"Rental, DVD, Horror, Formatted",Genre,Horror,shopify,1,deny,manual,0,95879418,,,,horror,,,,,,,,,,,,,,,,,,,,,,,,,,,,,,,,,,,,,,,,
the-fly-vhs-floor-sale-horror,The Fly,<p></p>,VHS,Media > Videos,"Floor Sale, VHS, Horror, Formatted",Genre,Horror,shopify,1,deny,manual,10.00,70976762,,,,horror,,,,,,,,,,,,,,,,,,,,,,,,,,,,,,,,,,,,,,,,
the-four-feathers-vhs-floor-sale-drama,The Four Feathers,<p></p>,VHS,Media > Videos,"Floor Sale, VHS, Drama, Formatted",Genre,Drama,shopify,1,deny,manual,6.00,04073210,,,,drama,,,,,,,,,,,,,,,,,,,,,,,,,,,,,,,,,,,,,,,,
the-girl-in-the-picture-vhs-rental-drama,The Girl in the Picture,<p></p>,VHS,Media > Videos,"Rental, VHS, Drama, Formatted",Genre,Drama,shopify,1,deny,manual,0,17394170,,,,drama,,,,,,,,,,,,,,,,,,,,,,,,,,,,,,,,,,,,,,,,
the-hand-vhs-floor-sale-horror,The Hand,<p></p>,VHS,Media > Videos,"Floor Sale, VHS, Horror, Formatted",Genre,Horror,shopify,1,deny,manual,20.00,85673466,,,,horror,,,,,,,,,,,,,,,,,,,,,,,,,,,,,,,,,,,,,,,,
the-highwayman-vhs-rental-action,The Highwayman,<p></p>,VHS,Media > Videos,"Rental, VHS, Action, Formatted",Genre,Action,shopify,1,deny,manual,0,83400698,,,,action,,,,,,,,,,,,,,,,,,,,,,,,,,,,,,,,,,,,,,,,
the-island-of-dr-moreau-1978-vhs-floor-sale-horror,The Island of Dr. Moreau (1978),,VHS,Media > Videos,"Floor Sale, VHS, Horror, Formatted",Genre,Horror,shopify,1,deny,manual,7.00,48252410,,,,horror,,,,,,,,,,,,,,,,,,,,,,,,,,,,,,,,,,,,,,,,
the-last-metro-dvd-floor-sale-foreign,The Last Metro,<p></p>,DVD,Media > Videos,"Floor Sale, DVD, Foreign, Formatted",Genre,Foreign,shopify,1,deny,manual,13.00,45563642,,,,foreign,,,,,,,,,,,,,,,,,,,,,,,,,,,,,,,,,,,,,,,,
the-last-winter-vhs-rental-drama,The Last Winter,<p></p>,VHS,Media > Videos,"Rental, VHS, Drama, Formatted",Genre,Drama,shopify,1,deny,manual,0,17754618,,,,drama,,,,,,,,,,,,,,,,,,,,,,,,,,,,,,,,,,,,,,,,
the-negotiator-vhs-floor-sale-thriller,The Negotiator,,VHS,Media > Videos,"Floor Sale, VHS, Thriller, Formatted",Genre,Thriller,shopify,1,deny,manual,6.00,81897210,,,,thriller,,,,,,,,,,,,,,,,,,,,,,,,,,,,,,,,,,,,,,,,
the-order-dvd-rental-action,The Order,<p></p>,DVD,Media > Videos,"Rental, DVD, Action, Formatted",Genre,Action,shopify,1,deny,manual,0,49701370,,,,action,,,,,,,,,,,,,,,,,,,,,,,,,,,,,,,,,,,,,,,,
the-river-dvd-rental-drama,The River,<p></p>,DVD,Media > Videos,"Rental, DVD, Drama, Formatted",Genre,Drama,shopify,1,deny,manual,0,49742074,,,,drama,,,,,,,,,,,,,,,,,,,,,,,,,,,,,,,,,,,,,,,,
the-thief-of-bagdad-dvd-rental-drama,The Thief of Bagdad,<p></p>,DVD,Media > Videos,"Rental, DVD, Drama, Formatted",Genre,Drama,shopify,1,deny,manual,0,46072058,,,,drama,,,,,,,,,,,,,,,,,,,,,,,,,,,,,,,,,,,,,,,,
the-vanishing-vhs-floor-sale-thriller,The Vanishing,<p></p>,VHS,Media > Videos,"Floor Sale, VHS, Thriller, Formatted",Genre,Thriller,shopify,1,deny,manual,10.00,85706234,,,,thriller,,,,,,,,,,,,,,,,,,,,,,,,,,,,,,,,,,,,,,,,
thunderbolt-vhs-rental-action,Thunderbolt,<p></p>,VHS,Media > Videos,"Rental, VHS, Action, Formatted",Genre,Action,shopify,1,deny,manual,0,03448570,,,,action,,,,,,,,,,,,,,,,,,,,,,,,,,,,,,,,,,,,,,,,
trapped-dvd-rental-thriller,Trapped,<p></p>,DVD,Media > Videos,"Rental, DVD, Thriller, Formatted",Genre,Thriller,shopify,1,deny,manual,0,49734138,,,,thriller,,,,,,,,,,,,,,,,,,,,,,,,,,,,,,,,,,,,,,,,
twice-in-a-lifetime-vhs,Twice in a Lifetime,,VHS,Media > Videos,"Rental, VHS, Drama, Formatted",Genre,Drama,shopify,1,deny,manual,0,13597178,,,,drama,,,,,,,,,,,,,,,,,,,,,,,,,,,,,,,,,,,,,,,,
twisted-justice-dvd-rental-thriller,Twisted Justice,<p></p>,DVD,Media > Videos,"Rental, DVD, Thriller, Formatted",Genre,Thriller,shopify,1,deny,manual,0,51208698,,,,thriller,,,,,,,,,,,,,,,,,,,,,,,,,,,,,,,,,,,,,,,,
ultraviolet-vhs-rental-action,Ultraviolet,<p></p>,VHS,Media > Videos,"Rental, VHS, Action, Formatted",Genre,Action,shopify,1,deny,manual,0,37240314,,,,action,,,,,,,,,,,,,,,,,,,,,,,,,,,,,,,,,,,,,,,,
under-suspicion-vhs-floor-sale-thriller,Under Suspicion,,VHS,Media > Videos,"Floor Sale, VHS, Thriller, Formatted",Genre,Thriller,shopify,1,deny,manual,6.00,81372922,,,,thriller,,,,,,,,,,,,,,,,,,,,,,,,,,,,,,,,,,,,,,,,
unfaithfully-yours-dvd-rental-comedy,Unfaithfully Yours,<p></p>,DVD,Media > Videos,"Rental, DVD, Comedy, Formatted",Genre,Comedy,shopify,1,deny,manual,0,49807610,,,,comedy,,,,,,,,,,,,,,,,,,,,,,,,,,,,,,,,,,,,,,,,
universal-soldier-2-3-dvd-rental-action,Universal Soldier 2 | 3,<p></p>,DVD,Media > Videos,"Rental, DVD, Action, Formatted",Genre,Action,shopify,1,deny,manual,0,96796922,,,,action,,,,,,,,,,,,,,,,,,,,,,,,,,,,,,,,,,,,,,,,
universal-soldier-dvd-rental-action,Universal Soldier,<p></p>,DVD,Media > Videos,"Rental, DVD, Action, Formatted",Genre,Action,shopify,1,deny,manual,0,95781114,,,,action,,,,,,,,,,,,,,,,,,,,,,,,,,,,,,,,,,,,,,,,
war-bus-commando-vhs-floor-sale-action,War Bus Commando,<p></p>,VHS,Media > Videos,"Floor Sale, VHS, Action, Formatted",Genre,Action,shopify,1,deny,manual,19.00,04618746,,,,action,,,,,,,,,,,,,,,,,,,,,,,,,,,,,,,,,,,,,,,,
white-christmas-vhs-floor-sale-holiday,White Christmas,<p></p>,VHS,Media > Videos,"Floor Sale, VHS, Holiday, Formatted",Genre,Holiday,shopify,1,deny,manual,8.00,03439098,,,,holiday,,,,,,,,,,,,,,,,,,,,,,,,,,,,,,,,,,,,,,,,
wild-strawberries-dvd-rental-drama,Wild Strawberries,<p></p>,DVD,Media > Videos,"Rental, DVD, Drama, Formatted",Genre,Drama,shopify,1,deny,manual,0,50397434,,,,drama,,,,,,,,,,,,,,,,,,,,,,,,,,,,,,,,,,,,,,,,
zig-zag-vhs-rental-drama,Zig Zag,<p></p>,VHS,Media > Videos,"Rental, VHS, Drama, Formatted",Genre,Drama,shopify,1,deny,manual,0,66234362,,,,drama,,,,,,,,,,,,,,,,,,,,,,,,,,,,,,,,,,,,,,,,
born-innocent,Born Innocent,,VHS,Media > Videos,"Formatted, Rental, Thriller, VHS",Genre,Thriller,shopify,1,deny,manual,0.00,191-VHSBOR-001A,https://cdn.shopify.com/s/files/1/0671/0552/1726/files/0-1782258735537.jpg?v=1787925866,1,191-VHSBOR-001A,thriller,,true,,,,,,,,,0.0,,true,true,,,,,false,,,,,,,,,,,,,,,,,,lb,,,active
conspiracy,Conspiracy,,VHS,Media > Videos,"Formatted, Rental, Thriller, VHS",Genre,Thriller,shopify,1,deny,manual,0.00,191-VHSCNS-001A,https://cdn.shopify.com/s/files/1/0671/0552/1726/files/0-1782258567938.jpg?v=1787925870,1,191-VHSCNS-001A,thriller,,true,,,,,,,,,0.0,,true,true,,,,,false,,,,,,,,,,,,,,,,,,lb,,,active
rat-race,Rat Race,,VHS,Media > Videos,"Comedy, Formatted, Rental, VHS",Genre,Comedy,shopify,1,deny,manual,0.00,191-VHSRAT-001A,https://cdn.shopify.com/s/files/1/0671/0552/1726/files/0-1782258424494.jpg?v=1787925870,1,191-VHSRAT-001A,comedy,,true,,,,,,,,,0.0,,true,true,,,,,false,,,,,,,,,,,,,,,,,,lb,,,active
brass,Brass,,VHS,Media > Videos,"Formatted, Rental, Thriller, VHS",Genre,Thriller,shopify,1,deny,manual,0.00,191-VHSBRA-001A,https://cdn.shopify.com/s/files/1/0671/0552/1726/files/0-1782258419222.jpg?v=1787925871,1,191-VHSBRA-001A,thriller,,true,,,,,,,,,0.0,,true,true,,,,,false,,,,,,,,,,,,,,,,,,lb,,,active
nothing-to-lose,Nothing to Lose,,VHS,Media > Videos,"Comedy, Formatted, Rental, VHS",Genre,Comedy,shopify,1,deny,manual,0.00,191-VHSNOT-001A,https://cdn.shopify.com/s/files/1/0671/0552/1726/files/0-1782258248364.jpg?v=1787925872,1,191-VHSNOT-001A,comedy,,true,,,,,,,,,0.0,,true,true,,,,,false,,,,,,,,,,,,,,,,,,lb,,,active
midnight-strangers,Midnight Strangers,,VHS,Media > Videos,"Formatted, Rental, Thriller, VHS",Genre,Thriller,shopify,1,deny,manual,0.00,191-VHSMID-001A,https://cdn.shopify.com/s/files/1/0671/0552/1726/files/0-1782258149374_b74523bb-4df9-40a8-897a-ad12cd53a5e2.jpg?v=1787925873,1,191-VHSMID-001A,thriller,,true,,,,,,,,,0.0,,true,true,,,,,false,,,,,,,,,,,,,,,,,,lb,,,active
streetkill,Streetkill,,VHS,Media > Videos,"Drama, Formatted, Rental, VHS",Genre,Drama,shopify,1,deny,manual,0.00,191-VHSSTL-001A,https://cdn.shopify.com/s/files/1/0671/0552/1726/files/0-1782257856966.jpg?v=1787925876,1,191-VHSSTL-001A,drama,,true,,,,,,,,,0.0,,true,true,,,,,false,,,,,,,,,,,,,,,,,,lb,,,active
escape,Escape,,VHS,Media > Videos,"Action, Formatted, Rental, VHS",Genre,Action,shopify,1,deny,manual,0.00,191-VHSESC-001A,https://cdn.shopify.com/s/files/1/0671/0552/1726/files/0-1782257841368.jpg?v=1787925877,1,191-VHSESC-001A,action,,true,,,,,,,,,0.0,,true,true,,,,,false,,,,,,,,,,,,,,,,,,lb,,,active
memphis,Memphis,,VHS,Media > Videos,"Formatted, Rental, Thriller, VHS",Genre,Thriller,shopify,1,deny,manual,0.00,191-VHSMEM-001A,https://cdn.shopify.com/s/files/1/0671/0552/1726/files/0-1782258022100.jpg?v=1787925878,1,191-VHSMEM-001A,thriller,,true,,,,,,,,,0.0,,true,true,,,,,false,,,,,,,,,,,,,,,,,,lb,,,active
up-your-alley,Up Your Alley,,VHS,Media > Videos,"Comedy, Formatted, Rental, VHS",Genre,Comedy,shopify,1,deny,manual,0.00,191-VHSUPY-001A,https://cdn.shopify.com/s/files/1/0671/0552/1726/files/0-1782258302361.jpg?v=1787925879,1,191-VHSUPY-001A,comedy,,true,,,,,,,,,0.0,,true,true,,,,,false,,,,,,,,,,,,,,,,,,lb,,,active
when-a-man-loves-a-woman,When a Man Loves a Woman,,VHS,Media > Videos,"Drama, Formatted, Rental, VHS",Genre,Drama,shopify,1,deny,manual,0.00,191-VHSWHN-001A,https://cdn.shopify.com/s/files/1/0671/0552/1726/files/0-1782257679115_c8f2afc7-73ba-41e9-ae65-0d8309825075.jpg?v=1787925884,1,191-VHSWHN-001A,drama,,true,,,,,,,,,0.0,,true,true,,,,,false,,,,,,,,,,,,,,,,,,lb,,,active
center-stage,Center Stage,,VHS,Media > Videos,"Drama, Formatted, Rental, VHS",Genre,Drama,shopify,1,deny,manual,0.00,191-VHSCEN-001A,https://cdn.shopify.com/s/files/1/0671/0552/1726/files/0-1782255135853.jpg?v=1787925891,1,191-VHSCEN-001A,drama,,true,,,,,,,,,0.0,,true,true,,,,,false,,,,,,,,,,,,,,,,,,lb,,,active
miles-from-home,Miles From Home,,VHS,Media > Videos,"Drama, Formatted, Rental, VHS",Genre,Drama,shopify,1,deny,manual,0.00,191-VHSMIL-001A,https://cdn.shopify.com/s/files/1/0671/0552/1726/files/0-1782254937082.jpg?v=1787925893,1,191-VHSMIL-001A,drama,,true,,,,,,,,,0.0,,true,true,,,,,false,,,,,,,,,,,,,,,,,,lb,,,active
angels-in-the-outfield,Angels in the Outfield,,VHS,Media > Videos,"Formatted, Kids & Family, Rental, VHS",Genre,Kids & Family,shopify,1,deny,manual,0.00,191-VHSAN2-001A,https://cdn.shopify.com/s/files/1/0671/0552/1726/files/0-1782254825537.jpg?v=1787925895,1,191-VHSAN2-001A,kids-family,,true,,,,,,,,,0.0,,true,true,,,,,false,,,,,,,,,,,,,,,,,,lb,,,active
adventures-of-the-wilderness-family,Adventures of the Wilderness Family,,VHS,Media > Videos,"Formatted, Kids & Family, Rental, VHS",Genre,Kids & Family,shopify,1,deny,manual,0.00,191-VHSADV-001A,https://cdn.shopify.com/s/files/1/0671/0552/1726/files/0-1782254752788.jpg?v=1787925896,1,191-VHSADV-001A,kids-family,,true,,,,,,,,,0.0,,true,true,,,,,false,,,,,,,,,,,,,,,,,,lb,,,active
tragedy-of-flight-103,Tragedy of Flight 103,,VHS,Media > Videos,"Drama, Formatted, Rental, VHS",Genre,Drama,shopify,1,deny,manual,0.00,191-VHSTR3-001A,https://cdn.shopify.com/s/files/1/0671/0552/1726/files/0-1782254718245.jpg?v=1787925896,1,191-VHSTR3-001A,drama,,true,,,,,,,,,0.0,,true,true,,,,,false,,,,,,,,,,,,,,,,,,lb,,,active
monsignor,MONSIGNOR,,VHS,Media > Videos,"Drama, Formatted, Rental, VHS",Genre,Drama,shopify,1,deny,manual,0.00,191-VHSMNS-001A,https://cdn.shopify.com/s/files/1/0671/0552/1726/files/0-1782254636127.jpg?v=1787925897,1,191-VHSMNS-001A,drama,,true,,,,,,,,,0.0,,true,true,,,,,false,,,,,,,,,,,,,,,,,,lb,,,active
manhattan,Manhattan,,DVD,Media > Videos,"Comedy, DVD, Formatted, Rental",Genre,Comedy,shopify,1,deny,manual,0.00,191-DVDMAN-001A,https://cdn.shopify.com/s/files/1/0671/0552/1726/files/0-1782253380304.jpg?v=1787925901,1,191-DVDMAN-001A,comedy,,true,,,,,,,,,0.0,,true,true,,,,,false,,,,,,,,,,,,,,,,,,lb,,,active
shallows,Shallows,,4K,Media > Videos,"4K, Formatted, Rental, Thriller",Genre,Thriller,shopify,1,deny,manual,0.00,191-BLRSHA-001A,https://cdn.shopify.com/s/files/1/0671/0552/1726/files/0-1782253503079.jpg?v=1787925905,1,191-BLRSHA-001A,thriller,,true,,,,,,,,,0.0,,true,true,,,,,false,,,,,,,,,,,,,,,,,,lb,,,active
the-aviator,The Aviator,,DVD,Media > Videos,"Drama, DVD, Formatted, Rental",Genre,Drama,shopify,1,deny,manual,0.00,191-DVDTHV-001A,https://cdn.shopify.com/s/files/1/0671/0552/1726/files/0-1782253181547.jpg?v=1787925905,1,191-DVDTHV-001A,drama,,true,,,,,,,,,0.0,,true,true,,,,,false,,,,,,,,,,,,,,,,,,lb,,,active
bottle-rocket,Bottle Rocket,,DVD,Media > Videos,"Comedy, DVD, Formatted, Rental",Genre,Comedy,shopify,1,deny,manual,0.00,191-DVDBOT-001A,https://cdn.shopify.com/s/files/1/0671/0552/1726/files/0-1782252625281.jpg?v=1787925913,1,191-DVDBOT-001A,comedy,,true,,,,,,,,,0.0,,true,true,,,,,false,,,,,,,,,,,,,,,,,,lb,,,active
village-of-the-damned,Village of the Damned,,DVD,Media > Videos,"DVD, Formatted, Horror, Rental",Genre,Horror,shopify,1,deny,manual,0.00,191-DVDVIL-001A,https://cdn.shopify.com/s/files/1/0671/0552/1726/files/0-1782252419522.jpg?v=1787925915,1,191-DVDVIL-001A,horror,,true,,,,,,,,,0.0,,true,true,,,,,false,,,,,,,,,,,,,,,,,,lb,,,active
lifeboat,Lifeboat,,DVD,Media > Videos,"Drama, DVD, Formatted, Rental",Genre,Drama,shopify,1,deny,manual,0.00,191-DVDLFB-001A,https://cdn.shopify.com/s/files/1/0671/0552/1726/files/0-1782252436906.jpg?v=1787925915,1,191-DVDLFB-001A,drama,,true,,,,,,,,,0.0,,true,true,,,,,false,,,,,,,,,,,,,,,,,,lb,,,active
x2-x-men-united,X2: X-Men United,,DVD,Media > Videos,"Action, DVD, Formatted, Rental",Genre,Action,shopify,1,deny,manual,0.00,191-DVDX2X-001A,https://cdn.shopify.com/s/files/1/0671/0552/1726/files/0-1782252371544.jpg?v=1787925916,1,191-DVDX2X-001A,action,,true,,,,,,,,,0.0,,true,true,,,,,false,,,,,,,,,,,,,,,,,,lb,,,active
the-last-waltz,The Last Waltz,,Blu-Ray,Media > Videos,"Blu-Ray, Documentary, Formatted, Rental",Genre,Documentary,shopify,1,deny,manual,0.00,191-BLRTHZ-001A,https://cdn.shopify.com/s/files/1/0671/0552/1726/files/0-1782252020995.jpg?v=1787925921,1,191-BLRTHZ-001A,documentary,,true,,,,,,,,,0.0,,true,true,,,,,false,,,,,,,,,,,,,,,,,,lb,,,active
great-gatsby,Great Gatsby,,Blu-Ray,Media > Videos,"Blu-Ray, Drama, Formatted, Rental",Genre,Drama,shopify,1,deny,manual,0.00,191-BLRGRE-001A,https://cdn.shopify.com/s/files/1/0671/0552/1726/files/0-1782251652059.jpg?v=1787925922,1,191-BLRGRE-001A,drama,,true,,,,,,,,,0.0,,true,true,,,,,false,,,,,,,,,,,,,,,,,,lb,,,active
crow,Crow,,Blu-Ray,Media > Videos,"Action, Blu-Ray, Formatted, Rental",Genre,Action,shopify,1,deny,manual,0.00,191-BLRCRO-001A,https://cdn.shopify.com/s/files/1/0671/0552/1726/files/0-1782251585853.jpg?v=1787925923,1,191-BLRCRO-001A,action,,true,,,,,,,,,0.0,,true,true,,,,,false,,,,,,,,,,,,,,,,,,lb,,,active
6th-day,6th Day,,DVD,Media > Videos,"DVD, Formatted, Rental, Sci-Fi",Genre,Sci-Fi,shopify,1,deny,manual,0.00,191-DVD6TH-001A,https://cdn.shopify.com/s/files/1/0671/0552/1726/files/0-1782252103220.jpg?v=1787925924,1,191-DVD6TH-001A,sci-fi,,true,,,,,,,,,0.0,,true,true,,,,,false,,,,,,,,,,,,,,,,,,lb,,,active
chicago,Chicago,,DVD,Media > Videos,"DVD, Formatted, Musical, Rental",Genre,Musical,shopify,1,deny,manual,0.00,191-DVDCHI-001A,https://cdn.shopify.com/s/files/1/0671/0552/1726/files/0-1782251543713.jpg?v=1787925925,1,191-DVDCHI-001A,musical,,true,,,,,,,,,0.0,,true,true,,,,,false,,,,,,,,,,,,,,,,,,lb,,,active
the-break-up,The Break-Up,,DVD,Media > Videos,"Comedy, DVD, Formatted, Rental",Genre,Comedy,shopify,1,deny,manual,0.00,191-DVDTHP-001A,https://cdn.shopify.com/s/files/1/0671/0552/1726/files/0-1782251364589.jpg?v=1787925927,1,191-DVDTHP-001A,comedy,,true,,,,,,,,,0.0,,true,true,,,,,false,,,,,,,,,,,,,,,,,,lb,,,active
white-noise,White Noise,,DVD,Media > Videos,"DVD, Formatted, Rental, Thriller",Genre,Thriller,shopify,1,deny,manual,0.00,191-DVDWHI-001A,https://cdn.shopify.com/s/files/1/0671/0552/1726/files/0-1782251232362.jpg?v=1787925930,1,191-DVDWHI-001A,thriller,,true,,,,,,,,,0.0,,true,true,,,,,false,,,,,,,,,,,,,,,,,,lb,,,active
inferno,Inferno,,Blu-Ray,Media > Videos,"Action, Blu-Ray, Formatted, Rental",Genre,Action,shopify,1,deny,manual,0.00,191-BLRINF-001A,https://cdn.shopify.com/s/files/1/0671/0552/1726/files/0-1782251166841.jpg?v=1787925931,1,191-BLRINF-001A,action,,true,,,,,,,,,0.0,,true,true,,,,,false,,,,,,,,,,,,,,,,,,lb,,,active
murder-on-the-orient-express,Murder on the Orient Express,,Blu-Ray,Media > Videos,"Blu-Ray, Drama, Formatted, Rental",Genre,Drama,shopify,1,deny,manual,0.00,191-BLRMUR-001A,https://cdn.shopify.com/s/files/1/0671/0552/1726/files/0-1782250855641.jpg?v=1787925935,1,191-BLRMUR-001A,drama,,true,,,,,,,,,0.0,,true,true,,,,,false,,,,,,,,,,,,,,,,,,lb,,,active
federico-fellinis-8-1-2,Federico Fellini's 8 1/2,,DVD,Media > Videos,"Drama, DVD, Formatted, Rental",Genre,Drama,shopify,1,deny,manual,0.00,191-DVDFED-001A,https://cdn.shopify.com/s/files/1/0671/0552/1726/files/0-1782250366075.jpg?v=1787925938,1,191-DVDFED-001A,drama,,true,,,,,,,,,0.0,,true,true,,,,,false,,,,,,,,,,,,,,,,,,lb,,,active
amityville-horror,Amityville Horror,,Blu-Ray,Media > Videos,"Blu-Ray, Formatted, Horror, Rental",Genre,Horror,shopify,1,deny,manual,0.00,191-BLRAMI-001A,https://cdn.shopify.com/s/files/1/0671/0552/1726/files/0-1782250394992.jpg?v=1787925939,1,191-BLRAMI-001A,horror,,true,,,,,,,,,0.0,,true,true,,,,,false,,,,,,,,,,,,,,,,,,lb,,,active
the-fly,The Fly,,Blu-Ray,Media > Videos,"Blu-Ray, Formatted, Rental, Sci-Fi",Genre,Sci-Fi,shopify,1,deny,manual,0.00,191-BLRTHY-001A,https://cdn.shopify.com/s/files/1/0671/0552/1726/files/0-1782250238856.jpg?v=1787925941,1,191-BLRTHY-001A,sci-fi,,true,,,,,,,,,0.0,,true,true,,,,,false,,,,,,,,,,,,,,,,,,lb,,,active
federico-fellinis-amarcord,Federico Fellini's Amarcord,,DVD,Media > Videos,"Drama, DVD, Formatted, Rental",Genre,Drama,shopify,1,deny,manual,0.00,191-DVDFDR-001A,https://cdn.shopify.com/s/files/1/0671/0552/1726/files/0-1782250506293.jpg?v=1787925943,1,191-DVDFDR-001A,drama,,true,,,,,,,,,0.0,,true,true,,,,,false,,,,,,,,,,,,,,,,,,lb,,,active
the-grudge,The Grudge,,DVD,Media > Videos,"DVD, Formatted, Horror, Rental",Genre,Horror,shopify,1,deny,manual,0.00,191-DVDTHG-001A,https://cdn.shopify.com/s/files/1/0671/0552/1726/files/0-1782250029800.jpg?v=1787925945,1,191-DVDTHG-001A,horror,,true,,,,,,,,,0.0,,true,true,,,,,false,,,,,,,,,,,,,,,,,,lb,,,active
freaky-friday,Freaky Friday,,DVD,Media > Videos,"DVD, Formatted, Kids & Family, Rental",Genre,Kids & Family,shopify,1,deny,manual,0.00,191-DVDFRE-001A,https://cdn.shopify.com/s/files/1/0671/0552/1726/files/0-1782249696290.jpg?v=1787925949,1,191-DVDFRE-001A,kids-family,,true,,,,,,,,,0.0,,true,true,,,,,false,,,,,,,,,,,,,,,,,,lb,,,active
dennis-the-menace,Dennis the Menace,,DVD,Media > Videos,"DVD, Formatted, Kids & Family, Rental",Genre,Kids & Family,shopify,1,deny,manual,0.00,191-DVDDEN-001A,https://cdn.shopify.com/s/files/1/0671/0552/1726/files/0-1782249535237.jpg?v=1787925950,1,191-DVDDEN-001A,kids-family,,true,,,,,,,,,0.0,,true,true,,,,,false,,,,,,,,,,,,,,,,,,lb,,,active
angel-of-death,Angel of Death,,VHS,Media > Videos,"Action, Floor Sale, Formatted, VHS",Genre,Action,shopify,1,deny,manual,7.00,20400890,https://cdn.shopify.com/s/files/1/0671/0552/1726/files/wn6irNzAQA9IPdecYM319iMXHpo.jpg?v=1787925958,1,Angel of Death poster,action,,true,,,,,,,,,0.0,,true,true,,,,,false,,,,,,,,,,,,,,,,,,lb,,,active
mind-lies,Mind Lies,,VHS,Media > Videos,"Floor Sale, Formatted, Thriller, VHS",Genre,Thriller,shopify,1,deny,manual,7.00,25095674,https://cdn.shopify.com/s/files/1/0671/0552/1726/files/v2Avj6dJ2GOc6JJxlolJVfC5Nzv.jpg?v=1787925961,1,Mind Lies poster,thriller,,true,,,,,,,,,0.0,,true,true,,,,,false,,,,,,,,,,,,,,,,,,lb,,,active
assassination,Assassination,,VHS,Media > Videos,"Action, Floor Sale, Formatted, VHS",Genre,Action,shopify,1,deny,manual,4.00,191-VHSSSS-001A,https://cdn.shopify.com/s/files/1/0671/0552/1726/files/h4waWHgfIaqcFfMQ38aKDs6Pkw3.jpg?v=1787925964,1,Assassination poster,action,,false,,,,,,,,,0.0,,true,true,,,,,false,,,,,,,,,,,,,,,,,,lb,,,draft
life-is-beautiful,Life Is Beautiful,,VHS,Media > Videos,"Drama, Floor Sale, Formatted, VHS",Genre,Drama,shopify,1,deny,manual,4.00,191-VHSLIF-001A,https://cdn.shopify.com/s/files/1/0671/0552/1726/files/74hLDKjD5aGYOotO6esUVaeISa2.jpg?v=1787925972,1,Life Is Beautiful poster,drama,,false,,,,,,,,,0.0,,true,true,,,,,false,,,,,,,,,,,,,,,,,,lb,,,draft
lies,LIES,,VHS,Media > Videos,"Floor Sale, Formatted, Thriller, VHS",Genre,Thriller,shopify,1,deny,manual,22.00,191-VHSLIE-001A,https://cdn.shopify.com/s/files/1/0671/0552/1726/files/0-1781962671550.jpg?v=1787925976,1,191-VHSLIE-001A,thriller,,true,,,,,,,,,0.0,,true,true,,,,,false,,,,,,,,,,,,,,,,,,lb,,,active
little-women,Little Women,,VHS,Media > Videos,"Drama, Floor Sale, Formatted, VHS",Genre,Drama,shopify,1,deny,manual,6.00,191-VHSLTT-001A,https://cdn.shopify.com/s/files/1/0671/0552/1726/files/0-1781980649355.jpg?v=1787925979,1,191-VHSLTT-001A,drama,,true,,,,,,,,,0.0,,true,true,,,,,false,,,,,,,,,,,,,,,,,,lb,,,active
confession,Confession,,VHS,Media > Videos,"Drama, Formatted, Rental, VHS",Genre,Drama,shopify,1,deny,manual,0.00,191-VHSCON-001A,https://cdn.shopify.com/s/files/1/0671/0552/1726/files/0-1781907409387.jpg?v=1787925984,1,191-VHSCON-001A,drama,,true,,,,,,,,,0.0,,true,true,,,,,false,,,,,,,,,,,,,,,,,,lb,,,active
before-and-after,Before and After,,VHS,Media > Videos,"Drama, Floor Sale, Formatted, VHS",Genre,Drama,shopify,1,deny,manual,5.00,191-VHSBEF-001A,https://cdn.shopify.com/s/files/1/0671/0552/1726/files/oK8UKDrjFS14OFoihaQPfmmMOyI.jpg?v=1787925987,1,Before and After poster,drama,,false,,,,,,,,,0.0,,true,true,,,,,false,,,,,,,,,,,,,,,,,,lb,,,draft
american-women,American Women,,VHS,Media > Videos,"Comedy, Floor Sale, Formatted, VHS",Genre,Comedy,shopify,1,deny,manual,5.00,191-VHSAM3-001A,https://cdn.shopify.com/s/files/1/0671/0552/1726/files/0-1781876349122_830846e4-5268-45b0-96ef-8f0ec05a18c0.jpg?v=1787925997,1,191-VHSAM3-001A,comedy,,false,,,,,,,,,0.0,,true,true,,,,,false,,,,,,,,,,,,,,,,,,lb,,,active
alfie,Alfie,,VHS,Media > Videos,"Comedy, Formatted, Rental, VHS",Genre,Comedy,shopify,1,deny,manual,0.00,191-VHSALF-001A,https://cdn.shopify.com/s/files/1/0671/0552/1726/files/0-1781907236731.jpg?v=1787925998,1,191-VHSALF-001A,comedy,,true,,,,,,,,,0.0,,true,true,,,,,false,,,,,,,,,,,,,,,,,,lb,,,active
the-legend-of-sleepy-hollow,The Legend Of Sleepy Hollow,,VHS,Media > Videos,"Floor Sale, Formatted, Kids & Family, VHS",Genre,Kids & Family,shopify,1,deny,manual,5.00,191-VHSTHW-001A,https://cdn.shopify.com/s/files/1/0671/0552/1726/files/p0ppGslCWAVjjxuXCJIMCmnHKso.jpg?v=1787926008,1,The Legend Of Sleepy Hollow poster,kids-family,,false,,,,,,,,,0.0,,true,true,,,,,false,,,,,,,,,,,,,,,,,,lb,,,draft
volunteers,Volunteers,,VHS,Media > Videos,"Comedy, Floor Sale, Formatted, VHS",Genre,Comedy,shopify,1,deny,manual,5.00,191-VHSVOL-001A,https://cdn.shopify.com/s/files/1/0671/0552/1726/files/tua28Wyv9uGBtPTBGCP7GsN3Znu.jpg?v=1787926009,1,Volunteers poster,comedy,,false,,,,,,,,,0.0,,true,true,,,,,false,,,,,,,,,,,,,,,,,,lb,,,draft
three-fugitives,Three Fugitives,,VHS,Media > Videos,"Comedy, Floor Sale, Formatted, VHS",Genre,Comedy,shopify,1,deny,manual,5.00,191-VHSTH7-50-001A,https://cdn.shopify.com/s/files/1/0671/0552/1726/files/qUNgtb0LEkRcHGanKHO0B3JWsw9.jpg?v=1787926051,1,Three Fugitives poster,comedy,,false,,,,,,,,,0.0,,true,true,,,,,false,,,,,,,,,,,,,,,,,,lb,,,draft
off-the-wall,Off the Wall,,VHS,Media > Videos,"Comedy, Floor Sale, Formatted, VHS",Genre,Comedy,shopify,1,deny,manual,4.00,191-VHSOFF-50-001A,https://cdn.shopify.com/s/files/1/0671/0552/1726/files/1FTozh5DHciMvO3ZF0NFm5XlL07.jpg?v=1787926056,1,Off the Wall poster,comedy,,false,,,,,,,,,0.0,,true,true,,,,,false,,,,,,,,,,,,,,,,,,lb,,,draft
only-you,Only You,,VHS,Media > Videos,"Comedy, Floor Sale, Formatted, VHS",Genre,Comedy,shopify,1,deny,manual,5.00,191-VHSNLY-002A,https://cdn.shopify.com/s/files/1/0671/0552/1726/files/0-1781876429806.jpg?v=1787926056,1,191-VHSNLY-002A,comedy,,false,,,,,,,,,0.0,,true,true,,,,,false,,,,,,,,,,,,,,,,,,lb,,,draft
beverly-hills-chihuahua,Beverly Hills Chihuahua,,DVD,Media > Videos,"DVD, Formatted, Kids & Family, Rental",Genre,Kids & Family,shopify,1,deny,manual,0.00,191-DVDBEV-50-001A,https://cdn.shopify.com/s/files/1/0671/0552/1726/files/0-1781752822191.jpg?v=1787926063,1,191-DVDBEV-50-001A,kids-family,,true,,,,,,,,,0.0,,true,true,,,,,false,,,,,,,,,,,,,,,,,,lb,,,active
black-christmas,Black Christmas,,Blu-Ray,Media > Videos,"Action, Blu-Ray, Formatted, Rental",Genre,Action,shopify,1,deny,manual,0.00,191-BLRBLA-50-001A,https://cdn.shopify.com/s/files/1/0671/0552/1726/files/0-1781750816983.jpg?v=1787926073,1,191-BLRBLA-50-001A,action,,true,,,,,,,,,0.0,,true,true,,,,,false,,,,,,,,,,,,,,,,,,lb,,,active
kill-bill,Kill Bill,,4K,Media > Videos,"4K, Action, Formatted, Rental",Genre,Action,shopify,1,deny,manual,0.00,191-BLRKI2-50-001A,https://cdn.shopify.com/s/files/1/0671/0552/1726/files/0-1781749609133.jpg?v=1787926078,1,191-BLRKI2-50-001A,action,,true,,,,,,,,,0.0,,true,true,,,,,false,,,,,,,,,,,,,,,,,,lb,,,active
becky,Becky,,Blu-Ray,Media > Videos,"Action, Blu-Ray, Formatted, Rental",Genre,Action,shopify,1,deny,manual,0.00,191-BLRBEC-50-001A,https://cdn.shopify.com/s/files/1/0671/0552/1726/files/0-1781748716892_861ee490-16aa-42a6-8fd3-b501287799cd.jpg?v=1787926079,1,191-BLRBEC-50-001A,action,,true,,,,,,,,,0.0,,true,true,,,,,false,,,,,,,,,,,,,,,,,,lb,,,active
skyscraper,Skyscraper,,4K,Media > Videos,"4K, Action, Formatted, Rental",Genre,Action,shopify,1,deny,manual,0.00,191-BLRSKY-50-001A,https://cdn.shopify.com/s/files/1/0671/0552/1726/files/0-1781748262025.jpg?v=1787926081,1,191-BLRSKY-50-001A,action,,true,,,,,,,,,0.0,,true,true,,,,,false,,,,,,,,,,,,,,,,,,lb,,,active
13-assassins,13 Assassins,,Blu-Ray,Media > Videos,"Action, Blu-Ray, community-pick, Formatted, Rental",Genre,Action,shopify,1,deny,manual,0.00,191-BLR13A-50-001A,https://cdn.shopify.com/s/files/1/0671/0552/1726/files/0-1781745915602.jpg?v=1787926096,1,191-BLR13A-50-001A,action,,true,,,,,,,,,0.0,,true,true,,,,,false,,,,,,,,,,,,,,,,,,lb,,,active
speed,Speed,,Blu-Ray,Media > Videos,"Action, Blu-Ray, Formatted, Rental",Genre,Action,shopify,1,deny,manual,0.00,191-BLRSPD-50-001A,https://cdn.shopify.com/s/files/1/0671/0552/1726/files/0-1781736397687.jpg?v=1787926099,1,191-BLRSPD-50-001A,action,,true,,,,,,,,,0.0,,true,true,,,,,false,,,,,,,,,,,,,,,,,,lb,,,active
clerks,Clerks,,Blu-Ray,Media > Videos,"Blu-Ray, Comedy, Formatted, Rental",Genre,Comedy,shopify,1,deny,manual,0.00,191-BLRCLR-50-001A,https://cdn.shopify.com/s/files/1/0671/0552/1726/files/0-1781728707992.jpg?v=1787926103,1,191-BLRCLR-50-001A,comedy,,true,,,,,,,,,0.0,,true,true,,,,,false,,,,,,,,,,,,,,,,,,lb,,,active
where-the-wild-things-are,Where the Wild Things Are,,Blu-Ray,Media > Videos,"Blu-Ray, Formatted, Kids & Family, Rental",Genre,Kids & Family,shopify,1,deny,manual,0.00,191-BLRWHR-50-001A,https://cdn.shopify.com/s/files/1/0671/0552/1726/files/0-1781728390508.jpg?v=1787926105,1,191-BLRWHR-50-001A,kids-family,,true,,,,,,,,,0.0,,true,true,,,,,false,,,,,,,,,,,,,,,,,,lb,,,active
a-star-is-born,A Star Is Born,,Blu-Ray,Media > Videos,"Blu-Ray, Drama, Formatted, Rental",Genre,Drama,shopify,1,deny,manual,0.00,191-BLRAST-50-001A,https://cdn.shopify.com/s/files/1/0671/0552/1726/files/0-1781726676753.jpg?v=1787926107,1,191-BLRAST-50-001A,drama,,true,,,,,,,,,0.0,,true,true,,,,,false,,,,,,,,,,,,,,,,,,lb,,,active
crash,Crash,,Blu-Ray,Media > Videos,"Blu-Ray, Drama, Formatted, Rental",Genre,Drama,shopify,1,deny,manual,0.00,191-BLRCRA-50-001A,https://cdn.shopify.com/s/files/1/0671/0552/1726/files/0-1781726536434.jpg?v=1787926108,1,191-BLRCRA-50-001A,drama,,true,,,,,,,,,0.0,,true,true,,,,,false,,,,,,,,,,,,,,,,,,lb,,,active
babylon,Babylon,,Blu-Ray,Media > Videos,"Blu-Ray, Drama, Formatted, Rental",Genre,Drama,shopify,1,deny,manual,0.00,191-BLRBAB-50-001A,https://cdn.shopify.com/s/files/1/0671/0552/1726/files/0-1781726413920.jpg?v=1787926109,1,191-BLRBAB-50-001A,drama,,true,,,,,,,,,0.0,,true,true,,,,,false,,,,,,,,,,,,,,,,,,lb,,,active
where-the-is-santa,Where the #$&% is Santa?,,Blu-Ray,Media > Videos,"Blu-Ray, Comedy, Formatted, Rental",Genre,Comedy,shopify,1,deny,manual,0.00,191-BLRWHE-50-001A,https://cdn.shopify.com/s/files/1/0671/0552/1726/files/0-1781404650893.jpg?v=1787926114,1,191-BLRWHE-50-001A,comedy,,true,,,,,,,,,0.0,,true,true,,,,,false,,,,,,,,,,,,,,,,,,lb,,,active
ambulance-collectors-edition,Ambulance (Collector's Edition),,Blu-Ray,Media > Videos,"Action, Blu-Ray, Formatted, Rental",Genre,Action,shopify,1,deny,manual,0.00,191-BLRAMB-50-001A,https://cdn.shopify.com/s/files/1/0671/0552/1726/files/0-1781404450872.jpg?v=1787926114,1,191-BLRAMB-50-001A,action,,true,,,,,,,,,0.0,,true,true,,,,,false,,,,,,,,,,,,,,,,,,lb,,,active
rampage,Rampage,,4K,Media > Videos,"4K, Action, Formatted, Rental",Genre,Action,shopify,1,deny,manual,0.00,191-BLRRAM-50-001A,https://cdn.shopify.com/s/files/1/0671/0552/1726/files/0-1781404307844.jpg?v=1787926116,1,191-BLRRAM-50-001A,action,,true,,,,,,,,,0.0,,true,true,,,,,false,,,,,,,,,,,,,,,,,,lb,,,active
hit-run,Hit & Run,,Blu-Ray,Media > Videos,"Action, Blu-Ray, Formatted, Rental",Genre,Action,shopify,1,deny,manual,0.00,191-BLRHIT-50-001A,https://cdn.shopify.com/s/files/1/0671/0552/1726/files/0-1781404847357.jpg?v=1787926117,1,191-BLRHIT-50-001A,action,,true,,,,,,,,,0.0,,true,true,,,,,false,,,,,,,,,,,,,,,,,,lb,,,active
crimes-of-the-future,Crimes of the Future,,Blu-Ray,Media > Videos,"Action, Blu-Ray, Formatted, Rental",Genre,Action,shopify,1,deny,manual,0.00,191-BLRCRI-50-001A,https://cdn.shopify.com/s/files/1/0671/0552/1726/files/0-1781404176031_feafacde-d50c-4f4d-a8de-1cc7e7957fc1.jpg?v=1787925665,1,191-BLRCRI-50-001A,action,,true,,,,,,,,,0.0,,true,true,,,,,false,,,,,,,,,,,,,,,,,,lb,,,active
point-break,Point Break,,Blu-Ray,Media > Videos,"Action, Blu-Ray, Formatted, Rental",Genre,Action,shopify,1,deny,manual,0.00,191-BLRPOI-50-001A,https://cdn.shopify.com/s/files/1/0671/0552/1726/files/0-1781404057284_28f310b0-61b8-49c2-86b9-a2566a3f39df.jpg?v=1787925667,1,191-BLRPOI-50-001A,action,,true,,,,,,,,,0.0,,true,true,,,,,false,,,,,,,,,,,,,,,,,,lb,,,active
adams-rib,Adam's Rib,,DVD,Media > Videos,"Comedy, DVD, Formatted, Rental",Genre,Comedy,shopify,1,deny,manual,0.00,191-DVDADA-50-001A,https://cdn.shopify.com/s/files/1/0671/0552/1726/files/0-1781403092566.jpg?v=1787925672,1,191-DVDADA-50-001A,comedy,,true,,,,,,,,,0.0,,true,true,,,,,false,,,,,,,,,,,,,,,,,,lb,,,active
arsenic-and-old-lace,Arsenic and Old Lace,,DVD,Media > Videos,"Comedy, DVD, Formatted, Rental",Genre,Comedy,shopify,1,deny,manual,0.00,191-DVDARS-50-001A,https://cdn.shopify.com/s/files/1/0671/0552/1726/files/0-1781402438820.jpg?v=1787925683,1,191-DVDARS-50-001A,comedy,,true,,,,,,,,,0.0,,true,true,,,,,false,,,,,,,,,,,,,,,,,,lb,,,active
mirrors-unrated-special-edition,Mirrors (Unrated Special Edition),,Blu-Ray,Media > Videos,"Blu-Ray, Formatted, Horror, Rental",Genre,Horror,shopify,1,deny,manual,0.00,191-BLRMRR-50-001A,https://cdn.shopify.com/s/files/1/0671/0552/1726/files/0-1781397009423.jpg?v=1787925688,1,191-BLRMRR-50-001A,horror,,true,,,,,,,,,0.0,,true,true,,,,,false,,,,,,,,,,,,,,,,,,lb,,,active
talk-to-me,Talk to Me,,4K,Media > Videos,"4K, Formatted, Horror, Rental",Genre,Horror,shopify,1,deny,manual,0.00,191-BLRTLK-50-001A,https://cdn.shopify.com/s/files/1/0671/0552/1726/files/0-1781396904308.jpg?v=1787925689,1,191-BLRTLK-50-001A,horror,,true,,,,,,,,,0.0,,true,true,,,,,false,,,,,,,,,,,,,,,,,,lb,,,active
flesh-blood,Flesh + Blood,,Blu-Ray,Media > Videos,"Action, Blu-Ray, Formatted, Rental",Genre,Action,shopify,1,deny,manual,0.00,191-BLRFLE-50-001A,https://cdn.shopify.com/s/files/1/0671/0552/1726/files/0-1781396253164.jpg?v=1787925693,1,191-BLRFLE-50-001A,action,,true,,,,,,,,,0.0,,true,true,,,,,false,,,,,,,,,,,,,,,,,,lb,,,active
scala-or-the-incredibly-strange-rise-and-fall-of-the-worlds-wildest-cinema-and-how-it-influenced-a-mixed-up-generation-of-weirdos-and-misfits,"Scala!!! Or, the Incredibly Strange Rise and Fall of the World's Wildest Cinema and How It Influenced a Mixed-up Generation of Weirdos and Misfits",,Blu-Ray,Media > Videos,"Blu-Ray, Documentary, Formatted, Rental",Genre,Documentary,shopify,1,deny,manual,0.00,191-BLRSCA-50-001A,https://cdn.shopify.com/s/files/1/0671/0552/1726/files/0-1781396050250.jpg?v=1787925695,1,191-BLRSCA-50-001A,documentary,,true,,,,,,,,,0.0,,true,true,,,,,false,,,,,,,,,,,,,,,,,,lb,,,active
carrie,Carrie,,Blu-Ray,Media > Videos,"Blu-Ray, Formatted, Horror, Rental",Genre,Horror,shopify,1,deny,manual,0.00,191-BLRCAR-50-001A,https://cdn.shopify.com/s/files/1/0671/0552/1726/files/0-1781395979711.jpg?v=1787925696,1,191-BLRCAR-50-001A,horror,,true,,,,,,,,,0.0,,true,true,,,,,false,,,,,,,,,,,,,,,,,,lb,,,active
neighbors,Neighbors,,Blu-Ray,Media > Videos,"Blu-Ray, Comedy, Formatted, Rental",Genre,Comedy,shopify,1,deny,manual,0.00,191-BLRNES-50-001A,https://cdn.shopify.com/s/files/1/0671/0552/1726/files/0-1781378076085.jpg?v=1787925700,1,191-BLRNES-50-001A,comedy,,true,,,,,,,,,0.0,,true,true,,,,,false,,,,,,,,,,,,,,,,,,lb,,,active
super-troopers,Super Troopers,,Blu-Ray,Media > Videos,"Blu-Ray, Comedy, Formatted, Rental",Genre,Comedy,shopify,1,deny,manual,0.00,191-BLRSUP-50-001A,https://cdn.shopify.com/s/files/1/0671/0552/1726/files/0-1781377894552.jpg?v=1787925702,1,191-BLRSUP-50-001A,comedy,,true,,,,,,,,,0.0,,true,true,,,,,false,,,,,,,,,,,,,,,,,,lb,,,active
excision,Excision,,Blu-Ray,Media > Videos,"Blu-Ray, Formatted, Horror, Rental",Genre,Horror,shopify,1,deny,manual,0.00,191-BLREXC-50-001A,https://cdn.shopify.com/s/files/1/0671/0552/1726/files/0-1781315992874_f92cf45e-e9b6-4b46-9474-3573f0e0d7b5.jpg?v=1787925705,1,191-BLREXC-50-001A,horror,,true,,,,,,,,,0.0,,true,true,,,,,false,,,,,,,,,,,,,,,,,,lb,,,active
night-watch-day-watch,Night Watch / Day Watch,,Blu-Ray,Media > Videos,"Blu-Ray, Formatted, Horror, Rental",Genre,Horror,shopify,1,deny,manual,0.00,191-BLRNIG-50-001A,https://cdn.shopify.com/s/files/1/0671/0552/1726/files/0-1781315438995_0f6dffc6-4b7b-4e2d-b303-1a06ed115d49.jpg?v=1787925707,1,191-BLRNIG-50-001A,horror,,true,,,,,,,,,0.0,,true,true,,,,,false,,,,,,,,,,,,,,,,,,lb,,,active
prom-night,Prom Night,,Blu-Ray,Media > Videos,"Blu-Ray, Formatted, Horror, Rental",Genre,Horror,shopify,1,deny,manual,0.00,191-BLRPRO-50-001A,https://cdn.shopify.com/s/files/1/0671/0552/1726/files/0-1781295225168.jpg?v=1787925709,1,191-BLRPRO-50-001A,horror,,true,,,,,,,,,0.0,,true,true,,,,,false,,,,,,,,,,,,,,,,,,lb,,,active
the-forest,The Forest,,Blu-Ray,Media > Videos,"Blu-Ray, Formatted, Horror, Rental",Genre,Horror,shopify,1,deny,manual,0.00,191-BLRTHF-50-001A,https://cdn.shopify.com/s/files/1/0671/0552/1726/files/0-1781295156051.jpg?v=1787925709,1,191-BLRTHF-50-001A,horror,,true,,,,,,,,,0.0,,true,true,,,,,false,,,,,,,,,,,,,,,,,,lb,,,active
the-texas-chainsaw-massacre,The Texas Chainsaw Massacre,,Blu-Ray,Media > Videos,"Blu-Ray, Formatted, Horror, Rental",Genre,Horror,shopify,1,deny,manual,0.00,191-BLRTHT-50-001A,https://cdn.shopify.com/s/files/1/0671/0552/1726/files/0-1781294976552.jpg?v=1787925713,1,191-BLRTHT-50-001A,horror,,true,,,,,,,,,0.0,,true,true,,,,,false,,,,,,,,,,,,,,,,,,lb,,,active
francesca,Francesca,,Blu-Ray,Media > Videos,"Blu-Ray, Formatted, Horror, Rental",Genre,Horror,shopify,1,deny,manual,0.00,191-BLRFRA-50-001A,https://cdn.shopify.com/s/files/1/0671/0552/1726/files/0-1781294862258.jpg?v=1787925714,1,191-BLRFRA-50-001A,horror,,true,,,,,,,,,0.0,,true,true,,,,,false,,,,,,,,,,,,,,,,,,lb,,,active
the-stepfather-directors-cut,The Stepfather (Director's Cut),,Blu-Ray,Media > Videos,"Blu-Ray, Formatted, Horror, Rental",Genre,Horror,shopify,1,deny,manual,0.00,191-BLRTHS-50-001A,https://cdn.shopify.com/s/files/1/0671/0552/1726/files/0-1781294736626.jpg?v=1787925716,1,191-BLRTHS-50-001A,horror,,true,,,,,,,,,0.0,,true,true,,,,,false,,,,,,,,,,,,,,,,,,lb,,,active
chips,CHIPS,,Blu-Ray,Media > Videos,"Blu-Ray, Comedy, Formatted, Rental",Genre,Comedy,shopify,1,deny,manual,0.00,191-BLRCHI-50-001A,https://cdn.shopify.com/s/files/1/0671/0552/1726/files/0-1781293316750.jpg?v=1787925716,1,191-BLRCHI-50-001A,comedy,,true,,,,,,,,,0.0,,true,true,,,,,false,,,,,,,,,,,,,,,,,,lb,,,active
vacation,Vacation,,Blu-Ray,Media > Videos,"Blu-Ray, Comedy, Formatted, Rental",Genre,Comedy,shopify,1,deny,manual,0.00,191-BLRVAC-50-001A,https://cdn.shopify.com/s/files/1/0671/0552/1726/files/0-1781292399631.jpg?v=1787925723,1,191-BLRVAC-50-001A,comedy,,true,,,,,,,,,0.0,,true,true,,,,,false,,,,,,,,,,,,,,,,,,lb,,,active
neighbors-2,Neighbors 2,,Blu-Ray,Media > Videos,"Blu-Ray, Comedy, Formatted, Rental",Genre,Comedy,shopify,1,deny,manual,0.00,191-BLRNEI-50-001A,https://cdn.shopify.com/s/files/1/0671/0552/1726/files/0-1781292352319.jpg?v=1787925724,1,191-BLRNEI-50-001A,comedy,,true,,,,,,,,,0.0,,true,true,,,,,false,,,,,,,,,,,,,,,,,,lb,,,active
brothers,Brothers,,Blu-Ray,Media > Videos,"Blu-Ray, Drama, Formatted, Rental",Genre,Drama,shopify,1,deny,manual,0.00,191-BLRBRO-50-001A,https://cdn.shopify.com/s/files/1/0671/0552/1726/files/0-1781287820581.jpg?v=1787925727,1,191-BLRBRO-50-001A,drama,,true,,,,,,,,,0.0,,true,true,,,,,false,,,,,,,,,,,,,,,,,,lb,,,active
let-me-in,Let Me In,,Blu-Ray,Media > Videos,"Blu-Ray, Formatted, Horror, Rental",Genre,Horror,shopify,1,deny,manual,0.00,191-BLRLET-50-001A,https://cdn.shopify.com/s/files/1/0671/0552/1726/files/0-1781288930179.jpg?v=1787925729,1,191-BLRLET-50-001A,horror,,true,,,,,,,,,0.0,,true,true,,,,,false,,,,,,,,,,,,,,,,,,lb,,,active
the-wrestler,The Wrestler,,Blu-Ray,Media > Videos,"Blu-Ray, Drama, Formatted, Rental",Genre,Drama,shopify,1,deny,manual,0.00,191-BLRTHW-50-001A,https://cdn.shopify.com/s/files/1/0671/0552/1726/files/0-1781287770826.jpg?v=1787925732,1,191-BLRTHW-50-001A,drama,,true,,,,,,,,,0.0,,true,true,,,,,false,,,,,,,,,,,,,,,,,,lb,,,active
robin-hood-unrated-directors-cut,Robin Hood (Unrated Director's Cut),,Blu-Ray,Media > Videos,"Blu-Ray, Drama, Formatted, Rental",Genre,Drama,shopify,1,deny,manual,0.00,191-BLRROB-70-001A,https://cdn.shopify.com/s/files/1/0671/0552/1726/files/0-1781287596945.jpg?v=1787925734,1,191-BLRROB-70-001A,drama,,true,,,,,,,,,0.0,,true,true,,,,,false,,,,,,,,,,,,,,,,,,lb,,,active
the-assassination-of-jesse-james,The Assassination of Jesse James,,Blu-Ray,Media > Videos,"Blu-Ray, Drama, Formatted, Rental",Genre,Drama,shopify,1,deny,manual,0.00,191-BLRTHE-50-001A,https://cdn.shopify.com/s/files/1/0671/0552/1726/files/0-1781287460765.jpg?v=1787925736,1,191-BLRTHE-50-001A,drama,,true,,,,,,,,,0.0,,true,true,,,,,false,,,,,,,,,,,,,,,,,,lb,,,active
death-wish,Death Wish,,Blu-Ray,Media > Videos,"Action, Blu-Ray, Formatted, Rental",Genre,Action,shopify,1,deny,manual,0.00,191-BLRDEA-50-001A,https://cdn.shopify.com/s/files/1/0671/0552/1726/files/0-1781286325468.jpg?v=1787925738,1,191-BLRDEA-50-001A,action,,true,,,,,,,,,0.0,,true,true,,,,,false,,,,,,,,,,,,,,,,,,lb,,,active
wish-upon-a-star,Wish Upon A Star,,VHS,Media > Videos,"Floor Sale, Formatted, Kids & Family, VHS",Genre,Kids & Family,shopify,1,deny,manual,10.00,191-VHSWIS-50-002A,https://cdn.shopify.com/s/files/1/0671/0552/1726/files/5vgfcw4y4UVE2BUA4RTauUX62jQ.jpg?v=1787925749,1,Wish Upon A Star poster,kids-family,,false,,,,,,,,,0.0,,true,true,,,,,false,,,,,,,,,,,,,,,,,,lb,,,active
code-hunter,Code Hunter,,VHS,Media > Videos,"Formatted, Rental, Sci-Fi, VHS",Genre,Sci-Fi,shopify,1,deny,manual,0.00,191-VHSCOD-50-001A,https://cdn.shopify.com/s/files/1/0671/0552/1726/files/ikL9SG6Qv6Vni8y7WhuTjjeW6BG.jpg?v=1787925754,1,Code Hunter poster,sci-fi,,false,,,,,,,,,0.0,,true,true,,,,,false,,,,,,,,,,,,,,,,,,lb,,,active
american-pie-special-edition,AMERICAN PIE SPECIAL EDITION,,VHS,Media > Videos,"Comedy, Formatted, Rental, VHS",Genre,Comedy,shopify,1,deny,manual,0.00,191-VHSMRC-50-001A,https://cdn.shopify.com/s/files/1/0671/0552/1726/files/0-1780420834429.jpg?v=1787925779,1,191-VHSMRC-50-001A,comedy,,true,,,,,,,,,0.0,,true,true,,,,,false,,,,,,,,,,,,,,,,,,lb,,,active
anne-of-green-gables,Anne of Green Gables,,VHS,Media > Videos,"Floor Sale, Formatted, Kids & Family, VHS",Genre,Kids & Family,shopify,1,deny,manual,4.00,191-VHSNNF-50-001A,https://cdn.shopify.com/s/files/1/0671/0552/1726/files/0-1780419303069_27bbed0f-64cc-408f-8e16-819c20e48e40.jpg?v=1787925785,1,191-VHSNNF-50-001A,kids-family,,true,,,,,,,,,0.0,,true,true,,,,,false,,,,,,,,,,,,,,,,,,lb,,,active
amys-o,Amy's O,,VHS,Media > Videos,"Comedy, Formatted, Rental, VHS",Genre,Comedy,shopify,1,deny,manual,0.00,191-VHSAMY-50-001A,https://cdn.shopify.com/s/files/1/0671/0552/1726/files/0-1780417621440.jpg?v=1787925790,1,191-VHSAMY-50-001A,comedy,,true,,,,,,,,,0.0,,true,true,,,,,false,,,,,,,,,,,,,,,,,,lb,,,active
the-ascent,The Ascent,,VHS,Media > Videos,"Action, Floor Sale, Formatted, VHS",Genre,Action,shopify,1,deny,manual,3.00,191-VHSTH5-50-001A,https://cdn.shopify.com/s/files/1/0671/0552/1726/files/0-1780419948036.jpg?v=1787925796,1,191-VHSTH5-50-001A,action,,true,,,,,,,,,0.0,,true,true,,,,,false,,,,,,,,,,,,,,,,,,lb,,,active
dancing-in-the-dark,Dancing in the Dark,,VHS,Media > Videos,"Drama, Floor Sale, Formatted, VHS",Genre,Drama,shopify,1,deny,manual,5.00,191-VHSDAN-50-001A,https://cdn.shopify.com/s/files/1/0671/0552/1726/files/0-1780414937781.jpg?v=1787925799,1,191-VHSDAN-50-001A,drama,,true,,,,,,,,,0.0,,true,true,,,,,false,,,,,,,,,,,,,,,,,,lb,,,active
the-assignment,The Assignment,,VHS,Media > Videos,"Formatted, Rental, Thriller, VHS",Genre,Thriller,shopify,1,deny,manual,0.00,191-NKNTHE-50-001A,https://cdn.shopify.com/s/files/1/0671/0552/1726/files/3wx83iGCATiIAyrZHI6AeeNfiAT.jpg?v=1787925801,1,The Assignment poster,thriller,,false,,,,,,,,,0.0,,true,true,,,,,false,,,,,,,,,,,,,,,,,,lb,,,draft
anna-karenina,Anna Karenina,,VHS,Media > Videos,"Drama, Floor Sale, Formatted, VHS",Genre,Drama,shopify,1,deny,manual,8.00,191-VHSANN-50-001A,https://cdn.shopify.com/s/files/1/0671/0552/1726/files/b9mvt1kKqDuveD1AJuGSkBEuagU.jpg?v=1787925802,1,Anna Karenina poster,drama,,false,,,,,,,,,0.0,,true,true,,,,,false,,,,,,,,,,,,,,,,,,lb,,,draft
sunburn,Sunburn,,VHS,Media > Videos,"Comedy, Floor Sale, Formatted, VHS",Genre,Comedy,shopify,1,deny,manual,35.00,191-VHSSUN-002A,https://cdn.shopify.com/s/files/1/0671/0552/1726/files/0-1780185986514.jpg?v=1787925815,1,Sunburn poster,comedy,,true,,,,,,,,,0.0,,true,true,,,,,false,,,,,,,,,,,,,,,,,,lb,,,active
the-jerk,The Jerk,,VHS,Media > Videos,"Comedy, Floor Sale, Formatted, VHS",Genre,Comedy,shopify,1,deny,manual,9.00,191-VHSTHK-001A,https://cdn.shopify.com/s/files/1/0671/0552/1726/files/0-1780185627543.jpg?v=1787925817,1,The Jerk poster,comedy,,true,,,,,,,,,0.0,,true,true,,,,,false,,,,,,,,,,,,,,,,,,lb,,,active
twins,Twins,,VHS,Media > Videos,"Comedy, Floor Sale, Formatted, VHS",Genre,Comedy,shopify,1,deny,manual,6.00,191-MCATWI-002A,https://cdn.shopify.com/s/files/1/0671/0552/1726/files/0-1780185582182.jpg?v=1787925818,1,Twins poster,comedy,,true,,,,,,,,,0.0,,true,true,,,,,false,,,,,,,,,,,,,,,,,,lb,,,active
the-out-of-towners,The Out-of-Towners,,VHS,Media > Videos,"Comedy, Floor Sale, Formatted, VHS",Genre,Comedy,shopify,1,deny,manual,5.00,191-VHSTHT-001A,https://cdn.shopify.com/s/files/1/0671/0552/1726/files/wOmLJYh7oOfATE236XpoDfcXhOh.jpg?v=1787925820,1,The Out-of-Towners poster,comedy,,false,,,,,,,,,0.0,,true,true,,,,,false,,,,,,,,,,,,,,,,,,lb,,,draft
out-on-a-limb,Out on a Limb,,VHS,Media > Videos,"Comedy, Floor Sale, Formatted, VHS",Genre,Comedy,shopify,1,deny,manual,7.00,191-VHSTNL-001A,https://cdn.shopify.com/s/files/1/0671/0552/1726/files/0-1780185348624.jpg?v=1787925821,1,Out on a Limb poster,comedy,,true,,,,,,,,,0.0,,true,true,,,,,false,,,,,,,,,,,,,,,,,,lb,,,active
mr-nice-guy,MR. NICE GUY,,VHS,Media > Videos,"Comedy, Formatted, Rental, VHS",Genre,Comedy,shopify,1,deny,manual,0.00,191-VHSMRN-001A,https://cdn.shopify.com/s/files/1/0671/0552/1726/files/0-1780181330655.jpg?v=1787925824,1,MR. NICE GUY poster,comedy,,true,,,,,,,,,0.0,,true,true,,,,,false,,,,,,,,,,,,,,,,,,lb,,,active
my-boyfriends-back,My Boyfriend's Back,,VHS,Media > Videos,"Comedy, Floor Sale, Formatted, VHS",Genre,Comedy,shopify,1,deny,manual,5.00,191-VHSMYB-F-001A,https://cdn.shopify.com/s/files/1/0671/0552/1726/files/0-1780180538120.jpg?v=1787925827,1,My Boyfriend's Back poster,comedy,,true,,,,,,,,,0.0,,true,true,,,,,false,,,,,,,,,,,,,,,,,,lb,,,active
with-friends-like-these,With Friends Like These,,VHS,Media > Videos,"Comedy, Floor Sale, Formatted, VHS",Genre,Comedy,shopify,1,deny,manual,3.00,191-VHSWIT-F-001A,https://cdn.shopify.com/s/files/1/0671/0552/1726/files/0-1780178662065.jpg?v=1787925833,1,With Friends Like These poster,comedy,,true,,,,,,,,,0.0,,true,true,,,,,false,,,,,,,,,,,,,,,,,,lb,,,active
out-cold,Out Cold,,VHS,Media > Videos,"Comedy, Floor Sale, Formatted, VHS",Genre,Comedy,shopify,1,deny,manual,7.00,191-VHSOUT-F-001A,https://cdn.shopify.com/s/files/1/0671/0552/1726/files/0-1780177376283.jpg?v=1787925838,1,Out Cold poster,comedy,,true,,,,,,,,,0.0,,true,true,,,,,false,,,,,,,,,,,,,,,,,,lb,,,active
