Handle,Title,Body (HTML),Vendor,Product Category,Tags,Option1 Name,Option1 Value,Variant Inventory Tracker,Variant Inventory Qty,Variant Inventory Policy,Variant Fulfillment Service,Variant Price,Variant Barcode,Image Src,Image Position,Image Alt Text,Genre (product.metafields.shopify.genre)
paradise-alley-vhs-rental-drama,Paradise Alley,,VHS,Media > Videos,"Rental, VHS, Drama, Formatted",Genre,Drama,shopify,1,deny,manual,0,17361402,,,,drama
young-sherlock-holmes-vhs-rental-drama,Young Sherlock Holmes,"<p>Sherlock Holmes and Dr. Watson meet as boys in an English Boarding school. Holmes is known for his deductive ability even as a youth, amazing his classmates with his abilities. When they discover a plot to murder a series of British business men by an Egyptian cult, they move to stop it.</p>",VHS,Media > Videos,"Rental, VHS, Drama, Formatted",Genre,Drama,shopify,1,deny,manual,0,17263098,https://image.tmdb.org/t/p/w1280/aOxVYvQoAfNSns4hW5Ah55GBzgq.jpg,,Young Sherlock Holmes (1985) poster,drama
jagged-edge-vhs-rental-thriller,Jagged Edge,,VHS,Media > Videos,"Rental, VHS, Thriller, Formatted",Genre,Thriller,shopify,1,deny,manual,0,17230330,,,,thriller
great-balls-of-fire-vhs-rental-drama,Great Balls of Fire!,"<p>The story of Jerry Lee Lewis, arguably the greatest and certainly one of the wildest musicians of the 1950s. His arrogance, remarkable talent, and unconventional lifestyle often brought him into conflict with others in the industry, and even earned him the scorn and condemnation of the public.</p>",VHS,Media > Videos,"Rental, VHS, Drama, Formatted",Genre,Drama,shopify,1,deny,manual,0,17132026,https://image.tmdb.org/t/p/w1280/cb0zpDUnHBj8PxWQG5L96m3rxrk.jpg,,Great Balls of Fire! (1989) poster,drama
lovely-and-amazing-vhs-rental-drama,Lovely and Amazing,"<p>An intimate family portrait of four hapless but resilient women and the bittersweet lessons they learn in keeping up with the hectic demands of their individual neuroses. Each of the women seeks redemption in her own haphazard way, but whatever salvation they find is illusory and short-lived.</p>",VHS,Media > Videos,"Rental, VHS, Drama, Formatted",Genre,Drama,shopify,1,deny,manual,0,17033722,https://image.tmdb.org/t/p/w1280/4HZ7Y7N4KHapO5ylOY8BePQYC5X.jpg,,Lovely and Amazing (2002) poster,drama
heroes-of-the-heart-vhs-floor-sale-drama,Heroes of the Heart,,VHS,Media > Videos,"Floor Sale, VHS, Drama, Formatted",Genre,Drama,shopify,1,deny,manual,6.00,02681338,,,,drama
the-girl-in-blue-vhs-floor-sale-drama,The Girl in Blue,<p>A painting of a girl from another time comes to life for it's buyer in this costume comedy.</p>,VHS,Media > Videos,"Floor Sale, VHS, Drama, Formatted",Genre,Drama,shopify,1,deny,manual,6.00,02648570,https://image.tmdb.org/t/p/w1280/hpWDcgzB7iT6v4w8S4Q2sKUswlX.jpg,,The Girl in Blue (1940) poster,drama
the-hi-line-vhs-floor-sale-drama,The Hi-Line,"<p>A con man and a young woman travel across the country, first in search of a man he knows, and then in search of a woman she knows.</p>",VHS,Media > Videos,"Floor Sale, VHS, Drama, Formatted",Genre,Drama,shopify,1,deny,manual,8.00,02615802,https://image.tmdb.org/t/p/w1280/cWazRrXeuplDUC6NtngJR6UIyqB.jpg,,The Hi-Line (2000) poster,drama
its-the-rage-vhs-floor-sale-drama,It's the Rage,,VHS,Media > Videos,"Floor Sale, VHS, Drama, Formatted",Genre,Drama,shopify,1,deny,manual,6.00,02583034,,,,drama
communion-vhs-floor-sale-drama,Communion,,VHS,Media > Videos,"Floor Sale, VHS, Drama, Formatted",Genre,Drama,shopify,1,deny,manual,6.00,02550266,,,,drama
angelas-ashes-vhs-floor-sale-drama,Angela's Ashes,"<p>An Irish Catholic family returns to 1930s Limerick after a child's death in America. The unemployed I.R.A. veteran father struggles with poverty, prejudice, and alcoholism as the family endures harsh slum conditions.</p>",VHS,Media > Videos,"Floor Sale, VHS, Drama, Formatted",Genre,Drama,shopify,1,deny,manual,6.00,02386426,https://image.tmdb.org/t/p/w1280/3Zzcys11nAPP14sKW9l97fIHhkK.jpg,,Angela's Ashes (1999) poster,drama
last-orders-vhs-floor-sale-drama,Last Orders,,VHS,Media > Videos,"Floor Sale, VHS, Drama, Formatted",Genre,Drama,shopify,1,deny,manual,8.00,02353658,,,,drama
orson-welles-gost-story-vhs-floor-sale-documentary,Orson Welles' Gost Story,,VHS,Media > Videos,"Floor Sale, VHS, Documentary, Formatted",Genre,Documentary,shopify,1,deny,manual,8.00,02320890,,,,documentary
around-the-fire-vhs-floor-sale-drama,Around the Fire,"<p>Simon is an intelligent and privileged young man whose family expects him to become a Princeton graduate. Crying out for attention from his reserved and cool hearted family, Simon commits numerous petty crimes and is soon sent away to boarding school where he befriends a ""Deadhead,"" adopts the ""hippie"" lifestyle and dabbles in many drugs in his search for acceptance.</p>",VHS,Media > Videos,"Floor Sale, VHS, Drama, Formatted",Genre,Drama,shopify,1,deny,manual,10.00,02288122,https://image.tmdb.org/t/p/w1280/gn7LxcbCk5bvdtpHeXupLWGuIbD.jpg,,Around the Fire (1998) poster,drama
stacking-vhs-floor-sale-drama,Stacking,"<p>After her father is injured, a teenager and an alcoholic employee struggle to save their financially troubled farm in 1954 Montana.</p>",VHS,Media > Videos,"Floor Sale, VHS, Drama, Formatted",Genre,Drama,shopify,1,deny,manual,5.00,02255354,https://image.tmdb.org/t/p/w1280/kc9dMvHwioyDIF2XAmrF42RLXJp.jpg,,Stacking (1987) poster,drama
mandela-vhs-floor-sale-drama,Mandela,,VHS,Media > Videos,"Floor Sale, VHS, Drama, Formatted",Genre,Drama,shopify,1,deny,manual,8.00,02222586,,,,drama
sweet-dreams-vhs-floor-sale-drama,Sweet Dreams,,VHS,Media > Videos,"Floor Sale, VHS, Drama, Formatted",Genre,Drama,shopify,1,deny,manual,6.00,02189818,,,,drama
smooth-talk-vhs-floor-sale-drama,Smooth Talk,"<p>Connie, the fifteen-year-old black sheep of her family, finds her summertime idyll of beach trips, mall hangouts, and innocent flirtations shattered by an encounter with a mysterious stranger.</p>",VHS,Media > Videos,"Floor Sale, VHS, Drama, Formatted",Genre,Drama,shopify,1,deny,manual,12.00,02157050,https://image.tmdb.org/t/p/w1280/tPfGFKRXD0sVOGhwjxPHadTa8Y1.jpg,,Smooth Talk (1985) poster,drama
glory-vhs-floor-sale-drama,Glory,,VHS,Media > Videos,"Floor Sale, VHS, Drama, Formatted",Genre,Drama,shopify,1,deny,manual,6.00,02124282,,,,drama
sunset-strip-vhs-floor-sale-drama,Sunset Strip,,VHS,Media > Videos,"Floor Sale, VHS, Drama, Formatted",Genre,Drama,shopify,1,deny,manual,8.00,02091514,,,,drama
roger-dodger-vhs-floor-sale-comedy,Roger Dodger,"<p>A smooth-talking ad executive attributes his remarkable success with women to his ability to manipulate their emotions from the moment he first meets them. When his teenage nephew drops in for a visit, he soon learns that his approach isn't as foolproof as he thought when he attempts to teach the boy how to pick up women.</p>",VHS,Media > Videos,"Floor Sale, VHS, Comedy, Formatted",Genre,Comedy,shopify,1,deny,manual,10.00,02058746,https://image.tmdb.org/t/p/w1280/cGfo8maMxoI1W9qA8KcYA7sw10s.jpg,,Roger Dodger (2002) poster,comedy
forever-young-vhs-floor-sale-drama,Forever Young,,VHS,Media > Videos,"Floor Sale, VHS, Drama, Formatted",Genre,Drama,shopify,1,deny,manual,6.00,02025978,,,,drama
kissed-vhs-floor-sale-drama,Kissed,,VHS,Media > Videos,"Floor Sale, VHS, Drama, Formatted",Genre,Drama,shopify,1,deny,manual,8.00,01993210,,,,drama
in-the-name-of-the-father-vhs-floor-sale-drama,In the Name of the Father,,VHS,Media > Videos,"Floor Sale, VHS, Drama, Formatted",Genre,Drama,shopify,1,deny,manual,5.00,01960442,,,,drama
elvis-kissin-cousins-vhs-floor-sale-drama,Elvis Kissin' Cousins,,VHS,Media > Videos,"Floor Sale, VHS, Drama, Formatted",Genre,Drama,shopify,1,deny,manual,8.00,01927674,,,,drama
grandview-usa-vhs-floor-sale-drama,"Grandview, U.S.A.","<p>Life in the small town of Grandview, Illinois is one that is just like any other city or town. Tim Pearson, soon to be graduating high school wants to go to Florida to study oceanography. He meets Michelle ""Mike"" Cody and is attracted to her. She runs the local Demolition Derby place. Ernie ""Slam"" Webster is one of the drivers in the derby whose wife is cheating on him and wants to later on be with Mike. Tim falls for Mike and a big love triangle is about to happen.</p>",VHS,Media > Videos,"Floor Sale, VHS, Drama, Formatted",Genre,Drama,shopify,1,deny,manual,6.00,01894906,https://image.tmdb.org/t/p/w1280/zjwdW85VNLuNxAutlGRHtoY0srR.jpg,,"Grandview, U.S.A. (1984) poster",drama
kiss-the-sky-vhs-floor-sale-drama,Kiss the Sky,"<p>Two professionals, Jeff and Marty, take a business trip to the Philippines. Their deep dissatisfaction with their lives leads them to forsake their friends and families for a return to the alcohol and drug-induced wanderings of their youth.</p>",VHS,Media > Videos,"Floor Sale, VHS, Drama, Formatted",Genre,Drama,shopify,1,deny,manual,5.00,01862138,https://image.tmdb.org/t/p/w1280/jolAAbiPB9YPSCEwWzija1L24NT.jpg,,Kiss the Sky (1998) poster,drama
tombo-vhs-floor-sale-drama,Tombo,,VHS,Media > Videos,"Floor Sale, VHS, Drama, Formatted",Genre,Drama,shopify,1,deny,manual,10.00,01599994,,,,drama
ice-castles-vhs-floor-sale-drama,Ice Castles,,VHS,Media > Videos,"Floor Sale, VHS, Drama, Formatted",Genre,Drama,shopify,1,deny,manual,6.00,01108474,,,,drama
return-to-sender-vhs-floor-sale-drama,Return to Sender,,VHS,Media > Videos,"Floor Sale, VHS, Drama, Formatted",Genre,Drama,shopify,1,deny,manual,6.00,01075706,,,,drama
sardinia-kidnapped-vhs-floor-sale-foreign,Sardinia Kidnapped,"<p>Christina Fisher arrives in Sardinia to spend a holiday with her university friend, Francesco. As they are touring the island, they are trapped by mountain terrorists. Francesco is kidnapped, but Christina is permitted to leave. She is determined to contact the police, but is persuaded not to by Francesco's best friend, Gambino. Together they try to find the kidnappers, but she becomes suspicious of everyone including Gambino. Confused and paranoid, she sets out alone to contact the police.</p>",VHS,Media > Videos,"Floor Sale, VHS, Foreign, Formatted",Genre,Foreign,shopify,1,deny,manual,12.00,01042938,https://image.tmdb.org/t/p/w1280/5xcMLn03Acp5qGVQBA34AdtBLpz.jpg,,Sardinia Kidnapped (1968) poster,foreign
paris-trout-vhs-rental-drama,Paris Trout,"<p>Paris Trout is a vile Southern bigot. He owns a store and is a loanshark. He often sues people, and so his lawyer, Harry Seagraves, eventually meets Paris' wife Hannah. A former schoolteacher, she made the mistake of her life when she married Paris, who brutalizes her. Soon Paris goes beyond the overgenerous bounds of what a man in his position can get away with even in the segregated South, leading to a spiral of perverse insanity.</p>",VHS,Media > Videos,"Rental, VHS, Drama, Formatted",Genre,Drama,shopify,1,deny,manual,0,86076922,https://image.tmdb.org/t/p/w1280/boLdI99ZK1jmtJyaVnHPDoxacyG.jpg,,Paris Trout (1991) poster,drama
point-of-impact-vhs-rental-action,Point of Impact,"<p>Jack Davis is a tough, outspoken cop who finds himself wrongly accused for the death of a fellow agent by the depraved and power hungry chief of Miami Customs, Martin Cullen. Disgraced and dismissed, Jack swears revenge and goes to work for Roberto Largo, a rich, evil Cuban crime boss, as bodyguard for his smoldering wife, Eva. Jack knows Largo is connected to his old boss Cullen and is determined to learn the secret that will bring him down. Trapped in a deadly game of cat and mouse, held captive by his passionate affair with Eva, Jack must figure out the significance of the mysterious Spanish Rose to survive.</p>",VHS,Media > Videos,"Rental, VHS, Action, Formatted",Genre,Action,shopify,1,deny,manual,0,85978618,https://image.tmdb.org/t/p/w1280/qhgNQoByYSkkXJY4Zea3Ils5qUA.jpg,,Point of Impact (1993) poster,action
desert-heat-vhs-rental-action,Desert Heat,,VHS,Media > Videos,"Rental, VHS, Action, Formatted",Genre,Action,shopify,1,deny,manual,0,85880314,,,,action
summer-lovers-vhs-rental-romantic-comedy,Summer Lovers,"<p>Michael Pappas and his girlfriend, Cathy, are enjoying the white sand beaches of a Greek island as well as the freewheeling nature of the locals. When Michael meets Lina, who is in Greece from Paris doing archaeological work, he is enamored with the beautiful foreigner. Cathy, unhappy about Lina getting close to Michael, confronts the woman -- only to be unexpectedly wooed by her charms as well.</p>",VHS,Media > Videos,"Rental, VHS, Romantic Comedy, Formatted",Genre,Romantic Comedy,shopify,1,deny,manual,0,85814778,https://image.tmdb.org/t/p/w1280/94Q5xC4MrSzpyO9x4kYG8yR4DnF.jpg,,Summer Lovers (1982) poster,romantic-comedy
caught-up-vhs-rental-action,Caught Up,"<p>Daryl gets out of jail after 5 years. His mother has died, his girlfriend is married, and he can't find a job. His new girlfriend Vanessa, whom he meets when a gunman opens fire on them, gets him a job as a car driver. Hitmen are still after them, and Vanessa tells Daryl that this is her former lover Ahmad who wants revenge.</p>",VHS,Media > Videos,"Rental, VHS, Action, Formatted",Genre,Action,shopify,1,deny,manual,0,85749242,https://image.tmdb.org/t/p/w1280/cRfULxRff9v6VWgqBFIXTFVqkzr.jpg,,Caught Up (1998) poster,action
sworn-to-justice-vhs-rental-action,Sworn to Justice,"<p>After masked attackers kill her sister and young nephew, a female psychologist takes the law into her own hands by acting as a defense witness by day and a ruthless avenger by night.</p>",VHS,Media > Videos,"Rental, VHS, Action, Formatted",Genre,Action,shopify,1,deny,manual,0,85683706,https://image.tmdb.org/t/p/w1280/2SoAdpYgAjrq1rQ4sZFEHMKwpgc.jpg,,Sworn to Justice (1996) poster,action
lily-in-love-vhs-rental-romantic-comedy,Lily in Love,"<p>Insulted when his screenwriter wife writes a leading role for a younger man, aging Broadway idol Fitz Wynn disguises himself as a handsome young Italian.</p>",VHS,Media > Videos,"Rental, VHS, Romantic Comedy, Formatted",Genre,Romantic Comedy,shopify,1,deny,manual,0,85618170,https://image.tmdb.org/t/p/w1280/tLCKgrn9QXiekQ47CMg2vmgi5Yx.jpg,,Lily in Love (1984) poster,romantic-comedy
beautiful-dreamers-vhs-rental-drama,Beautiful Dreamers,"<p>When the superintendent of the Canadian insane asylum, Dr. Maurice Bucke, meets poet Walt Whitman, his life and that of his wife and patients is radically changed. Like Dr. Bucke, Whitman has avant-garde ideas on the subject of mental illness. ""Dreamers"" is based on true events. Dr. Bucke became an important biographer of Walt Whitman.</p>",VHS,Media > Videos,"Rental, VHS, Drama, Formatted",Genre,Drama,shopify,1,deny,manual,0,85487098,https://image.tmdb.org/t/p/w1280/7wSZiJ0BofQQDW2C8Umrune8LES.jpg,,Beautiful Dreamers (1990) poster,drama
rich-and-famous-vhs-rental-drama,Rich and Famous,,VHS,Media > Videos,"Rental, VHS, Drama, Formatted",Genre,Drama,shopify,1,deny,manual,0,85421562,,,,drama
something-borrowed-bluray-rental-romantic-comedy,Something Borrowed,,Blu-Ray,Media > Videos,"Rental, Blu-Ray, Romantic Comedy, Formatted",Genre,Romantic Comedy,shopify,1,deny,manual,0,85356026,,,,romantic-comedy
the-last-innocent-man-vhs-rental-thriller,The Last Innocent Man,<p>A retired criminal lawyer is persuaded to take on one more case and becomes involved with his client's wife.</p>,VHS,Media > Videos,"Rental, VHS, Thriller, Formatted",Genre,Thriller,shopify,1,deny,manual,0,85290490,https://image.tmdb.org/t/p/w1280/ji4K8yZZU06ovhFkXCQUVaBKXhd.jpg,,The Last Innocent Man (1987) poster,thriller
ulees-gold-vhs-rental-drama,Ulee's Gold,"<p>Third-generation Florida beekeeper Ulee Jackson may have gotten out of Vietnam alive, but he left a part of himself behind. Now he methodically tends his bees, carefully provides for his two grandchildren and keeps his emotions at bay. But when a long-buried secret threatens Ulee's business and family, he is forced to break through his emotional walls and confront the terror of his wounded spirit.</p>",VHS,Media > Videos,"Rental, VHS, Drama, Formatted",Genre,Drama,shopify,1,deny,manual,0,85192186,https://image.tmdb.org/t/p/w1280/wMpZ7U7A0QHJptR9L573V3Y7SI0.jpg,,Ulee's Gold (1997) poster,drama
dangerous-beauty-vhs-rental-drama,Dangerous Beauty,,VHS,Media > Videos,"Rental, VHS, Drama, Formatted",Genre,Drama,shopify,1,deny,manual,0,85126650,,,,drama
the-rookie-vhs-rental-kids-family,The Rookie,,VHS,Media > Videos,"Rental, VHS, Kids & Family, Formatted",Genre,Kids & Family,shopify,1,deny,manual,0,85028346,,,,kids-family
claudia-vhs-rental-thriller,Claudia,,VHS,Media > Videos,"Rental, VHS, Thriller, Formatted",Genre,Thriller,shopify,1,deny,manual,0,84930042,,,,thriller
tricks-of-the-trade-vhs-rental-comedy,Tricks of the Trade,,VHS,Media > Videos,"Rental, VHS, Comedy, Formatted",Genre,Comedy,shopify,1,deny,manual,0,84864506,,,,comedy
beautiful-joe-vhs-rental-comedy,Beautiful Joe,"<p>A bad girl becomes a con artist, gets into trouble with the mob and taps a nice-guy florist for help.</p>",VHS,Media > Videos,"Rental, VHS, Comedy, Formatted",Genre,Comedy,shopify,1,deny,manual,0,84798970,https://image.tmdb.org/t/p/w1280/112w8czibDADH2Pnqg7Ez1aR4Kf.jpg,,Beautiful Joe (2000) poster,comedy
slaughter-of-the-innocents-vhs-rental-action,Slaughter of the Innocents,"<p>A seasoned FBI Agent's child-genius son assists him on catching a child-killer, a schizophrenic mohab nut who believes he's been chosen by god to be a new Noah.</p>",VHS,Media > Videos,"Rental, VHS, Action, Formatted",Genre,Action,shopify,1,deny,manual,0,84733434,https://image.tmdb.org/t/p/w1280/pUyIUwRsGaku48LpPWVNyylp9bh.jpg,,Slaughter of the Innocents (1993) poster,action
dangerous-love-vhs-floor-sale-thriller,Dangerous Love,,VHS,Media > Videos,"Floor Sale, VHS, Thriller, Formatted",Genre,Thriller,shopify,1,deny,manual,30.00,01928698,,,,thriller
summer-lovers-vhs-floor-sale-romantic-comedy,Summer Lovers,"<p>Michael Pappas and his girlfriend, Cathy, are enjoying the white sand beaches of a Greek island as well as the freewheeling nature of the locals. When Michael meets Lina, who is in Greece from Paris doing archaeological work, he is enamored with the beautiful foreigner. Cathy, unhappy about Lina getting close to Michael, confronts the woman -- only to be unexpectedly wooed by her charms as well.</p>",VHS,Media > Videos,"Floor Sale, VHS, Romantic Comedy, Formatted",Genre,Romantic Comedy,shopify,1,deny,manual,6.00,01895930,https://image.tmdb.org/t/p/w1280/94Q5xC4MrSzpyO9x4kYG8yR4DnF.jpg,,Summer Lovers (1982) poster,romantic-comedy
dancer-in-the-dark-vhs-floor-sale-drama,Dancer in the Dark,"<p>Selma, a Czech immigrant on the verge of blindness, struggles to make ends meet for herself and her son, who has inherited the same genetic disorder and will suffer the same fate without an expensive operation. When life gets too difficult, Selma learns to cope through her love of musicals, dreaming up little numbers to the rhythmic beats of her surroundings.</p>",VHS,Media > Videos,"Floor Sale, VHS, Drama, Formatted",Genre,Drama,shopify,1,deny,manual,18.00,01863162,https://image.tmdb.org/t/p/w1280/pWzOfTJRZHPNO1VNrMnNFqRcJwg.jpg,,Dancer in the Dark (2000) poster,drama
normans-awesom-experience-vhs-floor-sale-sci-fi,Norman's Awesom Experience,,VHS,Media > Videos,"Floor Sale, VHS, Sci-Fi, Formatted",Genre,Sci-Fi,shopify,1,deny,manual,18.00,01830394,,,,sci-fi
dancer-texas-vhs-floor-sale-drama,"Dancer, Texas",,VHS,Media > Videos,"Floor Sale, VHS, Drama, Formatted",Genre,Drama,shopify,1,deny,manual,7.00,01797626,,,,drama
universal-soldier-ii-brothers-in-arms-vhs-floor-sale-sci-fi,Universal Soldier II: Brothers in Arms,"<p>With the UniSol program budget cut by the government, a gang of mercenaries takes control of the new line of Universal Soldiers for their own nefarious ends. In doing so, they clash with Luc Deveraux, survivor of the first incident with the UniSols, alongside his long-lost and newly-resurrected brother Eric and reporter Veronica Roberts.</p>",VHS,Media > Videos,"Floor Sale, VHS, Sci-Fi, Formatted",Genre,Sci-Fi,shopify,1,deny,manual,10.00,01764858,https://image.tmdb.org/t/p/w1280/tOI7BWFf16QXViDOXnT2h5BCBW5.jpg,,Universal Soldier II: Brothers in Arms (1998) poster,sci-fi
nate-and-hayes-vhs-floor-sale-action,Nate and Hayes,"<p>Nathaniel Williamsen is taken to an island mission with his fiancee Sophie. Their ship, the Rona, is captained by the roguish Bully Hayes, who also takes a liking to Sophie. When Sophie is kidnapped by slave trader Ben Pease ""Nate"" teams with Hayes in order to find her.</p>",VHS,Media > Videos,"Floor Sale, VHS, Action, Formatted",Genre,Action,shopify,1,deny,manual,10.00,01699322,https://image.tmdb.org/t/p/w1280/hdDrNP08oWGfbETiYKZ622PdQMm.jpg,,Nate and Hayes (1983) poster,action
uncle-buck-vhs-floor-sale-kids-family,Uncle Buck,"<p>Buck Russell, a lovable but slovenly bachelor, suddenly becomes the temporary caretaker of his nephew and nieces after a family emergency. His freewheeling attitude soon causes tension with his older niece Tia, loyal girlfriend Chanice, and just about everyone else who crosses his path.</p>",VHS,Media > Videos,"Floor Sale, VHS, Kids & Family, Formatted",Genre,Kids & Family,shopify,1,deny,manual,6.00,01666554,https://image.tmdb.org/t/p/w1280/euWPWqpujKQg2KnfBUVkBSZ6kf4.jpg,,Uncle Buck (1989) poster,kids-family
traveller-vhs-floor-sale-drama,Traveller,,VHS,Media > Videos,"Floor Sale, VHS, Drama, Formatted",Genre,Drama,shopify,1,deny,manual,5.00,01633786,,,,drama
my-tutot-vhs-floor-sale-comedy,My Tutot,,VHS,Media > Videos,"Floor Sale, VHS, Comedy, Formatted",Genre,Comedy,shopify,1,deny,manual,7.00,01601018,,,,comedy
the-new-guy-vhs-floor-sale-comedy,The New Guy,"<p>Nerdy high school senior Dizzy Harrison has finally gotten lucky -- after purposely getting expelled, he takes lessons in 'badass cool' from a convict and enrolls at a new school. But can he keep up the ruse?</p>",VHS,Media > Videos,"Floor Sale, VHS, Comedy, Formatted",Genre,Comedy,shopify,1,deny,manual,6.00,01568250,https://image.tmdb.org/t/p/w1280/aekXSzkn3zry6aummMl7AU4rSa8.jpg,,The New Guy (2002) poster,comedy
obsession-a-taste-for-fear-vhs-floor-sale-horror,Obsession: A Taste for Fear,"<p>A photographer's model is found murdered, sparking a police investigation that targets her ex-boyfriend. As more models die and murder videos surface, the true identity of the killer becomes uncertain.</p>",VHS,Media > Videos,"Floor Sale, VHS, Horror, Formatted",Genre,Horror,shopify,1,deny,manual,15.00,01535482,https://image.tmdb.org/t/p/w1280/hO5sHD7uGaFt49zgwAtSroGGqs5.jpg,,Obsession: A Taste for Fear (1988) poster,horror
stoogemania-vhs-rental-comedy,StoogeMania,"<p>The film centers on Howard F. Howard, an overweight everyman. Engaged to Beverly, the woman of his dreams, Howard has one problem - an overactive fixation with The Three Stooges. Everywhere Howard goes, he sees Moe, Larry, Curly, and Shemp intruding on his life. Determined to overcome his fixation, Howard and Beverly prepare for their wedding. But on his way to the ceremony, Howard descends into Stoogemania and finds himself walking into the city streets with other Stoogemaniacs. His only hope is commitment to the Stooge Hills sanitarium, under the care of a renowned psychologist, until the inmates take over the asylum on graduation day.</p>",VHS,Media > Videos,"Rental, VHS, Comedy, Formatted",Genre,Comedy,shopify,1,deny,manual,0,79515386,https://image.tmdb.org/t/p/w1280/4TxPpolM7LBqHsMYj42XHrVr4n9.jpg,,StoogeMania (1985) poster,comedy
gore-vidals-billy-the-kid-vhs-rental-action,Gore Vidal's Billy the Kid,,VHS,Media > Videos,"Rental, VHS, Action, Formatted",Genre,Action,shopify,1,deny,manual,0,79482618,,,,action
commandments-vhs-rental-romantic-comedy,Commandments,"<p>Seth Warner has reached the end of his rope. Ever since his wife died two years earlier, his world has been in turmoil. He is despondent, his career has fallen apart, even his house has been destroyed. There seems to be nothing left for him to live for. Confused and angry after two years of suffering, he finally directs his wrath at God from the rooftop of his apartment building in New York City. In the midst of a wild thunderstorm he demands to know why he has been betrayed by the god he has believed in and honored his whole life. God's answer is to strike down Seth's dog in a bolt of lightning. Pushed beyond his limits, Seth decides to respond to his years of torment by breaking each of the biblical Ten Commandments.</p>",VHS,Media > Videos,"Rental, VHS, Romantic Comedy, Formatted",Genre,Romantic Comedy,shopify,1,deny,manual,0,79449850,https://image.tmdb.org/t/p/w1280/bob97FFDOHzGoD62MamZc82jZy.jpg,,Commandments (1997) poster,romantic-comedy
the-cats-meow-vhs-rental-thriller,The Cat's Meow,,VHS,Media > Videos,"Rental, VHS, Thriller, Formatted",Genre,Thriller,shopify,1,deny,manual,0,79220474,,,,thriller
breaking-in-vhs-rental-comedy,Breaking In,,VHS,Media > Videos,"Rental, VHS, Comedy, Formatted",Genre,Comedy,shopify,1,deny,manual,0,79023866,,,,comedy
angels-dance-vhs-rental-thriller,Angel's Dance,<p>A young hitman is asked to prove himself by killing an innocent woman.</p>,VHS,Media > Videos,"Rental, VHS, Thriller, Formatted",Genre,Thriller,shopify,1,deny,manual,0,78991098,https://image.tmdb.org/t/p/w1280/rIUsUsc1ONmwKEzkXcZhE34jGxN.jpg,,Angel's Dance (1999) poster,thriller
mirage-vhs-rental-thriller,Mirage,,VHS,Media > Videos,"Rental, VHS, Thriller, Formatted",Genre,Thriller,shopify,1,deny,manual,0,78958330,,,,thriller
next-of-kin-vhs-rental-action,Next of Kin,,VHS,Media > Videos,"Rental, VHS, Action, Formatted",Genre,Action,shopify,1,deny,manual,0,78892794,,,,action
romeo-is-bleeding-vhs-rental-thriller,Romeo is Bleeding,,VHS,Media > Videos,"Rental, VHS, Thriller, Formatted",Genre,Thriller,shopify,1,deny,manual,0,78860026,,,,thriller
mountains-of-the-moon-vhs-rental-action,Mountains of the Moon,,VHS,Media > Videos,"Rental, VHS, Action, Formatted",Genre,Action,shopify,1,deny,manual,0,78827258,,,,action
the-spy-within-vhs-rental-thriller,The Spy Within,,VHS,Media > Videos,"Rental, VHS, Thriller, Formatted",Genre,Thriller,shopify,1,deny,manual,0,78597882,,,,thriller
wildcats-vhs-rental-comedy,Wildcats,,VHS,Media > Videos,"Rental, VHS, Comedy, Formatted",Genre,Comedy,shopify,1,deny,manual,0,78565114,,,,comedy
the-hurricane-vhs-rental-drama,The Hurricane,,VHS,Media > Videos,"Rental, VHS, Drama, Formatted",Genre,Drama,shopify,1,deny,manual,0,78532346,,,,drama
dead-in-the-water-vhs-rental-thriller,Dead in the Water,,VHS,Media > Videos,"Rental, VHS, Thriller, Formatted",Genre,Thriller,shopify,1,deny,manual,0,78499578,,,,thriller
not-without-my-daughter-vhs-rental-drama,Not Without My Daughter,"<p>An American woman, trapped in Islamic Iran by her brutish husband, must find a way to escape with her daughter as well.</p>",VHS,Media > Videos,"Rental, VHS, Drama, Formatted",Genre,Drama,shopify,1,deny,manual,0,78466810,https://image.tmdb.org/t/p/w1280/aEMncPIHISpaIJmYaIstS0TVnb7.jpg,,Not Without My Daughter (1991) poster,drama
miracle-on-34th-street-vhs-floor-sale-holiday,Miracle on 34th Street,,VHS,Media > Videos,"Floor Sale, VHS, Holiday, Formatted",Genre,Holiday,shopify,1,deny,manual,6.00,01159162,,,,holiday
babes-in-toyland-vhs-floor-sale-holiday,Babes in Toyland,,VHS,Media > Videos,"Floor Sale, VHS, Holiday, Formatted",Genre,Holiday,shopify,1,deny,manual,7.00,01060858,,,,holiday
20-movies-family-holiday-film-collection-dvd-floor-sale-holiday,20 Movies: Family Holiday Film Collection,,DVD,Media > Videos,"Floor Sale, DVD, Holiday, Formatted",Genre,Holiday,shopify,1,deny,manual,8.00,00667642,,,,holiday
the-polar-express-dvd-floor-sale-holiday,The Polar Express,"<p>When a doubting young boy takes an extraordinary train ride to the North Pole, he embarks on a journey of self-discovery that shows him that the wonder of life never fades for those who believe.</p>",DVD,Media > Videos,"Floor Sale, DVD, Holiday, Formatted",Genre,Holiday,shopify,1,deny,manual,5.00,00634874,https://image.tmdb.org/t/p/w1280/eOoCzH0MqeGr2taUZO4SwG416PF.jpg,,The Polar Express (2004) poster,holiday
whtie-christmas-dvd-floor-sale-holiday,Whtie Christmas,,DVD,Media > Videos,"Floor Sale, DVD, Holiday, Formatted",Genre,Holiday,shopify,1,deny,manual,5.00,00602106,,,,holiday
the-original-christmas-classics-collection-bluray-floor-sale-holiday,The Original - Christmas Classics Collection,,Blu-Ray,Media > Videos,"Floor Sale, Blu-Ray, Holiday, Formatted",Genre,Holiday,shopify,1,deny,manual,10.00,00569338,,,,holiday
the-year-without-a-santa-claus-vhs-floor-sale-holiday,The Year Without a Santa Claus,,VHS,Media > Videos,"Floor Sale, VHS, Holiday, Formatted",Genre,Holiday,shopify,1,deny,manual,8.00,00536570,,,,holiday
clay-pigeons-vhs-floor-sale-comedy,Clay Pigeons,,VHS,Media > Videos,"Floor Sale, VHS, Comedy, Formatted",Genre,Comedy,shopify,1,deny,manual,10.00,00503802,,,,comedy
eliminator-woman-vhs-floor-sale-action-18,Eliminator Woman,"<p>Two LA cops, Julie and Jay, must return Marsalas to Africa to stand trial as the chief state witness against international villain Alex Gatelee. Gatelee, into everything from gold smuggling to female slave trade, hijacks the party. In a vicious shoot out Julie and Jay overcome Gatelee's men. Gatelee then has Julie kidnapped from one of his nightclubs. He tries to use Julie as bait to get Jay to hand over Marsalas in exchange for Julie...</p>",VHS,Media > Videos,"Floor Sale, VHS, Action, Formatted",Genre,Action,shopify,1,deny,manual,18.00,00471034,https://image.tmdb.org/t/p/w1280/ngqBMam6yKaLHswHDhPd5LGxvQX.jpg,,Eliminator Woman (1992) poster,action
eliminator-woman-vhs-floor-sale-action,Eliminator Woman,"<p>Two LA cops, Julie and Jay, must return Marsalas to Africa to stand trial as the chief state witness against international villain Alex Gatelee. Gatelee, into everything from gold smuggling to female slave trade, hijacks the party. In a vicious shoot out Julie and Jay overcome Gatelee's men. Gatelee then has Julie kidnapped from one of his nightclubs. He tries to use Julie as bait to get Jay to hand over Marsalas in exchange for Julie...</p>",VHS,Media > Videos,"Floor Sale, VHS, Action, Formatted",Genre,Action,shopify,1,deny,manual,26.00,00438266,https://image.tmdb.org/t/p/w1280/ngqBMam6yKaLHswHDhPd5LGxvQX.jpg,,Eliminator Woman (1992) poster,action
federal-hill-vhs-floor-sale-drama,Federal Hill,"<p>In Providence's Italian neighborhood, Federal Hill, five young are immersed in drugs, crime and violence. Everything changes when one of the guys in the band know love.</p>",VHS,Media > Videos,"Floor Sale, VHS, Drama, Formatted",Genre,Drama,shopify,1,deny,manual,10.00,00405498,https://image.tmdb.org/t/p/w1280/qChLfULhgAhWHG9LbcBIv80r32i.jpg,,Federal Hill (1995) poster,drama
police-academy-6-vhs-floor-sale-comedy,Police Academy 6,,VHS,Media > Videos,"Floor Sale, VHS, Comedy, Formatted",Genre,Comedy,shopify,1,deny,manual,5.00,00372730,,,,comedy
wheres-marlowe-vhs-floor-sale-comedy,Where's Marlowe?,"<p>After making a disastrous 3-hour documentary on New York City's water supply, two young filmmakers focus on the goings-on of life in the LA offices of Boone and Murphy, private investigators. Cheating husbands and missing dogs fail to bring in the big bucks, however, and after sleeping with the wife of one of their clients, Murphy leaves. To stop Boone from having to close down the business, the filmmakers must resort to a more hands-on approach in the investigations to ensure the completion of their movie.</p>",VHS,Media > Videos,"Floor Sale, VHS, Comedy, Formatted",Genre,Comedy,shopify,1,deny,manual,9.00,00339962,https://image.tmdb.org/t/p/w1280/lBYQEQidyOkL5VI59FRHVmoMC4z.jpg,,Where's Marlowe? (1998) poster,comedy
mullholand-falls-vhs-floor-sale-thriller,Mullholand Falls,,VHS,Media > Videos,"Floor Sale, VHS, Thriller, Formatted",Genre,Thriller,shopify,1,deny,manual,6.00,00307194,,,,thriller
the-dream-chasers-vhs-floor-sale-kids-family,The Dream Chasers,"<p>Two unlikely companions face gun-slinging cowboys and their own personal family conflicts as they learn the importance of friendship, loyalty, and forgiveness.</p>",VHS,Media > Videos,"Floor Sale, VHS, Kids & Family, Formatted",Genre,Kids & Family,shopify,1,deny,manual,8.00,00274426,https://image.tmdb.org/t/p/w1280/gZ4UzHWuZxnNQV8HJP4gSI7K6vn.jpg,,The Dream Chasers (1982) poster,kids-family
brylcreem-boys-vhs-floor-sale-drama,Brylcreem Boys,,VHS,Media > Videos,"Floor Sale, VHS, Drama, Formatted",Genre,Drama,shopify,1,deny,manual,6.00,00241658,,,,drama
titalnic-town-vhs-floor-sale-drama,Titalnic Town,,VHS,Media > Videos,"Floor Sale, VHS, Drama, Formatted",Genre,Drama,shopify,1,deny,manual,5.00,00176122,,,,drama
tom-viv-vhs-floor-sale-drama,Tom & Viv,"<p>The story of the marriage of the poet T. S. Eliot to socialite Vivienne Haigh-Wood, which had to cope with her gynaecological and emotional problems and his growing fame.</p>",VHS,Media > Videos,"Floor Sale, VHS, Drama, Formatted",Genre,Drama,shopify,1,deny,manual,5.00,00110586,https://image.tmdb.org/t/p/w1280/iw4ofGbX2AbJ4p17CixwnMjuoJ0.jpg,,Tom & Viv (1994) poster,drama
whiffs-vhs-floor-sale-comedy,Whiffs,<p>Elliott Gould steals Army nerve gas to help him rob banks when he’s kicked out of the military after 15 years of service as a human guinea pig in its chemical warfare experiments.</p>,VHS,Media > Videos,"Floor Sale, VHS, Comedy, Formatted",Genre,Comedy,shopify,1,deny,manual,5.00,00077818,https://image.tmdb.org/t/p/w1280/b8q4BBhKLIgqtxfnGktQ92vcO3z.jpg,,Whiffs (1975) poster,comedy
time-after-time-vhs-floor-sale-sci-f,Time After Time,,VHS,Media > Videos,"Floor Sale, VHS, Sci-Fi, Formatted",Genre,Sci-Fi,shopify,1,deny,manual,10.00,00045050,,,,sci-fi
love-affair-vhs-rental-comedy,Love Affair,,VHS,Media > Videos,"Rental, VHS, Comedy, Formatted",Genre,Comedy,shopify,1,deny,manual,0,94114042,,,,comedy
elizabeth-vhs-rental-drama,Elizabeth,,VHS,Media > Videos,"Rental, VHS, Drama, Formatted",Genre,Drama,shopify,1,deny,manual,0,94081274,,,,drama
trippin-vhs-rental-comedy,Trippin',,VHS,Media > Videos,"Rental, VHS, Comedy, Formatted",Genre,Comedy,shopify,1,deny,manual,0,94048506,,,,comedy
time-served-vhs-rental-thriller,Time Served,"<p>When a boy kills his abusive stepfather in self-defense, his mother takes the blame and gets sentenced to a long prison term. The warden is corrupt and forces hot inmates to work as strippers in a local nightclub. Is it a way out?</p>",VHS,Media > Videos,"Rental, VHS, Thriller, Formatted",Genre,Thriller,shopify,1,deny,manual,0,94015738,https://image.tmdb.org/t/p/w1280/dqQqPyWVo2aSy2RYpTC4oHLdgrz.jpg,,Time Served (1999) poster,thriller
dudley-do-right-vhs-rental-kids-family,Dudley Do-Right,"<p>Royal Canadian Mountie Dudley Do-right is busy keeping the peace in his small mountain town when his old rival, Snidely Whiplash, comes up with a plot to buy all the property in town, then start a phony gold rush by seeding the river with gold nuggets.</p>",VHS,Media > Videos,"Rental, VHS, Kids & Family, Formatted",Genre,Kids & Family,shopify,1,deny,manual,0,93982970,https://image.tmdb.org/t/p/w1280/4LP5BieqdFNlCFjxsvaA3d6hGGd.jpg,,Dudley Do-Right (1999) poster,kids-family
lip-service-vhs-rental-thriller,Lip Service,,VHS,Media > Videos,"Rental, VHS, Thriller, Formatted",Genre,Thriller,shopify,1,deny,manual,0,93950202,,,,thriller
reign-of-fire-vhs-rental-fantasy,Reign of Fire,"<p>In post-apocalyptic England, an American volunteer and a British survivor team up to fight off a brood of fire-breathing dragons seeking to return to global dominance after centuries of rest underground. The Brit -- leading a clan of survivors to hunt down the King of the Dragons -- has much at stake: His mother was killed by a dragon, but his love is still alive.</p>",VHS,Media > Videos,"Rental, VHS, Fantasy, Formatted",Genre,Fantasy,shopify,1,deny,manual,0,93917434,https://image.tmdb.org/t/p/w1280/vZVXCj3jXzIPJUHLaQohzt2uTM3.jpg,,Reign of Fire (2002) poster,fantasy
office-killer-vhs-rental-horror,Office Killer,"<p>When Dorine Douglas' job as proofreader for Constant Consumer magazine is turned into an at-home position during a downsizing, she doesn't know how to cope. But after accidentally killing one of her co-workers, she discovers that murder can quench the loneliness of her home life, as a macabre office place forms in her basement, populated by dead co-workers.</p>",VHS,Media > Videos,"Rental, VHS, Horror, Formatted",Genre,Horror,shopify,1,deny,manual,0,93884666,https://image.tmdb.org/t/p/w1280/ytPjWp5LMW5jV9IVrcv6yTsxDTH.jpg,,Office Killer (1997) poster,horror
traces-of-red-vhs-rental-thriller,Traces of Red,"<p>Jack, a Palm Beach detective, becomes involved in a case of multiple murders. All the women can be linked to Jack in some way. Jack and his partner have no leads, but numerous suspects. The murders continue, along with anonymous letters from the killer.</p>",VHS,Media > Videos,"Rental, VHS, Thriller, Formatted",Genre,Thriller,shopify,1,deny,manual,0,93851898,https://image.tmdb.org/t/p/w1280/eVXINR2g71f6qvWKwsdbe9bBkMr.jpg,,Traces of Red (1992) poster,thriller
personals-vhs-rental-comedy,Personals,,VHS,Media > Videos,"Rental, VHS, Comedy, Formatted",Genre,Comedy,shopify,1,deny,manual,0,93819130,,,,comedy
moonraker-vhs-rental-action,Moonraker,,VHS,Media > Videos,"Rental, VHS, Action, Formatted",Genre,Action,shopify,1,deny,manual,0,93786362,,,,action
the-man-with-the-golden-gun-vhs-rental-action,The Man With the Golden Gun,"<p>Cool government operative James Bond searches for a stolen invention that can turn the sun's heat into a destructive weapon. He soon crosses paths with the menacing Francisco Scaramanga, a hitman so skilled he has a seven-figure working fee. Bond then joins forces with the swimsuit-clad Mary Goodnight, and together they track Scaramanga to a Thai tropical isle hideout where the killer-for-hire lures the slick spy into a deadly maze for a final duel.</p>",VHS,Media > Videos,"Rental, VHS, Action, Formatted",Genre,Action,shopify,1,deny,manual,0,93753594,https://image.tmdb.org/t/p/w1280/xVkbKwGnBVNQ122GN5bCTMyPbWz.jpg,,The Man With the Golden Gun (1974) poster,action
licence-to-kill-vhs-rental-action,Licence to Kill,,VHS,Media > Videos,"Rental, VHS, Action, Formatted",Genre,Action,shopify,1,deny,manual,0,93622522,,,,action
octopussy-vhs-rental-action,Octopussy,<p>James Bond is sent to investigate after a fellow “00” agent is found dead with a priceless Fabergé egg. Bond follows the mystery and uncovers a smuggling scandal and a Russian General who wants to provoke a new World War.</p>,VHS,Media > Videos,"Rental, VHS, Action, Formatted",Genre,Action,shopify,1,deny,manual,0,93524218,https://image.tmdb.org/t/p/w1280/yoosZitM9igSk3Sd0sBXIhKlAh1.jpg,,Octopussy (1983) poster,action
dr-no-vhs-rental-action,Dr. No,,VHS,Media > Videos,"Rental, VHS, Action, Formatted",Genre,Action,shopify,1,deny,manual,0,93491450,,,,action
live-and-let-die-vhs-rental-action,Live and Let Die,,VHS,Media > Videos,"Rental, VHS, Action, Formatted",Genre,Action,shopify,1,deny,manual,0,93458682,,,,action
dick-tracy-vhs-rental-action,Dick Tracy,,VHS,Media > Videos,"Rental, VHS, Action, Formatted",Genre,Action,shopify,1,deny,manual,0,93294842,,,,action
trading-mom-vhs-rental-kids-family,Trading Mom,"<p>The Martin kids learn of a magic spell that will take them to the 'mommy market' so they can get a more user friendly model. After giving a few other moms a try, they want their own back. But that is not so easy.</p>",VHS,Media > Videos,"Rental, VHS, Kids & Family, Formatted",Genre,Kids & Family,shopify,1,deny,manual,0,93262074,https://image.tmdb.org/t/p/w1280/coR9bSS5xHts2fBLEou1X7XTkXi.jpg,,Trading Mom (1994) poster,kids-family
not-quite-human-vhs-rental-kids-family,Not Quite Human,,VHS,Media > Videos,"Rental, VHS, Kids & Family, Formatted",Genre,Kids & Family,shopify,1,deny,manual,0,93229306,,,,kids-family
waking-ned-devine-vhs-rental-comedy,Waking Ned Devine,,VHS,Media > Videos,"Rental, VHS, Comedy, Formatted",Genre,Comedy,shopify,1,deny,manual,0,93196538,,,,comedy
whitesnake-trilogy-vhs-rental-musical,Whitesnake: Trilogy,,VHS,Media > Videos,"Rental, VHS, Musical, Formatted",Genre,Musical,shopify,1,deny,manual,0,93163770,,,,musical
lie-down-with-dogs-vhs-rental-comedy,Lie Down with Dogs,"<p>Tommie is a young guy in Manhattan with a dead-end job handing out fliers in Times Square. At the beginning of a fateful summer, he has a chance encounter with a friend who tells Tommie that he's headed to Provincetown, on the Cape, for a long weekend. Tommie is inspired to make his own trek to P-town, where he goes on a summer long, balls-out quest for Mr. Right, even though he has no money and holds his breath each time he uses his American Express card. In the course of the summer, Tommie looks for a work as a house boy at various inns, works several jobs, benefits from the kindness of a stranger, and gets involved with a series of men. Is it all worth it?</p>",VHS,Media > Videos,"Floor Sale, VHS, Comedy, Formatted",Genre,Comedy,shopify,1,deny,manual,9.00,44470522,https://image.tmdb.org/t/p/w1280/w5NQ6r3QFvXxMPV7FW3Znx7LBDP.jpg,,Lie Down with Dogs (1995) poster,comedy
primo-baby-vhs-rental-comedy,Primo Baby,"<p>A tomboyish juvenile delinquent, Paschal Draney, is sent to live in a foster home run by a well-known horse breeder where he befriends a Thoroughbred seemingly crippled by a congenital eye defect.</p>",VHS,Media > Videos,"Floor Sale, VHS, Comedy, Formatted",Genre,Comedy,shopify,1,deny,manual,5.00,44437754,https://image.tmdb.org/t/p/w1280/5dbDZUgT0WichCldsMYEdSG0dKS.jpg,,Primo Baby (1990) poster,comedy
throw-momma-from-the-train-vhs-rental-comedy,Throw Momma from the Train,"<p>Larry Donner, an author with a cruel ex-wife, teaches a writing workshop in which one of his students, Owen, is fed up with his domineering mother. When Owen watches a Hitchcock classic that seems to mirror his own life, he decides to put the movie's plot into action and offers to kill Larry's ex-wife, if Larry promises to murder his mom. Before Larry gets a chance to react to the plan, it seems that Owen has already set things in motion.</p>",VHS,Media > Videos,"Floor Sale, VHS, Comedy, Formatted",Genre,Comedy,shopify,1,deny,manual,5.00,44404986,https://image.tmdb.org/t/p/w1280/fwcIsCwTwF8AXNxvNkrZ5dZlGPz.jpg,,Throw Momma from the Train (1987) poster,comedy
tommy-boy-vhs-rental-comedy,Tommy Boy,"<p>To save the family business, two ne’er-do-well traveling salesmen hit the road with disastrously funny consequences.</p>",VHS,Media > Videos,"Floor Sale, VHS, Comedy, Formatted",Genre,Comedy,shopify,1,deny,manual,8.00,44339450,https://image.tmdb.org/t/p/w1280/jeEM8v1OA9u6F5NC2lzXD04Ls1U.jpg,,Tommy Boy (1995) poster,comedy
why-me-vhs-rental-comedy,Why Me?,,VHS,Media > Videos,"Floor Sale, VHS, Comedy, Formatted",Genre,Comedy,shopify,1,deny,manual,5.00,44306682,,,,comedy
legends-of-the-fall-vhs-rental-drama,Legends of the Fall,,VHS,Media > Videos,"Floor Sale, VHS, Drama, Formatted",Genre,Drama,shopify,1,deny,manual,6.00,44273914,,,,drama
the-takeover-vhs-rental-action,The Takeover,,VHS,Media > Videos,"Floor Sale, VHS, Action, Formatted",Genre,Action,shopify,1,deny,manual,6.00,44241146,,,,action
tiger-warsaw-vhs-rental-drama,Tiger Warsaw,"<p>Chuck brought sorrow to his family when he shot his father who is now a semi-invalid. After 15 years of self destruction, he returns home to seek forgiveness.</p>",VHS,Media > Videos,"Floor Sale, VHS, Drama, Formatted",Genre,Drama,shopify,1,deny,manual,10.00,44208378,https://image.tmdb.org/t/p/w1280/5aMoJCN2VsVFHksMfJ2vyJiRO7H.jpg,,Tiger Warsaw (1988) poster,drama
a-time-to-die-vhs-rental-action,A Time to Die,,VHS,Media > Videos,"Floor Sale, VHS, Action, Formatted",Genre,Action,shopify,1,deny,manual,8.00,44175610,,,,action
the-big-hurt-vhs-rental-thriller,The Big Hurt,"<p>A reporter looking into the death of a research scientist finds more deaths connected to the man, including some dubious ""suicides"". He discovers that the scientist may have been killed to cover up a secret government plot concerning mind-control drugs that have been tested on unknowing civilians, and he becomes involved with the scientist's daughter, who is trying to clear her father's name.</p>",VHS,Media > Videos,"Floor Sale, VHS, Thriller, Formatted",Genre,Thriller,shopify,1,deny,manual,10.00,44142842,https://image.tmdb.org/t/p/w1280/rYvUC290ZXKuIE6tMtUCAOKZxIm.jpg,,The Big Hurt (1986) poster,thriller
together-vhs-rental-drama,Together,,VHS,Media > Videos,"Floor Sale, VHS, Drama, Formatted",Genre,Drama,shopify,1,deny,manual,5.00,44110074,,,,drama
the-match-vhs-rental-comedy,The Match,,VHS,Media > Videos,"Floor Sale, VHS, Comedy, Formatted",Genre,Comedy,shopify,1,deny,manual,8.00,44077306,,,,comedy
federal-protection-vhs-rental-thriller,Federal Protection,"<p>""Chop Chop"" Frankie Carbone has made a career out of stealing cars for the mob in Chicago. An attempted assassination by a mob boss goes badly and Frankie retaliates, only to wind up in the hands of the Feds. Frankie agrees to testify against the mobsters and his life is suddenly worthless - unless he submits to going into federal protection.</p>",VHS,Media > Videos,"Floor Sale, VHS, Thriller, Formatted",Genre,Thriller,shopify,1,deny,manual,5.00,44044538,https://image.tmdb.org/t/p/w1280/dp1uQ4XcMOnP2ZiWyy0wBA4juaS.jpg,,Federal Protection (2002) poster,thriller
real-bullets-vhs-rental-action,Real Bullets,"<p>A group of stuntmen and women travel to the wilderness for a weekend party. Two of the women stumble upon the secret entrance to a drug-lord's narcotics operation and are abducted. Out-gunned and out-numbered, the stunt team must rescue their friends before they are administered fatal overdoses of heroin. Written by David Bassler</p>",VHS,Media > Videos,"Floor Sale, VHS, Action, Formatted",Genre,Action,shopify,1,deny,manual,7.00,43946234,https://image.tmdb.org/t/p/w1280/8dXzdmnmSnXEN58Tx43MaJR9LPT.jpg,,Real Bullets (1988) poster,action
while-you-were-sleeping-vhs-rental-romantic-comedy,While You Were Sleeping,,VHS,Media > Videos,"Floor Sale, VHS, Romantic Comedy, Formatted",Genre,Romantic Comedy,shopify,1,deny,manual,7.00,43880698,,,,romantic-comedy
too-smooth-vhs-rental-drama,Too Smooth,,VHS,Media > Videos,"Floor Sale, VHS, Drama, Formatted",Genre,Drama,shopify,1,deny,manual,8.00,43847930,,,,drama
felicias-journey-vhs-rental-drama,Felicia's Journey,"<p>Seventeen and pregnant, Felicia travels to England in search of her lover and is found instead by Joseph Ambrose Hilditch, a helpful catering manager whose kindness masks an unsettling secret.</p>",VHS,Media > Videos,"Floor Sale, VHS, Drama, Formatted",Genre,Drama,shopify,1,deny,manual,8.00,43815162,https://image.tmdb.org/t/p/w1280/itqEwiINuYvaqvFKw5YWitnqAUc.jpg,,Felicia's Journey (1999) poster,drama
blow-out-vhs-rental-thriller,Blow Out,,VHS,Media > Videos,"Floor Sale, VHS, Thriller, Formatted",Genre,Thriller,shopify,1,deny,manual,12.00,43782394,,,,thriller
that-man-is-pregnant-vhs-rental-comedy,"""That Man is Pregnant""",,VHS,Media > Videos,"Floor Sale, VHS, Comedy, Formatted",Genre,Comedy,shopify,1,deny,manual,10.00,43716858,,,,comedy
perfume-vhs-rental-drama,Perfume,,VHS,Media > Videos,"Floor Sale, VHS, Drama, Formatted",Genre,Drama,shopify,1,deny,manual,6.00,43684090,,,,drama
triple-cross-vhs-rental-action,Triple Cross,,VHS,Media > Videos,"Floor Sale, VHS, Action, Formatted",Genre,Action,shopify,1,deny,manual,7.00,43651322,,,,action
femme-fatale-vhs-rental-thriller,Femme Fatale,,VHS,Media > Videos,"Floor Sale, VHS, Thriller, Formatted",Genre,Thriller,shopify,1,deny,manual,8.00,43618554,,,,thriller
nuts-vhs-rental-drama,Nuts,,VHS,Media > Videos,"Floor Sale, VHS, Drama, Formatted",Genre,Drama,shopify,1,deny,manual,5.00,43585786,,,,drama
fierce-creatures-vhs-rental-comedy,Fierce Creatures,"<p>Ex-policeman Rollo Lee is sent to run Marwood Zoo, the newly acquired business of a New Zealand tycoon. In order to meet high profit targets and keep the zoo open, Rollo enforces a new 'fierce creatures' policy, whereby only the most impressive and dangerous animals are allowed to remain in the zoo. However, the keepers are less enthusiastic about complying with these demands.</p>",VHS,Media > Videos,"Floor Sale, VHS, Comedy, Formatted",Genre,Comedy,shopify,1,deny,manual,7.00,43553018,https://image.tmdb.org/t/p/w1280/1Wl0zSEngmsTXjQMVE0GD5s85cM.jpg,,Fierce Creatures (1997) poster,comedy
wild-wild-west-vhs-rental-action,Wild Wild West,<p>Legless Southern inventor Dr. Arliss Loveless plans to rekindle the Civil War by assassinating President Ulysses S. Grant. Only two men can stop him: gunfighter James West and master-of-disguise and inventor Artemus Gordon. The two must team up to thwart Loveless' plans.</p>,VHS,Media > Videos,"Floor Sale, VHS, Action, Formatted",Genre,Action,shopify,1,deny,manual,5.00,43520250,https://image.tmdb.org/t/p/w1280/mCdo7nykEVCa25bjnkwgyX35fjm.jpg,,Wild Wild West (1999) poster,action
biggles-vhs-rental-sci-fi,Biggles,"<p>Unassuming catering salesmen Jim Ferguson falls through a time hole to 1917 where he saves the life of dashing Royal Flying Corps pilot James ""Biggles"" Bigglesworth after his photo recon mission is shot down. Before he can work out what has happened, Jim is zapped back to the 1980s......</p>",VHS,Media > Videos,"Floor Sale, VHS, Sci-Fi, Formatted",Genre,Sci-Fi,shopify,1,deny,manual,8.00,43487482,https://image.tmdb.org/t/p/w1280/9dsO33VTBp265IQDcLG2HNFtUdO.jpg,,Biggles (1986) poster,sci-fi
play-murder-for-me-vhs-rental-thriller,Play Murder for Me,"<p>A jazz-club sax player (Jack Wagner) sees his ex-lover (Tracy Scoggins) in Buenos Aires, with her mobster husband.</p>",VHS,Media > Videos,"Floor Sale, VHS, Thriller, Formatted",Genre,Thriller,shopify,1,deny,manual,8.00,43454714,https://image.tmdb.org/t/p/w1280/v9quc1tgqzMzVImeu8abzFGt0n6.jpg,,Play Murder for Me (1990) poster,thriller
a-thin-line-between-vhs-rental-drama,A Thin Line Between,,VHS,Media > Videos,"Floor Sale, VHS, Drama, Formatted",Genre,Drama,shopify,1,deny,manual,6.00,43421946,,,,drama
very-bad-things-vhs-rental-comedy,Very Bad Things,"<p>Kyle Fisher has one last night to celebrate life as a single man before marrying Laura, so he sets out to Vegas with four of his best buddies. But a drug and alcohol filled night on the town with a stripper who goes all the way, turns into a cold night in the desert with shovels when the stripper goes all the way into a body bag after dying in their bathroom. And that's just the first of the bodies to pile up before Kyle can walk down the aisle...</p>",VHS,Media > Videos,"Floor Sale, VHS, Comedy, Formatted",Genre,Comedy,shopify,1,deny,manual,8.00,43389178,https://image.tmdb.org/t/p/w1280/rYmyRxF5e9fBdgcQScKu0CUtMy5.jpg,,Very Bad Things (1998) poster,comedy
where-the-spririt-lives-vhs-rental-drama,Where the Spririt Lives,,VHS,Media > Videos,"Floor Sale, VHS, Drama, Formatted",Genre,Drama,shopify,1,deny,manual,8.00,43356410,,,,drama
tinseltown-vhs-rental-comedy,Tinseltown,,VHS,Media > Videos,"Floor Sale, VHS, Comedy, Formatted",Genre,Comedy,shopify,1,deny,manual,10.00,43323642,,,,comedy
unforgettable-vhs-rental-thriller,Unforgettable,,VHS,Media > Videos,"Floor Sale, VHS, Thriller, Formatted",Genre,Thriller,shopify,1,deny,manual,6.00,43290874,,,,thriller
firegawk-vhs-rental-action,Firehawk,"<p>During a daring mission in Vietnam, a helicoptor squadron is downed. While the soldiers try to escape capture by the Viet Cong, clues that the copter was sabotaged lead to brutal infighting, as they search for the traitor among them.</p>",VHS,Media > Videos,"Floor Sale, VHS, Action, Formatted",Genre,Action,shopify,1,deny,manual,10.00,43258106,https://image.tmdb.org/t/p/w1280/q8f10x5EUkDPNr4TKeLjQfApO7w.jpg,,Firehawk (1993) poster,action
a-christmas-carol-1999-vhs-floor-sale-holiday,A Christmas Carol (1999),<p>5</p>,VHS,Media > Videos,"Floor Sale, VHS, Holiday, Formatted",Genre,Holiday,shopify,1,deny,manual,5.00,93365498,https://image.tmdb.org/t/p/w1280/oi1NcVDXlFEsdpLp37BJmFbVlg9.jpg,,A Christmas Carol (1999) poster,holiday
the-living-daylights-vhs-floor-sale-action,The Living Daylights,<p>6</p>,VHS,Media > Videos,"Floor Sale, VHS, Action, Formatted",Genre,Action,shopify,1,deny,manual,6.00,93299962,https://image.tmdb.org/t/p/w1280/1oRlmWX9hewpn2B44wawBjHd7dx.jpg,,The Living Daylights (1987) poster,action
its-christmastime-again-charlie-brown-vhs-floor-sale-kids-family,"It's Christmastime Again, Charlie Brown",<p>8</p>,VHS,Media > Videos,"Floor Sale, VHS, Holiday, Formatted",Genre,Holiday,shopify,1,deny,manual,8.00,93234426,https://image.tmdb.org/t/p/w1280/b1nc3Oe8ZR8mcjff64ya3jcVp0a.jpg,,"It's Christmastime Again, Charlie Brown (1992) poster",holiday
leviathan-promotional-cassette-vhs-floor-sale-comedy,Leviathan Promotional Cassette,<p>10</p>,VHS,Media > Videos,"Floor Sale, VHS, Comedy, Formatted",Genre,Comedy,shopify,1,deny,manual,10.00,60007674,,,,comedy
drop-dead-gorgeous-vhs-floor-sale-comedy,Drop Dead Gorgeous,<p>17</p>,VHS,Media > Videos,"Floor Sale, VHS, Comedy, Formatted",Genre,Comedy,shopify,1,deny,manual,17.00,59942138,,,,comedy
elephant-vhs-floor-sale-comedy,Elephant,<p>20</p>,VHS,Media > Videos,"Floor Sale, VHS, Comedy, Formatted",Genre,Comedy,shopify,1,deny,manual,20.00,59909370,,,,comedy
o-brother-where-art-thou-vhs-floor-sale-comedy,"O Brother, Where Art Thou?",<p>8</p>,VHS,Media > Videos,"Floor Sale, VHS, Comedy, Formatted",Genre,Comedy,shopify,1,deny,manual,8.00,59876602,https://image.tmdb.org/t/p/w1280/2YztYilviFCYcEtDAnrOstUWGie.jpg,,"O Brother, Where Art Thou? (2000) poster",comedy
star-kid-vhs-floor-sale-kids-family,Star Kid,<p>6</p>,VHS,Media > Videos,"Floor Sale, VHS, Kids & Family, Formatted",Genre,Kids & Family,shopify,1,deny,manual,6.00,59843834,https://image.tmdb.org/t/p/w1280/srnvpaAg83sfYr82meDe6k1nDd.jpg,,Star Kid (1997) poster,kids-family
the-adventires-of-milo-and-otis-dvd-floor-sale-kids-family,The Adventires of Milo and Otis,<p>5</p>,DVD,Media > Videos,"Floor Sale, DVD, Kids & Family, Formatted",Genre,Kids & Family,shopify,1,deny,manual,5.00,56665338,,,,kids-family
curious-george-dvd-floor-sale-kids-family,Curious George,<p>5</p>,DVD,Media > Videos,"Floor Sale, DVD, Kids & Family, Formatted",Genre,Kids & Family,shopify,1,deny,manual,5.00,56632570,,,,kids-family
the-perfect-man-dvd-rental-kids-family,The Perfect Man,,DVD,Media > Videos,"Rental, DVD, Kids & Family, Formatted",Genre,Kids & Family,shopify,1,deny,manual,0,48243962,,,,kids-family
ratatouille-cooking-fun-for-all-ages-dvd-rental-kids-family,Ratatouille: Cooking Fun For All Ages,,DVD,Media > Videos,"Rental, DVD, Kids & Family, Formatted",Genre,Kids & Family,shopify,1,deny,manual,0,48211194,,,,kids-family
j-lo-lets-get-loud-dvd-rental-musical,J Lo: Let's Get Loud,,DVD,Media > Videos,"Rental, DVD, Musical, Formatted",Genre,Musical,shopify,1,deny,manual,0,48178426,,,,musical
a-summer-place-vhs-rental-drama,A Summer Place,,VHS,Media > Videos,"Rental, VHS, Drama, Formatted",Genre,Drama,shopify,1,deny,manual,0,17614842,,,,drama
multiplicity-vhs-rental-comedy,Multiplicity,"<p>Construction worker Doug Kinney finds that the pressures of his working life, combined with his duties to his wife Laura and daughter Jennifer leaves him with little time for himself. However, he is approached by geneticist Dr. Owen Leeds, who offers Doug a rather unusual solution to his problems: cloning.</p>",VHS,Media > Videos,"Rental, VHS, Comedy, Formatted",Genre,Comedy,shopify,1,deny,manual,0,17582074,https://image.tmdb.org/t/p/w1280/rlG2vi85uSEwWigVTtqDecVFTxR.jpg,,Multiplicity (1996) poster,comedy
to-catch-a-yeti-vhs-rental-kids-family,To Catch a Yeti,<p>Big Jake's after Bigfoot in the Big Apple. It's the biggest chase this town has ever seen.</p>,VHS,Media > Videos,"Rental, VHS, Kids & Family, Formatted",Genre,Kids & Family,shopify,1,deny,manual,0,17549306,https://image.tmdb.org/t/p/w1280/1PNtagTvHqhg97pQ3EZVJv2Nuqc.jpg,,To Catch a Yeti (1995) poster,kids-family
84-charing-cross-road-vhs-rental-drama,84 Charing Cross Road,,VHS,Media > Videos,"Rental, VHS, Drama, Formatted",Genre,Drama,shopify,1,deny,manual,0,17418234,,,,drama
feds-vhs-rental-comedy,Feds,"<p>Ellie DeWitt and Janis Zuckermann are admitted to the very strict FBI Training Academy. They get a hard course, in which they learn to deal with guns and to recognise crimes. They also get a physical training. It appears that Ellie is a real fighting- machine, in contrast with Janis, the great student. They have to help each other, all the way to graduation.</p>",VHS,Media > Videos,"Rental, VHS, Comedy, Formatted",Genre,Comedy,shopify,1,deny,manual,0,17385466,https://image.tmdb.org/t/p/w1280/a8g0q2R4cwLc5a9SSBuqq6GhSlq.jpg,,Feds (1988) poster,comedy
dragon-heart-vhs-rental-fantasy,Dragon Heart,"<p>In an ancient time when majestic fire-breathers soared through the skies, a knight named Bowen comes face to face and heart to heart with the last dragon on Earth, Draco. Taking up arms to suppress a tyrant king, Bowen soon realizes his task will be harder than he'd imagined: If he kills the king, Draco will die as well.</p>",VHS,Media > Videos,"Rental, VHS, Fantasy, Formatted",Genre,Fantasy,shopify,1,deny,manual,0,16992250,https://image.tmdb.org/t/p/w1280/1J2FvxEoEKMFT9TjUdfhm0MJhZD.jpg,,Dragon Heart (1996) poster,fantasy
time-stalkers-vhs-rental-sci-fi,Time Stalkers,,VHS,Media > Videos,"Rental, VHS, Sci-Fi, Formatted",Genre,Sci-Fi,shopify,1,deny,manual,0,16828410,,,,sci-fi
white-mane-vhs-rental-kids-family,White Mane,"<p>In the south of France, in a vast plain region called the Camargue, lives White Mane, a magnificent stallion and the leader of a herd of wild horses too proud to let themselves be broken by humans. Only Folco, a young fisherman, manages to tame him. A strong friendship grows between the boy and the horse, as the two go looking for the freedom that the world of men won’t allow them.</p>",VHS,Media > Videos,"Rental, VHS, Kids & Family, Formatted",Genre,Kids & Family,shopify,1,deny,manual,0,16795642,https://image.tmdb.org/t/p/w1280/rABMUyq9E52qrs62HXw3oFkwgNO.jpg,,White Mane (1953) poster,kids-family
labor-pains-vhs-rental-romantic-comedy,Labor Pains,,VHS,Media > Videos,"Rental, VHS, Romantic Comedy, Formatted",Genre,Romantic Comedy,shopify,1,deny,manual,0,16664570,,,,romantic-comedy
drylongs-vhs-rental-drama,Drylongs,<p>A young woman in a photography class begins taking pictures of black men out of fear they will soon be extinct.</p>,VHS,Media > Videos,"Rental, VHS, Drama, Formatted",Genre,Drama,shopify,1,deny,manual,0,16631802,https://image.tmdb.org/t/p/w1280/jU4owOePxmgOZH4z3XCaso8FDWZ.jpg,,Drylongs (1999) poster,drama
wild-america-vhs-rental-kids-family,Wild America,"<p>Three brothers - Marshall, Marty and Mark dream of becoming naturalists and portraying animal life of America. One summer their dream comes true, they travel through America, filming alligators, bears and moose.</p>",VHS,Media > Videos,"Rental, VHS, Kids & Family, Formatted",Genre,Kids & Family,shopify,1,deny,manual,0,16500730,https://image.tmdb.org/t/p/w1280/m9VIy9qtq49EDwgYFg07ganUYg.jpg,,Wild America (1997) poster,kids-family
too-young-to-die-vhs-rental-drama,Too Young to Die,,VHS,Media > Videos,"Rental, VHS, Drama, Formatted",Genre,Drama,shopify,1,deny,manual,0,16467962,,,,drama
the-vagina-monoloues-vhs-rental-documentary,The Vagina Monoloues,,VHS,Media > Videos,"Rental, VHS, Documentary, Formatted",Genre,Documentary,shopify,1,deny,manual,0,16336890,,,,documentary
lonely-guy-vhs-rental-romantic-comedy,Lonely Guy,,VHS,Media > Videos,"Rental, VHS, Romantic Comedy, Formatted",Genre,Romantic Comedy,shopify,1,deny,manual,0,16304122,,,,romantic-comedy
ernie-kovacs-between-the-laughter-vhs-rental-comedy,Ernie Kovacs: Between the Laughter,"<p>TV movie biopic depicting the life, career, and family of comedian Ernie Kovacs.</p>",VHS,Media > Videos,"Rental, VHS, Comedy, Formatted",Genre,Comedy,shopify,1,deny,manual,0,16173050,https://image.tmdb.org/t/p/w1280/s6ckuyd6RhdmqfClHL2rWlEudyy.jpg,,Ernie Kovacs: Between the Laughter (1984) poster,comedy
they-still-call-me-bruce-vhs-rental-comedy,They Still Call me Bruce,"<p>Bruce Won arrives in America in search of an American G.I. who saved his life in the Korean War. He meets an orphan boy and together they land themselves in a string of outrageous situations. This high-strung farce culminates when a case of mistaken identity leads a gang of thugs to think Bruce is a karate master. They arrange a nationally-televised match which pits our hero against a monstrous brute, and Bruce is beaten to a bloody pulp...</p>",VHS,Media > Videos,"Rental, VHS, Comedy, Formatted",Genre,Comedy,shopify,1,deny,manual,0,16140282,https://image.tmdb.org/t/p/w1280/8mHLWs4bGzYNc4qUH2utMbm4NtY.jpg,,They Still Call me Bruce (1987) poster,comedy
ferris-buellers-day-off-vhs-rental-comedy,Ferris Bueller's Day Off,"<p>After high school slacker Ferris Bueller successfully fakes an illness in order to skip school for the day, he goes on a series of adventures throughout Chicago with his girlfriend Sloane and best friend Cameron, all the while trying to outwit his wily school principal and fed-up sister.</p>",VHS,Media > Videos,"Rental, VHS, Comedy, Formatted",Genre,Comedy,shopify,1,deny,manual,0,16041978,https://image.tmdb.org/t/p/w1280/9LTQNCvoLsKXP0LtaKAaYVtRaQL.jpg,,Ferris Bueller's Day Off (1986) poster,comedy
that-darn-cat-vhs-rental-kids-family,That Darn Cat,,VHS,Media > Videos,"Rental, VHS, Kids & Family, Formatted",Genre,Kids & Family,shopify,1,deny,manual,0,15943674,,,,kids-family
real-life-vhs-rental-comedy,Real Life,,VHS,Media > Videos,"Rental, VHS, Comedy, Formatted",Genre,Comedy,shopify,1,deny,manual,0,15910906,,,,comedy
topaz-vhs-rental-thriller,Topaz,,VHS,Media > Videos,"Rental, VHS, Thriller, Formatted",Genre,Thriller,shopify,1,deny,manual,0,15779834,,,,thriller
just-around-the-corner-vhs-rental-musical,Just Around the Corner,,VHS,Media > Videos,"Rental, VHS, Musical, Formatted",Genre,Musical,shopify,1,deny,manual,0,15747066,,,,musical
little-laura-big-john-vhs-rental-drama,Little Laura & Big John,"<p>Based on a true story, this action-packed, hard-hitting depiction of the infamous Ashley gang - who terrorized the southeast in the 1920's - also illustrates a desperate love between two people destined for destruction.</p>",VHS,Media > Videos,"Rental, VHS, Drama, Formatted",Genre,Drama,shopify,1,deny,manual,0,15615994,https://image.tmdb.org/t/p/w1280/2XvzE6WA6L2tob19QBb2PkJq2Ny.jpg,,Little Laura & Big John (1973) poster,drama
music-of-the-heart-vhs-rental-drama,Music of the Heart,"<p>After Roberta Guaspari separates from her husband, she receives encouragement from her mother to take up a job of a music teacher at the Central Park East School in East Harlem.</p>",VHS,Media > Videos,"Rental, VHS, Drama, Formatted",Genre,Drama,shopify,1,deny,manual,0,15583226,https://image.tmdb.org/t/p/w1280/knbONQ6d24XtWpRv9Q9D2DyHogo.jpg,,Music of the Heart (1999) poster,drama
the-war-vhs-rental-drama,The War,<p>The son of a Vietnam War Veteran must deal with neighborhood bullies as well as his dad's post-traumatic stress disorder while growing up in the deep south in the 1970's.</p>,VHS,Media > Videos,"Rental, VHS, Drama, Formatted",Genre,Drama,shopify,1,deny,manual,0,15452154,https://image.tmdb.org/t/p/w1280/eMJYqr5zs7rz54oZhiX4ez1BI5E.jpg,,The War (1994) poster,drama
fun-with-dick-and-jane-dvd-rental-comedy,Fun with Dick and Jane,,DVD,Media > Videos,"Rental, DVD, Comedy, Formatted",Genre,Comedy,shopify,1,deny,manual,0,95843066,,,,comedy
the-amityvilly-horror-dvd-rental-horror,The Amityvilly Horror,,DVD,Media > Videos,"Rental, DVD, Horror, Formatted",Genre,Horror,shopify,1,deny,manual,0,95744762,,,,horror
gemini-man-dvd-rental-action,Gemini Man,"<p>Henry Brogan is an elite 51-year-old assassin who's ready to call it quits after completing his 72nd job. His plans get turned upside down when he becomes the target of a mysterious operative who can seemingly predict his every move. To his horror, Brogan soon learns that the man who's trying to kill him is a younger, faster, cloned version of himself.</p>",DVD,Media > Videos,"Rental, DVD, Action, Formatted",Genre,Action,shopify,1,deny,manual,0,95711994,https://image.tmdb.org/t/p/w1280/uTALxjQU8e1lhmNjP9nnJ3t2pRU.jpg,,Gemini Man (2019) poster,action
friday-the-13th-part-3-3d-dvd-rental-horror,Friday the 13th Part 3 3D,"<p>An idyllic summer turns into a nightmare of unspeakable terror for yet another group of naïve friends. Ignoring Camp Crystal Lake's bloody legacy, one by one they fall victim to the maniacal Jason, who stalks them at every turn...</p>",DVD,Media > Videos,"Rental, DVD, Horror, Formatted",Genre,Horror,shopify,1,deny,manual,0,95679226,https://image.tmdb.org/t/p/w1280/9kukTSlgFgXnQGdpcHvHcpTDiUc.jpg,,Friday the 13th Part 3 3D (1982) poster,horror
the-secret-of-roan-inish-island-of-the-seals-dvd-rental-kids-family,The Secret of Roan Inish (Island of the Seals),,DVD,Media > Videos,"Rental, DVD, Kids & Family, Formatted",Genre,Kids & Family,shopify,1,deny,manual,0,95646458,,,,kids-family
american-pie-presents-beta-house-dvd-rental-comedy,American Pie Presents: Beta House,"<p>Erik, Ryan, and Cooze start college and pledge the Beta House fraternity, presided over by none other than legendary Dwight Stifler. But chaos ensues when a fraternity of geeks threatens to stop the debauchery and the Betas have to make a stand for their right to party.</p>",DVD,Media > Videos,"Rental, DVD, Comedy, Formatted",Genre,Comedy,shopify,1,deny,manual,0,95613690,https://image.tmdb.org/t/p/w1280/j7eGbwVb9hTaRFWMlSa7C1OYp3T.jpg,,American Pie Presents: Beta House (2007) poster,comedy
the-mothman-curse-dvd-rental-horror,The Mothman Curse,"<p>A supernatural thriller based on the terrifying legend of The Mothman. Rachel and Katy work together in a large, empty museum. But lately, Katy notices sight, disturbing changes in her friend, while a menacing, dark shadow appears to be watching them night after night, drawing them both further into fear and madness. As they investigate deeper, the legend becomes a very real, living nightmare.</p>",DVD,Media > Videos,"Rental, DVD, Horror, Formatted",Genre,Horror,shopify,1,deny,manual,0,95580922,https://image.tmdb.org/t/p/w1280/35noYj81swE8xNfvc1GiPAons5J.jpg,,The Mothman Curse (2015) poster,horror
masterminds-dvd-rental-comedy,Masterminds,,DVD,Media > Videos,"Rental, DVD, Comedy, Formatted",Genre,Comedy,shopify,1,deny,manual,0,95417082,,,,comedy
the-bourne-identity-dvd-rental-action,The Bourne Identity,"<p>Wounded to the brink of death and suffering from amnesia, Jason Bourne is rescued at sea by a fisherman. With nothing to go on but a Swiss bank account number, he starts to reconstruct his life, but finds that many people he encounters want him dead. However, Bourne realizes that he has the combat and mental skills of a world-class spy—but who does he work for?</p>",DVD,Media > Videos,"Rental, DVD, Action, Formatted",Genre,Action,shopify,1,deny,manual,0,95384314,https://image.tmdb.org/t/p/w1280/aP8swke3gmowbkfZ6lmNidu0y9p.jpg,,The Bourne Identity (2002) poster,action
thr3e-dvd-rental-horror,Thr3e,<p>Innocent lives hang on the whim of an elusive psychopathic murderer whose strange riddles and impossible timelines force three people into a mission to end the game before one or all of them die.</p>,DVD,Media > Videos,"Rental, DVD, Horror, Formatted",Genre,Horror,shopify,1,deny,manual,0,95351546,https://image.tmdb.org/t/p/w1280/fGXWsdhfJ4UIdCnsCJMkT2Ulo9p.jpg,,Thr3e (2007) poster,horror
suburban-girl-dvd-rental-romantic-comedy,Suburban Girl,"<p>Publishing assistant Brett Eisenberg wants to be a big-time editor. However, she lacks self-confidence, a problem that isn't helped by her new, overbearing boss. Brett soon enters into a relationship with Archie, an older man who has plenty of his own issues, including alcoholism, diabetes and a difficult relationship with his daughter. Intent on helping Archie get past his problems, she turns to her dying father for advice.</p>",DVD,Media > Videos,"Rental, DVD, Romantic Comedy, Formatted",Genre,Romantic Comedy,shopify,1,deny,manual,0,95318778,https://image.tmdb.org/t/p/w1280/fkXyvlMzlU9yszj6Y2TyjbxLUkj.jpg,,Suburban Girl (2007) poster,romantic-comedy
the-gun-run-dvd-rental-action,The Gun Run,,DVD,Media > Videos,"Rental, DVD, Action, Formatted",Genre,Action,shopify,1,deny,manual,0,95286010,,,,action
downton-abbey-the-motion-picture-dvd-rental-drama,Downton Abbey: The Motion Picture,,DVD,Media > Videos,"Rental, DVD, Drama, Formatted",Genre,Drama,shopify,1,deny,manual,0,95253242,,,,drama
american-lowrider-dvd-rental-drama,American Lowrider,"<p>Lefty-a hard working, light hearted man is looking to make a decent buck. But when a simple bet goes horribly wrong, Lefty is stuck between a rock and gangster who's dead set on collecting his money.</p>",DVD,Media > Videos,"Rental, DVD, Drama, Formatted",Genre,Drama,shopify,1,deny,manual,0,95220474,https://image.tmdb.org/t/p/w1280/2CKMTV9ch9HIlbsmUOcvUY4NeFb.jpg,,American Lowrider (2013) poster,drama
always-watching-dvd-rental-horror,Always Watching,,DVD,Media > Videos,"Rental, DVD, Horror, Formatted",Genre,Horror,shopify,1,deny,manual,0,03913978,,,,horror
fred-claus-dvd-rental-holiday,Fred Claus,"<p>Fred Claus and Santa Claus have been estranged brothers for many years. Now Fred must reconcile his differences with his brother whom he believes overshadows him. When an efficiency expert assesses the workings at the North Pole and threatens to shut Santa down, Fred must help his brother to save Christmas.</p>",DVD,Media > Videos,"Rental, DVD, Holiday, Formatted",Genre,Holiday,shopify,1,deny,manual,0,03881210,https://image.tmdb.org/t/p/w1280/9gATbvoRMxVeoHInwS8nR0KZMVc.jpg,,Fred Claus (2007) poster,holiday
eagles-hell-freezes-over-dvd-rental-musical,Eagles: Hell Freezes Over,"<p>The Eagles performed live for the first time in April 1994 after a fourteen-year-long hiatus. Their reunion album’s name was in reference to Don Henley’s quote after the band’s breakup in 1980, when he commented that they would only play together again “when Hell freezes over”. Recorded at the Warner Bros. Studios in Burbank, California for an MTV special, the live sessions produced eleven tracks for the album, including a new acoustic version of “Hotel California”.</p>",DVD,Media > Videos,"Rental, DVD, Musical, Formatted",Genre,Musical,shopify,1,deny,manual,0,03848442,https://image.tmdb.org/t/p/w1280/aw4906OVExLaOcrfsxwJFEUEWwq.jpg,,Eagles: Hell Freezes Over (1994) poster,musical
spartan-dvd-rental-thriller,Spartan,"<p>U.S. government agent Scott is assigned to rescue the daughter of a high-ranking government official. As willing as he is to bend the rules to get things done, though, Scott is shocked to find that others are willing to go even further to protect a political career.</p>",DVD,Media > Videos,"Rental, DVD, Thriller, Formatted",Genre,Thriller,shopify,1,deny,manual,0,03815674,https://image.tmdb.org/t/p/w1280/rcdhS2g1d38NOoeh0PPAN2bLE7w.jpg,,Spartan (2004) poster,thriller
beauty-shop-leagally-blonde-dvd-rental-comedy,Beauty Shop / Leagally Blonde,,DVD,Media > Videos,"Rental, DVD, Comedy, Formatted",Genre,Comedy,shopify,1,deny,manual,0,03782906,,,,comedy
paradise-city-dvd-rental-action,Paradise City,,DVD,Media > Videos,"Rental, DVD, Action, Formatted",Genre,Action,shopify,1,deny,manual,0,03750138,,,,action
my-one-and-only-dvd-rental-comedy,My One and Only,,DVD,Media > Videos,"Rental, DVD, Comedy, Formatted",Genre,Comedy,shopify,1,deny,manual,0,03684602,,,,comedy
head-in-the-clouds-dvd-rental-drama,Head in the Clouds,,DVD,Media > Videos,"Rental, DVD, Drama, Formatted",Genre,Drama,shopify,1,deny,manual,0,03651834,,,,drama
3-movie-collection-just-go-with-it-thats-my-boy-jack-jill-dvd-rental-comedy,3 Movie Collection: Just Go With It / That's My Boy / Jack & Jill,,DVD,Media > Videos,"Rental, DVD, Comedy, Formatted",Genre,Comedy,shopify,1,deny,manual,0,03619066,,,,comedy
deep-blue-sea-deep-blue-sea-2-dvd-rental-horror,Deep Blue Sea / Deep Blue Sea 2,,DVD,Media > Videos,"Rental, DVD, Horror, Formatted",Genre,Horror,shopify,1,deny,manual,0,03520762,,,,horror
bad-teacher-dvd-rental-comedy,Bad Teacher,"<p>A lazy, incompetent middle school teacher who hates her job and her students is forced to return to her job to make enough money for a boob job after her rich fiancé dumps her.</p>",DVD,Media > Videos,"Rental, DVD, Comedy, Formatted",Genre,Comedy,shopify,1,deny,manual,0,03487994,https://image.tmdb.org/t/p/w1280/zpIY4qUSX91J9XpPgr0hFrk1eKr.jpg,,Bad Teacher (2011) poster,comedy
return-to-nims-island-dvd-rental-kids-family,Return to Nim's Island,"<p>Fourteen year old Nim, more determined than ever to protect her island and all the wildlife that call it home, faces off against resort developers and animal poachers. Soon she realizes she can’t depend on her animal cohorts alone and must make her first human friend – Edmund, who’s run away to the island from the mainland – to save her home.</p>",DVD,Media > Videos,"Rental, DVD, Kids & Family, Formatted",Genre,Kids & Family,shopify,1,deny,manual,0,03422458,https://image.tmdb.org/t/p/w1280/9LPDKDZQyGlQQphTna5kRHe4nrE.jpg,,Return to Nim's Island (2013) poster,kids-family
gangs-of-the-dead-dvd-rental-horror,Gangs of the Dead,"<p>On the verge of a major arms deal, the two toughest gangs in L.A. will find themselves trapped in an abandoned warehouse by a ravenous mob of bloodthirsty zombies. They will have to work together with the cops to avoid being torn limb-from-limb and eaten alive. A one of a kind urban-zombie film, Gangs of the Dead is a gore-filled and action-packed thriller for both the horror fan and the urban audience.</p>",DVD,Media > Videos,"Rental, DVD, Horror, Formatted",Genre,Horror,shopify,1,deny,manual,0,03291386,https://image.tmdb.org/t/p/w1280/bjVqT8XIVMTCWpSreMpH0W6Rjxi.jpg,,Gangs of the Dead (2006) poster,horror
earth-wind-fire-in-concert-dvd-rental-musical,"Earth, Wind & Fire in Concert","<p>Earth, Wind & Fire: In Concert was recorded at the Oakland Coliseum on December 30-31, 1981 for broadcast on HBO. This brilliant performance by the Grammy-winning flamboyant funk group captures the hard-driving rhythms, the soothing melodies, the scintillating horns and the special effects that have dazzled concertgoers around the world.  Included are ""Sing a Song,"" ""Fantasy,"" ""Shining Star,"" ""Kalimba Tree,"" ""Let Your Feelings Show,"" ""In the Stone"" and ""Phoenix Intro.""</p>",DVD,Media > Videos,"Rental, DVD, Musical, Formatted",Genre,Musical,shopify,1,deny,manual,0,03258618,https://image.tmdb.org/t/p/w1280/gSmADX5KvgVKKpHlPdgetfb4XNb.jpg,,"Earth, Wind & Fire in Concert (1982) poster",musical
paul-mccartney-live-at-the-cavern-club-dvd-rental-musical,Paul McCartney: Live at the Cavern Club,,DVD,Media > Videos,"Rental, DVD, Musical, Formatted",Genre,Musical,shopify,1,deny,manual,0,03225850,,,,musical
superstar-dare-to-dream-dvd-rental-comedy,Superstar: Dare to Dream,,DVD,Media > Videos,"Rental, DVD, Comedy, Formatted",Genre,Comedy,shopify,1,deny,manual,0,03160314,,,,comedy
reguarding-henry-dvd-rental-drama,Reguarding Henry,,DVD,Media > Videos,"Rental, DVD, Drama, Formatted",Genre,Drama,shopify,1,deny,manual,0,03127546,,,,drama
romancing-the-bride-dvd-rental-romantic-comedy,Romancing the Bride,"<p>One day before she is set to exchange vows with the man of her dreams, a flustered bride-to-be wakes up next to a complete stranger who claims to be her husband in this south-of-the-border romantic comedy.</p>",DVD,Media > Videos,"Rental, DVD, Romantic Comedy, Formatted",Genre,Romantic Comedy,shopify,1,deny,manual,0,03094778,https://image.tmdb.org/t/p/w1280/gIbMIDpKCeWauyqcp7I7F4DAyOc.jpg,,Romancing the Bride (2005) poster,romantic-comedy
acceleration-dvd-rental-action,Acceleration,,DVD,Media > Videos,"Rental, DVD, Action, Formatted",Genre,Action,shopify,1,deny,manual,0,03062010,,,,action
los-lonely-boys-dvd-rental-musical,Los Lonely Boys,,DVD,Media > Videos,"Rental, DVD, Musical, Formatted",Genre,Musical,shopify,1,deny,manual,0,03029242,,,,musical
andre-arctic-tale-dvd-rental-kids-family,Andre / Arctic Tale,,DVD,Media > Videos,"Rental, DVD, Kids & Family, Formatted",Genre,Kids & Family,shopify,1,deny,manual,0,02996474,,,,kids-family
blue-streak-dvd-rental-action,Blue Streak,,DVD,Media > Videos,"Rental, DVD, Action, Formatted",Genre,Action,shopify,1,deny,manual,0,02963706,,,,action
things-you-can-tell-just-by-looking-at-her-dvd-rental-drama,Things You Can Tell Just by Looking at Her,"<p>In California, a group of women struggle with personal problems as their paths intertwine in unexpected ways. Dr. Elaine Keener, the sole caretaker for her aging mother, turns to tarot card reader Christine for spiritual aid. Christine grapples with her own angst due to her lover's debilitating illness. Meanwhile, a bank manager deals with an unwanted pregnancy, two sisters pursue romantic interests and a housewife gets back into the dating game.</p>",DVD,Media > Videos,"Rental, DVD, Drama, Formatted",Genre,Drama,shopify,1,deny,manual,0,02930938,https://image.tmdb.org/t/p/w1280/vTeEzAj0Uv8ySwdh894tEGvSh4s.jpg,,Things You Can Tell Just by Looking at Her (2000) poster,drama
jindabyne-dvd-rental-drama,Jindabyne,"<p>Outside the Australian town of Jindabyne, local man Stuart Kane is on a fishing trip with friends when they discover the body of a murdered girl.</p>",DVD,Media > Videos,"Rental, DVD, Drama, Formatted",Genre,Drama,shopify,1,deny,manual,0,02898170,https://image.tmdb.org/t/p/w1280/zozfpvbl8OezjqBsgFByTGkbnw8.jpg,,Jindabyne (2006) poster,drama
bishwick-dvd-rental-horror,Bishwick,,DVD,Media > Videos,"Rental, DVD, Horror, Formatted",Genre,Horror,shopify,1,deny,manual,0,02832634,,,,horror
paul-blart-mall-cop-2-dvd-rental-kids-family,Paul Blart: Mall Cop 2,"<p>Security guard Paul Blart is headed to Las Vegas to attend a Security Guard Expo with his teenage daughter Maya before she departs for college. While at the convention, he inadvertently discovers a heist - and it's up to Blart to apprehend the criminals.</p>",DVD,Media > Videos,"Rental, DVD, Kids & Family, Formatted",Genre,Kids & Family,shopify,1,deny,manual,0,02799866,https://image.tmdb.org/t/p/w1280/qML63w7vgspicwLK6xXGLK17cM0.jpg,,Paul Blart: Mall Cop 2 (2015) poster,kids-family
the-three-muskateers-dvd-rental-action,The Three Muskateers,,DVD,Media > Videos,"Rental, DVD, Action, Formatted",Genre,Action,shopify,1,deny,manual,0,02701562,,,,action
secret-window-dvd-rental-thriller,Secret Window,"<p>Mort Rainey, a writer just emerging from a painful divorce with his ex-wife, is stalked at his remote lake house by a psychotic stranger and would-be scribe who claims Rainey swiped his best story idea. But as Rainey endeavors to prove his innocence, he begins to question his own sanity.</p>",DVD,Media > Videos,"Rental, DVD, Thriller, Formatted",Genre,Thriller,shopify,1,deny,manual,0,02668794,https://image.tmdb.org/t/p/w1280/hvzw4wufKZkDCTPVeG71Z7pGfZh.jpg,,Secret Window (2004) poster,thriller
held-up-dvd-rental-comedy,Held Up,,DVD,Media > Videos,"Rental, DVD, Comedy, Formatted",Genre,Comedy,shopify,1,deny,manual,0,02603258,,,,comedy
open-call-dvd-rental-documentary,Open Range,,DVD,Media > Videos,"Rental, DVD, Drama, Formatted",Genre,Drama,shopify,1,deny,manual,0,02570490,,,,drama
noah-dvd-rental-drama,Noah,,DVD,Media > Videos,"Rental, DVD, Drama, Formatted",Genre,Drama,shopify,1,deny,manual,0,02537722,,,,drama
courting-mom-dad-dvd-rental-kids-family,Courting Mom & Dad,<p>Three children seek the help of an eccentric personal injury attorney in order to stop their parents' imminent divorce.</p>,DVD,Media > Videos,"Rental, DVD, Kids & Family, Formatted",Genre,Kids & Family,shopify,1,deny,manual,0,02406650,https://image.tmdb.org/t/p/w1280/1HMEQGJhMcciNmkBPrpMyCDcNkf.jpg,,Courting Mom & Dad (2021) poster,kids-family
woodlawn-dvd-rental-drama,Woodlawn,<p>Love and unity in a school torn by racism and hate in the 1970s. A gifted high school football player must learn to embrace his talent and his faith as he battles racial tensions on and off the field.</p>,DVD,Media > Videos,"Rental, DVD, Drama, Formatted",Genre,Drama,shopify,1,deny,manual,0,02373882,https://image.tmdb.org/t/p/w1280/BJ1XNBBEiqaCM4SQhHYTrWqCfn.jpg,,Woodlawn (2015) poster,drama
dead-tone-dvd-rental-horror,Dead Tone,,DVD,Media > Videos,"Rental, DVD, Horror, Formatted",Genre,Horror,shopify,1,deny,manual,0,02341114,,,,horror
paul-blart-mall-cop-dvd-rental-kids-family,Paul Blart: Mall Cop,,DVD,Media > Videos,"Rental, DVD, Kids & Family, Formatted",Genre,Kids & Family,shopify,1,deny,manual,0,02308346,,,,kids-family
vertical-limit-dvd-rental-action,Vertical Limit,"<p>Trapped near the summit of K2, the world's second-highest mountain, Annie Garrett radios to base camp for help. Brother Peter hears Annie's message and assembles a team to save her and her group before they succumb to K2's unforgiving elements. But, as Annie lays injured in an icy cavern, the rescuers face several terrifying events that could end the rescue attempt -- and their lives.</p>",DVD,Media > Videos,"Rental, DVD, Action, Formatted",Genre,Action,shopify,1,deny,manual,0,02275578,https://image.tmdb.org/t/p/w1280/kpqQUEi8eAyYHMDFACf6YlnPIu7.jpg,,Vertical Limit (2000) poster,action
be-cool-get-shorty-dvd-floor-sale-comedy,Be Cool / Get Shorty,,DVD,Media > Videos,"Floor Sale, DVD, Comedy, Formatted",Genre,Comedy,shopify,1,deny,manual,6.00,84154874,,,,comedy
seven-dvd-floor-sale-thriller,Seven,,DVD,Media > Videos,"Floor Sale, DVD, Thriller, Formatted",Genre,Thriller,shopify,1,deny,manual,6.00,84122106,,,,thriller
collateral-dvd-floor-sale-action,Collateral,,DVD,Media > Videos,"Floor Sale, DVD, Action, Formatted",Genre,Action,shopify,1,deny,manual,6.00,84089338,,,,action
underworld-evolution-dvd-floor-sale-sci-fi,Underworld Evolution,"<p>As the war between the vampires and the Lycans rages on, Selene, a former member of the Death Dealers (an elite vampire special forces unit that hunts werewolves), and Michael, the werewolf hybrid, work together in an effort to unlock the secrets of their respective bloodlines.</p>",DVD,Media > Videos,"Floor Sale, DVD, Sci-Fi, Formatted",Genre,Sci-Fi,shopify,1,deny,manual,5.00,84056570,https://image.tmdb.org/t/p/w1280/oJaQG353uOzOqffQ5K2hg03k4Vp.jpg,,Underworld Evolution (2006) poster,sci-fi
fx-fx2-dvd-floor-sale-action,FX / FX2,,DVD,Media > Videos,"Floor Sale, DVD, Action, Formatted",Genre,Action,shopify,1,deny,manual,5.00,84023802,,,,action
the-good-the-bad-and-the-ugly-dvd-floor-sale-action,The Good the Bad and the Ugly,,DVD,Media > Videos,"Floor Sale, DVD, Action, Formatted",Genre,Action,shopify,1,deny,manual,5.00,83991034,,,,action
miss-congeniality-2-dvd-floor-sale-comedy,Miss Congeniality 2,,DVD,Media > Videos,"Floor Sale, DVD, Comedy, Formatted",Genre,Comedy,shopify,1,deny,manual,5.00,83958266,,,,comedy
michael-clayton-dvd-floor-sale-drama,Michael Clayton,"<p>A law firm brings in its ""fixer"" to remedy the situation after a lawyer has a breakdown while representing a chemical company that he knows is guilty in a multi-billion dollar class action suit.</p>",DVD,Media > Videos,"Floor Sale, DVD, Drama, Formatted",Genre,Drama,shopify,1,deny,manual,5.00,83827194,https://image.tmdb.org/t/p/w1280/hhkW4yVIGo8Bee3UITKvqOvhNMG.jpg,,Michael Clayton (2007) poster,drama
stripes-dvd-floor-sale-comedy,Stripes,<p>90</p>,DVD,Media > Videos,"Floor Sale, DVD, Comedy, Formatted",Genre,Comedy,shopify,1,deny,manual,5.00,83794426,,,,comedy
the-grudge-dvd-floor-sale-horror,The Grudge,,DVD,Media > Videos,"Floor Sale, DVD, Horror, Formatted",Genre,Horror,shopify,1,deny,manual,6.00,83761658,,,,horror
harry-potter-and-the-deathly-hallows-part-1-dvd-floor-sale-fantasy,Harry Potter and the Deathly Hallows Part 1,<p>5</p>,DVD,Media > Videos,"Floor Sale, DVD, Fantasy, Formatted",Genre,Fantasy,shopify,1,deny,manual,5.00,83728890,,,,fantasy
all-about-the-benjamins-dvd-floor-sale-comedy,All About the Benjamins,<p>5</p>,DVD,Media > Videos,"Floor Sale, DVD, Comedy, Formatted",Genre,Comedy,shopify,1,deny,manual,5.00,83696122,https://image.tmdb.org/t/p/w1280/sO7IpJHjZBGLevi8Ozj9EsAUw5h.jpg,,All About the Benjamins (2002) poster,comedy
walking-tall-dvd-floor-sale-action,Walking Tall,<p>6</p>,DVD,Media > Videos,"Floor Sale, DVD, Comedy, Action, Formatted",Genre,Comedy,shopify,1,deny,manual,6.00,82483706,,,,comedy; action
harold-kumar-escape-from-guantanamo-bay-dvd-floor-sale-comedy,Harold & Kumar Escape from Guantanamo Bay,<p>6</p>,DVD,Media > Videos,"Floor Sale, DVD, Comedy, Formatted",Genre,Comedy,shopify,1,deny,manual,6.00,82450938,https://image.tmdb.org/t/p/w1280/gmXKlm8c8O7JEISYP4WiWq2x3We.jpg,,Harold & Kumar Escape from Guantanamo Bay (2008) poster,comedy
pitch-black-dvd-floor-sale-sci-fi,Pitch Black,<p>6</p>,DVD,Media > Videos,"Floor Sale, DVD, Sci-Fi, Formatted",Genre,Sci-Fi,shopify,1,deny,manual,6.00,82418170,,,,sci-fi
three-kings-dvd-floor-sale-action,Three Kings,<p>5</p>,DVD,Media > Videos,"Floor Sale, DVD, Action, Formatted",Genre,Action,shopify,1,deny,manual,5.00,82385402,,,,action
air-force-one-dvd-floor-sale-action,Air Force One,<p>5</p>,DVD,Media > Videos,"Floor Sale, DVD, Action, Formatted",Genre,Action,shopify,1,deny,manual,5.00,82352634,,,,action
indiana-jones-and-the-temple-of-doom-dvd-floor-sale-action,Indiana Jones and the Temple of Doom,<p>5</p>,DVD,Media > Videos,"Floor Sale, DVD, Action, Formatted",Genre,Action,shopify,1,deny,manual,5.00,82319866,https://image.tmdb.org/t/p/w1280/gpdVNUaa4LhRMLfJOPj1AZdhAZ3.jpg,,Indiana Jones and the Temple of Doom (1984) poster,action
the-honeymooners-dvd-floor-sale-comedy,The Honeymooners,<p>5</p>,DVD,Media > Videos,"Floor Sale, DVD, Comedy, Formatted",Genre,Comedy,shopify,1,deny,manual,5.00,82254330,,,,comedy
a-guy-thing-dvd-floor-sale-comedy,A Guy Thing,<p>5</p>,DVD,Media > Videos,"Floor Sale, DVD, Comedy, Formatted",Genre,Comedy,shopify,1,deny,manual,5.00,82221562,https://image.tmdb.org/t/p/w1280/wWiPuP1wMW32pjX8Q9TEj69TxWI.jpg,,A Guy Thing (2003) poster,comedy
spy-kids-3d-dvd-floor-sale-kids-family,Spy Kids 3D,<p>5</p>,DVD,Media > Videos,"Floor Sale, DVD, Kids & Family, Formatted",Genre,Kids & Family,shopify,1,deny,manual,5.00,82188794,,,,kids-family
dracula-untold-dvd-floor-sale-action,Dracula Untold,<p>5</p>,DVD,Media > Videos,"Floor Sale, DVD, Action, Formatted",Genre,Action,shopify,1,deny,manual,5.00,82156026,https://image.tmdb.org/t/p/w1280/m5h3NtZ2ZfryIHl1MvatmANvIqQ.jpg,,Dracula Untold (2014) poster,action
dances-with-wolves-dvd-floor-sale-drama,Dances with Wolves,<p>5</p>,DVD,Media > Videos,"Floor Sale, DVD, Drama, Formatted",Genre,Drama,shopify,1,deny,manual,5.00,82123258,https://image.tmdb.org/t/p/w1280/hw0ZEHAaTqTxSXGVwUFX7uvanSA.jpg,,Dances with Wolves (1990) poster,drama
home-of-the-brave-dvd-floor-sale-drama,Home of the Brave,<p>5</p>,DVD,Media > Videos,"Floor Sale, DVD, Drama, Formatted",Genre,Drama,shopify,1,deny,manual,5.00,82090490,,,,drama
the-punisher-dvd-floor-sale-action,The Punisher,<p>6</p>,DVD,Media > Videos,"Floor Sale, DVD, Action, Formatted",Genre,Action,shopify,1,deny,manual,6.00,82057722,,,,action
the-november-man-dvd-rental-action,The November Man,<p>An ex-CIA operative is brought back in on a very personal mission and finds himself pitted against his former pupil in a deadly game involving high level CIA officials and the Russian president-elect.</p>,DVD,Media > Videos,"Rental, DVD, Action, Formatted",Genre,Action,shopify,1,deny,manual,0,40049146,https://image.tmdb.org/t/p/w1280/4ejNFbCgLMDAuy7jFQmc7cr6UAW.jpg,,The November Man (2014) poster,action
hoosiers-dvd-rental-drama,Hoosiers,"<p>Failed college coach Norman Dale gets a chance at redemption when he is hired to coach a high school basketball team in a tiny Indiana town. After a teacher persuades star player Jimmy Chitwood to quit and focus on his long-neglected studies, Dale struggles to develop a winning team in the face of community criticism for his temper and his unconventional choice of assistant coach: Shooter, a notorious alcoholic.</p>",DVD,Media > Videos,"Rental, DVD, Drama, Formatted",Genre,Drama,shopify,1,deny,manual,0,39983610,https://image.tmdb.org/t/p/w1280/dHpjZQXEdoi1xNLubM1rPmTHJYz.jpg,,Hoosiers (1986) poster,drama
a-bridge-too-far-dvd-rental-action,A Bridge too Far,<p>The story of Operation Market Garden—a failed attempt by the allies in the latter stages of WWII to end the war quickly by securing three bridges in Holland allowing access over the Rhine into Germany. A combination of poor allied intelligence and the presence of two crack German panzer divisions meant that the final part of this operation (the bridge in Arnhem over the Rhine) was doomed to failure.</p>,DVD,Media > Videos,"Rental, DVD, Action, Formatted",Genre,Action,shopify,1,deny,manual,0,39950842,https://image.tmdb.org/t/p/w1280/lszOk3Xmh7qpLaM9J4K9E6ADLk1.jpg,,A Bridge too Far (1977) poster,action
2-days-in-paris-dvd-rental-romantic-comedy,2 Days in Paris,"<p>Marion and Jack try to rekindle their relationship with a visit to Paris, home of Marion's parents — and several of her ex-boyfriends.</p>",DVD,Media > Videos,"Rental, DVD, Romantic Comedy, Formatted",Genre,Romantic Comedy,shopify,1,deny,manual,0,39885306,https://image.tmdb.org/t/p/w1280/4yf8vcgJtADTTPP0Ltq2KhqLfdE.jpg,,2 Days in Paris (2007) poster,romantic-comedy
the-debt-dvd-rental-thriller,The Debt,,DVD,Media > Videos,"Rental, DVD, Thriller, Formatted",Genre,Thriller,shopify,1,deny,manual,0,39852538,,,,thriller
irish-jam-dvd-rental-comedy,Irish Jam,"<p>Upon discovering that their town is up for sale, crafty Irish villagers scheme to raise the money to prevent the buy-out. They hold a poetry contest with a tempting grand prize -- the deed to their local pub. But what could happen when a duplicitous American rapper emerges as the best poet around?</p>",DVD,Media > Videos,"Rental, DVD, Comedy, Formatted",Genre,Comedy,shopify,1,deny,manual,0,39819770,https://image.tmdb.org/t/p/w1280/vgoLNwhI5amH58v8sQulF2eeDDz.jpg,,Irish Jam (2006) poster,comedy
daddys-little-girls-dvd-rental-drama,Daddy's Little Girls,"<p>Monty is a mechanic struggling to make ends meet as he raises his three young daughters. When the court awards custody of his daughters to his shady ex-wife, Monty desperately tries to win them back with the help of Julia, a beautiful, Ivy League-educated attorney. Monty and Julia couldn't be less alike, but a flame is ignited... touching off a firestorm of love and conflict.</p>",DVD,Media > Videos,"Rental, DVD, Drama, Formatted",Genre,Drama,shopify,1,deny,manual,0,39787002,https://image.tmdb.org/t/p/w1280/c2AOyqAbfJ9dKJBOgYEzNnXrbcb.jpg,,Daddy's Little Girls (2007) poster,drama
world-trade-center-dvd-rental-drama,World Trade Center,,DVD,Media > Videos,"Rental, DVD, Drama, Formatted",Genre,Drama,shopify,1,deny,manual,0,39754234,,,,drama
hannibal-rising-dvd-rental-thriller,Hannibal Rising,"<p>The story of the early, murderous roots of the cannibalistic killer, Hannibal Lecter – from his hard-scrabble Lithuanian childhood, where he witnesses the repulsive lengths to which hungry soldiers will go to satiate themselves, through his sojourn in France, where as a medical student he hones his appetite for the kill.</p>",DVD,Media > Videos,"Rental, DVD, Thriller, Formatted",Genre,Thriller,shopify,1,deny,manual,0,39721466,https://image.tmdb.org/t/p/w1280/7FTDMQoac0uqJUquZk4KenDzLMZ.jpg,,Hannibal Rising (2007) poster,thriller
the-bount-hunter-dvd-rental-comedy,The Bount Hunter,,DVD,Media > Videos,"Rental, DVD, Comedy, Formatted",Genre,Comedy,shopify,1,deny,manual,0,39688698,,,,comedy
the-pursuit-fo-happyness-dvd-rental-drama,The Pursuit fo Happyness,,DVD,Media > Videos,"Rental, DVD, Drama, Formatted",Genre,Drama,shopify,1,deny,manual,0,39623162,,,,drama
the-tourist-dvd-rental-thriller,The Tourist,,DVD,Media > Videos,"Rental, DVD, Thriller, Formatted",Genre,Thriller,shopify,1,deny,manual,0,39590394,,,,thriller
kill-em-all-dvd-rental-action,Kill 'Em All,,DVD,Media > Videos,"Rental, DVD, Action, Formatted",Genre,Action,shopify,1,deny,manual,0,39557626,,,,action
legionnaire-dvd-rental-action,Legionnaire,"<p>Alain Lefevre is a boxer paid by a Marseille mobster to take a dive. When he wins the fight he attempts to flee to America with the mobster's girlfriend Katrina. This plan fails and he seeks escape by joining the foreign legion. As part of the legion he tangles with abusive lieutenant Steinkampf and bonds with legionnaires Luther, Mackintosh and Rosetti.</p>",DVD,Media > Videos,"Rental, DVD, Action, Formatted",Genre,Action,shopify,1,deny,manual,0,39524858,https://image.tmdb.org/t/p/w1280/sBeI7TeJzVw103iacL03v7Y5mCX.jpg,,Legionnaire (1998) poster,action
mortal-dvd-rental-thriller,Mortal,,DVD,Media > Videos,"Rental, DVD, Thriller, Formatted",Genre,Thriller,shopify,1,deny,manual,0,39492090,,,,thriller
beverly-hills-chihuahua-dvd-rental-kids-family,Beverly Hills Chihuahua,,DVD,Media > Videos,"Rental, DVD, Kids & Family, Formatted",Genre,Kids & Family,shopify,1,deny,manual,0,39459322,,,,kids-family
el-cantante-dvd-rental-romantic-comedy,El Cantante,"<p>The rise and fall of salsa singer, Héctor Lavoe (1946-1993), as told from the perspective of his wife Puchi, who looks back from 2002.</p>",DVD,Media > Videos,"Rental, DVD, Romantic Comedy, Formatted",Genre,Romantic Comedy,shopify,1,deny,manual,0,39426554,https://image.tmdb.org/t/p/w1280/sm4E66pPhJTP8fAdZKOMRDz4BSR.jpg,,El Cantante (2006) poster,romantic-comedy
the-hunger-games-dvd-rental-fantasy,The Hunger Games,"<p>In a dystopian society where the Capitol forces each district to send two young tributes to fight to the death in a televised spectacle, a girl volunteers to take her sister’s place, setting the stage for a struggle of survival and defiance.</p>",DVD,Media > Videos,"Rental, DVD, Fantasy, Formatted",Genre,Fantasy,shopify,1,deny,manual,0,39393786,https://image.tmdb.org/t/p/w1280/apa5G43Hha7kH7wJG0gkkHT7FA9.jpg,,The Hunger Games (2012) poster,fantasy
usher-truth-tour-dvd-rental-musical,USHER: TRUTH TOUR,,DVD,Media > Videos,"Rental, DVD, Musical, Formatted",Genre,Musical,shopify,1,deny,manual,0,39361018,,,,musical
jesse-stone-lost-in-paradise-dvd-rental-thriller,Jesse Stone: Lost in Paradise,"<p>Police Chief Jesse Stone now presides over the quiet, seaside village of Paradise, Massachusetts. When the facts don't add up in a brutal Boston-area murder case, Jesse opens an investigation filled with surprises, unlikely suspects and grave danger. Though it's widely believed the murder was committed by an incarcerated serial killer, Jesse suspects another killer is at large and is hell-bent on bringing him to justice.</p>",DVD,Media > Videos,"Rental, DVD, Thriller, Formatted",Genre,Thriller,shopify,1,deny,manual,0,39328250,https://image.tmdb.org/t/p/w1280/gw5ax5lElk0G1MRDFIQT4V8xUZU.jpg,,Jesse Stone: Lost in Paradise (2015) poster,thriller
behind-enemy-lines-2-axis-of-evil-dvd-rental-action,Behind Enemy Lines 2: Axis of Evil,"<p>Navy SEALS, headed by Lt. Bobby James, are dispatched to North Korea on a covert mission, all in an effort to take out a missile site...</p>",DVD,Media > Videos,"Rental, DVD, Action, Formatted",Genre,Action,shopify,1,deny,manual,0,39295482,https://image.tmdb.org/t/p/w1280/7sbLeFbRxSNXHc1ZO4zxFy3sIgc.jpg,,Behind Enemy Lines 2: Axis of Evil (2006) poster,action
the-librarian-quest-for-the-spear-dvd-rental-action,The Librarian: Quest for the Spear,"<p>When a magical artifact is lifted from his library, a meek librarian sets out to ensure its safe return.</p>",DVD,Media > Videos,"Rental, DVD, Action, Formatted",Genre,Action,shopify,1,deny,manual,0,39229946,https://image.tmdb.org/t/p/w1280/wRwbSr0imj632D0qxaHQig4WYf3.jpg,,The Librarian: Quest for the Spear (2004) poster,action
meet-the-fockers-dvd-rental-comedy,Meet the Fockers,"<p>Hard-to-crack ex-CIA man Jack Byrnes and his wife Dina head for the warmer climes of Florida to meet the parents of their son-in-law-to-be, Greg Focker. Unlike their happily matched offspring, the future in-laws find themselves in a situation of opposites that definitely do not attract.</p>",DVD,Media > Videos,"Rental, DVD, Comedy, Formatted",Genre,Comedy,shopify,1,deny,manual,0,39197178,https://image.tmdb.org/t/p/w1280/59fXm6N2x7QSbvt6BaBxTNBXGL8.jpg,,Meet the Fockers (2004) poster,comedy
hip-hop-2000-dvd-rental-documentary,Hip Hop 2000,<p>Low-budget docudrama about rap music in the year 2000.</p>,DVD,Media > Videos,"Rental, DVD, Documentary, Formatted",Genre,Documentary,shopify,1,deny,manual,0,39164410,,,,documentary
uncle-saddam-dvd-rental-documentary,Uncle Saddam,<p>Everything you've ever wanted to know about Saddam Hussein (but were afraid to ask).</p>,DVD,Media > Videos,"Rental, DVD, Documentary, Formatted",Genre,Documentary,shopify,1,deny,manual,0,39131642,https://image.tmdb.org/t/p/w1280/psrUufVRGYMbt6yjY2DVj2k9Ppm.jpg,,Uncle Saddam (2000) poster,documentary
the-jensen-project-dvd-rental-sci-fi,The Jensen Project,"<p>After a sixteen-year absence, married scientists Claire and Matt Thompson reunite with The Jensen Project. The Jensen Project is a secret community of geniuses doing cutting edge research they share anonymously to help the world.</p>",DVD,Media > Videos,"Rental, DVD, Sci-Fi, Formatted",Genre,Sci-Fi,shopify,1,deny,manual,0,39066106,https://image.tmdb.org/t/p/w1280/4lDaxS7D9hPGz5hgBiInK0xi57R.jpg,,The Jensen Project (2010) poster,sci-fi
the-witches-hammer-dvd-rental-horror,The Witches Hammer,<p>On the day of her death a normal woman is transformed into a genetically engineered vampire and trained to kill. She is sent on a mission to stop the Souls of the Damned being unleashed into our dimension.</p>,DVD,Media > Videos,"Rental, DVD, Horror, Formatted",Genre,Horror,shopify,1,deny,manual,0,39000570,https://image.tmdb.org/t/p/w1280/ycVNSmiCMKxDKUHh1x8GHg59JWY.jpg,,The Witches Hammer (2006) poster,horror
motives-2-dvd-rental-thriller,Motives 2,,DVD,Media > Videos,"Rental, DVD, Thriller, Formatted",Genre,Thriller,shopify,1,deny,manual,0,38967802,,,,thriller
that-old-feeling-dvd-rental-romantic-comedy,That Old Feeling,<p>A bride's divorced parents find their old feelings for each other during the wedding reception and over the course of the next few days upsetting the newlywed's honeymoon.</p>,DVD,Media > Videos,"Rental, DVD, Romantic Comedy, Formatted",Genre,Romantic Comedy,shopify,1,deny,manual,0,38935034,https://image.tmdb.org/t/p/w1280/seeCorvsPL07f3Ga4RKqzzg8BBk.jpg,,That Old Feeling (1997) poster,romantic-comedy
wrath-of-the-titans-dvd-rental-fantasy,Wrath of the Titans,"<p>Perseus tries to live a quieter life as a village fisherman while – dangerously weakened by humanity's lack of devotion – the gods are losing control of the long-imprisoned Titans and their ferocious leader, Kronos.</p>",DVD,Media > Videos,"Rental, DVD, Fantasy, Formatted",Genre,Fantasy,shopify,1,deny,manual,0,38902266,https://image.tmdb.org/t/p/w1280/b9n2R3xZWQ8MVZgndQoV34stS0h.jpg,,Wrath of the Titans (2012) poster,fantasy
two-moon-junction-dvd-rental-drama,Two Moon Junction,"<p>A young Southern débutante temporarily abandons her posh lifestyle and upcoming, semi-arranged marriage to have a lustful and erotic fling with a rugged drifter who works at a local carnival.</p>",DVD,Media > Videos,"Rental, DVD, Drama, Formatted",Genre,Drama,shopify,1,deny,manual,0,38869498,https://image.tmdb.org/t/p/w1280/g3KQuCGX7ISTQ0EPyieGeH7M4L0.jpg,,Two Moon Junction (1988) poster,drama
autumn-blood-dvd-rental-thriller,Autumn Blood,"<p>Two young orphans in the Tirolian Mountains come under siege by a vicious band of hunters. Frightened of being separated by child services following the death of their mother, a self-sufficient 16-year-old girl and her 10-year-old brother - who hasn't spoken a word since seeing his father killed by the mayor - strive to live off the land in peace. Their innocence is shattered, however, when a group of hunters led by the mayor's son brutalizes and rapes the free-spirited girl. Later, when a well-meaning social services worker arrives too late to protect the terrorized siblings, the girl and her brother prepare to take a stand against their ruthless attackers.</p>",DVD,Media > Videos,"Rental, DVD, Thriller, Formatted",Genre,Thriller,shopify,1,deny,manual,0,38803962,https://image.tmdb.org/t/p/w1280/sZPCUqjULdmkjoJ2vqhf9ykktlL.jpg,,Autumn Blood (2013) poster,thriller
uss-poseidon-phantom-below-dvd-rental-action,USS Poseidon: Phantom Below,,DVD,Media > Videos,"Rental, DVD, Action, Formatted",Genre,Action,shopify,1,deny,manual,0,38771194,,,,action
how-high-dvd-rental-comedy,How High,"<p>Jamal and Silas, two ordinary guys who smoke something magical, pass their college entrance exams with flying colors and end up at Harvard. Ivy League ways are strange but Silas and Jamal take it in a stride -- until their supply of supernatural smoke runs dry. That's when they have to start living by their wits and rely on their natural resources to make the grade.</p>",DVD,Media > Videos,"Rental, DVD, Comedy, Formatted",Genre,Comedy,shopify,1,deny,manual,0,38738426,https://image.tmdb.org/t/p/w1280/qWF784YqUZE8KhbBfuqhMSzmUPs.jpg,,How High (2001) poster,comedy
the-seat-filler-dvd-rental-comedy,The Seat Filler,"<p>Derrick is a struggling law student who takes a job as an awards show seat filler to make ends meet. One day, he is seated next to the beautiful pop superstar Jhnelle, who mistakes him for a well-known industry executive. With an instant chemistry, the unlikely pair begin to date.</p>",DVD,Media > Videos,"Rental, DVD, Comedy, Formatted",Genre,Comedy,shopify,1,deny,manual,0,96271098,https://image.tmdb.org/t/p/w1280/iwSnXkciG5ogTRhbTeXzqolpSkK.jpg,,The Seat Filler (2004) poster,comedy
american-pie-dvd-rental-comedy,American Pie,,DVD,Media > Videos,"Rental, DVD, Comedy, Formatted",Genre,Comedy,shopify,1,deny,manual,0,96238330,,,,comedy
escapee-dvd-rental-action,Escapee,,DVD,Media > Videos,"Rental, DVD, Action, Formatted",Genre,Action,shopify,1,deny,manual,0,96205562,,,,action
a-walk-in-my-shoes-dvd-rental-drama,A Walk in My Shoes,,DVD,Media > Videos,"Rental, DVD, Drama, Formatted",Genre,Drama,shopify,1,deny,manual,0,96140026,,,,drama
wrestlemaniac-dvd-rental-horror,Wrestlemaniac,,DVD,Media > Videos,"Rental, DVD, Horror, Formatted",Genre,Horror,shopify,1,deny,manual,0,96107258,,,,horror
stir-of-echoes-2-dvd-rental-thriller,Stir of Echoes 2,,DVD,Media > Videos,"Rental, DVD, Thriller, Formatted",Genre,Thriller,shopify,1,deny,manual,0,96074490,,,,thriller
billy-flynns-long-half-time-walk-dvd-rental-drama,Billy Flynn's Long Half Time Walk,,DVD,Media > Videos,"Rental, DVD, Drama, Formatted",Genre,Drama,shopify,1,deny,manual,0,96008954,,,,drama
triple-feature-lone-survivor-jardhead-green-zone-dvd-rental-action,"Triple Feature: Lone Survivor, Jardhead, Green Zone",,DVD,Media > Videos,"Rental, DVD, Action, Formatted",Genre,Action,shopify,1,deny,manual,0,95976186,,,,action
the-spirit-dvd-floor-sale-action,The Spirit,,DVD,Media > Videos,"Floor Sale, DVD, Action, Formatted",Genre,Action,shopify,1,deny,manual,5.00,92699386,,,,action
ira-abby-dvd-floor-sale-romantic-comedy,Ira & Abby,"<p>A neurotic, young psychology student, with low self-esteem, has a chance encounter with a free-spirited, extremely gregarious woman who works at the Paris Health Club in New York City, and who suggests that they immediately get married to see how it will work out. Both of the student's parents are analysts, and they provide the happy couple with a gift certificate for a year of marriage counseling as a wedding present.</p>",DVD,Media > Videos,"Floor Sale, DVD, Romantic Comedy, Formatted",Genre,Romantic Comedy,shopify,1,deny,manual,5.00,92666618,https://image.tmdb.org/t/p/w1280/gK2XUjqWoqqYw6auny29W8tFwUG.jpg,,Ira & Abby (2006) poster,romantic-comedy
outpost-black-sun-dvd-floor-sale-horror,Outpost: Black Sun,"<p>A pair of investigators team up with a Special Forces Unit to venture deep inside a war raging between the military and a massive army of Nazi Zombie Stormtroopers. Their mission is to fight their way behind enemy lines, locate the technology at the source of this growing threat and prevent the seemingly inevitable rise of the 4th Reich.</p>",DVD,Media > Videos,"Floor Sale, DVD, Horror, Formatted",Genre,Horror,shopify,1,deny,manual,5.00,92633850,https://image.tmdb.org/t/p/w1280/verU1sFnGjB7NbpM6yStKEsWzyR.jpg,,Outpost: Black Sun (2012) poster,horror
the-mask-of-zorro-dvd-floor-sale-action,The Mask of Zorro,"<p>It has been twenty years since Don Diego de la Vega fought Spanish oppression in Alta California as the legendary romantic hero, Zorro. Having escaped from prison he transforms troubled bandit Alejandro into his successor, in order to foil the plans of the tyrannical Don Rafael Montero who robbed him of his freedom, his wife and his precious daughter.</p>",DVD,Media > Videos,"Floor Sale, DVD, Action, Formatted",Genre,Action,shopify,1,deny,manual,6.00,92568314,https://image.tmdb.org/t/p/w1280/bdMufwGDDzqu4kTSQwrKc5WR4bu.jpg,,The Mask of Zorro (1998) poster,action
the-john-singleton-4-movie-collection-dvd-floor-sale-drama,The John Singleton 4-Movie Collection,,DVD,Media > Videos,"Floor Sale, DVD, Drama, Formatted",Genre,Drama,shopify,1,deny,manual,6.00,92502778,,,,drama
dark-ride-dvd-floor-sale-horror,Dark Ride,"<p>Ten years after he brutally murdered two girls, a killer escapes from a mental institution and returns to his turf, the theme park attraction called Dark Ride. About to crash his path are a group of college kids on a road trip who stumble across the park.</p>",DVD,Media > Videos,"Floor Sale, DVD, Horror, Formatted",Genre,Horror,shopify,1,deny,manual,5.00,92470010,https://image.tmdb.org/t/p/w1280/pQbQuJ7JBpaybG3n8pX43YvIoMv.jpg,,Dark Ride (2006) poster,horror
contact-dvd-floor-sale-sci-fi,Contact,,DVD,Media > Videos,"Floor Sale, DVD, Sci-Fi, Formatted",Genre,Sci-Fi,shopify,1,deny,manual,5.00,92437242,,,,sci-fi
eyes-wide-shut-dvd-floor-sale-drama,Eyes Wide Shut,"<p>After Dr. Bill Harford's wife, Alice, admits to having sexual fantasies about a man she met, Bill becomes obsessed with having a sexual encounter. He discovers an underground sexual group and attends one of their meetings -- and quickly discovers that he is in over his head.</p>",DVD,Media > Videos,"Floor Sale, DVD, Drama, Formatted",Genre,Drama,shopify,1,deny,manual,5.00,92371706,https://image.tmdb.org/t/p/w1280/knEIz1eNGl5MQDbrEAVWA7iRqF9.jpg,,Eyes Wide Shut (1999) poster,drama
harry-potter-and-the-sorcerers-stone-dvd-floor-sale-kids-family,Harry Potter and the Sorcerer's Stone,,DVD,Media > Videos,"Floor Sale, DVD, Kids & Family, Formatted",Genre,Kids & Family,shopify,1,deny,manual,6.00,92338938,,,,kids-family
the-green-mile-dvd-floor-sale-drama,The Green Mile,"<p>A supernatural tale set on death row in a Southern prison, where gentle giant John Coffey possesses the mysterious power to heal people's ailments. When the cell block's head guard, Paul Edgecomb, recognizes Coffey's miraculous gift, he tries desperately to help stave off the condemned man's execution.</p>",DVD,Media > Videos,"Floor Sale, DVD, Drama, Formatted",Genre,Drama,shopify,1,deny,manual,5.00,92306170,https://image.tmdb.org/t/p/w1280/8VG8fDNiy50H4FedGwdSVUPoaJe.jpg,,The Green Mile (1999) poster,drama
bloody-disgusting-3-movie-collection-dvd-floor-sale-horror,Bloody Disgusting 3-Movie Collection,,DVD,Media > Videos,"Floor Sale, DVD, Horror, Formatted",Genre,Horror,shopify,1,deny,manual,7.00,92273402,,,,horror
dangerous-ground-dvd-floor-sale-action,Dangerous Ground,,DVD,Media > Videos,"Floor Sale, DVD, Action, Formatted",Genre,Action,shopify,1,deny,manual,5.00,92240634,,,,action
kentucky-fried-movie-dvd-floor-sale-comedy,Kentucky Fried Movie,"<p>A series of loosely connected skits that spoof news programs, commercials, porno films, kung-fu films, disaster films, blaxploitation films, spy films, mafia films, and the fear that somebody is watching you on the other side of the TV.</p>",DVD,Media > Videos,"Floor Sale, DVD, Comedy, Formatted",Genre,Comedy,shopify,1,deny,manual,5.00,92175098,https://image.tmdb.org/t/p/w1280/qk0iXBQgP6b4xfS2bIUNBSENJAn.jpg,,Kentucky Fried Movie (1977) poster,comedy
shanghai-noon-dvd-floor-sale-comedy,Shanghai Noon,"<p>Chon Wang, a clumsy imperial guard, trails Princess Pei Pei when she's kidnapped from the Forbidden City and transported to America. Wang follows her captors to Nevada, where he teams up with an unlikely partner, outcast outlaw Roy O'Bannon, and tries to spring the princess from her imprisonment.</p>",DVD,Media > Videos,"Floor Sale, DVD, Comedy, Formatted",Genre,Comedy,shopify,1,deny,manual,5.00,92142330,https://image.tmdb.org/t/p/w1280/b0WwWRcDiDahkah5vZ0KjB4N9ZZ.jpg,,Shanghai Noon (2000) poster,comedy
hidalgo-dvd-floor-sale-action,Hidalgo,,DVD,Media > Videos,"Floor Sale, DVD, Action, Formatted",Genre,Action,shopify,1,deny,manual,5.00,92109562,,,,action
dragon-wars-d-war-dvd-floor-sale-fantasy,Dragon Wars D-War,"<p>Ethan learns he carries the spirit of a warrior who battled dragons in 16th-century Korea -- and one day he'll find a tattooed girl carrying the spirit of that warrior's beloved. Years later, he meets Sarah and dragons soon descend on Los Angeles seeking out the two souls of the ancient lovers.</p>",DVD,Media > Videos,"Floor Sale, DVD, Fantasy, Formatted",Genre,Fantasy,shopify,1,deny,manual,5.00,92076794,https://image.tmdb.org/t/p/w1280/rEpvqWGu08coDLUpcpiz4sMoDYo.jpg,,Dragon Wars D-War (2007) poster,fantasy
pirates-of-the-carribean-the-curse-of-the-black-pearl-dvd-floor-sale-kids-family,Pirates of the Carribean: The Curse of the Black Pearl,,DVD,Media > Videos,"Floor Sale, DVD, Kids & Family, Formatted",Genre,Kids & Family,shopify,1,deny,manual,5.00,92044026,,,,kids-family
takers-dvd-floor-sale-action,Takers,,DVD,Media > Videos,"Floor Sale, DVD, Action, Formatted",Genre,Action,shopify,1,deny,manual,5.00,92011258,,,,action
american-sniper-dvd-floor-sale-drama,American Sniper,"<p>U.S. Navy SEAL Chris Kyle takes his sole mission—protect his comrades—to heart and becomes one of the most lethal snipers in American history. His pinpoint accuracy not only saves countless lives but also makes him a prime target of insurgents. Despite grave danger and his struggle to be a good husband and father to his family back in the States, Kyle serves four tours of duty in Iraq. However, when he finally returns home, he finds that he cannot leave the war behind.</p>",DVD,Media > Videos,"Floor Sale, DVD, Drama, Formatted",Genre,Drama,shopify,1,deny,manual,5.00,91978490,https://image.tmdb.org/t/p/w1280/i1U46OwMc6vlm7OoSUKfqUH615e.jpg,,American Sniper (2014) poster,drama
blade-trilogy-dvd-floor-sale-sci-fi,Blade Trilogy,,DVD,Media > Videos,"Floor Sale, DVD, Sci-Fi, Formatted",Genre,Sci-Fi,shopify,1,deny,manual,6.00,91945722,,,,sci-fi
skyfire-dvd-floor-sale-action,Skyfire,"<p>Tianhuo Island is as beautiful as a paradise. It almost makes people forget that it is located in the ""Ring of Fire"" the world-famous Pacific Rim volcanic belt. The volcano erupts, and the fates of the people on the island are entangled.</p>",DVD,Media > Videos,"Floor Sale, DVD, Action, Formatted",Genre,Action,shopify,1,deny,manual,5.00,91912954,https://image.tmdb.org/t/p/w1280/dDf8M1yMwvBVe8VtOKxCpOog8CF.jpg,,Skyfire (2019) poster,action
bloodshot-dvd-5,Bloodshot,"<p>After he and his wife are murdered, marine Ray Garrison is resurrected by a team of scientists. Enhanced with nanotechnology, he becomes a superhuman, biotech killing machine—'Bloodshot'. As Ray first trains with fellow super-soldiers, he cannot recall anything from his former life. But when his memories flood back and he remembers the man that killed both him and his wife, he breaks out of the facility to get revenge, only to discover that there's more to the conspiracy than he thought.</p>",DVD,Media > Videos,"Floor Sale, DVD, Action, Formatted",Genre,Action,shopify,1,deny,manual,5.00,42400506,https://image.tmdb.org/t/p/w1280/8WUVHemHFH2ZIP6NWkwlHWsyrEL.jpg,,Bloodshot (2020) poster,action
crank-dvd-6,Crank,,DVD,Media > Videos,"Floor Sale, DVD, Action, Formatted",Genre,Action,shopify,1,deny,manual,6.00,42367738,,,,action
the-secret-life-of-pets-dvd-6,The Secret Life of Pets,,DVD,Media > Videos,"Floor Sale, DVD, Kids & Family, Formatted",Genre,Kids & Family,shopify,1,deny,manual,6.00,42334970,,,,kids-family
star-wars-the-force-awakens-dvd-5,Star Wars: The Force Awakens,"<p>Thirty years after defeating the Galactic Empire, Han Solo and his allies face a new threat from the evil Kylo Ren and his army of Stormtroopers.</p>",DVD,Media > Videos,"Floor Sale, DVD, Sci-Fi, Formatted",Genre,Sci-Fi,shopify,1,deny,manual,5.00,42302202,https://image.tmdb.org/t/p/w1280/wqnLdwVXoBjKibFRR5U3y0aDUhs.jpg,,Star Wars: The Force Awakens (2015) poster,sci-fi
v-for-vendetta-dvd-5,V for Vendetta,"<p>In a world in which Great Britain has become a fascist state, a masked vigilante known only as “V” conducts guerrilla warfare against the oppressive British government. When V rescues a young woman from the secret police, he finds in her an ally with whom he can continue his fight to free the people of Britain.</p>",DVD,Media > Videos,"Floor Sale, DVD, Action, Formatted",Genre,Action,shopify,1,deny,manual,5.00,42269434,https://image.tmdb.org/t/p/w1280/1avD1JeaRiJX5M4ahPdZPypGoGN.jpg,,V for Vendetta (2006) poster,action
elf-dvd-5,Elf,,DVD,Media > Videos,"Floor Sale, DVD, Kids & Family, Formatted",Genre,Kids & Family,shopify,1,deny,manual,5.00,42236666,,,,kids-family
resident-evil-collection-dvd-7,Resident Evil Collection,,DVD,Media > Videos,"Floor Sale, DVD, Action, Formatted",Genre,Action,shopify,1,deny,manual,7.00,42203898,,,,action
the-dark-knight-dvd-6,The Dark Knight,"<p>Batman raises the stakes in his war on crime. With the help of Lt. Jim Gordon and District Attorney Harvey Dent, Batman sets out to dismantle the remaining criminal organizations that plague the streets. The partnership proves to be effective, but they soon find themselves prey to a reign of chaos unleashed by a rising criminal mastermind known to the terrified citizens of Gotham as the Joker.</p>",DVD,Media > Videos,"Floor Sale, DVD, Action, Formatted",Genre,Action,shopify,1,deny,manual,6.00,42171130,https://image.tmdb.org/t/p/w1280/qJ2tW6WMUDux911r6m7haRef0WH.jpg,,The Dark Knight (2008) poster,action
the-dark-dvd-5,The Dark,,DVD,Media > Videos,"Floor Sale, DVD, Horror, Formatted",Genre,Horror,shopify,1,deny,manual,5.00,42138362,,,,horror
deep-in-the-darkness-dvd-5,Deep in the Darkness,"<p>Dr. Michael Cayle thought leaving the chaotic lifestyle of New York City behind for the quiet, small town of Ashborough would bring his family closer together. Soon after arriving, however, he discovers the town's deepest secret: a terrifying and controlling race of creatures that live amongst the darkness in the woods behind his home.</p>",DVD,Media > Videos,"Floor Sale, DVD, Horror, Formatted",Genre,Horror,shopify,1,deny,manual,5.00,42105594,https://image.tmdb.org/t/p/w1280/igJo6txL8k83Y203mJZGkIOD1PU.jpg,,Deep in the Darkness (2014) poster,horror
point-blank-dvd-5,Point Blank,,DVD,Media > Videos,"Floor Sale, DVD, Action, Formatted",Genre,Action,shopify,1,deny,manual,5.00,42072826,,,,action
the-new-guy-dvd-floor-sale-comedy,The New Guy,<p>120</p>,DVD,Media > Videos,"Floor Sale, DVD, Comedy, Formatted",Genre,Comedy,shopify,1,deny,manual,6.00,42040058,https://image.tmdb.org/t/p/w1280/aekXSzkn3zry6aummMl7AU4rSa8.jpg,,The New Guy (2002) poster,comedy
miramax-movies-dvd-floor-sale-drama,Miramax Movies,,DVD,Media > Videos,"Floor Sale, DVD, Drama, Formatted",Genre,Drama,shopify,1,deny,manual,5.00,41974522,,,,drama
beef-4-dvd-floor-sale-documentary,Beef 4,<p>6</p>,DVD,Media > Videos,"Floor Sale, DVD, Documentary, Formatted",Genre,Documentary,shopify,1,deny,manual,6.00,41941754,,,,documentary
max-bishop-dvd-floor-sale-comedy,Max Bishop,<p>5</p>,DVD,Media > Videos,"Floor Sale, DVD, Comedy, Formatted",Genre,Comedy,shopify,1,deny,manual,5.00,41908986,https://image.tmdb.org/t/p/w1280/dHoOqGsM174m8xtXyrLrGtGiDiK.jpg,,Max Bishop (2021) poster,comedy
booty-call-dvd-floor-sale-comedy,Booty Call,<p>15</p>,DVD,Media > Videos,"Floor Sale, DVD, Thriller, Comedy, Formatted",Genre,Thriller,shopify,1,deny,manual,5.00,41876218,https://image.tmdb.org/t/p/w1280/1pQpHVm3AXIwbBUnwGEQ0q95E0L.jpg,,Booty Call (1997) poster,thriller; comedy
swimfan-dvd-floor-sale-thriller,Swimfan,<p>5</p>,DVD,Media > Videos,"Floor Sale, DVD, Thriller, Formatted",Genre,Thriller,shopify,1,deny,manual,5.00,41843450,https://image.tmdb.org/t/p/w1280/mOAiqOivdVecMu0yhumN6pzDWmo.jpg,,Swimfan (2002) poster,thriller
most-wanted-dvd-floor-sale-action,Most Wanted,<p>5</p>,DVD,Media > Videos,"Floor Sale, DVD, Action, Formatted",Genre,Action,shopify,1,deny,manual,5.00,41810682,,,,action
purple-rain-dvd-floor-sale-musical,Purple Rain,<p>5</p>,DVD,Media > Videos,"Floor Sale, DVD, Musical, Formatted",Genre,Musical,shopify,1,deny,manual,5.00,41777914,https://image.tmdb.org/t/p/w1280/vkQmzaSuDj8QyXmwNhCceCAmwUe.jpg,,Purple Rain (1984) poster,musical
entrapment-dvd-5,Entrapment,<p>5</p>,DVD,Media > Videos,"Floor Sale, DVD, Action, Formatted",Genre,Action,shopify,1,deny,manual,5.00,41745146,https://image.tmdb.org/t/p/w1280/psrm7DToacaxQvgViBAcrYiLKzH.jpg,,Entrapment (1999) poster,action
miiii-dvd-5,M:I:III,<p>5</p>,DVD,Media > Videos,"Floor Sale, DVD, Action, Formatted",Genre,Action,shopify,1,deny,manual,5.00,41712378,,,,action
remember-the-titans-bluray-6,Remember the Titans,<p>6</p>,Blu-Ray,Media > Videos,"Floor Sale, Blu-Ray, Drama, Formatted",Genre,Drama,shopify,1,deny,manual,6.00,41679610,https://image.tmdb.org/t/p/w1280/825ohvC4wZ3gCuncCaqkWeQnK8h.jpg,,Remember the Titans (2000) poster,drama
x-men-bluray-6,X-Men,<p>6</p>,Blu-Ray,Media > Videos,"Floor Sale, Blu-Ray, Action, Formatted",Genre,Action,shopify,1,deny,manual,6.00,41646842,https://image.tmdb.org/t/p/w1280/bRDAc4GogyS9ci3ow7UnInOcriN.jpg,,X-Men (2000) poster,action
star-wars-i-ii-iii-bluray-16,"Star Wars: I, II, III",<p>16</p>,Blu-Ray,Media > Videos,"Floor Sale, Blu-Ray, Sci-Fi, Formatted",Genre,Sci-Fi,shopify,1,deny,manual,16.00,41614074,,,,sci-fi
i-am-legend-dvd-5,I am Legend,<p>10</p>,DVD,Media > Videos,"Floor Sale, DVD, Sci-Fi, Formatted",Genre,Sci-Fi,shopify,1,deny,manual,5.00,41581306,,,,sci-fi
oija-dvd-5,Oija,<p>5</p>,DVD,Media > Videos,"Floor Sale, DVD, Horror, Formatted",Genre,Horror,shopify,1,deny,manual,5.00,41057018,,,,horror
tears-of-the-sun-bluray-6,Tears of the Sun,<p>6</p>,Blu-Ray,Media > Videos,"Floor Sale, Blu-Ray, Action, Formatted",Genre,Action,shopify,1,deny,manual,6.00,41024250,,,,action
fighting-dvd-4,Fighting,<p>4</p>,DVD,Media > Videos,"Floor Sale, DVD, Action, Formatted",Genre,Action,shopify,1,deny,manual,4.00,40991482,,,,action
furious-7-dvd-6,Furious 7,<p>6</p>,DVD,Media > Videos,"Floor Sale, DVD, Action, Formatted",Genre,Action,shopify,1,deny,manual,6.00,40925946,https://image.tmdb.org/t/p/w1280/ktofZ9Htrjiy0P6LEowsDaxd3Ri.jpg,,Furious 7 (2015) poster,action
mad-money-dvd-5,Mad Money,<p>10</p>,DVD,Media > Videos,"Floor Sale, DVD, Comedy, Formatted",Genre,Comedy,shopify,1,deny,manual,5.00,40893178,,,,comedy
waynes-world-dvd-rental-comedy,Wayne's World,,DVD,Media > Videos,"Rental, DVD, Comedy, Formatted",Genre,Comedy,shopify,1,deny,manual,0,01256186,,,,comedy
the-twiligh-saga-breaking-dawn-part-1-dvd-rental-fantasy,The Twiligh Saga: Breaking Dawn Part 1,,DVD,Media > Videos,"Rental, DVD, Fantasy, Formatted",Genre,Fantasy,shopify,1,deny,manual,0,01223418,,,,fantasy
soul-surfer-dvd-rental-drama,Soul Surfer,"<p>The true story of teen surfer Bethany Hamilton, who lost her arm in a shark attack and courageously overcame all odds to become a champion again, through her sheer determination and unwavering faith.</p>",DVD,Media > Videos,"Rental, DVD, Drama, Formatted",Genre,Drama,shopify,1,deny,manual,0,01190650,https://image.tmdb.org/t/p/w1280/cvgRxrEupUFeJ0xzUExJo4dMXbL.jpg,,Soul Surfer (2011) poster,drama
poms-dvd-rental-comedy,Poms,"<p>After moving to a retirement community, loner Martha eventually befriends her fun-loving neighbor, Sheryl, and forms a cheerleading club for young-at-heart seniors, though they face roadblocks along the way.</p>",DVD,Media > Videos,"Rental, DVD, Comedy, Formatted",Genre,Comedy,shopify,1,deny,manual,0,00994042,https://image.tmdb.org/t/p/w1280/m2ksKdmWIoUh3GJfu9oEBLorjAJ.jpg,,Poms (2019) poster,comedy
finding-neverland-dvd-rental-kids-family,Finding Neverland,"<p>During a writing slump, playwright J.M. Barrie meets a widow and her four children, all young boys—who soon become an important part of Barrie’s life and the inspiration that lead him to create his masterpiece. Peter Pan.</p>",DVD,Media > Videos,"Rental, DVD, Kids & Family, Formatted",Genre,Kids & Family,shopify,1,deny,manual,0,00961274,https://image.tmdb.org/t/p/w1280/A9jgLICNCEb3lvWdNaIKAG9pRdp.jpg,,Finding Neverland (2004) poster,kids-family
fried-green-tomatoes-dvd-rental-drama,Fried Green Tomatoes,"<p>Amidst her own personality crisis, a southern housewife meets an outgoing old woman who tells her the story of Idgie Threadgoode and Ruth Jamison, two young women who experienced hardships and love in 1920s Whistle Stop, Alabama.</p>",DVD,Media > Videos,"Rental, DVD, Drama, Formatted",Genre,Drama,shopify,1,deny,manual,0,00928506,https://image.tmdb.org/t/p/w1280/g71l1vbJwyAAYk8zKCkIQQ58qcb.jpg,,Fried Green Tomatoes (1991) poster,drama
men-in-black-ii-dvd-rental-sci-fi,Men in Black II,"<p>Kay and Jay reunite to provide our best, last and only line of defense against a sinister seductress who levels the toughest challenge yet to the MIB's untarnished mission statement – protecting Earth from the scum of the universe. It's been four years since the alien-seeking agents averted an intergalactic disaster of epic proportions. Now it's a race against the clock as Jay must convince Kay – who not only has absolutely no memory of his time spent with the MIB, but is also the only living person left with the expertise to save the galaxy – to reunite with the MIB before the earth submits to ultimate destruction.</p>",DVD,Media > Videos,"Rental, DVD, Sci-Fi, Formatted",Genre,Sci-Fi,shopify,1,deny,manual,0,00895738,https://image.tmdb.org/t/p/w1280/enA22EPyzc2WQ1VVyY7zxresQQr.jpg,,Men in Black II (2002) poster,sci-fi
the-mod-squad-dvd-rental-drama,The Mod Squad,<p>Three youthful delinquents escape conviction for their crimes by teaming with the LAPD.</p>,DVD,Media > Videos,"Rental, DVD, Drama, Formatted",Genre,Drama,shopify,1,deny,manual,0,00633594,https://image.tmdb.org/t/p/w1280/7c20VEblNKkDiBuA6bE6kbeHqHa.jpg,,The Mod Squad (1999) poster,drama
adventures-in-babysitting-dvd-rental-comedy,Adventures in Babysitting,,DVD,Media > Videos,"Rental, DVD, Comedy, Formatted",Genre,Comedy,shopify,1,deny,manual,0,00600826,,,,comedy
bloodshot-dvd-rental-sci-fi,Bloodshot,"<p>After he and his wife are murdered, marine Ray Garrison is resurrected by a team of scientists. Enhanced with nanotechnology, he becomes a superhuman, biotech killing machine—'Bloodshot'. As Ray first trains with fellow super-soldiers, he cannot recall anything from his former life. But when his memories flood back and he remembers the man that killed both him and his wife, he breaks out of the facility to get revenge, only to discover that there's more to the conspiracy than he thought.</p>",DVD,Media > Videos,"Rental, DVD, Sci-Fi, Formatted",Genre,Sci-Fi,shopify,1,deny,manual,0,90606586,https://image.tmdb.org/t/p/w1280/8WUVHemHFH2ZIP6NWkwlHWsyrEL.jpg,,Bloodshot (2020) poster,sci-fi
the-sum-of-all-fears-dvd-rental-action,The Sum of All Fears,"<p>When the president of Russia suddenly dies, a man whose politics are virtually unknown succeeds him. The change in political leaders sparks paranoia among American CIA officials, so CIA director Bill Cabot recruits a young analyst to supply insight and advice on the situation. Then the unthinkable happens: a nuclear bomb explodes in a U.S. city, and America is quick to blame the Russians.</p>",DVD,Media > Videos,"Rental, DVD, Action, Formatted",Genre,Action,shopify,1,deny,manual,0,90573818,https://image.tmdb.org/t/p/w1280/3E4LW4bjRhEMDeeXeIsmkJ94v8K.jpg,,The Sum of All Fears (2002) poster,action
joe-dirt-dvd-rental-comedy,Joe Dirt,"<p>Joe Dirt is a janitor with a mullet hairdo, acid-washed jeans and a dream to find the parents that he lost at the Grand Canyon when he was a belligerent, trailer park-raised eight-year-old. Now, blasting Van Halen in his jacked-up economy car, the irrepressibly optimistic Joe hits the road alone in search of his folks.</p>",DVD,Media > Videos,"Rental, DVD, Comedy, Formatted",Genre,Comedy,shopify,1,deny,manual,0,90508282,https://image.tmdb.org/t/p/w1280/yykDEtHk6DMtZK8EaxW88YyQ054.jpg,,Joe Dirt (2001) poster,comedy
nights-in-rodanthe-dvd-rental-drama,Nights in Rodanthe,"<p>Adrienne is trying to decide whether to stay in her unhappy marriage or not, and her life changes when Paul, a doctor who is travelling to reconcile with his estranged son, checks into an inn where she is staying.</p>",DVD,Media > Videos,"Rental, DVD, Drama, Formatted",Genre,Drama,shopify,1,deny,manual,0,90409978,https://image.tmdb.org/t/p/w1280/nyB5BeSNJUcWwKN7ypCMjbvnarq.jpg,,Nights in Rodanthe (2008) poster,drama
the-fighter-bluray-rental-drama,The Fighter,,Blu-Ray,Media > Videos,"Rental, Blu-Ray, Drama, Formatted",Genre,Drama,shopify,1,deny,manual,0,90344442,,,,drama
sleepover-dvd-rental-comedy,Sleepover,,DVD,Media > Videos,"Rental, DVD, Comedy, Formatted",Genre,Comedy,shopify,1,deny,manual,0,87362554,,,,comedy
the-trouble-with-angels-dvd-rental-comedy,The Trouble with Angels,"<p>Mary and her friend, Rachel, are new students at St. Francis Academy, a boarding school run by the iron fist of Mother Superior. The immature teens grow bored and begin playing pranks on both the unsuspecting nuns and their unpleasant classmates, becoming a constant thorn in Mother Superior's side. However, as the years pass, Mary and Rachel slowly mature and begin to see the nuns in a different light.</p>",DVD,Media > Videos,"Rental, DVD, Comedy, Formatted",Genre,Comedy,shopify,1,deny,manual,0,86019066,https://image.tmdb.org/t/p/w1280/bv0yTpB2so7mtjG7VIbZyfuJaO1.jpg,,The Trouble with Angels (1966) poster,comedy
salems-lot-dvd-rental-horror,Salem's Lot,<p>Author Ben Mears returns to his childhood home of Jerusalem's Lot only to discover his hometown is being preyed upon by a bloodthirsty vampire.</p>,DVD,Media > Videos,"Rental, DVD, Horror, Formatted",Genre,Horror,shopify,1,deny,manual,0,84052986,https://image.tmdb.org/t/p/w1280/qFAK70ePry3kQWEnqsGYeZPhNPa.jpg,,Salem's Lot (2024) poster,horror
a-night-at-the-roxbury-dvd-rental-comedy,A Night at the Roxbury,"<p>Despite being well into adulthood, brothers Doug and Steve Butabi still live at home and work in the flower shop owned by their dad. They exist only to hit on women at discos, though they're routinely unsuccessful until a chance run-in with Richard Grieco gets them inside the swank Roxbury club. Mistaken for high rollers, they meet their dream women, Vivica and Cambi, and resolve to open a club of their own.</p>",DVD,Media > Videos,"Rental, DVD, Comedy, Formatted",Genre,Comedy,shopify,1,deny,manual,0,84020218,https://image.tmdb.org/t/p/w1280/7oZ5xE4AL4D5EbeQUaoRxahgzJX.jpg,,A Night at the Roxbury (1998) poster,comedy
the-peanuts-movie-dvd-rental-kids-family,The Peanuts Movie,"<p>Snoopy embarks upon his greatest mission as he and his team take to the skies to pursue their arch-nemesis, while his best pal Charlie Brown begins his own epic quest.</p>",DVD,Media > Videos,"Rental, DVD, Kids & Family, Formatted",Genre,Kids & Family,shopify,1,deny,manual,0,81824762,https://image.tmdb.org/t/p/w1280/aiwdwnl7RFs1vcBanOKr13ye3wE.jpg,,The Peanuts Movie (2015) poster,kids-family
hugo-dvd-rental-kids-family,Hugo,,DVD,Media > Videos,"Rental, DVD, Kids & Family, Formatted",Genre,Kids & Family,shopify,1,deny,manual,0,81791994,,,,kids-family
sliding-doors-dvd-rental-romantic-comedy,Sliding Doors,"<p>Helen, a London ad executive, is fired from her job and rushes out to catch a train, but, as she runs down, her life suddenly splits off. In one version she catches the train; in the second, she misses it. Her whole life changes in that one second, and the rest of the film depicts what happens in each scenario.</p>",DVD,Media > Videos,"Rental, DVD, Romantic Comedy, Formatted",Genre,Romantic Comedy,shopify,1,deny,manual,0,78547962,https://image.tmdb.org/t/p/w1280/s8VOVTywXZIIHqdEjkCZziH0ebq.jpg,,Sliding Doors (1998) poster,romantic-comedy
christmas-in-wonderland-dvd-rental-holiday,Christmas in Wonderland,"<p>Three kids and their Dad move from L.A to Edmonton. When they go shopping at West Edmonton Mall they find counterfeit cash. They inadvertently help catch the crooks, and later make a discovery about Santa</p>",DVD,Media > Videos,"Rental, DVD, Holiday, Formatted",Genre,Holiday,shopify,1,deny,manual,0,78515194,https://image.tmdb.org/t/p/w1280/hotSmLeGAcU0gjJCLC6VEFHangL.jpg,,Christmas in Wonderland (2007) poster,holiday
life-dvd-rental-sci-fi,Life,,DVD,Media > Videos,"Rental, DVD, Sci-Fi, Formatted",Genre,Sci-Fi,shopify,1,deny,manual,0,76647418,,,,sci-fi
beginners-dvd-rental-romantic-comedy,Beginners,,DVD,Media > Videos,"Rental, DVD, Romantic Comedy, Formatted",Genre,Romantic Comedy,shopify,1,deny,manual,0,76614650,,,,romantic-comedy
three-days-of-rain-dvd-rental-drama,Three Days of Rain,,DVD,Media > Videos,"Rental, DVD, Drama, Formatted",Genre,Drama,shopify,1,deny,manual,0,73436154,,,,drama
blood-sweat-and-terrors-dvd-rental-horror,"Blood, Sweat and Terrors","<p>Anthology film consisting of 9 shorts featuring blood, action and horror.</p>",DVD,Media > Videos,"Rental, DVD, Horror, Formatted",Genre,Horror,shopify,1,deny,manual,0,73403386,https://image.tmdb.org/t/p/w1280/dfd7xEN3Fgr8U3g7OLk4DUKtY2p.jpg,,"Blood, Sweat and Terrors (2018) poster",horror
fly-away-home-dvd-rental-kids-family,Fly Away Home,,DVD,Media > Videos,"Rental, DVD, Kids & Family, Formatted",Genre,Kids & Family,shopify,1,deny,manual,0,70224890,,,,kids-family
scarface-dvd-rental-drama,Scarface,,DVD,Media > Videos,"Rental, DVD, Drama, Formatted",Genre,Drama,shopify,1,deny,manual,0,69274618,,,,drama
fired-up-dvd-rental-comedy,Fired Up,,DVD,Media > Videos,"Rental, DVD, Comedy, Formatted",Genre,Comedy,shopify,1,deny,manual,0,67603450,,,,comedy
abduction-dvd-rental-action,Abduction,,DVD,Media > Videos,"Rental, DVD, Action, Formatted",Genre,Action,shopify,1,deny,manual,0,67570682,,,,action
soul-survivors-dvd-rental-horror,Soul Survivors,,DVD,Media > Videos,"Rental, DVD, Horror, Formatted",Genre,Horror,shopify,1,deny,manual,0,67537914,,,,horror
a-christmas-star-dvd-rental-holiday,A Christmas Star,,DVD,Media > Videos,"Rental, DVD, Holiday, Formatted",Genre,Holiday,shopify,1,deny,manual,0,59706362,,,,holiday
girls-trip-dvd-rental-comedy,Girls Trip,,DVD,Media > Videos,"Rental, DVD, Comedy, Formatted",Genre,Comedy,shopify,1,deny,manual,0,59673594,,,,comedy
jasons-lyric-dvd-rental-drama,Jason's Lyric,<p>The story of a young man who must confront his own fears about love as well as his relationships with family and friends.</p>,DVD,Media > Videos,"Rental, DVD, Drama, Formatted",Genre,Drama,shopify,1,deny,manual,0,59640826,https://image.tmdb.org/t/p/w1280/2dXA5dNh3kqDQwRt08TxxgldTOW.jpg,,Jason's Lyric (1994) poster,drama
the-best-exotic-marigold-hotel-dvd-rental-comedy,The Best Exotic Marigold Hotel,"<p>British retirees travel to India to take up residence in what they believe is a newly restored hotel. Less luxurious than its advertisements, the Marigold Hotel nevertheless slowly begins to charm in unexpected ways as the residents find new purpose in their old age.</p>",DVD,Media > Videos,"Rental, DVD, Comedy, Formatted",Genre,Comedy,shopify,1,deny,manual,0,59608058,https://image.tmdb.org/t/p/w1280/gNWiOKTWDvPTpr7QfPWk18gLftz.jpg,,The Best Exotic Marigold Hotel (2012) poster,comedy
help-i-shrunk-my-friends-dvd-rental-kids-family,"Help, I Shrunk my Friends","<p>Melanie is a new pupil at the Otto Leonhard High School, and Felix takes a real shine to this newbie, much to the annoyance of Ella and Felix’s gang. They believe that Melanie is responsible for a number of small thefts that have been happening at the school since she arrived. Events take a drastic turn when the class goes on a school trip...</p>",DVD,Media > Videos,"Rental, DVD, Kids & Family, Formatted",Genre,Kids & Family,shopify,1,deny,manual,0,59575290,https://image.tmdb.org/t/p/w1280/fmHVUJ6ueMaVfB6rkmzAlFmA9hA.jpg,,"Help, I Shrunk my Friends (2021) poster",kids-family
snow-white-the-huntsman-dvd-rental-fantasy,Snow White & the Huntsman,"<p>After the Evil Queen marries the King, she performs a violent coup in which the King is murdered and his daughter, Snow White, is taken captive. Almost a decade later, a grown Snow White is still in the clutches of the Queen. In order to obtain immortality, The Evil Queen needs the heart of Snow White. After Snow escapes the castle, the Queen sends the Huntsman to find her in the Dark Forest.</p>",DVD,Media > Videos,"Rental, DVD, Fantasy, Formatted",Genre,Fantasy,shopify,1,deny,manual,0,49908730,https://image.tmdb.org/t/p/w1280/8HUa5kRubYbnAD5UVpnhTGGgMTW.jpg,,Snow White & the Huntsman (2012) poster,fantasy
bless-the-child-dvd-rental-horror,Bless the Child,,DVD,Media > Videos,"Rental, DVD, Horror, Formatted",Genre,Horror,shopify,1,deny,manual,0,49875962,,,,horror
feast-dvd-rental-horror,Feast,,DVD,Media > Videos,"Rental, DVD, Horror, Formatted",Genre,Horror,shopify,1,deny,manual,0,48466938,,,,horror
a-walk-among-the-tombstone-dvd-rental-thriller,A Walk Among the Tombstone,<p>Private investigator Matthew Scudder is hired by a drug kingpin to find out who kidnapped and murdered his wife.</p>,DVD,Media > Videos,"Rental, DVD, Thriller, Formatted",Genre,Thriller,shopify,1,deny,manual,0,45353978,https://image.tmdb.org/t/p/w1280/euPgyPsiNFp6gOBB7nUFxvN5ZaY.jpg,,A Walk Among the Tombstone (2014) poster,thriller
the-gathering-dvd-rental-horror,The Gathering,,DVD,Media > Videos,"Rental, DVD, Horror, Formatted",Genre,Horror,shopify,1,deny,manual,0,44534778,,,,horror
lara-croft-tomb-raider-dvd-rental-action,Lara Croft Tomb Raider,"<p>Orphaned heiress, English aristocrat and intrepid archaeologist, Lara Croft, embarks on a dangerous quest to retrieve the two halves of an ancient artifact which controls time before it falls into the wrong hands. As an extremely rare planetary alignment is about to occur for the first time in 5,000 years, the fearless tomb raider will have to team up with rival adventurers and sworn enemies to collect the pieces, while time is running out. But, in the end, who can harness the archaic talisman's unlimited power?</p>",DVD,Media > Videos,"Rental, DVD, Action, Formatted",Genre,Action,shopify,1,deny,manual,0,46103802,https://image.tmdb.org/t/p/w1280/sJpl1EfHGZhbKtZ3fWTlwrpM1tH.jpg,,Lara Croft Tomb Raider (2001) poster,action
miiii-dvd-rental-action,M:I:III,,DVD,Media > Videos,"Rental, DVD, Action, Formatted",Genre,Action,shopify,1,deny,manual,0,46071034,,,,action
collateral-dvd-rental-action,Collateral,,DVD,Media > Videos,"Rental, DVD, Action, Formatted",Genre,Action,shopify,1,deny,manual,0,46038266,,,,action
racing-stripes-dvd-rental-kids-family,Racing Stripes,"<p>Shattered illusions are hard to repair -- especially for a good-hearted zebra named Stripes who's spent his life on a Kentucky farm amidst the sorely mistaken notion that he's a debonair thoroughbred. Once he faces the fact that his stark stripes mark him as different, he decides he'll race anyway. And with help from the young girl who raised him, he just might end up in the winner's circle.</p>",DVD,Media > Videos,"Rental, DVD, Kids & Family, Formatted",Genre,Kids & Family,shopify,1,deny,manual,0,46005498,https://image.tmdb.org/t/p/w1280/epDsuf5oUdzTFYHqV2IRcyy8Rwc.jpg,,Racing Stripes (2005) poster,kids-family
apollo-13-dvd-rental-drama,Apollo 13,"<p>The true story of technical troubles that scuttle the Apollo 13 lunar mission in 1970, risking the lives of astronaut Jim Lovell and his crew, with the failed journey turning into a thrilling saga of heroism. Drifting more than 200,000 miles from Earth, the astronauts work furiously with the ground crew to avert tragedy.</p>",DVD,Media > Videos,"Rental, DVD, Drama, Formatted",Genre,Drama,shopify,1,deny,manual,0,45972730,https://image.tmdb.org/t/p/w1280/tVeKscCm2fY1xDXZk8PgnZ87h9S.jpg,,Apollo 13 (1995) poster,drama
lions-for-lambs-dvd-rental-drama,Lions for Lambs,"<p>Three stories told simultaneously in ninety minutes of real time: a Republican Senator who's a presidential hopeful gives an hour-long interview to a skeptical television reporter, detailing a strategy for victory in Afghanistan; two special forces ambushed on an Afghani ridge await rescue as Taliban forces close in; a poli-sci professor at a California college invites a student to re-engage.</p>",DVD,Media > Videos,"Rental, DVD, Drama, Formatted",Genre,Drama,shopify,1,deny,manual,0,45939962,https://image.tmdb.org/t/p/w1280/37L6IoLhTgLzq6XYWpWUlbbEzMj.jpg,,Lions for Lambs (2007) poster,drama
the-cookout-dvd-rental-comedy,The Cookout,,DVD,Media > Videos,"Rental, DVD, Comedy, Formatted",Genre,Comedy,shopify,1,deny,manual,0,45907194,,,,comedy
the-newton-boys-dvd-rental-drama,The Newton Boys,"<p>The story of the Newton gang, the most successful bank robbers in history, owing to their good planning and minimal violence.</p>",DVD,Media > Videos,"Rental, DVD, Drama, Formatted",Genre,Drama,shopify,1,deny,manual,0,45710586,https://image.tmdb.org/t/p/w1280/v3VuDClmFZNjfI6YLTkeinae9HK.jpg,,The Newton Boys (1998) poster,drama
seven-swords-dvd-rental-action,Seven Swords,,DVD,Media > Videos,"Rental, DVD, Action, Formatted",Genre,Action,shopify,1,deny,manual,0,45677818,,,,action
the-replacement-killers-dvd-rental-action,The Replacement Killers,"<p>Hired assassin John Lee is asked by Chinatown crime boss Terence Wei to murder the young son of policeman Stan Zedkov. Lee has the boy in his sights, but his conscience gets the better of him, and he spares the child's life. Afraid that Wei will take revenge on his family in China, Lee seeks out expert forger Meg Coburn to obtain the passport he needs to get out of the country, but a band of replacement killers is soon on his trail.</p>",DVD,Media > Videos,"Rental, DVD, Action, Formatted",Genre,Action,shopify,1,deny,manual,0,42368250,https://image.tmdb.org/t/p/w1280/6q96xjyGTQllKAKgmwyBsk5JSe5.jpg,,The Replacement Killers (1998) poster,action
life-of-pi-dvd-rental-fantasy,Life of Pi,,DVD,Media > Videos,"Rental, DVD, Fantasy, Formatted",Genre,Fantasy,shopify,1,deny,manual,0,42335482,,,,fantasy
marked-for-death-dvd-rental-action,Marked for Death,,DVD,Media > Videos,"Rental, DVD, Action, Formatted",Genre,Action,shopify,1,deny,manual,0,42302714,,,,action
surviving-d-day-dvd-rental-documentary,Surviving D-Day,<p>Recent study shows that the chance of surviving the invasion beaches was 25%. Then how is it possible 50% of the men survived? This documentary which has been recognized as the best D-Day documentary ever tells a different story.  A beautifully made detailed reconstruction shows what happened on that day on the beaches. In the first hour of the attack one third of the American soldiers dies. This battle will be decisive in the further course of the war.  Survivors tell about the factors that made it so hard to conquer the coastlines. The animated images show it all.</p>,DVD,Media > Videos,"Rental, DVD, Documentary, Formatted",Genre,Documentary,shopify,1,deny,manual,0,42269946,https://image.tmdb.org/t/p/w1280/vsICDnD9wC2FMz0MXNvMdIkciJe.jpg,,Surviving D-Day (2011) poster,documentary
courage-under-fire-dvd-rental-drama,Courage Under Fire,"<p>A US Army officer, who made a ""friendly fire"" mistake that was covered up, has been reassigned to a desk job. He is tasked to investigate a female chopper commander's worthiness to be awarded the Medal of Honor. At first all seems in order. But then he begins to notice inconsistencies between the testimonies of the witnesses...</p>",DVD,Media > Videos,"Rental, DVD, Drama, Formatted",Genre,Drama,shopify,1,deny,manual,0,42237178,https://image.tmdb.org/t/p/w1280/vDJurMJkrx049AiXa3DJx5Zx7a4.jpg,,Courage Under Fire (1996) poster,drama
the-brothers-grimsby-dvd-rental-comedy,The Brothers Grimsby,,DVD,Media > Videos,"Rental, DVD, Comedy, Formatted",Genre,Comedy,shopify,1,deny,manual,0,42204410,,,,comedy
scooby-doo-curse-of-the-lake-monster-dvd-rental-kids-family,Scooby-Doo!: Curse of the Lake Monster,"<p>Scooby-Doo and the gang are on the case when a mysterious lake monster starts scaring the guests at a summer resort in Erie Point, where Fred, Daphne, Velma and Shaggy have taken on seasonal jobs to pay for a barn they accidentally burned down. But in addition to sneaking suspicions, there's some romance in the air.</p>",DVD,Media > Videos,"Rental, DVD, Kids & Family, Formatted",Genre,Kids & Family,shopify,1,deny,manual,0,42171642,https://image.tmdb.org/t/p/w1280/q67pApjezoE8x2XE92MRMhcXr5P.jpg,,Scooby-Doo!: Curse of the Lake Monster (2010) poster,kids-family
dragon-heart-3-dvd-rental-fantasy,Dragon Heart 3,,DVD,Media > Videos,"Rental, DVD, Fantasy, Formatted",Genre,Fantasy,shopify,1,deny,manual,0,41843962,,,,fantasy
the-wolfman-dvd-rental-horror,The Wolfman,,DVD,Media > Videos,"Rental, DVD, Horror, Formatted",Genre,Horror,shopify,1,deny,manual,0,41385210,,,,horror
gran-torino-dvd-rental-drama,Gran Torino,"<p>Disgruntled Korean War veteran Walt Kowalski sets out to reform his neighbor, Thao Lor, a Hmong teenager who tried to steal Kowalski's prized possession: a 1972 Gran Torino.</p>",DVD,Media > Videos,"Rental, DVD, Drama, Formatted",Genre,Drama,shopify,1,deny,manual,0,41352442,https://image.tmdb.org/t/p/w1280/zUybYvxWdAJy5hhYovsXtHSWI1l.jpg,,Gran Torino (2008) poster,drama
grey-gardens-dvd-rental-drama,Grey Gardens,,DVD,Media > Videos,"Rental, DVD, Drama, Formatted",Genre,Drama,shopify,1,deny,manual,0,41319674,,,,drama
just-like-heaven-dvd-rental-comedy,Just Like Heaven,,DVD,Media > Videos,"Rental, DVD, Comedy, Formatted",Genre,Comedy,shopify,1,deny,manual,0,41286906,,,,comedy
the-secret-life-of-pets-2-dvd-rental-kids-family,The Secret Life of Pets 2,"<p>Max the terrier must cope with some major life changes when his owner gets married and has a baby. When the family takes a trip to the countryside, nervous Max has numerous run-ins with canine-intolerant cows, hostile foxes and a scary turkey. Luckily for Max, he soon catches a break when he meets Rooster, a gruff farm dog who tries to cure the lovable pooch of his neuroses.</p>",DVD,Media > Videos,"Rental, DVD, Kids & Family, Formatted",Genre,Kids & Family,shopify,1,deny,manual,0,41254138,https://image.tmdb.org/t/p/w1280/s9xg4V5EDKiphgIksVJ9gewBM11.jpg,,The Secret Life of Pets 2 (2019) poster,kids-family
final-destination-2-dvd-rental-horror,Final Destination 2,"<p>When Kimberly has a violent premonition of a highway pileup she blocks the freeway, keeping a few others meant to die, safe...Or are they? The survivors mysteriously start dying and it's up to Kimberly to stop it before she's next.</p>",DVD,Media > Videos,"Rental, DVD, Horror, Formatted",Genre,Horror,shopify,1,deny,manual,0,41221370,https://image.tmdb.org/t/p/w1280/vnFgxRlLTA9fDNcGXLiHmgwmIEo.jpg,,Final Destination 2 (2003) poster,horror
hush-dvd-rental-horror,Hush,,DVD,Media > Videos,"Rental, DVD, Horror, Formatted",Genre,Horror,shopify,1,deny,manual,0,41155834,,,,horror
abraham-lincoln-vs-zombies-dvd-rental-horror,Abraham Lincoln Vs. Zombies,"<p>As Abraham Lincoln labors over the Gettysburg address, the importance of which he is fully aware, he learns that a menace from his past has returned, threatening to tear the already fractured nation to pieces. He must journey behind enemy lines to face an foe far more fearsome than the Confederate army: the walking dead.</p>",DVD,Media > Videos,"Rental, DVD, Horror, Formatted",Genre,Horror,shopify,1,deny,manual,0,41123066,https://image.tmdb.org/t/p/w1280/kcrZQxlzyCepVGqvWvWSm67JFhL.jpg,,Abraham Lincoln Vs. Zombies (2012) poster,horror
cumbia-callera-dvd-rental-foreign,Cumbia Callera,"<p>Framed by the high mountain chains that surround the city of Monterrey (Mexico), three youngsters live passions and dilemmas, roaming between the steep slums and the luxury districts, crowned by the irresistible rhythm of the ""colombia regiomontana"".</p>",DVD,Media > Videos,"Rental, DVD, Foreign, Formatted",Genre,Foreign,shopify,1,deny,manual,0,41090298,https://image.tmdb.org/t/p/w1280/ssbn91zAiprmbnJG7SVDDJ0TNvf.jpg,,Cumbia Callera (2007) poster,foreign
alex-cross-dvd-rental-thriller,Alex Cross,"<p>Alex Cross, a genius homicide detective/psychologist is trying to clean up the mean streets of Detroit while keeping his family out of the line of fire. As he mulls over accepting a job with the FBI, he is told that a friend has been murdered and he vows to track down the killer. Soon, he and his team are forced to match wits with a psychotic contract killer, who displays a disturbing commitment towards seeing his job through.</p>",DVD,Media > Videos,"Rental, DVD, Thriller, Formatted",Genre,Thriller,shopify,1,deny,manual,0,39222522,https://image.tmdb.org/t/p/w1280/bQYXid9o6nunJBgmmjo6JFIQe1p.jpg,,Alex Cross (2012) poster,thriller
terms-of-endearment-dvd-rental-drama,Terms of Endearment,,DVD,Media > Videos,"Rental, DVD, Drama, Formatted",Genre,Drama,shopify,1,deny,manual,0,39156986,,,,drama
temple-grandin-dvd-rental-drama,Temple Grandin,"<p>A biopic of Temple Grandin, an autistic American who has become one of the leading scientists in humane livestock handling.</p>",DVD,Media > Videos,"Rental, DVD, Drama, Formatted",Genre,Drama,shopify,1,deny,manual,0,39124218,https://image.tmdb.org/t/p/w1280/gQhQ6yEkUkDDo1zugpq46PJN8xZ.jpg,,Temple Grandin (2010) poster,drama
super-eruption-dvd-rental-action,Super Eruption,<p>A Yellowstone National Park scientist and a thrill-seeking ranger join forces to plug-up a volatile super volcano that threatens to wipe out the entire United States.</p>,DVD,Media > Videos,"Rental, DVD, Action, Formatted",Genre,Action,shopify,1,deny,manual,0,39091450,https://image.tmdb.org/t/p/w1280/bD6NS982c6w7tqfEM54YgPeQmhY.jpg,,Super Eruption (2011) poster,action
dont-come-knocking-dvd-rental-drama,Don't Come Knocking,"<p>Howard Spence has seen better days. Once a big Western movie star, he now drowns his disgust for his selfish and failed life with alcohol, drugs and young women. If he were to die now, nobody would shed a tear over him, that's the sad truth. Until one day Howard learns that he might have a child somewhere out there...</p>",DVD,Media > Videos,"Rental, DVD, Drama, Formatted",Genre,Drama,shopify,1,deny,manual,0,39025914,https://image.tmdb.org/t/p/w1280/sF9LWvw71gaGR46QtJIFGtLXhWc.jpg,,Don't Come Knocking (2005) poster,drama
about-a-boy-dvd-rental-romantic-comedy,About a Boy,"<p>Will Freeman is a good-looking, smooth-talking bachelor whose primary goal in life is avoiding any kind of responsibility. But when he invents an imaginary son in order to meet attractive single moms, Will gets a hilarious lesson about life from a bright, but hopelessly geeky 12-year-old named Marcus. Now, as Will struggles to teach Marcus the art of being cool, Marcus teaches Will that you're never too old to grow up.</p>",DVD,Media > Videos,"Rental, DVD, Romantic Comedy, Formatted",Genre,Romantic Comedy,shopify,1,deny,manual,0,38993146,https://image.tmdb.org/t/p/w1280/qoZ1bD0q9EFqcNiEYbEigsRcNCt.jpg,,About a Boy (2002) poster,romantic-comedy
the-man-with-the-iron-fists-dvd-rental-action,The Man with the Iron Fists,,DVD,Media > Videos,"Rental, DVD, Action, Formatted",Genre,Action,shopify,1,deny,manual,0,38960378,,,,action
the-scout-dvd-rental-comedy,The Scout,,DVD,Media > Videos,"Rental, DVD, Comedy, Formatted",Genre,Comedy,shopify,1,deny,manual,0,38894842,,,,comedy
my-bosss-daughter-dvd-rental-romantic-comedy,My Boss's Daughter,"<p>When a young man agrees to housesit for his boss, he thinks it'll be the perfect opportunity to get close to the woman he desperately has a crush on – his boss's daughter. But he doesn't plan on the long line of other houseguests that try to keep him from his mission. And he also has to deal with the daughter's older brother, who's on the run from local drug dealers.</p>",DVD,Media > Videos,"Rental, DVD, Romantic Comedy, Formatted",Genre,Romantic Comedy,shopify,1,deny,manual,0,38862074,https://image.tmdb.org/t/p/w1280/6z6ehjP1GyMLFeja9pHGGZb9B2.jpg,,My Boss's Daughter (2003) poster,romantic-comedy
castaway-dvd-rental-drama,Castaway,,DVD,Media > Videos,"Rental, DVD, Drama, Formatted",Genre,Drama,shopify,1,deny,manual,0,37649658,,,,drama
mud-dvd-rental-drama,MUD,,DVD,Media > Videos,"Rental, DVD, Drama, Formatted",Genre,Drama,shopify,1,deny,manual,0,42182650,,,,drama
prairie-love-dvd-rental-drama,Prairie Love,"<p>As a mysterious high plains drifter travels across the wintry North Dakota prairie, he finds a man lying unconscious in the middle of the road and stops to lend a hand.  After defrosting, the man explains that he's on his way to meet his pen-pal girlfriend for the first time, as she's being released from prison.  Desperate for a girlfriend of his own, the drifter sees this as an opportunity to change his lonely existence, and hatches a plan to steal his new companion's identity, forever changing the destinies of all three people.</p>",DVD,Media > Videos,"Rental, DVD, Drama, Formatted",Genre,Drama,shopify,1,deny,manual,0,40347642,https://image.tmdb.org/t/p/w1280/zGv8h0E7r5TmDyuUiN8r9VTZtFA.jpg,,Prairie Love (2011) poster,drama
swingers-dvd-rental-comedy,Swingers,,DVD,Media > Videos,"Rental, DVD, Comedy, Formatted",Genre,Comedy,shopify,1,deny,manual,0,40282106,,,,comedy
thumbsucker-dvd-rental-comedy,Thumbsucker,,DVD,Media > Videos,"Rental, DVD, Comedy, Formatted",Genre,Comedy,shopify,1,deny,manual,0,40249338,,,,comedy
running-with-scissors-dvd-rental-comedy,Running with Scissors,"<p>Young Augusten Burroughs absorbs experiences that could make for a shocking memoir: the son of an alcoholic father and an unstable mother, he's handed off to his mother's therapist, Dr. Finch, and spends his adolescent years as a member of Finch's bizarre extended family.</p>",DVD,Media > Videos,"Rental, DVD, Comedy, Formatted",Genre,Comedy,shopify,1,deny,manual,0,40216570,https://image.tmdb.org/t/p/w1280/pbWUFYyyZzawsYljkbIKmDxQN8Y.jpg,,Running with Scissors (2006) poster,comedy
bubble-dvd-rental-comedy,Bubble,,DVD,Media > Videos,"Rental, DVD, Comedy, Formatted",Genre,Comedy,shopify,1,deny,manual,0,40183802,,,,comedy
the-motorcycle-diaries-dvd-rental-drama,The Motorcycle Diaries,,DVD,Media > Videos,"Rental, DVD, Drama, Formatted",Genre,Drama,shopify,1,deny,manual,0,38348794,,,,drama
rachel-getting-married-dvd-rental-drama,Rachel Getting Married,<p>A young woman who has been in and out from rehab for the past 10 years returns home for the weekend for her sister's wedding.</p>,DVD,Media > Videos,"Rental, DVD, Drama, Formatted",Genre,Drama,shopify,1,deny,manual,0,38283258,https://image.tmdb.org/t/p/w1280/bumaq3lqe4YSsq6LlYoge7e9ABk.jpg,,Rachel Getting Married (2008) poster,drama
anger-of-the-dead-dvd-rental-horror,Anger of the Dead,,DVD,Media > Videos,"Rental, DVD, Horror, Formatted",Genre,Horror,shopify,1,deny,manual,0,35989498,,,,horror
under-world-dvd-rental-action,Under World,"<p>Stalin and Majeed want to earn quick money through any means possible. However, things take a turn when they cross paths with Padmanabhan and Solomon.</p>",DVD,Media > Videos,"Rental, DVD, Action, Formatted",Genre,Action,shopify,1,deny,manual,0,35956730,https://image.tmdb.org/t/p/w1280/caKoHzZpuqy2f4Am52nRsnLwvr1.jpg,,Under World (2019) poster,action
casino-royal-dvd-rental-action,Casino Royal,,DVD,Media > Videos,"Rental, DVD, Action, Formatted",Genre,Action,shopify,1,deny,manual,0,35923962,,,,action
15-classic-movies-dvd-rental-drama,15 Classic Movies,,DVD,Media > Videos,"Rental, DVD, Drama, Formatted",Genre,Drama,shopify,1,deny,manual,0,34088954,,,,drama
under-the-tuscan-sky-dvd-rental-romantic-comedy,Under the Tuscan Sky,,DVD,Media > Videos,"Rental, DVD, Romantic Comedy, Formatted",Genre,Romantic Comedy,shopify,1,deny,manual,0,33761274,,,,romantic-comedy
project-almanac-dvd-rental-sci-fi,Project Almanac,"<p>A group of teens discover secret plans of a time machine, and construct one. However, things start to get out of control.</p>",DVD,Media > Videos,"Rental, DVD, Sci-Fi, Formatted",Genre,Sci-Fi,shopify,1,deny,manual,0,33728506,https://image.tmdb.org/t/p/w1280/9u5Rb0e7mx8qOO7zj39KnIRWClr.jpg,,Project Almanac (2015) poster,sci-fi
v-for-vendetta-dvd-rental-action,V  for Vendetta,"<p>In a world in which Great Britain has become a fascist state, a masked vigilante known only as “V” conducts guerrilla warfare against the oppressive British government. When V rescues a young woman from the secret police, he finds in her an ally with whom he can continue his fight to free the people of Britain.</p>",DVD,Media > Videos,"Rental, DVD, Action, Formatted",Genre,Action,shopify,1,deny,manual,0,33695738,https://image.tmdb.org/t/p/w1280/1avD1JeaRiJX5M4ahPdZPypGoGN.jpg,,V for Vendetta (2006) poster,action
tin-cup-the-lengend-of-bagger-vance-dvd-rental-drama,Tin Cup / The Lengend of Bagger Vance,,DVD,Media > Videos,"Rental, DVD, Drama, Formatted",Genre,Drama,shopify,1,deny,manual,0,31762426,,,,drama
rambo-iii-dvd-rental-action,Rambo III,"<p>Combat has taken its toll on Rambo, but he's finally begun to find inner peace in a monastery. When Rambo's friend and mentor Col. Trautman asks for his help on a top secret mission to Afghanistan, Rambo declines but must reconsider when Trautman is captured.</p>",DVD,Media > Videos,"Rental, DVD, Action, Formatted",Genre,Action,shopify,1,deny,manual,0,31696890,https://image.tmdb.org/t/p/w1280/1eSQvGuD25ezKaiaQsyDDG3e9iN.jpg,,Rambo III (1988) poster,action
brideshead-revisited-dvd-rental-drama,Brideshead Revisited,"<p>Befriended by aristocrat Sebastian Flyte, Oxford student Charles Ryder finds that the power and privilege experienced by the family is seductive. On a visit to the ancestral home, Brideshead, he falls in love with his friend's sister, Julia.  However, as his ties to the Flytes deepen, Ryder finds himself at odds with their strong Roman Catholicism.</p>",DVD,Media > Videos,"Rental, DVD, Drama, Formatted",Genre,Drama,shopify,1,deny,manual,0,31664122,https://image.tmdb.org/t/p/w1280/yCkPDr0Yv8HdrHzKxqToUsZqFLt.jpg,,Brideshead Revisited (2008) poster,drama
misery-dvd-rental-horror,Misery,,DVD,Media > Videos,"Rental, DVD, Horror, Formatted",Genre,Horror,shopify,1,deny,manual,0,31631354,,,,horror
zookeeper-dvd-rental-kids-family,Zookeeper,"<p>Kindhearted Griffin Keyes is one of the best-loved caretakers at the Franklin Park Zoo, but he's more comfortable with the animals than with females of his own species as proven by his failed marriage proposal to the self-absorbed Stephanie several years ago. The animals have listened to Griffin pine over her for years and, after she reappears in his life, they decide to help Griffin rekindle the relationship and become the alpha male she wants him to be. They inadvertently reveal their secret ability to talk and, after Griffin's initial shock, teach him the rules of courtship, animal-style. Surprisingly, the animals' advice really works and Griffin is about to get everything he's ever dreamed of--or is he?</p>",DVD,Media > Videos,"Rental, DVD, Kids & Family, Formatted",Genre,Kids & Family,shopify,1,deny,manual,0,31598586,https://image.tmdb.org/t/p/w1280/y3b4AYw8dr4hIKTfEAjxUxx0z8G.jpg,,Zookeeper (2011) poster,kids-family
pants-on-fire-dvd-rental-kids-family,Pants on Fire,,DVD,Media > Videos,"Rental, DVD, Kids & Family, Formatted",Genre,Kids & Family,shopify,1,deny,manual,0,31565818,,,,kids-family
grand-prix-dvd-rental-drama,Grand Prix,,DVD,Media > Videos,"Rental, DVD, Drama, Formatted",Genre,Drama,shopify,1,deny,manual,0,31533050,,,,drama
freedom-force-dvd-rental-action,Freedom Force,<p>There is a plot under way to change the course of history. Four kids are chosen to be the Freedom Force—a gang of unlikely heroes who travel through time to change the outcome of sacred stories.</p>,DVD,Media > Videos,"Rental, DVD, Action, Formatted",Genre,Action,shopify,1,deny,manual,0,31500282,https://image.tmdb.org/t/p/w1280/vix3uo8gmocpuPdiNzM2E8Waptp.jpg,,Freedom Force (2012) poster,action
halo-legends-dvd-rental-sci-fi,Halo Legends,<p>The universe of the Halo video game series is expanded in seven short animated films from Japan's greatest anime directors and studios.</p>,DVD,Media > Videos,"Rental, DVD, Sci-Fi, Formatted",Genre,Sci-Fi,shopify,1,deny,manual,0,31467514,https://image.tmdb.org/t/p/w1280/cO3iAp2pPNdWE9eqS4pTEY5HghY.jpg,,Halo Legends (2010) poster,sci-fi
my-big-fat-independent-movie-dvd-rental-comedy,My Big Fat Independent Movie,"<p>This hilariously smart satire tells the story of Johnny Vince, a swingin' hepcat who meets hitman Sam and Harvey on a road trip to pull a ""botched robbery"" in Las Vegas. Along the way they take a deeply unfulfilled not-so-good-girl hostage, encounter the mysterious Mechanic, get harassed by a foul-mouthed answering machine... and did we mention the lesbians? The result - hilarity ensues!</p>",DVD,Media > Videos,"Rental, DVD, Comedy, Formatted",Genre,Comedy,shopify,1,deny,manual,0,31434746,https://image.tmdb.org/t/p/w1280/xPmQ4BCANMoiS7bvQU5wdFFqsUR.jpg,,My Big Fat Independent Movie (2005) poster,comedy
monte-carlo-dvd-rental-romantic-comedy,Monte Carlo,,DVD,Media > Videos,"Rental, DVD, Romantic Comedy, Formatted",Genre,Romantic Comedy,shopify,1,deny,manual,0,31041530,,,,romantic-comedy
it-dvd-rental-horror,It,"<p>In a small town in Maine, seven children known as The Losers Club come face to face with life problems, bullies and a monster that takes the shape of a clown called Pennywise.</p>",DVD,Media > Videos,"Rental, DVD, Horror, Formatted",Genre,Horror,shopify,1,deny,manual,0,31008762,https://image.tmdb.org/t/p/w1280/9E2y5Q7WlCVNEhP5GiVTjhEhx1o.jpg,,It (2017) poster,horror
cowboys-and-aliens-dvd-rental-sci-fi,Cowboys and Aliens,"<p>A stranger stumbles into the desert town of Absolution with no memory of his past and a futuristic shackle around his wrist. With the help of mysterious beauty Ella and the iron-fisted Colonel Dolarhyde, he finds himself leading an unlikely posse of cowboys, outlaws, and Apache warriors against a common enemy from beyond this world in an epic showdown for survival.</p>",DVD,Media > Videos,"Rental, DVD, Sci-Fi, Formatted",Genre,Sci-Fi,shopify,1,deny,manual,0,30975994,https://image.tmdb.org/t/p/w1280/9uZsGCP4rvOHVGCpMpYq5gNCuNI.jpg,,Cowboys and Aliens (2011) poster,sci-fi
heidi-the-borrowers-dvd-rental-kids-family,Heidi / The  Borrowers,,DVD,Media > Videos,"Rental, DVD, Kids & Family, Formatted",Genre,Kids & Family,shopify,1,deny,manual,0,30681082,,,,kids-family
the-invention-of-lying-dvd-rental-comedy,The Invention of Lying,"<p>Set in a world where the concept of lying doesn't exist, a loser changes his lot when he invents lying and uses it to get ahead.</p>",DVD,Media > Videos,"Rental, DVD, Comedy, Formatted",Genre,Comedy,shopify,1,deny,manual,0,30648314,https://image.tmdb.org/t/p/w1280/clP8tDZeM9jgnqmu4VBClBDpLtS.jpg,,The Invention of Lying (2009) poster,comedy
crossroads-dvd-rental-romantic-comedy,Crossroads,,DVD,Media > Videos,"Rental, DVD, Romantic Comedy, Formatted",Genre,Romantic Comedy,shopify,1,deny,manual,0,30615546,,,,romantic-comedy
the-company-dvd-rental-drama,The Company,,DVD,Media > Videos,"Rental, DVD, Drama, Formatted",Genre,Drama,shopify,1,deny,manual,0,30386170,,,,drama
the-thin-red-line-dvd-rental-drama,The Thin Red Line,,DVD,Media > Videos,"Rental, DVD, Drama, Formatted",Genre,Drama,shopify,1,deny,manual,0,43065850,,,,drama
get-hard-central-intelligence-dvd-rental-comedy,Get Hard / Central Intelligence,,DVD,Media > Videos,"Rental, DVD, Comedy, Formatted",Genre,Comedy,shopify,1,deny,manual,0,43033082,,,,comedy
tristan-isolde-dvd-rental-drama,Tristan + Isolde,,DVD,Media > Videos,"Rental, DVD, Drama, Formatted",Genre,Drama,shopify,1,deny,manual,0,43000314,,,,drama
act-of-valor-dvd-rental-action,Act of Valor,"<p>When a covert mission to rescue a kidnapped CIA operative uncovers a chilling plot, an elite, highly trained U.S. SEAL team speeds to hotspots around the globe, racing against the clock to stop a deadly terrorist attack.</p>",DVD,Media > Videos,"Rental, DVD, Action, Formatted",Genre,Action,shopify,1,deny,manual,0,42934778,https://image.tmdb.org/t/p/w1280/1Xcd5ci69pVXMPP02DU11Ffq0yY.jpg,,Act of Valor (2012) poster,action
far-from-heaven-dvd-rental-drama,Far from Heaven,,DVD,Media > Videos,"Rental, DVD, Drama, Formatted",Genre,Drama,shopify,1,deny,manual,0,42902010,,,,drama
superman-returns-dvd-rental-action,Superman Returns,"<p>Superman returns to discover his 5-year absence has allowed Lex Luthor to walk free, and that those he was closest to felt abandoned and have moved on. Luthor plots his ultimate revenge that could see millions killed and change the face of the planet forever, as well as ridding himself of the Man of Steel.</p>",DVD,Media > Videos,"Rental, DVD, Action, Formatted",Genre,Action,shopify,1,deny,manual,0,42869242,https://image.tmdb.org/t/p/w1280/385XwTQZDpRX2d3kxtnpiLrjBXw.jpg,,Superman Returns (2006) poster,action
redemption-day-dvd-rental-thriller,Redemption Day,"<p>When his wife Kate is kidnapped by terrorists for ransom, veteran war hero Brad Paxton races against the clock to rescue her in a daring and deadly operation that pits him against powerful and dark forces.</p>",DVD,Media > Videos,"Rental, DVD, Thriller, Formatted",Genre,Thriller,shopify,1,deny,manual,0,42803706,https://image.tmdb.org/t/p/w1280/y1Tk1LUwS3nRlugiXnag6Bu1ToG.jpg,,Redemption Day (2021) poster,thriller
300-spartans-dvd-rental-action,300 Spartans,,DVD,Media > Videos,"Rental, DVD, Action, Formatted",Genre,Action,shopify,1,deny,manual,0,42770938,,,,action
the-flock-dvd-rental-thriller,The Flock,,DVD,Media > Videos,"Rental, DVD, Thriller, Formatted",Genre,Thriller,shopify,1,deny,manual,0,42738170,,,,thriller
the-abyss-dvd-rental-sci-fi,The Abyss,,DVD,Media > Videos,"Rental, DVD, Sci-Fi, Formatted",Genre,Sci-Fi,shopify,1,deny,manual,0,42672634,,,,sci-fi
st-agatha-dvd-rental-horror,St. Agatha,"<p>St. Agatha is set in the 1950s in small town Georgia. A pregnant con woman named Agatha is on the run and seeks refuge in a convent hidden in deafening isolation. What first starts out as the perfect place to have a child turns into a dark lair where silence is forced. Ghastly secrets are masked, and every bit of will power Agatha has is tested. She soon learns the sick and twisted truth of the convent and the odd people that lurk inside its halls. Agatha must now find a way to discover the unyielding strength needed to escape and save her baby before she’s caged behind these walls forever.</p>",DVD,Media > Videos,"Rental, DVD, Horror, Formatted",Genre,Horror,shopify,1,deny,manual,0,42639866,https://image.tmdb.org/t/p/w1280/zpR3FzaagWTbwgFPn1P6sEZ4str.jpg,,St. Agatha (2018) poster,horror
gone-with-the-wind-dvd-rental-drama,Gone with the Wind,,DVD,Media > Videos,"Rental, DVD, Drama, Formatted",Genre,Drama,shopify,1,deny,manual,0,42607098,,,,drama
hostel-hostel-part-ii-that-tattooist-the-hunt-for-the-btk-killer-dvd-rental-horror,Hostel / Hostel Part II / That Tattooist / The Hunt for the BTK Killer,,DVD,Media > Videos,"Rental, DVD, Horror, Formatted",Genre,Horror,shopify,1,deny,manual,0,42541562,,,,horror
bandits-dvd-rental-action,Bandits,,DVD,Media > Videos,"Rental, DVD, Action, Formatted",Genre,Action,shopify,1,deny,manual,0,42508794,,,,action
crank-dvd-rental-action,Crank,,DVD,Media > Videos,"Rental, DVD, Action, Formatted",Genre,Action,shopify,1,deny,manual,0,42476026,,,,action
masters-of-terror-8-horror-films-dvd-rental-horror,Masters of Terror: 8 Horror Films,,DVD,Media > Videos,"Rental, DVD, Horror, Formatted",Genre,Horror,shopify,1,deny,manual,0,42410490,,,,horror
max-payne-dvd-rental-action,Max Payne,"<p>A DEA agent whose family was slain as part of a conspiracy, and an assassin out to avenge her sister's death, join forces to solve a series of murders in New York City.</p>",DVD,Media > Videos,"Rental, DVD, Action, Formatted",Genre,Action,shopify,1,deny,manual,0,42344954,https://image.tmdb.org/t/p/w1280/dxy17rpjiWVmhaGvMlScZj96i8h.jpg,,Max Payne (2008) poster,action
dance-flick-dvd-rental-comedy,Dance Flick,"<p>Street dancer Thomas Uncles is from the wrong side of the tracks, but his bond with the beautiful Megan White might help the duo realize their dreams as they enter in the mother of all dance battles.</p>",DVD,Media > Videos,"Rental, DVD, Comedy, Formatted",Genre,Comedy,shopify,1,deny,manual,0,42312186,https://image.tmdb.org/t/p/w1280/qqaM8jQhALhULwvm3eEepkBTQHJ.jpg,,Dance Flick (2009) poster,comedy
the-gravedancers-dvd-rental-horror,The Gravedancers,"<p>After a night of drunken exploits, Allison, Harris, and Kira are chased and terrorized by the ghosts of a child pyromaniac, an ax murderer, and a rapist.</p>",DVD,Media > Videos,"Rental, DVD, Horror, Formatted",Genre,Horror,shopify,1,deny,manual,0,42213882,https://image.tmdb.org/t/p/w1280/n4Z1V30BBfe2zP7GkVC4eMg5fdV.jpg,,The Gravedancers (2006) poster,horror
the-brotherhood-iii-young-demons-dvd-rental-horror,The Brotherhood III Young Demons,"<p>A group of high schoolers play an elaborate role-playing game and, using an ancient book of spells, accidentally summon an evil entity, turning their fantasy into a terrifying, murderous reality.</p>",DVD,Media > Videos,"Rental, DVD, Horror, Formatted",Genre,Horror,shopify,1,deny,manual,0,42181114,https://image.tmdb.org/t/p/w1280/jmqpiiClEnTAhiUHYuBX3UJFTSZ.jpg,,The Brotherhood III Young Demons (2002) poster,horror
the-chinese-connection-dvd-rental-action,The Chinese Connection,"<p>Director William Lee's homage to his idol, Bruce Lee</p>",DVD,Media > Videos,"Rental, DVD, Action, Formatted",Genre,Action,shopify,1,deny,manual,0,42148346,https://image.tmdb.org/t/p/w1280/2m3tCMQZwv2R3tIsUdpanbCRJ7I.jpg,,The Chinese Connection (1980) poster,action
american-horror-stories-12-movie-collection-dvd-rental-horror,American Horror Stories 12 Movie Collection,,DVD,Media > Videos,"Rental, DVD, Horror, Formatted",Genre,Horror,shopify,1,deny,manual,0,42115578,,,,horror
take-no-prisoners-dvd-rental-action,Take no Prisoners,,DVD,Media > Videos,"Rental, DVD, Action, Formatted",Genre,Action,shopify,1,deny,manual,0,42050042,,,,action
the-day-after-dvd-rental-drama,The Day After,,DVD,Media > Videos,"Rental, DVD, Drama, Formatted",Genre,Drama,shopify,1,deny,manual,0,42017274,,,,drama
live-by-night-dvd-rental-drama,Live by Night,"<p>A group of Boston-bred gangsters set up shop in balmy Florida during the Prohibition era, facing off against the competition and the Ku Klux Klan.</p>",DVD,Media > Videos,"Rental, DVD, Drama, Formatted",Genre,Drama,shopify,1,deny,manual,0,41984506,https://image.tmdb.org/t/p/w1280/bkd46T4RplawnDjpHoI8mhzTLks.jpg,,Live by Night (2016) poster,drama
checkmate-dvd-rental-thriller,Checkmate,,DVD,Media > Videos,"Rental, DVD, Thriller, Formatted",Genre,Thriller,shopify,1,deny,manual,0,41918970,,,,thriller
the-blind-side-dvd-rental-drama,The Blind Side,"<p>The story of Michael Oher, a homeless and traumatized boy who became an All American football player and first round NFL draft pick with the help of a caring woman and her family.</p>",DVD,Media > Videos,"Rental, DVD, Drama, Formatted",Genre,Drama,shopify,1,deny,manual,0,41886202,https://image.tmdb.org/t/p/w1280/PhpAdRopu0sOWf0BY7vVtxrRD3.jpg,,The Blind Side (2009) poster,drama
the-contractor-the-fan-dvd-rental-thriller,The Contractor / The Fan,,DVD,Media > Videos,"Rental, DVD, Thriller, Formatted",Genre,Thriller,shopify,1,deny,manual,0,65414650,,,,thriller
3-movie-collection-think-like-a-man-think-like-a-man-too-about-last-night-dvd-rental-romantic-comedy,"3 Movie Collection: Think Like a Man, Think Like a Man Too, About Last Night",,DVD,Media > Videos,"Rental, DVD, Romantic Comedy, Formatted",Genre,Romantic Comedy,shopify,1,deny,manual,0,65283578,,,,romantic-comedy
jane-austins-book-club-dvd-rental-romantic-comedy,Jane Austins Book Club,,DVD,Media > Videos,"Rental, DVD, Romantic Comedy, Formatted",Genre,Romantic Comedy,shopify,1,deny,manual,0,65218042,,,,romantic-comedy
wicker-park-dvd-rental-thriller,Wicker Park,"<p>Matthew, a young advertising executive in Chicago, puts his life and a business trip to China on hold when he thinks he sees Lisa, the love of his life who left him without a word two years earlier, walking out of a restaurant one day.</p>",DVD,Media > Videos,"Rental, DVD, Thriller, Formatted",Genre,Thriller,shopify,1,deny,manual,0,65185274,https://image.tmdb.org/t/p/w1280/gRKEluSpV1wBrZVTvLLaCSkzqcf.jpg,,Wicker Park (2004) poster,thriller
lost-city-dvd-rental-comedy,Lost City,,DVD,Media > Videos,"Rental, DVD, Comedy, Formatted",Genre,Comedy,shopify,1,deny,manual,0,65119738,,,,comedy
an-american-carol-dvd-rental-comedy,An American Carol,<p>A cynical anti-American Hollywood filmmaker sets out on a crusade to abolish the 4th of July holiday. He is visited by three spirits who take him on a hilarious journey in an attempt to show him the true meaning of America.</p>,DVD,Media > Videos,"Rental, DVD, Comedy, Formatted",Genre,Comedy,shopify,1,deny,manual,0,65086970,https://image.tmdb.org/t/p/w1280/uEDdzt1ZTB1BRo95gMkBytl0NqM.jpg,,An American Carol (2008) poster,comedy
