Handle,Title,Body (HTML),Vendor,Product Category,Tags,Option1 Name,Option1 Value,Variant Inventory Tracker,Variant Inventory Qty,Variant Inventory Policy,Variant Fulfillment Service,Variant Price,Variant Barcode,Image Src,Image Position,Image Alt Text,Genre (product.metafields.shopify.genre)
rock-n-rolla-dvd-rental-action,Rock n Rolla,"<p>When a Russian mobster sets up a real estate scam that generates millions of pounds, various members of London's criminal underworld pursue their share of the fortune. Various shady characters, including Mr One-Two, Stella the accountant, and Johnny Quid, a druggie rock-star, try to claim their slice.</p>",DVD,Media > Videos,"Rental, DVD, Action, Formatted",Genre,Action,shopify,1,deny,manual,0,64988666,https://image.tmdb.org/t/p/w1280/6mLXG2f7LBRpbZZgxsOFO5scgzd.jpg,,Rock n Rolla (2008) poster,action
fighting-dvd-rental-action,Fighting,,DVD,Media > Videos,"Rental, DVD, Action, Formatted",Genre,Action,shopify,1,deny,manual,0,64955898,,,,action
unknown-dvd-rental-thriller,Unknown,,DVD,Media > Videos,"Rental, DVD, Thriller, Formatted",Genre,Thriller,shopify,1,deny,manual,0,64923130,,,,thriller
madeas-family-reunion-dvd-rental-comedy,Madea's Family Reunion,"<p>Southern matriarch Madea has a lot on her plate. Her nieces, Vanessa and Lisa, have relationship troubles - Vanessa moves into Madea's house with her 2 young children and Lisa is engaged to a controlling man that her mother set her up with. In addition, Madea has just been court-ordered to become the guardian of Nikki, a rebellious runaway teenager. Madea must keep the peace and her family together while simultaneously planning her clan's reunion.</p>",DVD,Media > Videos,"Rental, DVD, Comedy, Formatted",Genre,Comedy,shopify,1,deny,manual,0,64824826,https://image.tmdb.org/t/p/w1280/lAzrDS5bJJSSdPAUxuctCoomXUc.jpg,,Madea's Family Reunion (2006) poster,comedy
unrest-dvd-rental-horror,Unrest,,DVD,Media > Videos,"Rental, DVD, Horror, Formatted",Genre,Horror,shopify,1,deny,manual,0,64792058,,,,horror
crowning-jules-dvd-rental-comedy,Crowning Jules,"<p>To get to her Harvard admissions interview, a bright 17-year-old girl is forced to hitch a ride with her twin sister, who is headed to a beauty pageant. Their road trip takes a serious detour when they come into possession of a stolen jewel.</p>",DVD,Media > Videos,"Rental, DVD, Comedy, Formatted",Genre,Comedy,shopify,1,deny,manual,0,64759290,https://image.tmdb.org/t/p/w1280/nK9c54AuRJwQ1NxjX1h7ZUNKg8R.jpg,,Crowning Jules (2017) poster,comedy
a-night-in-old-mexico-dvd-rental-action,A Night in Old Mexico,"<p>Forced to give up his land and home, Texas rancher Red Bovie isn't about to retire quietly in a dismal trailer park. Instead he hops in his Cadillac and hits the road with his estranged grandson for one last wild adventure filled with guns, women and booze. It’s just another night in Old Mexico.</p>",DVD,Media > Videos,"Rental, DVD, Action, Formatted",Genre,Action,shopify,1,deny,manual,0,64595450,https://image.tmdb.org/t/p/w1280/5tKNOPkle5weHfrobca4LnXJMD5.jpg,,A Night in Old Mexico (2013) poster,action
empire-dvd-rental-thriller,Empire,,DVD,Media > Videos,"Rental, DVD, Thriller, Formatted",Genre,Thriller,shopify,1,deny,manual,0,64562682,,,,thriller
an-all-dogs-christmas-christmas-carol-dvd-rental-holiday,An All Dogs Christmas / Christmas Carol,,DVD,Media > Videos,"Rental, DVD, Holiday, Formatted",Genre,Holiday,shopify,1,deny,manual,0,64464378,,,,holiday
trading-places-dvd-rental-comedy,Trading Places,,DVD,Media > Videos,"Rental, DVD, Comedy, Formatted",Genre,Comedy,shopify,1,deny,manual,0,64398842,,,,comedy
smokin-aces-dvd-rental-action,Smokin' Aces,"<p>When a Las Vegas performer-turned-snitch named Buddy Israel decides to turn state's evidence and testify against the mob, it seems that a whole lot of people would like to make sure he's no longer breathing.</p>",DVD,Media > Videos,"Rental, DVD, Action, Formatted",Genre,Action,shopify,1,deny,manual,0,64366074,https://image.tmdb.org/t/p/w1280/nrdnN8WqvyOt8Bnl3hgWcZD6ZyM.jpg,,Smokin' Aces (2006) poster,action
blade-dvd-rental-action,Blade,,DVD,Media > Videos,"Rental, DVD, Action, Formatted",Genre,Action,shopify,1,deny,manual,0,64235002,,,,action
the-phantom-of-the-opera-dvd-rental-musical,The Phantom of the Opera,,DVD,Media > Videos,"Rental, DVD, Musical, Formatted",Genre,Musical,shopify,1,deny,manual,0,64202234,,,,musical
zodiac-dvd-rental-thriller,Zodiac,,DVD,Media > Videos,"Rental, DVD, Thriller, Formatted",Genre,Thriller,shopify,1,deny,manual,0,64169466,,,,thriller
blade-ii-dvd-rental-action,Blade II,,DVD,Media > Videos,"Rental, DVD, Action, Formatted",Genre,Action,shopify,1,deny,manual,0,64136698,,,,action
the-adventures-of-mickey-matson-and-the-copperhead-treasure-dvd-rental-kids-family,The Adventures of Mickey Matson and the Copperhead Treasure,"<p>When a mythical device from ancient times is rebuilt by a group of Confederates who feel the civil war never ended, Mickey Matson and his newfound friend, Sully, must follow a series of clues left by his dead grandfather to keep the evil men away from the three mystical objects that power the device. If he fails, it could mean not only the loss of his family's home, but maybe the demise of our country as we know it.</p>",DVD,Media > Videos,"Rental, DVD, Kids & Family, Formatted",Genre,Kids & Family,shopify,1,deny,manual,0,59778554,https://image.tmdb.org/t/p/w1280/8TBZb1MI6uxYLJT7bUIhcknqqlm.jpg,,The Adventures of Mickey Matson and the Copperhead Treasure (2012) poster,kids-family
jason-bourne-dvd-rental-action,Jason Bourne,<p>The most dangerous former operative of the CIA is drawn out of hiding to uncover hidden truths about his past.</p>,DVD,Media > Videos,"Rental, DVD, Action, Formatted",Genre,Action,shopify,1,deny,manual,0,59680250,https://image.tmdb.org/t/p/w1280/xA7N41glw17MBQtcWSm2eBlBRuG.jpg,,Jason Bourne (2016) poster,action
edward-scissorhands-dvd-rental-drama,Edward Scissorhands,<p>A small suburban town receives a visit from a castaway unfinished science experiment named Edward.</p>,DVD,Media > Videos,"Rental, DVD, Drama, Formatted",Genre,Drama,shopify,1,deny,manual,0,59647482,https://image.tmdb.org/t/p/w1280/e0FqKFvGPdQNWG8tF9cZBtev9Em.jpg,,Edward Scissorhands (1990) poster,drama
don-jon-dvd-rental-comedy,Don Jon,"<p>A New Jersey guy dedicated to his family, friends, and church, develops unrealistic expectations from watching porn and works to find happiness and intimacy with his potential true love.</p>",DVD,Media > Videos,"Rental, DVD, Comedy, Formatted",Genre,Comedy,shopify,1,deny,manual,0,59614714,https://image.tmdb.org/t/p/w1280/uh8bwvgGXeUKzdL4oSul9zxyTcd.jpg,,Don Jon (2013) poster,comedy
the-twilight-saga-breaking-dawn-part-1-dvd-rental-fantasy,The Twilight Saga: Breaking Dawn Part 1,<p>Bella Swan and Edward Cullen's honeymoon phase is abruptly disrupted by betrayals and unforeseen tragedies that endanger their world.</p>,DVD,Media > Videos,"Rental, DVD, Fantasy, Formatted",Genre,Fantasy,shopify,1,deny,manual,0,59483642,https://image.tmdb.org/t/p/w1280/qs8LsHKYlVRmJbFUiSUhhRAygwj.jpg,,The Twilight Saga: Breaking Dawn Part 1 (2011) poster,fantasy
gi-jane-dvd-rental-action,G.I. Jane,,DVD,Media > Videos,"Rental, DVD, Action, Formatted",Genre,Action,shopify,1,deny,manual,0,59450874,,,,action
elton-john-one-night-only-the-greatest-hits-dvd-rental-musical,Elton John - One Night Only - The Greatest Hits,"<p>One of the biggest musical legends in pop music today, Elton John performs one of his most memorable concerts ever at the world famous Madison Square Garden in New York City. This stunningly visual concert special was filmed over two nights in October 2000, and Elton and his band play some of his greatest hits from over four decades, including ""Your Song"", ""Crocodile Rock"", ""Candle In The Wind"" and ""Rocket Man"". Elton also invites some special guests to share the microphone on stage with him, among them Billy Joel, Bryan Adams, Kiki Dee, Mary J. Blige and Anastacia. You've never seen Elton like this before... a ""must see"" and a ""must have"" for any true Elton fan.</p>",DVD,Media > Videos,"Rental, DVD, Musical, Formatted",Genre,Musical,shopify,1,deny,manual,0,59418106,https://image.tmdb.org/t/p/w1280/z7a7KV7IA6d6mPfNmm3CDEqg5H9.jpg,,Elton John - One Night Only - The Greatest Hits (2000) poster,musical
backdraft-dvd-rental-action,Backdraft,,DVD,Media > Videos,"Rental, DVD, Action, Formatted",Genre,Action,shopify,1,deny,manual,0,58959354,,,,action
total-recall-dvd-5,Total Recall,,DVD,Media > Videos,"Floor Sale, DVD, Sci-Fi, Formatted",Genre,Sci-Fi,shopify,1,deny,manual,5.00,27318522,,,,sci-fi
tupac-resurerection-dvd-5,Tupac Resurerection,,DVD,Media > Videos,"Floor Sale, DVD, Documentary, Formatted",Genre,Documentary,shopify,1,deny,manual,5.00,27252986,,,,documentary
divergent-dvd-5,Divergent,"<p>In a world divided into factions based on personality types, Tris learns that she's been classified as Divergent and won't fit in. When she discovers a plot to destroy Divergents, Tris and the mysterious Four must find out what makes Divergents dangerous before it's too late.</p>",DVD,Media > Videos,"Floor Sale, DVD, Thriller, Formatted",Genre,Thriller,shopify,1,deny,manual,5.00,27187450,https://image.tmdb.org/t/p/w1280/aNh4Q3iuPKDMPi2SL7GgOpiLukX.jpg,,Divergent (2014) poster,thriller
the-wedding-singer-dvd-6,The Wedding Singer,"<p>Robbie, a local rock star turned wedding singer, is dumped on the day of his wedding. Meanwhile, waitress Julia finally sets a wedding date with her fiancée Glenn. When Julia and Robbie meet and hit it off, they find that things are more complicated than anybody thought.</p>",DVD,Media > Videos,"Floor Sale, DVD, Comedy, Formatted",Genre,Comedy,shopify,1,deny,manual,6.00,27154682,https://image.tmdb.org/t/p/w1280/zVvyTrcZQb7kC2DPDzyo25WcxXp.jpg,,The Wedding Singer (1998) poster,comedy
invasion-dvd-6,Invasion,,DVD,Media > Videos,"Floor Sale, DVD, Sci-Fi, Formatted",Genre,Sci-Fi,shopify,1,deny,manual,6.00,27089146,,,,sci-fi
source-code-dvd-5,Source Code,"<p>When decorated soldier Captain Colter Stevens wakes up in the body of an unknown man, he discovers he's part of a mission to find the bomber of a Chicago commuter train.</p>",DVD,Media > Videos,"Floor Sale, DVD, Thriller, Formatted",Genre,Thriller,shopify,1,deny,manual,5.00,27023610,https://image.tmdb.org/t/p/w1280/nTr0lvAzeQmUjgSgDEHTJpnrxTz.jpg,,Source Code (2011) poster,thriller
my-cousin-vinny-dvd-5,My Cousin Vinny,"<p>Two carefree pals traveling through rural Alabama on their way back to college are mistakenly arrested and charged with murder. Fortunately, one of them has a cousin who's a lawyer - Vincent Gambini, a former auto mechanic from Brooklyn who has just passed his bar exam after his sixth try. When he arrives with his leather-clad girlfriend to try his first case, it's a real shock - for him and the Deep South!</p>",DVD,Media > Videos,"Floor Sale, DVD, Comedy, Formatted",Genre,Comedy,shopify,1,deny,manual,5.00,26990842,https://image.tmdb.org/t/p/w1280/iwSURa8nS2ujwrU3s1lfxxX7voH.jpg,,My Cousin Vinny (1992) poster,comedy
the-lord-of-the-rings-motion-picture-trilogy-dvd-11,The Lord of the Rings: Motion Picture Trilogy,<p>98</p>,DVD,Media > Videos,"Floor Sale, DVD, Fantasy, Formatted",Genre,Fantasy,shopify,1,deny,manual,11.00,26695930,,,,fantasy
texas-chainsaw-massacre-dvd-6,Texas Chainsaw Massacre,,DVD,Media > Videos,"Floor Sale, DVD, Horror, Formatted",Genre,Horror,shopify,1,deny,manual,6.00,26630394,,,,horror
resevoir-dogs-dvd-6,Resevoir Dogs,<p>6</p>,DVD,Media > Videos,"Floor Sale, DVD, Thriller, Formatted",Genre,Thriller,shopify,1,deny,manual,6.00,26597626,,,,thriller
boyz-n-the-hood-dvd-6,Boyz N the Hood,<p>6</p>,DVD,Media > Videos,"Floor Sale, DVD, Thriller, Formatted",Genre,Thriller,shopify,1,deny,manual,6.00,26499322,https://image.tmdb.org/t/p/w1280/v4ox4aSCNT5vyLXl4Q71JiWwCXW.jpg,,Boyz N the Hood (1991) poster,thriller
fletch-dvd-5,Fletch,<p>5</p>,DVD,Media > Videos,"Floor Sale, DVD, Comedy, Formatted",Genre,Comedy,shopify,1,deny,manual,5.00,26466554,https://image.tmdb.org/t/p/w1280/nKDnMvVynvj7lwdv1iAZO1DzTYn.jpg,,Fletch (1985) poster,comedy
scary-movie-3-dvd-6,Scary Movie 3,<p>6</p>,DVD,Media > Videos,"Floor Sale, DVD, Comedy, Formatted",Genre,Comedy,shopify,1,deny,manual,6.00,26433786,https://image.tmdb.org/t/p/w1280/8dLsax5KSwlCY5uWXETKjud5k6U.jpg,,Scary Movie 3 (2003) poster,comedy
forgetting-sarah-marshall-dvd-5,Forgetting Sarah Marshall,<p>5</p>,DVD,Media > Videos,"Floor Sale, DVD, Comedy, Formatted",Genre,Comedy,shopify,1,deny,manual,5.00,26302714,https://image.tmdb.org/t/p/w1280/d4elOzyhNWVlxpG7BwigrumkFTe.jpg,,Forgetting Sarah Marshall (2008) poster,comedy
along-came-polly-dvd-5,Along Came Polly,<p>5</p>,DVD,Media > Videos,"Floor Sale, DVD, Romantic Comedy, Formatted",Genre,Romantic Comedy,shopify,1,deny,manual,5.00,26269946,https://image.tmdb.org/t/p/w1280/7Tp16THdpHkMrqgoiDresDz9CWL.jpg,,Along Came Polly (2004) poster,romantic-comedy
indiana-jones-the-complete-dvd-collection-dvd-11,Indiana Jones: The Complete DVD Collection,<p>11</p>,DVD,Media > Videos,"Floor Sale, DVD, Action, Formatted",Genre,Action,shopify,1,deny,manual,11.00,26237178,,,,action
billy-madison-dvd-5,Billy Madison,<p>5</p>,DVD,Media > Videos,"Floor Sale, DVD, Comedy, Formatted",Genre,Comedy,shopify,1,deny,manual,5.00,26204410,https://image.tmdb.org/t/p/w1280/sOdgtJdFalL9kRKaeJItARLTAEq.jpg,,Billy Madison (1995) poster,comedy
american-pie-2-dvd-5,American Pie 2,<p>5</p>,DVD,Media > Videos,"Floor Sale, DVD, Comedy, Formatted",Genre,Comedy,shopify,1,deny,manual,5.00,26040570,https://image.tmdb.org/t/p/w1280/854ZZxXdeabAs90mrV72NqShJqR.jpg,,American Pie 2 (2001) poster,comedy
dance-with-me-dvd-5,Dance with Me,<p>5</p>,DVD,Media > Videos,"Floor Sale, DVD, Drama, Formatted",Genre,Drama,shopify,1,deny,manual,5.00,26007802,,,,drama
roll-bounce-dvd-5,Roll Bounce,<p>5</p>,DVD,Media > Videos,"Floor Sale, DVD, Comedy, Formatted",Genre,Comedy,shopify,1,deny,manual,5.00,25975034,https://image.tmdb.org/t/p/w1280/lStFr3EHTNbnyOdOk2QDCqYGnlR.jpg,,Roll Bounce (2005) poster,comedy
triple-feature-billy-crystal-dvd-5,Triple Feature: Billy Crystal,<p>5</p>,DVD,Media > Videos,"Floor Sale, DVD, Comedy, Formatted",Genre,Comedy,shopify,1,deny,manual,5.00,25909498,,,,comedy
universal-soldier-the-return-dvd-5,Universal Soldier: The Return,<p>5</p>,DVD,Media > Videos,"Floor Sale, DVD, Sci-Fi, Formatted",Genre,Sci-Fi,shopify,1,deny,manual,5.00,25876730,https://image.tmdb.org/t/p/w1280/qlcPJK0Me8aUtDPwk3TqN2RdKH4.jpg,,Universal Soldier: The Return (1999) poster,sci-fi
fight-club-dvd-6,Fight Club,<p>6</p>,DVD,Media > Videos,"Floor Sale, DVD, Drama, Formatted",Genre,Drama,shopify,1,deny,manual,6.00,25843962,,,,drama
jaws-dvd-7,Jaws,<p>7</p>,DVD,Media > Videos,"Floor Sale, DVD, Thriller, Formatted",Genre,Thriller,shopify,1,deny,manual,7.00,25811194,,,,thriller
knock-knock-dvd-6,Knock Knock,<p>6</p>,DVD,Media > Videos,"Floor Sale, DVD, Thriller, Formatted",Genre,Thriller,shopify,1,deny,manual,6.00,25680122,,,,thriller
lara-croft-tomb-raider-the-cradle-of-life-dvd-5,Lara Croft Tomb Raider: The Cradle of Life,<p>5</p>,DVD,Media > Videos,"Floor Sale, DVD, Action, Formatted",Genre,Action,shopify,1,deny,manual,5.00,25614586,https://image.tmdb.org/t/p/w1280/ylIEGeAr2ygSClK4FDj9mi2Ah22.jpg,,Lara Croft Tomb Raider: The Cradle of Life (2003) poster,action
super-dave-dvd-rental-comedy,Super Dave,,DVD,Media > Videos,"Rental, DVD, Comedy, Formatted",Genre,Comedy,shopify,1,deny,manual,0,31236090,,,,comedy
red-son-dvd-rental-kids-family,Red Son,"<p>Within the framework of Beethoven's Piano Sonata No. 14, a dying woman's journal reveals the story of the relationship that led to her demise.</p>",DVD,Media > Videos,"Rental, DVD, Kids & Family, Formatted",Genre,Kids & Family,shopify,1,deny,manual,0,31203322,https://image.tmdb.org/t/p/w1280/mDJXDDswGtu7Oh98hE1WVoPuNKr.jpg,,Red Son (2013) poster,kids-family
divergent-dvd-rental-action,Divergent,"<p>In a world divided into factions based on personality types, Tris learns that she's been classified as Divergent and won't fit in. When she discovers a plot to destroy Divergents, Tris and the mysterious Four must find out what makes Divergents dangerous before it's too late.</p>",DVD,Media > Videos,"Rental, DVD, Action, Formatted",Genre,Action,shopify,1,deny,manual,0,31170554,https://image.tmdb.org/t/p/w1280/aNh4Q3iuPKDMPi2SL7GgOpiLukX.jpg,,Divergent (2014) poster,action
electra-dvd-rental-action,Electra,,DVD,Media > Videos,"Rental, DVD, Action, Formatted",Genre,Action,shopify,1,deny,manual,0,31137786,,,,action
snakes-on-a-plane-dvd-rental-comedy,Snakes on a Plane,"<p>FBI agent Neville Flynn boards a flight from Honolulu, Hawaii to Los Angeles, escorting a key witness to testify against a mob boss at an upcoming trial. An on-board assassin releases a crate full of hundreds of deadly venomous snakes in an attempt to eliminate the witness. Flynn and a host of frightened passengers and crew must band together to survive the slithery threat.</p>",DVD,Media > Videos,"Rental, DVD, Comedy, Formatted",Genre,Comedy,shopify,1,deny,manual,0,31105018,https://image.tmdb.org/t/p/w1280/i0ynvZ89tV1t8MAL9FmeQELfXH0.jpg,,Snakes on a Plane (2006) poster,comedy
sam-elliott-i-will-fight-no-more-forever-dog-watch-dvd-rental-drama,Sam Elliott: I WIll Fight No More / Forever Dog Watch,,DVD,Media > Videos,"Rental, DVD, Drama, Formatted",Genre,Drama,shopify,1,deny,manual,0,31072250,,,,drama
hulk-dvd-rental-action,HULK,,DVD,Media > Videos,"Rental, DVD, Action, Formatted",Genre,Action,shopify,1,deny,manual,0,31039482,,,,action
night-of-the-living-dead-the-terror-dvd-rental-horror,Night of the Living Dead / The Terror,,DVD,Media > Videos,"Rental, DVD, Horror, Formatted",Genre,Horror,shopify,1,deny,manual,0,31006714,,,,horror
cravings-dvd-rental-horror,Cravings,,DVD,Media > Videos,"Rental, DVD, Horror, Formatted",Genre,Horror,shopify,1,deny,manual,0,30973946,,,,horror
the-underneath-dvd-rental-thriller,The Underneath,,DVD,Media > Videos,"Rental, DVD, Thriller, Formatted",Genre,Thriller,shopify,1,deny,manual,0,30941178,,,,thriller
dont-say-a-word-dvd-rental-thriller,Don't Say a Word,"<p>When the daughter of a psychiatrist is kidnapped, he is horrified to discover that the abductors' demand is that he break through to a young woman, suffering from PTSD, who knows a secret six digit code number.</p>",DVD,Media > Videos,"Rental, DVD, Thriller, Formatted",Genre,Thriller,shopify,1,deny,manual,0,30351354,https://image.tmdb.org/t/p/w1280/mDawnZWQnePqQbiisEWZaY9e4UI.jpg,,Don't Say a Word (2001) poster,thriller
eurotrip-dvd-rental-comedy,Eurotrip,"<p>When Scott learns that his longtime cyber-buddy from Berlin is a gorgeous young woman, he and his friends embark on a trip across Europe.</p>",DVD,Media > Videos,"Rental, DVD, Comedy, Formatted",Genre,Comedy,shopify,1,deny,manual,0,30318586,https://image.tmdb.org/t/p/w1280/iLdO4PwbZCCQSa9rchZMwuJm9xe.jpg,,Eurotrip (2004) poster,comedy
the-paperboy-dvd-rental-thriller,The Paperboy,,DVD,Media > Videos,"Rental, DVD, Thriller, Formatted",Genre,Thriller,shopify,1,deny,manual,0,30285818,,,,thriller
american-nightmares-dvd-rental-horror,American Nightmares,<p>Two voyeuristic nerds are hacking the devices of people as they themselves are hacked by the feed from story tellers Mister Malevolent and Mystic Woman who have seven moralistic horror stories to tell.</p>,DVD,Media > Videos,"Rental, DVD, Horror, Formatted",Genre,Horror,shopify,1,deny,manual,0,30220282,https://image.tmdb.org/t/p/w1280/zbmH4eCkmCTSo80nheJOmmYuKxh.jpg,,American Nightmares (2018) poster,horror
maintainence-dvd-rental-horror,Maintainence,,DVD,Media > Videos,"Rental, DVD, Horror, Formatted",Genre,Horror,shopify,1,deny,manual,0,30121978,,,,horror
mark-wahlberg-rockstar-perfect-storm-three-kings-corrupter-dvd-rental-action,"Mark Wahlberg: Rockstar, Perfect Storm, Three Kings, Corrupter",,DVD,Media > Videos,"Rental, DVD, Action, Formatted",Genre,Action,shopify,1,deny,manual,0,29990906,,,,action
xxx-state-of-the-union-dvd-rental-action,XXX State of the Union,<p>Darius Stone's criminal record and extreme sports obsession make him the perfect candidate to be the newest XXX agent. He must save the U.S. government from a deadly conspiracy led by five-star general and Secretary of Defense George Deckert.</p>,DVD,Media > Videos,"Rental, DVD, Action, Formatted",Genre,Action,shopify,1,deny,manual,0,29925370,https://image.tmdb.org/t/p/w1280/nL9J0N3HJSdZTKRsd5xcE6IzL5s.jpg,,XXX State of the Union (2005) poster,action
revenge-dvd-rental-action,Revenge,,DVD,Media > Videos,"Rental, DVD, Action, Formatted",Genre,Action,shopify,1,deny,manual,0,29827066,,,,action
missing-in-action-triple-feature-dvd-rental-action,Missing in Action Triple Feature,,DVD,Media > Videos,"Rental, DVD, Action, Formatted",Genre,Action,shopify,1,deny,manual,0,29794298,,,,action
safe-haven-dvd-rental-drama,Safe Haven,,DVD,Media > Videos,"Rental, DVD, Drama, Formatted",Genre,Drama,shopify,1,deny,manual,0,29761530,,,,drama
king-of-paper-chasin-dvd-rental-drama,King of Paper Chasin',"<p>In the city of 9 Million people everyone is engulfed in the everyday rat race chasing that almighty dollar. This movie tells the story of one of its own 'Carter Blanche'. Carter has staked his claim to the American dream. But history teaches us that behind every wealthy empire is a major crime; and Carter's rise to power is no exception. Trying to go legit, he is faced with deception, betrayal, and self serving agendas from those closest to him and must maneuver his way through all those who want to crumble what he has built. As he determines who's friend or foe. The decisions Carter makes can, and will cost lives.</p>",DVD,Media > Videos,"Rental, DVD, Drama, Formatted",Genre,Drama,shopify,1,deny,manual,0,29728762,https://image.tmdb.org/t/p/w1280/xjIGMTmCCJNvaZ9faPWfjLHnIT5.jpg,,King of Paper Chasin' (2010) poster,drama
down-with-love-dvd-rental-romantic-comedy,Down with Love,"<p>In 1962 New York City, love blossoms between a playboy journalist and a feminist advice author.</p>",DVD,Media > Videos,"Rental, DVD, Romantic Comedy, Formatted",Genre,Romantic Comedy,shopify,1,deny,manual,0,29695994,https://image.tmdb.org/t/p/w1280/74lG2SGDJdyiS8hB4kkFcRIviSi.jpg,,Down with Love (2003) poster,romantic-comedy
star-trek-into-darkness-dvd-rental-sci-fi,Star Trek Into Darkness,"<p>When the crew of the Enterprise is called back home, they find an unstoppable force of terror from within their own organization has detonated the fleet and everything it stands for, leaving our world in a state of crisis.  With a personal score to settle, Captain Kirk leads a manhunt to a war-zone world to capture a one man weapon of mass destruction. As our heroes are propelled into an epic chess game of life and death, love will be challenged, friendships will be torn apart, and sacrifices must be made for the only family Kirk has left: his crew.</p>",DVD,Media > Videos,"Rental, DVD, Sci-Fi, Formatted",Genre,Sci-Fi,shopify,1,deny,manual,0,26681338,https://image.tmdb.org/t/p/w1280/Aim3kVNh1MPIxPEFeJrl9e9Uf1a.jpg,,Star Trek Into Darkness (2013) poster,sci-fi
fahrenheit-9-11-dvd-rental-dcoumentary,Fahrenheit 9/11,<p>Michael Moore's view on how the Bush administration allegedly used the tragic events on 9/11 to push forward its agenda for unjust wars in Afghanistan and Iraq.</p>,DVD,Media > Videos,"Rental, DVD, Documentary, Formatted",Genre,Documentary,shopify,1,deny,manual,0,26648570,https://image.tmdb.org/t/p/w1280/cZ7M343iuiMDc36fSeSm699XQFv.jpg,,Fahrenheit 9/11 (2004) poster,documentary
along-came-polly-dvd-rental-comedy,Along Came Polly,"<p>Reuben Feffer is a guy who's spent his entire life playing it safe. Polly Prince is irresistible as a free-spirit who lives for the thrill of the moment. When these two comically mismatched souls collide, Reuben's world is turned upside down, as he makes an uproarious attempt to change his life from middle-of-the-road to totally-out-there.</p>",DVD,Media > Videos,"Rental, DVD, Comedy, Formatted",Genre,Comedy,shopify,1,deny,manual,0,42631418,https://image.tmdb.org/t/p/w1280/7Tp16THdpHkMrqgoiDresDz9CWL.jpg,,Along Came Polly (2004) poster,comedy
center-stage-dvd-rental-drama,Center Stage,,DVD,Media > Videos,"Rental, DVD, Drama, Formatted",Genre,Drama,shopify,1,deny,manual,0,42598650,,,,drama
the-fog-dvd-rental-horror,The Fog,,DVD,Media > Videos,"Rental, DVD, Horror, Formatted",Genre,Horror,shopify,1,deny,manual,0,42565882,,,,horror
escobar-paradise-lost-dvd-rental-drama,Escobar: Paradise Lost,"<p>For Pablo Escobar family is everything. When young surfer Nick falls for Escobar's niece, Maria, he finds his life on the line when he's pulled into the dangerous world of the family business.</p>",DVD,Media > Videos,"Rental, DVD, Drama, Formatted",Genre,Drama,shopify,1,deny,manual,0,42533114,https://image.tmdb.org/t/p/w1280/4HngNLzCmUYCPB8FbxSZWN0eDKM.jpg,,Escobar: Paradise Lost (2014) poster,drama
weapons-of-death-dvd-rental-action,Weapons of Death,"<p>When a crime boss sends out his thugs to terrorize an entire city, they do whatever they want, which includes anything from petty theft to robbing the police station in broad daylight.  Napoli spara! (internationally released as Weapons of Death and Naples shoots) is a ""poliziottesco"" film directed by Mario Caiano in 1977. It is an unofficial sequel of Napoli violenta, of which reprises the character of Gennarino (still played by Massimo Deda).</p>",DVD,Media > Videos,"Rental, DVD, Action, Formatted",Genre,Action,shopify,1,deny,manual,0,42500346,https://image.tmdb.org/t/p/w1280/rA6yh4VXtS6IKGJPe84zu0zKbN8.jpg,,Weapons of Death (1977) poster,action
angels-in-america-dvd-rental-drama,Angels in America,,DVD,Media > Videos,"Rental, DVD, Drama, Formatted",Genre,Drama,shopify,1,deny,manual,0,42467578,,,,drama
bridge-of-spies-dvd-rental-thriller,Bridge of Spies,"<p>During the Cold War, the Soviet Union captures U.S. pilot Francis Gary Powers after shooting down his U-2 spy plane. Sentenced to 10 years in prison, Powers' only hope is New York lawyer James Donovan, recruited by a CIA operative to negotiate his release. Donovan boards a plane to Berlin, hoping to win the young man's freedom through a prisoner exchange. If all goes well, the Russians would get Rudolf Abel, the convicted spy who Donovan defended in court.</p>",DVD,Media > Videos,"Rental, DVD, Thriller, Formatted",Genre,Thriller,shopify,1,deny,manual,0,42434810,https://image.tmdb.org/t/p/w1280/fmOOjHAQzxr0c1sfcY4qkiSRBH6.jpg,,Bridge of Spies (2015) poster,thriller
the-losers-dvd-5,The Losers,,DVD,Media > Videos,"Floor Sale, DVD, Action, Formatted",Genre,Action,shopify,1,deny,manual,5.00,90989050,,,,action
the-international-dvd-5,The International,,DVD,Media > Videos,"Floor Sale, DVD, Action, Formatted",Genre,Action,shopify,1,deny,manual,5.00,90923514,,,,action
flyboys-dvd-5,Flyboys,"<p>The adventures of the Lafayette Escadrille, young Americans who volunteered for the French military before the U.S. entered World War I, and became the country's first fighter pilots.</p>",DVD,Media > Videos,"Floor Sale, DVD, Drama, Formatted",Genre,Drama,shopify,1,deny,manual,5.00,90890746,https://image.tmdb.org/t/p/w1280/xezeqrrno6ytLyLrbTXRGUk4rdu.jpg,,Flyboys (2006) poster,drama
remember-the-titans-dvd-5,Remember the Titans,"<p>After leading his football team to 15 winning seasons, coach Bill Yoast is demoted and replaced by Herman Boone – tough, opinionated and as different from the beloved Yoast as he could be. The two men learn to overcome their differences and turn a group of hostile young men into champions.</p>",DVD,Media > Videos,"Floor Sale, DVD, Drama, Formatted",Genre,Drama,shopify,1,deny,manual,5.00,90857978,https://image.tmdb.org/t/p/w1280/825ohvC4wZ3gCuncCaqkWeQnK8h.jpg,,Remember the Titans (2000) poster,drama
nightmare-man-dvd-5,Nightmare Man,,DVD,Media > Videos,"Floor Sale, DVD, Horror, Formatted",Genre,Horror,shopify,1,deny,manual,5.00,90825210,,,,horror
cry-wolf-dvd-5,Cry Wolf,,DVD,Media > Videos,"Floor Sale, DVD, Horror, Formatted",Genre,Horror,shopify,1,deny,manual,5.00,90759674,,,,horror
independence-day-dvd-6,Independence Day,,DVD,Media > Videos,"Floor Sale, DVD, Sci-Fi, Formatted",Genre,Sci-Fi,shopify,1,deny,manual,6.00,90694138,,,,sci-fi
superbad-dvd-5,Superbad,,DVD,Media > Videos,"Floor Sale, DVD, Comedy, Formatted",Genre,Comedy,shopify,1,deny,manual,5.00,90661370,,,,comedy
this-girl-is-badass-dvd-5,This Girl is Badass,"<p>A bike messenger, hired by competing mob bosses to smuggle goods, finds that her only way out is a confrontation erupting into a battle of bullets, blows and kicks to the face.</p>",DVD,Media > Videos,"Floor Sale, DVD, Action, Formatted",Genre,Action,shopify,1,deny,manual,5.00,90006010,https://image.tmdb.org/t/p/w1280/nvlXvC8wUYIgKC33bXp41MquXut.jpg,,This Girl is Badass (2011) poster,action
head-case-dvd-5,Head Case,,DVD,Media > Videos,"Floor Sale, DVD, Horror, Formatted",Genre,Horror,shopify,1,deny,manual,5.00,89940474,,,,horror
lord-of-the-rings-the-two-towers-dvd-6,Lord of the Rings The Two Towers,"<p>Frodo Baggins and the other members of the Fellowship continue on their sacred quest to destroy the One Ring--but on separate paths. Their destinies lie at two towers--Orthanc Tower in Isengard, where the corrupt wizard Saruman awaits, and Sauron's fortress at Barad-dur, deep within the dark lands of Mordor.</p>",DVD,Media > Videos,"Floor Sale, DVD, Fantasy, Formatted",Genre,Fantasy,shopify,1,deny,manual,6.00,89907706,https://image.tmdb.org/t/p/w1280/5VTN0pR8gcqV3EPUHHfMGnJYN9L.jpg,,Lord of the Rings The Two Towers (2002) poster,fantasy
troy-dvd-5,Troy,,DVD,Media > Videos,"Floor Sale, DVD, Action, Formatted",Genre,Action,shopify,1,deny,manual,5.00,89874938,,,,action
no-country-for-old-men-dvd-8,No Country for Old Men,"<p>Llewelyn Moss stumbles upon dead bodies, $2 million and a hoard of heroin in a Texas desert, but methodical killer Anton Chigurh comes looking for it, with local sheriff Ed Tom Bell hot on his trail. The roles of prey and predator blur as the violent pursuit of money and justice collide.</p>",DVD,Media > Videos,"Floor Sale, DVD, Drama, Formatted",Genre,Drama,shopify,1,deny,manual,8.00,89842170,https://image.tmdb.org/t/p/w1280/6d5XOczc226jECq0LIX0siKtgHR.jpg,,No Country for Old Men (2007) poster,drama
gladiator-bluray-8,Gladiator,,Blu-Ray,Media > Videos,"Floor Sale, Blu-Ray, Action, Formatted",Genre,Action,shopify,1,deny,manual,8.00,89809402,,,,action
wedding-crashers-dvd-5,Wedding Crashers,<p>94</p>,DVD,Media > Videos,"Floor Sale, DVD, Comedy, Formatted",Genre,Comedy,shopify,1,deny,manual,5.00,89776634,https://image.tmdb.org/t/p/w1280/lFM3lk2zVzC1YFnKm0r6LbFPyRu.jpg,,Wedding Crashers (2005) poster,comedy
action-4-movie-series-contraband-savages-traffic-miami-vice-dvd-6,"Action 4-Movie Series: Contraband, Savages, Traffic, Miami Vice",,DVD,Media > Videos,"Floor Sale, DVD, Action, Formatted",Genre,Action,shopify,1,deny,manual,6.00,89743866,,,,action
laugh-out-loud-pineapple-express-the-interview-the-night-before-this-is-the-end-dvd-6,"Laugh Out Loud: Pineapple Express, The Interview, The Night Before, This is the End",<p>6</p>,DVD,Media > Videos,"Floor Sale, DVD, Comedy, Formatted",Genre,Comedy,shopify,1,deny,manual,6.00,89711098,,,,comedy
8-movie-monster-pack-dvd-5,8 Movie Monster Pack,<p>5</p>,DVD,Media > Videos,"Floor Sale, DVD, Sci-Fi, Formatted",Genre,Sci-Fi,shopify,1,deny,manual,5.00,89678330,,,,sci-fi
superman-last-son-of-krypton-dvd-5,Superman Last Son of Krypton,<p>5</p>,DVD,Media > Videos,"Floor Sale, DVD, Kids & Family, Formatted",Genre,Kids & Family,shopify,1,deny,manual,5.00,89645562,https://image.tmdb.org/t/p/w1280/2g5o7gVeSn0HTtmZapL2pY1u1xR.jpg,,Superman Last Son of Krypton (1996) poster,kids-family
the-prime-gig-dvd-5,The Prime Gig,<p>5</p>,DVD,Media > Videos,"Floor Sale, DVD, Thriller, Formatted",Genre,Thriller,shopify,1,deny,manual,5.00,89580026,https://image.tmdb.org/t/p/w1280/gJTeDkT6zYfUlSQFlSiBKfpibwA.jpg,,The Prime Gig (2001) poster,thriller
cars-dvd-5,Cars,<p>5</p>,DVD,Media > Videos,"Floor Sale, DVD, Kids & Family, Formatted",Genre,Kids & Family,shopify,1,deny,manual,5.00,89547258,,,,kids-family
hero-factory-savage-planet-dvd-5,Hero Factory: Savage Planet,<p>5</p>,DVD,Media > Videos,"Floor Sale, DVD, Kids & Family, Formatted",Genre,Kids & Family,shopify,1,deny,manual,5.00,89514490,https://image.tmdb.org/t/p/w1280/nL8N660JsTKmSON0CjlbsnoIsHa.jpg,,Hero Factory: Savage Planet (2011) poster,kids-family
charlottes-web-dvd-5,Charlotte's Web,<p>5</p>,DVD,Media > Videos,"Floor Sale, DVD, Kids & Family, Formatted",Genre,Kids & Family,shopify,1,deny,manual,5.00,89481722,,,,kids-family
ghosts-of-mars-dvd-8,Ghosts of Mars,<p>8</p>,DVD,Media > Videos,"Floor Sale, DVD, Horror, Formatted",Genre,Horror,shopify,1,deny,manual,8.00,89448954,https://image.tmdb.org/t/p/w1280/i2zztssCIbahGES1fdfWFmDXian.jpg,,Ghosts of Mars (2001) poster,horror
sanky-panky-dvd-5,Sanky Panky,<p>5</p>,DVD,Media > Videos,"Floor Sale, DVD, Comedy, Formatted",Genre,Comedy,shopify,1,deny,manual,5.00,89416186,,,,comedy
ip-man-2-dvd-6,IP Man 2,<p>6</p>,DVD,Media > Videos,"Floor Sale, DVD, Action, Formatted",Genre,Action,shopify,1,deny,manual,6.00,89383418,https://image.tmdb.org/t/p/w1280/wMcyFfKcJneVgcHxWYiQNUNHUsq.jpg,,IP Man 2 (2010) poster,action
shrek-2-dvd-5,Shrek 2,<p>5</p>,DVD,Media > Videos,"Floor Sale, DVD, Kids & Family, Formatted",Genre,Kids & Family,shopify,1,deny,manual,5.00,89317882,https://image.tmdb.org/t/p/w1280/2yYP0PQjG8zVqturh1BAqu2Tixl.jpg,,Shrek 2 (2004) poster,kids-family
trailer-park-of-terror-dvd-6,Trailer Park of Terror,<p>6</p>,DVD,Media > Videos,"Floor Sale, DVD, Horror, Formatted",Genre,Horror,shopify,1,deny,manual,6.00,89285114,https://image.tmdb.org/t/p/w1280/2wipDrSAa6xXLGREzZBfyLauFxq.jpg,,Trailer Park of Terror (2008) poster,horror
hustle-and-heat-dvd-4,Hustle and Heat,<p>4</p>,DVD,Media > Videos,"Floor Sale, DVD, Thriller, Formatted",Genre,Thriller,shopify,1,deny,manual,4.00,89252346,https://image.tmdb.org/t/p/w1280/cGxOcqIKgME1aWxXfVGm6UpR0iM.jpg,,Hustle and Heat (2003) poster,thriller
road-to-perdition-dvd-6,Road to Perdition,<p>6</p>,DVD,Media > Videos,"Floor Sale, DVD, Thriller, Formatted",Genre,Thriller,shopify,1,deny,manual,6.00,89219578,,,,thriller
hondo-dvd-6,Hondo,<p>6</p>,DVD,Media > Videos,"Floor Sale, DVD, Drama, Formatted",Genre,Drama,shopify,1,deny,manual,6.00,89186810,,,,drama
3000-miles-to-graceland-dvd-5,3000 Miles to Graceland,"<p>It was an ingenious enough plan: rob the Riviera Casino's count room during an Elvis impersonator convention. But Thomas Murphy decided to keep all the money for himself and shot all his partners, including recently-freed ex-con Michael Zane. With $3.2 million at stake, the Marshals Service closing in, Michael must track down Murphy.</p>",DVD,Media > Videos,"Floor Sale, DVD, Thriller, Formatted",Genre,Thriller,shopify,1,deny,manual,5.00,63070714,https://image.tmdb.org/t/p/w1280/nJgr5sGoXnsgZ0EVt80i6X9dQiA.jpg,,3000 Miles to Graceland (2001) poster,thriller
wrongly-accused-dvd-5,Wrongly Accused,,DVD,Media > Videos,"Floor Sale, DVD, Comedy, Formatted",Genre,Comedy,shopify,1,deny,manual,5.00,63037946,,,,comedy
mystic-river-dvd-5,Mystic River,<p>The lives of three men who were childhood friends are shattered when one of them suffers a family tragedy.</p>,DVD,Media > Videos,"Floor Sale, DVD, Thriller, Formatted",Genre,Thriller,shopify,1,deny,manual,5.00,63005178,https://image.tmdb.org/t/p/w1280/hCHVDbo6XJGj3r2i4hVjKhE0GKF.jpg,,Mystic River (2003) poster,thriller
dumb-and-dumber-dvd-5,Dumb and Dumber,,DVD,Media > Videos,"Floor Sale, DVD, Comedy, Formatted",Genre,Comedy,shopify,1,deny,manual,5.00,62972410,,,,comedy
it-dvd-5,IT,"<p>In a small town in Maine, seven children known as The Losers Club come face to face with life problems, bullies and a monster that takes the shape of a clown called Pennywise.</p>",DVD,Media > Videos,"Floor Sale, DVD, Horror, Formatted",Genre,Horror,shopify,1,deny,manual,5.00,62939642,https://image.tmdb.org/t/p/w1280/9E2y5Q7WlCVNEhP5GiVTjhEhx1o.jpg,,IT (2017) poster,horror
mortal-kombat-annihilation-dvd-5,Mortal Kombat: Annihilation,"<p>A group of heroic warriors has only six days to save the planet in ""Mortal Kombat Annihilation."" To succeed they must survive the most spectacular series of challenges any human, or god, has ever encountered as they battle an evil warlord bent on taking control of Earth.</p>",DVD,Media > Videos,"Floor Sale, DVD, Action, Formatted",Genre,Action,shopify,1,deny,manual,5.00,62906874,https://image.tmdb.org/t/p/w1280/ttryglcY2osWZE3sRYBf3ewTZsW.jpg,,Mortal Kombat: Annihilation (1997) poster,action
passenger-57-dvd-5,Passenger 57,"<p>Airline security specialist John Cutter, finally returning to the job after his wife's death, finds himself stuck on a flight being hijacked by notorious terrorist Charles Rane. Unfortunately for the terrorists, they're also stuck with him.</p>",DVD,Media > Videos,"Floor Sale, DVD, Action, Formatted",Genre,Action,shopify,1,deny,manual,5.00,62874106,https://image.tmdb.org/t/p/w1280/4VBN8pQxGHjeZWcNv1V1xSw0OKC.jpg,,Passenger 57 (1992) poster,action
most-wanted-dvd-5,Most Wanted,,DVD,Media > Videos,"Floor Sale, DVD, Action, Formatted",Genre,Action,shopify,1,deny,manual,5.00,62841338,,,,action
trial-and-error-dvd-5,Trial and Error,,DVD,Media > Videos,"Floor Sale, DVD, Comedy, Formatted",Genre,Comedy,shopify,1,deny,manual,5.00,62808570,,,,comedy
the-rat-pack-dvd-5,The Rat Pack,,DVD,Media > Videos,"Floor Sale, DVD, Drama, Formatted",Genre,Drama,shopify,1,deny,manual,5.00,62775802,,,,drama
swordfish-dvd-5,Swordfish,"<p>Rogue agent Gabriel Shear is determined to get his mitts on $9 billion stashed in a secret Drug Enforcement Administration account. He wants the cash to fight terrorism, but lacks the computer skills necessary to hack into the government mainframe. Enter Stanley Jobson, a n'er-do-well encryption expert who can log into anything.</p>",DVD,Media > Videos,"Floor Sale, DVD, Action, Formatted",Genre,Action,shopify,1,deny,manual,5.00,62743034,https://image.tmdb.org/t/p/w1280/mM6h4jMqC4q5IaFgBIGKQDLnRU.jpg,,Swordfish (2001) poster,action
mr-nice-guy-dvd-5,Mr. Nice Guy,<p>85</p>,DVD,Media > Videos,"Floor Sale, DVD, Action, Formatted",Genre,Action,shopify,1,deny,manual,5.00,62710266,,,,action
last-man-standing-dvd-5,Last Man Standing,,DVD,Media > Videos,"Floor Sale, DVD, Action, Formatted",Genre,Action,shopify,1,deny,manual,5.00,62677498,,,,action
holiday-in-the-sun-dvd-5,Holiday in the Sun,<p>5</p>,DVD,Media > Videos,"Floor Sale, DVD, Kids & Family, Formatted",Genre,Kids & Family,shopify,1,deny,manual,5.00,62644730,https://image.tmdb.org/t/p/w1280/vTeilhjA4cZOZWFxBxh5arrv0hk.jpg,,Holiday in the Sun (2001) poster,kids-family
singles-dvd-5,Singles,<p>5</p>,DVD,Media > Videos,"Floor Sale, DVD, Romantic Comedy, Formatted",Genre,Romantic Comedy,shopify,1,deny,manual,5.00,62611962,,,,romantic-comedy
proof-of-life-dvd-5,Proof of Life,<p>5</p>,DVD,Media > Videos,"Floor Sale, DVD, Action, Formatted",Genre,Action,shopify,1,deny,manual,5.00,62579194,https://image.tmdb.org/t/p/w1280/yw8x2i3vaHZZzpvqvF75E8q2N6M.jpg,,Proof of Life (2000) poster,action
ocean-eleven-dvd-5,Ocean Eleven,<p>5</p>,DVD,Media > Videos,"Floor Sale, DVD, Drama, Formatted",Genre,Drama,shopify,1,deny,manual,5.00,62546426,,,,drama
insomnia-dvd-5,Insomnia,<p>5</p>,DVD,Media > Videos,"Floor Sale, DVD, Thriller, Formatted",Genre,Thriller,shopify,1,deny,manual,5.00,62513658,,,,thriller
ace-ventura-when-nature-calls-dvd-5,Ace Ventura When Nature Calls,<p>5</p>,DVD,Media > Videos,"Floor Sale, DVD, Comedy, Formatted",Genre,Comedy,shopify,1,deny,manual,5.00,62480890,https://image.tmdb.org/t/p/w1280/wcinCf1ov2D6M3P7BBZkzQFOiIb.jpg,,Ace Ventura When Nature Calls (1995) poster,comedy
soldier-dvd-5,Soldier,<p>5</p>,DVD,Media > Videos,"Floor Sale, DVD, Sci-Fi, Formatted",Genre,Sci-Fi,shopify,1,deny,manual,5.00,62448122,https://image.tmdb.org/t/p/w1280/g62RTtfhgzJo1GV2jjwdzpNuiUB.jpg,,Soldier (1998) poster,sci-fi
deep-blue-sea-dvd-5,Deep Blue Sea,<p>5</p>,DVD,Media > Videos,"Floor Sale, DVD, Horror, Formatted",Genre,Horror,shopify,1,deny,manual,5.00,62415354,,,,horror
chisum-dvd-5,Chisum,<p>5</p>,DVD,Media > Videos,"Floor Sale, DVD, Drama, Formatted",Genre,Drama,shopify,1,deny,manual,5.00,62317050,https://image.tmdb.org/t/p/w1280/t7GnHtvMslkBQFA8rgotzpGfm0A.jpg,,Chisum (1970) poster,drama
exit-wounds-dvd-5,Exit Wounds,<p>5</p>,DVD,Media > Videos,"Floor Sale, DVD, Action, Formatted",Genre,Action,shopify,1,deny,manual,5.00,62251514,,,,action
a-bronx-tale-dvd-5,A Bronx Tale,<p>5</p>,DVD,Media > Videos,"Floor Sale, DVD, Drama, Formatted",Genre,Drama,shopify,1,deny,manual,5.00,62185978,https://image.tmdb.org/t/p/w1280/sDbO6LmLYtyqAoFTPpRcMgPSCEO.jpg,,A Bronx Tale (1993) poster,drama
disclosure-dvd-5,Disclosure,<p>5</p>,DVD,Media > Videos,"Floor Sale, DVD, Thriller, Formatted",Genre,Thriller,shopify,1,deny,manual,5.00,62153210,,,,thriller
battlefield-earth-dvd-5,Battlefield Earth,<p>5</p>,DVD,Media > Videos,"Floor Sale, DVD, Sci-Fi, Formatted",Genre,Sci-Fi,shopify,1,deny,manual,5.00,62120442,https://image.tmdb.org/t/p/w1280/wXCRuBHdJ5aTFQdsuGJFXNdo79T.jpg,,Battlefield Earth (2000) poster,sci-fi
the-art-of-war-dvd-5,The Art of War,<p>5</p>,DVD,Media > Videos,"Floor Sale, DVD, Action, Formatted",Genre,Action,shopify,1,deny,manual,5.00,62087674,,,,action
training-day-dvd-5,Training Day,<p>5</p>,DVD,Media > Videos,"Floor Sale, DVD, Drama, Formatted",Genre,Drama,shopify,1,deny,manual,5.00,62054906,,,,drama
goodfellas-dvd-5,GoodFellas,<p>5</p>,DVD,Media > Videos,"Floor Sale, DVD, Drama, Formatted",Genre,Drama,shopify,1,deny,manual,5.00,62022138,,,,drama
gothika-dvd-5,Gothika,<p>5</p>,DVD,Media > Videos,"Floor Sale, DVD, Horror, Formatted",Genre,Horror,shopify,1,deny,manual,5.00,61956602,https://image.tmdb.org/t/p/w1280/frSGNQcWx1ek8dCduFYCux1ho7n.jpg,,Gothika (2003) poster,horror
born-romantic-dvd-rental-romantic-comedy,Born Romantic,"<p>In modern-day London, three men (Craig Ferguson, Jimi Mistry and David Morrissey) and three women (Olivia Williams, Jane Horrocks and Catherine McCormack) fall in and out of love and back again, to the Greek-chorus accompaniment of two cab drivers, who engage in an ongoing conversation about sex. A winning romantic comedy, Born Romantic is the second feature by British writer-director David Kane of This Year's Love fame.</p>",DVD,Media > Videos,"Rental, DVD, Romantic Comedy, Formatted",Genre,Romantic Comedy,shopify,1,deny,manual,0,70853626,https://image.tmdb.org/t/p/w1280/okQsBtYgfKfbjtHZMdiEGWF40TY.jpg,,Born Romantic (2000) poster,romantic-comedy
black-mask-dvd-rental-action,Black Mask,,DVD,Media > Videos,"Rental, DVD, Action, Formatted",Genre,Action,shopify,1,deny,manual,0,70820858,,,,action
johnny-english-reborn-dvd-rental-comedy,Johnny English Reborn,"<p>The most prominent heads of state in the world begin gathering for a conference that could have a major impact on global politics. When MI-7 receives word that the Chinese premier has become the target of some high-powered killers, it falls on Johnny English to save the day. Armed with the latest high-tech weaponry and gadgets that would make even James Bond jealous, the once-disgraced agent uncovers evidence of a massive conspiracy involving some of the world's most powerful organisations, and vows to redeem his tarnished reputation by stopping the killers before they can strike.</p>",DVD,Media > Videos,"Rental, DVD, Comedy, Formatted",Genre,Comedy,shopify,1,deny,manual,0,70788090,https://image.tmdb.org/t/p/w1280/zDbrU0eSnRGh5gHc1iqTACTNNyT.jpg,,Johnny English Reborn (2011) poster,comedy
dejavu-dvd-rental-thriller,Dejavu,,DVD,Media > Videos,"Rental, DVD, Thriller, Formatted",Genre,Thriller,shopify,1,deny,manual,0,70755322,,,,thriller
21-jump-street-dvd-rental-comedy,21 Jump Street,"<p>When cops Schmidt and Jenko join the secret Jump Street unit, they use their youthful appearances to go undercover as high school students. They trade in their guns and badges for backpacks, and set out to shut down a dangerous drug ring. But, as time goes on, Schmidt and Jenko discover that high school is nothing like it was just a few years earlier -- and, what's more, they must again confront the teenage terror and anxiety they thought they had left behind.</p>",DVD,Media > Videos,"Rental, DVD, Comedy, Formatted",Genre,Comedy,shopify,1,deny,manual,0,70722554,https://image.tmdb.org/t/p/w1280/8v3Sqv9UcIUC4ebmpKWROqPBINZ.jpg,,21 Jump Street (2012) poster,comedy
saw-iv-dvd-rental-horror,Saw IV,"<p>Despite Jigsaw's death, and in order to save the lives of two of his colleagues, Lieutenant Rigg is forced to take part in a new game, which promises to test him to the limit.</p>",DVD,Media > Videos,"Rental, DVD, Horror, Formatted",Genre,Horror,shopify,1,deny,manual,0,70689786,https://image.tmdb.org/t/p/w1280/ku1QdCXOU4ckz3zxLLlis8MIJVm.jpg,,Saw IV (2007) poster,horror
the-card-counter-dvd-rental-thriller,The Card Counter,"<p>William Tell just wants to play cards. His spartan existence on the casino trail is shattered when he is approached by Cirk, a vulnerable and angry young man seeking help to execute his plan for revenge on a military colonel. Tell sees a chance at redemption through his relationship with Cirk.</p>",DVD,Media > Videos,"Rental, DVD, Thriller, Formatted",Genre,Thriller,shopify,1,deny,manual,0,70657018,https://image.tmdb.org/t/p/w1280/y5DNLVg0gPiGSkuK4yFc4fjQ42Q.jpg,,The Card Counter (2021) poster,thriller
patriot-games-dvd-rental-action,Patriot Games,"<p>When CIA Analyst Jack Ryan interferes with an IRA assassination, a renegade faction targets Jack and his family as revenge.</p>",DVD,Media > Videos,"Rental, DVD, Action, Formatted",Genre,Action,shopify,1,deny,manual,0,70624250,https://image.tmdb.org/t/p/w1280/9IT7gnszrRthduYxCLqaIkM55Un.jpg,,Patriot Games (1992) poster,action
deadwood-the-movie-dvd-rental-drama,Deadwood the Movie,"<p>Follow the 10-year reunion of the Deadwood camp to celebrate South Dakota's statehood. Former rivalries are reignited, alliances are tested and old wounds are reopened, as all are left to navigate the inevitable changes that modernity and time have wrought.</p>",DVD,Media > Videos,"Rental, DVD, Drama, Formatted",Genre,Drama,shopify,1,deny,manual,0,70591482,https://image.tmdb.org/t/p/w1280/fCQ13cqd02dop7Chkov0fPl4r3t.jpg,,Deadwood the Movie (2019) poster,drama
snatchers-dvd-rental-horror,Snatchers,,DVD,Media > Videos,"Rental, DVD, Horror, Formatted",Genre,Horror,shopify,1,deny,manual,0,70558714,,,,horror
contract-killer-dvd-rental-action,Contract Killer,,DVD,Media > Videos,"Rental, DVD, Action, Formatted",Genre,Action,shopify,1,deny,manual,0,70525946,,,,action
beautifully-insecure-dvd-rental-drama,Beautifully Insecure,"<p>Imagine falling in love with someone but not being able to love yourself. Leanna was diagnosed with Alopecia at age 7 and by 9 years of age all of her hair was gone. By her early 20's her insecurities had such a grip on her heart that she became a master of hiding her hair loss. It wasn't until she met Terrence, the love of her life, that she felt she couldn't hide it any longer.</p>",DVD,Media > Videos,"Rental, DVD, Drama, Formatted",Genre,Drama,shopify,1,deny,manual,0,70493178,https://image.tmdb.org/t/p/w1280/2H2ztiEvvpv41IbEpwd8idq0kxp.jpg,,Beautifully Insecure (2017) poster,drama
premonition-dvd-rental-thriller,Premonition,,DVD,Media > Videos,"Rental, DVD, Thriller, Formatted",Genre,Thriller,shopify,1,deny,manual,0,70460410,,,,thriller
gatsby-dvd-rental-drama,Gatsby,"<p>In the heart of the Gobi Desert, a herd of Bactrian camels follows the well-walked paths of the camels that came before them, but one camel dreams of a greater purpose outside the routine. Gatsby follows a mysterious voice into the desert in search of adventure, but the brutality of nature leaves him with a difficult question: are his dreams legitimate or just teenage delusions of grandeur?</p>",DVD,Media > Videos,"Rental, DVD, Drama, Formatted",Genre,Drama,shopify,1,deny,manual,0,70427642,https://image.tmdb.org/t/p/w1280/1jcG42gHT0d0xv58BX1nNxLCVRm.jpg,,Gatsby (2024) poster,drama
its-a-wonderful-life-dvd-rental-holiday,It's a Wonderful Life,,DVD,Media > Videos,"Rental, DVD, Holiday, Formatted",Genre,Holiday,shopify,1,deny,manual,0,70394874,,,,holiday
the-scorpion-king-4-quest-for-power-dvd-rental-action,The Scorpion King 4: Quest for Power,"<p>When he is betrayed by a trusted friend, Mathayus must marshal all his strength and cunning to outwit a formidable opponent who will stop at nothing to unlock a supreme ancient power.</p>",DVD,Media > Videos,"Rental, DVD, Action, Formatted",Genre,Action,shopify,1,deny,manual,0,70362106,https://image.tmdb.org/t/p/w1280/yIvSKp0zM9AwmEdCataPogrBp31.jpg,,The Scorpion King 4: Quest for Power (2015) poster,action
the-american-dvd-rental-drama,The American,,DVD,Media > Videos,"Rental, DVD, Drama, Formatted",Genre,Drama,shopify,1,deny,manual,0,70329338,,,,drama
brooklyn-dvd-rental-drama,Brooklyn,,DVD,Media > Videos,"Rental, DVD, Drama, Formatted",Genre,Drama,shopify,1,deny,manual,0,67904506,,,,drama
21-grams-dvd-rental-drama,21 Grams,,DVD,Media > Videos,"Rental, DVD, Drama, Formatted",Genre,Drama,shopify,1,deny,manual,0,67871738,,,,drama
american-sniper-dvd-rental-drama,American Sniper,"<p>U.S. Navy SEAL Chris Kyle takes his sole mission—protect his comrades—to heart and becomes one of the most lethal snipers in American history. His pinpoint accuracy not only saves countless lives but also makes him a prime target of insurgents. Despite grave danger and his struggle to be a good husband and father to his family back in the States, Kyle serves four tours of duty in Iraq. However, when he finally returns home, he finds that he cannot leave the war behind.</p>",DVD,Media > Videos,"Rental, DVD, Drama, Formatted",Genre,Drama,shopify,1,deny,manual,0,67838970,https://image.tmdb.org/t/p/w1280/i1U46OwMc6vlm7OoSUKfqUH615e.jpg,,American Sniper (2014) poster,drama
moneyball-dvd-rental-drama,Moneyball,"<p>The story of Oakland Athletics general manager Billy Beane's successful attempt to put together a baseball team on a budget, by employing computer-generated analysis to draft his players.</p>",DVD,Media > Videos,"Rental, DVD, Drama, Formatted",Genre,Drama,shopify,1,deny,manual,0,67806202,https://image.tmdb.org/t/p/w1280/4yIQq1e6iOcaZ5rLDG3lZBP3j7a.jpg,,Moneyball (2011) poster,drama
road-trip-dvd-rental-comedy,Road Trip,,DVD,Media > Videos,"Rental, DVD, Comedy, Formatted",Genre,Comedy,shopify,1,deny,manual,0,67773434,,,,comedy
inviticus-dvd-rental-drama,Inviticus,,DVD,Media > Videos,"Rental, DVD, Drama, Formatted",Genre,Drama,shopify,1,deny,manual,0,67740666,,,,drama
blink-dvd-rental-thriller,Blink,,DVD,Media > Videos,"Rental, DVD, Thriller, Formatted",Genre,Thriller,shopify,1,deny,manual,0,67707898,,,,thriller
windsor-dvd-rental-drama,Windsor,<p>Six high school seniors and their beloved local hero search for a graceful exit from a struggling small town.</p>,DVD,Media > Videos,"Rental, DVD, Drama, Formatted",Genre,Drama,shopify,1,deny,manual,0,67642362,https://image.tmdb.org/t/p/w1280/fZw7jig0MiIIqwhACfVebQTeKJE.jpg,,Windsor (2016) poster,drama
the-perfect-man-dvd-rental-romantic-comedy,The Perfect Man,,DVD,Media > Videos,"Rental, DVD, Romantic Comedy, Formatted",Genre,Romantic Comedy,shopify,1,deny,manual,0,67576826,,,,romantic-comedy
21-over-dvd-rental-comedy,21 & Over,"<p>Brilliant student Jeff Chang has the most important interview of his life tomorrow.  But today is still his birthday, what starts off as a casual celebration with friends evolves into a night of debauchery that risks to derail his life plan.</p>",DVD,Media > Videos,"Rental, DVD, Comedy, Formatted",Genre,Comedy,shopify,1,deny,manual,0,67544058,https://image.tmdb.org/t/p/w1280/azrjh38R7X9bznCocChvmXTOtF9.jpg,,21 & Over (2013) poster,comedy
the-brothers-grimm-dvd-rental-fantasy,The Brothers Grimm,"<p>Folklore collectors and con artists, Jake and Will Grimm, travel from village to village pretending to protect townsfolk from enchanted creatures and performing exorcisms. However, they are put to the test when they encounter a real magical curse in a haunted forest with real magical beings, requiring genuine courage.</p>",DVD,Media > Videos,"Rental, DVD, Fantasy, Formatted",Genre,Fantasy,shopify,1,deny,manual,0,67511290,https://image.tmdb.org/t/p/w1280/iPrey2UYrA5Fqa8L3KnxqMqfmSq.jpg,,The Brothers Grimm (2005) poster,fantasy
the-sea-chase-dvd-rental-drama,The Sea Chase,"<p>As the Second World War breaks out, German freighter captain Karl Ehrlich is about to leave Sydney, Australia with his vessel, the Ergenstrasse. Ehrlich, an anti-Nazi but proud German, hopes to outrun or out-maneuver the British warship pursuing him. Aboard his vessel is Elsa Keller, a woman Ehrlich has been ordered to return to Germany safely along with whatever secrets she carries. When Ehrlich's fiercely Nazi chief officer Kirchner commits an atrocity, the British pursuit becomes deadly.</p>",DVD,Media > Videos,"Rental, DVD, Drama, Formatted",Genre,Drama,shopify,1,deny,manual,0,40248314,https://image.tmdb.org/t/p/w1280/vFzBvq70zOqCb25pJL7pjGBrVAN.jpg,,The Sea Chase (1955) poster,drama
charlie-st-cloud-dvd-rental-drama,Charlie St. Cloud,"<p>Accomplished sailor Charlie St. Cloud has the adoration of his mother Claire and his little brother Sam, as well as a college scholarship that will lead him far from his sleepy Pacific Northwest hometown. But his bright future is cut short when tragedy strikes and takes his dreams with it. After high school classmate Tess returns home unexpectedly, Charlie grows torn between honoring a promise he made four years earlier and moving forward with newfound love. As he finds the courage to let go of the past for good, Charlie discovers the soul most worth saving is his own.</p>",DVD,Media > Videos,"Rental, DVD, Drama, Formatted",Genre,Drama,shopify,1,deny,manual,0,40215546,https://image.tmdb.org/t/p/w1280/r4XSrs6N086EU8CNm339dHRPhZg.jpg,,Charlie St. Cloud (2010) poster,drama
the-yes-men-dvd-rental-documentary,The Yes Men,"<p>A comic, biting and revelatory documentary following a small group of prankster activists as they gain worldwide notoriety for impersonating the World Trade Organization (WTO) on television and at business conferences around the world.</p>",DVD,Media > Videos,"Rental, DVD, Documentary, Formatted",Genre,Documentary,shopify,1,deny,manual,0,40182778,https://image.tmdb.org/t/p/w1280/lbwXEMe4fz6hj3ySwgstRJx38Wz.jpg,,The Yes Men (2003) poster,documentary
pray-for-morning-dvd-rental-horror,Pray for Morning,"<p>Looking for a night of thrills, eight friends roam the abandoned Royal Crescent Hotel, where five students were murdered more than 20 years ago. When they discover a severed hand, they conjure up a evil spirit and unleash its bloody wrath. To survive the night, the friends must solve a century-old mystery that threatens to annihilate them one by one.</p>",DVD,Media > Videos,"Rental, DVD, Horror, Formatted",Genre,Horror,shopify,1,deny,manual,0,40117242,https://image.tmdb.org/t/p/w1280/cjfMmEYClE9l8ffKhNHKZXhxkgT.jpg,,Pray for Morning (2006) poster,horror
the-driver-dvd-rental-comedy,The Driver,,DVD,Media > Videos,"Rental, DVD, Comedy, Formatted",Genre,Comedy,shopify,1,deny,manual,0,40084474,,,,comedy
friends-with-money-dvd-rental-comedy,Friends with Money,"<p>As she reaches her mid-thirties and quits her lucrative job, singleton Olivia finds herself unsure about her future and her relationships with her successful and wealthy friends. She begins to envy the security of her richer friends and, although their lives may seem easier, Olivia's friends have their problems too: screenwriters Christine and Patrick are unable to collaborate on their latest project, Jane and Aaron have lost the romance in their relationship, and Franny and Matt have difficulties handling the demands of parenthood.</p>",DVD,Media > Videos,"Rental, DVD, Comedy, Formatted",Genre,Comedy,shopify,1,deny,manual,0,40051706,https://image.tmdb.org/t/p/w1280/8WdKFowmvfxmDJP5uS0Mf7kdskO.jpg,,Friends with Money (2006) poster,comedy
future-shock-dvd-rental-sci-fi,Future Shock,,DVD,Media > Videos,"Rental, DVD, Sci-Fi, Formatted",Genre,Sci-Fi,shopify,1,deny,manual,0,40018938,,,,sci-fi
last-of-the-dogmen-dvd-rental-drama,Last of the Dogmen,"<p>A Montana bounty hunter is sent into the wilderness to track three escaped prisoners. Instead he sees something that puzzles him. Later with a female Native Indian history professor, he returns to find some answers.</p>",DVD,Media > Videos,"Rental, DVD, Drama, Formatted",Genre,Drama,shopify,1,deny,manual,0,39986170,https://image.tmdb.org/t/p/w1280/7GkP9w87TAFSXLzJdqxTt0ymbJE.jpg,,Last of the Dogmen (1995) poster,drama
buffalo-boys-dvd-rental-action,Buffalo Boys,,DVD,Media > Videos,"Rental, DVD, Action, Formatted",Genre,Action,shopify,1,deny,manual,0,39920634,,,,action
love-and-monsters-dvd-rental-action,Love and Monsters,,DVD,Media > Videos,"Rental, DVD, Action, Formatted",Genre,Action,shopify,1,deny,manual,0,39887866,,,,action
taken-dvd-rental-action,Taken,,DVD,Media > Videos,"Rental, DVD, Action, Formatted",Genre,Action,shopify,1,deny,manual,0,39855098,,,,action
harry-potter-and-the-goblet-of-fire-dvd-rental-fantasy,Harry Potter and the Goblet of Fire,"<p>When his name emerges from the Goblet of Fire, Harry Potter becomes a competitor in a grueling battle for glory among three wizarding schools. Signs of Voldemort's return emerge as Harry's friends help him prepare for the Triwizard Tournament.</p>",DVD,Media > Videos,"Rental, DVD, Fantasy, Formatted",Genre,Fantasy,shopify,1,deny,manual,0,39822330,https://image.tmdb.org/t/p/w1280/fECBtHlr0RB3foNHDiCBXeg9Bv9.jpg,,Harry Potter and the Goblet of Fire (2005) poster,fantasy
the-icebreaker-dvd-rental-thriller,The Icebreaker,,DVD,Media > Videos,"Rental, DVD, Thriller, Formatted",Genre,Thriller,shopify,1,deny,manual,0,39789562,,,,thriller
the-constant-gardener-dvd-rental-thriller,The Constant Gardener,"<p>Justin Quayle is a low-level British diplomat who has always gone about his work very quietly, not causing any problems. But after his radical wife Tessa is killed he becomes determined to find out why, thrusting himself into the middle of a very dangerous conspiracy.</p>",DVD,Media > Videos,"Rental, DVD, Thriller, Formatted",Genre,Thriller,shopify,1,deny,manual,0,39724026,https://image.tmdb.org/t/p/w1280/nkXq7V7mmJVbvwZGr3nxkHo7HkS.jpg,,The Constant Gardener (2005) poster,thriller
hard-candy-dvd-rental-thriller,Hard Candy,"<p>Hayley’s a smart, charming teenage girl. Jeff’s a handsome, smooth fashion photographer. An Internet chat, a coffee shop meet-up, an impromptu fashion shoot back at Jeff’s place. Jeff thinks it’s his lucky night. He’s in for a surprise.</p>",DVD,Media > Videos,"Rental, DVD, Thriller, Formatted",Genre,Thriller,shopify,1,deny,manual,0,39691258,https://image.tmdb.org/t/p/w1280/uHTmlcivbPeclEdmtuQg3zOQWPS.jpg,,Hard Candy (2006) poster,thriller
the-ten-dvd-rental-comedy,The Ten,"<p>Ten stories, each inspired by one of the ten commandments.</p>",DVD,Media > Videos,"Rental, DVD, Comedy, Formatted",Genre,Comedy,shopify,1,deny,manual,0,39658490,https://image.tmdb.org/t/p/w1280/byhpbEcL1tuoNhU3x5vYF45QM8X.jpg,,The Ten (2007) poster,comedy
dumb-and-dumber-dvd-rental-comedy,Dumb and Dumber,,DVD,Media > Videos,"Rental, DVD, Comedy, Formatted",Genre,Comedy,shopify,1,deny,manual,0,86764026,,,,comedy
jackass-3-unrated-dvd-rental-comedy,Jackass 3 (Unrated),,DVD,Media > Videos,"Rental, DVD, Comedy, Formatted",Genre,Comedy,shopify,1,deny,manual,0,86731258,,,,comedy
bad-boys-ii-dvd-rental-comedy,Bad Boys II,"<p>Detectives Marcus Burnett and Mike Lowrey of the Miami Narcotics Task Force are tasked with stopping the flow of the drug Ecstasy into Miami. They track the drugs to the whacked-out Cuban drug lord Johnny Tapia, who is also involved in a bloody war with Russian and Haitian mobsters. If that isn't bad enough, there's tension between the two detectives when Marcus discovers that playboy Mike is secretly romancing Marcus’ sister, Syd.</p>",DVD,Media > Videos,"Rental, DVD, Comedy, Formatted",Genre,Comedy,shopify,1,deny,manual,0,86665722,https://image.tmdb.org/t/p/w1280/yCvB5fG5aEPqa1St7ihY6KEAsHD.jpg,,Bad Boys II (2003) poster,comedy
down-and-derby-dvd-rental-kids-family,Down and Derby,"<p>A local Pinewood Derby competition transforms an average group of dads into overzealous rivals desperate to build the winning car. As egos swell, the kids are lucky if they get to pick the paint color. While the dads are busy with outlandish gimmicks and sabotage, the underestimated scouts pull together and discover the true meaning of sportsmanship.</p>",DVD,Media > Videos,"Rental, DVD, Kids & Family, Formatted",Genre,Kids & Family,shopify,1,deny,manual,0,86632954,https://image.tmdb.org/t/p/w1280/8MmOLbQvLAEB5Bsp0sSe3KwTUh3.jpg,,Down and Derby (2005) poster,kids-family
eye-in-the-sky-dvd-rental-thriller,Eye in the Sky,,DVD,Media > Videos,"Rental, DVD, Thriller, Formatted",Genre,Thriller,shopify,1,deny,manual,0,86600186,,,,thriller
white-wolves-a-cry-in-the-wild-ii-dvd-rental-kids-family,White Wolves a Cry in the Wild II,"<p>A two-week trek through the Cascade Mountains tries the survival instincts of five adventurous teenagers. At first, it's all a good time. Shooting the rapids, exploring caves and making new friends. But when an accident occurs, Mother Nature raises the stakes and challenges the hikers to the greatest test of their young lives.</p>",DVD,Media > Videos,"Rental, DVD, Kids & Family, Formatted",Genre,Kids & Family,shopify,1,deny,manual,0,86567418,https://image.tmdb.org/t/p/w1280/7modrj3he6UgSrBtd7aigkZkxz3.jpg,,White Wolves a Cry in the Wild II (1993) poster,kids-family
frida-dvd-rental-drama,Frida,,DVD,Media > Videos,"Rental, DVD, Drama, Formatted",Genre,Drama,shopify,1,deny,manual,0,86534650,,,,drama
monkey-trouble-dvd-rental-kids-family,Monkey Trouble,"<p>Dodger, a criminal monkey, belongs to a crooked street performer but escapes his life of crime only to end up in the arms of Eva, an innocent little girl whose mother has no idea that her daughter is harboring a fugitive.</p>",DVD,Media > Videos,"Rental, DVD, Kids & Family, Formatted",Genre,Kids & Family,shopify,1,deny,manual,0,86501882,https://image.tmdb.org/t/p/w1280/XnEXrR8SKWQmmvjtjRoAXROEj.jpg,,Monkey Trouble (1994) poster,kids-family
seabiscuit-dvd-rental-drama,Seabiscuit,,DVD,Media > Videos,"Rental, DVD, Drama, Formatted",Genre,Drama,shopify,1,deny,manual,0,86272506,,,,drama
the-hunt-for-red-october-dvd-rental-action,The Hunt for Red October,"<p>A new technologically-superior Soviet nuclear sub, the Red October, is heading for the U.S. coast under the command of Captain Marko Ramius. The American government thinks Ramius is planning to attack. Lone CIA analyst Jack Ryan has a different idea: he thinks Ramius is planning to defect, but he has only a few hours to find him and prove it - because the entire Russian naval and air commands are trying to find Ramius, too. The hunt is on!</p>",DVD,Media > Videos,"Rental, DVD, Action, Formatted",Genre,Action,shopify,1,deny,manual,0,86239738,https://image.tmdb.org/t/p/w1280/yVl7zidse4KiWtGMqHFtZCx4X3N.jpg,,The Hunt for Red October (1990) poster,action
artificial-inteligence-dvd-rental-sci-fi,Artificial Inteligence,"<p>David, a robotic boy—the first of his kind programmed to love—is adopted as a test case by a Cybertronics employee and his wife. Though he gradually becomes their child, a series of unexpected circumstances make this life impossible for David.</p>",DVD,Media > Videos,"Rental, DVD, Sci-Fi, Formatted",Genre,Sci-Fi,shopify,1,deny,manual,0,86206970,https://image.tmdb.org/t/p/w1280/wnUAcUrMRGPPZUDroLeZhSjLkuu.jpg,,Artificial Inteligence (2001) poster,sci-fi
baby-geniuses-and-the-space-baby-dvd-rental-kids-family,Baby Geniuses and the Space Baby,"<p>When a Space Baby crash lands on Earth, the Baby Squad must race against time to stop an evil villain from taking over the universe!</p>",DVD,Media > Videos,"Rental, DVD, Kids & Family, Formatted",Genre,Kids & Family,shopify,1,deny,manual,0,86174202,https://image.tmdb.org/t/p/w1280/8OAJPYovmaNqmWQUApLqQFovN3U.jpg,,Baby Geniuses and the Space Baby (2015) poster,kids-family
ghostbusters-2-dvd-rental-comedy,Ghostbusters 2,<p>The discovery of a massive river of ectoplasm and a resurgence of spectral activity allows the staff of Ghostbusters to revive the business.</p>,DVD,Media > Videos,"Rental, DVD, Comedy, Formatted",Genre,Comedy,shopify,1,deny,manual,0,86141434,https://image.tmdb.org/t/p/w1280/iUZPi31KDP0n5ycpycEsvl51BdV.jpg,,Ghostbusters 2 (1989) poster,comedy
machine-gun-preacher-dvd-rental-action,Machine Gun Preacher,"<p>The true story of Sam Childers, a former drug-dealing biker who finds God and became a crusader for hundreds of Sudanese children who've been kidnapped and pressed into duty as soldiers.</p>",DVD,Media > Videos,"Rental, DVD, Action, Formatted",Genre,Action,shopify,1,deny,manual,0,86108666,https://image.tmdb.org/t/p/w1280/534yDalJ8rybnSn8VZ9XPWU3egc.jpg,,Machine Gun Preacher (2011) poster,action
lost-voyage-dvd-rental-horror,Lost Voyage,"<p>Twenty five years ago, the SS Corona Queen disappeared in the region known as, ""The Bermuda Triangle"". Now, it has returned. Seven people go on board to learn the truth behind her disappearance but the ship did not return alone...</p>",DVD,Media > Videos,"Rental, DVD, Horror, Formatted",Genre,Horror,shopify,1,deny,manual,0,86043130,https://image.tmdb.org/t/p/w1280/kmGotAxSQDwgoRlwYytu3mJIWZ7.jpg,,Lost Voyage (2001) poster,horror
knock-off-dvd-rental-action,Knock Off,,DVD,Media > Videos,"Rental, DVD, Action, Formatted",Genre,Action,shopify,1,deny,manual,0,86010362,,,,action
police-story-dvd-rental-action,Police Story,,DVD,Media > Videos,"Rental, DVD, Action, Formatted",Genre,Action,shopify,1,deny,manual,0,85944826,,,,action
atl-dvd-rental-drama,ATL,,DVD,Media > Videos,"Rental, DVD, Drama, Formatted",Genre,Drama,shopify,1,deny,manual,0,85912058,,,,drama
the-big-lebowski-dvd-rental-comedy,The Big Lebowski,"<p>Jeffrey 'The Dude' Lebowski, a Los Angeles slacker who only wants to bowl and drink White Russians, is mistaken for another Jeffrey Lebowski, a wheelchair-bound millionaire, and finds himself dragged into a strange series of events involving nihilists, adult film producers, ferrets, errant toes, and large sums of money.</p>",DVD,Media > Videos,"Rental, DVD, Comedy, Formatted",Genre,Comedy,shopify,1,deny,manual,0,85879290,https://image.tmdb.org/t/p/w1280/3bv6WAp6BSxxYvB5ozKFUYuRA8C.jpg,,The Big Lebowski (1998) poster,comedy
marley-me-dvd-rental-comedy,Marley & Me,"<p>A newly married couple, in the process of starting a family, learn many of life's important lessons from their trouble-loving retriever, Marley. Packed with plenty of laughs to lighten the load, the film explores the highs and lows of marriage, maturity and confronting one's own mortality, as seen through the lens of family life with a dog.</p>",DVD,Media > Videos,"Rental, DVD, Comedy, Formatted",Genre,Comedy,shopify,1,deny,manual,0,85846522,https://image.tmdb.org/t/p/w1280/pnB6hjTKylb0Ve2nUWt16gzkErr.jpg,,Marley & Me (2008) poster,comedy
pitch-perfect-2-dvd-rental-comedy,Pitch Perfect 2,"<p>The Bellas are back, and they are better than ever. After being humiliated in front of none other than the President of the United States of America, the Bellas are taken out of the Aca-Circuit. In order to clear their name, and regain their status, the Bellas take on a seemingly impossible task: winning an international competition no American team has ever won. In order to accomplish this monumental task, they need to strengthen the bonds of friendship and sisterhood and blow away the competition with their amazing aca-magic! With all new friends and old rivals tagging along for the trip, the Bellas can hopefully accomplish their dreams.</p>",DVD,Media > Videos,"Rental, DVD, Comedy, Formatted",Genre,Comedy,shopify,1,deny,manual,0,85813754,https://image.tmdb.org/t/p/w1280/fQaEGzFmvTYu3G641WV0Tg9auAt.jpg,,Pitch Perfect 2 (2015) poster,comedy
hank-and-mike-dvd-rental-comedy,Hank and Mike,"<p>Two blue-collar Easter Bunnies get fired and try their hand at an assortment of odd jobs, failing at each. Fighting depression, debt and eventually each other, their lives start to unravel until they realize that without their job they are nothing.</p>",DVD,Media > Videos,"Rental, DVD, Comedy, Formatted",Genre,Comedy,shopify,1,deny,manual,0,85780986,https://image.tmdb.org/t/p/w1280/AlHcI3lDMPwaGwiWBWiyk2Buhpr.jpg,,Hank and Mike (2008) poster,comedy
double-feature-the-land-before-time-6-7-dvd-rental-kids-family,Double Feature: The Land Before Time 6&7,,DVD,Media > Videos,"Rental, DVD, Kids & Family, Formatted",Genre,Kids & Family,shopify,1,deny,manual,0,85748218,,,,kids-family
bobs-big-break-dvd-rental-kids-family,Bob's Big Break,"<p>Dr. Cockroach comes up with a brilliant plan to break themselves out of Area 52 – but to implement the plan, he has to trick B.O.B. into thinking it’s his birthday.</p>",DVD,Media > Videos,"Rental, DVD, Kids & Family, Formatted",Genre,Kids & Family,shopify,1,deny,manual,0,85715450,https://image.tmdb.org/t/p/w1280/9HWUhtFd2QBvFNmI8nbWcv1apgs.jpg,,Bob's Big Break (2009) poster,kids-family
galaxy-quest-dvd-rental-comedy,Galaxy Quest,"<p>For four years, the courageous crew of the NSEA Protector —  Commander Peter Quincy Taggart, Lieutenant Tawny Madison, and Doctor Lazarus — set off on a thrilling and often dangerous mission in space... until their series was cancelled! Now, twenty years later, aliens under attack have mistaken the Galaxy Quest television transmissions for ""historical documents"" and beam up the crew of has-been actors to save the universe. With no script, no director, and no clue, the actors must turn in the performances of their lives.</p>",DVD,Media > Videos,"Rental, DVD, Comedy, Formatted",Genre,Comedy,shopify,1,deny,manual,0,85682682,https://image.tmdb.org/t/p/w1280/fZXSwgZknp81vmciTb86rw0MejV.jpg,,Galaxy Quest (1999) poster,comedy
time-bandits-dvd-rental-fantasy,Time Bandits,"<p>Young history buff Kevin can scarcely believe it when six dwarfs emerge from his closet one night. Former employees of the Supreme Being, they've purloined a map charting all of the holes in the fabric of time and are using it to steal treasures from different historical eras. Taking Kevin with them, they variously drop in on Napoleon, Robin Hood and King Agamemnon before the Supreme Being catches up with them.</p>",DVD,Media > Videos,"Rental, DVD, Fantasy, Formatted",Genre,Fantasy,shopify,1,deny,manual,0,85649914,https://image.tmdb.org/t/p/w1280/4VZtpwdhHQSa4LUkvujyGAHb1hG.jpg,,Time Bandits (1981) poster,fantasy
the-italian-job-dvd-rental-action,The Italian Job,,DVD,Media > Videos,"Rental, DVD, Action, Formatted",Genre,Action,shopify,1,deny,manual,0,85453306,,,,action
erin-brockovich-dvd-rental-drama,Erin Brockovich,"<p>A twice-divorced mother of three who sees an injustice, takes on the bad guy and wins -- with a little help from her push-up bra. Erin goes to work for an attorney and comes across medical records describing illnesses clustered in one nearby town. She starts investigating and soon exposes a monumental cover-up.</p>",DVD,Media > Videos,"Rental, DVD, Drama, Formatted",Genre,Drama,shopify,1,deny,manual,0,01867002,https://image.tmdb.org/t/p/w1280/eMs20iUQyZVs05Ck7Q0LNnRsstr.jpg,,Erin Brockovich (2000) poster,drama
a-beautiful-mind-dvd-rental-drama,A Beautiful Mind,"<p>From the heights of notoriety to the depths of depravity, John Forbes Nash Jr. experiences it all. As a brilliant but socially awkward mathematician, he made a groundbreaking discovery early in his career and stands on the brink of international acclaim. But as the handsome and arrogant Nash accepts secret work in cryptography, he becomes entangled in a mysterious conspiracy. His life takes a nightmarish turn and he soon finds himself on a painful and harrowing journey of self-discovery.</p>",DVD,Media > Videos,"Rental, DVD, Drama, Formatted",Genre,Drama,shopify,1,deny,manual,0,01801466,https://image.tmdb.org/t/p/w1280/rEIg5yJdNOt9fmX4P8gU9LeNoTQ.jpg,,A Beautiful Mind (2001) poster,drama
captain-phillips-dvd-rental-drama,Captain Phillips,"<p>The true story of Captain Richard Phillips and the 2009 hijacking by Somali pirates of the US-flagged MV Maersk Alabama, the first American cargo ship to be hijacked in two hundred years.</p>",DVD,Media > Videos,"Rental, DVD, Drama, Formatted",Genre,Drama,shopify,1,deny,manual,0,01768698,https://image.tmdb.org/t/p/w1280/8Td0kkocW6sD3uRpzwfMfkqMWhx.jpg,,Captain Phillips (2013) poster,drama
the-queen-dvd-rental-drama,The Queen,,DVD,Media > Videos,"Rental, DVD, Drama, Formatted",Genre,Drama,shopify,1,deny,manual,0,01703162,,,,drama
horizon-line-dvd-rental-thriller,Horizon Line,,DVD,Media > Videos,"Rental, DVD, Thriller, Formatted",Genre,Thriller,shopify,1,deny,manual,0,01670394,,,,thriller
grindhouse-presents-planet-of-terror-dvd-rental-horror,Grindhouse Presents: Planet of Terror,,DVD,Media > Videos,"Rental, DVD, Horror, Formatted",Genre,Horror,shopify,1,deny,manual,0,01637626,,,,horror
emma-dvd-rental-drama,Emma.,,DVD,Media > Videos,"Rental, DVD, Drama, Formatted",Genre,Drama,shopify,1,deny,manual,0,01604858,,,,drama
imaginary-heroes-dvd-rental-drama,Imaginary Heroes,"<p>Matt Travis is good-looking, popular, and his school's best competitive swimmer, so everyone is shocked when he inexplicably commits suicide. As the following year unfolds, each member of his family struggles to recover from the tragedy with mixed results.</p>",DVD,Media > Videos,"Rental, DVD, Drama, Formatted",Genre,Drama,shopify,1,deny,manual,0,01506554,https://image.tmdb.org/t/p/w1280/tHMgJGkovOFpHi2lnQ9xTrIaR7N.jpg,,Imaginary Heroes (2004) poster,drama
green-zone-dvd-rental-action,Green Zone,,DVD,Media > Videos,"Rental, DVD, Action, Formatted",Genre,Action,shopify,1,deny,manual,0,01441018,,,,action
saw-the-final-chapter-dvd-rental-horror,Saw: The Final Chapter,,DVD,Media > Videos,"Rental, DVD, Horror, Formatted",Genre,Horror,shopify,1,deny,manual,0,01408250,,,,horror
annapolis-dvd-rental-drama,Annapolis,,DVD,Media > Videos,"Rental, DVD, Drama, Formatted",Genre,Drama,shopify,1,deny,manual,0,01375482,,,,drama
quantum-of-solace-dvd-rental-action,Quantum of Solace,"<p>Betrayed by Vesper, the woman he loved, 007 fights the urge to make his latest mission personal. Pursuing his determination to uncover the truth, Bond and M interrogate Mr. White, who reveals that the organization that blackmailed Vesper is far more complex and dangerous than anyone had imagined.</p>",DVD,Media > Videos,"Rental, DVD, Action, Formatted",Genre,Action,shopify,1,deny,manual,0,01309946,https://image.tmdb.org/t/p/w1280/e3DXXLJHGqMx9yYpXsql1XNljmM.jpg,,Quantum of Solace (2008) poster,action
the-terminal-dvd-rental-comedy,The Terminal,,DVD,Media > Videos,"Rental, DVD, Comedy, Formatted",Genre,Comedy,shopify,1,deny,manual,0,01277178,,,,comedy
warning-shot-dvd-rental-thriller,Warning Shot,,DVD,Media > Videos,"Rental, DVD, Thriller, Formatted",Genre,Thriller,shopify,1,deny,manual,0,01244410,,,,thriller
a-little-trip-to-heaven-dvd-rental-thriller,A Little Trip to Heaven,"<p>Insurance investigator Abraham Holt travels to a tiny town in rural Minnesota to look into a particularly unusual insurance claim stemming from a horrific car accident. As Holt examines the scene of the wreck, it all seems a bit too perfect. And when he interviews Isold Mcbride and her shifty husband, Fred -- the impoverished beneficiaries of the massive, recently initiated life-insurance policy -- he begins to suspect that something is amiss.</p>",DVD,Media > Videos,"Rental, DVD, Thriller, Formatted",Genre,Thriller,shopify,1,deny,manual,0,01211642,https://image.tmdb.org/t/p/w1280/nRfJgzVdPp77Zn3gvXFEFxkdtNT.jpg,,A Little Trip to Heaven (2005) poster,thriller
forgetting-sarah-marshall-dvd-rental-romantic-comedy,Forgetting Sarah Marshall,"<p>When actress Sarah Marshall dumps aspiring musician Peter Bretter for rock star Aldous Snow, Peter's world comes crashing down. His best friend Brian suggests that Peter should get away from everything and to fly off to Hawaii to escape all his problems. After arriving in Hawaii and meeting the beautiful receptionist Rachel Jansen, Peter is shocked to see not only Aldous in Hawaii, but also Sarah.</p>",DVD,Media > Videos,"Rental, DVD, Romantic Comedy, Formatted",Genre,Romantic Comedy,shopify,1,deny,manual,0,01178874,https://image.tmdb.org/t/p/w1280/d4elOzyhNWVlxpG7BwigrumkFTe.jpg,,Forgetting Sarah Marshall (2008) poster,romantic-comedy
the-water-diviner-dvd-rental-drama,The Water Diviner,"<p>In 1919, Australian farmer Joshua Connor travels to Turkey to discover the fate of his three sons, reported missing in action. Holding on to hope, Joshua must travel across the war-torn landscape to find the truth and his own peace.</p>",DVD,Media > Videos,"Rental, DVD, Drama, Formatted",Genre,Drama,shopify,1,deny,manual,0,01146106,https://image.tmdb.org/t/p/w1280/kIlVtC22BDNiiAiCvSZoOS7FhY9.jpg,,The Water Diviner (2014) poster,drama
follow-the-river-dvd-rental-drama,Follow the River,,DVD,Media > Videos,"Rental, DVD, Drama, Formatted",Genre,Drama,shopify,1,deny,manual,0,01080570,,,,drama
a-fathers-choice-wrangler-dvd-rental-drama,"A Fathers Choice, Wrangler",,DVD,Media > Videos,"Rental, DVD, Drama, Formatted",Genre,Drama,shopify,1,deny,manual,0,01047802,,,,drama
what-just-happened-dvd-rental-comedy,What Just Happened?,,DVD,Media > Videos,"Rental, DVD, Comedy, Formatted",Genre,Comedy,shopify,1,deny,manual,0,00982266,,,,comedy
the-ring-two-dvd-rental-horror,The Ring Two,"<p>After the ordeal with Samara, Rachel and Aiden move to a rural town. But soon Rachel learns about the death of a girl in a similar fashion. To save Aiden, she must dig into Samara's past even further.</p>",DVD,Media > Videos,"Rental, DVD, Horror, Formatted",Genre,Horror,shopify,1,deny,manual,0,00916730,https://image.tmdb.org/t/p/w1280/bHbz7z2pecTawhkqLpuC2m0qywe.jpg,,The Ring Two (2005) poster,horror
at-war-with-the-army-dvd-rental-comedy,At War With the Army,"<p>Two former nightclub partners are now enlisted in the Army. Sergeant Puccinelli ranks above his former partner, Private First Class Korwin. Puccinelli is desperately trying to get transferred from his dull job to active duty overseas. Meanwhile, all Korwin wants is a pass to see his wife and new baby.</p>",DVD,Media > Videos,"Rental, DVD, Comedy, Formatted",Genre,Comedy,shopify,1,deny,manual,0,00851194,https://image.tmdb.org/t/p/w1280/viLzurxFrHbosBtTGf0gkPKa9qx.jpg,,At War With the Army (1950) poster,comedy
the-guardian-dvd-rental-action,The Guardian,,DVD,Media > Videos,"Rental, DVD, Action, Formatted",Genre,Action,shopify,1,deny,manual,0,00818426,,,,action
magic-mike-dvd-rental-comedy,Magic Mike,"<p>Mike, an experienced stripper, takes a younger performer called The Kid under his wing and schools him in the arts of partying, picking up women, and making easy money.</p>",DVD,Media > Videos,"Rental, DVD, Comedy, Formatted",Genre,Comedy,shopify,1,deny,manual,0,00785658,https://image.tmdb.org/t/p/w1280/cfRv1INLSSumjvxAqEGOP6b0Aw1.jpg,,Magic Mike (2012) poster,comedy
the-last-king-of-scotland-dvd-rental-drama,The Last King of Scotland,"<p>Young Scottish doctor, Nicholas Garrigan decides it's time for an adventure after he finishes his formal education, so he decides to try his luck in Uganda, and arrives during the downfall of President Obote. General Idi Amin comes to power and asks Garrigan to become his personal doctor.</p>",DVD,Media > Videos,"Rental, DVD, Drama, Formatted",Genre,Drama,shopify,1,deny,manual,0,00752890,https://image.tmdb.org/t/p/w1280/n1CgN2mS7RSxHhv2R1DdisYDvT6.jpg,,The Last King of Scotland (2006) poster,drama
black-label-society-the-european-invasion-doom-troopin-dvd-rental-musical,"Black Label Society: The European Invasion, Doom Troopin'","<p>This DVD contains footage from guitar virtuoso Zakk Wylde's band, Black Label Society, on their 2005 Tour of Europe. Featuring concerts at the Elysee Montmartre in Paris, and the Astoria in London, as well as candid behind the scenes footage.</p>",DVD,Media > Videos,"Rental, DVD, Musical, Formatted",Genre,Musical,shopify,1,deny,manual,0,00720122,https://image.tmdb.org/t/p/w1280/t1WvOvoGumFTdNrIFZA9UESHyOQ.jpg,,"Black Label Society: The European Invasion, Doom Troopin' (2006) poster",musical
they-come-to-america-ii-dvd-rental-documentary,They Come to America II,<p>A documentary that measures the cost of providing amnesty to millions of illegal aliens.</p>,DVD,Media > Videos,"Rental, DVD, Documentary, Formatted",Genre,Documentary,shopify,1,deny,manual,0,00654586,,,,documentary
barber-shop-2-back-in-business-dvd-rental-comedy,Barber Shop 2: Back in Business,,DVD,Media > Videos,"Rental, DVD, Comedy, Formatted",Genre,Comedy,shopify,1,deny,manual,0,83647994,,,,comedy
american-beauty-dvd-rental-drama,American Beauty,,DVD,Media > Videos,"Rental, DVD, Drama, Formatted",Genre,Drama,shopify,1,deny,manual,0,83615226,,,,drama
catch-a-fire-dvd-rental-thriller,Catch a Fire,,DVD,Media > Videos,"Rental, DVD, Thriller, Formatted",Genre,Thriller,shopify,1,deny,manual,0,83582458,,,,thriller
nine-months-dvd-rental-romantic-comedy,Nine Months,,DVD,Media > Videos,"Rental, DVD, Romantic Comedy, Formatted",Genre,Romantic Comedy,shopify,1,deny,manual,0,83549690,,,,romantic-comedy
i-spy-dvd-rental-comedy,I-Spy,,DVD,Media > Videos,"Rental, DVD, Comedy, Formatted",Genre,Comedy,shopify,1,deny,manual,0,83516922,,,,comedy
where-the-red-fern-grows-1-2-dvd-rental-kids-family,Where the Red Fern Grows 1&2,,DVD,Media > Videos,"Rental, DVD, Kids & Family, Formatted",Genre,Kids & Family,shopify,1,deny,manual,0,83484154,,,,kids-family
milltown-pride-dvd-rental-drama,Milltown Pride,"<p>A coming of age story for Will Wright, an enthusiastic baseball player in South Carolina during the 1920s.</p>",DVD,Media > Videos,"Rental, DVD, Drama, Formatted",Genre,Drama,shopify,1,deny,manual,0,83451386,https://image.tmdb.org/t/p/w1280/4ef3g2o15FiCt4rQVUNB21kVYNv.jpg,,Milltown Pride (2011) poster,drama
home-at-last-dvd-rental-drama,Home at Last,,DVD,Media > Videos,"Rental, DVD, Drama, Formatted",Genre,Drama,shopify,1,deny,manual,0,83418618,,,,drama
bridget-jones-the-edge-of-reason-dvd-rental-romantic-comedy,Bridget Jones: The Edge of Reason,"<p>Bridget Jones is still dating her new love, barrister Mark Darcy, for a perfect six weeks. However, while on assignment in Thailand with her disreputable ex, Daniel Cleaver, claiming to be reformed, Bridget questions if she has everything she's ever dreamed of having.</p>",DVD,Media > Videos,"Rental, DVD, Romantic Comedy, Formatted",Genre,Romantic Comedy,shopify,1,deny,manual,0,83385850,https://image.tmdb.org/t/p/w1280/zDthRXkGnwFIWI0zWcJyS7h6lUl.jpg,,Bridget Jones: The Edge of Reason (2004) poster,romantic-comedy
first-do-no-harm-dvd-rental-drama,"""...First Do No Harm""",,DVD,Media > Videos,"Rental, DVD, Drama, Formatted",Genre,Drama,shopify,1,deny,manual,0,83353082,,,,drama
fort-bliss-dvd-rental-drama,Fort Bliss,"<p>After returning home from an extended tour in Afghanistan, a decorated U.S. Army medic and single mother struggles to rebuild her relationship with her young son.</p>",DVD,Media > Videos,"Rental, DVD, Drama, Formatted",Genre,Drama,shopify,1,deny,manual,0,83320314,https://image.tmdb.org/t/p/w1280/bDCWv9myyBpkvrKfcQusosFRAg1.jpg,,Fort Bliss (2014) poster,drama
original-sin-dvd-rental-drama,Original Sin,,DVD,Media > Videos,"Rental, DVD, Drama, Formatted",Genre,Drama,shopify,1,deny,manual,0,83287546,,,,drama
lonesome-dove-dvd-rental-drama,Lonesome Dove,,DVD,Media > Videos,"Rental, DVD, Drama, Formatted",Genre,Drama,shopify,1,deny,manual,0,83254778,,,,drama
the-help-dvd-rental-drama,The Help,"<p>Aibileen Clark is a middle-aged African-American maid who has spent her life raising white children and has recently lost her only son; Minny Jackson is an African-American maid who has often offended her employers despite her family's struggles with money and her desperate need for jobs; and Eugenia ""Skeeter"" Phelan is a young white woman who has recently moved back home after graduating college to find out her childhood maid has mysteriously disappeared. These three stories intertwine to explain how life in Jackson, Mississippi revolves around ""the help""; yet they are always kept at a certain distance because of racial lines.</p>",DVD,Media > Videos,"Rental, DVD, Drama, Formatted",Genre,Drama,shopify,1,deny,manual,0,83189242,https://image.tmdb.org/t/p/w1280/3kmfoWWEc9Vtyuaf9v5VipRgdjx.jpg,,The Help (2011) poster,drama
the-homesman-dvd-rental-drama,The Homesman,"<p>When three women living on the edge of the American frontier are driven mad by harsh pioneer life, the task of saving them falls to the pious, independent-minded Mary Bee Cuddy. Transporting the women by covered wagon to Iowa, she soon realizes just how daunting the journey will be, and employs a low-life drifter, George Briggs, to join her. The unlikely pair and the three women head east, where a waiting minister and his wife have offered to take the women in. But the group first must traverse the harsh Nebraska Territories marked by stark beauty, psychological peril and constant threat.</p>",DVD,Media > Videos,"Rental, DVD, Drama, Formatted",Genre,Drama,shopify,1,deny,manual,0,83156474,https://image.tmdb.org/t/p/w1280/eGpuOhkm1wG2AxEJShazH5NVGAO.jpg,,The Homesman (2014) poster,drama
the-fighting-temptations-dvd-rental-musical,The Fighting Temptations,"<p>Darrin Hill, a slick-talking but down-on- his-luck NYC advertising exec, returns to his hometown in Georgia to claim the inheritance his aunt left him. But before Darrin can collect the money, he must fulfill his aunt's final wish -- to create a local choir.</p>",DVD,Media > Videos,"Rental, DVD, Musical, Formatted",Genre,Musical,shopify,1,deny,manual,0,83123706,https://image.tmdb.org/t/p/w1280/1Dd8TBA6G0n1x2N8KpJvIefy2sB.jpg,,The Fighting Temptations (2003) poster,musical
black-water-abyss-dvd-rental-horror,Black Water Abyss,"<p>An adventure-loving couple convince their friends to explore a remote, uncharted cave system in the forests of Northern Australia. With a tropical storm approaching, they abseil into the mouth of the cave, but when the caves start to flood, tensions rise as oxygen levels fall and the friends find themselves trapped. Unknown to them, the storm has also brought in a pack of dangerous and hungry crocodiles.</p>",DVD,Media > Videos,"Rental, DVD, Horror, Formatted",Genre,Horror,shopify,1,deny,manual,0,83090938,https://image.tmdb.org/t/p/w1280/pmAv14TPE2vKMIRrVeCd1Ll7K94.jpg,,Black Water Abyss (2020) poster,horror
spirit-of-the-eagle-dvd-rental-drama,Spirit of the Eagle,"<p>A frontier mapmaker, apart from his son for one year, renews his bond with him and then heads into the deep woods to make maps together. But when his son is kidnapped, his new mission is to find him and exact revenge on those who took him and sold him to an Indian tribe.</p>",DVD,Media > Videos,"Rental, DVD, Drama, Formatted",Genre,Drama,shopify,1,deny,manual,0,83058170,https://image.tmdb.org/t/p/w1280/rFgSwinhebgrvQdXMIJRFShAudc.jpg,,Spirit of the Eagle (1991) poster,drama
disturbia-dvd-rental-thriller,Disturbia,,DVD,Media > Videos,"Rental, DVD, Thriller, Formatted",Genre,Thriller,shopify,1,deny,manual,0,82959866,,,,thriller
gun-powder-dvd-rental-thriller,Gun Powder,"<p>It's 1999 on the hottest day of the year, and an ensemble of teens are engaged in a turf war over their local skate park.  However, a circulating mysterious drug threatens to cut their lives viciously short.</p>",DVD,Media > Videos,"Rental, DVD, Thriller, Formatted",Genre,Thriller,shopify,1,deny,manual,0,82894330,https://image.tmdb.org/t/p/w1280/sFDfF6ofPL2hJKqFHemQtjpBT33.jpg,,Gun Powder (2024) poster,thriller
stir-of-echoes-dvd-rental-horror,Stir of Echoes,"<p>After being hypnotized by his sister-in-law, Tom Witzky begins seeing haunting visions of a girl's ghost and a mystery begins to unfold around her.</p>",DVD,Media > Videos,"Rental, DVD, Horror, Formatted",Genre,Horror,shopify,1,deny,manual,0,82828794,https://image.tmdb.org/t/p/w1280/9CyJ5aYF27cITX1WSUTENeP4wBE.jpg,,Stir of Echoes (1999) poster,horror
bear-with-me-dvd-rental-kids-family,Bear with Me,,DVD,Media > Videos,"Rental, DVD, Kids & Family, Formatted",Genre,Kids & Family,shopify,1,deny,manual,0,82763258,,,,kids-family
coming-home-for-christmas-dvd-rental-holiday,Coming Home for Christmas,,DVD,Media > Videos,"Rental, DVD, Holiday, Formatted",Genre,Holiday,shopify,1,deny,manual,0,82697722,,,,holiday
blockers-dvd-rental-comedy,Blockers,"<p>When three parents discover that each of their daughters have a pact to lose their virginity at prom, they launch a covert one-night operation to stop the teens from sealing the deal.</p>",DVD,Media > Videos,"Rental, DVD, Comedy, Formatted",Genre,Comedy,shopify,1,deny,manual,0,82664954,https://image.tmdb.org/t/p/w1280/uvlUQXg0AlpGzKukO11K7QtW3Yu.jpg,,Blockers (2018) poster,comedy
total-recall-dvd-rental-sci-fi,Total Recall,,DVD,Media > Videos,"Rental, DVD, Sci-Fi, Formatted",Genre,Sci-Fi,shopify,1,deny,manual,0,82632186,,,,sci-fi
blood-father-dvd-rental-action,Blood Father,<p>An ex-con reconnects with his estranged teenage daughter while fighting to keep her alive after she becomes a target of violent drug dealers.</p>,DVD,Media > Videos,"Rental, DVD, Action, Formatted",Genre,Action,shopify,1,deny,manual,0,82599418,https://image.tmdb.org/t/p/w1280/xgzmEJNM2ePcwwDZOGGznwPPnsc.jpg,,Blood Father (2016) poster,action
jl-family-ranch-dvd-rental-drama,JL Family Ranch,"<p>A veteran rancher and former sheriff, forced to face some federal bureaucracy when an old enemy-cum-millionaire alleges he doesn't actually own his beloved family ranch in a small Texas town.</p>",DVD,Media > Videos,"Rental, DVD, Drama, Formatted",Genre,Drama,shopify,1,deny,manual,0,82566650,https://image.tmdb.org/t/p/w1280/T9mRvjX4ALjGPlgamxsMHlI7HO.jpg,,JL Family Ranch (2016) poster,drama
untraceable-dvd-rental-thriller,Untraceable,"<p>Special Agent Jennifer Marsh works in an elite division of the FBI dedicated to fighting cybercrime. She thinks she has seen it all, until a particularly sadistic criminal arises on the Internet. This tech-savvy killer posts live feeds of his crimes on his website; the more hits the site gets, the faster the victim dies. Marsh and her team must find the elusive killer before time runs out.</p>",DVD,Media > Videos,"Rental, DVD, Thriller, Formatted",Genre,Thriller,shopify,1,deny,manual,0,82533882,https://image.tmdb.org/t/p/w1280/ySUwDRDEn01lKIMPQorpFCMLWqE.jpg,,Untraceable (2008) poster,thriller
lifeform-dvd-rental-sci-fi,Lifeform,,DVD,Media > Videos,"Rental, DVD, Sci-Fi, Formatted",Genre,Sci-Fi,shopify,1,deny,manual,0,82501114,,,,sci-fi
the-lazarus-project-dvd-rental-sci-fi,the Lazarus Project,"<p>After Ben Garvey foolishly turned back to crime, he thought his life was over when he was sentenced to death by lethal injection. But his death sentence isn't quite what it seems, as Ben regains consciousness near an eerie psychiatric ward, where he's told he's been hired as the groundskeeper. With the state of his soul in question, and the love for his wife and daughter all the more real and powerful, Ben must figure out if he's truly cheated death, or if he's become part of something far more sinister.</p>",DVD,Media > Videos,"Rental, DVD, Sci-Fi, Formatted",Genre,Sci-Fi,shopify,1,deny,manual,0,41639418,https://image.tmdb.org/t/p/w1280/qxf1AkFJskLrBM2WGwf8FpGcbiu.jpg,,the Lazarus Project (2008) poster,sci-fi
full-metal-jacket-dvd-rental-drama,Full Metal Jacket,<p>A pragmatic U.S. Marine observes the dehumanizing effects the U.S.-Vietnam War has on his fellow recruits from their brutal boot camp training to the bloody street fighting in Hue.</p>,DVD,Media > Videos,"Rental, DVD, Drama, Formatted",Genre,Drama,shopify,1,deny,manual,0,40852986,https://image.tmdb.org/t/p/w1280/kMKyx1k8hWWscYFnPbnxxN4Eqo4.jpg,,Full Metal Jacket (1987) poster,drama
dr-t-the-women-dvd-rental-comedy,Dr. T & The Women,"<p>A successful Texas gynecologist finds himself amid a bevy of women and their problems – his wife’s breakdown, his daughter's fake marriage, his other daughter’s conspiracy theories, and his secretary’s crush. Craving time for himself, he finds solace in a kind outsider.</p>",DVD,Media > Videos,"Rental, DVD, Comedy, Formatted",Genre,Comedy,shopify,1,deny,manual,0,40721914,https://image.tmdb.org/t/p/w1280/3O898HkbDfbqAoSz7HVR0fVbBXm.jpg,,Dr. T & The Women (2000) poster,comedy
barclays-big-adventure-dvd-rental-kids-family,Barclay's Big Adventure,,DVD,Media > Videos,"Rental, DVD, Kids & Family, Formatted",Genre,Kids & Family,shopify,1,deny,manual,0,40066554,,,,kids-family
walking-tall-dvd-rental-action,Walking Tall,,DVD,Media > Videos,"Rental, DVD, Action, Formatted",Genre,Action,shopify,1,deny,manual,0,40033786,,,,action
trespass-dvd-rental-thriller,Trespass,,DVD,Media > Videos,"Rental, DVD, Thriller, Formatted",Genre,Thriller,shopify,1,deny,manual,0,39378426,,,,thriller
blood-of-redemption-dvd-rental-action,Blood of Redemption,"<p>Quinn Forte had it all: power, money, a brother who idolized him, and a woman who loved him. He also had enemies. In the course of one night, he loses everything. Betrayed by someone in his inner circle, Quinn is set up and arrested. His father, the patriarch of the criminal empire is killed and his brother suspects that Quinn is behind it all. When he's released from jail he tries to escape the demons from his past, but that becomes an impossible task. Campbell, the ruthless new leader of ""The Company"" won't let him leave in peace. So instead of escaping them, Quinn fights back. He joins forces with his former henchman and friend, The Swede, and takes on his enemies head on.</p>",DVD,Media > Videos,"Rental, DVD, Action, Formatted",Genre,Action,shopify,1,deny,manual,0,39247354,https://image.tmdb.org/t/p/w1280/vxMQiHh2lP6Dq46R2OyvXYA8XqB.jpg,,Blood of Redemption (2013) poster,action
an-easter-bunny-puppy-dvd-rental-kids-family,An Easter Bunny Puppy,"<p>A Mystery writer is not thrilled when she's assigned to write a children's book, ""An Easter Bunny Puppy."" Out of ideas, she asks her daughter for help. Meanwhile, her dog, RUSS, the narrator of the story, digs up a priceless Faberge egg buried in the woods and takes it home with him, unaware that he's trailing a thief who stole the egg.</p>",DVD,Media > Videos,"Rental, DVD, Kids & Family, Formatted",Genre,Kids & Family,shopify,1,deny,manual,0,38559226,https://image.tmdb.org/t/p/w1280/oF3EYsQK7kbzS0Zf5HV4DNugioJ.jpg,,An Easter Bunny Puppy (2013) poster,kids-family
single-white-female-the-psycho-dvd-rental-thriller,Single White Female: The Psycho,<p>A warped woman takes deadly measures to help a new roommate get rid of her problems.</p>,DVD,Media > Videos,"Rental, DVD, Thriller, Formatted",Genre,Thriller,shopify,1,deny,manual,0,37903866,https://image.tmdb.org/t/p/w1280/qovxrkXIdOnhWyyqkJJLaFfYUxF.jpg,,Single White Female: The Psycho (2005) poster,thriller
blades-of-glory-dvd-rental-comedy,Blades of Glory,"<p>When a much-publicized ice-skating scandal strips them of their gold medals, two world-class athletes skirt their way back onto the ice via a loophole that allows them to compete together as a pairs team.</p>",DVD,Media > Videos,"Rental, DVD, Comedy, Formatted",Genre,Comedy,shopify,1,deny,manual,0,37871098,https://image.tmdb.org/t/p/w1280/yclY3zyzrL1MS9b6Eygs9ks0ZTY.jpg,,Blades of Glory (2007) poster,comedy
rush-hour-2-dvd-rental-action,Rush Hour 2,"<p>It's vacation time for Carter as he finds himself alongside Lee in Hong Kong wishing for more excitement. While Carter wants to party and meet the ladies, Lee is out to track down a Triad gang lord who may be responsible for killing two men at the American Embassy. Things get complicated as the pair stumble onto a counterfeiting plot. The boys are soon up to their necks in fist fights and life-threatening situations. A trip back to the U.S. may provide the answers about the bombing, the counterfeiting, and the true allegiance of sexy customs agent Isabella.</p>",DVD,Media > Videos,"Rental, DVD, Action, Formatted",Genre,Action,shopify,1,deny,manual,0,37215738,https://image.tmdb.org/t/p/w1280/aBQf2vMiCINeVC9v6BGVYKXurTh.jpg,,Rush Hour 2 (2001) poster,action
railroad-tigers-dvd-rental-comedy,Railroad Tigers,<p>A railroad worker in China in 1941 leads a team of freedom fighters against the Japanese in order to get food for the poor.</p>,DVD,Media > Videos,"Rental, DVD, Comedy, Formatted",Genre,Comedy,shopify,1,deny,manual,0,37182970,https://image.tmdb.org/t/p/w1280/1aSkP9geZCbqIoxjF7Jy9dT8UfY.jpg,,Railroad Tigers (2016) poster,comedy
makin-baby-dvd-rental-comedy,Makin' Baby,"<p>A man's potential rap career is at odds with his wife's ticking biological clock in this 2002 film from director Paul Wynne. Aaron Spears stars as Michael, a young married man struggling with the idea of becoming a father when fame comes knocking in the form of a hip-hop star impressed with Michael's skills on the mic. Will he choose fame and fortune or the stable life of parenthood? Music star Mystikal makes his acting debut.</p>",DVD,Media > Videos,"Rental, DVD, Comedy, Formatted",Genre,Comedy,shopify,1,deny,manual,0,36527610,https://image.tmdb.org/t/p/w1280/ofevkblQ4aKsDTOnjJ1X2I0EnNl.jpg,,Makin' Baby (2002) poster,comedy
stonebrook-dvd-rental-thriller,Stonebrook,"<p>Seth Green and Brad Rowe star in this drama as a pair of college students who come up with a plan to cheat an underworld syndicate at their own game. However, their ambition outstrips their street smarts, and they soon find themselves on the wrong end of their own con game.</p>",DVD,Media > Videos,"Rental, DVD, Thriller, Formatted",Genre,Thriller,shopify,1,deny,manual,0,35872250,https://image.tmdb.org/t/p/w1280/kPaYgkUl7jMjYBMAZMMxrYwsAdJ.jpg,,Stonebrook (1999) poster,thriller
dance-with-me-dvd-rental-drama,Dance with Me,,DVD,Media > Videos,"Rental, DVD, Drama, Formatted",Genre,Drama,shopify,1,deny,manual,0,35839482,,,,drama
lock-out-dvd-rental-sci-fi,Lock Out,,DVD,Media > Videos,"Rental, DVD, Sci-Fi, Formatted",Genre,Sci-Fi,shopify,1,deny,manual,0,35184122,,,,sci-fi
sense-and-sensibility-dvd-rental-drama,Sense and Sensibility,,DVD,Media > Videos,"Rental, DVD, Drama, Formatted",Genre,Drama,shopify,1,deny,manual,0,34528762,,,,drama
meet-joe-black-dvd-rental-drama,Meet Joe Black,"<p>Bill Parrish has it all - success, wealth and power. Days before his 65th birthday, he receives a visit from a mysterious stranger, Joe Black, who soon reveals himself as Death. In exchange for extra time, Bill agrees to serve as Joe's earthly guide. But will he regret his choice when Joe unexpectedly falls in love with Bill's beautiful daughter Susan?</p>",DVD,Media > Videos,"Rental, DVD, Drama, Formatted",Genre,Drama,shopify,1,deny,manual,0,34495994,https://image.tmdb.org/t/p/w1280/fDPAjvfPMomkKF7cMRmL5Anak61.jpg,,Meet Joe Black (1998) poster,drama
for-love-of-the-game-dvd-rental-drama,For Love of the Game,,DVD,Media > Videos,"Rental, DVD, Drama, Formatted",Genre,Drama,shopify,1,deny,manual,0,33807866,,,,drama
j-edgar-dvd-rental-drama,J. Edgar,"<p>As the face of law enforcement in the United States for almost 50 years, J. Edgar Hoover was feared and admired, reviled and revered. But behind closed doors, he held secrets that would have destroyed his image, his career, and his life.</p>",DVD,Media > Videos,"Rental, DVD, Drama, Formatted",Genre,Drama,shopify,1,deny,manual,0,33119738,https://image.tmdb.org/t/p/w1280/gltciP2dIaEQmm4JeYfB088k40n.jpg,,J. Edgar (2011) poster,drama
storm-of-the-century-dvd-rental-horror,Storm of the Century,,DVD,Media > Videos,"Rental, DVD, Horror, Formatted",Genre,Horror,shopify,1,deny,manual,0,33021434,,,,horror
mazes-and-monsters-dvd-rental-fantasy,Mazes and Monsters,"<p>Bound together by a desire to play ""Mazes and Monsters,"" Robbie and his four college classmates decide to move the board game into the local cavern. Robbie loses his mind, and the line between reality and fantasy fuse into a harrowing nightmare.</p>",DVD,Media > Videos,"Rental, DVD, Fantasy, Formatted",Genre,Fantasy,shopify,1,deny,manual,0,32202234,https://image.tmdb.org/t/p/w1280/4i0ISVGGZczwl3RaTIAa8BMu6Df.jpg,,Mazes and Monsters (1982) poster,fantasy
pirates-of-the-caribbean-dvd-rental-kids-family,Pirates of the Caribbean,,DVD,Media > Videos,"Rental, DVD, Kids & Family, Formatted",Genre,Kids & Family,shopify,1,deny,manual,0,31841786,,,,kids-family
prince-of-persia-dvd-rental-action,Prince of Persia,,DVD,Media > Videos,"Rental, DVD, Action, Formatted",Genre,Action,shopify,1,deny,manual,0,30858746,,,,action
rising-sun-dvd-rental-thriller,Rising Sun,,DVD,Media > Videos,"Rental, DVD, Thriller, Formatted",Genre,Thriller,shopify,1,deny,manual,0,29941242,,,,thriller
snow-snow-2-brain-freeze-dvd-rental-holiday,Snow / Snow 2 Brain Freeze,,DVD,Media > Videos,"Rental, DVD, Holiday, Formatted",Genre,Holiday,shopify,1,deny,manual,0,28990970,,,,holiday
annie-dvd-rental-musical,Annie,,DVD,Media > Videos,"Rental, DVD, Musical, Formatted",Genre,Musical,shopify,1,deny,manual,0,28696058,,,,musical
54-dvd-rental-musical,54,,DVD,Media > Videos,"Rental, DVD, Musical, Formatted",Genre,Musical,shopify,1,deny,manual,0,28270074,,,,musical
last-days-in-the-desert-dvd-rental-drama,Last Days in the Desert,"<p>On his way out of the wilderness, Jesus struggles with the Devil over the fate of a family in crisis, setting himself up for a dramatic test.</p>",DVD,Media > Videos,"Rental, DVD, Drama, Formatted",Genre,Drama,shopify,1,deny,manual,0,27319802,https://image.tmdb.org/t/p/w1280/7vbP28axycrpchnGSIydUseNkh6.jpg,,Last Days in the Desert (2016) poster,drama
joyful-noise-dvd-rental-musical,Joyful Noise,"<p>G.G. Sparrow faces off with her choir's newly appointed director, Vi Rose Hill, over the group's direction as they head into a national competition.</p>",DVD,Media > Videos,"Rental, DVD, Musical, Formatted",Genre,Musical,shopify,1,deny,manual,0,26992122,https://image.tmdb.org/t/p/w1280/pIgrIGFMZ7CslGPCWI7JHV3R96H.jpg,,Joyful Noise (2012) poster,musical
the-crime-of-padre-amaro-dvd-rental-drama,The Crime of Padre Amaro,"<p>Sent to Mexico to help take care of aging Father Benito, young Father Amaro faces a moral challenge when he meets a 16-year-old girl who he starts an affair with. Likewise, the girl's mother had been having an affair with Father Benito. Father Amaro must choose between a holy or sinful life.</p>",DVD,Media > Videos,"Rental, DVD, Drama, Formatted",Genre,Drama,shopify,1,deny,manual,0,26041850,https://image.tmdb.org/t/p/w1280/wqwt2DKcQV6EeSwXuYTk7pkLFii.jpg,,The Crime of Padre Amaro (2002) poster,drama
monsters-ball-dvd-rental-drama,Monster's Ball,<p>A prison guard begins a tentative romance with the unsuspecting widow of a man whose execution he presided over.</p>,DVD,Media > Videos,"Rental, DVD, Drama, Formatted",Genre,Drama,shopify,1,deny,manual,0,32072186,https://image.tmdb.org/t/p/w1280/rQeufx98gKH4CCeVw57KT1Fd0gr.jpg,,Monster's Ball (2001) poster,drama
cage-snake-eyes-dvd-rental-thriller,Snake Eyes,,DVD,Media > Videos,"Rental, DVD, Thriller, Formatted",Genre,Thriller,shopify,1,deny,manual,0,32039418,,,,thriller
cruel-world-dvd-rental-horror,Cruel World,,DVD,Media > Videos,"Rental, DVD, Horror, Formatted",Genre,Horror,shopify,1,deny,manual,0,31384058,,,,horror
8mm-dvd-rental-thriller,8MM,,DVD,Media > Videos,"Rental, DVD, Thriller, Formatted",Genre,Thriller,shopify,1,deny,manual,0,30728698,,,,thriller
poison-friends-dvd-rental-thriller,Poison Friends,<p>A group of college students are duped by a charming pathological liar.</p>,DVD,Media > Videos,"Rental, DVD, Foreign, Formatted",Genre,Foreign,shopify,1,deny,manual,0,30695930,https://image.tmdb.org/t/p/w1280/a59h79PjVcSeEfH36DKcyKMd1xh.jpg,,Poison Friends (2006) poster,foreign
the-hobbit-an-unexpected-journey-dvd-rental-fantasy,The Hobbit: An Unexpected Journey,"<p>Bilbo Baggins, a hobbit enjoying his quiet life, is swept into an epic quest by Gandalf the Grey and thirteen dwarves who seek to reclaim their mountain home from Smaug, the dragon.</p>",DVD,Media > Videos,"Rental, DVD, Fantasy, Formatted",Genre,Fantasy,shopify,1,deny,manual,0,30040570,https://image.tmdb.org/t/p/w1280/yHA9Fc37VmpUA5UncTxxo3rTGVA.jpg,,The Hobbit: An Unexpected Journey (2012) poster,fantasy
the-edge-dvd-rental-thriller,The Edge,,DVD,Media > Videos,"Rental, DVD, Thriller, Formatted",Genre,Thriller,shopify,1,deny,manual,0,29385210,,,,thriller
the-sweetest-thing-dvd-rental-romantic-comedy,The Sweetest Thing,,DVD,Media > Videos,"Rental, DVD, Romantic Comedy, Formatted",Genre,Romantic Comedy,shopify,1,deny,manual,0,28729850,,,,romantic-comedy
the-nice-guys-dvd-rental-comedy,The Nice Guys,<p>A private eye investigates the apparent suicide of a fading porn star in 1970s Los Angeles and uncovers a conspiracy.</p>,DVD,Media > Videos,"Rental, DVD, Comedy, Formatted",Genre,Comedy,shopify,1,deny,manual,0,28008954,https://image.tmdb.org/t/p/w1280/clq4So9spa9cXk3MZy2iMdqkxP2.jpg,,The Nice Guys (2016) poster,comedy
hamlet-2-dvd-rental-comedy,Hamlet 2,<p>Failed actor-turned-worse-high-school-drama-teacher Dana Marschz rallies his Tucson students as he conceives and stages a politically incorrect musical sequel to Shakespeare's Hamlet.</p>,DVD,Media > Videos,"Rental, DVD, Comedy, Formatted",Genre,Comedy,shopify,1,deny,manual,0,27124218,https://image.tmdb.org/t/p/w1280/ljdmxGNwhuWZBsCgANlZrruFkJj.jpg,,Hamlet 2 (2008) poster,comedy
for-love-or-money-dvd-rental-romantic-comedy,For Love or Money,,DVD,Media > Videos,"Rental, DVD, Romantic Comedy, Formatted",Genre,Romantic Comedy,shopify,1,deny,manual,0,26731002,,,,romantic-comedy
the-secret-of-my-success-dvd-rental-comedy,The Secret of My Success,,DVD,Media > Videos,"Rental, DVD, Comedy, Formatted",Genre,Comedy,shopify,1,deny,manual,0,25780730,,,,comedy
run-fatboy-run-dvd-rental-comedy,Run Fatboy Run,"<p>Five years after jilting his pregnant fiancée on their wedding day, out-of-shape Dennis decides to run a marathon to win her back.</p>",DVD,Media > Videos,"Rental, DVD, Comedy, Formatted",Genre,Comedy,shopify,1,deny,manual,0,24764922,https://image.tmdb.org/t/p/w1280/2MZNPXJquIG8OcwajiR8YkCr7ak.jpg,,Run Fatboy Run (2007) poster,comedy
shrek-the-third-dvd-rental-kids-family,Shrek the Third,"<p>After the King of Far Far Away dies, Shrek and Fiona are to succede. However, Shrek wants to return to his cozy swamp and live in peace and quiet, so when he finds out there is another heir to the throne, he and Donkey set off to bring him back to rule the kingdom.</p>",DVD,Media > Videos,"Rental, DVD, Kids & Family, Formatted",Genre,Kids & Family,shopify,1,deny,manual,0,24404474,https://image.tmdb.org/t/p/w1280/n4SexGGQzI26E269tfpa80MZaGV.jpg,,Shrek the Third (2007) poster,kids-family
shanghai-nights-dvd-rental-comedy,Shanghai Nights,,DVD,Media > Videos,"Rental, DVD, Comedy, Formatted",Genre,Comedy,shopify,1,deny,manual,0,23454202,,,,comedy
whats-your-number-dvd-rental-romantic-comedy,What's Your Number?,,DVD,Media > Videos,"Rental, DVD, Romantic Comedy, Formatted",Genre,Romantic Comedy,shopify,1,deny,manual,0,22471162,,,,romantic-comedy
the-good-doctor-dvd-rental-drama,The Good Doctor,,DVD,Media > Videos,"Rental, DVD, Drama, Formatted",Genre,Drama,shopify,1,deny,manual,0,21422586,,,,drama
drive-dvd-rental-action,Drive,,DVD,Media > Videos,"Rental, DVD, Action, Formatted",Genre,Action,shopify,1,deny,manual,0,21062138,,,,action
varsity-blues-dvd-rental-drama,Varsity Blues,"<p>In small-town Texas, high school football is a religion, 17-year-old schoolboys carry the hopes of an entire community onto the gridiron every Friday night. When star quarterback Lance Harbor suffers an injury, the Coyotes are forced to regroup under the questionable leadership of John Moxon, a second-string quarterback with a slightly irreverent approach to the game.</p>",DVD,Media > Videos,"Rental, DVD, Drama, Formatted",Genre,Drama,shopify,1,deny,manual,0,20242938,https://image.tmdb.org/t/p/w1280/g2jX2Xmx7drbc6J9MLJEBghR7Mg.jpg,,Varsity Blues (1999) poster,drama
spy-dvd-rental-comedy,Spy,,DVD,Media > Videos,"Rental, DVD, Comedy, Formatted",Genre,Comedy,shopify,1,deny,manual,0,20046330,,,,comedy
snitch-dvd-rental-thriller,Snitch,,DVD,Media > Videos,"Rental, DVD, Thriller, Formatted",Genre,Thriller,shopify,1,deny,manual,0,20013562,,,,thriller
2-films-deadly-drifter-blood-tide-dvd-rental-horror,"2 Films: Deadly Drifter, Blood Tide",,DVD,Media > Videos,"Rental, DVD, Horror, Formatted",Genre,Horror,shopify,1,deny,manual,0,19980794,,,,horror
harvie-and-the-magic-museum-dvd-rental-kids-family,Harvie and the Magic Museum,"<p>Harvie is a smart but a bit too lively boy with one ambition, to finish the last level of his computer game. Once in the Gamers Hall of Fame, his absent-minded father, would finally be proud of him. But finishing the game turns out to be only the start of a real adventure that takes Harvie, his dog Jerry, and his friend Monica deep into the forgotten realms of the city's old puppet museum.</p>",DVD,Media > Videos,"Rental, DVD, Kids & Family, Formatted",Genre,Kids & Family,shopify,1,deny,manual,0,19948026,https://image.tmdb.org/t/p/w1280/kaWMBv01Rd3qSDRRVdsKg3gyBEJ.jpg,,Harvie and the Magic Museum (2017) poster,kids-family
elephant-white-dvd-rental-action,Elephant White,<p>An assassin is hired by a businessman to avenge the murder of his daughter by white slave traders in Thailand.</p>,DVD,Media > Videos,"Rental, DVD, Action, Formatted",Genre,Action,shopify,1,deny,manual,0,19882490,https://image.tmdb.org/t/p/w1280/hqriJWWisRhm5XapyuB40D1jqqA.jpg,,Elephant White (2011) poster,action
super-miss-dvd-rental-kids-family,Super Miss,"<p>Josje, a primary school teacher, is a secret super hero saving animals: Superteacher. When animals of a zoo are in danger she has to choose: rescue them or run.</p>",DVD,Media > Videos,"Rental, DVD, Kids & Family, Formatted",Genre,Kids & Family,shopify,1,deny,manual,0,19718650,https://image.tmdb.org/t/p/w1280/iAnXnGdV5Yn0dWIgSBnIUVvpJsd.jpg,,Super Miss (2018) poster,kids-family
moonraker-bluray-rental-sci-fi,Moonraker,,Blu-Ray,Media > Videos,"Rental, Blu-Ray, Action, Formatted",Genre,Action,shopify,1,deny,manual,0,19554810,,,,action
the-invasion-bluray-rental-sci-fi,The Invasion,,Blu-Ray,Media > Videos,"Rental, Blu-Ray, Sci-Fi, Formatted",Genre,Sci-Fi,shopify,1,deny,manual,0,19522042,,,,sci-fi
the-phildelphia-experiment-bluray-rental-sci-fi,The Phildelphia Experiment,,Blu-Ray,Media > Videos,"Rental, Blu-Ray, Sci-Fi, Formatted",Genre,Sci-Fi,shopify,1,deny,manual,0,19489274,,,,sci-fi
live-and-let-die-dvd-rental-action,Live and Let Die,,DVD,Media > Videos,"Rental, DVD, Action, Formatted",Genre,Action,shopify,1,deny,manual,0,08996602,,,,action
double-feature-moonligt-sword-and-jade-lion-the-boody-fists-dvd-rental-action,"Double Feature: Moonligt Sword and Jade Lion, The Boody Fists",,DVD,Media > Videos,"Rental, DVD, Action, Formatted",Genre,Action,shopify,1,deny,manual,0,08275706,,,,action
the-hunger-games-catching-fire-dvd-rental-action,The Hunger Games: Catching Fire,"<p>After surviving the Hunger Games, Katniss and Peeta struggle with the consequences of their victory as unrest spreads across Panem. Forced back into the spotlight, they become symbols of hope and resistance while the Capitol prepares a new and deadly challenge that will change the future of the nation forever.</p>",DVD,Media > Videos,"Rental, DVD, Action, Formatted",Genre,Action,shopify,1,deny,manual,0,08242938,https://image.tmdb.org/t/p/w1280/vrQHDXjVmbYzadOXQ0UaObunoy2.jpg,,The Hunger Games: Catching Fire (2013) poster,action
volcano-dvd-rental-action,Volcano,,DVD,Media > Videos,"Rental, DVD, Action, Formatted",Genre,Action,shopify,1,deny,manual,0,07587578,,,,action
stonehenge-apolcalypse-dvd-rental-action,Stonehenge Apolcalypse,,DVD,Media > Videos,"Rental, DVD, Action, Formatted",Genre,Action,shopify,1,deny,manual,0,07554810,,,,action
the-scorpion-king-dvd-rental-action,The Scorpion King,,DVD,Media > Videos,"Rental, DVD, Action, Formatted",Genre,Action,shopify,1,deny,manual,0,06899450,,,,action
the-scorpion-king-2-dvd-rental-action,The Scorpion King 2,,DVD,Media > Videos,"Rental, DVD, Action, Formatted",Genre,Action,shopify,1,deny,manual,0,06244090,,,,action
dantes-peak-dvd-rental-action,Dante's Peak,"<p>Volcanologist Harry Dalton comes to the sleepy town of Dante's Peak to investigate the recent rumblings of the dormant volcano the burg is named for. Before long, his worst fears are realized when a massive eruption hits, and immediately, Harry, the mayor and the townspeople find themselves fighting for their lives amid a catastrophic nightmare.</p>",DVD,Media > Videos,"Rental, DVD, Action, Formatted",Genre,Action,shopify,1,deny,manual,0,06145786,https://image.tmdb.org/t/p/w1280/8PRVIfZzDgw8EV3sDWJ6NA1ZMAn.jpg,,Dante's Peak (1997) poster,action
druids-dvd-rental-action,Druids,,DVD,Media > Videos,"Rental, DVD, Action, Formatted",Genre,Action,shopify,1,deny,manual,0,05490426,,,,action
net-games-dvd-rental-horror,Net Games,"<p>The successful publicist Adam Vance of the SFC is in the middle of a campaign to get an important Japanese client and is needy of sex because his traumatized wife Jennifer Vance was raped one year ago and is totally frigid, refusing to have sex. His close friend and colleague Ray Walters suggests Adam to visit the porn site cyber chat.net, where lonely people have erotic conversation. Adam meets Angel, a luscious woman and hacker while his wife is visiting her rapist in the prison with her therapist as part of her treatment. When Adam decides to finish his virtual affair with Angel, he is chased and blackmailed by the deranged sexy killer.</p>",DVD,Media > Videos,"Rental, DVD, Horror, Formatted",Genre,Horror,shopify,1,deny,manual,0,04802298,https://image.tmdb.org/t/p/w1280/aGSSJeV7HfqT1M38q7MB8EMuDJn.jpg,,Net Games (2003) poster,horror
boogeyman-dvd-rental-horror,Boogeyman,,DVD,Media > Videos,"Rental, DVD, Horror, Formatted",Genre,Horror,shopify,1,deny,manual,0,04736762,,,,horror
i-still-know-what-you-did-last-summer-dvd-rental-horror,I Still Know What You Did Last Summer,"<p>Ever since killing the Fisherman one year ago, Julie James is still haunted by images of him after her. When her best friend Karla wins free tickets to the Bahamas, Julie finds this a perfect opportunity to finally relax. But someone is waiting for her. Someone who she thought was dead. Someone who is out again for revenge.</p>",DVD,Media > Videos,"Rental, DVD, Horror, Formatted",Genre,Horror,shopify,1,deny,manual,0,04081402,https://image.tmdb.org/t/p/w1280/eg3d6hvTaOmW3lNErFfutBmWmAR.jpg,,I Still Know What You Did Last Summer (1998) poster,horror
see-no-evil-dvd-rental-horror,See No Evil,,DVD,Media > Videos,"Rental, DVD, Horror, Formatted",Genre,Horror,shopify,1,deny,manual,0,03393274,,,,horror
underworld-blood-wars-dvd-rental-horror,Underworld: Blood Wars,"<p>Vampire death dealer Selene fends off brutal attacks from both the Lycan clan and the Vampire faction that betrayed her. With her only allies, David and his father Thomas, she must stop the eternal war between Lycans and Vampires, even if it means she has to make the ultimate sacrifice.</p>",DVD,Media > Videos,"Rental, DVD, Horror, Formatted",Genre,Horror,shopify,1,deny,manual,0,02705146,https://image.tmdb.org/t/p/w1280/v1ciDCWMG47gdT4kMyjyQbnLQQn.jpg,,Underworld: Blood Wars (2016) poster,horror
stigmata-dvd-rental-horror,Stigmata,,DVD,Media > Videos,"Rental, DVD, Horror, Formatted",Genre,Horror,shopify,1,deny,manual,0,02049786,,,,horror
half-castle-dvd-rental-horror,Half-Castle,,DVD,Media > Videos,"Rental, DVD, Horror, Formatted",Genre,Horror,shopify,1,deny,manual,0,01394426,,,,horror
scary-stories-dvd-rental-horror,Scary Stories,,DVD,Media > Videos,"Rental, DVD, Horror, Formatted",Genre,Horror,shopify,1,deny,manual,0,00706298,,,,horror
wish-upon-dvd-rental-horror,Wish Upon,,DVD,Media > Videos,"Rental, DVD, Horror, Formatted",Genre,Horror,shopify,1,deny,manual,0,00050938,,,,horror
exorcism-the-possession-of-gail-bowers-dvd-rental-horror,Exorcism: The Possession of Gail Bowers,"<p>The film takes place in an undisclosed part of Florida, in which a priest is called upon to help exorcise Gail Bowers, who has come to be possessed by malevolent forces.</p>",DVD,Media > Videos,"Rental, DVD, Horror, Formatted",Genre,Horror,shopify,1,deny,manual,0,00018170,https://image.tmdb.org/t/p/w1280/vRsPbe2YsFw5wXRJrZDkBTkeHN6.jpg,,Exorcism: The Possession of Gail Bowers (2006) poster,horror
the-mexican-dvd-rental-comedy,The Mexican,,DVD,Media > Videos,"Rental, DVD, Comedy, Formatted",Genre,Comedy,shopify,1,deny,manual,0,53184762,,,,comedy
fire-with-fire-dvd-rental-action,Fire With Fire,,DVD,Media > Videos,"Rental, DVD, Action, Formatted",Genre,Action,shopify,1,deny,manual,0,53151994,,,,action
war-dvd-rental-action,War,,DVD,Media > Videos,"Rental, DVD, Action, Formatted",Genre,Action,shopify,1,deny,manual,0,52463866,,,,action
swing-kids-dvd-rental-drama,Swing Kids,,DVD,Media > Videos,"Rental, DVD, Drama, Formatted",Genre,Drama,shopify,1,deny,manual,0,51808506,,,,drama
in-her-shoes-dvd-rental-comedy,In Her Shoes,,DVD,Media > Videos,"Rental, DVD, Comedy, Formatted",Genre,Comedy,shopify,1,deny,manual,0,51775738,,,,comedy
love-potion-9-dvd-rental-romantic-comedy,Love Potion #9,"<p>Unlucky in love, chemist Paul Matthews visits gypsy Madame Rosa for help. Quickly realizing he is a hopeless nerd, she gifts him with Love Potion No. 8, which makes anyone who wears it irresistible to the opposite sex for four hours. Paul and animal psychologist coworker Diane Farrow decide to test it on themselves. The awkward pair suddenly find themselves alluring to anyone they approach, but soon realize they are most attracted to each other.</p>",DVD,Media > Videos,"Rental, DVD, Romantic Comedy, Formatted",Genre,Romantic Comedy,shopify,1,deny,manual,0,51087610,https://image.tmdb.org/t/p/w1280/n0DYahGGueR96mhajPGGgZpFL4k.jpg,,Love Potion #9 (1992) poster,romantic-comedy
the-mysterious-island-dvd-rental-kids-family,The Mysterious Island,,DVD,Media > Videos,"Rental, DVD, Kids & Family, Formatted",Genre,Kids & Family,shopify,1,deny,manual,0,50399482,,,,kids-family
harts-war-dvd-rental-drama,Hart's War,"<p>When Col. William McNamara is stripped of his freedom in a German POW camp, he's determined to keep on fighting even from behind enemy lines. Enlisting the help of a young lieutenant in a brilliant plot against his captors, McNamara risks everything on a mission to free his men and change the outcome of the war.</p>",DVD,Media > Videos,"Rental, DVD, Drama, Formatted",Genre,Drama,shopify,1,deny,manual,0,49744122,https://image.tmdb.org/t/p/w1280/yRUhSU7vzs5ePa72LNPcKKCCMZ5.jpg,,Hart's War (2002) poster,drama
brotherhood-of-the-wolf-dvd-rental-horror,Brotherhood of the Wolf,"<p>In 18th century France, the Chevalier de Fronsac and his Native American friend Mani are sent by the King to the Gevaudan province to investigate the killings of hundreds by a mysterious beast.</p>",DVD,Media > Videos,"Rental, DVD, Horror, Formatted",Genre,Horror,shopify,1,deny,manual,0,49055994,https://image.tmdb.org/t/p/w1280/w8CUoGAnP95txmIK2fl7leVmrmN.jpg,,Brotherhood of the Wolf (2001) poster,horror
imprint-dvd-rental-horror,Imprint,,DVD,Media > Videos,"Rental, DVD, Horror, Formatted",Genre,Horror,shopify,1,deny,manual,0,49023226,,,,horror
van-helsing-dvd-rental-action,Van Helsing,,DVD,Media > Videos,"Rental, DVD, Action, Formatted",Genre,Action,shopify,1,deny,manual,0,48367866,,,,action
dinotopia-dvd-rental-kids-family,Dinotopia,"<p>After a plane crash strands two brothers on a lost continent where dinosaurs and humans live together in harmony, they disagree over escape plans.  (Condensed cut of original mini-series to be a feature length as seen on Peacock).</p>",DVD,Media > Videos,"Rental, DVD, Kids & Family, Formatted",Genre,Kids & Family,shopify,1,deny,manual,0,47712506,https://image.tmdb.org/t/p/w1280/iI2PXv94VoEINZZFoJNeDfT0uxg.jpg,,Dinotopia (2002) poster,kids-family
texas-chainsaw-dvd-rental-horror,Texas Chainsaw,"<p>A young woman learns that she has inherited a Texas estate from her deceased grandmother. After embarking on a road trip with friends to uncover her roots, she finds she is the sole owner of a lavish, isolated Victorian mansion. But her newfound wealth comes at a price as she stumbles upon a horror that awaits her in the mansion’s dank cellars.</p>",DVD,Media > Videos,"Rental, DVD, Horror, Formatted",Genre,Horror,shopify,1,deny,manual,0,47679738,https://image.tmdb.org/t/p/w1280/dwIQ7WDCSiIcNdbferTcU7uI0KV.jpg,,Texas Chainsaw (2013) poster,horror
nazis-at-the-center-of-the-earth-dvd-rental-horror,Nazis At The Center of the Earth,"<p>A group of researchers in Antarctica are abducted by a platoon of masked soldiers and dragged into a hidden continent in the center of the Earth. There, they discover that surviving Nazi soldiers are plotting an invasion of Earth to revive the Third Reich.</p>",DVD,Media > Videos,"Rental, DVD, Horror, Formatted",Genre,Horror,shopify,1,deny,manual,0,47024378,https://image.tmdb.org/t/p/w1280/navS5NXLXdfjkovl5iQoCvGoROB.jpg,,Nazis At The Center of the Earth (2012) poster,horror
county-general-dvd-rental-comedy,County General,"<p>After he gets an 'F' on his latest assignment, film student Craig needs solid inspiration for his next short film. His girlfriend, Simone, who works at the local county hospital insists that the hospital's quack doctors, sexpot nurses, and hutty patients would be perfect source material for the budding director. Craig then takes a job as a lowly orderly at County General and soon wacky and harrowing hilarity ensues.</p>",DVD,Media > Videos,"Rental, DVD, Comedy, Formatted",Genre,Comedy,shopify,1,deny,manual,0,46369018,https://image.tmdb.org/t/p/w1280/gUtkbHUDOpI90eard3Yo0Owz4wb.jpg,,County General (2005) poster,comedy
last-man-standing-dvd-rental-action,Last Man Standing,,DVD,Media > Videos,"Rental, DVD, Action, Formatted",Genre,Action,shopify,1,deny,manual,0,46336250,,,,action
the-tattooist-dvd-rental-horror,The Tattooist,,DVD,Media > Videos,"Rental, DVD, Horror, Formatted",Genre,Horror,shopify,1,deny,manual,0,45680890,,,,horror
a-man-apart-dvd-rental-action,A Man Apart,,DVD,Media > Videos,"Rental, DVD, Action, Formatted",Genre,Action,shopify,1,deny,manual,0,79604730,,,,action
lola-dvd-rental-action,Run Lola Run,"<p>Lola receives a phone call from her boyfriend Manni. He lost 100,000 DM in a subway train that belongs to a very bad guy. She has 20 minutes to raise this amount and meet Manni. Otherwise, he will rob a store to get the money. Three different alternatives may happen depending on some minor event along Lola's run.</p>",DVD,Media > Videos,"Rental, DVD, Action, Formatted",Genre,Action,shopify,1,deny,manual,0,78949370,https://image.tmdb.org/t/p/w1280/v0giIi4bTILVhNhJajet3WWY3FA.jpg,,Run Lola Run (1998) poster,action
escape-plan-dvd-rental-action,Escape Plan,,DVD,Media > Videos,"Rental, DVD, Action, Formatted",Genre,Action,shopify,1,deny,manual,0,78294010,,,,action
glory-road-dvd-rental-drama,Glory Road,"<p>In 1966, Texas Western coach Don Haskins led the first all-black starting line-up for a college basketball team to the NCAA national championship.</p>",DVD,Media > Videos,"Rental, DVD, Drama, Formatted",Genre,Drama,shopify,1,deny,manual,0,77605882,https://image.tmdb.org/t/p/w1280/bGRSV5tStxDNPRLCewnOeeiZzrY.jpg,,Glory Road (2006) poster,drama
adventures-in-babysitting-2016-dvd-rental-kids-family,Adventures in Babysitting (2016),"<p>Two teen rival babysitters, Jenny and Lola, team up to hunt down one of their kids who accidentally ran away into the big city without any supervision.</p>",DVD,Media > Videos,"Rental, DVD, Kids & Family, Formatted",Genre,Kids & Family,shopify,1,deny,manual,0,77540346,https://image.tmdb.org/t/p/w1280/t12bYhmv7LIcHT4TGGpW6WaMV2W.jpg,,Adventures in Babysitting (2016) poster,kids-family
duece-bigalo-male-gigolo-dvd-rental-comedy,Duece Bigalo Male Gigolo,,DVD,Media > Videos,"Rental, DVD, Comedy, Formatted",Genre,Comedy,shopify,1,deny,manual,0,76884986,,,,comedy
aliens-abductions-extraordinary-sightings-dvd-rental-documentary,"Aliens, Abductions & Extraordinary Sightings","<p>UFO's 1973 Film takes you inside the Pascagoula Incident, the Charlie Hickson case, the Iran Pilot sighting, the Coyne case, the Jeffery Greenhaw case, and many more from around the world where in this landmark year, the strangest and most mind-bending cases in UFO history occurred.</p>",DVD,Media > Videos,"Rental, DVD, Documentary, Formatted",Genre,Documentary,shopify,1,deny,manual,0,76229626,https://image.tmdb.org/t/p/w1280/vK5qYVyEbWvUbcuSGfvIzmqL2Of.jpg,,"Aliens, Abductions & Extraordinary Sightings (2010) poster",documentary
terminator-judgement-day-dvd-rental-sci-fi,Terminator 2: Judgement Day,"<p>Ten years after the events of the original, a reprogrammed T-800 is sent back in time to protect young John Connor from the shape-shifting T-1000. Together with his mother Sarah, he fights to stop Skynet from triggering a nuclear apocalypse.</p>",DVD,Media > Videos,"Rental, DVD, Sci-Fi, Formatted",Genre,Sci-Fi,shopify,1,deny,manual,0,75574266,https://image.tmdb.org/t/p/w1280/jFTVD4XoWQTcg7wdyJKa8PEds5q.jpg,,Terminator 2: Judgement Day (1991) poster,sci-fi
doctor-who-deep-breath-dvd-rental-sci-fi,Doctor Who: Deep Breath,"<p>The newly-regenerated Doctor arrives in Victorian London, and Clara Oswald struggles to embrace the man he has become. All the while, they reunite with the Paternoster Gang to investigate a series of combustions that have been occurring all around the city.</p>",DVD,Media > Videos,"Rental, DVD, Sci-Fi, Formatted",Genre,Sci-Fi,shopify,1,deny,manual,0,74918906,https://image.tmdb.org/t/p/w1280/yH49xHhfkIQ0V1PulpU2t7lPT1r.jpg,,Doctor Who: Deep Breath (2014) poster,sci-fi
the-day-the-earth-stood-still-dvd-rental-sci-fi,The Day the Earth Stood Still,,DVD,Media > Videos,"Rental, DVD, Sci-Fi, Formatted",Genre,Sci-Fi,shopify,1,deny,manual,0,74230778,,,,sci-fi
fortress-2-re-entry-dvd-rental-sci-fi,Fortress 2 Re-entry,,DVD,Media > Videos,"Rental, DVD, Sci-Fi, Formatted",Genre,Sci-Fi,shopify,1,deny,manual,0,73575418,,,,sci-fi
event-horizon-dvd-rental-sci-fi,Event Horizon,,DVD,Media > Videos,"Rental, DVD, Sci-Fi, Formatted",Genre,Sci-Fi,shopify,1,deny,manual,0,72920058,,,,sci-fi
black-x-mas-dvd-rental-horror,Black X-Mas,,DVD,Media > Videos,"Rental, DVD, Horror, Formatted",Genre,Horror,shopify,1,deny,manual,0,72264698,,,,horror
knock-knock-dvd-rental-horror,Knock Knock,,DVD,Media > Videos,"Floor Sale, DVD, Horror, Formatted",Genre,Horror,shopify,1,deny,manual,6.00,72231930,,,,horror
the-pyramid-dvd-rental-horror,The Pyramid,,DVD,Media > Videos,"Rental, DVD, Horror, Formatted",Genre,Horror,shopify,1,deny,manual,0,71543802,,,,horror
7-soles-dvd-rental-horror,7 Soles,,DVD,Media > Videos,"Rental, DVD, Horror, Formatted",Genre,Horror,shopify,1,deny,manual,0,70888442,,,,horror
the-breed-dvd-rental-horror,The Breed,,DVD,Media > Videos,"Rental, DVD, Horror, Formatted",Genre,Horror,shopify,1,deny,manual,0,70855674,,,,horror
lady-in-the-water-dvd-rental-horror,Lady in the Water,"<p>Apartment building superintendent Cleveland Heep rescues what he thinks is a young woman from the pool he maintains. When he discovers that she is actually a character from a bedtime story who is trying to make the journey back to her home, he works with his tenants to protect his new friend from the creatures that are determined to keep her in our world.</p>",DVD,Media > Videos,"Rental, DVD, Horror, Formatted",Genre,Horror,shopify,1,deny,manual,0,70200314,https://image.tmdb.org/t/p/w1280/ddNmoSy1Jd3PBF5XDZvrrBIfrja.jpg,,Lady in the Water (2006) poster,horror
the-host-dvd-rental-horror,The Host,,DVD,Media > Videos,"Rental, DVD, Horror, Formatted",Genre,Horror,shopify,1,deny,manual,0,69512186,,,,horror
wasteland-dvd-rental-horror,Wasteland,,DVD,Media > Videos,"Rental, DVD, Horror, Formatted",Genre,Horror,shopify,1,deny,manual,0,68561914,,,,horror
the-history-of-everything-bluray-rental-drama,The Theory of Everything,,Blu-Ray,Media > Videos,"Rental, Blu-Ray, Drama, Formatted",Genre,Drama,shopify,1,deny,manual,0,67873786,,,,drama
the-hobbit-the-desolation-of-smaug-bluray-rental-fantasy,The Hobbit: The Desolation of Smaug,"<p>The Dwarves, Bilbo and Gandalf have successfully escaped the Misty Mountains, and Bilbo has gained the One Ring. They all continue their journey to get their gold back from the Dragon, Smaug.</p>",Blu-Ray,Media > Videos,"Rental, Blu-Ray, Fantasy, Formatted",Genre,Fantasy,shopify,1,deny,manual,0,67218426,https://image.tmdb.org/t/p/w1280/xQYiXsheRCDBA39DOrmaw1aSpbk.jpg,,The Hobbit: The Desolation of Smaug (2013) poster,fantasy
duel-bluray-rental-action,Duel,,Blu-Ray,Media > Videos,"Rental, Blu-Ray, Action, Formatted",Genre,Action,shopify,1,deny,manual,0,66563066,,,,action
the-call-of-the-wild-bluray-rental-drama-4k,The Call of the Wild,,4K,Media > Videos,"Rental, 4K, Drama, Formatted",Genre,Drama,shopify,1,deny,manual,0,65874938,,,,drama
kingsman-the-secret-bluray-rental-action,Kingsman: The Secret,,Blu-Ray,Media > Videos,"Rental, Blu-Ray, Action, Formatted",Genre,Action,shopify,1,deny,manual,0,65711098,,,,action
big-wish-movie-the-care-bears-dvd-rental-kids-family,Big Wish Movie: The Care Bears,,DVD,Media > Videos,"Rental, DVD, Kids & Family, Formatted",Genre,Kids & Family,shopify,1,deny,manual,0,06516218,,,,kids-family
spy-kids-2-dvd-rental-kids-family,Spy Kids 2,,DVD,Media > Videos,"Rental, DVD, Kids & Family, Formatted",Genre,Kids & Family,shopify,1,deny,manual,0,06483450,,,,kids-family
justice-league-gotham-city-breakout-dvd-rental-kids-family,Justice League: Gotham City Breakout,,DVD,Media > Videos,"Rental, DVD, Kids & Family, Formatted",Genre,Kids & Family,shopify,1,deny,manual,0,05828090,,,,kids-family
johnny-english-dvd-rental-kids-family,Johnny English,"<p>A lowly pencil pusher working for MI7, Johnny English is suddenly promoted to super spy after Agent One is assassinated and every other agent is blown up at his funeral. When a billionaire entrepreneur sponsors the exhibition of the Crown Jewels—and the valuable gems disappear on the opening night and on English's watch—the newly-designated agent must jump into action to find the thief and recover the missing gems.</p>",DVD,Media > Videos,"Rental, DVD, Kids & Family, Formatted",Genre,Kids & Family,shopify,1,deny,manual,0,05795322,https://image.tmdb.org/t/p/w1280/mmzW88tnkB2MnOV3Un2F9IUxSnZ.jpg,,Johnny English (2003) poster,kids-family
mee-shee-the-water-giant-dvd-rental-kids-family,Mee-Shee The Water Giant,"<p>A New York City oil company troubleshooter is brought to a remote B.C. lake to look for some lost machinery. Cancelling a trip to Disney World with his son, he decides to bring the boy along. They both end up experiencing more excitement than Mickey could ever conjure in Orlando, when they meet up with bad guys and a legendary creature</p>",DVD,Media > Videos,"Rental, DVD, Kids & Family, Formatted",Genre,Kids & Family,shopify,1,deny,manual,0,05139962,https://image.tmdb.org/t/p/w1280/xO8XsAzBpthdq22wcl5Kmt8YgiD.jpg,,Mee-Shee The Water Giant (2005) poster,kids-family
high-school-musical-encore-edition-dvd-rental-kids-family,High School Musical Encore Edition,,DVD,Media > Videos,"Rental, DVD, Kids & Family, Formatted",Genre,Kids & Family,shopify,1,deny,manual,0,04484602,,,,kids-family
jumanji-welcome-to-the-jungle-dvd-rental-kids-family,Jumanji: Welcome to the Jungle,"<p>Four teenagers in detention discover an old video game console with a game they’ve never heard of. When they decide to play, they are immediately sucked into the jungle world of Jumanji in the bodies of their avatars. They’ll have to complete the adventure of their lives filled with fun, thrills and danger or be stuck in the game forever!</p>",DVD,Media > Videos,"Rental, DVD, Kids & Family, Formatted",Genre,Kids & Family,shopify,1,deny,manual,0,04451834,https://image.tmdb.org/t/p/w1280/pSgXKPU5h6U89ipF7HBYajvYt7j.jpg,,Jumanji: Welcome to the Jungle (2017) poster,kids-family
finding-nemo-dvd-rental-kids-family,Finding Nemo,"<p>Nemo, an adventurous young clownfish, is unexpectedly taken from his Great Barrier Reef home to a dentist's office aquarium. It's up to his worrisome father Marlin and a friendly but forgetful fish Dory to bring Nemo home -- meeting vegetarian sharks, surfer dude turtles, hypnotic jellyfish, hungry seagulls, and more along the way.</p>",DVD,Media > Videos,"Rental, DVD, Kids & Family, Formatted",Genre,Kids & Family,shopify,1,deny,manual,0,03796474,https://image.tmdb.org/t/p/w1280/eHuGQ10FUzK1mdOY69wF5pGgEf5.jpg,,Finding Nemo (2003) poster,kids-family
family-adventure-white-fang-the-adventures-of-black-stallion-forbidden-territory-lassie-dvd-rental-kids-family,Family Adventure: White Fang / The Adventures of Black Stallion / Forbidden Territory / Lassie,,DVD,Media > Videos,"Rental, DVD, Kids & Family, Formatted",Genre,Kids & Family,shopify,1,deny,manual,0,03763706,,,,kids-family
the-reef-dvd-rental-kids-family,The Reef,,DVD,Media > Videos,"Rental, DVD, Kids & Family, Formatted",Genre,Kids & Family,shopify,1,deny,manual,0,03108346,,,,kids-family
double-feature-despicable-me-despicable-me-2-dvd-rental-kids-family,Double Feature: Despicable Me / Despicable Me 2,,DVD,Media > Videos,"Rental, DVD, Kids & Family, Formatted",Genre,Kids & Family,shopify,1,deny,manual,0,03075578,,,,kids-family
the-baby-bot-chase-rolie-polie-olie-dvd-rental-kids-family,The Baby Bot Chase: Rolie Polie Olie,,DVD,Media > Videos,"Rental, DVD, Kids & Family, Formatted",Genre,Kids & Family,shopify,1,deny,manual,0,02420218,,,,kids-family
double-feature-hook-the-indian-in-the-cupboard-dvd-rental-kids-family,Double Feature: Hook / The Indian in the Cupboard,,DVD,Media > Videos,"Rental, DVD, Kids & Family, Formatted",Genre,Kids & Family,shopify,1,deny,manual,0,01732090,,,,kids-family
ice-age-continental-drift-dvd-rental-kids-family,Ice Age: Continental Drift,"<p>Manny, Diego, and Sid embark upon another adventure after their continent is set adrift. Using an iceberg as a ship, they encounter sea creatures and battle pirates as they explore a new world.</p>",DVD,Media > Videos,"Rental, DVD, Kids & Family, Formatted",Genre,Kids & Family,shopify,1,deny,manual,0,01076730,https://image.tmdb.org/t/p/w1280/dfp1BZF7FxbBUyzHvMOI9t8NWDD.jpg,,Ice Age: Continental Drift (2012) poster,kids-family
the-secret-life-of-pets-dvd-rental-kids-family,The Secret Life of Pets,,DVD,Media > Videos,"Rental, DVD, Kids & Family, Formatted",Genre,Kids & Family,shopify,1,deny,manual,0,01043962,,,,kids-family
rookie-of-the-year-dvd-rental-kids-family,Rookie of the Year,"<p>12-year-old Henry Rowengartner, whose late father was a minor league baseball player, grew up dreaming of playing baseball, despite his physical shortcomings. After Henry's arm is broken while trying to catch a baseball at school, the tendon in that arm heals too tightly, allowing Henry to throw pitches that are as fast as 103 mph. Henry is spotted at nearby Wrigley Field by Larry ""Fish"" Fisher, the general manager of the struggling Chicago Cubs, after Henry throws an opponent's home-run ball all the way from the outfield bleachers back to the catcher, and it seems that Henry may be the pitcher that team owner Bob Carson has been praying for.</p>",DVD,Media > Videos,"Rental, DVD, Kids & Family, Formatted",Genre,Kids & Family,shopify,1,deny,manual,0,00388602,https://image.tmdb.org/t/p/w1280/9If8XnhBdEbQ2Q0ggAQC92CptjU.jpg,,Rookie of the Year (1993) poster,kids-family
the-myth-dvd-rental-fantasy,The Myth,,DVD,Media > Videos,"Rental, DVD, Fantasy, Formatted",Genre,Fantasy,shopify,1,deny,manual,0,99700474,,,,fantasy
mysterious-island-dvd-rental-fantasy,Mysterious Island,,DVD,Media > Videos,"Rental, DVD, Fantasy, Formatted",Genre,Fantasy,shopify,1,deny,manual,0,99634938,,,,fantasy
northmen-a-viking-saga-dvd-rental-fantasy,Northmen: a Viking Saga,<p>A band of Vikings cross enemy lines and a panicked race begins. The losers will pay with their lives.</p>,DVD,Media > Videos,"Rental, DVD, Fantasy, Formatted",Genre,Fantasy,shopify,1,deny,manual,0,98979578,https://image.tmdb.org/t/p/w1280/bx70ZCmLlzu0kALPGoiBezGPG7o.jpg,,Northmen: a Viking Saga (2014) poster,fantasy
once-upon-a-time-in-vietnam-dvd-rental-fantasy,Once Upon a Time in Vietnam,"<p>Assigned to protect a small town in Vietnam, Dao arrives to fight against the crime boss; but soon his past catches up with him, threatening to destroy the cherished village.</p>",DVD,Media > Videos,"Rental, DVD, Fantasy, Formatted",Genre,Fantasy,shopify,1,deny,manual,0,98324218,https://image.tmdb.org/t/p/w1280/o4oAN2nsMnwVHbjPjKN8pcDsR2b.jpg,,Once Upon a Time in Vietnam (2013) poster,fantasy
the-magic-sword-dvd-rental-fantasy,The Magic Sword,,DVD,Media > Videos,"Rental, DVD, Fantasy, Formatted",Genre,Fantasy,shopify,1,deny,manual,0,97636090,,,,fantasy
death-trance-dvd-rental-fantasy,Death Trance,"<p>In an unknown place and unknown time, a lone Samurai known only as Grave thirsts for the ultimate battle.</p>",DVD,Media > Videos,"Rental, DVD, Fantasy, Formatted",Genre,Fantasy,shopify,1,deny,manual,0,96849658,https://image.tmdb.org/t/p/w1280/ibzV90cPb1omUslgkOntpjWVSC2.jpg,,Death Trance (2005) poster,fantasy
age-of-the-dragons-dvd-rental-fantasy,Age of the Dragons,"<p>Age of the Dragons is an adaptation of Herman Melville's classic novel Moby Dick. Set in a medieval realm where Captain Ahab and crew hunt dragons for the vitriol that powers their world, Ishmael, a charismatic harpooner and his friend Queequeg join their quest. Ahab's adopted daughter Rachel, beautiful and tough, runs the hunting vessel. Ahab's obsession to seek revenge on a great White Dragon that slaughtered his family when he was young and left his body scarred and mauled, drives the crew deeper into the heart of darkness. In the White Dragon's lair Ahab's secrets are revealed and Rachel must choose between following him on his dark quest or escaping to a new life with Ishmael.</p>",DVD,Media > Videos,"Rental, DVD, Fantasy, Formatted",Genre,Fantasy,shopify,1,deny,manual,0,96194298,https://image.tmdb.org/t/p/w1280/vOVRvsCzfFhFjLmIpdEzWAfA7S1.jpg,,Age of the Dragons (2011) poster,fantasy
kaena-the-prophecy-dvd-rental-fantasy,Kaena The Prophecy,"<p>Compelled by a mysterious force, Kaena, a rebellious, high-spirited teenage girl will defy the High Priest and her people's ancestral beliefs to take the perilous journey through the Axis and discover what dark secrets lie beyond the clouds.</p>",DVD,Media > Videos,"Rental, DVD, Fantasy, Formatted",Genre,Fantasy,shopify,1,deny,manual,0,94260986,https://image.tmdb.org/t/p/w1280/ihIIh8BR9YwtG2noVZ3enkiiozb.jpg,,Kaena The Prophecy (2003) poster,fantasy
a-very-brady-sequel-vhs-6,A Very Brady Sequel,"<p>A man claiming to be Carol Brady's long-lost first husband, Roy Martin, shows up at the suburban Brady residence one evening. An impostor, the man is actually determined to steal the Bradys' familiar horse statue, a $20-million ancient Asian artifact.</p>",VHS,Media > Videos,"Floor Sale, VHS, Comedy, Formatted",Genre,Comedy,shopify,1,deny,manual,6.00,64257530,https://image.tmdb.org/t/p/w1280/7xqOkzAQvXCLkDtmlWU6HZnOhru.jpg,,A Very Brady Sequel (1996) poster,comedy
time-trackers-vhs-8,Time Trackers,"<p>When an evil scientist steals his colleague's time machine his colleague's beautiful, brilliant daughter, aided by an L.A. cop and a hapless admirer, pursues him back to twelfth century England where - disguised as a damsel in distress - she enlists the help of a knight errant whose secret past holds the key to her future.</p>",VHS,Media > Videos,"Floor Sale, VHS, Sci-Fi, Formatted",Genre,Sci-Fi,shopify,1,deny,manual,8.00,63602170,https://image.tmdb.org/t/p/w1280/mlfSLXbbFEqlP4XPZXzruTFfsMc.jpg,,Time Trackers (1989) poster,sci-fi
the-comrades-of-summer-vhs-5,The Comrades of Summer,"<p>Sparky Smith (Joe Mantegna) was manager of the Seattle Mariners until he had one too many shouting matches with the team's owner (Michael Lerner) and winds up fired. Now Sparky's ready to coach any team who'll have him. The only problem is, no one will, until the day the Russian Sports Ministry led by the delectable Tanya (Natalya Negoda) comes knocking at his door. The Russians need a baseball coach for their Olympic team, and Sparky is just the man for the job. Once on Russian soil though, he soon discovers that the Russian team is composed of athletes, hockey players, and shot putters who barely know their way around a diamond. Confronted with this losing team, hilarious comedy ensues when Sparky is told to accept an invitation to have his team visit the States and play his old team the Mariners.</p>",VHS,Media > Videos,"Floor Sale, VHS, Comedy, Formatted",Genre,Comedy,shopify,1,deny,manual,5.00,63569402,https://image.tmdb.org/t/p/w1280/9kNJJ3awLMSA5X9DOEduEyMjEUC.jpg,,The Comrades of Summer (1992) poster,comedy
the-brother-from-another-planet-vhs-11,The Brother from Another Planet,<p>A mute alien with the appearance of a black human is chased by outer-space bounty hunters through the streets of Harlem.</p>,VHS,Media > Videos,"Floor Sale, VHS, Sci-Fi, Formatted",Genre,Sci-Fi,shopify,1,deny,manual,11.00,63536634,https://image.tmdb.org/t/p/w1280/jsIKSThUHCjWXzLCp7YV3LZAzZN.jpg,,The Brother from Another Planet (1984) poster,sci-fi
track-29-vhs-9,Track 29,<p>189</p>,VHS,Media > Videos,"Floor Sale, VHS, Drama, Formatted",Genre,Drama,shopify,1,deny,manual,9.00,62586362,https://image.tmdb.org/t/p/w1280/u1gTB8VWIdPM8nkFhOctl8h1LV2.jpg,,Track 29 (1988) poster,drama
mystery-date-vhs-6,Mystery Date,"<p>Tom McHugh quickly learns that his perfect big brother Craig isn't all he's cracked up to be while on a night on the town with the girl next door, during which Tom is harassed by unpleasant strangers, threatened by mobsters, pursued by police, attacked by an irate florist, accused of murder, and has his date kidnapped—all because everyone thinks he's Craig...and the classic 1959 DeSoto Firesweep he borrowed off his brother has two dead bodies in the trunk.</p>",VHS,Media > Videos,"Floor Sale, VHS, Comedy, Formatted",Genre,Comedy,shopify,1,deny,manual,6.00,62520826,https://image.tmdb.org/t/p/w1280/vof40ryhBNTEvtjHl1somhdrXm.jpg,,Mystery Date (1991) poster,comedy
watched-vhs-11,Watched,<p>11</p>,VHS,Media > Videos,"Floor Sale, VHS, Thriller, Formatted",Genre,Thriller,shopify,1,deny,manual,11.00,61865466,,,,thriller
suture-vhs-10,SUTURE,<p>10</p>,VHS,Media > Videos,"Floor Sale, VHS, Thriller, Formatted",Genre,Thriller,shopify,1,deny,manual,10.00,61832698,,,,thriller
survival-game-vhs-8,Survival Game,<p>8</p>,VHS,Media > Videos,"Floor Sale, VHS, Action, Formatted",Genre,Action,shopify,1,deny,manual,8.00,61636090,,,,action
spys-vhs-5,SPYS,<p>5</p>,VHS,Media > Videos,"Floor Sale, VHS, Comedy, Formatted",Genre,Comedy,shopify,1,deny,manual,5.00,61603322,,,,comedy
thug-immortal-vhs-10,Thug Immortal,<p>10</p>,VHS,Media > Videos,"Floor Sale, VHS, Documentary, Formatted",Genre,Documentary,shopify,1,deny,manual,10.00,61537786,,,,documentary
dangerous-lives-of-alter-boys-vhs-8,Dangerous Lives of Alter Boys,<p>8</p>,VHS,Media > Videos,"Floor Sale, VHS, Drama, Formatted",Genre,Drama,shopify,1,deny,manual,8.00,60882426,,,,drama
under-cover-vhs-17,Under Cover,<p>17</p>,VHS,Media > Videos,"Floor Sale, VHS, Action, Formatted",Genre,Action,shopify,1,deny,manual,17.00,60620282,,,,action
cool-hand-luke-vhs-7,Cool Hand Luke,<p>7</p>,VHS,Media > Videos,"Floor Sale, VHS, Drama, Formatted",Genre,Drama,shopify,1,deny,manual,7.00,59964922,https://image.tmdb.org/t/p/w1280/4ykzTiHKLamh3eZJ8orVICtU2Jp.jpg,,Cool Hand Luke (1967) poster,drama
the-cop-and-the-girl-vhs-40,The Cop and the Girl,<p>40</p>,VHS,Media > Videos,"Floor Sale, VHS, Action, Formatted",Genre,Action,shopify,1,deny,manual,40.00,59833850,https://image.tmdb.org/t/p/w1280/3KlILRY7WbNatpvJFJvYfyaOkqF.jpg,,The Cop and the Girl (1985) poster,action
no-mans-land-vhs-6,No Man's Land,<p>6</p>,VHS,Media > Videos,"Floor Sale, VHS, Thriller, Formatted",Genre,Thriller,shopify,1,deny,manual,6.00,58818042,,,,thriller
not-like-us-vhs-20,Not Like Us,<p>20</p>,VHS,Media > Videos,"Floor Sale, VHS, Sci-Fi, Formatted",Genre,Sci-Fi,shopify,1,deny,manual,20.00,58490362,,,,sci-fi
my-uncle-the-alien-vhs-5,My Uncle the Alien,<p>5</p>,VHS,Media > Videos,"Floor Sale, VHS, Kids & Family, Formatted",Genre,Kids & Family,shopify,1,deny,manual,5.00,57441786,https://image.tmdb.org/t/p/w1280/wEAUdeey6vnAt5JeJtv25omR5vt.jpg,,My Uncle the Alien (1996) poster,kids-family
norman-loves-rose-vhs-7,Norman Loves Rose,<p>7</p>,VHS,Media > Videos,"Floor Sale, VHS, Comedy, Formatted",Genre,Comedy,shopify,1,deny,manual,7.00,56393210,https://image.tmdb.org/t/p/w1280/twTg1MEYArYCt0GEJCDC6ocNL9c.jpg,,Norman Loves Rose (1982) poster,comedy
the-night-before-vhs-7,The Night Before,<p>7</p>,VHS,Media > Videos,"Floor Sale, VHS, Comedy, Formatted",Genre,Comedy,shopify,1,deny,manual,7.00,55967226,,,,comedy
dangerous-game-vhs-14,Dangerous Game,<p>14</p>,VHS,Media > Videos,"Floor Sale, VHS, Drama, Formatted",Genre,Drama,shopify,1,deny,manual,14.00,55639546,,,,drama
ace-ventura-vhs-7,Ace Ventura,<p>7</p>,VHS,Media > Videos,"Floor Sale, VHS, Comedy, Formatted",Genre,Comedy,shopify,1,deny,manual,7.00,51707386,,,,comedy
seeking-asylum-vhs-7,Seeking Asylum,<p>7</p>,VHS,Media > Videos,"Floor Sale, VHS, Foreign, Formatted",Genre,Foreign,shopify,1,deny,manual,7.00,51248634,,,,foreign
cats-eye-vhs-rental-horror,Cat's Eye,,VHS,Media > Videos,"Rental, VHS, Horror, Formatted",Genre,Horror,shopify,1,deny,manual,0,42761722,,,,horror
not-of-this-earth-vhs-rental-sci-fi,Not of this Earth,,VHS,Media > Videos,"Rental, VHS, Sci-Fi, Formatted",Genre,Sci-Fi,shopify,1,deny,manual,0,42728954,,,,sci-fi
buck-rogers-in-the-25th-century-vhs-rental-sci-fi,Buck Rogers in the 25th Century,,VHS,Media > Videos,"Rental, VHS, Sci-Fi, Formatted",Genre,Sci-Fi,shopify,1,deny,manual,0,42008058,,,,sci-fi
alice-and-martin-vhs-rental-drama,Alice and Martin,"<p>Martin, the illegitimate son of an industrialist and a hairdresser, was sent to live with his wealthy father in the countryside as a young boy. Alice is a musician living with Martin's half-brother in Paris. When Martin shows up at Alice's door after fleeing his father's home under troubled circumstances, their lives become intertwined.</p>",VHS,Media > Videos,"Rental, VHS, Drama, Formatted",Genre,Drama,shopify,1,deny,manual,0,41713146,https://image.tmdb.org/t/p/w1280/9IwtR0iolypfZbDrPk3xB7A9fKh.jpg,,Alice and Martin (1998) poster,drama
breaking-free-vhs-rental-drama,Breaking Free,,VHS,Media > Videos,"Rental, VHS, Drama, Formatted",Genre,Drama,shopify,1,deny,manual,0,40828410,,,,drama
bride-of-the-wind-vhs-rental-drama,Bride of the Wind,,VHS,Media > Videos,"Rental, VHS, Drama, Formatted",Genre,Drama,shopify,1,deny,manual,0,39845370,,,,drama
a-mothers-prayer-vhs-rental-drama,A Mother's Prayer,,VHS,Media > Videos,"Rental, VHS, Drama, Formatted",Genre,Drama,shopify,1,deny,manual,0,38862330,,,,drama
where-the-rivers-flow-north-vhs-rental-drama,Where the Rivers Flow North,"<p>A lone wolf logger fights developers, bankers and the modern world to maintain his way of life.</p>",VHS,Media > Videos,"Rental, VHS, Drama, Formatted",Genre,Drama,shopify,1,deny,manual,0,38534650,https://image.tmdb.org/t/p/w1280/87lueasuEYolP8OqmIPh1lp7W3i.jpg,,Where the Rivers Flow North (1993) poster,drama
drop-dead-fred-vhs-rental-kids-family,Drop Dead Fred,"<p>An unhappy housewife gets a lift from the return of her imaginary childhood friend, Drop Dead Fred.</p>",VHS,Media > Videos,"Rental, VHS, Kids & Family, Formatted",Genre,Kids & Family,shopify,1,deny,manual,0,37617146,https://image.tmdb.org/t/p/w1280/v2kadCRcRdq8a0aRbQg4yVk3Xmd.jpg,,Drop Dead Fred (1991) poster,kids-family
the-beautitian-and-the-beast-vhs-rental-kids-family,The Beautitian and the Beast,,VHS,Media > Videos,"Rental, VHS, Kids & Family, Formatted",Genre,Kids & Family,shopify,1,deny,manual,0,36634106,,,,kids-family
paulie-vhs-rental-kids-family,Paulie,,VHS,Media > Videos,"Rental, VHS, Kids & Family, Formatted",Genre,Kids & Family,shopify,1,deny,manual,0,35618298,,,,kids-family
three-men-and-a-baby-vhs-rental-kids-family,Three Men and a Baby,<p>Remake of the 1987 film that put three bachelors in charge of a baby left by the girlfriend of one of them.</p>,VHS,Media > Videos,"Rental, VHS, Kids & Family, Formatted",Genre,Kids & Family,shopify,1,deny,manual,0,35257850,https://image.tmdb.org/t/p/w1280/97KHf9lPWs3HL7IXkBttsexLdDC.jpg,,Three Men and a Baby poster,kids-family
clarence-vhs-rental-kids-family,Clarence,,VHS,Media > Videos,"Rental, VHS, Kids & Family, Formatted",Genre,Kids & Family,shopify,1,deny,manual,0,34373114,,,,kids-family
cop-and-a-half-vhs-rental-kids-family,Cop and a Half,,VHS,Media > Videos,"Rental, VHS, Kids & Family, Formatted",Genre,Kids & Family,shopify,1,deny,manual,0,33390074,,,,kids-family
cats-dogs-vhs-rental-kids-family,Cats & Dogs,,VHS,Media > Videos,"Rental, VHS, Kids & Family, Formatted",Genre,Kids & Family,shopify,1,deny,manual,0,32570874,,,,kids-family
no-escape-vhs-rental-action,No Escape,,VHS,Media > Videos,"Rental, VHS, Action, Formatted",Genre,Action,shopify,1,deny,manual,0,14499834,,,,action
charlies-angels-vhs-rental-action,Charlie's Angels,,VHS,Media > Videos,"Rental, VHS, Action, Formatted",Genre,Action,shopify,1,deny,manual,0,14139386,,,,action
breaking-loose-vhs-rental-action,Breaking Loose,,VHS,Media > Videos,"Rental, VHS, Action, Formatted",Genre,Action,shopify,1,deny,manual,0,13254650,,,,action
rebel-run-vhs-rental-action,Rebel Run,,VHS,Media > Videos,"Rental, VHS, Action, Formatted",Genre,Action,shopify,1,deny,manual,0,09650170,,,,action
dances-with-wolves-vhs-rental-action,Dances with Wolves,"<p>Wounded Civil War soldier John Dunbar tries to commit suicide—and becomes a hero instead. As a reward, he's assigned to his dream post, a remote junction on the Western frontier, and soon makes unlikely friends with the local Sioux tribe.</p>",VHS,Media > Videos,"Rental, VHS, Action, Formatted",Genre,Action,shopify,1,deny,manual,0,08994810,https://image.tmdb.org/t/p/w1280/hw0ZEHAaTqTxSXGVwUFX7uvanSA.jpg,,Dances with Wolves (1990) poster,action
angels-dont-sleep-here-vhs-rental-action,Angels Don't Sleep Here,<p>A man is accused of murder and manipulated into a web of deceit as his thought-to-be dead twin brother plots revenge on those who tried to kill him.</p>,VHS,Media > Videos,"Rental, VHS, Action, Formatted",Genre,Action,shopify,1,deny,manual,0,08339450,https://image.tmdb.org/t/p/w1280/8Ln0d3mIOo6pxO7j4mdqaWqfPdl.jpg,,Angels Don't Sleep Here (2002) poster,action
molly-gina-vhs-rental-action,Molly & Gina,,VHS,Media > Videos,"Rental, VHS, Action, Formatted",Genre,Action,shopify,1,deny,manual,0,08306682,,,,action
biker-boyz-vhs-rental-action,Biker Boyz,"<p>A mythic motorcycle tale of father and son, this is the story of Manuel Galloway, also known as ""the King of Cali"", the president of a motorcycle club whose members are all African-American men, mostly white-collar workers who exchange their suits and ties at night and on weekends for leather outfits and motorcycle helmets.</p>",VHS,Media > Videos,"Rental, VHS, Action, Formatted",Genre,Action,shopify,1,deny,manual,0,07651322,https://image.tmdb.org/t/p/w1280/frb2Tk7DTBshZ61Or0D3M1kslWL.jpg,,Biker Boyz (2003) poster,action
butch-cassidy-and-the-sundance-kid-vhs-rental-action,Butch Cassidy and the Sundance Kid,,VHS,Media > Videos,"Rental, VHS, Action, Formatted",Genre,Action,shopify,1,deny,manual,0,07585786,,,,action
lara-croft-tomb-raider-vhs-rental-action,Lara Croft: Tomb Raider,"<p>Orphaned heiress, English aristocrat and intrepid archaeologist, Lara Croft, embarks on a dangerous quest to retrieve the two halves of an ancient artifact which controls time before it falls into the wrong hands. As an extremely rare planetary alignment is about to occur for the first time in 5,000 years, the fearless tomb raider will have to team up with rival adventurers and sworn enemies to collect the pieces, while time is running out. But, in the end, who can harness the archaic talisman's unlimited power?</p>",VHS,Media > Videos,"Rental, VHS, Action, Formatted",Genre,Action,shopify,1,deny,manual,0,06897658,https://image.tmdb.org/t/p/w1280/sJpl1EfHGZhbKtZ3fWTlwrpM1tH.jpg,,Lara Croft: Tomb Raider (2001) poster,action
the-banger-sisters-vhs-rental-comedy,The Banger Sisters,"<p>In the late '60s, the self-proclaimed belles of the rock 'n' roll ball, rocked the worlds of every music legend whose pants they could take off -- and they have the pictures to prove it. But it's been more than two decades since the Banger Sisters earned their nickname -- or even laid eyes on each other. Their reunion is the collision of two women's worlds; one who's living in the past, and one who's hiding from it. Together they learn to live in the moment.</p>",VHS,Media > Videos,"Rental, VHS, Comedy, Formatted",Genre,Comedy,shopify,1,deny,manual,0,22529018,https://image.tmdb.org/t/p/w1280/pQ7XoEqroHcCQVKP9Xo8JpujuHU.jpg,,The Banger Sisters (2002) poster,comedy
big-trouble-vhs-rental-comedy,Big Trouble,,VHS,Media > Videos,"Rental, VHS, Comedy, Formatted",Genre,Comedy,shopify,1,deny,manual,0,22365178,,,,comedy
billys-hollywood-screen-kiss-vhs-rental-comedy,Billy's Hollywood Screen Kiss,"<p>Billy Collier is a photographer working on a series of pictures featuring recreations of movie kisses, with drag queens playing the female roles. For his male model, he hires Gabriel, a young waiter on whom he has developed a serious crush. While Billy is openly gay, Gabriel says that he is straight and even claims to have a girlfriend. However, as they spend more time together and grow closer, Billy becomes increasingly unsure that this is true.</p>",VHS,Media > Videos,"Rental, VHS, Comedy, Formatted",Genre,Comedy,shopify,1,deny,manual,0,21709818,https://image.tmdb.org/t/p/w1280/dUj3KciCFdOPnyavPzhYbbpIHv5.jpg,,Billy's Hollywood Screen Kiss (1998) poster,comedy
memories-of-me-vhs-rental-comedy,Memories of Me,"<p>After a heart attack, Abbie Polin (Crystal), a New York doctor, goes to Los Angeles to see his father, Abe (King), who works in Hollywood as the ""king of the extras."" Their relationship has been strained for several years. Lisa, the romantic interest in Abbie's life, bonds with Abe, who gets along famously with everyone but his son. Abe begins having memory loss and eventually is diagnosed with a brain aneurysm. He and his son grow closer in time and, before it's too late, Abbie tries to get Abe a speaking role in a film.</p>",VHS,Media > Videos,"Rental, VHS, Comedy, Formatted",Genre,Comedy,shopify,1,deny,manual,0,21677050,https://image.tmdb.org/t/p/w1280/sveCOcLBNrUPzcgEGrcRzdqfCvH.jpg,,Memories of Me (1988) poster,comedy
pros-cons-vhs-rental-comedy,Pros & Cons,,VHS,Media > Videos,"Rental, VHS, Comedy, Formatted",Genre,Comedy,shopify,1,deny,manual,0,21021690,,,,comedy
trading-hearts-vhs-rental-comedy,Trading Hearts,"<p>A baseball-loving small girl decides to hook up her favorite down-on-his-luck baseball player and her mom, a down-on-her-luck lounge singer. Then her controlling rich granddad tries to force her mother to send the girl to live with him.</p>",VHS,Media > Videos,"Rental, VHS, Comedy, Formatted",Genre,Comedy,shopify,1,deny,manual,0,20366330,https://image.tmdb.org/t/p/w1280/6FGGYjsKxwzWDIzAAVNxKOOWXGl.jpg,,Trading Hearts (1988) poster,comedy
brain-donors-vhs-rental-comedy,Brain Donors,"<p>Three manic idiots—a lawyer, a cab driver and a handyman—team up to run a ballet company to fulfil the will of a millionaire. Stooge-like antics result as the trio try to outwit the rich widow and her scheming big-shot lawyer, who also wants to run the ballet.</p>",VHS,Media > Videos,"Rental, VHS, Comedy, Formatted",Genre,Comedy,shopify,1,deny,manual,0,20333562,https://image.tmdb.org/t/p/w1280/r928uiKrN1mvPrqyHy2djLUBlAe.jpg,,Brain Donors (1992) poster,comedy
blazing-saddles-vhs-rental-comedy,Blazing Saddles,"<p>Crafty railroad worker Bart becomes the first Black sheriff of Rock Ridge, a frontier town about to be destroyed in order to make way for a new railroad. Initially, the citizens of Rock Ridge harbor a racial bias toward their new protector. However, they warm to him after realizing that Bart and his perpetually drunk gunfighter friend Jim are their only defense against a wave of thugs sent to rid the town of its population.</p>",VHS,Media > Videos,"Rental, VHS, Comedy, Formatted",Genre,Comedy,shopify,1,deny,manual,0,20038650,https://image.tmdb.org/t/p/w1280/vNw1gOEDdYTDeNMuuq8OmiEHrfH.jpg,,Blazing Saddles (1974) poster,comedy
notting-hill-vhs-rental-comedy,Notting Hill,<p>London bookstore owner William Thacker's quiet life turns upside down when a chance encounter with famous actress Anna Scott sparks an unlikely romance challenged by their vastly different worlds.</p>,VHS,Media > Videos,"Rental, VHS, Comedy, Formatted",Genre,Comedy,shopify,1,deny,manual,0,19383290,https://image.tmdb.org/t/p/w1280/hHRIf2XHeQMbyRb3HUx19SF5Ujw.jpg,,Notting Hill (1999) poster,comedy
miss-firecracker-vhs-rental-comedy,Miss Firecracker,"<p>Unhappy Carnelle Scott is desperate to escape her reputation as Yazoo City's 'Miss Hot Tamale.' She throws herself into a do-or-die effort to win the Mississippi town's big talent contest, an honor won ten years ago by her older sister and unattainable role model Elain.</p>",VHS,Media > Videos,"Rental, VHS, Comedy, Formatted",Genre,Comedy,shopify,1,deny,manual,0,18727930,https://image.tmdb.org/t/p/w1280/pgCceswgp74CKtss7JmdtXDljiD.jpg,,Miss Firecracker (1989) poster,comedy
clean-slate-vhs-rental-comedy,Clean Slate,,VHS,Media > Videos,"Rental, VHS, Comedy, Formatted",Genre,Comedy,shopify,1,deny,manual,0,18072570,,,,comedy
the-squeeze-vhs-rental-comedy,The Squeeze,,VHS,Media > Videos,"Rental, VHS, Comedy, Formatted",Genre,Comedy,shopify,1,deny,manual,0,18039802,,,,comedy
beautiful-girls-vhs-rental-comedy,Beautiful Girls,"<p>During a snowy winter in the small fictional town of Knight's Ridge, Massachusetts, a group of lifelong buddies hang out, drink and struggle to connect with the women who affect their decisions, dreams and desires.</p>",VHS,Media > Videos,"Rental, VHS, Comedy, Formatted",Genre,Comedy,shopify,1,deny,manual,0,17384442,https://image.tmdb.org/t/p/w1280/sHcx1fBmrtZYvFmUywU0d5cvIFd.jpg,,Beautiful Girls (1996) poster,comedy
almost-vhs-rental-comedy,...Almost,,VHS,Media > Videos,"Rental, VHS, Comedy, Formatted",Genre,Comedy,shopify,1,deny,manual,0,17318906,,,,comedy
brassed-off-vhs-rental-comedy,Brassed OFF!,"<p>A Yorkshire coal mine is threatened with closure and the only hope is for the men to enter their Grimley Colliery Brass Band into a national competition. They believe they have no hope until Gloria appears carrying her Flugelhorn. At first mocked for being a woman, she soon becomes the only chance for the band to win.</p>",VHS,Media > Videos,"Rental, VHS, Comedy, Formatted",Genre,Comedy,shopify,1,deny,manual,0,16663546,https://image.tmdb.org/t/p/w1280/qS2cZYWn2jlQs4Ej5O42LVIANQB.jpg,,Brassed OFF! (1996) poster,comedy
whipped-vhs-rental-comedy,Whipped,,VHS,Media > Videos,"Rental, VHS, Comedy, Formatted",Genre,Comedy,shopify,1,deny,manual,0,16008186,,,,comedy
dangerous-orphans-vhs-rental-thriller,Dangerous Orphans,"<p>Three orphaned boys - O'Malley, Rossi and Moir - become blood  brothers. When they grow up, they plot revenge on the crooks who  got away with shooting O'Malley's father. The crooks are doing  very nicely importing heroin and laundering money. The boys begin  by killing one of the crooks, stealing his indentification and  cleaning out the guy's Swiss bank account. But their revenge does  not stop here... And the American end of the operation is getting  very curious.</p>",VHS,Media > Videos,"Rental, VHS, Thriller, Formatted",Genre,Thriller,shopify,1,deny,manual,0,30885882,https://image.tmdb.org/t/p/w1280/rRWKYqlaKPcJiYURNvxNmawjfat.jpg,,Dangerous Orphans (1985) poster,thriller
catherines-grove-vhs-rental-thriller,Catherine's Grove,"<p>Undercover cop Doyle is working on a serial killer case that's left a trail of dead transvestites. Then, moonlighting as a private eye, Doyle and his girlfriend are hired by a rich young man to find his sister. The search leads to her mysterious uncle, and the possibility of becoming the killer's next victim.</p>",VHS,Media > Videos,"Rental, VHS, Thriller, Formatted",Genre,Thriller,shopify,1,deny,manual,0,30853114,https://image.tmdb.org/t/p/w1280/xDHF3F1q44VmwHbdPUYTIxQJzDX.jpg,,Catherine's Grove (1997) poster,thriller
the-body-vhs-rental-thriller,The Body,,VHS,Media > Videos,"Rental, VHS, Thriller, Formatted",Genre,Thriller,shopify,1,deny,manual,0,30197754,,,,thriller
tracks-of-a-killer-vhs-rental-thriller,Tracks of a Killer,"<p>Business mogul David Hawkner and his wife are enjoying a quiet vacation by themselves at their isolated retreat. The serenity is broken when they become the targets of a handsome, crazed killer.</p>",VHS,Media > Videos,"Rental, VHS, Thriller, Formatted",Genre,Thriller,shopify,1,deny,manual,0,29542394,https://image.tmdb.org/t/p/w1280/vTWIIIivo3t3s8ldbnrRkN7gR6L.jpg,,Tracks of a Killer (1996) poster,thriller
clean-shaven-vhs-rental-thriller,Clean Shaven,"<p>Peter Winter is a young schizophrenic who is desperately trying to get his daughter back from her adoptive family. He attempts to function in a world that, for him, is filled with strange voices, electrical noise, disconcerting images, and jarringly sudden emotional shifts. During his quest, he runs afoul of the law and an ongoing murder investigation.</p>",VHS,Media > Videos,"Rental, VHS, Thriller, Formatted",Genre,Thriller,shopify,1,deny,manual,0,29476858,https://image.tmdb.org/t/p/w1280/kpMXYy0L2GHrIVyDF0HkEiDK1Wd.jpg,,Clean Shaven (1995) poster,thriller
monsieur-hire-vhs-rental-thriller,Monsieur Hire,"<p>A French man spies on a lovely younger woman across the way. When he's spotted by the woman shortly after being questioned by the police about a local murder, the man's simple life becomes more complicated.</p>",VHS,Media > Videos,"Rental, VHS, Thriller, Formatted",Genre,Thriller,shopify,1,deny,manual,0,28788730,https://image.tmdb.org/t/p/w1280/kMsBEphWESeTs4uUAuPpjkIFSKg.jpg,,Monsieur Hire (1989) poster,thriller
southie-vhs-rental-thriller,Southie,"<p>South Boston Irish bad boy Danny Quinn returns back home from New York and gets stuck between his pals, who are supported by one Irish mafia clan, and his family, which are members of another.</p>",VHS,Media > Videos,"Rental, VHS, Thriller, Formatted",Genre,Thriller,shopify,1,deny,manual,0,28133370,https://image.tmdb.org/t/p/w1280/a67OFrGDa7KYkqPJNyqFgWmUKqI.jpg,,Southie (1998) poster,thriller
nomads-vhs-rental-thriller,Nomads,,VHS,Media > Videos,"Rental, VHS, Thriller, Formatted",Genre,Thriller,shopify,1,deny,manual,0,28100602,,,,thriller
breach-of-conduct-vhs-rental-thriller,Breach of Conduct,<p>Helen attracts the unwanted attention of the commander of her husband's new army base. Colonel Andrew Case arranges to have Helen's husband travel on base business so that he can force Helen to be his new plaything. Helen fights back.</p>,VHS,Media > Videos,"Rental, VHS, Thriller, Formatted",Genre,Thriller,shopify,1,deny,manual,0,27379706,https://image.tmdb.org/t/p/w1280/uMpj9S2JHg8keR22KqqxMkbNJHB.jpg,,Breach of Conduct (1994) poster,thriller
back-in-the-ussr-vhs-rental-thriller,Back in the USSR,<p>A vacationing American and a sultry Russian thief lead police and smugglers on a deadly chase through Moscow.</p>,VHS,Media > Videos,"Rental, VHS, Thriller, Formatted",Genre,Thriller,shopify,1,deny,manual,0,26724346,https://image.tmdb.org/t/p/w1280/h8QKMt5m5daEyV3gYcxi59NxqQo.jpg,,Back in the USSR (1992) poster,thriller
betrayed-vhs-rental-thriller,Betrayed,,VHS,Media > Videos,"Rental, VHS, Thriller, Formatted",Genre,Thriller,shopify,1,deny,manual,0,26691578,,,,thriller
taking-lives-dvd-rental-thriller,Taking Lives,"<p>Recruited to assist Montreal police in their desperate search for a serial killer who assumes the identities of his victims, FBI profiler Illeana Scott knows it's only a matter of time before the killer strikes again. Her most promising lead is a museum employee who might be the killer's only eyewitness.</p>",DVD,Media > Videos,"Rental, DVD, Thriller, Formatted",Genre,Thriller,shopify,1,deny,manual,0,45517306,https://image.tmdb.org/t/p/w1280/zeFGOS1kj0CxuZjGhtK3WlMCYsa.jpg,,Taking Lives (2004) poster,thriller
john-q-dvd-rental-thriller,John Q.,"<p>John Quincy Archibald is a father and husband whose son is diagnosed with an enlarged heart and then finds out he cannot receive a transplant because HMO insurance will not cover it. Therefore, he decides to take a hospital full of patients hostage until the hospital puts his son's name on the donor's list.</p>",DVD,Media > Videos,"Rental, DVD, Thriller, Formatted",Genre,Thriller,shopify,1,deny,manual,0,45484538,https://image.tmdb.org/t/p/w1280/xEE91LvXiqgs7Hmdl44LCzHtFf6.jpg,,John Q. (2002) poster,thriller
kidnap-dvd-rental-thriller,Kidnap,,DVD,Media > Videos,"Rental, DVD, Thriller, Formatted",Genre,Thriller,shopify,1,deny,manual,0,44829178,,,,thriller
vanishing-on-7th-street-dvd-rental-thriller,Vanishing on 7th Street,"<p>A mysterious global blackout yields countless populations to simply vanish, leaving only their clothes and possessions behind. A small handful of survivors band together in a dimly-lit tavern on 7th Street, struggling to combat the apocalyptic horror. Realizing they may in fact be the last people on earth, a dark shadow hones in on them alone.</p>",DVD,Media > Videos,"Rental, DVD, Thriller, Formatted",Genre,Thriller,shopify,1,deny,manual,0,44796410,https://image.tmdb.org/t/p/w1280/8LkZFmL2UHbmP7UnjlRP5gqvvqh.jpg,,Vanishing on 7th Street (2010) poster,thriller
american-dream-dvd-rental-thriller,American Dream,,DVD,Media > Videos,"Rental, DVD, Thriller, Formatted",Genre,Thriller,shopify,1,deny,manual,0,44141050,,,,thriller
rogue-dvd-rental-thriller,Rogue,,DVD,Media > Videos,"Rental, DVD, Thriller, Formatted",Genre,Thriller,shopify,1,deny,manual,0,43485690,,,,thriller
the-gateway-dvd-rental-thriller,The Gateway,,DVD,Media > Videos,"Rental, DVD, Thriller, Formatted",Genre,Thriller,shopify,1,deny,manual,0,43452922,,,,thriller
stone-cold-dvd-rental-thriller,Stone Cold,,DVD,Media > Videos,"Rental, DVD, Thriller, Formatted",Genre,Thriller,shopify,1,deny,manual,0,42764794,,,,thriller
double-feature-the-last-castle-the-peacemaker-dvd-rental-thriller,"Double Feature: The Last Castle, The Peacemaker",,DVD,Media > Videos,"Rental, DVD, Thriller, Formatted",Genre,Thriller,shopify,1,deny,manual,0,42732026,,,,thriller
hitman-dvd-rental-thriller,Hitman,,DVD,Media > Videos,"Rental, DVD, Thriller, Formatted",Genre,Thriller,shopify,1,deny,manual,0,42076666,,,,thriller
